ISO-10303-21;
HEADER;
FILE_DESCRIPTION (( 'STEP AP214' ),
    '1' );
FILE_NAME ('2 Segment Subtap.STEP',
    '2026-09-02T22:59:40',
    ( '' ),
    ( '' ),
    'SwSTEP 2.0',
    'SolidWorks 2024',
    '' );
FILE_SCHEMA (( 'AUTOMOTIVE_DESIGN' ));
ENDSEC;

DATA;
#1 = CARTESIAN_POINT ( 'NONE',  ( -51.62500000000000000, 7.500000000000000000, -10.49625977300446067 ) ) ;
#2 = AXIS2_PLACEMENT_3D ( 'NONE', #6561, #169, #5944 ) ;
#3 = DIRECTION ( 'NONE',  ( -0.2386847610229713423, 0.8323926831162092865, -0.5001519828512179799 ) ) ;
#4 = ORIENTED_EDGE ( 'NONE', *, *, #4538, .F. ) ;
#5 = VECTOR ( 'NONE', #3337, 1000.000000000000114 ) ;
#6 = VECTOR ( 'NONE', #1147, 1000.000000000000114 ) ;
#7 = LINE ( 'NONE', #4993, #5135 ) ;
#8 = DIRECTION ( 'NONE',  ( 1.000000000000000000, 0.000000000000000000, 0.000000000000000000 ) ) ;
#9 = DIRECTION ( 'NONE',  ( -0.000000000000000000, -0.2756373558170023830, -0.9612616959383180060 ) ) ;
#10 = CARTESIAN_POINT ( 'NONE',  ( 57.19185245480486657, 10.49999999999999822, 36.19185245480491631 ) ) ;
#11 = AXIS2_PLACEMENT_3D ( 'NONE', #7363, #434, #4261 ) ;
#12 = CARTESIAN_POINT ( 'NONE',  ( 61.85875721063607102, 9.899999999999975486, -33.78768939877064525 ) ) ;
#13 = ORIENTED_EDGE ( 'NONE', *, *, #5021, .T. ) ;
#14 = LINE ( 'NONE', #517, #5071 ) ;
#15 = VECTOR ( 'NONE', #1539, 1000.000000000000000 ) ;
#16 = VERTEX_POINT ( 'NONE', #2075 ) ;
#17 = DIRECTION ( 'NONE',  ( 0.2386847610229714811, -0.8323926831162096196, 0.5001519828512174248 ) ) ;
#18 = EDGE_CURVE ( 'NONE', #1740, #7918, #2689, .T. ) ;
#19 = EDGE_CURVE ( 'NONE', #1754, #4515, #1543, .T. ) ;
#20 = ADVANCED_FACE ( 'NONE', ( #3389 ), #303, .T. ) ;
#21 = ORIENTED_EDGE ( 'NONE', *, *, #7754, .T. ) ;
#22 = ORIENTED_EDGE ( 'NONE', *, *, #3934, .F. ) ;
#23 = CARTESIAN_POINT ( 'NONE',  ( 51.62500000000000000, 10.53731005528969256, -33.62500000000000000 ) ) ;
#24 = DIRECTION ( 'NONE',  ( 0.2657276780299913099, 0.9267025424900799946, 0.2657276780299913099 ) ) ;
#25 = DIRECTION ( 'NONE',  ( -0.9612616959383174509, -0.2756373558170042704, 0.000000000000000000 ) ) ;
#26 = ORIENTED_EDGE ( 'NONE', *, *, #5903, .T. ) ;
#27 = ORIENTED_EDGE ( 'NONE', *, *, #456, .F. ) ;
#28 = VECTOR ( 'NONE', #3135, 1000.000000000000000 ) ;
#29 = AXIS2_PLACEMENT_3D ( 'NONE', #2099, #4445, #7004 ) ;
#30 = ORIENTED_EDGE ( 'NONE', *, *, #7415, .F. ) ;
#31 = EDGE_CURVE ( 'NONE', #4616, #4570, #5208, .T. ) ;
#32 = VERTEX_POINT ( 'NONE', #5778 ) ;
#33 = DIRECTION ( 'NONE',  ( 0.5001519828512182020, 0.8323926831162096196, 0.2386847610229694550 ) ) ;
#34 = FACE_OUTER_BOUND ( 'NONE', #626, .T. ) ;
#35 = DIRECTION ( 'NONE',  ( -0.000000000000000000, 0.9612616959383174509, 0.2756373558170039373 ) ) ;
#36 = EDGE_CURVE ( 'NONE', #5046, #5137, #7193, .T. ) ;
#37 = DIRECTION ( 'NONE',  ( 0.5001519828512179799, 0.8323926831162092865, -0.2386847610229713423 ) ) ;
#38 = EDGE_CURVE ( 'NONE', #4047, #7701, #5907, .T. ) ;
#39 = EDGE_CURVE ( 'NONE', #7286, #3658, #6569, .T. ) ;
#40 = LINE ( 'NONE', #7521, #4312 ) ;
#41 = CARTESIAN_POINT ( 'NONE',  ( -7.503740226995931017, 7.500000000000000000, -33.62500000000000000 ) ) ;
#42 = VECTOR ( 'NONE', #6548, 1000.000000000000114 ) ;
#43 = VERTEX_POINT ( 'NONE', #4666 ) ;
#44 = CARTESIAN_POINT ( 'NONE',  ( 35.37467487046910719, 10.53731005528973164, -33.62500000000000000 ) ) ;
#45 = LINE ( 'NONE', #5077, #4688 ) ;
#46 = PLANE ( 'NONE',  #5128 ) ;
#47 = DIRECTION ( 'NONE',  ( -1.000000000000000000, 0.000000000000000000, 0.000000000000000000 ) ) ;
#48 = LINE ( 'NONE', #4494, #4867 ) ;
#49 = VECTOR ( 'NONE', #6536, 1000.000000000000000 ) ;
#50 = ORIENTED_EDGE ( 'NONE', *, *, #3056, .F. ) ;
#51 = DIRECTION ( 'NONE',  ( -0.8571673007021120005, 0.5150380749100545996, 0.000000000000000000 ) ) ;
#52 = ORIENTED_EDGE ( 'NONE', *, *, #5924, .T. ) ;
#53 = CARTESIAN_POINT ( 'NONE',  ( 60.72738636073759722, 10.49999999999999822, 32.65631854887216434 ) ) ;
#54 = ORIENTED_EDGE ( 'NONE', *, *, #6143, .T. ) ;
#55 = ORIENTED_EDGE ( 'NONE', *, *, #4938, .F. ) ;
#56 = DIRECTION ( 'NONE',  ( 0.000000000000000000, -0.2756373558170042704, 0.9612616959383174509 ) ) ;
#57 = CARTESIAN_POINT ( 'NONE',  ( -8.449999999999999289, 10.80000000000000071, 35.44999999999961204 ) ) ;
#58 = DIRECTION ( 'NONE',  ( 0.000000000000000000, 0.000000000000000000, 1.000000000000000000 ) ) ;
#59 = EDGE_CURVE ( 'NONE', #5700, #6284, #3351, .T. ) ;
#60 = DIRECTION ( 'NONE',  ( -0.7071067811865452413, 0.000000000000000000, 0.7071067811865497932 ) ) ;
#61 = EDGE_CURVE ( 'NONE', #6371, #5680, #7685, .T. ) ;
#62 = ORIENTED_EDGE ( 'NONE', *, *, #113, .F. ) ;
#63 = ORIENTED_EDGE ( 'NONE', *, *, #7307, .T. ) ;
#64 = VECTOR ( 'NONE', #4937, 1000.000000000000000 ) ;
#65 = ORIENTED_EDGE ( 'NONE', *, *, #3024, .T. ) ;
#66 = VECTOR ( 'NONE', #2491, 1000.000000000000227 ) ;
#67 = ORIENTED_EDGE ( 'NONE', *, *, #1616, .F. ) ;
#68 = VERTEX_POINT ( 'NONE', #7107 ) ;
#69 = CARTESIAN_POINT ( 'NONE',  ( -53.44999999999999574, 10.80000000000000071, 35.44999999999961204 ) ) ;
#70 = DIRECTION ( 'NONE',  ( 0.000000000000000000, 0.000000000000000000, 1.000000000000000000 ) ) ;
#71 = EDGE_CURVE ( 'NONE', #1423, #2738, #922, .T. ) ;
#73 = EDGE_CURVE ( 'NONE', #5236, #5223, #4543, .T. ) ;
#72 = DIRECTION ( 'NONE',  ( -1.000000000000000000, 0.000000000000000000, 0.000000000000000000 ) ) ;
#74 = CARTESIAN_POINT ( 'NONE',  ( 52.80943399447264852, 8.566080860090394822, 25.80943399447225417 ) ) ;
#75 = CARTESIAN_POINT ( 'NONE',  ( -51.62500000000000711, 10.53731005528969256, -0.6253251295312847180 ) ) ;
#76 = VECTOR ( 'NONE', #1250, 1000.000000000000114 ) ;
#77 = DIRECTION ( 'NONE',  ( 1.000000000000000000, -0.000000000000000000, -0.000000000000000000 ) ) ;
#78 = ORIENTED_EDGE ( 'NONE', *, *, #2271, .T. ) ;
#79 = EDGE_CURVE ( 'NONE', #5130, #1523, #7062, .T. ) ;
#80 = EDGE_CURVE ( 'NONE', #3891, #1271, #6442, .T. ) ;
#81 = DIRECTION ( 'NONE',  ( -0.000000000000000000, 0.000000000000000000, 1.000000000000000000 ) ) ;
#82 = DIRECTION ( 'NONE',  ( 0.000000000000000000, 0.000000000000000000, -1.000000000000000000 ) ) ;
#83 = DIRECTION ( 'NONE',  ( 0.5000000000000058842, -0.7071067811865415775, -0.5000000000000026645 ) ) ;
#84 = LINE ( 'NONE', #2596, #5787 ) ;
#85 = EDGE_CURVE ( 'NONE', #2401, #5638, #5247, .T. ) ;
#86 = CARTESIAN_POINT ( 'NONE',  ( -2.375000000000005773, 10.80000000000000426, 33.62500000000000000 ) ) ;
#87 = ORIENTED_EDGE ( 'NONE', *, *, #4731, .F. ) ;
#88 = CARTESIAN_POINT ( 'NONE',  ( 0.000000000000000000, 8.566080860090853122, 34.80943399447238562 ) ) ;
#89 = VERTEX_POINT ( 'NONE', #2816 ) ;
#90 = ADVANCED_FACE ( 'NONE', ( #5824 ), #178, .F. ) ;
#91 = FACE_OUTER_BOUND ( 'NONE', #1098, .T. ) ;
#92 = AXIS2_PLACEMENT_3D ( 'NONE', #3935, #6504, #856 ) ;
#93 = EDGE_LOOP ( 'NONE', ( #2928, #7241, #4063, #3805 ) ) ;
#94 = VERTEX_POINT ( 'NONE', #883 ) ;
#95 = LINE ( 'NONE', #1185, #6734 ) ;
#96 = PLANE ( 'NONE',  #5802 ) ;
#97 = DIRECTION ( 'NONE',  ( 0.2657276780299913099, 0.9267025424900799946, 0.2657276780299913099 ) ) ;
#98 = CARTESIAN_POINT ( 'NONE',  ( -57.99999999999999289, 7.500000000000000000, 8.000000000000000000 ) ) ;
#99 = PLANE ( 'NONE',  #4113 ) ;
#100 = ORIENTED_EDGE ( 'NONE', *, *, #8076, .F. ) ;
#101 = EDGE_LOOP ( 'NONE', ( #5493, #680, #820, #4145 ) ) ;
#102 = ORIENTED_EDGE ( 'NONE', *, *, #7674, .F. ) ;
#103 = DIRECTION ( 'NONE',  ( 0.000000000000000000, -0.2756373558170042704, 0.9612616959383174509 ) ) ;
#104 = VECTOR ( 'NONE', #861, 1000.000000000000000 ) ;
#105 = ORIENTED_EDGE ( 'NONE', *, *, #3317, .T. ) ;
#106 = ORIENTED_EDGE ( 'NONE', *, *, #2280, .T. ) ;
#107 = LINE ( 'NONE', #5715, #7436 ) ;
#108 = CARTESIAN_POINT ( 'NONE',  ( 5.067389764026899002, -0.9965637948165171345, -32.06738976402728980 ) ) ;
#109 = VECTOR ( 'NONE', #6562, 1000.000000000000114 ) ;
#110 = FACE_OUTER_BOUND ( 'NONE', #5998, .T. ) ;
#111 = PLANE ( 'NONE',  #6343 ) ;
#112 = DIRECTION ( 'NONE',  ( 0.2756373558170042704, -0.9612616959383174509, 0.000000000000000000 ) ) ;
#113 = EDGE_CURVE ( 'NONE', #7812, #1016, #2779, .T. ) ;
#114 = DIRECTION ( 'NONE',  ( -1.000000000000000000, 0.000000000000000000, 0.000000000000000000 ) ) ;
#115 = AXIS2_PLACEMENT_3D ( 'NONE', #980, #5515, #7459 ) ;
#116 = ORIENTED_EDGE ( 'NONE', *, *, #1058, .T. ) ;
#117 = ORIENTED_EDGE ( 'NONE', *, *, #7406, .F. ) ;
#118 = DIRECTION ( 'NONE',  ( 0.2657276780299913099, -0.9267025424900799946, 0.2657276780299913099 ) ) ;
#119 = CARTESIAN_POINT ( 'NONE',  ( -60.00000000000000000, 7.500000000000000000, 8.000000000000000000 ) ) ;
#120 = LINE ( 'NONE', #3872, #532 ) ;
#121 = CARTESIAN_POINT ( 'NONE',  ( 2.375000000000005773, 10.80000000000000426, 33.62500000000000000 ) ) ;
#122 = VECTOR ( 'NONE', #4210, 1000.000000000000114 ) ;
#123 = ORIENTED_EDGE ( 'NONE', *, *, #5718, .F. ) ;
#124 = PLANE ( 'NONE',  #7042 ) ;
#125 = EDGE_CURVE ( 'NONE', #2011, #1225, #6080, .T. ) ;
#126 = ORIENTED_EDGE ( 'NONE', *, *, #2604, .T. ) ;
#127 = AXIS2_PLACEMENT_3D ( 'NONE', #5849, #4032, #2591 ) ;
#128 = CARTESIAN_POINT ( 'NONE',  ( 57.89895923599141980, 10.49999999999999822, 36.89895923599146954 ) ) ;
#129 = AXIS2_PLACEMENT_3D ( 'NONE', #3362, #3982, #228 ) ;
#130 = VECTOR ( 'NONE', #1629, 1000.000000000000114 ) ;
#131 = EDGE_CURVE ( 'NONE', #6150, #217, #2414, .T. ) ;
#132 = DIRECTION ( 'NONE',  ( -0.5001519828512179799, 0.8323926831162092865, -0.2386847610229713423 ) ) ;
#133 = ORIENTED_EDGE ( 'NONE', *, *, #4427, .T. ) ;
#134 = DIRECTION ( 'NONE',  ( -1.000000000000000000, 0.000000000000000000, 0.000000000000000000 ) ) ;
#135 = DIRECTION ( 'NONE',  ( 0.000000000000000000, 0.000000000000000000, -1.000000000000000000 ) ) ;
#136 = CARTESIAN_POINT ( 'NONE',  ( 9.550000000000002487, 10.80000000000000071, 35.44999999999961204 ) ) ;
#137 = DIRECTION ( 'NONE',  ( -0.2657276780299913099, 0.9267025424900799946, 0.2657276780299913099 ) ) ;
#138 = VECTOR ( 'NONE', #5902, 1000.000000000000114 ) ;
#139 = DIRECTION ( 'NONE',  ( -0.000000000000000000, -0.000000000000000000, 1.000000000000000000 ) ) ;
#140 = EDGE_CURVE ( 'NONE', #5097, #2257, #6612, .T. ) ;
#141 = PLANE ( 'NONE',  #2445 ) ;
#142 = EDGE_CURVE ( 'NONE', #7383, #231, #1092, .T. ) ;
#143 = ORIENTED_EDGE ( 'NONE', *, *, #5179, .T. ) ;
#144 = VECTOR ( 'NONE', #8001, 1000.000000000000000 ) ;
#145 = ORIENTED_EDGE ( 'NONE', *, *, #7632, .F. ) ;
#146 = ORIENTED_EDGE ( 'NONE', *, *, #3302, .F. ) ;
#147 = LINE ( 'NONE', #6541, #3562 ) ;
#148 = CARTESIAN_POINT ( 'NONE',  ( -2.375000000000005773, 10.53731005528968723, -27.62532512953129427 ) ) ;
#150 = VECTOR ( 'NONE', #2732, 1000.000000000000114 ) ;
#149 = LINE ( 'NONE', #2661, #5031 ) ;
#151 = ORIENTED_EDGE ( 'NONE', *, *, #1156, .T. ) ;
#152 = VERTEX_POINT ( 'NONE', #474 ) ;
#153 = ORIENTED_EDGE ( 'NONE', *, *, #2903, .F. ) ;
#154 =( NAMED_UNIT ( * ) SI_UNIT ( $, .STERADIAN. ) SOLID_ANGLE_UNIT ( ) );
#155 = DIRECTION ( 'NONE',  ( -0.000000000000000000, -0.000000000000000000, 1.000000000000000000 ) ) ;
#156 = VECTOR ( 'NONE', #7169, 1000.000000000000114 ) ;
#157 = CARTESIAN_POINT ( 'NONE',  ( 10.19056600552723246, 8.566080860090847793, 34.80943399447237852 ) ) ;
#158 = FACE_OUTER_BOUND ( 'NONE', #6546, .T. ) ;
#159 = VECTOR ( 'NONE', #3286, 1000.000000000000114 ) ;
#160 = FACE_OUTER_BOUND ( 'NONE', #7310, .T. ) ;
#161 = EDGE_CURVE ( 'NONE', #4570, #7724, #4883, .T. ) ;
#162 = EDGE_CURVE ( 'NONE', #6607, #789, #6698, .T. ) ;
#163 = CARTESIAN_POINT ( 'NONE',  ( -61.00000000000000000, 10.49999999999999822, 8.000000000000000000 ) ) ;
#164 = CARTESIAN_POINT ( 'NONE',  ( 7.503740226995931017, 7.500000000000000000, -33.62500000000000000 ) ) ;
#165 = VERTEX_POINT ( 'NONE', #4094 ) ;
#166 = ORIENTED_EDGE ( 'NONE', *, *, #3423, .T. ) ;
#167 = CARTESIAN_POINT ( 'NONE',  ( 50.70289055386778898, 1.219690838746894768, -23.70289055386817267 ) ) ;
#168 = CARTESIAN_POINT ( 'NONE',  ( 58.32322330470334037, 9.699999999999974420, -37.32322330470339011 ) ) ;
#169 = DIRECTION ( 'NONE',  ( 0.000000000000000000, -0.2756373558170021609, 0.9612616959383181170 ) ) ;
#170 = VECTOR ( 'NONE', #5943, 1000.000000000000000 ) ;
#171 = DIRECTION ( 'NONE',  ( -1.000000000000000000, 0.000000000000000000, 0.000000000000000000 ) ) ;
#172 = ORIENTED_EDGE ( 'NONE', *, *, #5320, .F. ) ;
#173 = DIRECTION ( 'NONE',  ( -0.7071067811865475727, 0.000000000000000000, -0.7071067811865475727 ) ) ;
#174 = VECTOR ( 'NONE', #17, 1000.000000000000000 ) ;
#175 = ORIENTED_EDGE ( 'NONE', *, *, #4510, .F. ) ;
#176 = CARTESIAN_POINT ( 'NONE',  ( 0.000000000000000000, 7.500000000000000000, -25.50374022699630672 ) ) ;
#177 = ORIENTED_EDGE ( 'NONE', *, *, #4887, .F. ) ;
#178 = PLANE ( 'NONE',  #7272 ) ;
#179 = CARTESIAN_POINT ( 'NONE',  ( 52.80943399447264142, 8.566080860090407256, 0.000000000000000000 ) ) ;
#180 = DIRECTION ( 'NONE',  ( -0.2386847610229712868, 0.8323926831162090645, 0.5001519828512185351 ) ) ;
#181 = VECTOR ( 'NONE', #2610, 1000.000000000000000 ) ;
#182 = DIRECTION ( 'NONE',  ( 1.000000000000000000, 0.000000000000000000, -0.000000000000000000 ) ) ;
#183 = CARTESIAN_POINT ( 'NONE',  ( -51.62500000000000000, 10.53731005528969256, -9.625325129531292490 ) ) ;
#184 = LINE ( 'NONE', #2694, #4532 ) ;
#185 = VERTEX_POINT ( 'NONE', #4178 ) ;
#186 = ORIENTED_EDGE ( 'NONE', *, *, #3365, .F. ) ;
#187 = ADVANCED_FACE ( 'NONE', ( #7900 ), #2945, .F. ) ;
#188 = VERTEX_POINT ( 'NONE', #343 ) ;
#189 = DIRECTION ( 'NONE',  ( 0.000000000000000000, -0.000000000000000000, 1.000000000000000000 ) ) ;
#190 = ADVANCED_FACE ( 'NONE', ( #7986 ), #4801, .F. ) ;
#191 = CARTESIAN_POINT ( 'NONE',  ( -2.375000000000005773, 10.80000000000000426, 33.62500000000000000 ) ) ;
#192 = EDGE_CURVE ( 'NONE', #6089, #3658, #6657, .T. ) ;
#193 = DIRECTION ( 'NONE',  ( -1.000000000000000000, 0.000000000000000000, -0.000000000000000000 ) ) ;
#194 = ORIENTED_EDGE ( 'NONE', *, *, #4066, .T. ) ;
#195 = EDGE_LOOP ( 'NONE', ( #5432, #6547, #7730, #1611 ) ) ;
#196 = VERTEX_POINT ( 'NONE', #4843 ) ;
#197 = DIRECTION ( 'NONE',  ( -0.000000000000000000, -0.2756373558170042704, -0.9612616959383174509 ) ) ;
#198 = EDGE_CURVE ( 'NONE', #6568, #7188, #4220, .T. ) ;
#199 = DIRECTION ( 'NONE',  ( -0.7071067811865475727, 0.000000000000000000, -0.7071067811865475727 ) ) ;
#200 = EDGE_CURVE ( 'NONE', #4765, #4864, #3472, .T. ) ;
#201 = LINE ( 'NONE', #4562, #7513 ) ;
#202 = VECTOR ( 'NONE', #5912, 1000.000000000000114 ) ;
#203 = LINE ( 'NONE', #1938, #5956 ) ;
#204 = DIRECTION ( 'NONE',  ( 0.000000000000000000, 0.000000000000000000, -1.000000000000000000 ) ) ;
#205 = VECTOR ( 'NONE', #5537, 1000.000000000000000 ) ;
#206 = DIRECTION ( 'NONE',  ( -0.000000000000000000, -0.2756373558170023830, -0.9612616959383180060 ) ) ;
#207 = ORIENTED_EDGE ( 'NONE', *, *, #766, .T. ) ;
#208 = ORIENTED_EDGE ( 'NONE', *, *, #31, .T. ) ;
#209 = DIRECTION ( 'NONE',  ( -3.469446951953605354E-14, -1.000000000000000000, 0.000000000000000000 ) ) ;
#210 = CARTESIAN_POINT ( 'NONE',  ( -53.44999999999999574, 10.80000000000000071, 8.449999999999617373 ) ) ;
#211 = FACE_OUTER_BOUND ( 'NONE', #2314, .T. ) ;
#212 = CARTESIAN_POINT ( 'NONE',  ( -52.50374022699593013, 7.500000000000000000, 0.000000000000000000 ) ) ;
#213 = ORIENTED_EDGE ( 'NONE', *, *, #620, .T. ) ;
#214 = DIRECTION ( 'NONE',  ( 1.000000000000000000, 0.000000000000000000, 0.000000000000000000 ) ) ;
#215 = DIRECTION ( 'NONE',  ( -0.000000000000000000, -0.000000000000000000, 1.000000000000000000 ) ) ;
#216 = VECTOR ( 'NONE', #6490, 1000.000000000000114 ) ;
#217 = VERTEX_POINT ( 'NONE', #5424 ) ;
#218 = DIRECTION ( 'NONE',  ( 1.000000000000000000, 0.000000000000000000, 0.000000000000000000 ) ) ;
#219 = DIRECTION ( 'NONE',  ( 0.2657276780299913099, 0.9267025424900799946, 0.2657276780299913099 ) ) ;
#220 = LINE ( 'NONE', #7110, #810 ) ;
#221 = LINE ( 'NONE', #2036, #3016 ) ;
#222 = DIRECTION ( 'NONE',  ( 0.7071067811865452413, 0.000000000000000000, 0.7071067811865497932 ) ) ;
#223 = CARTESIAN_POINT ( 'NONE',  ( 29.37500000000000000, 10.80000000000000426, -33.62500000000000000 ) ) ;
#224 = ORIENTED_EDGE ( 'NONE', *, *, #6391, .T. ) ;
#225 = VECTOR ( 'NONE', #4568, 1000.000000000000000 ) ;
#226 = VERTEX_POINT ( 'NONE', #7364 ) ;
#227 = VERTEX_POINT ( 'NONE', #8030 ) ;
#228 = DIRECTION ( 'NONE',  ( 0.000000000000000000, 0.000000000000000000, 1.000000000000000000 ) ) ;
#229 = CARTESIAN_POINT ( 'NONE',  ( -0.5499999999999949374, 10.80000000000000071, 26.44999999999961204 ) ) ;
#230 = DIRECTION ( 'NONE',  ( -1.000000000000000000, 0.000000000000000000, 0.000000000000000000 ) ) ;
#231 = VERTEX_POINT ( 'NONE', #6121 ) ;
#233 = EDGE_CURVE ( 'NONE', #4800, #8054, #511, .T. ) ;
#232 = ORIENTED_EDGE ( 'NONE', *, *, #6755, .T. ) ;
#234 = ORIENTED_EDGE ( 'NONE', *, *, #4403, .T. ) ;
#235 = CARTESIAN_POINT ( 'NONE',  ( 58.32322330470334748, 9.899999999999975486, 37.32322330470339011 ) ) ;
#236 = ADVANCED_FACE ( 'NONE', ( #4262 ), #3029, .F. ) ;
#237 = FACE_OUTER_BOUND ( 'NONE', #3521, .T. ) ;
#238 = CARTESIAN_POINT ( 'NONE',  ( -52.80943399447264852, 8.566080860090401927, 0.000000000000000000 ) ) ;
#239 = ORIENTED_EDGE ( 'NONE', *, *, #2371, .F. ) ;
#240 = VERTEX_POINT ( 'NONE', #5546 ) ;
#241 = VECTOR ( 'NONE', #3742, 1000.000000000000000 ) ;
#242 = CARTESIAN_POINT ( 'NONE',  ( 0.000000000000000000, 7.500000000000000000, 16.50374022699554644 ) ) ;
#243 = LINE ( 'NONE', #3828, #3667 ) ;
#244 = LINE ( 'NONE', #3245, #1323 ) ;
#245 = ORIENTED_EDGE ( 'NONE', *, *, #4239, .F. ) ;
#246 = EDGE_LOOP ( 'NONE', ( #4023, #1671, #1452, #5969 ) ) ;
#247 = LINE ( 'NONE', #7051, #624 ) ;
#248 = PLANE ( 'NONE',  #5451 ) ;
#249 = DIRECTION ( 'NONE',  ( 1.000000000000000000, 0.000000000000000000, 0.000000000000000000 ) ) ;
#250 = AXIS2_PLACEMENT_3D ( 'NONE', #3146, #5660, #2530 ) ;
#251 = CARTESIAN_POINT ( 'NONE',  ( 51.62500000000000000, 10.53731005528969256, -9.625325129531292490 ) ) ;
#252 = ORIENTED_EDGE ( 'NONE', *, *, #4425, .T. ) ;
#253 = LINE ( 'NONE', #2940, #3109 ) ;
#254 = EDGE_CURVE ( 'NONE', #7681, #2138, #8068, .T. ) ;
#255 = CARTESIAN_POINT ( 'NONE',  ( -46.19056600552747227, 8.566080860089995141, -34.80943399447291853 ) ) ;
#256 = DIRECTION ( 'NONE',  ( -0.2386847610229699823, -0.8323926831162045126, -0.5001519828512265287 ) ) ;
#257 = VECTOR ( 'NONE', #3107, 1000.000000000000114 ) ;
#258 = VERTEX_POINT ( 'NONE', #7279 ) ;
#259 = CARTESIAN_POINT ( 'NONE',  ( -24.62500000000000000, 10.80000000000000426, 33.62500000000000000 ) ) ;
#260 = DIRECTION ( 'NONE',  ( 0.000000000000000000, 0.000000000000000000, -1.000000000000000000 ) ) ;
#261 = LINE ( 'NONE', #7818, #5781 ) ;
#262 = AXIS2_PLACEMENT_3D ( 'NONE', #5291, #919, #7771 ) ;
#263 = PLANE ( 'NONE',  #5381 ) ;
#264 = LINE ( 'NONE', #4547, #2048 ) ;
#265 = DIRECTION ( 'NONE',  ( 0.5001519828512179799, -0.8323926831162092865, -0.2386847610229711203 ) ) ;
#266 = EDGE_CURVE ( 'NONE', #1784, #196, #1632, .T. ) ;
#267 = ADVANCED_FACE ( 'NONE', ( #6032 ), #386, .F. ) ;
#268 = ORIENTED_EDGE ( 'NONE', *, *, #3817, .T. ) ;
#269 = EDGE_CURVE ( 'NONE', #2457, #7656, #3106, .T. ) ;
#270 = VECTOR ( 'NONE', #2413, 1000.000000000000114 ) ;
#271 = ORIENTED_EDGE ( 'NONE', *, *, #6143, .F. ) ;
#272 = VERTEX_POINT ( 'NONE', #592 ) ;
#273 = VECTOR ( 'NONE', #2060, 1000.000000000000114 ) ;
#274 = DIRECTION ( 'NONE',  ( -0.5001519828512182020, 0.8323926831162096196, -0.2386847610229694550 ) ) ;
#275 = VECTOR ( 'NONE', #7645, 1000.000000000000000 ) ;
#276 = DIRECTION ( 'NONE',  ( 0.000000000000000000, -0.2756373558170040483, 0.9612616959383175619 ) ) ;
#277 = LINE ( 'NONE', #4598, #3219 ) ;
#278 = VERTEX_POINT ( 'NONE', #1878 ) ;
#279 = ORIENTED_EDGE ( 'NONE', *, *, #3902, .F. ) ;
#280 = LINE ( 'NONE', #5226, #5795 ) ;
#281 = CARTESIAN_POINT ( 'NONE',  ( 2.375000000000005773, 7.500000000000000000, -19.49625977300445356 ) ) ;
#282 = CARTESIAN_POINT ( 'NONE',  ( -24.62500000000000000, 10.53731005528970321, 33.62500000000000000 ) ) ;
#283 = ORIENTED_EDGE ( 'NONE', *, *, #8126, .T. ) ;
#284 = ORIENTED_EDGE ( 'NONE', *, *, #7463, .F. ) ;
#285 = DIRECTION ( 'NONE',  ( 1.000000000000000000, 0.000000000000000000, 0.000000000000000000 ) ) ;
#286 = DIRECTION ( 'NONE',  ( 0.4578768884082908830, -0.7620351108204154178, -0.4578768884082909940 ) ) ;
#287 = CARTESIAN_POINT ( 'NONE',  ( 35.44999999999999574, 10.80000000000000426, 33.62500000000000000 ) ) ;
#288 = VERTEX_POINT ( 'NONE', #3760 ) ;
#289 = ORIENTED_EDGE ( 'NONE', *, *, #7654, .F. ) ;
#290 = EDGE_CURVE ( 'NONE', #1383, #2865, #8106, .T. ) ;
#291 = CARTESIAN_POINT ( 'NONE',  ( -26.45000000000000284, 10.80000000000000071, 35.44999999999961204 ) ) ;
#292 = AXIS2_PLACEMENT_3D ( 'NONE', #2317, #5275, #3992 ) ;
#293 = CARTESIAN_POINT ( 'NONE',  ( -52.80943399447264142, 8.566080860090410809, 0.000000000000000000 ) ) ;
#294 = EDGE_CURVE ( 'NONE', #5087, #5309, #4301, .T. ) ;
#295 = CARTESIAN_POINT ( 'NONE',  ( 0.000000000000000000, 10.80000000000000071, 33.62500000000000000 ) ) ;
#296 = EDGE_CURVE ( 'NONE', #152, #6794, #3832, .T. ) ;
#297 = DIRECTION ( 'NONE',  ( 0.7071067811865474617, -0.000000000000000000, 0.7071067811865474617 ) ) ;
#298 = ORIENTED_EDGE ( 'NONE', *, *, #3096, .T. ) ;
#299 = DIRECTION ( 'NONE',  ( -1.000000000000000000, 0.000000000000000000, 0.000000000000000000 ) ) ;
#300 = DIRECTION ( 'NONE',  ( 1.000000000000000000, 0.000000000000000000, 0.000000000000000000 ) ) ;
#301 = CARTESIAN_POINT ( 'NONE',  ( -2.375000000000006217, 10.53731005528968723, 9.625325129530521551 ) ) ;
#302 = VERTEX_POINT ( 'NONE', #2594 ) ;
#303 = PLANE ( 'NONE',  #7931 ) ;
#304 = LINE ( 'NONE', #4008, #216 ) ;
#305 = CARTESIAN_POINT ( 'NONE',  ( -6.973892133549616901, 5.652200105873793845, 33.97389213354923498 ) ) ;
#306 = CARTESIAN_POINT ( 'NONE',  ( 60.02027957955104398, 10.49999999999999822, 31.94921176768562177 ) ) ;
#307 = LINE ( 'NONE', #5338, #1504 ) ;
#308 = CARTESIAN_POINT ( 'NONE',  ( 51.97389213354960447, 5.652200105873706804, -6.973892133549991712 ) ) ;
#309 = ORIENTED_EDGE ( 'NONE', *, *, #3187, .F. ) ;
#310 = AXIS2_PLACEMENT_3D ( 'NONE', #6675, #2752, #7963 ) ;
#311 = ORIENTED_EDGE ( 'NONE', *, *, #7362, .F. ) ;
#312 = VERTEX_POINT ( 'NONE', #6904 ) ;
#313 = DIRECTION ( 'NONE',  ( 0.000000000000000000, 0.000000000000000000, -1.000000000000000000 ) ) ;
#314 = CARTESIAN_POINT ( 'NONE',  ( 8.374674870469101862, 10.53731005528970144, 33.62500000000000000 ) ) ;
#315 = PLANE ( 'NONE',  #2182 ) ;
#316 = EDGE_CURVE ( 'NONE', #5681, #789, #45, .T. ) ;
#317 = VERTEX_POINT ( 'NONE', #7594 ) ;
#318 = ORIENTED_EDGE ( 'NONE', *, *, #3700, .T. ) ;
#319 = ORIENTED_EDGE ( 'NONE', *, *, #1742, .F. ) ;
#320 = DIRECTION ( 'NONE',  ( 0.2657276780299897001, -0.9267025424900808828, 0.2657276780299897001 ) ) ;
#321 = EDGE_LOOP ( 'NONE', ( #7240, #3890, #7982, #4362 ) ) ;
#322 = EDGE_LOOP ( 'NONE', ( #4705, #1510, #1019, #859, #2213, #4458, #3981, #1651, #1179, #8101, #3528, #4243, #3190, #21, #3969, #5056, #1471, #3810, #940, #7289, #4386, #7456, #2313, #3379 ) ) ;
#323 = VERTEX_POINT ( 'NONE', #557 ) ;
#324 = LINE ( 'NONE', #4030, #7003 ) ;
#325 = CARTESIAN_POINT ( 'NONE',  ( 25.80943399447264852, 8.566080860090401927, 34.80943399447263431 ) ) ;
#326 = EDGE_CURVE ( 'NONE', #2786, #5182, #6972, .T. ) ;
#327 = LINE ( 'NONE', #7216, #3285 ) ;
#328 = ADVANCED_FACE ( 'NONE', ( #6350 ), #1795, .F. ) ;
#329 = AXIS2_PLACEMENT_3D ( 'NONE', #3710, #5709, #60 ) ;
#330 = ORIENTED_EDGE ( 'NONE', *, *, #5334, .F. ) ;
#331 = VERTEX_POINT ( 'NONE', #8143 ) ;
#332 = CARTESIAN_POINT ( 'NONE',  ( -46.49625977300406277, 7.500000000000000000, 0.000000000000000000 ) ) ;
#333 = LINE ( 'NONE', #4832, #1885 ) ;
#334 = CARTESIAN_POINT ( 'NONE',  ( -2.375000000000005773, 10.80000000000000426, -33.62500000000000000 ) ) ;
#335 = CARTESIAN_POINT ( 'NONE',  ( 0.000000000000000000, -11.50000000000000000, 0.000000000000000000 ) ) ;
#336 = VECTOR ( 'NONE', #3838, 1000.000000000000114 ) ;
#337 = ORIENTED_EDGE ( 'NONE', *, *, #6684, .T. ) ;
#338 = FACE_OUTER_BOUND ( 'NONE', #3051, .T. ) ;
#339 = CARTESIAN_POINT ( 'NONE',  ( 8.449999999999999289, 10.80000000000000071, 35.44999999999961204 ) ) ;
#340 = EDGE_CURVE ( 'NONE', #288, #4436, #3142, .T. ) ;
#341 = DIRECTION ( 'NONE',  ( 0.000000000000000000, 0.000000000000000000, -1.000000000000000000 ) ) ;
#342 = EDGE_LOOP ( 'NONE', ( #2992, #3002, #2954, #3222 ) ) ;
#344 = ADVANCED_FACE ( 'NONE', ( #3212 ), #3682, .F. ) ;
#343 = CARTESIAN_POINT ( 'NONE',  ( 53.44999999999999574, -11.50000000000000000, -35.45000000000003126 ) ) ;
#345 = DIRECTION ( 'NONE',  ( -0.000000000000000000, -1.000000000000000000, -0.000000000000000000 ) ) ;
#346 = CARTESIAN_POINT ( 'NONE',  ( 51.33839134370875712, 3.435945472310507842, 15.33839134370837876 ) ) ;
#347 = DIRECTION ( 'NONE',  ( 0.2756373558170042704, 0.9612616959383174509, 0.000000000000000000 ) ) ;
#348 = DIRECTION ( 'NONE',  ( 0.000000000000000000, 0.000000000000000000, 1.000000000000000000 ) ) ;
#349 = PLANE ( 'NONE',  #3756 ) ;
#350 = EDGE_CURVE ( 'NONE', #2115, #632, #2484, .T. ) ;
#351 = EDGE_LOOP ( 'NONE', ( #2870, #5737, #78, #5461 ) ) ;
#352 = AXIS2_PLACEMENT_3D ( 'NONE', #6851, #4251, #2516 ) ;
#353 = ORIENTED_EDGE ( 'NONE', *, *, #1898, .T. ) ;
#354 = ORIENTED_EDGE ( 'NONE', *, *, #7201, .F. ) ;
#355 = EDGE_CURVE ( 'NONE', #3368, #2457, #6202, .T. ) ;
#356 = ORIENTED_EDGE ( 'NONE', *, *, #3365, .T. ) ;
#357 = CARTESIAN_POINT ( 'NONE',  ( 10.49625977300407165, 7.500000000000000000, -33.62500000000000000 ) ) ;
#358 = FACE_OUTER_BOUND ( 'NONE', #1062, .T. ) ;
#359 = CARTESIAN_POINT ( 'NONE',  ( -2.375000000000006217, 10.53731005528968723, 27.62532512953050912 ) ) ;
#360 = EDGE_LOOP ( 'NONE', ( #6107, #3481, #3853, #1496 ) ) ;
#361 = ORIENTED_EDGE ( 'NONE', *, *, #7262, .T. ) ;
#362 = VECTOR ( 'NONE', #5237, 1000.000000000000227 ) ;
#363 = PLANE ( 'NONE',  #310 ) ;
#364 = ORIENTED_EDGE ( 'NONE', *, *, #2711, .T. ) ;
#365 = ORIENTED_EDGE ( 'NONE', *, *, #4727, .F. ) ;
#366 = VERTEX_POINT ( 'NONE', #4417 ) ;
#367 = CARTESIAN_POINT ( 'NONE',  ( 1.390607076609475357, 7.868454739437193979, -1.390607076609864157 ) ) ;
#368 = EDGE_CURVE ( 'NONE', #7911, #6056, #2448, .T. ) ;
#369 = CARTESIAN_POINT ( 'NONE',  ( 61.43449314192414334, 9.099999999999983658, -33.36342533005872468 ) ) ;
#370 = LINE ( 'NONE', #7842, #1859 ) ;
#371 = EDGE_LOOP ( 'NONE', ( #1209, #528, #3625, #634 ) ) ;
#372 = ORIENTED_EDGE ( 'NONE', *, *, #4467, .T. ) ;
#373 = DIRECTION ( 'NONE',  ( 0.000000000000000000, 0.1391731009600706559, 0.9902680687415695848 ) ) ;
#374 = VECTOR ( 'NONE', #2609, 1000.000000000000227 ) ;
#375 = DIRECTION ( 'NONE',  ( -0.9612616959383175619, -0.2756373558170040483, 0.000000000000000000 ) ) ;
#376 = LINE ( 'NONE', #7355, #2506 ) ;
#377 = VECTOR ( 'NONE', #1874, 1000.000000000000000 ) ;
#378 = DIRECTION ( 'NONE',  ( 0.000000000000000000, 0.000000000000000000, -1.000000000000000000 ) ) ;
#379 = EDGE_LOOP ( 'NONE', ( #7076, #1963, #6884, #4578 ) ) ;
#380 = CARTESIAN_POINT ( 'NONE',  ( 34.80943399447252062, 8.566080860089979154, -34.80943399447291142 ) ) ;
#381 = EDGE_CURVE ( 'NONE', #6677, #653, #7485, .T. ) ;
#382 = CARTESIAN_POINT ( 'NONE',  ( 45.54999999999999005, 10.80000000000000071, -26.45000000000038298 ) ) ;
#383 = CARTESIAN_POINT ( 'NONE',  ( 0.000000000000000000, 10.80000000000000071, 33.62500000000000000 ) ) ;
#384 = AXIS2_PLACEMENT_3D ( 'NONE', #3730, #4889, #674 ) ;
#385 = ORIENTED_EDGE ( 'NONE', *, *, #5023, .T. ) ;
#386 = PLANE ( 'NONE',  #6605 ) ;
#387 = DIRECTION ( 'NONE',  ( -0.000000000000000000, -0.2756373558170040483, -0.9612616959383175619 ) ) ;
#388 = CARTESIAN_POINT ( 'NONE',  ( 45.54999999999999005, 10.80000000000000071, 35.44999999999961204 ) ) ;
#389 = EDGE_CURVE ( 'NONE', #7922, #7015, #1288, .T. ) ;
#390 = PLANE ( 'NONE',  #1422 ) ;
#391 = CARTESIAN_POINT ( 'NONE',  ( 50.06738976402689190, -0.9965637948165171345, -32.06738976402728980 ) ) ;
#392 = EDGE_CURVE ( 'NONE', #1983, #2797, #3795, .T. ) ;
#393 = CARTESIAN_POINT ( 'NONE',  ( -54.96378475451787438, 7.500000000000000000, 36.96378475451749068 ) ) ;
#394 = ORIENTED_EDGE ( 'NONE', *, *, #5634, .F. ) ;
#395 = ADVANCED_FACE ( 'NONE', ( #6242 ), #3177, .F. ) ;
#397 = ORIENTED_EDGE ( 'NONE', *, *, #7862, .T. ) ;
#396 = AXIS2_PLACEMENT_3D ( 'NONE', #500, #5570, #7551 ) ;
#398 = AXIS2_PLACEMENT_3D ( 'NONE', #2416, #8070, #1175 ) ;
#399 = ORIENTED_EDGE ( 'NONE', *, *, #7254, .T. ) ;
#400 = ORIENTED_EDGE ( 'NONE', *, *, #140, .T. ) ;
#401 = CARTESIAN_POINT ( 'NONE',  ( -2.375000000000005773, 10.80000000000000426, -0.5500000000003835154 ) ) ;
#402 = DIRECTION ( 'NONE',  ( -0.2657276780299913099, 0.9267025424900799946, 0.2657276780299913099 ) ) ;
#403 = ADVANCED_FACE ( 'NONE', ( #1360 ), #7629, .T. ) ;
#404 = CARTESIAN_POINT ( 'NONE',  ( 2.375000000000005773, 10.80000000000000426, 33.62500000000000000 ) ) ;
#405 = EDGE_CURVE ( 'NONE', #5321, #677, #4870, .T. ) ;
#406 = ADVANCED_FACE ( 'NONE', ( #4407 ), #1278, .F. ) ;
#407 = VERTEX_POINT ( 'NONE', #4331 ) ;
#408 = AXIS2_PLACEMENT_3D ( 'NONE', #2235, #7271, #3462 ) ;
#409 = ORIENTED_EDGE ( 'NONE', *, *, #1872, .T. ) ;
#410 = FACE_OUTER_BOUND ( 'NONE', #7639, .T. ) ;
#411 = VECTOR ( 'NONE', #7433, 999.9999999999998863 ) ;
#412 = VECTOR ( 'NONE', #6327, 1000.000000000000114 ) ;
#413 = ORIENTED_EDGE ( 'NONE', *, *, #5452, .F. ) ;
#414 = ORIENTED_EDGE ( 'NONE', *, *, #4324, .T. ) ;
#415 = VECTOR ( 'NONE', #3349, 1000.000000000000114 ) ;
#416 = ORIENTED_EDGE ( 'NONE', *, *, #3675, .F. ) ;
#417 = AXIS2_PLACEMENT_3D ( 'NONE', #7814, #6398, #300 ) ;
#418 = CARTESIAN_POINT ( 'NONE',  ( -51.62500000000000000, 10.80000000000000426, 27.54999999999960991 ) ) ;
#419 = FACE_OUTER_BOUND ( 'NONE', #7453, .T. ) ;
#420 = VECTOR ( 'NONE', #1648, 1000.000000000000000 ) ;
#421 = PLANE ( 'NONE',  #7640 ) ;
#422 = ORIENTED_EDGE ( 'NONE', *, *, #5125, .T. ) ;
#423 = ORIENTED_EDGE ( 'NONE', *, *, #5683, .F. ) ;
#424 = CARTESIAN_POINT ( 'NONE',  ( 51.62500000000000000, 10.80000000000000426, -33.62500000000000000 ) ) ;
#425 = FACE_OUTER_BOUND ( 'NONE', #1348, .T. ) ;
#426 = ADVANCED_FACE ( 'NONE', ( #657 ), #6928, .F. ) ;
#427 = LINE ( 'NONE', #2937, #3813 ) ;
#428 = FACE_BOUND ( 'NONE', #3049, .T. ) ;
#429 = ADVANCED_FACE ( 'NONE', ( #3057 ), #3171, .F. ) ;
#430 = ORIENTED_EDGE ( 'NONE', *, *, #2728, .F. ) ;
#431 = DIRECTION ( 'NONE',  ( -0.000000000000000000, 0.000000000000000000, 1.000000000000000000 ) ) ;
#432 = DIRECTION ( 'NONE',  ( 0.000000000000000000, 0.000000000000000000, 1.000000000000000000 ) ) ;
#433 = VECTOR ( 'NONE', #1906, 1000.000000000000114 ) ;
#434 = DIRECTION ( 'NONE',  ( 0.000000000000000000, -0.2756373558170042704, 0.9612616959383174509 ) ) ;
#435 = EDGE_CURVE ( 'NONE', #870, #6632, #6185, .T. ) ;
#436 = DIRECTION ( 'NONE',  ( 0.7071067811865474617, 0.000000000000000000, -0.7071067811865474617 ) ) ;
#437 = CARTESIAN_POINT ( 'NONE',  ( -36.62532512953089281, 10.53731005528968900, 33.62500000000000000 ) ) ;
#438 = DIRECTION ( 'NONE',  ( -0.9612616959383174509, -0.2756373558170042704, 0.000000000000000000 ) ) ;
#439 = CARTESIAN_POINT ( 'NONE',  ( 29.37500000000000000, 10.80000000000000426, -33.62500000000000000 ) ) ;
#440 = CARTESIAN_POINT ( 'NONE',  ( -51.62500000000000711, 10.53731005528969256, 8.374674870468716392 ) ) ;
#441 = LINE ( 'NONE', #5471, #5722 ) ;
#442 = VERTEX_POINT ( 'NONE', #581 ) ;
#443 = EDGE_LOOP ( 'NONE', ( #1896, #5352, #6356, #4863 ) ) ;
#444 = EDGE_LOOP ( 'NONE', ( #1024, #1701, #4772, #1887 ) ) ;
#445 = VERTEX_POINT ( 'NONE', #4950 ) ;
#446 = CARTESIAN_POINT ( 'NONE',  ( 1.390607076609480686, 7.868454739437197532, -28.39060707660987148 ) ) ;
#447 = CARTESIAN_POINT ( 'NONE',  ( 2.375000000000005773, 10.53731005528969078, -33.62500000000000000 ) ) ;
#448 = DIRECTION ( 'NONE',  ( -0.9612616959383181170, -0.2756373558170021609, 0.000000000000000000 ) ) ;
#449 = EDGE_LOOP ( 'NONE', ( #6211, #469, #1962, #2265, #5454, #740, #1747, #6192 ) ) ;
#450 = ORIENTED_EDGE ( 'NONE', *, *, #6347, .T. ) ;
#451 = DIRECTION ( 'NONE',  ( -0.2657276780299913099, -0.9267025424900799946, 0.2657276780299913099 ) ) ;
#452 = VECTOR ( 'NONE', #1993, 1000.000000000000000 ) ;
#453 = EDGE_CURVE ( 'NONE', #4024, #6044, #8172, .T. ) ;
#454 = ADVANCED_FACE ( 'NONE', ( #541 ), #4288, .T. ) ;
#455 = ORIENTED_EDGE ( 'NONE', *, *, #7862, .F. ) ;
#456 = EDGE_CURVE ( 'NONE', #6006, #5399, #1783, .T. ) ;
#457 = ORIENTED_EDGE ( 'NONE', *, *, #4291, .T. ) ;
#458 = AXIS2_PLACEMENT_3D ( 'NONE', #6062, #3454, #4119 ) ;
#459 = ORIENTED_EDGE ( 'NONE', *, *, #1612, .T. ) ;
#460 = CARTESIAN_POINT ( 'NONE',  ( 56.48474567361831333, 7.500000000000000000, -35.48474567361837018 ) ) ;
#461 = CARTESIAN_POINT ( 'NONE',  ( -52.50374022699593013, 7.500000000000000000, 0.000000000000000000 ) ) ;
#462 = LINE ( 'NONE', #8015, #2909 ) ;
#463 = ORIENTED_EDGE ( 'NONE', *, *, #4212, .T. ) ;
#464 = EDGE_LOOP ( 'NONE', ( #2966, #6177, #177, #910 ) ) ;
#465 = PLANE ( 'NONE',  #1940 ) ;
#466 = DIRECTION ( 'NONE',  ( 0.000000000000000000, 0.000000000000000000, -1.000000000000000000 ) ) ;
#467 = CARTESIAN_POINT ( 'NONE',  ( -17.44999999999999929, 10.80000000000000426, 33.62500000000000000 ) ) ;
#468 = DIRECTION ( 'NONE',  ( -0.5000000000000154321, -0.7071067811865281438, -0.5000000000000121014 ) ) ;
#469 = ORIENTED_EDGE ( 'NONE', *, *, #3764, .T. ) ;
#470 = LINE ( 'NONE', #4878, #4157 ) ;
#471 = LINE ( 'NONE', #964, #7648 ) ;
#472 = AXIS2_PLACEMENT_3D ( 'NONE', #1729, #1810, #5478 ) ;
#473 = PLANE ( 'NONE',  #11 ) ;
#474 = CARTESIAN_POINT ( 'NONE',  ( 8.449999999999999289, 10.80000000000000426, 33.62500000000000000 ) ) ;
#475 = DIRECTION ( 'NONE',  ( 0.2657276780299913099, -0.9267025424900799946, 0.2657276780299913099 ) ) ;
#476 = CARTESIAN_POINT ( 'NONE',  ( -8.449999999999999289, 10.80000000000000071, 17.44999999999961560 ) ) ;
#477 = VECTOR ( 'NONE', #6830, 1000.000000000000000 ) ;
#478 = CARTESIAN_POINT ( 'NONE',  ( -6.964775456032696207E-16, 8.566080860090862004, 34.80943399447238562 ) ) ;
#479 = CARTESIAN_POINT ( 'NONE',  ( -8.449999999999999289, 10.80000000000000071, 26.44999999999961204 ) ) ;
#480 = LINE ( 'NONE', #6910, #6661 ) ;
#481 = ORIENTED_EDGE ( 'NONE', *, *, #4291, .F. ) ;
#482 = ORIENTED_EDGE ( 'NONE', *, *, #4503, .T. ) ;
#483 = ORIENTED_EDGE ( 'NONE', *, *, #5004, .F. ) ;
#484 = ORIENTED_EDGE ( 'NONE', *, *, #2236, .T. ) ;
#485 = PLANE ( 'NONE',  #2627 ) ;
#486 = CARTESIAN_POINT ( 'NONE',  ( 0.000000000000000000, 7.500000000000000000, 1.496259773003681737 ) ) ;
#487 = CARTESIAN_POINT ( 'NONE',  ( -62.00000000000000000, 7.500000000000000000, -41.00000000000000000 ) ) ;
#488 = ORIENTED_EDGE ( 'NONE', *, *, #2833, .T. ) ;
#489 = ORIENTED_EDGE ( 'NONE', *, *, #1234, .F. ) ;
#490 = ORIENTED_EDGE ( 'NONE', *, *, #3660, .F. ) ;
#491 = VERTEX_POINT ( 'NONE', #6770 ) ;
#492 = EDGE_LOOP ( 'NONE', ( #5510, #3662, #422, #3022 ) ) ;
#493 = DIRECTION ( 'NONE',  ( -0.2386847610229713423, 0.8323926831162092865, 0.5001519828512179799 ) ) ;
#494 = ADVANCED_FACE ( 'NONE', ( #1119 ), #7473, .F. ) ;
#495 = CARTESIAN_POINT ( 'NONE',  ( 0.000000000000000000, 7.500000000000000000, 25.50374022699554288 ) ) ;
#496 = CARTESIAN_POINT ( 'NONE',  ( 40.07937528197223997, 29.75245638442227047, 22.11547058297133717 ) ) ;
#497 = EDGE_CURVE ( 'NONE', #1460, #7374, #616, .T. ) ;
#498 = VECTOR ( 'NONE', #1621, 1000.000000000000000 ) ;
#499 = ORIENTED_EDGE ( 'NONE', *, *, #6725, .F. ) ;
#501 = ORIENTED_EDGE ( 'NONE', *, *, #2866, .F. ) ;
#500 = CARTESIAN_POINT ( 'NONE',  ( -1.496259773004070315, 7.500000000000000000, 0.000000000000000000 ) ) ;
#502 = CARTESIAN_POINT ( 'NONE',  ( -1.496259773004056326, 7.500000000000000000, 0.000000000000000000 ) ) ;
#503 = LINE ( 'NONE', #8175, #6094 ) ;
#504 = DIRECTION ( 'NONE',  ( -0.000000000000000000, -0.000000000000000000, 1.000000000000000000 ) ) ;
#505 = FACE_OUTER_BOUND ( 'NONE', #2084, .T. ) ;
#506 = ORIENTED_EDGE ( 'NONE', *, *, #3912, .T. ) ;
#507 = CARTESIAN_POINT ( 'NONE',  ( -53.44999999999999574, 10.80000000000000071, 26.44999999999961204 ) ) ;
#508 = CARTESIAN_POINT ( 'NONE',  ( -1.190566005527361026, 8.566080860090398374, -25.80943399447301445 ) ) ;
#509 = DIRECTION ( 'NONE',  ( -1.000000000000000000, 0.000000000000000000, -0.000000000000000000 ) ) ;
#510 = DIRECTION ( 'NONE',  ( 1.000000000000000000, 0.000000000000000000, 0.000000000000000000 ) ) ;
#511 = LINE ( 'NONE', #7409, #1877 ) ;
#512 = CARTESIAN_POINT ( 'NONE',  ( 1.190566005527637028, 8.566080860090853122, 34.80943399447238562 ) ) ;
#513 = LINE ( 'NONE', #4757, #1443 ) ;
#514 = LINE ( 'NONE', #6746, #6038 ) ;
#515 = CARTESIAN_POINT ( 'NONE',  ( 18.54999999999999716, 10.80000000000000426, 33.62500000000000000 ) ) ;
#516 = EDGE_CURVE ( 'NONE', #842, #4435, #1823, .T. ) ;
#517 = CARTESIAN_POINT ( 'NONE',  ( 1.390607076609487569, 7.868454739437199308, -19.39060707660987148 ) ) ;
#518 = EDGE_LOOP ( 'NONE', ( #3039, #6954, #7344, #450 ) ) ;
#519 = ORIENTED_EDGE ( 'NONE', *, *, #5174, .F. ) ;
#520 = ORIENTED_EDGE ( 'NONE', *, *, #4942, .T. ) ;
#521 = ORIENTED_EDGE ( 'NONE', *, *, #7971, .T. ) ;
#522 = CARTESIAN_POINT ( 'NONE',  ( 51.62500000000000000, 10.53731005528970854, 0.6253251295305098933 ) ) ;
#523 = FACE_OUTER_BOUND ( 'NONE', #1777, .T. ) ;
#524 = CARTESIAN_POINT ( 'NONE',  ( 2.375000000000006217, 10.53731005528968723, -8.374674870469485555 ) ) ;
#525 = EDGE_CURVE ( 'NONE', #3361, #6794, #7434, .T. ) ;
#526 = EDGE_CURVE ( 'NONE', #7781, #2592, #2438, .T. ) ;
#527 = EDGE_CURVE ( 'NONE', #5831, #6709, #3750, .T. ) ;
#528 = ORIENTED_EDGE ( 'NONE', *, *, #36, .F. ) ;
#529 = ORIENTED_EDGE ( 'NONE', *, *, #4108, .T. ) ;
#530 = EDGE_LOOP ( 'NONE', ( #3576, #2003, #6994, #6591 ) ) ;
#531 = VECTOR ( 'NONE', #3601, 1000.000000000000000 ) ;
#532 = VECTOR ( 'NONE', #1362, 1000.000000000000000 ) ;
#533 = ADVANCED_FACE ( 'NONE', ( #3133 ), #4985, .F. ) ;
#534 = ORIENTED_EDGE ( 'NONE', *, *, #3966, .T. ) ;
#535 = PLANE ( 'NONE',  #1090 ) ;
#536 = VECTOR ( 'NONE', #614, 1000.000000000000114 ) ;
#537 = VECTOR ( 'NONE', #1926, 1000.000000000000114 ) ;
#538 = PLANE ( 'NONE',  #6637 ) ;
#539 = CARTESIAN_POINT ( 'NONE',  ( 60.02027957955104398, 10.49999999999999822, 31.94921176768562177 ) ) ;
#540 = MECHANICAL_DESIGN_GEOMETRIC_PRESENTATION_REPRESENTATION (  '', ( #4478 ), #8053 ) ;
#542 = ORIENTED_EDGE ( 'NONE', *, *, #1804, .F. ) ;
#541 = FACE_OUTER_BOUND ( 'NONE', #7760, .T. ) ;
#543 = DIRECTION ( 'NONE',  ( 0.000000000000000000, 0.000000000000000000, -1.000000000000000000 ) ) ;
#544 = VECTOR ( 'NONE', #3209, 1000.000000000000000 ) ;
#545 = CARTESIAN_POINT ( 'NONE',  ( -35.37467487046910009, 10.53731005528972808, -33.62500000000000000 ) ) ;
#546 = FACE_OUTER_BOUND ( 'NONE', #3781, .T. ) ;
#547 = CARTESIAN_POINT ( 'NONE',  ( 51.62500000000000000, 10.53731005528966946, 33.62500000000000000 ) ) ;
#548 = ORIENTED_EDGE ( 'NONE', *, *, #6993, .F. ) ;
#549 = VECTOR ( 'NONE', #4465, 1000.000000000000114 ) ;
#550 = DIRECTION ( 'NONE',  ( -0.000000000000000000, 0.000000000000000000, 1.000000000000000000 ) ) ;
#551 = CARTESIAN_POINT ( 'NONE',  ( 45.54999999999999005, 10.80000000000000071, 9.549999999999611688 ) ) ;
#552 = EDGE_CURVE ( 'NONE', #32, #442, #4373, .T. ) ;
#553 = EDGE_CURVE ( 'NONE', #4109, #6623, #3826, .T. ) ;
#554 = EDGE_CURVE ( 'NONE', #5019, #7079, #1352, .T. ) ;
#555 = LINE ( 'NONE', #3068, #3564 ) ;
#556 = VECTOR ( 'NONE', #3883, 1000.000000000000227 ) ;
#557 = CARTESIAN_POINT ( 'NONE',  ( -43.80943399447276221, 8.566080860090831806, 34.80943399447237852 ) ) ;
#558 = PLANE ( 'NONE',  #8047 ) ;
#559 = LINE ( 'NONE', #6974, #1451 ) ;
#560 = CARTESIAN_POINT ( 'NONE',  ( 52.50374022699592302, 7.500000000000000000, 0.000000000000000000 ) ) ;
#561 = LINE ( 'NONE', #4307, #1714 ) ;
#562 = CARTESIAN_POINT ( 'NONE',  ( -2.375000000000006217, 10.53731005528968723, 18.62532512953050912 ) ) ;
#563 = EDGE_LOOP ( 'NONE', ( #364, #1550, #7129, #1779 ) ) ;
#564 = PRODUCT_DEFINITION ( 'UNKNOWN', '', #1320, #8165 ) ;
#565 = ORIENTED_EDGE ( 'NONE', *, *, #516, .T. ) ;
#566 = EDGE_LOOP ( 'NONE', ( #7908, #1126, #1518, #1191 ) ) ;
#567 = EDGE_LOOP ( 'NONE', ( #5492, #319, #739, #7592 ) ) ;
#568 = DIRECTION ( 'NONE',  ( -0.9612616959383174509, -0.2756373558170042704, 0.000000000000000000 ) ) ;
#569 = CARTESIAN_POINT ( 'NONE',  ( 36.54999999999999716, 10.80000000000000071, 35.44999999999961204 ) ) ;
#570 = AXIS2_PLACEMENT_3D ( 'NONE', #1788, #3676, #1870 ) ;
#571 = FACE_OUTER_BOUND ( 'NONE', #2706, .T. ) ;
#572 = VERTEX_POINT ( 'NONE', #2623 ) ;
#573 = ORIENTED_EDGE ( 'NONE', *, *, #4708, .T. ) ;
#574 = ORIENTED_EDGE ( 'NONE', *, *, #3909, .F. ) ;
#575 = VECTOR ( 'NONE', #7808, 1000.000000000000000 ) ;
#576 = VERTEX_POINT ( 'NONE', #4484 ) ;
#577 = CARTESIAN_POINT ( 'NONE',  ( 1.390607076609480686, 7.868454739437197532, 25.60939292339012496 ) ) ;
#578 = VECTOR ( 'NONE', #8014, 1000.000000000000114 ) ;
#579 = CARTESIAN_POINT ( 'NONE',  ( -45.54999999999999005, 10.80000000000000071, 35.44999999999961204 ) ) ;
#580 = CARTESIAN_POINT ( 'NONE',  ( -26.45000000000000284, 7.500000000000000000, 35.45000000000000995 ) ) ;
#582 = ORIENTED_EDGE ( 'NONE', *, *, #808, .F. ) ;
#581 = CARTESIAN_POINT ( 'NONE',  ( -53.44999999999999574, 10.80000000000000071, -18.55000000000037730 ) ) ;
#583 = AXIS2_PLACEMENT_3D ( 'NONE', #3558, #1636, #348 ) ;
#584 = DIRECTION ( 'NONE',  ( 1.000000000000000000, 0.000000000000000000, 0.000000000000000000 ) ) ;
#585 = CARTESIAN_POINT ( 'NONE',  ( 1.190566005527358140, 8.566080860090394822, 16.80943399447225417 ) ) ;
#586 = LINE ( 'NONE', #1753, #3840 ) ;
#587 = ADVANCED_FACE ( 'NONE', ( #7665 ), #7002, .F. ) ;
#588 = EDGE_CURVE ( 'NONE', #7208, #6098, #1484, .T. ) ;
#589 = CARTESIAN_POINT ( 'NONE',  ( -11.73571359999212405, 22.25864506693675438, -26.58211138907232041 ) ) ;
#590 = DIRECTION ( 'NONE',  ( 0.5001519828512182020, 0.8323926831162096196, -0.2386847610229696770 ) ) ;
#591 = CARTESIAN_POINT ( 'NONE',  ( -45.54999999999999005, 10.80000000000000071, 35.44999999999961204 ) ) ;
#592 = CARTESIAN_POINT ( 'NONE',  ( -2.375000000000005773, 10.53731005528968545, 8.374674870468712840 ) ) ;
#593 = DIRECTION ( 'NONE',  ( 0.2657276780299913099, 0.9267025424900799946, 0.2657276780299913099 ) ) ;
#594 = DIRECTION ( 'NONE',  ( -0.000000000000000000, -0.000000000000000000, 1.000000000000000000 ) ) ;
#595 = CARTESIAN_POINT ( 'NONE',  ( -58.99999999999998579, 10.49999999999999822, -8.000000000000000000 ) ) ;
#596 = CARTESIAN_POINT ( 'NONE',  ( 2.375000000000005773, 7.500000000000000000, -1.496259773004444904 ) ) ;
#597 = EDGE_CURVE ( 'NONE', #8086, #445, #3900, .T. ) ;
#598 = ORIENTED_EDGE ( 'NONE', *, *, #6180, .T. ) ;
#599 = LINE ( 'NONE', #7602, #5581 ) ;
#600 = ORIENTED_EDGE ( 'NONE', *, *, #8163, .F. ) ;
#601 = VECTOR ( 'NONE', #5623, 1000.000000000000000 ) ;
#602 = ORIENTED_EDGE ( 'NONE', *, *, #7632, .T. ) ;
#603 = ORIENTED_EDGE ( 'NONE', *, *, #4298, .T. ) ;
#604 = DIRECTION ( 'NONE',  ( -1.000000000000000000, 0.000000000000000000, 0.000000000000000000 ) ) ;
#605 = DIRECTION ( 'NONE',  ( 1.000000000000000000, 0.000000000000000000, -0.000000000000000000 ) ) ;
#606 = CARTESIAN_POINT ( 'NONE',  ( -12.93261023597304238, -0.9965637948163279525, 32.06738976402657215 ) ) ;
#607 = VECTOR ( 'NONE', #7275, 1000.000000000000114 ) ;
#608 = ORIENTED_EDGE ( 'NONE', *, *, #3937, .T. ) ;
#609 = EDGE_CURVE ( 'NONE', #6057, #1263, #1971, .T. ) ;
#610 = ORIENTED_EDGE ( 'NONE', *, *, #5774, .T. ) ;
#611 = ORIENTED_EDGE ( 'NONE', *, *, #4763, .F. ) ;
#612 = EDGE_LOOP ( 'NONE', ( #2469, #6361, #3444, #6692 ) ) ;
#613 = PLANE ( 'NONE',  #2671 ) ;
#614 = DIRECTION ( 'NONE',  ( 0.5001519828512179799, -0.8323926831162092865, 0.2386847610229713423 ) ) ;
#615 = VECTOR ( 'NONE', #3263, 1000.000000000000227 ) ;
#617 = ORIENTED_EDGE ( 'NONE', *, *, #1913, .T. ) ;
#616 = LINE ( 'NONE', #3013, #1442 ) ;
#618 = LINE ( 'NONE', #6188, #1223 ) ;
#619 = CARTESIAN_POINT ( 'NONE',  ( -62.00000000000000000, 7.500000000000000000, -41.00000000000000000 ) ) ;
#620 = EDGE_CURVE ( 'NONE', #892, #7925, #6342, .T. ) ;
#621 = EDGE_CURVE ( 'NONE', #258, #6539, #3331, .T. ) ;
#622 = EDGE_CURVE ( 'NONE', #1965, #7302, #3240, .T. ) ;
#623 = DIRECTION ( 'NONE',  ( 0.7071067811865475727, 0.000000000000000000, 0.7071067811865475727 ) ) ;
#624 = VECTOR ( 'NONE', #871, 1000.000000000000000 ) ;
#625 = DIRECTION ( 'NONE',  ( 0.000000000000000000, 0.9612616959383174509, -0.2756373558170039373 ) ) ;
#626 = EDGE_LOOP ( 'NONE', ( #3415, #4399, #8084, #4310, #3081, #5745, #1030, #7659, #2976, #617, #6832, #6575, #3663, #213, #1241, #5635, #4116, #945, #6338, #7803, #7331, #6642, #6412, #3300 ) ) ;
#627 = CARTESIAN_POINT ( 'NONE',  ( 0.4124163967275038534, 7.271022431965715960, -10.56191803408056451 ) ) ;
#628 = DIRECTION ( 'NONE',  ( 0.000000000000000000, -0.2756373558170040483, 0.9612616959383175619 ) ) ;
#629 = DIRECTION ( 'NONE',  ( -0.2756373558170042704, 0.9612616959383174509, 0.000000000000000000 ) ) ;
#630 = FACE_OUTER_BOUND ( 'NONE', #3799, .T. ) ;
#631 = CARTESIAN_POINT ( 'NONE',  ( 6.964775456032696207E-16, 8.566080860090862004, 34.80943399447238562 ) ) ;
#632 = VERTEX_POINT ( 'NONE', #6421 ) ;
#633 = DIRECTION ( 'NONE',  ( 0.000000000000000000, -0.9612616959383180060, -0.2756373558170023830 ) ) ;
#634 = ORIENTED_EDGE ( 'NONE', *, *, #6223, .T. ) ;
#635 = CARTESIAN_POINT ( 'NONE',  ( 0.000000000000000000, 8.566080860090853122, 34.80943399447238562 ) ) ;
#636 = ADVANCED_FACE ( 'NONE', ( #110 ), #6962, .F. ) ;
#637 = VERTEX_POINT ( 'NONE', #1436 ) ;
#638 = ORIENTED_EDGE ( 'NONE', *, *, #5856, .T. ) ;
#639 = CARTESIAN_POINT ( 'NONE',  ( -0.4124163967275039089, 7.271022431965715960, 25.43808196591944082 ) ) ;
#640 = LINE ( 'NONE', #6918, #6853 ) ;
#641 = EDGE_CURVE ( 'NONE', #94, #1653, #5803, .T. ) ;
#642 = VECTOR ( 'NONE', #1464, 1000.000000000000114 ) ;
#643 = CARTESIAN_POINT ( 'NONE',  ( -27.54999999999999361, 10.80000000000000071, -35.45000000000039364 ) ) ;
#644 = ADVANCED_FACE ( 'NONE', ( #158 ), #2670, .F. ) ;
#645 = VERTEX_POINT ( 'NONE', #5190 ) ;
#646 = VERTEX_POINT ( 'NONE', #698 ) ;
#647 = EDGE_CURVE ( 'NONE', #5225, #5401, #201, .T. ) ;
#648 = UNCERTAINTY_MEASURE_WITH_UNIT (LENGTH_MEASURE( 1.000000000000000082E-05 ), #881, 'distance_accuracy_value', 'NONE');
#649 = ORIENTED_EDGE ( 'NONE', *, *, #2874, .F. ) ;
#650 = EDGE_CURVE ( 'NONE', #165, #7497, #7082, .T. ) ;
#651 = EDGE_CURVE ( 'NONE', #6738, #858, #2712, .T. ) ;
#652 = VECTOR ( 'NONE', #4410, 1000.000000000000000 ) ;
#653 = VERTEX_POINT ( 'NONE', #7750 ) ;
#654 = DIRECTION ( 'NONE',  ( 0.2756373558170042704, 0.9612616959383174509, 0.000000000000000000 ) ) ;
#655 = CARTESIAN_POINT ( 'NONE',  ( 40.07937528197223997, 29.75245638442227047, 13.11547058297133539 ) ) ;
#657 = FACE_OUTER_BOUND ( 'NONE', #5157, .T. ) ;
#656 = VECTOR ( 'NONE', #4628, 1000.000000000000114 ) ;
#658 = AXIS2_PLACEMENT_3D ( 'NONE', #7053, #3251, #4697 ) ;
#659 = CARTESIAN_POINT ( 'NONE',  ( -2.026107866450391537, 5.652200105873706804, -6.973892133549991712 ) ) ;
#660 = DIRECTION ( 'NONE',  ( 0.000000000000000000, -0.9612616959383174509, 0.2756373558170039373 ) ) ;
#661 = LINE ( 'NONE', #8064, #6706 ) ;
#662 = VECTOR ( 'NONE', #3797, 1000.000000000000000 ) ;
#663 = DIRECTION ( 'NONE',  ( 0.000000000000000000, 0.000000000000000000, -1.000000000000000000 ) ) ;
#664 = ORIENTED_EDGE ( 'NONE', *, *, #3574, .T. ) ;
#665 = AXIS2_PLACEMENT_3D ( 'NONE', #3668, #7549, #1902 ) ;
#666 = EDGE_CURVE ( 'NONE', #4715, #8127, #5888, .T. ) ;
#667 = VECTOR ( 'NONE', #979, 1000.000000000000114 ) ;
#668 = CARTESIAN_POINT ( 'NONE',  ( 0.000000000000000000, 7.500000000000000000, -28.49625977300445356 ) ) ;
#669 = CARTESIAN_POINT ( 'NONE',  ( 51.62500000000000000, 10.53731005528969256, -33.62500000000000000 ) ) ;
#670 = DIRECTION ( 'NONE',  ( -1.000000000000000000, -0.000000000000000000, -0.000000000000000000 ) ) ;
#671 = EDGE_CURVE ( 'NONE', #3519, #813, #4444, .T. ) ;
#672 = CARTESIAN_POINT ( 'NONE',  ( 47.73571359999212405, 22.25864506693675082, 26.58211138907230975 ) ) ;
#673 = VECTOR ( 'NONE', #3921, 1000.000000000000114 ) ;
#674 = DIRECTION ( 'NONE',  ( 0.000000000000000000, 0.000000000000000000, 1.000000000000000000 ) ) ;
#675 = ORIENTED_EDGE ( 'NONE', *, *, #7924, .F. ) ;
#676 = DIRECTION ( 'NONE',  ( 1.000000000000000000, 0.000000000000000000, -2.679109615408197094E-16 ) ) ;
#677 = VERTEX_POINT ( 'NONE', #7687 ) ;
#678 = DIRECTION ( 'NONE',  ( -0.5001519828512182020, 0.8323926831162096196, -0.2386847610229696770 ) ) ;
#679 = EDGE_CURVE ( 'NONE', #889, #7865, #1415, .T. ) ;
#680 = ORIENTED_EDGE ( 'NONE', *, *, #1871, .F. ) ;
#681 = ORIENTED_EDGE ( 'NONE', *, *, #6053, .T. ) ;
#682 = CARTESIAN_POINT ( 'NONE',  ( 52.80943399447263431, 8.566080860090425020, -10.19056600552774228 ) ) ;
#683 = DIRECTION ( 'NONE',  ( -0.2657276780299913099, -0.9267025424900799946, 0.2657276780299913099 ) ) ;
#684 = DIRECTION ( 'NONE',  ( 0.000000000000000000, -0.9612616959383174509, -0.2756373558170042704 ) ) ;
#685 = EDGE_CURVE ( 'NONE', #4913, #1272, #2034, .T. ) ;
#686 = ORIENTED_EDGE ( 'NONE', *, *, #2349, .T. ) ;
#687 = ADVANCED_FACE ( 'NONE', ( #754 ), #7108, .F. ) ;
#688 = ORIENTED_EDGE ( 'NONE', *, *, #1031, .F. ) ;
#689 = VECTOR ( 'NONE', #7261, 1000.000000000000114 ) ;
#690 = EDGE_LOOP ( 'NONE', ( #3869, #1857, #5347, #7962 ) ) ;
#691 = EDGE_LOOP ( 'NONE', ( #7180, #207, #6508, #4738 ) ) ;
#692 = ORIENTED_EDGE ( 'NONE', *, *, #1803, .F. ) ;
#693 = EDGE_CURVE ( 'NONE', #2868, #789, #6532, .T. ) ;
#694 = FACE_OUTER_BOUND ( 'NONE', #7745, .T. ) ;
#695 = EDGE_CURVE ( 'NONE', #1850, #4042, #7194, .T. ) ;
#696 = DIRECTION ( 'NONE',  ( 0.000000000000000000, 0.000000000000000000, -1.000000000000000000 ) ) ;
#697 = EDGE_CURVE ( 'NONE', #6150, #3546, #6570, .T. ) ;
#698 = CARTESIAN_POINT ( 'NONE',  ( -51.62500000000000000, 10.80000000000000426, -18.55000000000037730 ) ) ;
#699 = EDGE_CURVE ( 'NONE', #6100, #5387, #7157, .T. ) ;
#700 = CARTESIAN_POINT ( 'NONE',  ( 34.80943399447276221, 8.566080860090846016, 34.80943399447237852 ) ) ;
#701 = PLANE ( 'NONE',  #7891 ) ;
#702 = LINE ( 'NONE', #41, #5138 ) ;
#703 = AXIS2_PLACEMENT_3D ( 'NONE', #6960, #7132, #7705 ) ;
#704 = ORIENTED_EDGE ( 'NONE', *, *, #7449, .T. ) ;
#705 = PLANE ( 'NONE',  #2515 ) ;
#706 = DIRECTION ( 'NONE',  ( 0.2657276780299911434, -0.9267025424900801056, 0.2657276780299911434 ) ) ;
#707 = DIRECTION ( 'NONE',  ( -0.7071067811865452413, 0.000000000000000000, -0.7071067811865497932 ) ) ;
#708 = DIRECTION ( 'NONE',  ( 1.000000000000000000, 0.000000000000000000, -0.000000000000000000 ) ) ;
#709 = DIRECTION ( 'NONE',  ( 0.000000000000000000, -0.9612616959383174509, -0.2756373558170039373 ) ) ;
#710 = ORIENTED_EDGE ( 'NONE', *, *, #1282, .T. ) ;
#711 = CARTESIAN_POINT ( 'NONE',  ( 10.49999999999997868, 0.000000000000000000, 10.49999999999997868 ) ) ;
#712 = ORIENTED_EDGE ( 'NONE', *, *, #1392, .F. ) ;
#713 = DIRECTION ( 'NONE',  ( -1.000000000000000000, -0.000000000000000000, -0.000000000000000000 ) ) ;
#714 = ORIENTED_EDGE ( 'NONE', *, *, #4645, .F. ) ;
#715 = ORIENTED_EDGE ( 'NONE', *, *, #2234, .T. ) ;
#716 = LINE ( 'NONE', #6985, #7787 ) ;
#717 = CARTESIAN_POINT ( 'NONE',  ( 62.00000000000000000, 7.500000000000000000, -34.00000000000000000 ) ) ;
#718 = FACE_OUTER_BOUND ( 'NONE', #4512, .T. ) ;
#719 = PLANE ( 'NONE',  #7996 ) ;
#720 = CARTESIAN_POINT ( 'NONE',  ( 0.5500000000000088152, 82.98258077199005811, 35.45000000000000995 ) ) ;
#721 = ORIENTED_EDGE ( 'NONE', *, *, #2508, .F. ) ;
#722 = ORIENTED_EDGE ( 'NONE', *, *, #5682, .F. ) ;
#723 = AXIS2_PLACEMENT_3D ( 'NONE', #3696, #6049, #6757 ) ;
#724 = ORIENTED_EDGE ( 'NONE', *, *, #7654, .T. ) ;
#725 = FACE_OUTER_BOUND ( 'NONE', #7722, .T. ) ;
#726 = AXIS2_PLACEMENT_3D ( 'NONE', #7992, #1682, #1638 ) ;
#728 = EDGE_CURVE ( 'NONE', #5839, #4272, #7063, .T. ) ;
#727 = ORIENTED_EDGE ( 'NONE', *, *, #131, .T. ) ;
#729 = EDGE_LOOP ( 'NONE', ( #1661, #2391, #399, #3814 ) ) ;
#730 = DIRECTION ( 'NONE',  ( 0.000000000000000000, 0.000000000000000000, -1.000000000000000000 ) ) ;
#731 = CARTESIAN_POINT ( 'NONE',  ( 61.43449314192414334, 10.49999999999999822, 33.36342533005872468 ) ) ;
#732 = DIRECTION ( 'NONE',  ( -0.2657276780299911434, 0.9267025424900801056, 0.2657276780299911434 ) ) ;
#733 = EDGE_CURVE ( 'NONE', #5015, #312, #5867, .T. ) ;
#734 = DIRECTION ( 'NONE',  ( 0.000000000000000000, 0.000000000000000000, -1.000000000000000000 ) ) ;
#735 = CARTESIAN_POINT ( 'NONE',  ( -52.50374022699593723, 7.500000000000000000, 0.000000000000000000 ) ) ;
#737 = EDGE_CURVE ( 'NONE', #3610, #5913, #6403, .T. ) ;
#736 = VECTOR ( 'NONE', #7395, 1000.000000000000000 ) ;
#738 = CARTESIAN_POINT ( 'NONE',  ( 0.000000000000000000, 10.80000000000000071, -33.62500000000000000 ) ) ;
#739 = ORIENTED_EDGE ( 'NONE', *, *, #4413, .T. ) ;
#740 = ORIENTED_EDGE ( 'NONE', *, *, #6144, .T. ) ;
#741 = EDGE_CURVE ( 'NONE', #4753, #312, #5779, .T. ) ;
#742 = FACE_OUTER_BOUND ( 'NONE', #1430, .T. ) ;
#743 = DIRECTION ( 'NONE',  ( -1.000000000000000000, 0.000000000000000000, 0.000000000000000000 ) ) ;
#744 = LINE ( 'NONE', #6479, #8048 ) ;
#745 = LINE ( 'NONE', #2722, #1435 ) ;
#746 = ORIENTED_EDGE ( 'NONE', *, *, #7601, .T. ) ;
#747 = AXIS2_PLACEMENT_3D ( 'NONE', #735, #3243, #7672 ) ;
#748 = LINE ( 'NONE', #88, #1138 ) ;
#749 = ORIENTED_EDGE ( 'NONE', *, *, #6040, .F. ) ;
#750 = LINE ( 'NONE', #3258, #2632 ) ;
#751 = VECTOR ( 'NONE', #7269, 1000.000000000000000 ) ;
#752 = VERTEX_POINT ( 'NONE', #1502 ) ;
#753 = DIRECTION ( 'NONE',  ( -0.2657276780299913099, -0.9267025424900799946, 0.2657276780299913099 ) ) ;
#754 = FACE_OUTER_BOUND ( 'NONE', #6148, .T. ) ;
#755 = PLANE ( 'NONE',  #2922 ) ;
#756 = LINE ( 'NONE', #3809, #6703 ) ;
#757 = PLANE ( 'NONE',  #5863 ) ;
#758 = CARTESIAN_POINT ( 'NONE',  ( 2.375000000000005773, 10.80000000000000426, -18.55000000000037730 ) ) ;
#759 = ORIENTED_EDGE ( 'NONE', *, *, #4830, .F. ) ;
#760 = ORIENTED_EDGE ( 'NONE', *, *, #7096, .F. ) ;
#761 = VECTOR ( 'NONE', #6083, 1000.000000000000114 ) ;
#762 = EDGE_LOOP ( 'NONE', ( #2835, #1076, #3407, #6552 ) ) ;
#764 = EDGE_CURVE ( 'NONE', #4479, #1444, #304, .T. ) ;
#763 = CARTESIAN_POINT ( 'NONE',  ( -53.44999999999999574, 10.80000000000000071, -9.550000000000384404 ) ) ;
#765 = LINE ( 'NONE', #3274, #6163 ) ;
#766 = EDGE_CURVE ( 'NONE', #4822, #7566, #3924, .T. ) ;
#767 = VECTOR ( 'NONE', #7806, 1000.000000000000114 ) ;
#768 = EDGE_CURVE ( 'NONE', #4463, #572, #4504, .T. ) ;
#769 = ORIENTED_EDGE ( 'NONE', *, *, #1674, .F. ) ;
#770 = ORIENTED_EDGE ( 'NONE', *, *, #38, .T. ) ;
#771 = ORIENTED_EDGE ( 'NONE', *, *, #3768, .T. ) ;
#772 = APPLICATION_PROTOCOL_DEFINITION ( 'draft international standard', 'automotive_design', 1998, #5258 ) ;
#773 = LINE ( 'NONE', #2093, #6365 ) ;
#774 = DIRECTION ( 'NONE',  ( 1.000000000000000000, 0.000000000000000000, 0.000000000000000000 ) ) ;
#775 = VECTOR ( 'NONE', #6246, 1000.000000000000000 ) ;
#776 = CARTESIAN_POINT ( 'NONE',  ( -6.264286400007871514, 22.25864506693675438, 26.58211138907232751 ) ) ;
#777 = ADVANCED_FACE ( 'NONE', ( #2690 ), #5908, .T. ) ;
#778 = PLANE ( 'NONE',  #5160 ) ;
#779 = CARTESIAN_POINT ( 'NONE',  ( 40.07937528197223997, 29.75245638442227047, 31.88452941702788479 ) ) ;
#780 = LINE ( 'NONE', #7715, #929 ) ;
#781 = VECTOR ( 'NONE', #3441, 1000.000000000000000 ) ;
#782 = EDGE_LOOP ( 'NONE', ( #1562, #7652, #8125, #5383 ) ) ;
#783 = ORIENTED_EDGE ( 'NONE', *, *, #2395, .F. ) ;
#784 = CARTESIAN_POINT ( 'NONE',  ( 61.85875721063606392, 9.699999999999974420, -33.78768939877064525 ) ) ;
#785 = LINE ( 'NONE', #7095, #575 ) ;
#786 = CARTESIAN_POINT ( 'NONE',  ( 2.375000000000005773, 10.80000000000000426, -26.45000000000038298 ) ) ;
#787 = FACE_OUTER_BOUND ( 'NONE', #8078, .T. ) ;
#788 = AXIS2_PLACEMENT_3D ( 'NONE', #334, #6690, #1041 ) ;
#789 = VERTEX_POINT ( 'NONE', #3310 ) ;
#790 = CARTESIAN_POINT ( 'NONE',  ( -40.07937528197223997, 29.75245638442227047, 13.88452941702789190 ) ) ;
#791 = ORIENTED_EDGE ( 'NONE', *, *, #6467, .F. ) ;
#792 = EDGE_CURVE ( 'NONE', #6621, #2310, #7817, .T. ) ;
#793 = VECTOR ( 'NONE', #2411, 1000.000000000000000 ) ;
#794 = LINE ( 'NONE', #3965, #5016 ) ;
#795 = VECTOR ( 'NONE', #4189, 1000.000000000000000 ) ;
#796 = ADVANCED_FACE ( 'NONE', ( #1544 ), #802, .F. ) ;
#797 = ADVANCED_FACE ( 'NONE', ( #2649 ), #5165, .F. ) ;
#798 = VECTOR ( 'NONE', #4751, 1000.000000000000000 ) ;
#799 = LINE ( 'NONE', #7191, #673 ) ;
#800 = ORIENTED_EDGE ( 'NONE', *, *, #7864, .T. ) ;
#801 = CARTESIAN_POINT ( 'NONE',  ( 0.5499999999999949374, 10.80000000000000071, -18.55000000000037730 ) ) ;
#802 = PLANE ( 'NONE',  #3777 ) ;
#803 = CARTESIAN_POINT ( 'NONE',  ( -15.26428640000787240, 22.25864506693675438, -26.58211138907232396 ) ) ;
#804 = DIRECTION ( 'NONE',  ( 0.000000000000000000, 0.000000000000000000, -1.000000000000000000 ) ) ;
#805 = VECTOR ( 'NONE', #1004, 1000.000000000000000 ) ;
#806 = DIRECTION ( 'NONE',  ( -1.000000000000000000, 0.000000000000000000, 0.000000000000000000 ) ) ;
#807 = DIRECTION ( 'NONE',  ( -1.000000000000000000, 0.000000000000000000, 0.000000000000000000 ) ) ;
#808 = EDGE_CURVE ( 'NONE', #407, #6730, #1716, .T. ) ;
#809 = ORIENTED_EDGE ( 'NONE', *, *, #5445, .F. ) ;
#810 = VECTOR ( 'NONE', #2734, 1000.000000000000000 ) ;
#811 = EDGE_CURVE ( 'NONE', #6006, #4435, #1760, .T. ) ;
#812 = VECTOR ( 'NONE', #218, 1000.000000000000000 ) ;
#813 = VERTEX_POINT ( 'NONE', #4755 ) ;
#814 = VERTEX_POINT ( 'NONE', #4095 ) ;
#815 = CARTESIAN_POINT ( 'NONE',  ( 41.06738976402689900, -0.9965637948165171345, -32.06738976402728980 ) ) ;
#816 = CARTESIAN_POINT ( 'NONE',  ( 0.000000000000000000, 7.500000000000000000, -10.49625977300446067 ) ) ;
#818 = VECTOR ( 'NONE', #2333, 1000.000000000000114 ) ;
#817 = CARTESIAN_POINT ( 'NONE',  ( 0.000000000000000000, 7.500000000000000000, -25.50374022699630672 ) ) ;
#819 = ORIENTED_EDGE ( 'NONE', *, *, #2729, .F. ) ;
#820 = ORIENTED_EDGE ( 'NONE', *, *, #957, .T. ) ;
#821 = VERTEX_POINT ( 'NONE', #2902 ) ;
#822 = SHAPE_DEFINITION_REPRESENTATION ( #5102, #7292 ) ;
#823 = DIRECTION ( 'NONE',  ( 1.000000000000000000, 0.000000000000000000, -0.000000000000000000 ) ) ;
#824 = AXIS2_PLACEMENT_3D ( 'NONE', #1827, #7553, #8137 ) ;
#825 = LINE ( 'NONE', #6466, #7480 ) ;
#826 = DIRECTION ( 'NONE',  ( -0.000000000000000000, 0.000000000000000000, 1.000000000000000000 ) ) ;
#827 = DIRECTION ( 'NONE',  ( 0.9612616959383174509, -0.2756373558170042704, 0.000000000000000000 ) ) ;
#828 = LINE ( 'NONE', #779, #4983 ) ;
#829 = LINE ( 'NONE', #4525, #2117 ) ;
#830 = ORIENTED_EDGE ( 'NONE', *, *, #3252, .F. ) ;
#831 = ORIENTED_EDGE ( 'NONE', *, *, #2942, .T. ) ;
#832 = LINE ( 'NONE', #5810, #5759 ) ;
#833 = DIRECTION ( 'NONE',  ( 0.000000000000000000, 0.000000000000000000, -1.000000000000000000 ) ) ;
#834 = DIRECTION ( 'NONE',  ( 0.4578768884082909940, -0.7620351108204156398, 0.4578768884082907165 ) ) ;
#835 = VECTOR ( 'NONE', #1361, 1000.000000000000114 ) ;
#836 = DIRECTION ( 'NONE',  ( -1.000000000000000000, -0.000000000000000000, -0.000000000000000000 ) ) ;
#837 = ORIENTED_EDGE ( 'NONE', *, *, #3789, .F. ) ;
#838 = LINE ( 'NONE', #4662, #7714 ) ;
#839 = VECTOR ( 'NONE', #3053, 1000.000000000000000 ) ;
#840 = DIRECTION ( 'NONE',  ( -1.000000000000000000, -0.000000000000000000, -0.000000000000000000 ) ) ;
#841 = CARTESIAN_POINT ( 'NONE',  ( 54.49999999999999289, 10.79999999999989235, 36.49999999999959499 ) ) ;
#842 = VERTEX_POINT ( 'NONE', #512 ) ;
#844 = EDGE_CURVE ( 'NONE', #2695, #5808, #6743, .T. ) ;
#843 = CARTESIAN_POINT ( 'NONE',  ( -48.93261023597309389, -0.9965637948165171345, -32.06738976402728980 ) ) ;
#845 = CARTESIAN_POINT ( 'NONE',  ( 9.550000000000002487, 10.80000000000000071, -35.45000000000039364 ) ) ;
#846 = CARTESIAN_POINT ( 'NONE',  ( 51.62500000000000000, 10.53731005528970854, 18.62532512953050201 ) ) ;
#847 = VECTOR ( 'NONE', #5974, 1000.000000000000000 ) ;
#848 = CARTESIAN_POINT ( 'NONE',  ( 61.43449314192414334, 10.49999999999999822, -33.36342533005872468 ) ) ;
#849 = CARTESIAN_POINT ( 'NONE',  ( -30.93261023597309389, -0.9965637948165171345, -32.06738976402728980 ) ) ;
#850 = EDGE_CURVE ( 'NONE', #5387, #1226, #4263, .T. ) ;
#851 = DIRECTION ( 'NONE',  ( -1.000000000000000000, 0.000000000000000000, 0.000000000000000000 ) ) ;
#852 = VERTEX_POINT ( 'NONE', #6785 ) ;
#853 = ORIENTED_EDGE ( 'NONE', *, *, #4779, .F. ) ;
#854 = EDGE_LOOP ( 'NONE', ( #337, #7176, #5860, #602 ) ) ;
#855 = PLANE ( 'NONE',  #1860 ) ;
#856 = DIRECTION ( 'NONE',  ( 0.000000000000000000, 0.000000000000000000, -1.000000000000000000 ) ) ;
#857 = CARTESIAN_POINT ( 'NONE',  ( 52.42887829972521274, 25.53679663750741469, -34.42887829972561775 ) ) ;
#858 = VERTEX_POINT ( 'NONE', #6122 ) ;
#859 = ORIENTED_EDGE ( 'NONE', *, *, #6092, .T. ) ;
#860 = CARTESIAN_POINT ( 'NONE',  ( 48.93261023597309389, -0.9965637948165171345, -32.06738976402728980 ) ) ;
#861 = DIRECTION ( 'NONE',  ( -1.000000000000000000, 0.000000000000000000, 0.000000000000000000 ) ) ;
#862 = DIRECTION ( 'NONE',  ( 0.000000000000000000, -0.9612616959383174509, 0.2756373558170042704 ) ) ;
#863 = VECTOR ( 'NONE', #2252, 1000.000000000000000 ) ;
#864 = EDGE_CURVE ( 'NONE', #6920, #4114, #2986, .T. ) ;
#865 = DIRECTION ( 'NONE',  ( -0.000000000000000000, -0.000000000000000000, -1.000000000000000000 ) ) ;
#866 = FACE_OUTER_BOUND ( 'NONE', #443, .T. ) ;
#867 = VECTOR ( 'NONE', #4623, 1000.000000000000114 ) ;
#868 = CARTESIAN_POINT ( 'NONE',  ( 52.50374022699593013, 7.500000000000000000, 0.000000000000000000 ) ) ;
#869 = VERTEX_POINT ( 'NONE', #7321 ) ;
#870 = VERTEX_POINT ( 'NONE', #3030 ) ;
#871 = DIRECTION ( 'NONE',  ( -1.000000000000000000, -0.000000000000000000, -0.000000000000000000 ) ) ;
#872 = LINE ( 'NONE', #5197, #3079 ) ;
#873 = ADVANCED_FACE ( 'NONE', ( #7947 ), #2296, .F. ) ;
#874 = FACE_OUTER_BOUND ( 'NONE', #8129, .T. ) ;
#875 = EDGE_CURVE ( 'NONE', #4155, #3134, #7365, .T. ) ;
#876 = CARTESIAN_POINT ( 'NONE',  ( 60.02027957955104398, 9.499999999999980460, 31.94921176768562177 ) ) ;
#877 = EDGE_CURVE ( 'NONE', #7351, #7826, #3645, .T. ) ;
#878 = EDGE_LOOP ( 'NONE', ( #5351, #4, #5710, #372 ) ) ;
#879 = LINE ( 'NONE', #6526, #7187 ) ;
#880 = LINE ( 'NONE', #3387, #4748 ) ;
#881 =( LENGTH_UNIT ( ) NAMED_UNIT ( * ) SI_UNIT ( .MILLI., .METRE. ) );
#882 = ORIENTED_EDGE ( 'NONE', *, *, #6042, .T. ) ;
#883 = CARTESIAN_POINT ( 'NONE',  ( 0.5499999999999949374, 10.80000000000000071, 9.549999999999611688 ) ) ;
#884 = CARTESIAN_POINT ( 'NONE',  ( -39.93261023597309389, -0.9965637948165171345, -32.06738976402728980 ) ) ;
#885 = LINE ( 'NONE', #305, #1852 ) ;
#886 = CARTESIAN_POINT ( 'NONE',  ( -52.80943399447264142, 8.566080860090405480, 28.19056600552696779 ) ) ;
#887 = CARTESIAN_POINT ( 'NONE',  ( -2.375000000000005773, 10.80000000000000426, -8.450000000000388312 ) ) ;
#888 = DIRECTION ( 'NONE',  ( 0.000000000000000000, 0.000000000000000000, -1.000000000000000000 ) ) ;
#889 = VERTEX_POINT ( 'NONE', #2377 ) ;
#890 = AXIS2_PLACEMENT_3D ( 'NONE', #7615, #1785, #584 ) ;
#891 = EDGE_LOOP ( 'NONE', ( #4777, #4429, #7643, #4771 ) ) ;
#892 = VERTEX_POINT ( 'NONE', #2857 ) ;
#893 = DIRECTION ( 'NONE',  ( 1.000000000000000000, 0.000000000000000000, 0.000000000000000000 ) ) ;
#894 = LINE ( 'NONE', #7168, #2638 ) ;
#895 = LINE ( 'NONE', #4060, #4769 ) ;
#896 = ORIENTED_EDGE ( 'NONE', *, *, #7040, .T. ) ;
#897 = VERTEX_POINT ( 'NONE', #1633 ) ;
#898 = DIRECTION ( 'NONE',  ( -0.000000000000000000, -0.2756373558170040483, -0.9612616959383175619 ) ) ;
#899 = ADVANCED_FACE ( 'NONE', ( #4884 ), #4138, .F. ) ;
#900 = PLANE ( 'NONE',  #2090 ) ;
#901 = EDGE_CURVE ( 'NONE', #2028, #5046, #6699, .T. ) ;
#902 = EDGE_CURVE ( 'NONE', #1272, #4693, #6033, .T. ) ;
#903 = EDGE_LOOP ( 'NONE', ( #2032, #4851, #4144, #8153 ) ) ;
#904 = EDGE_LOOP ( 'NONE', ( #4252, #7660, #5279, #5561 ) ) ;
#905 = VECTOR ( 'NONE', #2500, 1000.000000000000114 ) ;
#906 = LINE ( 'NONE', #5316, #3723 ) ;
#907 = CARTESIAN_POINT ( 'NONE',  ( -51.62500000000000000, 10.80000000000000426, 8.449999999999617373 ) ) ;
#908 = LINE ( 'NONE', #991, #7524 ) ;
#909 = VERTEX_POINT ( 'NONE', #3553 ) ;
#910 = ORIENTED_EDGE ( 'NONE', *, *, #697, .F. ) ;
#911 = LINE ( 'NONE', #2767, #2223 ) ;
#912 = CARTESIAN_POINT ( 'NONE',  ( -9.625325129530896362, 10.53731005528969611, -33.62500000000000000 ) ) ;
#913 = CARTESIAN_POINT ( 'NONE',  ( 0.000000000000000000, 7.500000000000000000, 34.50374022699554644 ) ) ;
#914 = DIRECTION ( 'NONE',  ( 0.9612616959383174509, -0.2756373558170042704, 0.000000000000000000 ) ) ;
#915 = EDGE_LOOP ( 'NONE', ( #7576, #4527, #3706, #2432 ) ) ;
#916 = DIRECTION ( 'NONE',  ( 0.000000000000000000, 0.000000000000000000, -1.000000000000000000 ) ) ;
#917 = LINE ( 'NONE', #7018, #6210 ) ;
#918 = EDGE_CURVE ( 'NONE', #637, #4047, #1093, .T. ) ;
#919 = DIRECTION ( 'NONE',  ( 0.000000000000000000, -0.2756373558170042704, 0.9612616959383174509 ) ) ;
#920 = VECTOR ( 'NONE', #3683, 1000.000000000000000 ) ;
#921 = ORIENTED_EDGE ( 'NONE', *, *, #4785, .F. ) ;
#922 = LINE ( 'NONE', #5866, #5146 ) ;
#923 = CARTESIAN_POINT ( 'NONE',  ( -40.07937528197223287, 29.75245638442227047, -4.115470582972125868 ) ) ;
#924 = CARTESIAN_POINT ( 'NONE',  ( -29.37500000000000000, 10.53731005528972631, -33.62500000000000000 ) ) ;
#925 = VECTOR ( 'NONE', #4664, 1000.000000000000114 ) ;
#926 = LINE ( 'NONE', #2168, #6303 ) ;
#927 = LINE ( 'NONE', #4849, #7968 ) ;
#928 = LINE ( 'NONE', #3356, #2321 ) ;
#929 = VECTOR ( 'NONE', #4653, 999.9999999999998863 ) ;
#930 = ORIENTED_EDGE ( 'NONE', *, *, #7913, .T. ) ;
#931 = VECTOR ( 'NONE', #7944, 1000.000000000000000 ) ;
#932 = ORIENTED_EDGE ( 'NONE', *, *, #6053, .F. ) ;
#933 = ORIENTED_EDGE ( 'NONE', *, *, #6498, .F. ) ;
#934 = AXIS2_PLACEMENT_3D ( 'NONE', #2716, #4613, #2674 ) ;
#935 = FACE_OUTER_BOUND ( 'NONE', #7231, .T. ) ;
#936 = DIRECTION ( 'NONE',  ( 0.000000000000000000, 0.000000000000000000, -1.000000000000000000 ) ) ;
#937 = DIRECTION ( 'NONE',  ( -0.000000000000000000, -0.2756373558170040483, -0.9612616959383175619 ) ) ;
#938 = EDGE_CURVE ( 'NONE', #6052, #1413, #7901, .T. ) ;
#939 = ORIENTED_EDGE ( 'NONE', *, *, #6296, .T. ) ;
#940 = ORIENTED_EDGE ( 'NONE', *, *, #5543, .T. ) ;
#941 = EDGE_CURVE ( 'NONE', #4193, #7856, #6081, .T. ) ;
#942 = VERTEX_POINT ( 'NONE', #437 ) ;
#943 = LINE ( 'NONE', #7793, #6073 ) ;
#944 = CARTESIAN_POINT ( 'NONE',  ( 45.54999999999999005, 10.80000000000000071, 17.44999999999961560 ) ) ;
#945 = ORIENTED_EDGE ( 'NONE', *, *, #5254, .T. ) ;
#946 = EDGE_LOOP ( 'NONE', ( #4766, #565, #7069, #1925 ) ) ;
#947 = ORIENTED_EDGE ( 'NONE', *, *, #2409, .F. ) ;
#948 = CARTESIAN_POINT ( 'NONE',  ( 0.5500000000000088152, 82.98258077199005811, -35.45000000000000284 ) ) ;
#949 = ADVANCED_FACE ( 'NONE', ( #2334 ), #7987, .F. ) ;
#950 = CARTESIAN_POINT ( 'NONE',  ( -17.44999999999999929, 10.80000000000000071, -35.45000000000039364 ) ) ;
#951 = EDGE_CURVE ( 'NONE', #7050, #2845, #6825, .T. ) ;
#952 = DIRECTION ( 'NONE',  ( 1.000000000000000000, 0.000000000000000000, 0.000000000000000000 ) ) ;
#953 = VERTEX_POINT ( 'NONE', #3070 ) ;
#954 = ORIENTED_EDGE ( 'NONE', *, *, #2372, .F. ) ;
#955 = CARTESIAN_POINT ( 'NONE',  ( 0.000000000000000000, 10.80000000000000071, 33.62500000000000000 ) ) ;
#956 = VECTOR ( 'NONE', #660, 1000.000000000000114 ) ;
#957 = EDGE_CURVE ( 'NONE', #4114, #7939, #7528, .T. ) ;
#958 = DIRECTION ( 'NONE',  ( 0.000000000000000000, -0.000000000000000000, -1.000000000000000000 ) ) ;
#959 = LINE ( 'NONE', #1667, #4473 ) ;
#960 = CARTESIAN_POINT ( 'NONE',  ( 53.44999999999999574, 10.80000000000000071, -9.550000000000384404 ) ) ;
#961 = VERTEX_POINT ( 'NONE', #1879 ) ;
#962 = DIRECTION ( 'NONE',  ( -0.000000000000000000, -1.000000000000000000, -0.000000000000000000 ) ) ;
#963 = ADVANCED_FACE ( 'NONE', ( #3178 ), #2486, .F. ) ;
#964 = CARTESIAN_POINT ( 'NONE',  ( 61.85875721063606392, 9.699999999999974420, 33.78768939877064525 ) ) ;
#965 = CARTESIAN_POINT ( 'NONE',  ( -46.49625977300406277, 7.500000000000000000, -33.62500000000000000 ) ) ;
#966 = ORIENTED_EDGE ( 'NONE', *, *, #1826, .F. ) ;
#967 = CARTESIAN_POINT ( 'NONE',  ( 1.496259773004070315, 7.500000000000000000, 0.000000000000000000 ) ) ;
#968 = CARTESIAN_POINT ( 'NONE',  ( -71.94928943488123707, 10.53731005528967302, 33.62500000000000000 ) ) ;
#969 = LINE ( 'NONE', #924, #7909 ) ;
#970 = DIRECTION ( 'NONE',  ( 0.000000000000000000, -0.000000000000000000, 1.000000000000000000 ) ) ;
#971 = PLANE ( 'NONE',  #6247 ) ;
#972 = VECTOR ( 'NONE', #4389, 1000.000000000000227 ) ;
#973 = CARTESIAN_POINT ( 'NONE',  ( -2.375000000000005773, 10.53731005528968545, 17.37467487046870218 ) ) ;
#974 = VERTEX_POINT ( 'NONE', #7595 ) ;
#975 = ORIENTED_EDGE ( 'NONE', *, *, #2269, .T. ) ;
#976 = VECTOR ( 'NONE', #1652, 1000.000000000000114 ) ;
#977 = ORIENTED_EDGE ( 'NONE', *, *, #5924, .F. ) ;
#978 = ORIENTED_EDGE ( 'NONE', *, *, #3435, .F. ) ;
#979 = DIRECTION ( 'NONE',  ( -0.2657276780299913099, 0.9267025424900799946, 0.2657276780299913099 ) ) ;
#980 = CARTESIAN_POINT ( 'NONE',  ( 53.44999999999999574, 7.500000000000000000, -35.45000000000003126 ) ) ;
#981 = CARTESIAN_POINT ( 'NONE',  ( -51.62500000000000000, 7.500000000000000000, -16.50374022699631382 ) ) ;
#982 = ORIENTED_EDGE ( 'NONE', *, *, #3754, .T. ) ;
#983 = ORIENTED_EDGE ( 'NONE', *, *, #6250, .F. ) ;
#984 = DIRECTION ( 'NONE',  ( 0.000000000000000000, -0.000000000000000000, -1.000000000000000000 ) ) ;
#985 = ORIENTED_EDGE ( 'NONE', *, *, #3437, .F. ) ;
#986 = VERTEX_POINT ( 'NONE', #5618 ) ;
#987 = ADVANCED_FACE ( 'NONE', ( #2449 ), #46, .F. ) ;
#988 = EDGE_LOOP ( 'NONE', ( #1232, #284, #6106, #2384 ) ) ;
#989 = LINE ( 'NONE', #1486, #8082 ) ;
#990 = CARTESIAN_POINT ( 'NONE',  ( -9.549999999999995381, 10.80000000000000071, -35.45000000000039364 ) ) ;
#991 = CARTESIAN_POINT ( 'NONE',  ( 61.43449314192414334, 7.500000000000000000, 33.36342533005872468 ) ) ;
#992 = VECTOR ( 'NONE', #5429, 1000.000000000000000 ) ;
#993 = VERTEX_POINT ( 'NONE', #1945 ) ;
#994 = ORIENTED_EDGE ( 'NONE', *, *, #7700, .F. ) ;
#995 = EDGE_CURVE ( 'NONE', #4435, #5447, #4453, .T. ) ;
#996 = DIRECTION ( 'NONE',  ( 0.000000000000000000, 0.000000000000000000, -1.000000000000000000 ) ) ;
#997 = CARTESIAN_POINT ( 'NONE',  ( 35.44999999999999574, 10.80000000000000071, 35.44999999999961204 ) ) ;
#998 = CARTESIAN_POINT ( 'NONE',  ( 57.89895923599141980, 7.500000000000000000, 36.89895923599146954 ) ) ;
#999 = DIRECTION ( 'NONE',  ( -1.000000000000000000, 0.000000000000000000, -0.000000000000000000 ) ) ;
#1000 = AXIS2_PLACEMENT_3D ( 'NONE', #5911, #806, #6989 ) ;
#1001 = ADVANCED_FACE ( 'NONE', ( #7486 ), #1217, .F. ) ;
#1002 = ORIENTED_EDGE ( 'NONE', *, *, #5105, .T. ) ;
#1003 = DIRECTION ( 'NONE',  ( 1.000000000000000000, 0.000000000000000000, 0.000000000000000000 ) ) ;
#1004 = DIRECTION ( 'NONE',  ( 0.000000000000000000, 0.000000000000000000, -1.000000000000000000 ) ) ;
#1005 = EDGE_CURVE ( 'NONE', #1740, #16, #1174, .T. ) ;
#1006 = EDGE_CURVE ( 'NONE', #5725, #6255, #6905, .T. ) ;
#1007 = EDGE_CURVE ( 'NONE', #2569, #6621, #1327, .T. ) ;
#1008 = FACE_OUTER_BOUND ( 'NONE', #5181, .T. ) ;
#1009 = ORIENTED_EDGE ( 'NONE', *, *, #8103, .F. ) ;
#1010 = CARTESIAN_POINT ( 'NONE',  ( -34.50374022699593013, 7.500000000000000000, 33.62500000000000000 ) ) ;
#1011 = CARTESIAN_POINT ( 'NONE',  ( 61.43449314192414334, 10.49999999999999822, -33.36342533005872468 ) ) ;
#1012 = LINE ( 'NONE', #4304, #7917 ) ;
#1013 = DIRECTION ( 'NONE',  ( -0.000000000000000000, -0.000000000000000000, 1.000000000000000000 ) ) ;
#1014 = CARTESIAN_POINT ( 'NONE',  ( -53.44999999999999574, 10.80000000000000071, 27.54999999999960991 ) ) ;
#1015 = CARTESIAN_POINT ( 'NONE',  ( 0.000000000000000000, 7.500000000000000000, 28.49625977300367907 ) ) ;
#1016 = VERTEX_POINT ( 'NONE', #5041 ) ;
#1017 = VECTOR ( 'NONE', #5294, 1000.000000000000000 ) ;
#1018 = ORIENTED_EDGE ( 'NONE', *, *, #4645, .T. ) ;
#1019 = ORIENTED_EDGE ( 'NONE', *, *, #1440, .T. ) ;
#1020 = ORIENTED_EDGE ( 'NONE', *, *, #2580, .F. ) ;
#1021 = CARTESIAN_POINT ( 'NONE',  ( -34.50374022699593013, 7.500000000000000000, 0.000000000000000000 ) ) ;
#1022 = CARTESIAN_POINT ( 'NONE',  ( 0.5500000000000088152, 82.98258077199005811, -35.45000000000000284 ) ) ;
#1023 = DIRECTION ( 'NONE',  ( 0.000000000000000000, -0.8571673007021120005, 0.5150380749100545996 ) ) ;
#1024 = ORIENTED_EDGE ( 'NONE', *, *, #4911, .T. ) ;
#1025 = ORIENTED_EDGE ( 'NONE', *, *, #5026, .T. ) ;
#1026 = VECTOR ( 'NONE', #4339, 1000.000000000000227 ) ;
#1027 = CARTESIAN_POINT ( 'NONE',  ( -1.190566005527357918, 8.566080860090394822, 0.000000000000000000 ) ) ;
#1028 = EDGE_CURVE ( 'NONE', #892, #7656, #4924, .T. ) ;
#1029 = ORIENTED_EDGE ( 'NONE', *, *, #4401, .F. ) ;
#1030 = ORIENTED_EDGE ( 'NONE', *, *, #3817, .F. ) ;
#1031 = EDGE_CURVE ( 'NONE', #6833, #2302, #7446, .T. ) ;
#1032 = EDGE_LOOP ( 'NONE', ( #1846, #1697, #5990, #4200 ) ) ;
#1033 = PLANE ( 'NONE',  #292 ) ;
#1034 = CARTESIAN_POINT ( 'NONE',  ( -34.80943399447252062, 8.566080860089979154, -34.80943399447291142 ) ) ;
#1035 = LINE ( 'NONE', #6063, #3697 ) ;
#1036 = ORIENTED_EDGE ( 'NONE', *, *, #3909, .T. ) ;
#1037 = EDGE_LOOP ( 'NONE', ( #1737, #2131, #5301, #3089 ) ) ;
#1038 = CARTESIAN_POINT ( 'NONE',  ( -48.79638818434513325, -5.429073061943231693, 30.79638818434474956 ) ) ;
#1039 = VECTOR ( 'NONE', #3032, 1000.000000000000000 ) ;
#1040 = FACE_BOUND ( 'NONE', #1322, .T. ) ;
#1041 = DIRECTION ( 'NONE',  ( 1.000000000000000000, 0.000000000000000000, -0.000000000000000000 ) ) ;
#1042 = VECTOR ( 'NONE', #4644, 1000.000000000000000 ) ;
#1043 = CARTESIAN_POINT ( 'NONE',  ( -61.00000000000000000, 10.49999999999999822, 8.000000000000000000 ) ) ;
#1044 = ORIENTED_EDGE ( 'NONE', *, *, #6901, .F. ) ;
#1045 = CARTESIAN_POINT ( 'NONE',  ( 0.5499999999999949374, 10.80000000000000071, -18.55000000000037730 ) ) ;
#1046 = PLANE ( 'NONE',  #3047 ) ;
#1047 = DIRECTION ( 'NONE',  ( -1.000000000000000000, 0.000000000000000000, 0.000000000000000000 ) ) ;
#1048 = AXIS2_PLACEMENT_3D ( 'NONE', #335, #7273, #2849 ) ;
#1049 = DIRECTION ( 'NONE',  ( 0.9612616959383180060, -0.2756373558170023830, 0.000000000000000000 ) ) ;
#1050 = DIRECTION ( 'NONE',  ( -0.000000000000000000, 0.000000000000000000, 1.000000000000000000 ) ) ;
#1051 = CARTESIAN_POINT ( 'NONE',  ( -52.80943399447264852, 8.566080860090394822, 7.809433994472258611 ) ) ;
#1052 = CARTESIAN_POINT ( 'NONE',  ( -45.54999999999999005, 10.80000000000000426, -33.62500000000000000 ) ) ;
#1053 = CARTESIAN_POINT ( 'NONE',  ( 0.000000000000000000, 7.500000000000000000, 34.50374022699554644 ) ) ;
#1054 = EDGE_CURVE ( 'NONE', #1961, #2144, #6280, .T. ) ;
#1055 = CARTESIAN_POINT ( 'NONE',  ( -51.62500000000000000, 10.80000000000000426, -33.62500000000000000 ) ) ;
#1056 = ADVANCED_FACE ( 'NONE', ( #7562 ), #3144, .T. ) ;
#1057 = VERTEX_POINT ( 'NONE', #6315 ) ;
#1058 = EDGE_CURVE ( 'NONE', #4616, #7703, #1916, .T. ) ;
#1060 = ORIENTED_EDGE ( 'NONE', *, *, #7520, .F. ) ;
#1059 = VECTOR ( 'NONE', #5756, 1000.000000000000000 ) ;
#1061 = VECTOR ( 'NONE', #4276, 1000.000000000000000 ) ;
#1062 = EDGE_LOOP ( 'NONE', ( #2615, #4737, #2772, #2996, #3534, #3008, #3256, #7118, #8044, #1894, #2731, #5255, #5407, #7267, #2699, #2755, #6130, #1619, #1613, #7034, #4002, #6840, #6611, #1387, #1454, #2496, #4123, #2911, #7427, #4788, #4289, #6750 ) ) ;
#1063 = ORIENTED_EDGE ( 'NONE', *, *, #8003, .T. ) ;
#1064 = DIRECTION ( 'NONE',  ( -1.000000000000000000, -0.000000000000000000, -0.000000000000000000 ) ) ;
#1065 = CARTESIAN_POINT ( 'NONE',  ( 0.4124163967275037423, 7.271022431965715960, -1.561918034080550077 ) ) ;
#1066 = CARTESIAN_POINT ( 'NONE',  ( 71.94928943488123707, 10.53731005528967657, 33.62500000000000000 ) ) ;
#1067 = EDGE_CURVE ( 'NONE', #6623, #4864, #5547, .T. ) ;
#1069 = ADVANCED_FACE ( 'NONE', ( #6203 ), #558, .F. ) ;
#1068 = ORIENTED_EDGE ( 'NONE', *, *, #6940, .T. ) ;
#1070 = AXIS2_PLACEMENT_3D ( 'NONE', #4916, #7439, #1166 ) ;
#1071 = ORIENTED_EDGE ( 'NONE', *, *, #8021, .T. ) ;
#1072 = CARTESIAN_POINT ( 'NONE',  ( -12.93261023597309567, -0.9965637948165171345, -32.06738976402728980 ) ) ;
#1073 = VECTOR ( 'NONE', #3011, 1000.000000000000000 ) ;
#1074 = VECTOR ( 'NONE', #7956, 1000.000000000000000 ) ;
#1075 = ORIENTED_EDGE ( 'NONE', *, *, #1007, .F. ) ;
#1076 = ORIENTED_EDGE ( 'NONE', *, *, #1258, .T. ) ;
#1077 = VERTEX_POINT ( 'NONE', #1403 ) ;
#1078 = CARTESIAN_POINT ( 'NONE',  ( -29.73571359999217734, 22.25864506693693556, -26.58211138907203974 ) ) ;
#1079 = CARTESIAN_POINT ( 'NONE',  ( 44.45000000000000284, 10.80000000000000071, 35.44999999999961204 ) ) ;
#1080 = DIRECTION ( 'NONE',  ( -1.000000000000000000, -0.000000000000000000, -0.000000000000000000 ) ) ;
#1081 = ORIENTED_EDGE ( 'NONE', *, *, #2249, .F. ) ;
#1082 = ORIENTED_EDGE ( 'NONE', *, *, #7392, .F. ) ;
#1083 = CARTESIAN_POINT ( 'NONE',  ( 41.06738976402695585, -0.9965637948163279525, 32.06738976402657215 ) ) ;
#1084 = LINE ( 'NONE', #1751, #4390 ) ;
#1085 = DIRECTION ( 'NONE',  ( 1.000000000000000000, 0.000000000000000000, 0.000000000000000000 ) ) ;
#1086 = CARTESIAN_POINT ( 'NONE',  ( 37.19056600552723069, 8.566080860090831806, 34.80943399447237852 ) ) ;
#1087 = ORIENTED_EDGE ( 'NONE', *, *, #5970, .F. ) ;
#1088 = DIRECTION ( 'NONE',  ( 0.5001519828512179799, -0.8323926831162092865, -0.2386847610229713423 ) ) ;
#1089 = DIRECTION ( 'NONE',  ( 0.2386847610229713423, 0.8323926831162092865, -0.5001519828512179799 ) ) ;
#1090 = AXIS2_PLACEMENT_3D ( 'NONE', #5488, #4283, #1340 ) ;
#1091 = DIRECTION ( 'NONE',  ( -0.000000000000000000, 0.000000000000000000, 1.000000000000000000 ) ) ;
#1092 = LINE ( 'NONE', #4923, #4762 ) ;
#1093 = LINE ( 'NONE', #4802, #531 ) ;
#1094 = LINE ( 'NONE', #476, #1194 ) ;
#1095 = LINE ( 'NONE', #478, #7752 ) ;
#1096 = DIRECTION ( 'NONE',  ( -0.2657276780299913099, -0.9267025424900799946, 0.2657276780299913099 ) ) ;
#1097 = DIRECTION ( 'NONE',  ( 0.000000000000000000, 0.000000000000000000, -1.000000000000000000 ) ) ;
#1098 = EDGE_LOOP ( 'NONE', ( #6417, #3703, #6167, #4932 ) ) ;
#1099 = EDGE_CURVE ( 'NONE', #1732, #7061, #7630, .T. ) ;
#1100 = VERTEX_POINT ( 'NONE', #3911 ) ;
#1101 = EDGE_LOOP ( 'NONE', ( #6249, #5127, #3563, #5593 ) ) ;
#1102 = ORIENTED_EDGE ( 'NONE', *, *, #5489, .F. ) ;
#1103 = DIRECTION ( 'NONE',  ( 0.000000000000000000, 0.000000000000000000, -1.000000000000000000 ) ) ;
#1104 = EDGE_CURVE ( 'NONE', #2050, #1754, #5728, .T. ) ;
#1105 = CARTESIAN_POINT ( 'NONE',  ( -40.07937528197223997, 29.75245638442227047, 31.88452941702788479 ) ) ;
#1106 = PLANE ( 'NONE',  #3627 ) ;
#1107 = VERTEX_POINT ( 'NONE', #6560 ) ;
#1108 = EDGE_CURVE ( 'NONE', #7703, #7724, #5896, .T. ) ;
#1109 = ORIENTED_EDGE ( 'NONE', *, *, #4110, .T. ) ;
#1110 = LINE ( 'NONE', #3770, #6772 ) ;
#1111 = VECTOR ( 'NONE', #2547, 1000.000000000000000 ) ;
#1112 = ORIENTED_EDGE ( 'NONE', *, *, #5330, .F. ) ;
#1113 = ORIENTED_EDGE ( 'NONE', *, *, #4303, .F. ) ;
#1114 = VERTEX_POINT ( 'NONE', #168 ) ;
#1115 = LINE ( 'NONE', #2574, #2185 ) ;
#1116 = PLANE ( 'NONE',  #5172 ) ;
#1117 = PLANE ( 'NONE',  #2253 ) ;
#1118 = ORIENTED_EDGE ( 'NONE', *, *, #125, .F. ) ;
#1120 = VERTEX_POINT ( 'NONE', #4619 ) ;
#1119 = FACE_OUTER_BOUND ( 'NONE', #1695, .T. ) ;
#1121 = CARTESIAN_POINT ( 'NONE',  ( -60.00000000000000000, 7.500000000000000000, 8.000000000000000000 ) ) ;
#1122 = ADVANCED_FACE ( 'NONE', ( #3213 ), #248, .F. ) ;
#1123 = DIRECTION ( 'NONE',  ( -1.000000000000000000, -0.000000000000000000, -0.000000000000000000 ) ) ;
#1124 = LINE ( 'NONE', #3637, #4606 ) ;
#1125 = DIRECTION ( 'NONE',  ( 0.2657276780299913099, 0.9267025424900799946, 0.2657276780299913099 ) ) ;
#1126 = ORIENTED_EDGE ( 'NONE', *, *, #5341, .T. ) ;
#1127 = CARTESIAN_POINT ( 'NONE',  ( 11.73571359999212405, 22.25864506693675438, -26.58211138907232041 ) ) ;
#1128 = LINE ( 'NONE', #6275, #377 ) ;
#1129 = CARTESIAN_POINT ( 'NONE',  ( 1.496259773004063209, 7.500000000000000000, 0.000000000000000000 ) ) ;
#1130 = VECTOR ( 'NONE', #2390, 1000.000000000000000 ) ;
#1131 = ADVANCED_FACE ( 'NONE', ( #6520 ), #4574, .F. ) ;
#1132 = EDGE_CURVE ( 'NONE', #645, #3231, #7052, .T. ) ;
#1133 = LINE ( 'NONE', #5545, #130 ) ;
#1134 = DIRECTION ( 'NONE',  ( 0.000000000000000000, 0.000000000000000000, 1.000000000000000000 ) ) ;
#1135 = DIRECTION ( 'NONE',  ( 1.000000000000000000, 0.000000000000000000, 0.000000000000000000 ) ) ;
#1136 = ADVANCED_FACE ( 'NONE', ( #6432 ), #4658, .F. ) ;
#1137 = DIRECTION ( 'NONE',  ( 0.000000000000000000, 0.000000000000000000, -1.000000000000000000 ) ) ;
#1138 = VECTOR ( 'NONE', #2642, 1000.000000000000000 ) ;
#1139 = CARTESIAN_POINT ( 'NONE',  ( 43.50374022699593723, 7.500000000000000000, -33.62500000000000000 ) ) ;
#1140 = LINE ( 'NONE', #3110, #6051 ) ;
#1141 = CARTESIAN_POINT ( 'NONE',  ( 1.190566005527356808, 8.566080860090391269, -34.80943399447265563 ) ) ;
#1142 = ORIENTED_EDGE ( 'NONE', *, *, #7580, .T. ) ;
#1143 = ORIENTED_EDGE ( 'NONE', *, *, #1437, .T. ) ;
#1144 = EDGE_CURVE ( 'NONE', #4854, #2225, #785, .T. ) ;
#1145 = EDGE_LOOP ( 'NONE', ( #4746, #4580, #5629, #4086 ) ) ;
#1146 = VERTEX_POINT ( 'NONE', #2154 ) ;
#1147 = DIRECTION ( 'NONE',  ( 0.1378445374916336952, 0.9808148484639876985, 0.1378445374916336952 ) ) ;
#1148 = LINE ( 'NONE', #1022, #1061 ) ;
#1149 = FACE_OUTER_BOUND ( 'NONE', #7768, .T. ) ;
#1150 = VECTOR ( 'NONE', #2527, 1000.000000000000114 ) ;
#1151 = EDGE_LOOP ( 'NONE', ( #6852, #6129, #7577, #2576 ) ) ;
#1152 = ORIENTED_EDGE ( 'NONE', *, *, #3094, .T. ) ;
#1153 = EDGE_LOOP ( 'NONE', ( #4648, #2425, #4198, #3820 ) ) ;
#1154 = ORIENTED_EDGE ( 'NONE', *, *, #6334, .T. ) ;
#1155 = LINE ( 'NONE', #720, #6756 ) ;
#1156 = EDGE_CURVE ( 'NONE', #4489, #5321, #3295, .T. ) ;
#1157 = EDGE_CURVE ( 'NONE', #2786, #6920, #5110, .T. ) ;
#1158 = CARTESIAN_POINT ( 'NONE',  ( -19.49625977300406632, 7.500000000000000000, 33.62500000000000000 ) ) ;
#1159 = EDGE_CURVE ( 'NONE', #5609, #7493, #872, .T. ) ;
#1160 = PLANE ( 'NONE',  #665 ) ;
#1161 = VECTOR ( 'NONE', #4333, 1000.000000000000000 ) ;
#1163 = EDGE_LOOP ( 'NONE', ( #4679, #4684, #459, #5562 ) ) ;
#1162 = CARTESIAN_POINT ( 'NONE',  ( -57.99999999999999289, 7.500000000000000000, 8.000000000000000000 ) ) ;
#1164 = CARTESIAN_POINT ( 'NONE',  ( -8.449999999999999289, 10.80000000000000071, -35.45000000000039364 ) ) ;
#1165 = LINE ( 'NONE', #659, #5811 ) ;
#1166 = DIRECTION ( 'NONE',  ( 1.000000000000000000, 0.000000000000000000, 0.000000000000000000 ) ) ;
#1167 = PLANE ( 'NONE',  #5820 ) ;
#1168 = ORIENTED_EDGE ( 'NONE', *, *, #1305, .F. ) ;
#1169 = CARTESIAN_POINT ( 'NONE',  ( 9.550000000000002487, 10.80000000000000071, -27.55000000000038796 ) ) ;
#1170 = LINE ( 'NONE', #6822, #1973 ) ;
#1171 = LINE ( 'NONE', #1943, #7258 ) ;
#1172 = DIRECTION ( 'NONE',  ( 0.000000000000000000, 0.000000000000000000, -1.000000000000000000 ) ) ;
#1173 = VECTOR ( 'NONE', #209, 1000.000000000000000 ) ;
#1174 = LINE ( 'NONE', #6937, #2761 ) ;
#1175 = DIRECTION ( 'NONE',  ( 1.000000000000000000, 0.000000000000000000, 0.000000000000000000 ) ) ;
#1176 = CARTESIAN_POINT ( 'NONE',  ( 53.44999999999999574, 10.80000000000000071, -18.55000000000037730 ) ) ;
#1177 = CARTESIAN_POINT ( 'NONE',  ( 0.5499999999999949374, 10.80000000000000071, 0.5499999999996132427 ) ) ;
#1178 = DIRECTION ( 'NONE',  ( 0.7071067811865452413, 0.000000000000000000, -0.7071067811865497932 ) ) ;
#1179 = ORIENTED_EDGE ( 'NONE', *, *, #3066, .F. ) ;
#1180 = EDGE_CURVE ( 'NONE', #1299, #2323, #3871, .T. ) ;
#1181 = AXIS2_PLACEMENT_3D ( 'NONE', #2478, #5649, #6273 ) ;
#1182 = ORIENTED_EDGE ( 'NONE', *, *, #4785, .T. ) ;
#1183 = ORIENTED_EDGE ( 'NONE', *, *, #5747, .T. ) ;
#1184 = ORIENTED_EDGE ( 'NONE', *, *, #2601, .T. ) ;
#1185 = CARTESIAN_POINT ( 'NONE',  ( -51.62500000000000000, 10.80000000000000071, 0.000000000000000000 ) ) ;
#1186 = LINE ( 'NONE', #8118, #3960 ) ;
#1187 = CARTESIAN_POINT ( 'NONE',  ( 51.62500000000000000, 10.53731005528966946, 33.62500000000000000 ) ) ;
#1188 = ORIENTED_EDGE ( 'NONE', *, *, #7924, .T. ) ;
#1189 = VECTOR ( 'NONE', #1337, 1000.000000000000000 ) ;
#1190 = ORIENTED_EDGE ( 'NONE', *, *, #6110, .T. ) ;
#1191 = ORIENTED_EDGE ( 'NONE', *, *, #2704, .F. ) ;
#1192 = ADVANCED_FACE ( 'NONE', ( #6392 ), #1492, .F. ) ;
#1193 = EDGE_CURVE ( 'NONE', #677, #2010, #3999, .T. ) ;
#1194 = VECTOR ( 'NONE', #8032, 1000.000000000000000 ) ;
#1195 = ORIENTED_EDGE ( 'NONE', *, *, #1253, .F. ) ;
#1196 = PLANE ( 'NONE',  #329 ) ;
#1197 = AXIS2_PLACEMENT_3D ( 'NONE', #7265, #3539, #4735 ) ;
#1198 = AXIS2_PLACEMENT_3D ( 'NONE', #6710, #1688, #2388 ) ;
#1199 = PLANE ( 'NONE',  #5456 ) ;
#1200 = CARTESIAN_POINT ( 'NONE',  ( 27.54999999999996874, 10.80000000000000604, -33.62500000000000000 ) ) ;
#1201 = VECTOR ( 'NONE', #5616, 1000.000000000000000 ) ;
#1203 = ORIENTED_EDGE ( 'NONE', *, *, #6682, .F. ) ;
#1202 = DIRECTION ( 'NONE',  ( 0.000000000000000000, 0.000000000000000000, -1.000000000000000000 ) ) ;
#1204 = CARTESIAN_POINT ( 'NONE',  ( -24.62500000000000000, 10.80000000000000426, 33.62500000000000000 ) ) ;
#1205 = VECTOR ( 'NONE', #6077, 1000.000000000000000 ) ;
#1206 = CARTESIAN_POINT ( 'NONE',  ( 0.000000000000000000, 7.500000000000000000, 34.50374022699554644 ) ) ;
#1207 = ADVANCED_FACE ( 'NONE', ( #2635 ), #7673, .T. ) ;
#1208 = DIRECTION ( 'NONE',  ( 0.9612616959383174509, -0.2756373558170042704, 0.000000000000000000 ) ) ;
#1209 = ORIENTED_EDGE ( 'NONE', *, *, #5115, .F. ) ;
#1210 = VECTOR ( 'NONE', #4505, 1000.000000000000114 ) ;
#1211 = VECTOR ( 'NONE', #2202, 1000.000000000000114 ) ;
#1212 = CARTESIAN_POINT ( 'NONE',  ( 51.62500000000000000, 10.80000000000000426, -18.55000000000037730 ) ) ;
#1213 = LINE ( 'NONE', #3721, #544 ) ;
#1214 = DIRECTION ( 'NONE',  ( 0.000000000000000000, 0.000000000000000000, 1.000000000000000000 ) ) ;
#1215 = AXIS2_PLACEMENT_3D ( 'NONE', #7946, #1049, #3600 ) ;
#1216 = DIRECTION ( 'NONE',  ( 0.7071067811865474617, 0.000000000000000000, 0.7071067811865474617 ) ) ;
#1217 = PLANE ( 'NONE',  #2622 ) ;
#1218 = DIRECTION ( 'NONE',  ( -1.000000000000000000, -0.000000000000000000, -0.000000000000000000 ) ) ;
#1219 = DIRECTION ( 'NONE',  ( -0.000000000000000000, -0.000000000000000000, 1.000000000000000000 ) ) ;
#1220 = ADVANCED_FACE ( 'NONE', ( #7220 ), #6646, .F. ) ;
#1221 = CARTESIAN_POINT ( 'NONE',  ( -51.62500000000000000, 10.53731005528966946, 33.62500000000000000 ) ) ;
#1222 = ORIENTED_EDGE ( 'NONE', *, *, #290, .T. ) ;
#1223 = VECTOR ( 'NONE', #4915, 1000.000000000000114 ) ;
#1224 = ORIENTED_EDGE ( 'NONE', *, *, #4039, .F. ) ;
#1225 = VERTEX_POINT ( 'NONE', #4127 ) ;
#1226 = VERTEX_POINT ( 'NONE', #997 ) ;
#1227 = CARTESIAN_POINT ( 'NONE',  ( 28.19056600552762504, 8.566080860090844240, 34.80943399447237852 ) ) ;
#1228 = CARTESIAN_POINT ( 'NONE',  ( 14.06738976402690788, -0.9965637948165171345, -32.06738976402728980 ) ) ;
#1229 = VECTOR ( 'NONE', #6308, 1000.000000000000000 ) ;
#1230 = CARTESIAN_POINT ( 'NONE',  ( 25.50374022699593368, 7.500000000000000000, 33.62500000000000000 ) ) ;
#1231 = ORIENTED_EDGE ( 'NONE', *, *, #901, .F. ) ;
#1232 = ORIENTED_EDGE ( 'NONE', *, *, #3804, .F. ) ;
#1233 = ORIENTED_EDGE ( 'NONE', *, *, #1842, .F. ) ;
#1234 = EDGE_CURVE ( 'NONE', #3076, #7455, #6069, .T. ) ;
#1235 = AXIS2_PLACEMENT_3D ( 'NONE', #5458, #7313, #958 ) ;
#1236 = VERTEX_POINT ( 'NONE', #3460 ) ;
#1237 = VECTOR ( 'NONE', #320, 1000.000000000000114 ) ;
#1238 = DIRECTION ( 'NONE',  ( 0.8571673007021120005, 0.5150380749100545996, 0.000000000000000000 ) ) ;
#1239 = CARTESIAN_POINT ( 'NONE',  ( -0.5500000000000088152, 82.98258077199005811, -35.45000000000000284 ) ) ;
#1241 = ORIENTED_EDGE ( 'NONE', *, *, #1677, .F. ) ;
#1240 = DIRECTION ( 'NONE',  ( -1.000000000000000000, 0.000000000000000000, 0.000000000000000000 ) ) ;
#1242 = VECTOR ( 'NONE', #2931, 1000.000000000000000 ) ;
#1243 = DIRECTION ( 'NONE',  ( 0.000000000000000000, 0.000000000000000000, -1.000000000000000000 ) ) ;
#1244 = DIRECTION ( 'NONE',  ( 0.9612616959383174509, -0.2756373558170042704, 0.000000000000000000 ) ) ;
#1245 = CARTESIAN_POINT ( 'NONE',  ( -53.44999999999999574, 10.80000000000000071, -18.55000000000037730 ) ) ;
#1246 = ADVANCED_FACE ( 'NONE', ( #425 ), #2286, .F. ) ;
#1247 = CARTESIAN_POINT ( 'NONE',  ( 61.43449314192414334, 9.099999999999983658, -33.36342533005872468 ) ) ;
#1248 = ORIENTED_EDGE ( 'NONE', *, *, #7482, .T. ) ;
#1249 = CARTESIAN_POINT ( 'NONE',  ( 53.44999999999999574, 10.80000000000000071, 35.44999999999961204 ) ) ;
#1250 = DIRECTION ( 'NONE',  ( 0.7071067811865474617, 0.000000000000000000, -0.7071067811865474617 ) ) ;
#1251 = CARTESIAN_POINT ( 'NONE',  ( 0.000000000000000000, 7.500000000000000000, -7.503740226996326257 ) ) ;
#1252 = CARTESIAN_POINT ( 'NONE',  ( 17.45000000000000639, 10.80000000000000071, 35.44999999999961204 ) ) ;
#1253 = EDGE_CURVE ( 'NONE', #3954, #2828, #4209, .T. ) ;
#1254 = FACE_OUTER_BOUND ( 'NONE', #2459, .T. ) ;
#1255 = ORIENTED_EDGE ( 'NONE', *, *, #7694, .T. ) ;
#1256 = CARTESIAN_POINT ( 'NONE',  ( -0.5500000000000088152, 7.500000000000007105, -35.45000000000000284 ) ) ;
#1257 = ORIENTED_EDGE ( 'NONE', *, *, #1557, .F. ) ;
#1258 = EDGE_CURVE ( 'NONE', #2643, #7079, #6024, .T. ) ;
#1259 = LINE ( 'NONE', #8150, #2159 ) ;
#1260 = EDGE_CURVE ( 'NONE', #1307, #7050, #4792, .T. ) ;
#1261 = EDGE_CURVE ( 'NONE', #1530, #5098, #5495, .T. ) ;
#1262 = VECTOR ( 'NONE', #6766, 1000.000000000000000 ) ;
#1263 = VERTEX_POINT ( 'NONE', #8020 ) ;
#1264 = ORIENTED_EDGE ( 'NONE', *, *, #3787, .T. ) ;
#1265 = LINE ( 'NONE', #7572, #5013 ) ;
#1266 = LINE ( 'NONE', #5739, #5020 ) ;
#1267 = CARTESIAN_POINT ( 'NONE',  ( -53.44999999999999574, -11.50000000000000000, -35.45000000000003126 ) ) ;
#1268 = VECTOR ( 'NONE', #139, 1000.000000000000000 ) ;
#1269 = VERTEX_POINT ( 'NONE', #2936 ) ;
#1270 = ORIENTED_EDGE ( 'NONE', *, *, #1913, .F. ) ;
#1271 = VERTEX_POINT ( 'NONE', #4254 ) ;
#1272 = VERTEX_POINT ( 'NONE', #912 ) ;
#1273 = ADVANCED_FACE ( 'NONE', ( #1040, #6603, #2365, #5410, #5980 ), #4166, .F. ) ;
#1274 = CARTESIAN_POINT ( 'NONE',  ( 0.5500000000000088152, 7.500000000000000000, 35.45000000000000995 ) ) ;
#1275 = CARTESIAN_POINT ( 'NONE',  ( -1.190566005527353033, 8.566080860090385940, -1.190566005527741611 ) ) ;
#1276 = EDGE_CURVE ( 'NONE', #6673, #7288, #7848, .T. ) ;
#1277 = VECTOR ( 'NONE', #1462, 1000.000000000000114 ) ;
#1279 = ORIENTED_EDGE ( 'NONE', *, *, #6912, .F. ) ;
#1278 = PLANE ( 'NONE',  #5356 ) ;
#1280 = DIRECTION ( 'NONE',  ( -1.000000000000000000, -0.000000000000000000, -5.358219230816394188E-16 ) ) ;
#1281 = FACE_OUTER_BOUND ( 'NONE', #4093, .T. ) ;
#1282 = EDGE_CURVE ( 'NONE', #491, #7421, #1084, .T. ) ;
#1283 = LINE ( 'NONE', #1830, #3533 ) ;
#1284 = VECTOR ( 'NONE', #3589, 1000.000000000000000 ) ;
#1285 = CARTESIAN_POINT ( 'NONE',  ( -51.62500000000000000, 10.53731005528969256, -33.62500000000000000 ) ) ;
#1286 = ORIENTED_EDGE ( 'NONE', *, *, #6360, .T. ) ;
#1287 = LINE ( 'NONE', #8105, #3819 ) ;
#1288 = LINE ( 'NONE', #7561, #4305 ) ;
#1289 = CARTESIAN_POINT ( 'NONE',  ( 0.5158952929132372134, 14.51721864012751162, -26.48410470708715536 ) ) ;
#1290 = CARTESIAN_POINT ( 'NONE',  ( 45.54999999999999005, 10.80000000000000071, 27.54999999999960991 ) ) ;
#1291 = EDGE_CURVE ( 'NONE', #8155, #3956, #7979, .T. ) ;
#1292 = DIRECTION ( 'NONE',  ( 0.000000000000000000, -0.9612616959383174509, -0.2756373558170039373 ) ) ;
#1293 = EDGE_CURVE ( 'NONE', #1765, #3610, #5324, .T. ) ;
#1294 = VERTEX_POINT ( 'NONE', #4696 ) ;
#1295 = LINE ( 'NONE', #3800, #3631 ) ;
#1296 = VERTEX_POINT ( 'NONE', #2325 ) ;
#1297 = LINE ( 'NONE', #3578, #7558 ) ;
#1298 = ORIENTED_EDGE ( 'NONE', *, *, #516, .F. ) ;
#1299 = VERTEX_POINT ( 'NONE', #1576 ) ;
#1300 = PLANE ( 'NONE',  #4228 ) ;
#1301 = CARTESIAN_POINT ( 'NONE',  ( 40.07937528197223997, 29.75245638442227047, -22.11547058297211166 ) ) ;
#1302 = VECTOR ( 'NONE', #2541, 1000.000000000000000 ) ;
#1303 = LINE ( 'NONE', #7025, #1302 ) ;
#1304 = EDGE_CURVE ( 'NONE', #5098, #5835, #333, .T. ) ;
#1305 = EDGE_CURVE ( 'NONE', #5972, #7217, #5365, .T. ) ;
#1306 = EDGE_LOOP ( 'NONE', ( #7468, #6807, #224, #1109 ) ) ;
#1307 = VERTEX_POINT ( 'NONE', #4741 ) ;
#1309 = ORIENTED_EDGE ( 'NONE', *, *, #2165, .F. ) ;
#1308 = EDGE_CURVE ( 'NONE', #1696, #7156, #7270, .T. ) ;
#1310 = VECTOR ( 'NONE', #2027, 1000.000000000000000 ) ;
#1311 = EDGE_LOOP ( 'NONE', ( #6102, #3806, #6320, #4976 ) ) ;
#1312 = EDGE_LOOP ( 'NONE', ( #4185, #4240, #106, #6389 ) ) ;
#1313 = CARTESIAN_POINT ( 'NONE',  ( 1.190566005527353033, 8.566080860090385940, -1.190566005527741611 ) ) ;
#1314 = CARTESIAN_POINT ( 'NONE',  ( 2.375000000000006217, 10.53731005528968723, -17.37467487046947667 ) ) ;
#1315 = VECTOR ( 'NONE', #1678, 1000.000000000000000 ) ;
#1316 = CARTESIAN_POINT ( 'NONE',  ( 16.50374022699593723, 7.500000000000000000, 0.000000000000000000 ) ) ;
#1317 = VECTOR ( 'NONE', #1085, 1000.000000000000000 ) ;
#1318 = LINE ( 'NONE', #1393, #1757 ) ;
#1319 = LINE ( 'NONE', #1396, #5231 ) ;
#1320 = PRODUCT_DEFINITION_FORMATION_WITH_SPECIFIED_SOURCE ( 'ANY', '', #5701, .NOT_KNOWN. ) ;
#1321 = LINE ( 'NONE', #551, #1455 ) ;
#1322 = EDGE_LOOP ( 'NONE', ( #6215, #400, #414, #6721 ) ) ;
#1323 = VECTOR ( 'NONE', #4487, 1000.000000000000000 ) ;
#1324 = AXIS2_PLACEMENT_3D ( 'NONE', #6216, #568, #1889 ) ;
#1325 = LINE ( 'NONE', #4958, #3952 ) ;
#1326 = CARTESIAN_POINT ( 'NONE',  ( -35.44999999999999574, 10.80000000000000071, 35.44999999999961204 ) ) ;
#1327 = LINE ( 'NONE', #3761, #3811 ) ;
#1328 = DIRECTION ( 'NONE',  ( -0.000000000000000000, -0.2756373558170042704, -0.9612616959383174509 ) ) ;
#1329 = CARTESIAN_POINT ( 'NONE',  ( -2.375000000000005773, 10.53731005528968545, -0.6253251295312858282 ) ) ;
#1330 = ORIENTED_EDGE ( 'NONE', *, *, #5772, .F. ) ;
#1331 = CARTESIAN_POINT ( 'NONE',  ( -51.62500000000000000, 10.53731005528966946, 33.62500000000000000 ) ) ;
#1332 = ORIENTED_EDGE ( 'NONE', *, *, #7162, .T. ) ;
#1333 = DIRECTION ( 'NONE',  ( -1.000000000000000000, 0.000000000000000000, 0.000000000000000000 ) ) ;
#1334 = ORIENTED_EDGE ( 'NONE', *, *, #4428, .T. ) ;
#1335 = EDGE_LOOP ( 'NONE', ( #4542, #2068, #2957, #4869 ) ) ;
#1336 = DIRECTION ( 'NONE',  ( -0.2756373558170042704, 0.9612616959383174509, 0.000000000000000000 ) ) ;
#1337 = DIRECTION ( 'NONE',  ( 1.000000000000000000, 0.000000000000000000, 0.000000000000000000 ) ) ;
#1338 = CARTESIAN_POINT ( 'NONE',  ( 61.85875721063607102, 9.899999999999975486, 33.78768939877064525 ) ) ;
#1339 = CARTESIAN_POINT ( 'NONE',  ( 2.375000000000006217, 10.53731005528968723, 0.6253251295305165547 ) ) ;
#1340 = DIRECTION ( 'NONE',  ( 0.000000000000000000, 0.000000000000000000, -1.000000000000000000 ) ) ;
#1341 = ORIENTED_EDGE ( 'NONE', *, *, #5189, .F. ) ;
#1342 = EDGE_CURVE ( 'NONE', #4930, #4715, #6774, .T. ) ;
#1343 = ORIENTED_EDGE ( 'NONE', *, *, #1291, .F. ) ;
#1344 = VECTOR ( 'NONE', #7306, 1000.000000000000000 ) ;
#1345 = ORIENTED_EDGE ( 'NONE', *, *, #526, .F. ) ;
#1346 = CARTESIAN_POINT ( 'NONE',  ( 57.89895923599141980, 7.500000000000000000, -36.89895923599146954 ) ) ;
#1347 = EDGE_CURVE ( 'NONE', #6601, #1444, #7476, .T. ) ;
#1348 = EDGE_LOOP ( 'NONE', ( #1996, #7702, #6262, #6540 ) ) ;
#1349 = ORIENTED_EDGE ( 'NONE', *, *, #405, .F. ) ;
#1350 = CARTESIAN_POINT ( 'NONE',  ( -40.07937528197221866, 29.75245638442229534, 22.88452941702783860 ) ) ;
#1351 = DIRECTION ( 'NONE',  ( -0.5001519828512179799, -0.8323926831162092865, -0.2386847610229713423 ) ) ;
#1352 = LINE ( 'NONE', #7622, #4998 ) ;
#1353 = PLANE ( 'NONE',  #5688 ) ;
#1354 = LINE ( 'NONE', #3904, #6839 ) ;
#1355 = CARTESIAN_POINT ( 'NONE',  ( 51.62500000000000000, 10.80000000000000426, -0.5500000000003835154 ) ) ;
#1356 = VECTOR ( 'NONE', #1743, 1000.000000000000114 ) ;
#1357 = ORIENTED_EDGE ( 'NONE', *, *, #140, .F. ) ;
#1358 = ORIENTED_EDGE ( 'NONE', *, *, #5508, .T. ) ;
#1359 = LINE ( 'NONE', #2108, #6020 ) ;
#1360 = FACE_OUTER_BOUND ( 'NONE', #1854, .T. ) ;
#1361 = DIRECTION ( 'NONE',  ( 0.2657276780299913099, -0.9267025424900799946, 0.2657276780299913099 ) ) ;
#1362 = DIRECTION ( 'NONE',  ( 0.2756373558170042704, -0.9612616959383174509, 0.000000000000000000 ) ) ;
#1363 = PLANE ( 'NONE',  #2375 ) ;
#1364 = ORIENTED_EDGE ( 'NONE', *, *, #7601, .F. ) ;
#1365 = DIRECTION ( 'NONE',  ( -0.000000000000000000, 1.000000000000000000, -0.000000000000000000 ) ) ;
#1366 = ORIENTED_EDGE ( 'NONE', *, *, #4676, .T. ) ;
#1367 = CARTESIAN_POINT ( 'NONE',  ( 27.62532512953086439, 10.53731005528974229, -33.62500000000000000 ) ) ;
#1368 = EDGE_CURVE ( 'NONE', #7893, #1683, #8059, .T. ) ;
#1369 = ADVANCED_FACE ( 'NONE', ( #3785 ), #6307, .F. ) ;
#1370 = EDGE_CURVE ( 'NONE', #5433, #6438, #6930, .T. ) ;
#1371 = FILL_AREA_STYLE_COLOUR ( '', #3702 ) ;
#1372 = VERTEX_POINT ( 'NONE', #5611 ) ;
#1373 = ORIENTED_EDGE ( 'NONE', *, *, #5147, .T. ) ;
#1374 = CARTESIAN_POINT ( 'NONE',  ( 23.06738976402695585, -0.9965637948163279525, 32.06738976402657215 ) ) ;
#1375 = DIRECTION ( 'NONE',  ( -1.000000000000000000, 0.000000000000000000, 0.000000000000000000 ) ) ;
#1376 = CARTESIAN_POINT ( 'NONE',  ( -35.44999999999999574, 10.80000000000000426, 33.62500000000000000 ) ) ;
#1377 = DIRECTION ( 'NONE',  ( -0.4578768884082908830, -0.7620351108204154178, 0.4578768884082908830 ) ) ;
#1378 = PLANE ( 'NONE',  #7989 ) ;
#1379 = ORIENTED_EDGE ( 'NONE', *, *, #2238, .F. ) ;
#1380 = VECTOR ( 'NONE', #2158, 1000.000000000000114 ) ;
#1381 = EDGE_CURVE ( 'NONE', #3997, #2517, #1165, .T. ) ;
#1382 = ORIENTED_EDGE ( 'NONE', *, *, #695, .T. ) ;
#1383 = VERTEX_POINT ( 'NONE', #6817 ) ;
#1384 = PLANE ( 'NONE',  #5369 ) ;
#1385 = AXIS2_PLACEMENT_3D ( 'NONE', #3547, #3466, #3422 ) ;
#1386 = ORIENTED_EDGE ( 'NONE', *, *, #3622, .F. ) ;
#1387 = ORIENTED_EDGE ( 'NONE', *, *, #3665, .F. ) ;
#1388 = ORIENTED_EDGE ( 'NONE', *, *, #3559, .F. ) ;
#1389 = DIRECTION ( 'NONE',  ( 0.000000000000000000, -0.000000000000000000, -1.000000000000000000 ) ) ;
#1390 = DIRECTION ( 'NONE',  ( -0.2756373558170042704, 0.9612616959383174509, 0.000000000000000000 ) ) ;
#1391 = DIRECTION ( 'NONE',  ( -0.2657276780299911434, 0.9267025424900801056, 0.2657276780299911434 ) ) ;
#1392 = EDGE_CURVE ( 'NONE', #2310, #366, #8098, .T. ) ;
#1393 = CARTESIAN_POINT ( 'NONE',  ( 58.32322330470334748, 9.899999999999975486, -37.32322330470339011 ) ) ;
#1394 = EDGE_CURVE ( 'NONE', #2043, #1114, #503, .T. ) ;
#1395 = EDGE_CURVE ( 'NONE', #6284, #6325, #149, .T. ) ;
#1396 = CARTESIAN_POINT ( 'NONE',  ( 8.449999999999999289, 10.80000000000000071, -27.55000000000038796 ) ) ;
#1397 = VECTOR ( 'NONE', #706, 1000.000000000000227 ) ;
#1398 = CARTESIAN_POINT ( 'NONE',  ( -23.70289055386782451, 1.219690838746983141, 32.70289055386743371 ) ) ;
#1399 = ORIENTED_EDGE ( 'NONE', *, *, #405, .T. ) ;
#1400 = ORIENTED_EDGE ( 'NONE', *, *, #941, .T. ) ;
#1401 = CARTESIAN_POINT ( 'NONE',  ( 51.62500000000000000, 7.500000000000000000, 16.50374022699554644 ) ) ;
#1402 = EDGE_CURVE ( 'NONE', #4047, #1225, #6272, .T. ) ;
#1403 = CARTESIAN_POINT ( 'NONE',  ( 45.62532512953087860, 10.53731005528973341, -33.62500000000000000 ) ) ;
#1404 = FACE_OUTER_BOUND ( 'NONE', #3996, .T. ) ;
#1405 = EDGE_CURVE ( 'NONE', #6089, #4552, #5180, .T. ) ;
#1406 = DIRECTION ( 'NONE',  ( -1.000000000000000000, 0.000000000000000000, 0.000000000000000000 ) ) ;
#1407 = VERTEX_POINT ( 'NONE', #2403 ) ;
#1408 = VECTOR ( 'NONE', #2523, 1000.000000000000114 ) ;
#1409 = LINE ( 'NONE', #3916, #3874 ) ;
#1410 = ORIENTED_EDGE ( 'NONE', *, *, #7348, .F. ) ;
#1411 = FACE_OUTER_BOUND ( 'NONE', #2006, .T. ) ;
#1412 = DIRECTION ( 'NONE',  ( 0.000000000000000000, 0.000000000000000000, -1.000000000000000000 ) ) ;
#1413 = VERTEX_POINT ( 'NONE', #3673 ) ;
#1414 = VERTEX_POINT ( 'NONE', #6152 ) ;
#1415 = LINE ( 'NONE', #845, #4838 ) ;
#1416 = CARTESIAN_POINT ( 'NONE',  ( -51.62500000000000000, 10.80000000000000426, 17.44999999999961915 ) ) ;
#1417 = LINE ( 'NONE', #1589, #6959 ) ;
#1418 = CARTESIAN_POINT ( 'NONE',  ( -48.79638818434518299, -5.429073061943155309, 12.79638818434480285 ) ) ;
#1419 = DIRECTION ( 'NONE',  ( -0.2756373558170042704, -0.9612616959383174509, 0.000000000000000000 ) ) ;
#1420 = ORIENTED_EDGE ( 'NONE', *, *, #7913, .F. ) ;
#1421 = ORIENTED_EDGE ( 'NONE', *, *, #1291, .T. ) ;
#1422 = AXIS2_PLACEMENT_3D ( 'NONE', #1718, #5427, #4848 ) ;
#1423 = VERTEX_POINT ( 'NONE', #2519 ) ;
#1424 = LINE ( 'NONE', #3933, #6 ) ;
#1425 = FACE_OUTER_BOUND ( 'NONE', #2074, .T. ) ;
#1426 = FACE_OUTER_BOUND ( 'NONE', #2705, .T. ) ;
#1427 = VECTOR ( 'NONE', #774, 1000.000000000000000 ) ;
#1428 = EDGE_LOOP ( 'NONE', ( #1118, #6429, #7287, #4933 ) ) ;
#1429 = ORIENTED_EDGE ( 'NONE', *, *, #7650, .T. ) ;
#1430 = EDGE_LOOP ( 'NONE', ( #3540, #783, #5439, #7606 ) ) ;
#1431 = DIRECTION ( 'NONE',  ( 1.000000000000000000, 0.000000000000000000, 0.000000000000000000 ) ) ;
#1432 = PLANE ( 'NONE',  #703 ) ;
#1433 = CARTESIAN_POINT ( 'NONE',  ( 19.49625977300406632, 7.500000000000000000, 33.62500000000000000 ) ) ;
#1434 = EDGE_CURVE ( 'NONE', #2569, #4434, #2477, .T. ) ;
#1435 = VECTOR ( 'NONE', #5857, 1000.000000000000114 ) ;
#1437 = EDGE_CURVE ( 'NONE', #3480, #1708, #618, .T. ) ;
#1436 = CARTESIAN_POINT ( 'NONE',  ( 62.00000000000000711, -11.50000000000000000, -33.99999999999998579 ) ) ;
#1438 = LINE ( 'NONE', #5191, #1229 ) ;
#1439 = FACE_OUTER_BOUND ( 'NONE', #3378, .T. ) ;
#1440 = EDGE_CURVE ( 'NONE', #813, #2283, #2441, .T. ) ;
#1441 = DIRECTION ( 'NONE',  ( 0.5001519828512179799, -0.8323926831162092865, -0.2386847610229711203 ) ) ;
#1442 = VECTOR ( 'NONE', #8055, 1000.000000000000000 ) ;
#1443 = VECTOR ( 'NONE', #5993, 1000.000000000000000 ) ;
#1444 = VERTEX_POINT ( 'NONE', #545 ) ;
#1445 = VERTEX_POINT ( 'NONE', #1786 ) ;
#1446 = ADVANCED_FACE ( 'NONE', ( #5573 ), #6855, .F. ) ;
#1447 = LINE ( 'NONE', #6390, #5361 ) ;
#1448 = DIRECTION ( 'NONE',  ( -0.000000000000000000, -0.2756373558170042704, -0.9612616959383174509 ) ) ;
#1449 = CARTESIAN_POINT ( 'NONE',  ( 2.375000000000005773, 7.500000000000000000, -10.49625977300446067 ) ) ;
#1450 = DIRECTION ( 'NONE',  ( 1.000000000000000000, 0.000000000000000000, 0.000000000000000000 ) ) ;
#1451 = VECTOR ( 'NONE', #3071, 1000.000000000000114 ) ;
#1452 = ORIENTED_EDGE ( 'NONE', *, *, #7068, .T. ) ;
#1453 = CARTESIAN_POINT ( 'NONE',  ( -52.80943399447264142, 8.566080860090437454, 16.80943399447226838 ) ) ;
#1454 = ORIENTED_EDGE ( 'NONE', *, *, #8091, .F. ) ;
#1455 = VECTOR ( 'NONE', #1831, 1000.000000000000000 ) ;
#1456 = PLANE ( 'NONE',  #417 ) ;
#1457 = VECTOR ( 'NONE', #7073, 1000.000000000000000 ) ;
#1458 = VECTOR ( 'NONE', #2793, 1000.000000000000114 ) ;
#1459 = LINE ( 'NONE', #6529, #6324 ) ;
#1460 = VERTEX_POINT ( 'NONE', #585 ) ;
#1461 = ORIENTED_EDGE ( 'NONE', *, *, #3937, .F. ) ;
#1462 = DIRECTION ( 'NONE',  ( 0.000000000000000000, -0.9612616959383174509, -0.2756373558170042704 ) ) ;
#1463 = LINE ( 'NONE', #4629, #1604 ) ;
#1464 = DIRECTION ( 'NONE',  ( -0.000000000000000000, 0.9612616959383174509, 0.2756373558170042704 ) ) ;
#1465 = AXIS2_PLACEMENT_3D ( 'NONE', #2291, #4840, #2941 ) ;
#1466 = CARTESIAN_POINT ( 'NONE',  ( 36.54999999999999716, 10.80000000000000071, -35.45000000000039364 ) ) ;
#1467 = DIRECTION ( 'NONE',  ( -0.000000000000000000, -0.2756373558170042704, -0.9612616959383174509 ) ) ;
#1468 = VERTEX_POINT ( 'NONE', #4988 ) ;
#1469 = AXIS2_PLACEMENT_3D ( 'NONE', #3323, #4639, #2134 ) ;
#1470 = ORIENTED_EDGE ( 'NONE', *, *, #5667, .T. ) ;
#1471 = ORIENTED_EDGE ( 'NONE', *, *, #1347, .F. ) ;
#1472 = CARTESIAN_POINT ( 'NONE',  ( -54.49999999999997868, 10.79999999999989235, 36.49999999999959499 ) ) ;
#1473 = FACE_OUTER_BOUND ( 'NONE', #1335, .T. ) ;
#1474 = CARTESIAN_POINT ( 'NONE',  ( 8.449999999999999289, 10.80000000000000071, -35.45000000000039364 ) ) ;
#1475 = ORIENTED_EDGE ( 'NONE', *, *, #2580, .T. ) ;
#1476 = ORIENTED_EDGE ( 'NONE', *, *, #80, .F. ) ;
#1477 = DIRECTION ( 'NONE',  ( 0.2657276780299913099, -0.9267025424900799946, 0.2657276780299913099 ) ) ;
#1478 = CARTESIAN_POINT ( 'NONE',  ( 2.375000000000005773, 10.80000000000000426, -8.450000000000388312 ) ) ;
#1479 = VECTOR ( 'NONE', #4334, 1000.000000000000000 ) ;
#1480 = AXIS2_PLACEMENT_3D ( 'NONE', #6722, #4323, #2435 ) ;
#1481 = DIRECTION ( 'NONE',  ( -0.000000000000000000, 0.1391731009600706559, -0.9902680687415695848 ) ) ;
#1482 = ADVANCED_FACE ( 'NONE', ( #4375 ), #5648, .T. ) ;
#1483 = EDGE_CURVE ( 'NONE', #3271, #8017, #5306, .T. ) ;
#1485 = EDGE_CURVE ( 'NONE', #1723, #8155, #895, .T. ) ;
#1484 = LINE ( 'NONE', #776, #2763 ) ;
#1486 = CARTESIAN_POINT ( 'NONE',  ( 0.5499999999999949374, 10.80000000000000071, 9.549999999999611688 ) ) ;
#1487 = CARTESIAN_POINT ( 'NONE',  ( 0.000000000000000000, 7.500000000000000000, 28.49625977300367907 ) ) ;
#1488 = LINE ( 'NONE', #4569, #6732 ) ;
#1489 = EDGE_LOOP ( 'NONE', ( #1606, #2839, #6803, #1020 ) ) ;
#1490 = ORIENTED_EDGE ( 'NONE', *, *, #1816, .T. ) ;
#1491 = CARTESIAN_POINT ( 'NONE',  ( -2.375000000000005773, 10.80000000000000071, 0.000000000000000000 ) ) ;
#1492 = PLANE ( 'NONE',  #4786 ) ;
#1493 = DIRECTION ( 'NONE',  ( 0.000000000000000000, -0.2756373558170023830, 0.9612616959383180060 ) ) ;
#1494 = DIRECTION ( 'NONE',  ( 0.000000000000000000, 0.000000000000000000, 1.000000000000000000 ) ) ;
#1495 = EDGE_CURVE ( 'NONE', #94, #7374, #6628, .T. ) ;
#1496 = ORIENTED_EDGE ( 'NONE', *, *, #4567, .F. ) ;
#1497 = CARTESIAN_POINT ( 'NONE',  ( 0.000000000000000000, 7.500000000000000000, 1.496259773003681737 ) ) ;
#1498 = VECTOR ( 'NONE', #155, 1000.000000000000000 ) ;
#1499 = DIRECTION ( 'NONE',  ( 0.7071067811865474617, -0.000000000000000000, 0.7071067811865474617 ) ) ;
#1500 = ORIENTED_EDGE ( 'NONE', *, *, #1557, .T. ) ;
#1501 = DIRECTION ( 'NONE',  ( -0.000000000000000000, -0.2756373558170042704, -0.9612616959383174509 ) ) ;
#1502 = CARTESIAN_POINT ( 'NONE',  ( -0.5499999999999949374, 10.80000000000000071, 8.449999999999617373 ) ) ;
#1503 = CARTESIAN_POINT ( 'NONE',  ( -43.80943399447252062, 8.566080860089993365, -34.80943399447291853 ) ) ;
#1504 = VECTOR ( 'NONE', #7861, 1000.000000000000114 ) ;
#1505 = DIRECTION ( 'NONE',  ( 0.7071067811865497932, 0.000000000000000000, 0.7071067811865452413 ) ) ;
#1506 = CARTESIAN_POINT ( 'NONE',  ( -0.5499999999999949374, 10.80000000000000071, -0.5500000000003835154 ) ) ;
#1507 = EDGE_CURVE ( 'NONE', #5831, #5446, #7915, .T. ) ;
#1508 = CARTESIAN_POINT ( 'NONE',  ( -48.79638818434512615, -5.429073061943221035, -14.20361181565525222 ) ) ;
#1509 = EDGE_CURVE ( 'NONE', #6576, #3654, #3484, .T. ) ;
#1510 = ORIENTED_EDGE ( 'NONE', *, *, #4519, .F. ) ;
#1511 = ADVANCED_FACE ( 'NONE', ( #5263 ), #2089, .T. ) ;
#1512 = EDGE_LOOP ( 'NONE', ( #5555, #3793, #6953, #1882 ) ) ;
#1513 = ORIENTED_EDGE ( 'NONE', *, *, #3302, .T. ) ;
#1514 = CARTESIAN_POINT ( 'NONE',  ( 0.000000000000000000, 7.500000000000000000, -7.503740226996326257 ) ) ;
#1515 = CARTESIAN_POINT ( 'NONE',  ( 2.375000000000005773, 10.53731005528968545, 33.62500000000000000 ) ) ;
#1516 = DIRECTION ( 'NONE',  ( -0.5001519828512182020, -0.8323926831162096196, 0.2386847610229694550 ) ) ;
#1517 = ORIENTED_EDGE ( 'NONE', *, *, #5415, .T. ) ;
#1518 = ORIENTED_EDGE ( 'NONE', *, *, #6208, .F. ) ;
#1519 = CARTESIAN_POINT ( 'NONE',  ( 51.62500000000000000, 10.80000000000000426, -9.550000000000384404 ) ) ;
#1520 = VECTOR ( 'NONE', #4317, 1000.000000000000000 ) ;
#1521 = DIRECTION ( 'NONE',  ( 0.000000000000000000, 0.9612616959383180060, -0.2756373558170021054 ) ) ;
#1522 = ORIENTED_EDGE ( 'NONE', *, *, #2110, .T. ) ;
#1523 = VERTEX_POINT ( 'NONE', #359 ) ;
#1524 = VECTOR ( 'NONE', #1920, 1000.000000000000000 ) ;
#1525 = CARTESIAN_POINT ( 'NONE',  ( -2.375000000000005773, 10.80000000000000426, -26.45000000000038298 ) ) ;
#1526 = EDGE_CURVE ( 'NONE', #4511, #331, #7245, .T. ) ;
#1527 = ADVANCED_FACE ( 'NONE', ( #5838 ), #2873, .F. ) ;
#1528 = CARTESIAN_POINT ( 'NONE',  ( -8.449999999999999289, 10.80000000000000071, 0.5499999999996132427 ) ) ;
#1529 = CARTESIAN_POINT ( 'NONE',  ( 46.19056600552723069, 8.566080860090828253, 34.80943399447237852 ) ) ;
#1530 = VERTEX_POINT ( 'NONE', #2745 ) ;
#1531 = ORIENTED_EDGE ( 'NONE', *, *, #2970, .T. ) ;
#1532 = CARTESIAN_POINT ( 'NONE',  ( -62.00000000000000000, 7.500000000000000000, 41.00000000000000000 ) ) ;
#1533 = CARTESIAN_POINT ( 'NONE',  ( -51.62500000000000000, 10.80000000000000071, 0.000000000000000000 ) ) ;
#1534 = CARTESIAN_POINT ( 'NONE',  ( 51.62500000000000000, 10.53731005528970144, 9.625325129530517998 ) ) ;
#1535 = ADVANCED_FACE ( 'NONE', ( #1426 ), #315, .F. ) ;
#1536 = DIRECTION ( 'NONE',  ( -0.000000000000000000, -0.2756373558170042704, -0.9612616959383174509 ) ) ;
#1537 = ORIENTED_EDGE ( 'NONE', *, *, #3314, .F. ) ;
#1538 = CARTESIAN_POINT ( 'NONE',  ( -0.5499999999999949374, 10.80000000000000071, -8.450000000000388312 ) ) ;
#1539 = DIRECTION ( 'NONE',  ( -1.000000000000000000, -0.000000000000000000, -0.000000000000000000 ) ) ;
#1540 = EDGE_CURVE ( 'NONE', #572, #2071, #3324, .T. ) ;
#1541 = DIRECTION ( 'NONE',  ( -0.2657276780299913099, -0.9267025424900799946, 0.2657276780299913099 ) ) ;
#1542 = ORIENTED_EDGE ( 'NONE', *, *, #4833, .F. ) ;
#1543 = LINE ( 'NONE', #6402, #812 ) ;
#1544 = FACE_OUTER_BOUND ( 'NONE', #729, .T. ) ;
#1545 = ADVANCED_FACE ( 'NONE', ( #7829 ), #5920, .F. ) ;
#1546 = CARTESIAN_POINT ( 'NONE',  ( 61.43449314192414334, 7.500000000000000000, -33.36342533005872468 ) ) ;
#1547 = CARTESIAN_POINT ( 'NONE',  ( -1.496259773004063209, 7.500000000000000000, 0.000000000000000000 ) ) ;
#1548 = LINE ( 'NONE', #6702, #2675 ) ;
#1549 = DIRECTION ( 'NONE',  ( 0.000000000000000000, 0.000000000000000000, -1.000000000000000000 ) ) ;
#1550 = ORIENTED_EDGE ( 'NONE', *, *, #2107, .T. ) ;
#1551 = AXIS2_PLACEMENT_3D ( 'NONE', #5793, #103, #6413 ) ;
#1552 = ORIENTED_EDGE ( 'NONE', *, *, #7801, .T. ) ;
#1553 = ORIENTED_EDGE ( 'NONE', *, *, #3967, .F. ) ;
#1554 = DIRECTION ( 'NONE',  ( 0.000000000000000000, 0.000000000000000000, -1.000000000000000000 ) ) ;
#1555 = EDGE_CURVE ( 'NONE', #6101, #8127, #5221, .T. ) ;
#1556 = LINE ( 'NONE', #6457, #6720 ) ;
#1557 = EDGE_CURVE ( 'NONE', #43, #7539, #2218, .T. ) ;
#1558 = DIRECTION ( 'NONE',  ( -0.000000000000000000, -0.000000000000000000, 1.000000000000000000 ) ) ;
#1559 = ORIENTED_EDGE ( 'NONE', *, *, #5216, .F. ) ;
#1561 = ADVANCED_FACE ( 'NONE', ( #3936 ), #3401, .F. ) ;
#1560 = ORIENTED_EDGE ( 'NONE', *, *, #1677, .T. ) ;
#1562 = ORIENTED_EDGE ( 'NONE', *, *, #4942, .F. ) ;
#1563 = CARTESIAN_POINT ( 'NONE',  ( -53.44999999999999574, 7.500000000000000000, 35.44999999999998863 ) ) ;
#1564 = LINE ( 'NONE', #3448, #1237 ) ;
#1565 = EDGE_CURVE ( 'NONE', #6607, #6441, #277, .T. ) ;
#1566 = ORIENTED_EDGE ( 'NONE', *, *, #1507, .F. ) ;
#1567 = ORIENTED_EDGE ( 'NONE', *, *, #737, .F. ) ;
#1568 = ORIENTED_EDGE ( 'NONE', *, *, #6696, .T. ) ;
#1569 = DIRECTION ( 'NONE',  ( 1.000000000000000000, -0.000000000000000000, 2.679109615408197094E-16 ) ) ;
#1570 = LINE ( 'NONE', #4202, #3611 ) ;
#1571 = VECTOR ( 'NONE', #1988, 1000.000000000000114 ) ;
#1572 = CARTESIAN_POINT ( 'NONE',  ( -53.44999999999999574, 10.80000000000000071, -9.550000000000384404 ) ) ;
#1573 = VERTEX_POINT ( 'NONE', #1474 ) ;
#1574 = VERTEX_POINT ( 'NONE', #3984 ) ;
#1575 = PLANE ( 'NONE',  #7879 ) ;
#1576 = CARTESIAN_POINT ( 'NONE',  ( 51.62500000000000000, 10.80000000000000426, 0.5499999999996132427 ) ) ;
#1577 = DIRECTION ( 'NONE',  ( -0.2756373558170042704, -0.9612616959383174509, 0.000000000000000000 ) ) ;
#1578 = DIRECTION ( 'NONE',  ( -0.5001519828512179799, -0.8323926831162092865, -0.2386847610229711203 ) ) ;
#1579 = ORIENTED_EDGE ( 'NONE', *, *, #7835, .F. ) ;
#1580 = DIRECTION ( 'NONE',  ( -0.000000000000000000, -0.2756373558170040483, -0.9612616959383175619 ) ) ;
#1581 = CARTESIAN_POINT ( 'NONE',  ( -0.5499999999999949374, 10.80000000000000071, 0.5499999999996132427 ) ) ;
#1582 = DIRECTION ( 'NONE',  ( 0.5001519828512182020, -0.8323926831162096196, 0.2386847610229696770 ) ) ;
#1583 = AXIS2_PLACEMENT_3D ( 'NONE', #2203, #4707, #6659 ) ;
#1584 = ORIENTED_EDGE ( 'NONE', *, *, #7943, .T. ) ;
#1585 = CARTESIAN_POINT ( 'NONE',  ( 61.43449314192414334, 7.500000000000000000, 33.36342533005872468 ) ) ;
#1586 = CARTESIAN_POINT ( 'NONE',  ( -0.5158952929131825904, 14.51721864012731977, 26.48410470708643416 ) ) ;
#1587 = DIRECTION ( 'NONE',  ( -0.000000000000000000, -0.000000000000000000, 1.000000000000000000 ) ) ;
#1588 = VECTOR ( 'NONE', #4659, 1000.000000000000000 ) ;
#1589 = CARTESIAN_POINT ( 'NONE',  ( 0.5499999999999949374, 10.80000000000000071, 8.449999999999617373 ) ) ;
#1590 = CARTESIAN_POINT ( 'NONE',  ( -52.80943399447264142, 8.566080860090416138, 0.000000000000000000 ) ) ;
#1591 = DIRECTION ( 'NONE',  ( -0.2657276780299897001, -0.9267025424900808828, 0.2657276780299897001 ) ) ;
#1592 = VECTOR ( 'NONE', #3630, 1000.000000000000114 ) ;
#1593 = AXIS2_PLACEMENT_3D ( 'NONE', #6829, #7531, #8073 ) ;
#1594 = ORIENTED_EDGE ( 'NONE', *, *, #7089, .F. ) ;
#1595 = VECTOR ( 'NONE', #3831, 1000.000000000000000 ) ;
#1596 = EDGE_CURVE ( 'NONE', #1296, #227, #2790, .T. ) ;
#1597 = EDGE_LOOP ( 'NONE', ( #4699, #6260, #1461, #2424 ) ) ;
#1598 = ORIENTED_EDGE ( 'NONE', *, *, #6899, .T. ) ;
#1599 = ORIENTED_EDGE ( 'NONE', *, *, #2234, .F. ) ;
#1600 = VECTOR ( 'NONE', #1089, 1000.000000000000114 ) ;
#1601 = LINE ( 'NONE', #7871, #6070 ) ;
#1602 = LINE ( 'NONE', #5349, #4700 ) ;
#1603 = CARTESIAN_POINT ( 'NONE',  ( 7.503740226995931017, 7.500000000000000000, 0.000000000000000000 ) ) ;
#1604 = VECTOR ( 'NONE', #7158, 1000.000000000000000 ) ;
#1605 = ORIENTED_EDGE ( 'NONE', *, *, #7121, .F. ) ;
#1606 = ORIENTED_EDGE ( 'NONE', *, *, #5592, .F. ) ;
#1607 = ADVANCED_FACE ( 'NONE', ( #2263 ), #8083, .F. ) ;
#1608 = CARTESIAN_POINT ( 'NONE',  ( 0.5499999999999949374, 10.80000000000000071, -8.450000000000388312 ) ) ;
#1609 = VECTOR ( 'NONE', #3644, 1000.000000000000000 ) ;
#1610 = EDGE_LOOP ( 'NONE', ( #977, #4424, #4257, #3140, #2497, #6934, #5120, #5916, #1009, #7899, #1112, #4943, #2916, #7532, #3692, #4551, #2564, #1599, #6978, #6594, #2122, #3776, #8046, #3579, #7616, #2598, #5763, #1298, #3595, #4789, #5601, #146 ) ) ;
#1611 = ORIENTED_EDGE ( 'NONE', *, *, #4550, .F. ) ;
#1612 = EDGE_CURVE ( 'NONE', #5565, #3076, #7958, .T. ) ;
#1613 = ORIENTED_EDGE ( 'NONE', *, *, #6383, .F. ) ;
#1614 = DIRECTION ( 'NONE',  ( -0.4999999999999957256, -0.7071067811865535679, 0.4999999999999957256 ) ) ;
#1615 = ADVANCED_FACE ( 'NONE', ( #3657 ), #3526, .F. ) ;
#1616 = EDGE_CURVE ( 'NONE', #7922, #3012, #6218, .T. ) ;
#1617 = PLANE ( 'NONE',  #458 ) ;
#1618 = CARTESIAN_POINT ( 'NONE',  ( -40.07937528197223997, 29.75245638442227047, -4.884529417028659282 ) ) ;
#1619 = ORIENTED_EDGE ( 'NONE', *, *, #8066, .F. ) ;
#1620 = ORIENTED_EDGE ( 'NONE', *, *, #6964, .F. ) ;
#1621 = DIRECTION ( 'NONE',  ( 0.000000000000000000, 0.000000000000000000, -1.000000000000000000 ) ) ;
#1622 = AXIS2_PLACEMENT_3D ( 'NONE', #7177, #4689, #2884 ) ;
#1623 = CARTESIAN_POINT ( 'NONE',  ( -62.00000000000000000, 7.500000000000000000, -41.00000000000000000 ) ) ;
#1624 = LINE ( 'NONE', #6112, #6319 ) ;
#1625 = FACE_BOUND ( 'NONE', #6970, .T. ) ;
#1626 = ORIENTED_EDGE ( 'NONE', *, *, #5411, .T. ) ;
#1627 = DIRECTION ( 'NONE',  ( 0.000000000000000000, 0.000000000000000000, 1.000000000000000000 ) ) ;
#1628 = CARTESIAN_POINT ( 'NONE',  ( -0.5499999999999949374, 10.80000000000000071, 27.54999999999960991 ) ) ;
#1629 = DIRECTION ( 'NONE',  ( 0.2756373558170042704, 0.9612616959383174509, 0.000000000000000000 ) ) ;
#1630 = VECTOR ( 'NONE', #466, 1000.000000000000000 ) ;
#1631 = ORIENTED_EDGE ( 'NONE', *, *, #2913, .T. ) ;
#1632 = LINE ( 'NONE', #1010, #1994 ) ;
#1633 = CARTESIAN_POINT ( 'NONE',  ( 8.449999999999999289, 10.80000000000000071, 35.44999999999961204 ) ) ;
#1634 = DIRECTION ( 'NONE',  ( 0.000000000000000000, 0.000000000000000000, -1.000000000000000000 ) ) ;
#1635 = LINE ( 'NONE', #7324, #1039 ) ;
#1636 = DIRECTION ( 'NONE',  ( -0.9612616959383174509, -0.2756373558170042704, 0.000000000000000000 ) ) ;
#1637 = VECTOR ( 'NONE', #33, 1000.000000000000227 ) ;
#1638 = DIRECTION ( 'NONE',  ( 0.000000000000000000, 0.000000000000000000, 1.000000000000000000 ) ) ;
#1639 = ADVANCED_FACE ( 'NONE', ( #7334 ), #2309, .F. ) ;
#1640 = ADVANCED_FACE ( 'NONE', ( #571 ), #6799, .F. ) ;
#1641 = ORIENTED_EDGE ( 'NONE', *, *, #6997, .F. ) ;
#1642 = ADVANCED_FACE ( 'NONE', ( #1149 ), #2428, .F. ) ;
#1643 = ORIENTED_EDGE ( 'NONE', *, *, #381, .F. ) ;
#1644 = VECTOR ( 'NONE', #1096, 1000.000000000000114 ) ;
#1645 = VERTEX_POINT ( 'NONE', #4238 ) ;
#1646 = ORIENTED_EDGE ( 'NONE', *, *, #6847, .T. ) ;
#1647 = LINE ( 'NONE', #6091, #7921 ) ;
#1648 = DIRECTION ( 'NONE',  ( -0.000000000000000000, -0.000000000000000000, 1.000000000000000000 ) ) ;
#1649 = DIRECTION ( 'NONE',  ( -1.000000000000000000, 0.000000000000000000, 0.000000000000000000 ) ) ;
#1650 = ORIENTED_EDGE ( 'NONE', *, *, #7417, .T. ) ;
#1651 = ORIENTED_EDGE ( 'NONE', *, *, #3437, .T. ) ;
#1652 = DIRECTION ( 'NONE',  ( 0.2657276780299913099, 0.9267025424900799946, 0.2657276780299913099 ) ) ;
#1653 = VERTEX_POINT ( 'NONE', #6174 ) ;
#1654 = EDGE_LOOP ( 'NONE', ( #3325, #1687, #30, #6461 ) ) ;
#1655 = VERTEX_POINT ( 'NONE', #524 ) ;
#1656 = ORIENTED_EDGE ( 'NONE', *, *, #3536, .T. ) ;
#1657 = LINE ( 'NONE', #6061, #689 ) ;
#1658 = DIRECTION ( 'NONE',  ( 0.000000000000000000, 0.000000000000000000, -1.000000000000000000 ) ) ;
#1659 = CARTESIAN_POINT ( 'NONE',  ( -61.00000000000000000, 9.899999999999998579, -8.000000000000000000 ) ) ;
#1660 = AXIS2_PLACEMENT_3D ( 'NONE', #1055, #4226, #1097 ) ;
#1661 = ORIENTED_EDGE ( 'NONE', *, *, #7487, .T. ) ;
#1662 = ORIENTED_EDGE ( 'NONE', *, *, #1485, .T. ) ;
#1663 = ADVANCED_FACE ( 'NONE', ( #4857 ), #8043, .F. ) ;
#1664 = DIRECTION ( 'NONE',  ( -0.000000000000000000, -0.000000000000000000, 1.000000000000000000 ) ) ;
#1665 = CARTESIAN_POINT ( 'NONE',  ( 27.54999999999999005, 10.80000000000000071, -35.45000000000039364 ) ) ;
#1666 = EDGE_CURVE ( 'NONE', #3369, #889, #4191, .T. ) ;
#1667 = CARTESIAN_POINT ( 'NONE',  ( 45.54999999999999005, 10.80000000000000071, -35.45000000000039364 ) ) ;
#1668 = EDGE_CURVE ( 'NONE', #5850, #4753, #6712, .T. ) ;
#1669 = DIRECTION ( 'NONE',  ( -0.000000000000000000, -0.2756373558170042704, -0.9612616959383174509 ) ) ;
#1670 = AXIS2_PLACEMENT_3D ( 'NONE', #5861, #214, #2725 ) ;
#1671 = ORIENTED_EDGE ( 'NONE', *, *, #7012, .T. ) ;
#1672 = LINE ( 'NONE', #4087, #5999 ) ;
#1673 = LINE ( 'NONE', #1756, #1867 ) ;
#1674 = EDGE_CURVE ( 'NONE', #1899, #7977, #5598, .T. ) ;
#1675 = CARTESIAN_POINT ( 'NONE',  ( -1.190566005527356142, 8.566080860090391269, 0.000000000000000000 ) ) ;
#1677 = EDGE_CURVE ( 'NONE', #7305, #7925, #7293, .T. ) ;
#1676 = CARTESIAN_POINT ( 'NONE',  ( -54.49999999999997868, 10.79999999999989235, 36.49999999999959499 ) ) ;
#1678 = DIRECTION ( 'NONE',  ( 0.000000000000000000, 0.000000000000000000, -1.000000000000000000 ) ) ;
#1679 = CARTESIAN_POINT ( 'NONE',  ( 18.54999999999999716, 10.80000000000000071, 35.44999999999961204 ) ) ;
#1680 = CARTESIAN_POINT ( 'NONE',  ( -53.44999999999999574, 10.80000000000000071, 17.44999999999961560 ) ) ;
#1681 = PLANE ( 'NONE',  #583 ) ;
#1682 = DIRECTION ( 'NONE',  ( -0.9612616959383174509, -0.2756373558170042704, 0.000000000000000000 ) ) ;
#1683 = VERTEX_POINT ( 'NONE', #4149 ) ;
#1684 = VECTOR ( 'NONE', #3352, 1000.000000000000114 ) ;
#1685 = ORIENTED_EDGE ( 'NONE', *, *, #1005, .T. ) ;
#1686 = VERTEX_POINT ( 'NONE', #2921 ) ;
#1687 = ORIENTED_EDGE ( 'NONE', *, *, #2804, .T. ) ;
#1688 = DIRECTION ( 'NONE',  ( 0.9612616959383174509, -0.2756373558170042704, 0.000000000000000000 ) ) ;
#1689 = CARTESIAN_POINT ( 'NONE',  ( 9.550000000000002487, 10.80000000000000426, 33.62500000000000000 ) ) ;
#1690 = CARTESIAN_POINT ( 'NONE',  ( 1.496259773004063209, 7.500000000000000000, 0.000000000000000000 ) ) ;
#1691 = ORIENTED_EDGE ( 'NONE', *, *, #36, .T. ) ;
#1692 = ORIENTED_EDGE ( 'NONE', *, *, #6856, .F. ) ;
#1693 = VECTOR ( 'NONE', #2064, 1000.000000000000000 ) ;
#1694 = DIRECTION ( 'NONE',  ( -1.000000000000000000, -0.000000000000000000, -0.000000000000000000 ) ) ;
#1695 = EDGE_LOOP ( 'NONE', ( #3541, #1990, #710, #5678 ) ) ;
#1696 = VERTEX_POINT ( 'NONE', #3573 ) ;
#1697 = ORIENTED_EDGE ( 'NONE', *, *, #6223, .F. ) ;
#1698 = DIRECTION ( 'NONE',  ( 0.000000000000000000, -0.2756373558170023830, 0.9612616959383180060 ) ) ;
#1699 = CARTESIAN_POINT ( 'NONE',  ( 37.19056600552747227, 8.566080860090005800, -34.80943399447291142 ) ) ;
#1700 = CARTESIAN_POINT ( 'NONE',  ( 53.44999999999999574, 10.80000000000000071, 17.44999999999961560 ) ) ;
#1701 = ORIENTED_EDGE ( 'NONE', *, *, #1144, .T. ) ;
#1702 = ORIENTED_EDGE ( 'NONE', *, *, #6725, .T. ) ;
#1703 = CARTESIAN_POINT ( 'NONE',  ( -44.44999999999999574, 10.80000000000000071, -35.45000000000039364 ) ) ;
#1704 = AXIS2_PLACEMENT_3D ( 'NONE', #1547, #4051, #804 ) ;
#1705 = DIRECTION ( 'NONE',  ( 1.000000000000000000, 0.000000000000000000, -0.000000000000000000 ) ) ;
#1706 = CARTESIAN_POINT ( 'NONE',  ( -26.45000000000000284, 10.80000000000000426, 33.62500000000000000 ) ) ;
#1707 = LINE ( 'NONE', #3545, #4203 ) ;
#1708 = VERTEX_POINT ( 'NONE', #5438 ) ;
#1709 = CARTESIAN_POINT ( 'NONE',  ( 0.000000000000000000, 7.500000000000000000, -34.50374022699632093 ) ) ;
#1710 = ADVANCED_FACE ( 'NONE', ( #4815 ), #6096, .F. ) ;
#1711 = DIRECTION ( 'NONE',  ( -0.7071067811865452413, -0.000000000000000000, -0.7071067811865497932 ) ) ;
#1712 = ADVANCED_FACE ( 'NONE', ( #2347 ), #1106, .F. ) ;
#1713 = CARTESIAN_POINT ( 'NONE',  ( 58.32322330470334037, 9.699999999999974420, 37.32322330470339011 ) ) ;
#1714 = VECTOR ( 'NONE', #3180, 1000.000000000000114 ) ;
#1715 = CARTESIAN_POINT ( 'NONE',  ( 0.5499999999999949374, 10.80000000000000071, -17.45000000000039009 ) ) ;
#1716 = LINE ( 'NONE', #968, #5880 ) ;
#1717 = DIRECTION ( 'NONE',  ( 0.000000000000000000, 0.000000000000000000, 1.000000000000000000 ) ) ;
#1718 = CARTESIAN_POINT ( 'NONE',  ( -0.5500000000000088152, 82.98258077199005811, -35.45000000000000284 ) ) ;
#1719 = FACE_OUTER_BOUND ( 'NONE', #6046, .T. ) ;
#1720 = DIRECTION ( 'NONE',  ( 0.7071067811865426878, -0.7071067811865524577, -0.000000000000000000 ) ) ;
#1721 = ORIENTED_EDGE ( 'NONE', *, *, #7805, .F. ) ;
#1723 = VERTEX_POINT ( 'NONE', #6329 ) ;
#1722 = AXIS2_PLACEMENT_3D ( 'NONE', #7514, #1865, #6270 ) ;
#1724 = VECTOR ( 'NONE', #3959, 1000.000000000000114 ) ;
#1725 = ORIENTED_EDGE ( 'NONE', *, *, #6198, .T. ) ;
#1726 = ORIENTED_EDGE ( 'NONE', *, *, #4901, .F. ) ;
#1727 = CARTESIAN_POINT ( 'NONE',  ( -0.5499999999999949374, 10.80000000000000071, 17.44999999999961560 ) ) ;
#1728 = CARTESIAN_POINT ( 'NONE',  ( -8.449999999999999289, 10.80000000000000071, -27.55000000000038796 ) ) ;
#1729 = CARTESIAN_POINT ( 'NONE',  ( 52.50374022699592302, 7.500000000000000000, 0.000000000000000000 ) ) ;
#1730 = ORIENTED_EDGE ( 'NONE', *, *, #5393, .T. ) ;
#1731 = VECTOR ( 'NONE', #4300, 1000.000000000000000 ) ;
#1732 = VERTEX_POINT ( 'NONE', #643 ) ;
#1733 = CARTESIAN_POINT ( 'NONE',  ( 2.375000000000005773, 10.80000000000000426, -27.55000000000038796 ) ) ;
#1734 = EDGE_CURVE ( 'NONE', #7208, #6677, #4975, .T. ) ;
#1735 = AXIS2_PLACEMENT_3D ( 'NONE', #1969, #7001, #6510 ) ;
#1736 = VECTOR ( 'NONE', #1336, 1000.000000000000114 ) ;
#1737 = ORIENTED_EDGE ( 'NONE', *, *, #4041, .F. ) ;
#1738 = ORIENTED_EDGE ( 'NONE', *, *, #1342, .F. ) ;
#1739 = VECTOR ( 'NONE', #1541, 1000.000000000000114 ) ;
#1740 = VERTEX_POINT ( 'NONE', #6366 ) ;
#1741 = CARTESIAN_POINT ( 'NONE',  ( 0.5500000000000088152, 82.98258077199005811, 35.45000000000000995 ) ) ;
#1742 = EDGE_CURVE ( 'NONE', #5520, #5130, #1999, .T. ) ;
#1743 = DIRECTION ( 'NONE',  ( 0.2657276780299913099, 0.9267025424900799946, 0.2657276780299913099 ) ) ;
#1744 = EDGE_CURVE ( 'NONE', #3732, #6286, #3193, .T. ) ;
#1745 = LINE ( 'NONE', #4249, #5790 ) ;
#1746 = EDGE_CURVE ( 'NONE', #7061, #6302, #1303, .T. ) ;
#1747 = ORIENTED_EDGE ( 'NONE', *, *, #6587, .T. ) ;
#1749 = ORIENTED_EDGE ( 'NONE', *, *, #641, .F. ) ;
#1748 = DIRECTION ( 'NONE',  ( -1.000000000000000000, 0.000000000000000000, -0.000000000000000000 ) ) ;
#1750 = PLANE ( 'NONE',  #4847 ) ;
#1751 = CARTESIAN_POINT ( 'NONE',  ( -0.5499999999999949374, 10.80000000000000071, -9.550000000000384404 ) ) ;
#1752 = LINE ( 'NONE', #4255, #4736 ) ;
#1753 = CARTESIAN_POINT ( 'NONE',  ( 16.50374022699593723, 7.500000000000000000, -33.62500000000000000 ) ) ;
#1754 = VERTEX_POINT ( 'NONE', #5090 ) ;
#1755 = FACE_OUTER_BOUND ( 'NONE', #7796, .T. ) ;
#1756 = CARTESIAN_POINT ( 'NONE',  ( -3.482387728013434741E-16, 8.566080860089968496, -34.80943399447290432 ) ) ;
#1757 = VECTOR ( 'NONE', #6470, 1000.000000000000114 ) ;
#1758 = LINE ( 'NONE', #6697, #1863 ) ;
#1759 = DIRECTION ( 'NONE',  ( -0.000000000000000000, -0.000000000000000000, 1.000000000000000000 ) ) ;
#1760 = LINE ( 'NONE', #1586, #2341 ) ;
#1761 = CARTESIAN_POINT ( 'NONE',  ( -0.5499999999999949374, 10.80000000000000071, 8.449999999999617373 ) ) ;
#1762 = DIRECTION ( 'NONE',  ( 0.000000000000000000, -0.000000000000000000, -1.000000000000000000 ) ) ;
#1763 = DIRECTION ( 'NONE',  ( -0.8164965809277101583, 0.5773502691896481576, 0.000000000000000000 ) ) ;
#1764 = DIRECTION ( 'NONE',  ( -0.2657276780299911434, -0.9267025424900801056, 0.2657276780299911434 ) ) ;
#1765 = VERTEX_POINT ( 'NONE', #3156 ) ;
#1766 = ORIENTED_EDGE ( 'NONE', *, *, #1555, .T. ) ;
#1767 = ORIENTED_EDGE ( 'NONE', *, *, #6337, .T. ) ;
#1768 = ORIENTED_EDGE ( 'NONE', *, *, #5543, .F. ) ;
#1769 = CARTESIAN_POINT ( 'NONE',  ( -62.00000000000000000, 7.500000000000000000, 41.00000000000000000 ) ) ;
#1770 = DIRECTION ( 'NONE',  ( 0.4578768884082908830, -0.7620351108204154178, 0.4578768884082908830 ) ) ;
#1771 = ADVANCED_FACE ( 'NONE', ( #718 ), #3846, .F. ) ;
#1772 = DIRECTION ( 'NONE',  ( 0.000000000000000000, 0.5150380749100545996, 0.8571673007021120005 ) ) ;
#1773 = EDGE_CURVE ( 'NONE', #2797, #6980, #6880, .T. ) ;
#1774 = EDGE_CURVE ( 'NONE', #4193, #4511, #7575, .T. ) ;
#1775 = EDGE_LOOP ( 'NONE', ( #67, #4837, #6176, #6583 ) ) ;
#1776 = VECTOR ( 'NONE', #5526, 1000.000000000000114 ) ;
#1777 = EDGE_LOOP ( 'NONE', ( #2472, #1522, #1531, #3035 ) ) ;
#1778 = ORIENTED_EDGE ( 'NONE', *, *, #1104, .F. ) ;
#1779 = ORIENTED_EDGE ( 'NONE', *, *, #198, .T. ) ;
#1780 = CARTESIAN_POINT ( 'NONE',  ( 9.625325129530901691, 10.53731005528970321, 33.62500000000000000 ) ) ;
#1781 = CARTESIAN_POINT ( 'NONE',  ( -18.54999999999999716, 10.80000000000000071, -35.45000000000039364 ) ) ;
#1782 = PLANE ( 'NONE',  #6454 ) ;
#1784 = VERTEX_POINT ( 'NONE', #1376 ) ;
#1783 = LINE ( 'NONE', #6149, #6014 ) ;
#1785 = DIRECTION ( 'NONE',  ( 0.000000000000000000, -0.2756373558170021609, 0.9612616959383181170 ) ) ;
#1786 = CARTESIAN_POINT ( 'NONE',  ( 10.19056600552748648, 8.566080860089961391, -34.80943399447290432 ) ) ;
#1787 = DIRECTION ( 'NONE',  ( 0.000000000000000000, 0.9612616959383174509, -0.2756373558170042704 ) ) ;
#1788 = CARTESIAN_POINT ( 'NONE',  ( 0.000000000000000000, 7.500000000000000000, 16.50374022699554644 ) ) ;
#1789 = EDGE_CURVE ( 'NONE', #653, #3439, #3886, .T. ) ;
#1790 = ORIENTED_EDGE ( 'NONE', *, *, #6522, .F. ) ;
#1791 = CARTESIAN_POINT ( 'NONE',  ( -54.49999999999997868, 10.80000000000000426, 36.49999999999959499 ) ) ;
#1792 = CARTESIAN_POINT ( 'NONE',  ( -2.375000000000005773, 10.80000000000000071, 0.000000000000000000 ) ) ;
#1793 = VECTOR ( 'NONE', #7075, 1000.000000000000000 ) ;
#1794 = DIRECTION ( 'NONE',  ( -0.2657276780299913099, -0.9267025424900799946, 0.2657276780299913099 ) ) ;
#1795 = PLANE ( 'NONE',  #4962 ) ;
#1796 = CARTESIAN_POINT ( 'NONE',  ( 0.5499999999999949374, 10.80000000000000071, -9.550000000000384404 ) ) ;
#1797 = CARTESIAN_POINT ( 'NONE',  ( 54.96378475451788859, 7.500000000000000000, 36.96378475451749068 ) ) ;
#1798 = VECTOR ( 'NONE', #4850, 1000.000000000000000 ) ;
#1799 = FACE_OUTER_BOUND ( 'NONE', #4817, .T. ) ;
#1800 = LINE ( 'NONE', #4964, #775 ) ;
#1801 = LINE ( 'NONE', #1949, #66 ) ;
#1802 = EDGE_LOOP ( 'NONE', ( #5094, #1584, #5746, #7952 ) ) ;
#1803 = EDGE_CURVE ( 'NONE', #6525, #491, #756, .T. ) ;
#1804 = EDGE_CURVE ( 'NONE', #1708, #226, #6405, .T. ) ;
#1805 = ORIENTED_EDGE ( 'NONE', *, *, #1293, .T. ) ;
#1806 = ORIENTED_EDGE ( 'NONE', *, *, #7694, .F. ) ;
#1807 = ORIENTED_EDGE ( 'NONE', *, *, #1816, .F. ) ;
#1808 = CARTESIAN_POINT ( 'NONE',  ( 60.02027957955104398, 7.500000000000000000, -31.94921176768562177 ) ) ;
#1809 = DIRECTION ( 'NONE',  ( -0.000000000000000000, -0.2756373558170042704, -0.9612616959383174509 ) ) ;
#1810 = DIRECTION ( 'NONE',  ( 0.9612616959383175619, -0.2756373558170040483, 0.000000000000000000 ) ) ;
#1811 = AXIS2_PLACEMENT_3D ( 'NONE', #3633, #4912, #6306 ) ;
#1812 = EDGE_LOOP ( 'NONE', ( #675, #3149, #3272, #2173 ) ) ;
#1813 = ADVANCED_FACE ( 'NONE', ( #2463 ), #5633, .F. ) ;
#1814 = ORIENTED_EDGE ( 'NONE', *, *, #85, .F. ) ;
#1815 = ORIENTED_EDGE ( 'NONE', *, *, #1370, .F. ) ;
#1816 = EDGE_CURVE ( 'NONE', #5872, #1931, #5741, .T. ) ;
#1817 = AXIS2_PLACEMENT_3D ( 'NONE', #1532, #5852, #7094 ) ;
#1818 = ORIENTED_EDGE ( 'NONE', *, *, #5757, .F. ) ;
#1819 = CARTESIAN_POINT ( 'NONE',  ( 61.85875721063607102, 9.899999999999975486, -33.78768939877064525 ) ) ;
#1820 = FACE_OUTER_BOUND ( 'NONE', #4876, .T. ) ;
#1821 = CARTESIAN_POINT ( 'NONE',  ( -51.62500000000000000, 10.80000000000000426, -17.45000000000039009 ) ) ;
#1822 = VECTOR ( 'NONE', #7205, 1000.000000000000000 ) ;
#1824 = ORIENTED_EDGE ( 'NONE', *, *, #1405, .F. ) ;
#1823 = LINE ( 'NONE', #8094, #7387 ) ;
#1825 = DIRECTION ( 'NONE',  ( 0.000000000000000000, 0.000000000000000000, -1.000000000000000000 ) ) ;
#1826 = EDGE_CURVE ( 'NONE', #407, #2071, #6952, .T. ) ;
#1827 = CARTESIAN_POINT ( 'NONE',  ( 34.50374022699593013, 7.500000000000000000, 0.000000000000000000 ) ) ;
#1828 = CARTESIAN_POINT ( 'NONE',  ( 40.07937528197221866, 29.75245638442229534, 4.115470582971386015 ) ) ;
#1829 = ORIENTED_EDGE ( 'NONE', *, *, #6745, .F. ) ;
#1830 = CARTESIAN_POINT ( 'NONE',  ( 51.62500000000000000, 10.80000000000000071, 0.000000000000000000 ) ) ;
#1831 = DIRECTION ( 'NONE',  ( -1.000000000000000000, -0.000000000000000000, -0.000000000000000000 ) ) ;
#1832 = AXIS2_PLACEMENT_3D ( 'NONE', #1849, #6259, #58 ) ;
#1833 = LINE ( 'NONE', #6349, #270 ) ;
#1834 = CARTESIAN_POINT ( 'NONE',  ( -9.549999999999995381, 10.80000000000000071, 35.44999999999961204 ) ) ;
#1835 = AXIS2_PLACEMENT_3D ( 'NONE', #5716, #70, #2585 ) ;
#1836 = DIRECTION ( 'NONE',  ( -1.000000000000000000, -0.000000000000000000, -0.000000000000000000 ) ) ;
#1837 = DIRECTION ( 'NONE',  ( 0.000000000000000000, 0.000000000000000000, 1.000000000000000000 ) ) ;
#1838 = DIRECTION ( 'NONE',  ( 0.000000000000000000, 0.000000000000000000, -1.000000000000000000 ) ) ;
#1839 = DIRECTION ( 'NONE',  ( 0.5001519828512179799, -0.8323926831162092865, 0.2386847610229711203 ) ) ;
#1840 = LINE ( 'NONE', #6285, #4818 ) ;
#1841 = EDGE_LOOP ( 'NONE', ( #7552, #2219, #574, #573 ) ) ;
#1842 = EDGE_CURVE ( 'NONE', #7741, #2797, #5011, .T. ) ;
#1843 = VECTOR ( 'NONE', #5982, 1000.000000000000000 ) ;
#1844 = VERTEX_POINT ( 'NONE', #1267 ) ;
#1845 = VERTEX_POINT ( 'NONE', #1338 ) ;
#1846 = ORIENTED_EDGE ( 'NONE', *, *, #6301, .F. ) ;
#1847 = CARTESIAN_POINT ( 'NONE',  ( -35.44999999999999574, 10.80000000000000071, 35.44999999999961204 ) ) ;
#1848 = LINE ( 'NONE', #4974, #1210 ) ;
#1849 = CARTESIAN_POINT ( 'NONE',  ( -43.50374022699593013, 7.500000000000000000, 0.000000000000000000 ) ) ;
#1850 = VERTEX_POINT ( 'NONE', #7542 ) ;
#1851 = ADVANCED_FACE ( 'NONE', ( #4396 ), #5673, .F. ) ;
#1852 = VECTOR ( 'NONE', #3474, 1000.000000000000114 ) ;
#1853 = ORIENTED_EDGE ( 'NONE', *, *, #6178, .T. ) ;
#1854 = EDGE_LOOP ( 'NONE', ( #2342, #771, #4517, #7999 ) ) ;
#1855 = VECTOR ( 'NONE', #1218, 1000.000000000000000 ) ;
#1856 = EDGE_CURVE ( 'NONE', #3368, #892, #4433, .T. ) ;
#1857 = ORIENTED_EDGE ( 'NONE', *, *, #2621, .T. ) ;
#1858 = ADVANCED_FACE ( 'NONE', ( #5250 ), #6615, .F. ) ;
#1859 = VECTOR ( 'NONE', #4121, 1000.000000000000000 ) ;
#1860 = AXIS2_PLACEMENT_3D ( 'NONE', #1472, #4680, #1554 ) ;
#1861 = CARTESIAN_POINT ( 'NONE',  ( 61.43449314192414334, 10.49999999999999822, 33.36342533005872468 ) ) ;
#1862 = CARTESIAN_POINT ( 'NONE',  ( -0.5500000000000088152, 7.500000000000000000, -35.45000000000000284 ) ) ;
#1863 = VECTOR ( 'NONE', #1582, 1000.000000000000227 ) ;
#1864 = EDGE_CURVE ( 'NONE', #217, #6623, #926, .T. ) ;
#1866 = ORIENTED_EDGE ( 'NONE', *, *, #6296, .F. ) ;
#1865 = DIRECTION ( 'NONE',  ( 2.679109615408197094E-16, 0.000000000000000000, -1.000000000000000000 ) ) ;
#1867 = VECTOR ( 'NONE', #4798, 1000.000000000000000 ) ;
#1868 = CARTESIAN_POINT ( 'NONE',  ( -29.37500000000000000, 10.53731005528972631, -33.62500000000000000 ) ) ;
#1869 = ADVANCED_FACE ( 'NONE', ( #2819 ), #6492, .F. ) ;
#1870 = DIRECTION ( 'NONE',  ( 1.000000000000000000, 0.000000000000000000, 0.000000000000000000 ) ) ;
#1871 = EDGE_CURVE ( 'NONE', #4114, #5182, #4589, .T. ) ;
#1872 = EDGE_CURVE ( 'NONE', #2953, #4526, #221, .T. ) ;
#1873 = VECTOR ( 'NONE', #7776, 1000.000000000000114 ) ;
#1874 = DIRECTION ( 'NONE',  ( -0.000000000000000000, -0.000000000000000000, 1.000000000000000000 ) ) ;
#1875 = LINE ( 'NONE', #5615, #3424 ) ;
#1876 = LINE ( 'NONE', #8142, #7790 ) ;
#1877 = VECTOR ( 'NONE', #1759, 1000.000000000000000 ) ;
#1878 = CARTESIAN_POINT ( 'NONE',  ( 51.62500000000000000, 10.80000000000000426, 27.54999999999960991 ) ) ;
#1879 = CARTESIAN_POINT ( 'NONE',  ( -51.62500000000000000, 10.80000000000000426, 0.5499999999996132427 ) ) ;
#1880 = CARTESIAN_POINT ( 'NONE',  ( -61.00000000000000000, 10.49999999999999822, 8.000000000000000000 ) ) ;
#1881 = DIRECTION ( 'NONE',  ( 0.2657276780299894225, 0.9267025424900811048, 0.2657276780299894225 ) ) ;
#1882 = ORIENTED_EDGE ( 'NONE', *, *, #6040, .T. ) ;
#1883 = LINE ( 'NONE', #3111, #477 ) ;
#1884 = ORIENTED_EDGE ( 'NONE', *, *, #2680, .F. ) ;
#1885 = VECTOR ( 'NONE', #4081, 1000.000000000000000 ) ;
#1886 = LINE ( 'NONE', #4242, #6898 ) ;
#1887 = ORIENTED_EDGE ( 'NONE', *, *, #7621, .T. ) ;
#1888 = ORIENTED_EDGE ( 'NONE', *, *, #4428, .F. ) ;
#1889 = DIRECTION ( 'NONE',  ( 0.000000000000000000, 0.000000000000000000, 1.000000000000000000 ) ) ;
#1890 = LINE ( 'NONE', #3808, #7111 ) ;
#1891 = CARTESIAN_POINT ( 'NONE',  ( -40.07937528197222576, 29.75245638442229179, 4.884529417027853704 ) ) ;
#1892 = ADVANCED_FACE ( 'NONE', ( #6572 ), #5337, .F. ) ;
#1893 = EDGE_CURVE ( 'NONE', #7278, #1754, #6535, .T. ) ;
#1894 = ORIENTED_EDGE ( 'NONE', *, *, #1258, .F. ) ;
#1895 = EDGE_LOOP ( 'NONE', ( #8161, #3821, #8115, #5530 ) ) ;
#1896 = ORIENTED_EDGE ( 'NONE', *, *, #3967, .T. ) ;
#1897 = VECTOR ( 'NONE', #5765, 1000.000000000000000 ) ;
#1898 = EDGE_CURVE ( 'NONE', #2575, #226, #1417, .T. ) ;
#1899 = VERTEX_POINT ( 'NONE', #4546 ) ;
#1900 = VECTOR ( 'NONE', #2268, 1000.000000000000000 ) ;
#1901 = FACE_OUTER_BOUND ( 'NONE', #6506, .T. ) ;
#1902 = DIRECTION ( 'NONE',  ( 0.000000000000000000, 0.000000000000000000, -1.000000000000000000 ) ) ;
#1904 = ORIENTED_EDGE ( 'NONE', *, *, #5393, .F. ) ;
#1903 = DIRECTION ( 'NONE',  ( -1.000000000000000000, 0.000000000000000000, -0.000000000000000000 ) ) ;
#1905 = VECTOR ( 'NONE', #6724, 1000.000000000000000 ) ;
#1906 = DIRECTION ( 'NONE',  ( 0.5001519828512179799, 0.8323926831162092865, 0.2386847610229713423 ) ) ;
#1907 = DIRECTION ( 'NONE',  ( -1.000000000000000000, 8.917574327783688856E-16, 0.000000000000000000 ) ) ;
#1908 = CARTESIAN_POINT ( 'NONE',  ( -2.375000000000005773, 10.80000000000000426, 18.54999999999960991 ) ) ;
#1909 = DIRECTION ( 'NONE',  ( 0.000000000000000000, 0.000000000000000000, -1.000000000000000000 ) ) ;
#1910 = EDGE_CURVE ( 'NONE', #5609, #6052, #3973, .T. ) ;
#1911 = ORIENTED_EDGE ( 'NONE', *, *, #5740, .F. ) ;
#1912 = EDGE_CURVE ( 'NONE', #1146, #302, #2735, .T. ) ;
#1913 = EDGE_CURVE ( 'NONE', #2355, #942, #6447, .T. ) ;
#1914 = LINE ( 'NONE', #7560, #6459 ) ;
#1915 = DIRECTION ( 'NONE',  ( -2.296445157324517257E-16, 0.5150380749100545996, -0.8571673007021120005 ) ) ;
#1916 = LINE ( 'NONE', #3796, #6582 ) ;
#1917 = CARTESIAN_POINT ( 'NONE',  ( -2.375000000000005773, 10.53731005528968545, 33.62500000000000000 ) ) ;
#1918 = LINE ( 'NONE', #631, #4722 ) ;
#1919 = ORIENTED_EDGE ( 'NONE', *, *, #1108, .T. ) ;
#1920 = DIRECTION ( 'NONE',  ( -1.000000000000000000, -8.917574327783688856E-16, -0.000000000000000000 ) ) ;
#1921 = ORIENTED_EDGE ( 'NONE', *, *, #6119, .F. ) ;
#1922 = DIRECTION ( 'NONE',  ( 0.2386847610229713423, -0.8323926831162092865, 0.5001519828512179799 ) ) ;
#1923 = VECTOR ( 'NONE', #1591, 1000.000000000000114 ) ;
#1924 = ORIENTED_EDGE ( 'NONE', *, *, #2511, .T. ) ;
#1925 = ORIENTED_EDGE ( 'NONE', *, *, #456, .T. ) ;
#1926 = DIRECTION ( 'NONE',  ( 0.2386847610229713423, -0.8323926831162092865, 0.5001519828512179799 ) ) ;
#1927 = DIRECTION ( 'NONE',  ( -0.5001519828512179799, 0.8323926831162092865, 0.2386847610229713423 ) ) ;
#1928 = CARTESIAN_POINT ( 'NONE',  ( 0.000000000000000000, 10.80000000000000071, 33.62500000000000000 ) ) ;
#1929 = VECTOR ( 'NONE', #2982, 1000.000000000000227 ) ;
#1930 = ORIENTED_EDGE ( 'NONE', *, *, #5564, .T. ) ;
#1931 = VERTEX_POINT ( 'NONE', #2205 ) ;
#1932 = ORIENTED_EDGE ( 'NONE', *, *, #4118, .T. ) ;
#1933 = ORIENTED_EDGE ( 'NONE', *, *, #5371, .F. ) ;
#1934 = EDGE_LOOP ( 'NONE', ( #5355, #5713, #7474, #1334 ) ) ;
#1935 = CARTESIAN_POINT ( 'NONE',  ( -53.44999999999999574, 10.80000000000000071, 18.54999999999960991 ) ) ;
#1936 = LINE ( 'NONE', #655, #1592 ) ;
#1937 = DIRECTION ( 'NONE',  ( 0.2657276780299913099, -0.9267025424900799946, 0.2657276780299913099 ) ) ;
#1938 = CARTESIAN_POINT ( 'NONE',  ( -8.449999999999999289, 10.80000000000000071, 35.44999999999961204 ) ) ;
#1939 = DIRECTION ( 'NONE',  ( 0.000000000000000000, -1.000000000000000000, 0.000000000000000000 ) ) ;
#1940 = AXIS2_PLACEMENT_3D ( 'NONE', #6602, #373, #4125 ) ;
#1941 = LINE ( 'NONE', #1285, #2509 ) ;
#1942 = ORIENTED_EDGE ( 'NONE', *, *, #7766, .T. ) ;
#1943 = CARTESIAN_POINT ( 'NONE',  ( 28.49625977300405921, 7.500000000000000000, 33.62500000000000000 ) ) ;
#1944 = CARTESIAN_POINT ( 'NONE',  ( 0.000000000000000000, 7.500000000000000000, -10.49625977300446067 ) ) ;
#1945 = CARTESIAN_POINT ( 'NONE',  ( -52.80943399447263431, 8.566080860090417914, -16.80943399447302511 ) ) ;
#1946 = LINE ( 'NONE', #4493, #662 ) ;
#1947 = CARTESIAN_POINT ( 'NONE',  ( -16.50374022699593013, 7.500000000000000000, 33.62500000000000000 ) ) ;
#1948 = EDGE_LOOP ( 'NONE', ( #6668, #7613, #1626, #6581 ) ) ;
#1949 = CARTESIAN_POINT ( 'NONE',  ( -2.661608656291305941, 3.435945472310297788, -15.33839134370907686 ) ) ;
#1950 = ADVANCED_FACE ( 'NONE', ( #7236 ), #7778, .T. ) ;
#1951 = ORIENTED_EDGE ( 'NONE', *, *, #4457, .F. ) ;
#1952 = CARTESIAN_POINT ( 'NONE',  ( -45.54999999999999005, 10.80000000000000071, -35.45000000000039364 ) ) ;
#1953 = EDGE_CURVE ( 'NONE', #6052, #185, #2126, .T. ) ;
#1954 = ORIENTED_EDGE ( 'NONE', *, *, #7348, .T. ) ;
#1955 = VERTEX_POINT ( 'NONE', #5782 ) ;
#1956 = CARTESIAN_POINT ( 'NONE',  ( -34.50374022699593013, 7.500000000000000000, -33.62500000000000000 ) ) ;
#1957 = CARTESIAN_POINT ( 'NONE',  ( -2.375000000000005773, 10.80000000000000426, -33.62500000000000000 ) ) ;
#1958 = VECTOR ( 'NONE', #7610, 1000.000000000000114 ) ;
#1959 = DIRECTION ( 'NONE',  ( 0.2657276780299911434, 0.9267025424900801056, 0.2657276780299911434 ) ) ;
#1960 = DIRECTION ( 'NONE',  ( 0.2386847610229713423, 0.8323926831162092865, 0.5001519828512179799 ) ) ;
#1961 = VERTEX_POINT ( 'NONE', #4010 ) ;
#1962 = ORIENTED_EDGE ( 'NONE', *, *, #326, .T. ) ;
#1963 = ORIENTED_EDGE ( 'NONE', *, *, #8121, .T. ) ;
#1964 = CARTESIAN_POINT ( 'NONE',  ( -44.44999999999999574, 10.80000000000000071, 35.44999999999961204 ) ) ;
#1965 = VERTEX_POINT ( 'NONE', #2651 ) ;
#1966 = VERTEX_POINT ( 'NONE', #886 ) ;
#1967 = EDGE_CURVE ( 'NONE', #4930, #6101, #5167, .T. ) ;
#1968 = CARTESIAN_POINT ( 'NONE',  ( -71.94928943488123707, 10.80000000000000426, -33.62500000000000000 ) ) ;
#1969 = CARTESIAN_POINT ( 'NONE',  ( 37.49625977300406987, 7.500000000000000000, 0.000000000000000000 ) ) ;
#1970 = VECTOR ( 'NONE', #593, 1000.000000000000114 ) ;
#1971 = LINE ( 'NONE', #2016, #7109 ) ;
#1972 = AXIS2_PLACEMENT_3D ( 'NONE', #6521, #7185, #5285 ) ;
#1973 = VECTOR ( 'NONE', #7591, 1000.000000000000000 ) ;
#1974 = DIRECTION ( 'NONE',  ( -1.000000000000000000, 0.000000000000000000, 0.000000000000000000 ) ) ;
#1975 = ADVANCED_FACE ( 'NONE', ( #5211 ), #263, .F. ) ;
#1976 = EDGE_CURVE ( 'NONE', #1655, #4765, #2078, .T. ) ;
#1977 = ADVANCED_FACE ( 'NONE', ( #5469 ), #7990, .F. ) ;
#1978 = CARTESIAN_POINT ( 'NONE',  ( -53.44999999999999574, 10.80000000000000071, 17.44999999999961560 ) ) ;
#1979 = VECTOR ( 'NONE', #6030, 1000.000000000000000 ) ;
#1980 = CARTESIAN_POINT ( 'NONE',  ( 52.80943399447264142, 8.566080860090407256, 0.000000000000000000 ) ) ;
#1981 = VERTEX_POINT ( 'NONE', #2417 ) ;
#1982 = VECTOR ( 'NONE', #1499, 1000.000000000000114 ) ;
#1983 = VERTEX_POINT ( 'NONE', #4804 ) ;
#1984 = LINE ( 'NONE', #4490, #3259 ) ;
#1985 = CARTESIAN_POINT ( 'NONE',  ( -51.62500000000000000, 10.80000000000000426, 33.62500000000000000 ) ) ;
#1986 = DIRECTION ( 'NONE',  ( 0.000000000000000000, 0.000000000000000000, 1.000000000000000000 ) ) ;
#1987 = DIRECTION ( 'NONE',  ( 0.000000000000000000, 0.000000000000000000, -1.000000000000000000 ) ) ;
#1988 = DIRECTION ( 'NONE',  ( 0.5001519828512179799, -0.8323926831162092865, 0.2386847610229713423 ) ) ;
#1989 = EDGE_CURVE ( 'NONE', #4408, #3850, #1635, .T. ) ;
#1990 = ORIENTED_EDGE ( 'NONE', *, *, #1803, .T. ) ;
#1991 = FACE_OUTER_BOUND ( 'NONE', #449, .T. ) ;
#1992 = EDGE_LOOP ( 'NONE', ( #3157, #664, #2934, #3196 ) ) ;
#1993 = DIRECTION ( 'NONE',  ( -0.000000000000000000, -0.000000000000000000, 1.000000000000000000 ) ) ;
#1994 = VECTOR ( 'NONE', #3512, 1000.000000000000114 ) ;
#1995 = ORIENTED_EDGE ( 'NONE', *, *, #3121, .T. ) ;
#1996 = ORIENTED_EDGE ( 'NONE', *, *, #4199, .F. ) ;
#1997 = DIRECTION ( 'NONE',  ( 0.000000000000000000, 0.000000000000000000, -1.000000000000000000 ) ) ;
#1998 = LINE ( 'NONE', #6292, #4365 ) ;
#1999 = LINE ( 'NONE', #4506, #5521 ) ;
#2000 = LINE ( 'NONE', #7237, #6116 ) ;
#2001 = DIRECTION ( 'NONE',  ( -0.9612616959383174509, -0.2756373558170042704, 0.000000000000000000 ) ) ;
#2002 = EDGE_LOOP ( 'NONE', ( #5976, #7612, #2556, #4637 ) ) ;
#2003 = ORIENTED_EDGE ( 'NONE', *, *, #1347, .T. ) ;
#2004 = EDGE_CURVE ( 'NONE', #1574, #5107, #4182, .T. ) ;
#2005 = AXIS2_PLACEMENT_3D ( 'NONE', #5232, #7044, #1974 ) ;
#2006 = EDGE_LOOP ( 'NONE', ( #153, #5354, #7247, #1691 ) ) ;
#2007 = EDGE_CURVE ( 'NONE', #1414, #8056, #5995, .T. ) ;
#2008 = CARTESIAN_POINT ( 'NONE',  ( 1.190566005527361249, 8.566080860090398374, -16.80943399447302156 ) ) ;
#2009 = EDGE_CURVE ( 'NONE', #5680, #1683, #3516, .T. ) ;
#2010 = VERTEX_POINT ( 'NONE', #6701 ) ;
#2011 = VERTEX_POINT ( 'NONE', #6787 ) ;
#2012 = DIRECTION ( 'NONE',  ( 0.000000000000000000, 0.000000000000000000, -1.000000000000000000 ) ) ;
#2013 = EDGE_CURVE ( 'NONE', #3388, #4859, #3648, .T. ) ;
#2014 = CARTESIAN_POINT ( 'NONE',  ( -57.99999999999999289, 9.499999999999998224, 8.000000000000000000 ) ) ;
#2015 = VECTOR ( 'NONE', #2978, 1000.000000000000114 ) ;
#2016 = CARTESIAN_POINT ( 'NONE',  ( 61.43449314192414334, 9.099999999999983658, 33.36342533005872468 ) ) ;
#2017 = VECTOR ( 'NONE', #4518, 1000.000000000000114 ) ;
#2018 = DIRECTION ( 'NONE',  ( -1.000000000000000000, -0.000000000000000000, -0.000000000000000000 ) ) ;
#2019 = DIRECTION ( 'NONE',  ( 1.000000000000000000, -0.000000000000000000, -0.000000000000000000 ) ) ;
#2020 = CARTESIAN_POINT ( 'NONE',  ( -2.375000000000005773, 10.80000000000000426, 26.44999999999961204 ) ) ;
#2021 = VECTOR ( 'NONE', #286, 1000.000000000000114 ) ;
#2022 = ORIENTED_EDGE ( 'NONE', *, *, #3206, .T. ) ;
#2023 = ORIENTED_EDGE ( 'NONE', *, *, #3724, .T. ) ;
#2024 = DIRECTION ( 'NONE',  ( -0.5001519828512179799, 0.8323926831162092865, 0.2386847610229713423 ) ) ;
#2025 = CARTESIAN_POINT ( 'NONE',  ( 60.02027957955104398, 9.499999999999980460, -31.94921176768562177 ) ) ;
#2026 = PLANE ( 'NONE',  #2 ) ;
#2027 = DIRECTION ( 'NONE',  ( -1.000000000000000000, 6.036709082546132388E-16, 1.730998474588425335E-16 ) ) ;
#2028 = VERTEX_POINT ( 'NONE', #1052 ) ;
#2029 = CARTESIAN_POINT ( 'NONE',  ( 0.5499999999999949374, 10.80000000000000071, -26.45000000000038298 ) ) ;
#2030 = ORIENTED_EDGE ( 'NONE', *, *, #4169, .F. ) ;
#2031 = DIRECTION ( 'NONE',  ( 0.000000000000000000, 0.000000000000000000, 1.000000000000000000 ) ) ;
#2032 = ORIENTED_EDGE ( 'NONE', *, *, #8162, .T. ) ;
#2033 = DIRECTION ( 'NONE',  ( 0.000000000000000000, -0.9612616959383174509, 0.2756373558170039373 ) ) ;
#2034 = LINE ( 'NONE', #2076, #7729 ) ;
#2035 = DIRECTION ( 'NONE',  ( 1.000000000000000000, -4.458787163891844428E-16, -0.000000000000000000 ) ) ;
#2036 = CARTESIAN_POINT ( 'NONE',  ( -48.93261023597304415, -0.9965637948163279525, 32.06738976402657215 ) ) ;
#2037 = CARTESIAN_POINT ( 'NONE',  ( 0.000000000000000000, 7.500000000000000000, 1.496259773003681737 ) ) ;
#2038 = FACE_BOUND ( 'NONE', #3499, .T. ) ;
#2039 = EDGE_CURVE ( 'NONE', #5223, #2401, #4224, .T. ) ;
#2040 = ORIENTED_EDGE ( 'NONE', *, *, #4133, .T. ) ;
#2041 = EDGE_CURVE ( 'NONE', #7192, #6074, #4926, .T. ) ;
#2042 = AXIS2_PLACEMENT_3D ( 'NONE', #5252, #7821, #888 ) ;
#2043 = VERTEX_POINT ( 'NONE', #3557 ) ;
#2044 = ORIENTED_EDGE ( 'NONE', *, *, #6644, .T. ) ;
#2045 = DIRECTION ( 'NONE',  ( 0.000000000000000000, 0.000000000000000000, -1.000000000000000000 ) ) ;
#2046 = LINE ( 'NONE', #4554, #5505 ) ;
#2047 = DIRECTION ( 'NONE',  ( 0.000000000000000000, 0.000000000000000000, -1.000000000000000000 ) ) ;
#2048 = VECTOR ( 'NONE', #3267, 1000.000000000000000 ) ;
#2049 = EDGE_LOOP ( 'NONE', ( #4764, #4351, #1650, #8004 ) ) ;
#2050 = VERTEX_POINT ( 'NONE', #6035 ) ;
#2051 = ORIENTED_EDGE ( 'NONE', *, *, #4809, .T. ) ;
#2052 = CARTESIAN_POINT ( 'NONE',  ( -51.62500000000000711, 7.500000000000000000, -1.496259773004444904 ) ) ;
#2053 = EDGE_CURVE ( 'NONE', #323, #2355, #7448, .T. ) ;
#2054 = CARTESIAN_POINT ( 'NONE',  ( -1.496259773004063209, 7.500000000000000000, 0.000000000000000000 ) ) ;
#2055 = FACE_OUTER_BOUND ( 'NONE', #4295, .T. ) ;
#2056 = CARTESIAN_POINT ( 'NONE',  ( 2.375000000000005773, 7.500000000000000000, 16.50374022699554644 ) ) ;
#2057 = CARTESIAN_POINT ( 'NONE',  ( 0.000000000000000000, 7.500000000000000000, -34.50374022699632093 ) ) ;
#2058 = LINE ( 'NONE', #3993, #225 ) ;
#2059 = VECTOR ( 'NONE', #7410, 1000.000000000000114 ) ;
#2060 = DIRECTION ( 'NONE',  ( 0.2756373558170042704, 0.9612616959383174509, 0.000000000000000000 ) ) ;
#2061 = ADVANCED_FACE ( 'NONE', ( #1799 ), #390, .T. ) ;
#2062 = ORIENTED_EDGE ( 'NONE', *, *, #7843, .F. ) ;
#2063 = ORIENTED_EDGE ( 'NONE', *, *, #7121, .T. ) ;
#2064 = DIRECTION ( 'NONE',  ( 0.000000000000000000, -0.000000000000000000, -1.000000000000000000 ) ) ;
#2065 = CARTESIAN_POINT ( 'NONE',  ( 0.000000000000000000, 7.500000000000000000, 19.49625977300367552 ) ) ;
#2066 = LINE ( 'NONE', #2770, #7248 ) ;
#2067 = CARTESIAN_POINT ( 'NONE',  ( -2.375000000000005773, 7.500000000000000000, -19.49625977300445356 ) ) ;
#2068 = ORIENTED_EDGE ( 'NONE', *, *, #3660, .T. ) ;
#2069 = VECTOR ( 'NONE', #5614, 1000.000000000000000 ) ;
#2070 = DIRECTION ( 'NONE',  ( -3.469446951953605354E-14, -1.000000000000000000, -0.000000000000000000 ) ) ;
#2071 = VERTEX_POINT ( 'NONE', #4888 ) ;
#2072 = LINE ( 'NONE', #7058, #15 ) ;
#2073 = FACE_OUTER_BOUND ( 'NONE', #2923, .T. ) ;
#2074 = EDGE_LOOP ( 'NONE', ( #2305, #1685, #3278, #482 ) ) ;
#2075 = CARTESIAN_POINT ( 'NONE',  ( -0.5499999999999949374, 10.80000000000000071, 35.44999999999961204 ) ) ;
#2076 = CARTESIAN_POINT ( 'NONE',  ( -10.49625977300406454, 7.500000000000000000, -33.62500000000000000 ) ) ;
#2077 = DIRECTION ( 'NONE',  ( 0.000000000000000000, 0.000000000000000000, -1.000000000000000000 ) ) ;
#2078 = LINE ( 'NONE', #5296, #8035 ) ;
#2079 = DIRECTION ( 'NONE',  ( 1.000000000000000000, 0.000000000000000000, -0.000000000000000000 ) ) ;
#2080 = DIRECTION ( 'NONE',  ( 0.000000000000000000, -0.000000000000000000, -1.000000000000000000 ) ) ;
#2081 = EDGE_CURVE ( 'NONE', #2851, #43, #514, .T. ) ;
#2082 = EDGE_CURVE ( 'NONE', #2259, #2953, #1095, .T. ) ;
#2083 = VERTEX_POINT ( 'NONE', #2988 ) ;
#2084 = EDGE_LOOP ( 'NONE', ( #1567, #6088, #1954, #7505 ) ) ;
#2085 = VECTOR ( 'NONE', #5378, 1000.000000000000000 ) ;
#2086 = ORIENTED_EDGE ( 'NONE', *, *, #5224, .T. ) ;
#2087 = CARTESIAN_POINT ( 'NONE',  ( -25.50374022699593368, 7.500000000000000000, 0.000000000000000000 ) ) ;
#2088 = PLANE ( 'NONE',  #3707 ) ;
#2089 = PLANE ( 'NONE',  #4284 ) ;
#2090 = AXIS2_PLACEMENT_3D ( 'NONE', #6550, #3406, #5929 ) ;
#2091 = ORIENTED_EDGE ( 'NONE', *, *, #5988, .T. ) ;
#2092 = VERTEX_POINT ( 'NONE', #5506 ) ;
#2093 = CARTESIAN_POINT ( 'NONE',  ( 2.375000000000005773, 10.80000000000000071, 0.000000000000000000 ) ) ;
#2094 = LINE ( 'NONE', #6961, #7349 ) ;
#2095 = AXIS2_PLACEMENT_3D ( 'NONE', #5367, #1536, #4040 ) ;
#2096 = CARTESIAN_POINT ( 'NONE',  ( 0.5500000000000088152, 7.500000000000007105, 35.45000000000000995 ) ) ;
#2097 = EDGE_CURVE ( 'NONE', #366, #1784, #8033, .T. ) ;
#2098 = EDGE_CURVE ( 'NONE', #6525, #2466, #7412, .T. ) ;
#2099 = CARTESIAN_POINT ( 'NONE',  ( -7.503740226995931017, 7.500000000000000000, 0.000000000000000000 ) ) ;
#2100 = CARTESIAN_POINT ( 'NONE',  ( 71.94928943488123707, 10.53731005528967657, -33.62500000000000000 ) ) ;
#2101 = EDGE_CURVE ( 'NONE', #5446, #993, #4265, .T. ) ;
#2102 = LINE ( 'NONE', #1980, #8058 ) ;
#2103 = VECTOR ( 'NONE', #5230, 1000.000000000000000 ) ;
#2104 = VECTOR ( 'NONE', #6133, 1000.000000000000114 ) ;
#2105 = ORIENTED_EDGE ( 'NONE', *, *, #1864, .T. ) ;
#2106 = ORIENTED_EDGE ( 'NONE', *, *, #3863, .T. ) ;
#2107 = EDGE_CURVE ( 'NONE', #852, #7106, #3475, .T. ) ;
#2108 = CARTESIAN_POINT ( 'NONE',  ( 40.07937528197222576, 29.75245638442229179, 4.884529417027853704 ) ) ;
#2109 = DIRECTION ( 'NONE',  ( -0.7071067811865452413, 0.000000000000000000, -0.7071067811865497932 ) ) ;
#2110 = EDGE_CURVE ( 'NONE', #1723, #4363, #4140, .T. ) ;
#2111 = CARTESIAN_POINT ( 'NONE',  ( -0.5500000000000088152, 82.98258077199005811, -35.45000000000000284 ) ) ;
#2112 = ADVANCED_FACE ( 'NONE', ( #8109 ), #6206, .F. ) ;
#2113 = CARTESIAN_POINT ( 'NONE',  ( 58.32322330470334748, 9.899999999999975486, -37.32322330470339011 ) ) ;
#2114 = VECTOR ( 'NONE', #6190, 1000.000000000000114 ) ;
#2115 = VERTEX_POINT ( 'NONE', #1176 ) ;
#2116 = CARTESIAN_POINT ( 'NONE',  ( 0.000000000000000000, 7.500000000000000000, -10.49625977300446067 ) ) ;
#2117 = VECTOR ( 'NONE', #3906, 1000.000000000000000 ) ;
#2118 = LINE ( 'NONE', #5948, #7130 ) ;
#2119 = VECTOR ( 'NONE', #2918, 1000.000000000000114 ) ;
#2120 = AXIS2_PLACEMENT_3D ( 'NONE', #3897, #7131, #1431 ) ;
#2121 = PRESENTATION_STYLE_ASSIGNMENT (( #7019 ) ) ;
#2122 = ORIENTED_EDGE ( 'NONE', *, *, #7458, .F. ) ;
#2123 = DIRECTION ( 'NONE',  ( 0.000000000000000000, 0.9612616959383174509, -0.2756373558170042704 ) ) ;
#2124 = DIRECTION ( 'NONE',  ( -0.7071067811865452413, 0.000000000000000000, 0.7071067811865497932 ) ) ;
#2125 = DIRECTION ( 'NONE',  ( -0.000000000000000000, -1.000000000000000000, -0.000000000000000000 ) ) ;
#2126 = LINE ( 'NONE', #4630, #4056 ) ;
#2127 = FACE_OUTER_BOUND ( 'NONE', #6462, .T. ) ;
#2128 = LINE ( 'NONE', #4634, #6923 ) ;
#2129 = ORIENTED_EDGE ( 'NONE', *, *, #2729, .T. ) ;
#2130 = ORIENTED_EDGE ( 'NONE', *, *, #1526, .T. ) ;
#2131 = ORIENTED_EDGE ( 'NONE', *, *, #2653, .F. ) ;
#2133 = EDGE_CURVE ( 'NONE', #2845, #2092, #4963, .T. ) ;
#2132 = PLANE ( 'NONE',  #4358 ) ;
#2134 = DIRECTION ( 'NONE',  ( 0.000000000000000000, 0.000000000000000000, -1.000000000000000000 ) ) ;
#2135 = CARTESIAN_POINT ( 'NONE',  ( 0.7551062867686216817, 10.08470937300049464, 9.755106286768237212 ) ) ;
#2136 = EDGE_CURVE ( 'NONE', #6056, #7812, #3073, .T. ) ;
#2137 = ORIENTED_EDGE ( 'NONE', *, *, #7674, .T. ) ;
#2138 = VERTEX_POINT ( 'NONE', #7742 ) ;
#2139 = LINE ( 'NONE', #2052, #4886 ) ;
#2140 = PLANE ( 'NONE',  #5707 ) ;
#2141 = AXIS2_PLACEMENT_3D ( 'NONE', #948, #3453, #7927 ) ;
#2142 = LINE ( 'NONE', #3989, #1427 ) ;
#2143 = ADVANCED_FACE ( 'NONE', ( #5791 ), #3399, .F. ) ;
#2144 = VERTEX_POINT ( 'NONE', #5176 ) ;
#2145 = ORIENTED_EDGE ( 'NONE', *, *, #7336, .T. ) ;
#2146 = CARTESIAN_POINT ( 'NONE',  ( -27.55000000000000426, -11.50000000000000000, -35.45000000000002416 ) ) ;
#2147 = DIRECTION ( 'NONE',  ( 0.2657276780299897001, -0.9267025424900808828, 0.2657276780299897001 ) ) ;
#2148 = EDGE_CURVE ( 'NONE', #1686, #6098, #2825, .T. ) ;
#2149 = CARTESIAN_POINT ( 'NONE',  ( 0.000000000000000000, 7.500000000000000000, -7.503740226996326257 ) ) ;
#2150 = ADVANCED_FACE ( 'NONE', ( #2788 ), #2132, .F. ) ;
#2151 = ORIENTED_EDGE ( 'NONE', *, *, #200, .T. ) ;
#2152 = ORIENTED_EDGE ( 'NONE', *, *, #7040, .F. ) ;
#2153 = DIRECTION ( 'NONE',  ( 1.000000000000000000, 0.000000000000000000, 0.000000000000000000 ) ) ;
#2154 = CARTESIAN_POINT ( 'NONE',  ( 51.62500000000000711, 10.53731005528969256, -27.62532512953128716 ) ) ;
#2155 = CARTESIAN_POINT ( 'NONE',  ( 0.000000000000000000, 7.500000000000000000, -1.496259773004444904 ) ) ;
#2156 = DIRECTION ( 'NONE',  ( -1.000000000000000000, 0.000000000000000000, 0.000000000000000000 ) ) ;
#2157 = ORIENTED_EDGE ( 'NONE', *, *, #1742, .T. ) ;
#2158 = DIRECTION ( 'NONE',  ( 0.1378445374916336952, -0.9808148484639876985, 0.1378445374916336952 ) ) ;
#2159 = VECTOR ( 'NONE', #5734, 1000.000000000000000 ) ;
#2160 = DIRECTION ( 'NONE',  ( 1.000000000000000000, 4.458787163891844428E-16, 0.000000000000000000 ) ) ;
#2161 = ADVANCED_FACE ( 'NONE', ( #4019 ), #855, .T. ) ;
#2162 = ADVANCED_FACE ( 'NONE', ( #6578 ), #5836, .F. ) ;
#2163 = ORIENTED_EDGE ( 'NONE', *, *, #7251, .F. ) ;
#2165 = EDGE_CURVE ( 'NONE', #8056, #8095, #2215, .T. ) ;
#2164 = CARTESIAN_POINT ( 'NONE',  ( -2.375000000000005773, 7.500000000000000000, 10.49625977300367907 ) ) ;
#2166 = CARTESIAN_POINT ( 'NONE',  ( -0.4124163967275036868, 7.271022431965715960, 16.43808196591944082 ) ) ;
#2167 = CARTESIAN_POINT ( 'NONE',  ( -62.00000000000000000, -11.50000000000000000, -41.00000000000000000 ) ) ;
#2168 = CARTESIAN_POINT ( 'NONE',  ( 0.5499999999999949374, 10.80000000000000071, -9.550000000000384404 ) ) ;
#2169 = CARTESIAN_POINT ( 'NONE',  ( -5.067389764026899002, -0.9965637948165171345, -32.06738976402728980 ) ) ;
#2170 = CARTESIAN_POINT ( 'NONE',  ( -10.49625977300406454, 7.500000000000000000, 0.000000000000000000 ) ) ;
#2171 = ADVANCED_FACE ( 'NONE', ( #4105 ), #6455, .T. ) ;
#2172 = EDGE_LOOP ( 'NONE', ( #3839, #831, #853, #3318 ) ) ;
#2173 = ORIENTED_EDGE ( 'NONE', *, *, #671, .T. ) ;
#2174 = ORIENTED_EDGE ( 'NONE', *, *, #200, .F. ) ;
#2175 = CARTESIAN_POINT ( 'NONE',  ( 52.80943399447264852, 8.566080860090400151, -34.80943399447268405 ) ) ;
#2176 = CARTESIAN_POINT ( 'NONE',  ( 10.49625977300407165, 7.500000000000000000, 0.000000000000000000 ) ) ;
#2177 = CARTESIAN_POINT ( 'NONE',  ( 45.54999999999999005, 10.80000000000000071, 26.44999999999961204 ) ) ;
#2178 = ORIENTED_EDGE ( 'NONE', *, *, #6631, .T. ) ;
#2179 = ORIENTED_EDGE ( 'NONE', *, *, #6422, .F. ) ;
#2180 = VERTEX_POINT ( 'NONE', #5219 ) ;
#2181 = LINE ( 'NONE', #2221, #2951 ) ;
#2182 = AXIS2_PLACEMENT_3D ( 'NONE', #5878, #230, #4555 ) ;
#2183 = ORIENTED_EDGE ( 'NONE', *, *, #5452, .T. ) ;
#2184 = ORIENTED_EDGE ( 'NONE', *, *, #7801, .F. ) ;
#2185 = VECTOR ( 'NONE', #1960, 1000.000000000000114 ) ;
#2186 = FACE_OUTER_BOUND ( 'NONE', #4945, .T. ) ;
#2187 = DIRECTION ( 'NONE',  ( -0.000000000000000000, -0.000000000000000000, -1.000000000000000000 ) ) ;
#2188 = DIRECTION ( 'NONE',  ( -0.2756373558170042704, -0.9612616959383174509, 0.000000000000000000 ) ) ;
#2189 = ORIENTED_EDGE ( 'NONE', *, *, #1616, .T. ) ;
#2190 = ORIENTED_EDGE ( 'NONE', *, *, #5307, .T. ) ;
#2191 = CARTESIAN_POINT ( 'NONE',  ( -53.44999999999999574, -11.50000000000000000, 35.44999999999998863 ) ) ;
#2192 = CARTESIAN_POINT ( 'NONE',  ( -2.375000000000005773, 7.500000000000000000, 16.50374022699554644 ) ) ;
#2193 = CARTESIAN_POINT ( 'NONE',  ( 52.80943399447263431, 8.566080860090423243, 16.80943399447226128 ) ) ;
#2194 = DIRECTION ( 'NONE',  ( -0.2386847610229713423, -0.8323926831162092865, -0.5001519828512179799 ) ) ;
#2195 = AXIS2_PLACEMENT_3D ( 'NONE', #1985, #5109, #1903 ) ;
#2196 = EDGE_LOOP ( 'NONE', ( #6764, #6984, #7875, #5577 ) ) ;
#2197 = DIRECTION ( 'NONE',  ( -1.000000000000000000, 0.000000000000000000, 0.000000000000000000 ) ) ;
#2198 = EDGE_CURVE ( 'NONE', #8054, #3677, #3440, .T. ) ;
#2199 = CARTESIAN_POINT ( 'NONE',  ( 71.94928943488123707, 10.53731005528967657, 33.62500000000000000 ) ) ;
#2200 = CARTESIAN_POINT ( 'NONE',  ( 0.5499999999999949374, 10.80000000000000071, -27.55000000000038796 ) ) ;
#2201 = VERTEX_POINT ( 'NONE', #763 ) ;
#2202 = DIRECTION ( 'NONE',  ( -0.2657276780299913099, -0.9267025424900799946, 0.2657276780299913099 ) ) ;
#2203 = CARTESIAN_POINT ( 'NONE',  ( 24.62500000000000000, 10.80000000000000426, 33.62500000000000000 ) ) ;
#2204 = LINE ( 'NONE', #4709, #3941 ) ;
#2205 = CARTESIAN_POINT ( 'NONE',  ( 51.62500000000000000, 10.80000000000000426, -26.45000000000038298 ) ) ;
#2206 = DIRECTION ( 'NONE',  ( -1.000000000000000000, -0.000000000000000000, -0.000000000000000000 ) ) ;
#2207 = EDGE_CURVE ( 'NONE', #4595, #4479, #147, .T. ) ;
#2208 = LINE ( 'NONE', #7285, #7851 ) ;
#2209 = ORIENTED_EDGE ( 'NONE', *, *, #7650, .F. ) ;
#2210 = ADVANCED_FACE ( 'NONE', ( #2743 ), #4638, .F. ) ;
#2211 = VECTOR ( 'NONE', #8019, 1000.000000000000114 ) ;
#2212 = ORIENTED_EDGE ( 'NONE', *, *, #7866, .F. ) ;
#2213 = ORIENTED_EDGE ( 'NONE', *, *, #2236, .F. ) ;
#2214 = ORIENTED_EDGE ( 'NONE', *, *, #4299, .T. ) ;
#2215 = LINE ( 'NONE', #7697, #7122 ) ;
#2216 = DIRECTION ( 'NONE',  ( 0.000000000000000000, 0.000000000000000000, 1.000000000000000000 ) ) ;
#2217 = ADVANCED_FACE ( 'NONE', ( #935 ), #7167, .F. ) ;
#2218 = LINE ( 'NONE', #7789, #7578 ) ;
#2219 = ORIENTED_EDGE ( 'NONE', *, *, #39, .F. ) ;
#2220 = ORIENTED_EDGE ( 'NONE', *, *, #6883, .F. ) ;
#2221 = CARTESIAN_POINT ( 'NONE',  ( -40.43188897418603034, -3.212818428379827562, 31.43188897418564665 ) ) ;
#2222 = ORIENTED_EDGE ( 'NONE', *, *, #7972, .T. ) ;
#2223 = VECTOR ( 'NONE', #81, 1000.000000000000000 ) ;
#2224 = ORIENTED_EDGE ( 'NONE', *, *, #2581, .T. ) ;
#2225 = VERTEX_POINT ( 'NONE', #2175 ) ;
#2226 = DIRECTION ( 'NONE',  ( -0.2657276780299913099, 0.9267025424900799946, 0.2657276780299913099 ) ) ;
#2227 = LINE ( 'NONE', #950, #1905 ) ;
#2228 = AXIS2_PLACEMENT_3D ( 'NONE', #7315, #378, #999 ) ;
#2229 = LINE ( 'NONE', #6018, #7398 ) ;
#2230 = EDGE_LOOP ( 'NONE', ( #7071, #5322, #3577, #1400 ) ) ;
#2231 = EDGE_LOOP ( 'NONE', ( #5203, #484, #3588, #4163 ) ) ;
#2232 = LINE ( 'NONE', #291, #3385 ) ;
#2233 = DIRECTION ( 'NONE',  ( -0.000000000000000000, 0.9612616959383180060, 0.2756373558170021054 ) ) ;
#2234 = EDGE_CURVE ( 'NONE', #2631, #3480, #4058, .T. ) ;
#2235 = CARTESIAN_POINT ( 'NONE',  ( 0.000000000000000000, 7.500000000000000000, 10.49625977300367907 ) ) ;
#2236 = EDGE_CURVE ( 'NONE', #1272, #6220, #1601, .T. ) ;
#2237 = CARTESIAN_POINT ( 'NONE',  ( 19.19056600552747938, 8.566080860089961391, -34.80943399447290432 ) ) ;
#2238 = EDGE_CURVE ( 'NONE', #8095, #331, #7243, .T. ) ;
#2239 = ORIENTED_EDGE ( 'NONE', *, *, #7335, .F. ) ;
#2240 = LINE ( 'NONE', #1045, #2451 ) ;
#2241 = VECTOR ( 'NONE', #2389, 1000.000000000000000 ) ;
#2242 = CARTESIAN_POINT ( 'NONE',  ( -8.449999999999999289, 10.80000000000000071, -0.5500000000003835154 ) ) ;
#2243 = DIRECTION ( 'NONE',  ( 0.2756373558170042704, -0.9612616959383174509, 0.000000000000000000 ) ) ;
#2244 = EDGE_LOOP ( 'NONE', ( #1388, #3691, #1924, #3114 ) ) ;
#2245 = CARTESIAN_POINT ( 'NONE',  ( 71.94928943488123707, 10.80000000000000426, 33.62500000000000000 ) ) ;
#2246 = CARTESIAN_POINT ( 'NONE',  ( 51.62500000000000000, 10.80000000000000071, 0.000000000000000000 ) ) ;
#2247 = CARTESIAN_POINT ( 'NONE',  ( 53.44999999999999574, 7.500000000000000000, 35.44999999999998863 ) ) ;
#2248 = VECTOR ( 'NONE', #1787, 1000.000000000000114 ) ;
#2249 = EDGE_CURVE ( 'NONE', #1057, #4552, #1424, .T. ) ;
#2250 = DIRECTION ( 'NONE',  ( -0.000000000000000000, 0.000000000000000000, 1.000000000000000000 ) ) ;
#2251 = LINE ( 'NONE', #4759, #2304 ) ;
#2252 = DIRECTION ( 'NONE',  ( -1.000000000000000000, 0.000000000000000000, 0.000000000000000000 ) ) ;
#2253 = AXIS2_PLACEMENT_3D ( 'NONE', #1239, #7587, #5527 ) ;
#2254 = AXIS2_PLACEMENT_3D ( 'NONE', #3224, #3117, #6257 ) ;
#2255 = VERTEX_POINT ( 'NONE', #5435 ) ;
#2256 = PRESENTATION_LAYER_ASSIGNMENT (  '', '', ( #4478 ) ) ;
#2257 = VERTEX_POINT ( 'NONE', #7375 ) ;
#2258 = ORIENTED_EDGE ( 'NONE', *, *, #5227, .T. ) ;
#2259 = VERTEX_POINT ( 'NONE', #6132 ) ;
#2260 = VECTOR ( 'NONE', #5420, 1000.000000000000114 ) ;
#2261 = LINE ( 'NONE', #3655, #3699 ) ;
#2262 = CARTESIAN_POINT ( 'NONE',  ( -10.49625977300406454, 7.500000000000000000, 33.62500000000000000 ) ) ;
#2263 = FACE_OUTER_BOUND ( 'NONE', #3436, .T. ) ;
#2264 = VECTOR ( 'NONE', #683, 1000.000000000000114 ) ;
#2265 = ORIENTED_EDGE ( 'NONE', *, *, #3128, .T. ) ;
#2266 = VECTOR ( 'NONE', #753, 1000.000000000000114 ) ;
#2267 = ORIENTED_EDGE ( 'NONE', *, *, #5858, .F. ) ;
#2268 = DIRECTION ( 'NONE',  ( 1.000000000000000000, 0.000000000000000000, 0.000000000000000000 ) ) ;
#2269 = EDGE_CURVE ( 'NONE', #1236, #6677, #8000, .T. ) ;
#2270 = EDGE_CURVE ( 'NONE', #6673, #6833, #2261, .T. ) ;
#2271 = EDGE_CURVE ( 'NONE', #961, #2050, #4897, .T. ) ;
#2272 = AXIS2_PLACEMENT_3D ( 'NONE', #967, #4137, #2376 ) ;
#2273 = ORIENTED_EDGE ( 'NONE', *, *, #768, .F. ) ;
#2274 = ORIENTED_EDGE ( 'NONE', *, *, #875, .F. ) ;
#2275 = ORIENTED_EDGE ( 'NONE', *, *, #2338, .T. ) ;
#2276 = LINE ( 'NONE', #2840, #1344 ) ;
#2277 = VECTOR ( 'NONE', #2047, 1000.000000000000000 ) ;
#2278 = ADVANCED_FACE ( 'NONE', ( #5389 ), #485, .F. ) ;
#2279 = CARTESIAN_POINT ( 'NONE',  ( -51.62500000000000000, 10.53731005528970854, -8.374674870469490884 ) ) ;
#2280 = EDGE_CURVE ( 'NONE', #3618, #897, #2345, .T. ) ;
#2281 = LINE ( 'NONE', #7884, #3044 ) ;
#2282 = ORIENTED_EDGE ( 'NONE', *, *, #4216, .T. ) ;
#2283 = VERTEX_POINT ( 'NONE', #4767 ) ;
#2284 = CARTESIAN_POINT ( 'NONE',  ( 18.62532512953089991, 10.53731005528968367, -33.62500000000000000 ) ) ;
#2285 = VECTOR ( 'NONE', #4523, 1000.000000000000000 ) ;
#2286 = PLANE ( 'NONE',  #7295 ) ;
#2287 = LINE ( 'NONE', #6071, #3414 ) ;
#2288 = CARTESIAN_POINT ( 'NONE',  ( 0.000000000000000000, 7.500000000000000000, -34.50374022699632093 ) ) ;
#2289 = ORIENTED_EDGE ( 'NONE', *, *, #6684, .F. ) ;
#2290 = CARTESIAN_POINT ( 'NONE',  ( -53.44999999999999574, 10.80000000000000071, 27.54999999999960991 ) ) ;
#2291 = CARTESIAN_POINT ( 'NONE',  ( 51.62500000000000000, 10.80000000000000426, 33.62500000000000000 ) ) ;
#2292 = CARTESIAN_POINT ( 'NONE',  ( 36.62532512953089281, 10.53731005528972986, -33.62500000000000000 ) ) ;
#2293 = VECTOR ( 'NONE', #7399, 1000.000000000000000 ) ;
#2294 = EDGE_LOOP ( 'NONE', ( #1286, #3181, #6877, #7049 ) ) ;
#2295 = DIRECTION ( 'NONE',  ( -0.4999999999999957256, -0.7071067811865535679, -0.4999999999999957256 ) ) ;
#2296 = PLANE ( 'NONE',  #3376 ) ;
#2297 = FACE_OUTER_BOUND ( 'NONE', #988, .T. ) ;
#2298 = DIRECTION ( 'NONE',  ( 1.000000000000000000, 6.036709082546132388E-16, 1.730998474588425335E-16 ) ) ;
#2299 = DIRECTION ( 'NONE',  ( 0.000000000000000000, -0.2756373558170042704, 0.9612616959383174509 ) ) ;
#2300 = VECTOR ( 'NONE', #1922, 1000.000000000000114 ) ;
#2301 = FACE_OUTER_BOUND ( 'NONE', #4318, .T. ) ;
#2302 = VERTEX_POINT ( 'NONE', #3570 ) ;
#2303 = ORIENTED_EDGE ( 'NONE', *, *, #8121, .F. ) ;
#2304 = VECTOR ( 'NONE', #4141, 1000.000000000000114 ) ;
#2305 = ORIENTED_EDGE ( 'NONE', *, *, #18, .F. ) ;
#2306 = EDGE_LOOP ( 'NONE', ( #1805, #6892, #930, #4368 ) ) ;
#2307 = DIRECTION ( 'NONE',  ( 0.000000000000000000, 0.000000000000000000, -1.000000000000000000 ) ) ;
#2308 = CARTESIAN_POINT ( 'NONE',  ( -2.375000000000005773, 10.53731005528968545, 33.62500000000000000 ) ) ;
#2309 = PLANE ( 'NONE',  #5719 ) ;
#2310 = VERTEX_POINT ( 'NONE', #4236 ) ;
#2311 = VERTEX_POINT ( 'NONE', #1727 ) ;
#2312 = DIRECTION ( 'NONE',  ( 0.9612616959383174509, -0.2756373558170042704, 0.000000000000000000 ) ) ;
#2313 = ORIENTED_EDGE ( 'NONE', *, *, #5115, .T. ) ;
#2314 = EDGE_LOOP ( 'NONE', ( #2883, #2880, #105, #2582 ) ) ;
#2315 = EDGE_CURVE ( 'NONE', #6949, #3216, #1647, .T. ) ;
#2316 = EDGE_LOOP ( 'NONE', ( #5571, #5917, #4349, #3942 ) ) ;
#2317 = CARTESIAN_POINT ( 'NONE',  ( -25.50374022699593368, 7.500000000000000000, 0.000000000000000000 ) ) ;
#2318 = ADVANCED_FACE ( 'NONE', ( #7912 ), #3614, .F. ) ;
#2319 = CARTESIAN_POINT ( 'NONE',  ( 52.80943399447263431, 8.566080860090417914, -16.80943399447302511 ) ) ;
#2320 = CARTESIAN_POINT ( 'NONE',  ( 3.482387728013434741E-16, 8.566080860089968496, -34.80943399447290432 ) ) ;
#2321 = VECTOR ( 'NONE', #265, 1000.000000000000114 ) ;
#2322 = ORIENTED_EDGE ( 'NONE', *, *, #3006, .T. ) ;
#2323 = VERTEX_POINT ( 'NONE', #522 ) ;
#2324 = CARTESIAN_POINT ( 'NONE',  ( 61.85875721063607102, 9.899999999999975486, 33.78768939877064525 ) ) ;
#2325 = CARTESIAN_POINT ( 'NONE',  ( 51.62500000000000000, 10.80000000000000426, 26.44999999999961204 ) ) ;
#2326 = CARTESIAN_POINT ( 'NONE',  ( 11.73571359999212405, 22.25864506693675438, 26.58211138907232751 ) ) ;
#2327 = CARTESIAN_POINT ( 'NONE',  ( 45.54999999999999005, 10.80000000000000071, -27.55000000000038796 ) ) ;
#2328 = VECTOR ( 'NONE', #6367, 1000.000000000000114 ) ;
#2329 = EDGE_LOOP ( 'NONE', ( #5840, #3581, #3621, #1568 ) ) ;
#2330 = LINE ( 'NONE', #4839, #1929 ) ;
#2331 = CARTESIAN_POINT ( 'NONE',  ( 51.62500000000000000, 10.53731005528970854, 27.62532512953050201 ) ) ;
#2332 = LINE ( 'NONE', #7229, #7642 ) ;
#2333 = DIRECTION ( 'NONE',  ( -0.1378445374916336952, -0.9808148484639876985, 0.1378445374916336952 ) ) ;
#2334 = FACE_OUTER_BOUND ( 'NONE', #6752, .T. ) ;
#2335 = LINE ( 'NONE', #3031, #4223 ) ;
#2336 = DIRECTION ( 'NONE',  ( -0.7071067811865452413, -0.000000000000000000, -0.7071067811865497932 ) ) ;
#2337 = DIRECTION ( 'NONE',  ( 0.000000000000000000, 0.000000000000000000, -1.000000000000000000 ) ) ;
#2338 = EDGE_CURVE ( 'NONE', #68, #7916, #6172, .T. ) ;
#2339 = CARTESIAN_POINT ( 'NONE',  ( 7.809433994472765761, 8.566080860090833582, 34.80943399447239273 ) ) ;
#2340 = ORIENTED_EDGE ( 'NONE', *, *, #3912, .F. ) ;
#2341 = VECTOR ( 'NONE', #475, 1000.000000000000114 ) ;
#2342 = ORIENTED_EDGE ( 'NONE', *, *, #266, .T. ) ;
#2343 = VERTEX_POINT ( 'NONE', #5558 ) ;
#2344 = VERTEX_POINT ( 'NONE', #1808 ) ;
#2345 = LINE ( 'NONE', #6670, #5675 ) ;
#2346 = CARTESIAN_POINT ( 'NONE',  ( 53.44999999999999574, 82.98258077199005811, -35.45000000000003126 ) ) ;
#2347 = FACE_OUTER_BOUND ( 'NONE', #1812, .T. ) ;
#2348 = ADVANCED_FACE ( 'NONE', ( #2426 ), #6626, .F. ) ;
#2349 = EDGE_CURVE ( 'NONE', #7916, #5015, #6047, .T. ) ;
#2350 = ORIENTED_EDGE ( 'NONE', *, *, #1789, .T. ) ;
#2351 = EDGE_CURVE ( 'NONE', #1708, #6915, #5476, .T. ) ;
#2352 = EDGE_LOOP ( 'NONE', ( #1188, #6635, #2663, #3938, #4852, #2618, #2967, #3421, #939, #4599, #483, #3357, #2051, #3816, #4966, #7373, #5842, #3235, #4188, #6956, #520, #385, #7600, #6041, #2836, #5940, #6374, #7496, #2178, #3384, #6517, #3321 ) ) ;
#2353 = VECTOR ( 'NONE', #4165, 1000.000000000000000 ) ;
#2354 = CARTESIAN_POINT ( 'NONE',  ( -51.62500000000000000, 10.80000000000000426, -27.55000000000038796 ) ) ;
#2355 = VERTEX_POINT ( 'NONE', #4855 ) ;
#2356 = ORIENTED_EDGE ( 'NONE', *, *, #4298, .F. ) ;
#2357 = ORIENTED_EDGE ( 'NONE', *, *, #3536, .F. ) ;
#2358 = LINE ( 'NONE', #4246, #6226 ) ;
#2359 = CARTESIAN_POINT ( 'NONE',  ( 46.49625977300406277, 7.500000000000000000, 0.000000000000000000 ) ) ;
#2360 = DIRECTION ( 'NONE',  ( -0.000000000000000000, -0.000000000000000000, 1.000000000000000000 ) ) ;
#2361 = ORIENTED_EDGE ( 'NONE', *, *, #1746, .T. ) ;
#2362 = ORIENTED_EDGE ( 'NONE', *, *, #5227, .F. ) ;
#2363 = FACE_OUTER_BOUND ( 'NONE', #7218, .T. ) ;
#2364 = AXIS2_PLACEMENT_3D ( 'NONE', #6919, #25, #5053 ) ;
#2365 = FACE_BOUND ( 'NONE', #379, .T. ) ;
#2366 = DIRECTION ( 'NONE',  ( -0.2657276780299913099, 0.9267025424900799946, 0.2657276780299913099 ) ) ;
#2367 = DIRECTION ( 'NONE',  ( -0.000000000000000000, 0.9612616959383174509, 0.2756373558170042704 ) ) ;
#2368 = ORIENTED_EDGE ( 'NONE', *, *, #7463, .T. ) ;
#2369 = LINE ( 'NONE', #6075, #4420 ) ;
#2370 = DIRECTION ( 'NONE',  ( 1.000000000000000000, 0.000000000000000000, 0.000000000000000000 ) ) ;
#2371 = EDGE_CURVE ( 'NONE', #5170, #5622, #2997, .T. ) ;
#2372 = EDGE_CURVE ( 'NONE', #6453, #1445, #3482, .T. ) ;
#2373 = EDGE_CURVE ( 'NONE', #6086, #6453, #5514, .T. ) ;
#2374 = CARTESIAN_POINT ( 'NONE',  ( 9.550000000000002487, 10.80000000000000071, -35.45000000000039364 ) ) ;
#2375 = AXIS2_PLACEMENT_3D ( 'NONE', #5080, #7100, #5768 ) ;
#2376 = DIRECTION ( 'NONE',  ( 0.000000000000000000, 0.000000000000000000, 1.000000000000000000 ) ) ;
#2377 = CARTESIAN_POINT ( 'NONE',  ( 17.45000000000000639, 10.80000000000000071, -35.45000000000039364 ) ) ;
#2378 = CARTESIAN_POINT ( 'NONE',  ( -0.5500000000000088152, 7.500000000000000000, 35.45000000000000995 ) ) ;
#2379 = DIRECTION ( 'NONE',  ( 1.000000000000000000, 0.000000000000000000, 0.000000000000000000 ) ) ;
#2380 = PLANE ( 'NONE',  #250 ) ;
#2381 = LINE ( 'NONE', #2821, #6263 ) ;
#2382 = ORIENTED_EDGE ( 'NONE', *, *, #4196, .T. ) ;
#2383 = VECTOR ( 'NONE', #6161, 1000.000000000000000 ) ;
#2384 = ORIENTED_EDGE ( 'NONE', *, *, #6513, .F. ) ;
#2385 = VECTOR ( 'NONE', #1987, 1000.000000000000000 ) ;
#2386 = EDGE_LOOP ( 'NONE', ( #1605, #3189, #5314, #4170 ) ) ;
#2387 = EDGE_LOOP ( 'NONE', ( #1343, #5965, #7441, #245 ) ) ;
#2388 = DIRECTION ( 'NONE',  ( 0.000000000000000000, 0.000000000000000000, -1.000000000000000000 ) ) ;
#2389 = DIRECTION ( 'NONE',  ( 1.000000000000000000, -4.458787163891844428E-16, 0.000000000000000000 ) ) ;
#2390 = DIRECTION ( 'NONE',  ( -1.000000000000000000, -0.000000000000000000, -0.000000000000000000 ) ) ;
#2391 = ORIENTED_EDGE ( 'NONE', *, *, #650, .T. ) ;
#2392 = VECTOR ( 'NONE', #3290, 1000.000000000000000 ) ;
#2393 = VERTEX_POINT ( 'NONE', #401 ) ;
#2394 = ORIENTED_EDGE ( 'NONE', *, *, #1773, .F. ) ;
#2395 = EDGE_CURVE ( 'NONE', #4155, #2011, #7422, .T. ) ;
#2396 = EDGE_LOOP ( 'NONE', ( #3751, #4686, #1183, #2568 ) ) ;
#2397 = CARTESIAN_POINT ( 'NONE',  ( -34.80943399447276221, 8.566080860090849569, 34.80943399447237852 ) ) ;
#2398 = FACE_OUTER_BOUND ( 'NONE', #5086, .T. ) ;
#2399 = PLANE ( 'NONE',  #7785 ) ;
#2401 = VERTEX_POINT ( 'NONE', #4393 ) ;
#2400 = CARTESIAN_POINT ( 'NONE',  ( 0.5500000000000088152, -11.50000000000000000, 35.45000000000000995 ) ) ;
#2402 = DIRECTION ( 'NONE',  ( -1.000000000000000000, 0.000000000000000000, 0.000000000000000000 ) ) ;
#2403 = CARTESIAN_POINT ( 'NONE',  ( -51.62500000000000711, 10.53731005528969256, 26.37467487046871284 ) ) ;
#2404 = LINE ( 'NONE', #7222, #5405 ) ;
#2405 = FACE_OUTER_BOUND ( 'NONE', #3772, .T. ) ;
#2406 = EDGE_CURVE ( 'NONE', #2939, #2092, #3191, .T. ) ;
#2407 = ORIENTED_EDGE ( 'NONE', *, *, #5750, .T. ) ;
#2408 = DIRECTION ( 'NONE',  ( 0.2386847610229713423, 0.8323926831162092865, 0.5001519828512179799 ) ) ;
#2409 = EDGE_CURVE ( 'NONE', #4971, #6371, #95, .T. ) ;
#2410 = PLANE ( 'NONE',  #7070 ) ;
#2411 = DIRECTION ( 'NONE',  ( 0.000000000000000000, 0.000000000000000000, -1.000000000000000000 ) ) ;
#2412 = VECTOR ( 'NONE', #5758, 1000.000000000000000 ) ;
#2413 = DIRECTION ( 'NONE',  ( 0.000000000000000000, -0.9612616959383180060, 0.2756373558170021054 ) ) ;
#2414 = LINE ( 'NONE', #1715, #3054 ) ;
#2415 = DIRECTION ( 'NONE',  ( 0.000000000000000000, -0.2756373558170040483, 0.9612616959383175619 ) ) ;
#2416 = CARTESIAN_POINT ( 'NONE',  ( 0.000000000000000000, 7.500000000000000000, 34.50374022699554644 ) ) ;
#2417 = CARTESIAN_POINT ( 'NONE',  ( 26.45000000000001350, 10.80000000000000426, -33.62500000000000000 ) ) ;
#2418 = LINE ( 'NONE', #6941, #3803 ) ;
#2419 = FACE_OUTER_BOUND ( 'NONE', #6998, .T. ) ;
#2420 = EDGE_CURVE ( 'NONE', #5808, #5434, #6291, .T. ) ;
#2421 = ORIENTED_EDGE ( 'NONE', *, *, #5074, .F. ) ;
#2422 = EDGE_CURVE ( 'NONE', #4434, #323, #3773, .T. ) ;
#2423 = ORIENTED_EDGE ( 'NONE', *, *, #1395, .F. ) ;
#2424 = ORIENTED_EDGE ( 'NONE', *, *, #4521, .T. ) ;
#2425 = ORIENTED_EDGE ( 'NONE', *, *, #1157, .F. ) ;
#2426 = FACE_OUTER_BOUND ( 'NONE', #6354, .T. ) ;
#2427 = CARTESIAN_POINT ( 'NONE',  ( 0.000000000000000000, 7.500000000000000000, 1.496259773003681737 ) ) ;
#2428 = PLANE ( 'NONE',  #472 ) ;
#2429 = EDGE_LOOP ( 'NONE', ( #8062, #3531, #5472, #4894 ) ) ;
#2430 = AXIS2_PLACEMENT_3D ( 'NONE', #5441, #2312, #4194 ) ;
#2431 = EDGE_CURVE ( 'NONE', #5130, #2545, #4464, .T. ) ;
#2432 = ORIENTED_EDGE ( 'NONE', *, *, #4674, .F. ) ;
#2433 = VERTEX_POINT ( 'NONE', #682 ) ;
#2434 = ORIENTED_EDGE ( 'NONE', *, *, #7213, .F. ) ;
#2435 = DIRECTION ( 'NONE',  ( 1.000000000000000000, 0.000000000000000000, 0.000000000000000000 ) ) ;
#2436 = DIRECTION ( 'NONE',  ( 1.000000000000000000, 0.000000000000000000, 0.000000000000000000 ) ) ;
#2437 = DIRECTION ( 'NONE',  ( -0.000000000000000000, 1.000000000000000000, -0.000000000000000000 ) ) ;
#2439 = ORIENTED_EDGE ( 'NONE', *, *, #1434, .T. ) ;
#2438 = LINE ( 'NONE', #6813, #3940 ) ;
#2440 = DIRECTION ( 'NONE',  ( 0.000000000000000000, -0.000000000000000000, -1.000000000000000000 ) ) ;
#2441 = LINE ( 'NONE', #7438, #28 ) ;
#2442 = DIRECTION ( 'NONE',  ( -0.2386847610229713423, 0.8323926831162092865, -0.5001519828512179799 ) ) ;
#2443 = ORIENTED_EDGE ( 'NONE', *, *, #6622, .T. ) ;
#2444 = DIRECTION ( 'NONE',  ( -0.2386847610229713701, 0.8323926831162093976, -0.5001519828512178689 ) ) ;
#2445 = AXIS2_PLACEMENT_3D ( 'NONE', #223, #2654, #5871 ) ;
#2446 = CARTESIAN_POINT ( 'NONE',  ( -0.5499999999999949374, 10.80000000000000071, -0.5500000000003835154 ) ) ;
#2447 = DIRECTION ( 'NONE',  ( 0.000000000000000000, 0.000000000000000000, 1.000000000000000000 ) ) ;
#2448 = LINE ( 'NONE', #6936, #6812 ) ;
#2449 = FACE_OUTER_BOUND ( 'NONE', #2662, .T. ) ;
#2450 = CARTESIAN_POINT ( 'NONE',  ( 26.45000000000000284, -11.50000000000000000, 35.45000000000000995 ) ) ;
#2451 = VECTOR ( 'NONE', #1003, 1000.000000000000000 ) ;
#2452 = DIRECTION ( 'NONE',  ( 0.9612616959383175619, -0.2756373558170040483, 0.000000000000000000 ) ) ;
#2453 = ADVANCED_FACE ( 'NONE', ( #5050 ), #6950, .F. ) ;
#2454 = FACE_OUTER_BOUND ( 'NONE', #101, .T. ) ;
#2455 = DIRECTION ( 'NONE',  ( -0.5001519828512179799, -0.8323926831162092865, -0.2386847610229713423 ) ) ;
#2456 = ORIENTED_EDGE ( 'NONE', *, *, #1180, .F. ) ;
#2457 = VERTEX_POINT ( 'NONE', #1847 ) ;
#2458 = EDGE_LOOP ( 'NONE', ( #3398, #5008, #116, #1919 ) ) ;
#2459 = EDGE_LOOP ( 'NONE', ( #5113, #4812, #2655, #966 ) ) ;
#2460 = CARTESIAN_POINT ( 'NONE',  ( 12.93261023597310277, -0.9965637948165171345, -32.06738976402728980 ) ) ;
#2461 = EDGE_CURVE ( 'NONE', #6887, #152, #716, .T. ) ;
#2462 = CARTESIAN_POINT ( 'NONE',  ( -0.5499999999999949374, 10.80000000000000071, -26.45000000000038298 ) ) ;
#2463 = FACE_OUTER_BOUND ( 'NONE', #7626, .T. ) ;
#2465 = EDGE_CURVE ( 'NONE', #2144, #6921, #1265, .T. ) ;
#2464 = VECTOR ( 'NONE', #4382, 1000.000000000000114 ) ;
#2466 = VERTEX_POINT ( 'NONE', #2539 ) ;
#2467 = ORIENTED_EDGE ( 'NONE', *, *, #3851, .T. ) ;
#2468 = ADVANCED_FACE ( 'NONE', ( #4973 ), #1300, .F. ) ;
#2469 = ORIENTED_EDGE ( 'NONE', *, *, #621, .T. ) ;
#2470 = ADVANCED_FACE ( 'NONE', ( #2570 ), #6835, .F. ) ;
#2471 = VECTOR ( 'NONE', #7628, 1000.000000000000114 ) ;
#2472 = ORIENTED_EDGE ( 'NONE', *, *, #7093, .T. ) ;
#2473 = LINE ( 'NONE', #2512, #1776 ) ;
#2474 = CARTESIAN_POINT ( 'NONE',  ( 45.54999999999999005, 10.80000000000000071, -33.62500000000000000 ) ) ;
#2476 = ORIENTED_EDGE ( 'NONE', *, *, #8028, .F. ) ;
#2475 = DIRECTION ( 'NONE',  ( 0.000000000000000000, 0.000000000000000000, 1.000000000000000000 ) ) ;
#2477 = LINE ( 'NONE', #5532, #2534 ) ;
#2478 = CARTESIAN_POINT ( 'NONE',  ( -2.375000000000005773, 10.80000000000000426, 33.62500000000000000 ) ) ;
#2479 = LINE ( 'NONE', #1245, #2881 ) ;
#2480 = DIRECTION ( 'NONE',  ( -0.7071067811865524577, -0.7071067811865425767, -0.000000000000000000 ) ) ;
#2481 = VECTOR ( 'NONE', #2250, 1000.000000000000000 ) ;
#2482 = ADVANCED_FACE ( 'NONE', ( #5088 ), #7608, .F. ) ;
#2483 = DIRECTION ( 'NONE',  ( 1.000000000000000000, 0.000000000000000000, 0.000000000000000000 ) ) ;
#2484 = LINE ( 'NONE', #5656, #3504 ) ;
#2485 = VECTOR ( 'NONE', #3336, 1000.000000000000114 ) ;
#2486 = PLANE ( 'NONE',  #7246 ) ;
#2487 = EDGE_CURVE ( 'NONE', #1444, #6302, #4354, .T. ) ;
#2488 = CARTESIAN_POINT ( 'NONE',  ( 0.5499999999999949374, 10.80000000000000071, 35.44999999999961204 ) ) ;
#2489 = DIRECTION ( 'NONE',  ( -1.000000000000000000, 6.036709082546132388E-16, 1.730998474588425335E-16 ) ) ;
#2490 = VERTEX_POINT ( 'NONE', #5009 ) ;
#2491 = DIRECTION ( 'NONE',  ( -0.2657276780299911434, -0.9267025424900801056, 0.2657276780299911434 ) ) ;
#2492 = ORIENTED_EDGE ( 'NONE', *, *, #1989, .F. ) ;
#2493 = CARTESIAN_POINT ( 'NONE',  ( -20.73571359999212405, 22.25864506693675438, 26.58211138907232751 ) ) ;
#2494 = VECTOR ( 'NONE', #3345, 1000.000000000000000 ) ;
#2495 = ORIENTED_EDGE ( 'NONE', *, *, #792, .F. ) ;
#2496 = ORIENTED_EDGE ( 'NONE', *, *, #3161, .F. ) ;
#2497 = ORIENTED_EDGE ( 'NONE', *, *, #2913, .F. ) ;
#2498 = DIRECTION ( 'NONE',  ( 1.000000000000000000, 0.000000000000000000, 0.000000000000000000 ) ) ;
#2499 = CARTESIAN_POINT ( 'NONE',  ( 0.5499999999999949374, 10.80000000000000071, 18.54999999999960991 ) ) ;
#2500 = DIRECTION ( 'NONE',  ( -0.2756373558170042704, -0.9612616959383174509, 0.000000000000000000 ) ) ;
#2501 = EDGE_LOOP ( 'NONE', ( #3451, #8112, #4778, #2914 ) ) ;
#2502 = VECTOR ( 'NONE', #1391, 1000.000000000000227 ) ;
#2503 = VECTOR ( 'NONE', #7366, 1000.000000000000114 ) ;
#2504 = ORIENTED_EDGE ( 'NONE', *, *, #4911, .F. ) ;
#2505 = VERTEX_POINT ( 'NONE', #1227 ) ;
#2506 = VECTOR ( 'NONE', #7890, 1000.000000000000000 ) ;
#2507 = ORIENTED_EDGE ( 'NONE', *, *, #8151, .F. ) ;
#2508 = EDGE_CURVE ( 'NONE', #7865, #1445, #7540, .T. ) ;
#2509 = VECTOR ( 'NONE', #3791, 1000.000000000000000 ) ;
#2510 = VECTOR ( 'NONE', #4345, 999.9999999999998863 ) ;
#2511 = EDGE_CURVE ( 'NONE', #7188, #1372, #8117, .T. ) ;
#2512 = CARTESIAN_POINT ( 'NONE',  ( 40.07937528197223287, 29.75245638442227047, -4.115470582972125868 ) ) ;
#2513 = ADVANCED_FACE ( 'NONE', ( #3844 ), #3694, .F. ) ;
#2514 = DIRECTION ( 'NONE',  ( 0.000000000000000000, 0.5150380749100545996, 0.8571673007021120005 ) ) ;
#2515 = AXIS2_PLACEMENT_3D ( 'NONE', #668, #4451, #3141 ) ;
#2517 = VERTEX_POINT ( 'NONE', #3083 ) ;
#2516 = DIRECTION ( 'NONE',  ( 0.000000000000000000, 0.000000000000000000, -1.000000000000000000 ) ) ;
#2518 = VECTOR ( 'NONE', #6862, 1000.000000000000114 ) ;
#2519 = CARTESIAN_POINT ( 'NONE',  ( 52.80943399447264142, 8.566080860090405480, 28.19056600552696779 ) ) ;
#2520 = LINE ( 'NONE', #4917, #7666 ) ;
#2521 = VECTOR ( 'NONE', #6258, 1000.000000000000114 ) ;
#2522 = EDGE_CURVE ( 'NONE', #4320, #7504, #5596, .T. ) ;
#2523 = DIRECTION ( 'NONE',  ( -0.000000000000000000, 0.9612616959383174509, 0.2756373558170039373 ) ) ;
#2524 = FACE_OUTER_BOUND ( 'NONE', #3395, .T. ) ;
#2525 = ORIENTED_EDGE ( 'NONE', *, *, #6420, .F. ) ;
#2526 = DIRECTION ( 'NONE',  ( -0.9612616959383174509, -0.2756373558170042704, 0.000000000000000000 ) ) ;
#2527 = DIRECTION ( 'NONE',  ( -0.2657276780299913099, 0.9267025424900799946, 0.2657276780299913099 ) ) ;
#2528 = DIRECTION ( 'NONE',  ( 0.2657276780299913099, 0.9267025424900799946, 0.2657276780299913099 ) ) ;
#2529 = FACE_OUTER_BOUND ( 'NONE', #6214, .T. ) ;
#2530 = DIRECTION ( 'NONE',  ( 0.000000000000000000, 0.000000000000000000, 1.000000000000000000 ) ) ;
#2531 = ORIENTED_EDGE ( 'NONE', *, *, #6359, .T. ) ;
#2532 = LINE ( 'NONE', #1331, #1524 ) ;
#2533 = ORIENTED_EDGE ( 'NONE', *, *, #2837, .F. ) ;
#2534 = VECTOR ( 'NONE', #4953, 1000.000000000000114 ) ;
#2535 = VECTOR ( 'NONE', #7086, 1000.000000000000114 ) ;
#2536 = CARTESIAN_POINT ( 'NONE',  ( 24.26428640000786885, 22.25864506693674016, 26.58211138907233462 ) ) ;
#2537 = ORIENTED_EDGE ( 'NONE', *, *, #5380, .F. ) ;
#2538 = ORIENTED_EDGE ( 'NONE', *, *, #6446, .T. ) ;
#2539 = CARTESIAN_POINT ( 'NONE',  ( -1.190566005527361249, 8.566080860090398374, -16.80943399447302156 ) ) ;
#2540 = CARTESIAN_POINT ( 'NONE',  ( -53.44999999999999574, 10.80000000000000071, 35.44999999999961204 ) ) ;
#2541 = DIRECTION ( 'NONE',  ( -0.000000000000000000, -0.000000000000000000, 1.000000000000000000 ) ) ;
#2542 = ORIENTED_EDGE ( 'NONE', *, *, #938, .F. ) ;
#2543 = ORIENTED_EDGE ( 'NONE', *, *, #3788, .T. ) ;
#2544 = ORIENTED_EDGE ( 'NONE', *, *, #527, .F. ) ;
#2545 = VERTEX_POINT ( 'NONE', #3074 ) ;
#2546 = VECTOR ( 'NONE', #713, 1000.000000000000000 ) ;
#2547 = DIRECTION ( 'NONE',  ( -1.000000000000000000, 0.000000000000000000, 0.000000000000000000 ) ) ;
#2548 = DIRECTION ( 'NONE',  ( 1.000000000000000000, 0.000000000000000000, 0.000000000000000000 ) ) ;
#2549 = ADVANCED_FACE ( 'NONE', ( #1254 ), #4266, .F. ) ;
#2550 = CARTESIAN_POINT ( 'NONE',  ( -53.88039450307227440, 12.30096400656391431, 18.11960549692732769 ) ) ;
#2551 = VECTOR ( 'NONE', #4160, 1000.000000000000114 ) ;
#2552 = EDGE_CURVE ( 'NONE', #5984, #6150, #7491, .T. ) ;
#2553 = FACE_OUTER_BOUND ( 'NONE', #7571, .T. ) ;
#2554 = CARTESIAN_POINT ( 'NONE',  ( 61.85875721063606392, 9.699999999999974420, 33.78768939877064525 ) ) ;
#2555 = CARTESIAN_POINT ( 'NONE',  ( -7.503740226995931017, 7.500000000000000000, 33.62500000000000000 ) ) ;
#2556 = ORIENTED_EDGE ( 'NONE', *, *, #4229, .T. ) ;
#2557 = DIRECTION ( 'NONE',  ( 0.000000000000000000, -0.2756373558170042704, 0.9612616959383174509 ) ) ;
#2558 = CARTESIAN_POINT ( 'NONE',  ( 60.02027957955104398, 9.499999999999980460, -31.94921176768562177 ) ) ;
#2559 = CARTESIAN_POINT ( 'NONE',  ( 0.4124163967275039089, 7.271022431965715960, 28.56191803407978114 ) ) ;
#2560 = CARTESIAN_POINT ( 'NONE',  ( 2.375000000000005773, 10.80000000000000426, 0.5499999999996132427 ) ) ;
#2561 = LINE ( 'NONE', #7634, #2886 ) ;
#2562 = EDGE_LOOP ( 'NONE', ( #7175, #3671, #232, #1349 ) ) ;
#2563 = DIRECTION ( 'NONE',  ( 0.4999999999999957256, 0.7071067811865535679, -0.4999999999999957256 ) ) ;
#2564 = ORIENTED_EDGE ( 'NONE', *, *, #1437, .F. ) ;
#2565 = VECTOR ( 'NONE', #1649, 1000.000000000000000 ) ;
#2566 = CARTESIAN_POINT ( 'NONE',  ( -17.44999999999999929, 10.80000000000000071, 35.44999999999961204 ) ) ;
#2567 = AXIS2_PLACEMENT_3D ( 'NONE', #2116, #5158, #3255 ) ;
#2568 = ORIENTED_EDGE ( 'NONE', *, *, #340, .T. ) ;
#2569 = VERTEX_POINT ( 'NONE', #8110 ) ;
#2570 = FACE_OUTER_BOUND ( 'NONE', #2316, .T. ) ;
#2571 = FACE_OUTER_BOUND ( 'NONE', #6624, .T. ) ;
#2572 = EDGE_CURVE ( 'NONE', #3012, #7165, #1800, .T. ) ;
#2573 = CARTESIAN_POINT ( 'NONE',  ( -6.964775456032696207E-16, 8.566080860090862004, 34.80943399447238562 ) ) ;
#2574 = CARTESIAN_POINT ( 'NONE',  ( 20.73571359999213115, 22.25864506693675438, -26.58211138907232041 ) ) ;
#2575 = VERTEX_POINT ( 'NONE', #1177 ) ;
#2576 = ORIENTED_EDGE ( 'NONE', *, *, #5156, .F. ) ;
#2577 = ORIENTED_EDGE ( 'NONE', *, *, #59, .F. ) ;
#2578 = EDGE_CURVE ( 'NONE', #302, #4902, #2418, .T. ) ;
#2579 = CARTESIAN_POINT ( 'NONE',  ( -8.449999999999999289, 10.80000000000000071, -17.45000000000039009 ) ) ;
#2580 = EDGE_CURVE ( 'NONE', #869, #6086, #4346, .T. ) ;
#2581 = EDGE_CURVE ( 'NONE', #5913, #2311, #1140, .T. ) ;
#2582 = ORIENTED_EDGE ( 'NONE', *, *, #2198, .T. ) ;
#2583 = ORIENTED_EDGE ( 'NONE', *, *, #609, .F. ) ;
#2584 = CARTESIAN_POINT ( 'NONE',  ( 9.755106286768590707, 10.08470937300060477, 35.24489371323102205 ) ) ;
#2585 = DIRECTION ( 'NONE',  ( 1.000000000000000000, 0.000000000000000000, -0.000000000000000000 ) ) ;
#2586 = DIRECTION ( 'NONE',  ( -0.000000000000000000, -0.000000000000000000, 1.000000000000000000 ) ) ;
#2587 = ADVANCED_FACE ( 'NONE', ( #2454 ), #6165, .T. ) ;
#2588 = DIRECTION ( 'NONE',  ( 1.000000000000000000, 0.000000000000000000, 0.000000000000000000 ) ) ;
#2589 = CARTESIAN_POINT ( 'NONE',  ( 52.80943399447264142, 8.566080860090410809, -19.19056600552774228 ) ) ;
#2590 = AXIS2_PLACEMENT_3D ( 'NONE', #2176, #2826, #7244 ) ;
#2591 = DIRECTION ( 'NONE',  ( 0.000000000000000000, 0.000000000000000000, 1.000000000000000000 ) ) ;
#2592 = VERTEX_POINT ( 'NONE', #595 ) ;
#2593 = DIRECTION ( 'NONE',  ( -0.000000000000000000, 0.9612616959383180060, 0.2756373558170021054 ) ) ;
#2594 = CARTESIAN_POINT ( 'NONE',  ( 51.62500000000000000, 10.53731005528969433, -26.37467487046947667 ) ) ;
#2595 = CARTESIAN_POINT ( 'NONE',  ( 2.375000000000005773, 10.80000000000000426, 33.62500000000000000 ) ) ;
#2596 = CARTESIAN_POINT ( 'NONE',  ( -54.51589529291317149, 14.51721864012731977, 26.48410470708643416 ) ) ;
#2597 = CARTESIAN_POINT ( 'NONE',  ( 6.964775456032696207E-16, 8.566080860090862004, 34.80943399447238562 ) ) ;
#2598 = ORIENTED_EDGE ( 'NONE', *, *, #6778, .F. ) ;
#2599 = PLANE ( 'NONE',  #5485 ) ;
#2600 = ORIENTED_EDGE ( 'NONE', *, *, #142, .T. ) ;
#2601 = EDGE_CURVE ( 'NONE', #1784, #2457, #6870, .T. ) ;
#2602 = LINE ( 'NONE', #2566, #452 ) ;
#2603 = ADVANCED_FACE ( 'NONE', ( #4927 ), #7564, .F. ) ;
#2604 = EDGE_CURVE ( 'NONE', #1574, #8155, #5621, .T. ) ;
#2605 = ORIENTED_EDGE ( 'NONE', *, *, #1405, .T. ) ;
#2606 = EDGE_LOOP ( 'NONE', ( #252, #7155, #5473, #3479 ) ) ;
#2607 = CARTESIAN_POINT ( 'NONE',  ( 0.000000000000000000, 7.500000000000000000, -34.50374022699632093 ) ) ;
#2608 = DIRECTION ( 'NONE',  ( 0.000000000000000000, 0.000000000000000000, 1.000000000000000000 ) ) ;
#2609 = DIRECTION ( 'NONE',  ( 0.5001519828512182020, 0.8323926831162096196, 0.2386847610229696770 ) ) ;
#2610 = DIRECTION ( 'NONE',  ( 0.000000000000000000, 1.000000000000000000, 0.000000000000000000 ) ) ;
#2611 = CARTESIAN_POINT ( 'NONE',  ( 10.49625977300407165, 7.500000000000000000, 0.000000000000000000 ) ) ;
#2612 = ORIENTED_EDGE ( 'NONE', *, *, #695, .F. ) ;
#2613 = AXIS2_PLACEMENT_3D ( 'NONE', #2288, #1669, #2156 ) ;
#2614 = ORIENTED_EDGE ( 'NONE', *, *, #5346, .T. ) ;
#2615 = ORIENTED_EDGE ( 'NONE', *, *, #7213, .T. ) ;
#2616 = DIRECTION ( 'NONE',  ( -0.000000000000000000, -0.000000000000000000, 1.000000000000000000 ) ) ;
#2617 = ORIENTED_EDGE ( 'NONE', *, *, #957, .F. ) ;
#2618 = ORIENTED_EDGE ( 'NONE', *, *, #7825, .T. ) ;
#2619 = CARTESIAN_POINT ( 'NONE',  ( 2.375000000000005773, 10.53731005528968723, -18.62532512953128716 ) ) ;
#2620 = FACE_OUTER_BOUND ( 'NONE', #3852, .T. ) ;
#2621 = EDGE_CURVE ( 'NONE', #3183, #2505, #1918, .T. ) ;
#2622 = AXIS2_PLACEMENT_3D ( 'NONE', #6351, #8144, #6243 ) ;
#2623 = CARTESIAN_POINT ( 'NONE',  ( 26.45000000000000284, 10.80000000000000071, 35.44999999999961204 ) ) ;
#2624 = VECTOR ( 'NONE', #5813, 1000.000000000000000 ) ;
#2625 = VECTOR ( 'NONE', #5645, 1000.000000000000227 ) ;
#2626 = DIRECTION ( 'NONE',  ( 1.000000000000000000, 0.000000000000000000, 0.000000000000000000 ) ) ;
#2627 = AXIS2_PLACEMENT_3D ( 'NONE', #8080, #7290, #2307 ) ;
#2628 = DIRECTION ( 'NONE',  ( -0.000000000000000000, -0.000000000000000000, 1.000000000000000000 ) ) ;
#2629 = VECTOR ( 'NONE', #6464, 1000.000000000000114 ) ;
#2630 = CARTESIAN_POINT ( 'NONE',  ( 56.48474567361831333, 7.500000000000000000, 35.48474567361836307 ) ) ;
#2631 = VERTEX_POINT ( 'NONE', #3798 ) ;
#2632 = VECTOR ( 'NONE', #2160, 1000.000000000000000 ) ;
#2633 = VERTEX_POINT ( 'NONE', #6317 ) ;
#2634 = DIRECTION ( 'NONE',  ( -1.000000000000000000, -0.000000000000000000, -0.000000000000000000 ) ) ;
#2635 = FACE_OUTER_BOUND ( 'NONE', #6090, .T. ) ;
#2636 = DIRECTION ( 'NONE',  ( 0.7071067811865472397, 0.000000000000000000, 0.7071067811865479058 ) ) ;
#2637 = EDGE_CURVE ( 'NONE', #4213, #7452, #7450, .T. ) ;
#2638 = VECTOR ( 'NONE', #2789, 1000.000000000000000 ) ;
#2639 = DIRECTION ( 'NONE',  ( -0.000000000000000000, 1.000000000000000000, -0.000000000000000000 ) ) ;
#2640 = ADVANCED_FACE ( 'NONE', ( #4997 ), #2380, .F. ) ;
#2641 = VERTEX_POINT ( 'NONE', #515 ) ;
#2642 = DIRECTION ( 'NONE',  ( -1.000000000000000000, 0.000000000000000000, 0.000000000000000000 ) ) ;
#2643 = VERTEX_POINT ( 'NONE', #4421 ) ;
#2644 = LINE ( 'NONE', #5500, #6076 ) ;
#2645 = VECTOR ( 'NONE', #2123, 1000.000000000000114 ) ;
#2646 = LINE ( 'NONE', #7683, #415 ) ;
#2647 = ORIENTED_EDGE ( 'NONE', *, *, #1005, .F. ) ;
#2648 = ORIENTED_EDGE ( 'NONE', *, *, #350, .F. ) ;
#2649 = FACE_OUTER_BOUND ( 'NONE', #3014, .T. ) ;
#2650 = PLANE ( 'NONE',  #6059 ) ;
#2651 = CARTESIAN_POINT ( 'NONE',  ( 0.5500000000000088152, 7.500000000000000000, 35.45000000000000995 ) ) ;
#2652 = DIRECTION ( 'NONE',  ( -0.2657276780299913099, -0.9267025424900799946, 0.2657276780299913099 ) ) ;
#2653 = EDGE_CURVE ( 'NONE', #4245, #272, #561, .T. ) ;
#2654 = DIRECTION ( 'NONE',  ( 0.000000000000000000, 0.000000000000000000, -1.000000000000000000 ) ) ;
#2655 = ORIENTED_EDGE ( 'NONE', *, *, #1540, .T. ) ;
#2656 = ORIENTED_EDGE ( 'NONE', *, *, #699, .T. ) ;
#2657 = VECTOR ( 'NONE', #7469, 1000.000000000000114 ) ;
#2658 = VERTEX_POINT ( 'NONE', #7413 ) ;
#2659 = DIRECTION ( 'NONE',  ( -0.2657276780299913099, -0.9267025424900799946, 0.2657276780299913099 ) ) ;
#2660 = CARTESIAN_POINT ( 'NONE',  ( 53.44999999999999574, 10.80000000000000071, -17.45000000000039009 ) ) ;
#2661 = CARTESIAN_POINT ( 'NONE',  ( -60.00000000000000000, 7.500000000000000000, -8.000000000000000000 ) ) ;
#2662 = EDGE_LOOP ( 'NONE', ( #1620, #7870, #5374, #1264 ) ) ;
#2663 = ORIENTED_EDGE ( 'NONE', *, *, #6881, .T. ) ;
#2664 = ORIENTED_EDGE ( 'NONE', *, *, #8128, .F. ) ;
#2665 = ADVANCED_FACE ( 'NONE', ( #3649 ), #3033, .F. ) ;
#2666 = LINE ( 'NONE', #235, #4611 ) ;
#2667 = DIRECTION ( 'NONE',  ( -0.5001519828512179799, 0.8323926831162092865, -0.2386847610229713423 ) ) ;
#2668 = PLANE ( 'NONE',  #8160 ) ;
#2669 = AXIS2_PLACEMENT_3D ( 'NONE', #1623, #7354, #1705 ) ;
#2670 = PLANE ( 'NONE',  #5661 ) ;
#2671 = AXIS2_PLACEMENT_3D ( 'NONE', #5643, #2436, #4248 ) ;
#2672 = CARTESIAN_POINT ( 'NONE',  ( 6.964775456032696207E-16, 8.566080860090862004, 34.80943399447238562 ) ) ;
#2673 = DIRECTION ( 'NONE',  ( 0.000000000000000000, -0.000000000000000000, -1.000000000000000000 ) ) ;
#2674 = DIRECTION ( 'NONE',  ( 1.000000000000000000, 0.000000000000000000, 0.000000000000000000 ) ) ;
#2675 = VECTOR ( 'NONE', #4805, 1000.000000000000114 ) ;
#2676 = ORIENTED_EDGE ( 'NONE', *, *, #5816, .T. ) ;
#2677 = ORIENTED_EDGE ( 'NONE', *, *, #266, .F. ) ;
#2678 = LINE ( 'NONE', #784, #1173 ) ;
#2679 = CARTESIAN_POINT ( 'NONE',  ( 60.72738636073759011, 10.49999999999999822, -32.65631854887216434 ) ) ;
#2680 = EDGE_CURVE ( 'NONE', #6921, #2766, #3961, .T. ) ;
#2681 = CARTESIAN_POINT ( 'NONE',  ( 53.24489371323137021, 10.08470937300049464, 9.755106286768237212 ) ) ;
#2682 = DIRECTION ( 'NONE',  ( 0.000000000000000000, 0.000000000000000000, 1.000000000000000000 ) ) ;
#2683 = ORIENTED_EDGE ( 'NONE', *, *, #4690, .F. ) ;
#2684 = DIRECTION ( 'NONE',  ( 0.5001519828512179799, 0.8323926831162092865, 0.2386847610229713423 ) ) ;
#2685 = ORIENTED_EDGE ( 'NONE', *, *, #2552, .T. ) ;
#2686 = CARTESIAN_POINT ( 'NONE',  ( 51.62500000000000711, 10.53731005528969256, 26.37467487046871284 ) ) ;
#2687 = CARTESIAN_POINT ( 'NONE',  ( -0.1196054969277143137, 12.30096400656391431, 18.11960549692732769 ) ) ;
#2688 = ORIENTED_EDGE ( 'NONE', *, *, #7084, .F. ) ;
#2689 = LINE ( 'NONE', #4586, #3299 ) ;
#2690 = FACE_OUTER_BOUND ( 'NONE', #2606, .T. ) ;
#2691 = CARTESIAN_POINT ( 'NONE',  ( 48.02003275609391864, 16.53698307386826016, -30.02003275609395416 ) ) ;
#2692 = DIRECTION ( 'NONE',  ( 0.000000000000000000, -0.9612616959383174509, 0.2756373558170042704 ) ) ;
#2693 = CARTESIAN_POINT ( 'NONE',  ( -52.80943399447264852, 8.566080860090394822, 25.80943399447225417 ) ) ;
#2694 = CARTESIAN_POINT ( 'NONE',  ( 2.375000000000005773, 7.500000000000000000, 7.503740226995549101 ) ) ;
#2695 = VERTEX_POINT ( 'NONE', #1329 ) ;
#2696 = VECTOR ( 'NONE', #633, 999.9999999999998863 ) ;
#2697 = EDGE_CURVE ( 'NONE', #637, #7015, #4531, .T. ) ;
#2698 = ORIENTED_EDGE ( 'NONE', *, *, #5541, .T. ) ;
#2699 = ORIENTED_EDGE ( 'NONE', *, *, #6337, .F. ) ;
#2700 = DIRECTION ( 'NONE',  ( 1.000000000000000000, 0.000000000000000000, -0.000000000000000000 ) ) ;
#2701 = DIRECTION ( 'NONE',  ( 1.000000000000000000, 0.000000000000000000, 0.000000000000000000 ) ) ;
#2702 = DIRECTION ( 'NONE',  ( 0.000000000000000000, 0.000000000000000000, -1.000000000000000000 ) ) ;
#2703 = AXIS2_PLACEMENT_3D ( 'NONE', #6780, #3640, #3023 ) ;
#2704 = EDGE_CURVE ( 'NONE', #8056, #5879, #5199, .T. ) ;
#2705 = EDGE_LOOP ( 'NONE', ( #4972, #6676, #186, #4585 ) ) ;
#2706 = EDGE_LOOP ( 'NONE', ( #7166, #2022, #7886, #2174 ) ) ;
#2707 = DIRECTION ( 'NONE',  ( -1.000000000000000000, 0.000000000000000000, 0.000000000000000000 ) ) ;
#2708 = ADVANCED_FACE ( 'NONE', ( #7147 ), #1363, .F. ) ;
#2709 = CARTESIAN_POINT ( 'NONE',  ( 0.000000000000000000, 7.500000000000000000, 10.49625977300367907 ) ) ;
#2710 = ADVANCED_FACE ( 'NONE', ( #787 ), #3873, .F. ) ;
#2711 = EDGE_CURVE ( 'NONE', #7188, #852, #6353, .T. ) ;
#2712 = LINE ( 'NONE', #3203, #2103 ) ;
#2713 = CARTESIAN_POINT ( 'NONE',  ( -8.449999999999999289, 10.80000000000000071, -35.45000000000039364 ) ) ;
#2714 = PLANE ( 'NONE',  #7756 ) ;
#2715 = AXIS2_PLACEMENT_3D ( 'NONE', #2733, #4667, #260 ) ;
#2716 = CARTESIAN_POINT ( 'NONE',  ( 0.000000000000000000, 7.500000000000000000, 34.50374022699554644 ) ) ;
#2717 = ORIENTED_EDGE ( 'NONE', *, *, #1253, .T. ) ;
#2718 = ORIENTED_EDGE ( 'NONE', *, *, #2269, .F. ) ;
#2719 = DIRECTION ( 'NONE',  ( 0.5001519828512179799, 0.8323926831162092865, -0.2386847610229711203 ) ) ;
#2720 = DIRECTION ( 'NONE',  ( -1.000000000000000000, -0.000000000000000000, -0.000000000000000000 ) ) ;
#2721 = LINE ( 'NONE', #5766, #7522 ) ;
#2722 = CARTESIAN_POINT ( 'NONE',  ( 32.06738976402694874, -0.9965637948163279525, 32.06738976402657215 ) ) ;
#2723 = VERTEX_POINT ( 'NONE', #2113 ) ;
#2724 = VECTOR ( 'NONE', #2634, 1000.000000000000000 ) ;
#2725 = DIRECTION ( 'NONE',  ( 0.000000000000000000, 0.000000000000000000, -1.000000000000000000 ) ) ;
#2726 = APPLICATION_CONTEXT ( 'automotive_design' ) ;
#2727 = CARTESIAN_POINT ( 'NONE',  ( 0.000000000000000000, 10.80000000000000071, -33.62500000000000000 ) ) ;
#2728 = EDGE_CURVE ( 'NONE', #7695, #814, #3298, .T. ) ;
#2729 = EDGE_CURVE ( 'NONE', #5966, #7781, #7677, .T. ) ;
#2730 = DIRECTION ( 'NONE',  ( 0.9902680687415695848, 0.1391731009600706559, -0.000000000000000000 ) ) ;
#2731 = ORIENTED_EDGE ( 'NONE', *, *, #5035, .F. ) ;
#2732 = DIRECTION ( 'NONE',  ( -0.2657276780299913099, -0.9267025424900799946, 0.2657276780299913099 ) ) ;
#2733 = CARTESIAN_POINT ( 'NONE',  ( -51.62500000000000000, 10.80000000000000426, -33.62500000000000000 ) ) ;
#2734 = DIRECTION ( 'NONE',  ( -3.469446951953605354E-14, -1.000000000000000000, 0.000000000000000000 ) ) ;
#2735 = LINE ( 'NONE', #5954, #3397 ) ;
#2736 = DIRECTION ( 'NONE',  ( -0.2657276780299894225, 0.9267025424900811048, 0.2657276780299894225 ) ) ;
#2737 = CARTESIAN_POINT ( 'NONE',  ( -1.190566005527356364, 8.566080860090389493, 7.809433994472255947 ) ) ;
#2738 = VERTEX_POINT ( 'NONE', #6480 ) ;
#2739 = EDGE_CURVE ( 'NONE', #3183, #1226, #745, .T. ) ;
#2740 = ORIENTED_EDGE ( 'NONE', *, *, #3078, .T. ) ;
#2741 = VECTOR ( 'NONE', #7647, 1000.000000000000114 ) ;
#2742 = EDGE_LOOP ( 'NONE', ( #5194, #3661, #4460, #5151 ) ) ;
#2743 = FACE_OUTER_BOUND ( 'NONE', #3163, .T. ) ;
#2744 = CARTESIAN_POINT ( 'NONE',  ( 1.190566005527353033, 8.566080860090385940, -7.809433994473030438 ) ) ;
#2745 = CARTESIAN_POINT ( 'NONE',  ( 35.44999999999999574, 10.80000000000000071, -35.45000000000039364 ) ) ;
#2746 = ADVANCED_FACE ( 'NONE', ( #5730 ), #6523, .T. ) ;
#2747 = EDGE_LOOP ( 'NONE', ( #1866, #1068, #6128, #6957 ) ) ;
#2748 = ORIENTED_EDGE ( 'NONE', *, *, #697, .T. ) ;
#2749 = EDGE_CURVE ( 'NONE', #8012, #1574, #4621, .T. ) ;
#2750 = ORIENTED_EDGE ( 'NONE', *, *, #3624, .T. ) ;
#2751 = CARTESIAN_POINT ( 'NONE',  ( -52.80943399447264142, 8.566080860090407256, 19.19056600552696423 ) ) ;
#2752 = DIRECTION ( 'NONE',  ( 0.000000000000000000, -0.2756373558170042704, 0.9612616959383174509 ) ) ;
#2753 = FACE_OUTER_BOUND ( 'NONE', #6873, .T. ) ;
#2754 = VECTOR ( 'NONE', #6283, 1000.000000000000114 ) ;
#2755 = ORIENTED_EDGE ( 'NONE', *, *, #766, .F. ) ;
#2756 = ORIENTED_EDGE ( 'NONE', *, *, #4901, .T. ) ;
#2757 = CARTESIAN_POINT ( 'NONE',  ( -61.00000000000000000, 9.899999999999998579, -8.000000000000000000 ) ) ;
#2758 = EDGE_CURVE ( 'NONE', #4164, #645, #2561, .T. ) ;
#2759 = EDGE_CURVE ( 'NONE', #2738, #5636, #5815, .T. ) ;
#2760 = FACE_OUTER_BOUND ( 'NONE', #2963, .T. ) ;
#2761 = VECTOR ( 'NONE', #2528, 1000.000000000000114 ) ;
#2762 = DIRECTION ( 'NONE',  ( 0.000000000000000000, 0.000000000000000000, -1.000000000000000000 ) ) ;
#2763 = VECTOR ( 'NONE', #5066, 1000.000000000000114 ) ;
#2764 = VECTOR ( 'NONE', #6938, 1000.000000000000000 ) ;
#2765 = ORIENTED_EDGE ( 'NONE', *, *, #6092, .F. ) ;
#2766 = VERTEX_POINT ( 'NONE', #5112 ) ;
#2767 = CARTESIAN_POINT ( 'NONE',  ( 51.62500000000000000, 10.80000000000000071, 0.000000000000000000 ) ) ;
#2768 = EDGE_CURVE ( 'NONE', #3134, #7165, #48, .T. ) ;
#2769 = DIRECTION ( 'NONE',  ( 2.296445157324517257E-16, 0.5150380749100545996, -0.8571673007021120005 ) ) ;
#2770 = CARTESIAN_POINT ( 'NONE',  ( 38.58572673386328944, 32.23830501688261307, 20.58572673386329654 ) ) ;
#2771 = DIRECTION ( 'NONE',  ( 0.8741572761215374854, 0.4856429311786325531, -0.000000000000000000 ) ) ;
#2772 = ORIENTED_EDGE ( 'NONE', *, *, #7518, .F. ) ;
#2773 = CARTESIAN_POINT ( 'NONE',  ( -71.94928943488123707, 10.53731005528974052, -33.62500000000000000 ) ) ;
#2774 = VECTOR ( 'NONE', #4380, 1000.000000000000000 ) ;
#2775 = DIRECTION ( 'NONE',  ( 0.9612616959383174509, -0.2756373558170042704, 0.000000000000000000 ) ) ;
#2776 = AXIS2_PLACEMENT_3D ( 'NONE', #3273, #189, #2700 ) ;
#2777 = FACE_OUTER_BOUND ( 'NONE', #6590, .T. ) ;
#2778 = ORIENTED_EDGE ( 'NONE', *, *, #4231, .T. ) ;
#2779 = LINE ( 'NONE', #2164, #7658 ) ;
#2780 = CARTESIAN_POINT ( 'NONE',  ( -44.44999999999999574, 10.80000000000000071, 35.44999999999961204 ) ) ;
#2781 = CARTESIAN_POINT ( 'NONE',  ( -2.375000000000005773, 10.80000000000000071, 0.000000000000000000 ) ) ;
#2782 = DIRECTION ( 'NONE',  ( 0.000000000000000000, 0.000000000000000000, -1.000000000000000000 ) ) ;
#2783 = LINE ( 'NONE', #5783, #2328 ) ;
#2784 = DIRECTION ( 'NONE',  ( 0.5001519828512179799, 0.8323926831162092865, -0.2386847610229713423 ) ) ;
#2785 = VERTEX_POINT ( 'NONE', #876 ) ;
#2786 = VERTEX_POINT ( 'NONE', #3383 ) ;
#2787 = ORIENTED_EDGE ( 'NONE', *, *, #6647, .F. ) ;
#2788 = FACE_OUTER_BOUND ( 'NONE', #2742, .T. ) ;
#2789 = DIRECTION ( 'NONE',  ( -1.000000000000000000, 0.000000000000000000, 0.000000000000000000 ) ) ;
#2790 = LINE ( 'NONE', #2177, #3878 ) ;
#2791 = ORIENTED_EDGE ( 'NONE', *, *, #61, .T. ) ;
#2792 = ORIENTED_EDGE ( 'NONE', *, *, #1989, .T. ) ;
#2793 = DIRECTION ( 'NONE',  ( -0.4578768884082909940, -0.7620351108204156398, 0.4578768884082907165 ) ) ;
#2794 = DIRECTION ( 'NONE',  ( 0.000000000000000000, -0.9612616959383174509, -0.2756373558170039373 ) ) ;
#2795 = AXIS2_PLACEMENT_3D ( 'NONE', #242, #5402, #7840 ) ;
#2796 = LINE ( 'NONE', #7834, #3920 ) ;
#2797 = VERTEX_POINT ( 'NONE', #7767 ) ;
#2798 = ORIENTED_EDGE ( 'NONE', *, *, #733, .F. ) ;
#2799 = FACE_OUTER_BOUND ( 'NONE', #1512, .T. ) ;
#2800 = FACE_OUTER_BOUND ( 'NONE', #2387, .T. ) ;
#2801 = LINE ( 'NONE', #4692, #1073 ) ;
#2802 = ORIENTED_EDGE ( 'NONE', *, *, #938, .T. ) ;
#2803 = ORIENTED_EDGE ( 'NONE', *, *, #2373, .T. ) ;
#2804 = EDGE_CURVE ( 'NONE', #2323, #4822, #5155, .T. ) ;
#2805 = DIRECTION ( 'NONE',  ( -0.000000000000000000, -0.000000000000000000, 1.000000000000000000 ) ) ;
#2806 = DIRECTION ( 'NONE',  ( -0.000000000000000000, -0.000000000000000000, 1.000000000000000000 ) ) ;
#2807 = FACE_OUTER_BOUND ( 'NONE', #3567, .T. ) ;
#2808 = FACE_OUTER_BOUND ( 'NONE', #7101, .T. ) ;
#2809 = ADVANCED_FACE ( 'NONE', ( #3253 ), #6435, .F. ) ;
#2810 = VERTEX_POINT ( 'NONE', #960 ) ;
#2811 = PLANE ( 'NONE',  #8123 ) ;
#2812 = VECTOR ( 'NONE', #6465, 1000.000000000000000 ) ;
#2813 = FACE_OUTER_BOUND ( 'NONE', #5926, .T. ) ;
#2814 =( NAMED_UNIT ( * ) PLANE_ANGLE_UNIT ( ) SI_UNIT ( $, .RADIAN. ) );
#2815 = ORIENTED_EDGE ( 'NONE', *, *, #7096, .T. ) ;
#2816 = CARTESIAN_POINT ( 'NONE',  ( -19.19056600552722358, 8.566080860090853122, 34.80943399447238562 ) ) ;
#2817 = CARTESIAN_POINT ( 'NONE',  ( 3.482387728013434741E-16, 8.566080860089968496, -34.80943399447290432 ) ) ;
#2818 = PLANE ( 'NONE',  #3687 ) ;
#2819 = FACE_OUTER_BOUND ( 'NONE', #2747, .T. ) ;
#2820 = DIRECTION ( 'NONE',  ( -1.000000000000000000, 0.000000000000000000, 0.000000000000000000 ) ) ;
#2821 = CARTESIAN_POINT ( 'NONE',  ( -3.297109446132200805, 1.219690838746894768, -23.70289055386817267 ) ) ;
#2822 = ORIENTED_EDGE ( 'NONE', *, *, #6816, .F. ) ;
#2823 = VERTEX_POINT ( 'NONE', #4084 ) ;
#2824 = EDGE_LOOP ( 'NONE', ( #5899, #4655, #5809, #6171 ) ) ;
#2825 = LINE ( 'NONE', #5876, #1457 ) ;
#2826 = DIRECTION ( 'NONE',  ( -0.9612616959383174509, -0.2756373558170042704, 0.000000000000000000 ) ) ;
#2827 = CARTESIAN_POINT ( 'NONE',  ( 26.45000000000000284, 10.80000000000000071, 35.44999999999961204 ) ) ;
#2828 = VERTEX_POINT ( 'NONE', #7981 ) ;
#2829 = VECTOR ( 'NONE', #2563, 1000.000000000000227 ) ;
#2830 = ORIENTED_EDGE ( 'NONE', *, *, #1773, .T. ) ;
#2831 = LINE ( 'NONE', #5268, #6500 ) ;
#2832 = VECTOR ( 'NONE', #6580, 1000.000000000000000 ) ;
#2833 = EDGE_CURVE ( 'NONE', #4463, #407, #6606, .T. ) ;
#2834 = EDGE_CURVE ( 'NONE', #3327, #6922, #1707, .T. ) ;
#2835 = ORIENTED_EDGE ( 'NONE', *, *, #6370, .F. ) ;
#2837 = EDGE_CURVE ( 'NONE', #7372, #1850, #4168, .T. ) ;
#2836 = ORIENTED_EDGE ( 'NONE', *, *, #2098, .T. ) ;
#2838 = VECTOR ( 'NONE', #676, 1000.000000000000000 ) ;
#2839 = ORIENTED_EDGE ( 'NONE', *, *, #6856, .T. ) ;
#2840 = CARTESIAN_POINT ( 'NONE',  ( 1.190566005527356142, 8.566080860090391269, 0.000000000000000000 ) ) ;
#2841 = CARTESIAN_POINT ( 'NONE',  ( -60.00000000000000000, 8.099999999999999645, 8.000000000000000000 ) ) ;
#2842 = CARTESIAN_POINT ( 'NONE',  ( -28.49625977300406277, 7.500000000000000000, -33.62500000000000000 ) ) ;
#2843 = ADVANCED_FACE ( 'NONE', ( #1625, #4744, #428 ), #4660, .F. ) ;
#2844 = ORIENTED_EDGE ( 'NONE', *, *, #7843, .T. ) ;
#2845 = VERTEX_POINT ( 'NONE', #6691 ) ;
#2846 = LINE ( 'NONE', #1703, #751 ) ;
#2847 = DIRECTION ( 'NONE',  ( 0.000000000000000000, -0.9612616959383180060, -0.2756373558170021054 ) ) ;
#2848 = LINE ( 'NONE', #3019, #6064 ) ;
#2849 = DIRECTION ( 'NONE',  ( 0.000000000000000000, -0.000000000000000000, 1.000000000000000000 ) ) ;
#2850 = VECTOR ( 'NONE', #5687, 1000.000000000000000 ) ;
#2851 = VERTEX_POINT ( 'NONE', #1043 ) ;
#2852 = LINE ( 'NONE', #4747, #607 ) ;
#2853 = DIRECTION ( 'NONE',  ( -1.000000000000000000, -0.000000000000000000, -0.000000000000000000 ) ) ;
#2854 = CARTESIAN_POINT ( 'NONE',  ( 2.375000000000005773, 10.53731005528969078, -33.62500000000000000 ) ) ;
#2855 = ORIENTED_EDGE ( 'NONE', *, *, #3282, .F. ) ;
#2856 = DIRECTION ( 'NONE',  ( -1.000000000000000000, -3.018354541273066194E-16, 8.654992372942126676E-17 ) ) ;
#2857 = CARTESIAN_POINT ( 'NONE',  ( -28.19056600552734793, 8.566080860090387716, 34.80943399447264142 ) ) ;
#2858 = CARTESIAN_POINT ( 'NONE',  ( -52.50374022699593013, 7.500000000000000000, 0.000000000000000000 ) ) ;
#2859 = AXIS2_PLACEMENT_3D ( 'NONE', #7590, #5070, #3720 ) ;
#2860 = CARTESIAN_POINT ( 'NONE',  ( -2.375000000000005773, 10.53731005528968545, 33.62500000000000000 ) ) ;
#2861 = CARTESIAN_POINT ( 'NONE',  ( 1.190566005527355919, 8.566080860090391269, 19.19056600552696779 ) ) ;
#2862 = ADVANCED_FACE ( 'NONE', ( #6650 ), #5326, .F. ) ;
#2863 = FACE_OUTER_BOUND ( 'NONE', #3498, .T. ) ;
#2864 = ADVANCED_FACE ( 'NONE', ( #2808 ), #2938, .F. ) ;
#2865 = VERTEX_POINT ( 'NONE', #5287 ) ;
#2866 = EDGE_CURVE ( 'NONE', #4753, #7464, #5460, .T. ) ;
#2867 = AXIS2_PLACEMENT_3D ( 'NONE', #191, #2872, #2216 ) ;
#2868 = VERTEX_POINT ( 'NONE', #2237 ) ;
#2869 = ORIENTED_EDGE ( 'NONE', *, *, #2759, .F. ) ;
#2870 = ORIENTED_EDGE ( 'NONE', *, *, #5667, .F. ) ;
#2871 = CARTESIAN_POINT ( 'NONE',  ( 1.190566005527356142, 8.566080860090391269, 0.000000000000000000 ) ) ;
#2872 = DIRECTION ( 'NONE',  ( -1.000000000000000000, 0.000000000000000000, 0.000000000000000000 ) ) ;
#2873 = PLANE ( 'NONE',  #7847 ) ;
#2874 = EDGE_CURVE ( 'NONE', #4270, #5879, #4129, .T. ) ;
#2876 = ADVANCED_FACE ( 'NONE', ( #5898 ), #4836, .F. ) ;
#2875 = ORIENTED_EDGE ( 'NONE', *, *, #3722, .F. ) ;
#2877 = ORIENTED_EDGE ( 'NONE', *, *, #2271, .F. ) ;
#2878 = LINE ( 'NONE', #281, #4395 ) ;
#2879 = AXIS2_PLACEMENT_3D ( 'NONE', #7112, #3354, #3431 ) ;
#2880 = ORIENTED_EDGE ( 'NONE', *, *, #6809, .T. ) ;
#2881 = VECTOR ( 'NONE', #4991, 1000.000000000000000 ) ;
#2882 = ORIENTED_EDGE ( 'NONE', *, *, #8162, .F. ) ;
#2883 = ORIENTED_EDGE ( 'NONE', *, *, #3701, .T. ) ;
#2884 = DIRECTION ( 'NONE',  ( 0.000000000000000000, 0.000000000000000000, -1.000000000000000000 ) ) ;
#2885 = CARTESIAN_POINT ( 'NONE',  ( 51.62500000000000000, 10.80000000000000426, -33.62500000000000000 ) ) ;
#2886 = VECTOR ( 'NONE', #4577, 1000.000000000000000 ) ;
#2887 = FACE_OUTER_BOUND ( 'NONE', #891, .T. ) ;
#2888 = ORIENTED_EDGE ( 'NONE', *, *, #2081, .T. ) ;
#2889 = ORIENTED_EDGE ( 'NONE', *, *, #1099, .T. ) ;
#2890 = DIRECTION ( 'NONE',  ( 0.9612616959383174509, -0.2756373558170042704, 0.000000000000000000 ) ) ;
#2891 = CARTESIAN_POINT ( 'NONE',  ( 51.62500000000000000, 10.53731005528969256, -33.62500000000000000 ) ) ;
#2892 = FACE_OUTER_BOUND ( 'NONE', #7584, .T. ) ;
#2893 = PLANE ( 'NONE',  #2228 ) ;
#2894 = VERTEX_POINT ( 'NONE', #7850 ) ;
#2895 = DIRECTION ( 'NONE',  ( -0.9612616959383175619, -0.2756373558170040483, 0.000000000000000000 ) ) ;
#2896 = VECTOR ( 'NONE', #4588, 1000.000000000000000 ) ;
#2897 = PLANE ( 'NONE',  #4361 ) ;
#2898 = ADVANCED_FACE ( 'NONE', ( #6736 ), #2893, .T. ) ;
#2899 = LINE ( 'NONE', #5421, #931 ) ;
#2900 = ORIENTED_EDGE ( 'NONE', *, *, #4366, .T. ) ;
#2901 = CARTESIAN_POINT ( 'NONE',  ( 23.06738976402690255, -0.9965637948165171345, -32.06738976402728980 ) ) ;
#2902 = CARTESIAN_POINT ( 'NONE',  ( -53.44999999999999574, 10.80000000000000071, -8.450000000000388312 ) ) ;
#2903 = EDGE_CURVE ( 'NONE', #4533, #5137, #3503, .T. ) ;
#2904 = LINE ( 'NONE', #388, #5539 ) ;
#2905 = AXIS2_PLACEMENT_3D ( 'NONE', #4961, #7488, #1837 ) ;
#2906 = CARTESIAN_POINT ( 'NONE',  ( -51.62500000000000000, 10.80000000000000071, 0.000000000000000000 ) ) ;
#2907 = CARTESIAN_POINT ( 'NONE',  ( 53.44999999999999574, 7.500000000000007105, -35.45000000000003126 ) ) ;
#2908 = CARTESIAN_POINT ( 'NONE',  ( -24.25000000000040146, -24.25000000000006750, -8.000000000000000000 ) ) ;
#2909 = VECTOR ( 'NONE', #4205, 1000.000000000000114 ) ;
#2910 = VECTOR ( 'NONE', #6796, 1000.000000000000000 ) ;
#2911 = ORIENTED_EDGE ( 'NONE', *, *, #7078, .F. ) ;
#2912 = AXIS2_PLACEMENT_3D ( 'NONE', #841, #2730, #5245 ) ;
#2913 = EDGE_CURVE ( 'NONE', #4683, #2255, #6026, .T. ) ;
#2914 = ORIENTED_EDGE ( 'NONE', *, *, #666, .T. ) ;
#2915 = ORIENTED_EDGE ( 'NONE', *, *, #2041, .F. ) ;
#2916 = ORIENTED_EDGE ( 'NONE', *, *, #6809, .F. ) ;
#2917 = AXIS2_PLACEMENT_3D ( 'NONE', #4004, #2775, #6527 ) ;
#2918 = DIRECTION ( 'NONE',  ( 0.2386847610229713423, -0.8323926831162092865, -0.5001519828512179799 ) ) ;
#2919 = ADVANCED_FACE ( 'NONE', ( #5414 ), #7938, .F. ) ;
#2920 = CARTESIAN_POINT ( 'NONE',  ( -0.4124163967275038534, 7.271022431965715960, -25.43808196592020110 ) ) ;
#2921 = CARTESIAN_POINT ( 'NONE',  ( -8.374674870469098309, 10.53731005528970321, 33.62500000000000000 ) ) ;
#2922 = AXIS2_PLACEMENT_3D ( 'NONE', #6404, #5089, #2608 ) ;
#2923 = EDGE_LOOP ( 'NONE', ( #1036, #2303, #4273, #7416 ) ) ;
#2924 = ORIENTED_EDGE ( 'NONE', *, *, #7093, .F. ) ;
#2925 = PLANE ( 'NONE',  #2430 ) ;
#2926 = ORIENTED_EDGE ( 'NONE', *, *, #5970, .T. ) ;
#2927 = ORIENTED_EDGE ( 'NONE', *, *, #2680, .T. ) ;
#2928 = ORIENTED_EDGE ( 'NONE', *, *, #7604, .F. ) ;
#2929 = CARTESIAN_POINT ( 'NONE',  ( 54.96378475451788859, 7.500000000000000000, -36.96378475451828649 ) ) ;
#2930 = VECTOR ( 'NONE', #3636, 1000.000000000000114 ) ;
#2931 = DIRECTION ( 'NONE',  ( -1.000000000000000000, -0.000000000000000000, -0.000000000000000000 ) ) ;
#2932 = DIRECTION ( 'NONE',  ( 0.000000000000000000, 0.000000000000000000, -1.000000000000000000 ) ) ;
#2933 = VERTEX_POINT ( 'NONE', #1086 ) ;
#2934 = ORIENTED_EDGE ( 'NONE', *, *, #5654, .T. ) ;
#2935 = PLANE ( 'NONE',  #6947 ) ;
#2936 = CARTESIAN_POINT ( 'NONE',  ( -7.809433994472767537, 8.566080860090838911, 34.80943399447237852 ) ) ;
#2937 = CARTESIAN_POINT ( 'NONE',  ( -2.375000000000005773, 10.80000000000000071, 0.000000000000000000 ) ) ;
#2938 = PLANE ( 'NONE',  #7378 ) ;
#2939 = VERTEX_POINT ( 'NONE', #251 ) ;
#2940 = CARTESIAN_POINT ( 'NONE',  ( -53.44999999999999574, 10.80000000000000071, 35.44999999999961204 ) ) ;
#2941 = DIRECTION ( 'NONE',  ( 1.000000000000000000, 0.000000000000000000, -0.000000000000000000 ) ) ;
#2942 = EDGE_CURVE ( 'NONE', #1961, #909, #7186, .T. ) ;
#2943 = ADVANCED_FACE ( 'NONE', ( #6819 ), #2980, .T. ) ;
#2944 = CARTESIAN_POINT ( 'NONE',  ( 55.00000000000000000, 7.500000000000000000, -41.00000000000000000 ) ) ;
#2945 = PLANE ( 'NONE',  #1215 ) ;
#2946 = DIRECTION ( 'NONE',  ( -1.000000000000000000, 0.000000000000000000, 0.000000000000000000 ) ) ;
#2947 = ADVANCED_FACE ( 'NONE', ( #4989 ), #6191, .F. ) ;
#2948 = PLANE ( 'NONE',  #7782 ) ;
#2949 = DIRECTION ( 'NONE',  ( -0.000000000000000000, 0.000000000000000000, -1.000000000000000000 ) ) ;
#2950 = FACE_OUTER_BOUND ( 'NONE', #6300, .T. ) ;
#2951 = VECTOR ( 'NONE', #7250, 1000.000000000000114 ) ;
#2952 = CARTESIAN_POINT ( 'NONE',  ( 0.000000000000000000, 10.80000000000000071, 33.62500000000000000 ) ) ;
#2953 = VERTEX_POINT ( 'NONE', #3593 ) ;
#2954 = ORIENTED_EDGE ( 'NONE', *, *, #5683, .T. ) ;
#2955 = VECTOR ( 'NONE', #2147, 1000.000000000000114 ) ;
#2956 = ORIENTED_EDGE ( 'NONE', *, *, #7098, .T. ) ;
#2957 = ORIENTED_EDGE ( 'NONE', *, *, #6168, .T. ) ;
#2958 = CARTESIAN_POINT ( 'NONE',  ( 0.5499999999999949374, 10.80000000000000071, -27.55000000000038796 ) ) ;
#2959 = FACE_OUTER_BOUND ( 'NONE', #6231, .T. ) ;
#2960 = CARTESIAN_POINT ( 'NONE',  ( 0.000000000000000000, 7.500000000000000000, 7.503740226995549101 ) ) ;
#2961 = ORIENTED_EDGE ( 'NONE', *, *, #3121, .F. ) ;
#2962 = EDGE_CURVE ( 'NONE', #5046, #8077, #6894, .T. ) ;
#2963 = EDGE_LOOP ( 'NONE', ( #3127, #52, #2275, #686 ) ) ;
#2964 = LINE ( 'NONE', #4536, #7823 ) ;
#2965 = ORIENTED_EDGE ( 'NONE', *, *, #497, .T. ) ;
#2966 = ORIENTED_EDGE ( 'NONE', *, *, #2552, .F. ) ;
#2967 = ORIENTED_EDGE ( 'NONE', *, *, #79, .F. ) ;
#2968 = CARTESIAN_POINT ( 'NONE',  ( 0.000000000000000000, 7.500000000000000000, -1.496259773004444904 ) ) ;
#2969 = ADVANCED_FACE ( 'NONE', ( #2405 ), #5497, .F. ) ;
#2970 = EDGE_CURVE ( 'NONE', #4363, #4515, #3753, .T. ) ;
#2971 = CARTESIAN_POINT ( 'NONE',  ( -52.80943399447264142, 8.566080860090416138, -25.80943399447301800 ) ) ;
#2972 = EDGE_CURVE ( 'NONE', #3489, #752, #4294, .T. ) ;
#2973 = CARTESIAN_POINT ( 'NONE',  ( 51.62500000000000000, 10.80000000000000426, -33.62500000000000000 ) ) ;
#2974 = VECTOR ( 'NONE', #6166, 1000.000000000000000 ) ;
#2975 = ORIENTED_EDGE ( 'NONE', *, *, #5486, .F. ) ;
#2976 = ORIENTED_EDGE ( 'NONE', *, *, #2053, .T. ) ;
#2977 = FACE_OUTER_BOUND ( 'NONE', #762, .T. ) ;
#2978 = DIRECTION ( 'NONE',  ( -0.2756373558170042704, 0.9612616959383174509, 0.000000000000000000 ) ) ;
#2979 = LINE ( 'NONE', #8022, #7116 ) ;
#2980 = PLANE ( 'NONE',  #1181 ) ;
#2981 = ORIENTED_EDGE ( 'NONE', *, *, #1132, .F. ) ;
#2982 = DIRECTION ( 'NONE',  ( 0.5001519828512182020, 0.8323926831162096196, -0.2386847610229694550 ) ) ;
#2983 = CARTESIAN_POINT ( 'NONE',  ( -57.99999999999999289, 7.500000000000000000, 8.000000000000000000 ) ) ;
#2984 = CARTESIAN_POINT ( 'NONE',  ( 44.37467487046909298, 10.53731005528967302, 33.62500000000000000 ) ) ;
#2985 = CARTESIAN_POINT ( 'NONE',  ( -3.482387728013434741E-16, 8.566080860089968496, -34.80943399447290432 ) ) ;
#2986 = LINE ( 'NONE', #1011, #2059 ) ;
#2987 = LINE ( 'NONE', #4180, #4999 ) ;
#2988 = CARTESIAN_POINT ( 'NONE',  ( 51.62500000000000000, 10.80000000000000426, 17.44999999999961915 ) ) ;
#2989 = PLANE ( 'NONE',  #3338 ) ;
#2990 = CARTESIAN_POINT ( 'NONE',  ( 52.60939292339054418, 7.868454739437289902, -1.390607076609836623 ) ) ;
#2991 = ADVANCED_FACE ( 'NONE', ( #5534 ), #6113, .F. ) ;
#2992 = ORIENTED_EDGE ( 'NONE', *, *, #902, .F. ) ;
#2993 = EDGE_CURVE ( 'NONE', #1107, #3613, #2520, .T. ) ;
#2994 = ORIENTED_EDGE ( 'NONE', *, *, #1912, .T. ) ;
#2995 = ORIENTED_EDGE ( 'NONE', *, *, #5346, .F. ) ;
#2996 = ORIENTED_EDGE ( 'NONE', *, *, #71, .F. ) ;
#2997 = LINE ( 'NONE', #4934, #3167 ) ;
#2998 = LINE ( 'NONE', #2920, #4092 ) ;
#2999 = DIRECTION ( 'NONE',  ( -1.000000000000000000, 0.000000000000000000, 0.000000000000000000 ) ) ;
#3000 = EDGE_CURVE ( 'NONE', #2894, #3369, #586, .T. ) ;
#3001 = ORIENTED_EDGE ( 'NONE', *, *, #5747, .F. ) ;
#3002 = ORIENTED_EDGE ( 'NONE', *, *, #685, .F. ) ;
#3003 = AXIS2_PLACEMENT_3D ( 'NONE', #5364, #4253, #5457 ) ;
#3004 = ORIENTED_EDGE ( 'NONE', *, *, #4939, .F. ) ;
#3005 = ORIENTED_EDGE ( 'NONE', *, *, #8126, .F. ) ;
#3006 = EDGE_CURVE ( 'NONE', #5073, #1983, #4875, .T. ) ;
#3007 = ADVANCED_FACE ( 'NONE', ( #5033 ), #1167, .F. ) ;
#3008 = ORIENTED_EDGE ( 'NONE', *, *, #294, .F. ) ;
#3009 = LINE ( 'NONE', #1819, #7807 ) ;
#3010 = FACE_OUTER_BOUND ( 'NONE', #3612, .T. ) ;
#3011 = DIRECTION ( 'NONE',  ( 1.000000000000000000, 0.000000000000000000, 0.000000000000000000 ) ) ;
#3012 = VERTEX_POINT ( 'NONE', #619 ) ;
#3014 = EDGE_LOOP ( 'NONE', ( #2740, #5175, #7627, #3416 ) ) ;
#3013 = CARTESIAN_POINT ( 'NONE',  ( 1.190566005527357918, 8.566080860090394822, 0.000000000000000000 ) ) ;
#3015 = DIRECTION ( 'NONE',  ( 0.9612616959383180060, -0.2756373558170023830, 0.000000000000000000 ) ) ;
#3016 = VECTOR ( 'NONE', #3392, 1000.000000000000114 ) ;
#3017 = DIRECTION ( 'NONE',  ( -0.000000000000000000, -1.000000000000000000, -0.000000000000000000 ) ) ;
#3018 = ADVANCED_FACE ( 'NONE', ( #505 ), #3136, .F. ) ;
#3019 = CARTESIAN_POINT ( 'NONE',  ( 3.297109446132200805, 1.219690838746894768, -23.70289055386817267 ) ) ;
#3020 = ADVANCED_FACE ( 'NONE', ( #7402 ), #4256, .F. ) ;
#3021 = CARTESIAN_POINT ( 'NONE',  ( -51.62500000000000711, 7.500000000000000000, 7.503740226995549101 ) ) ;
#3022 = ORIENTED_EDGE ( 'NONE', *, *, #7508, .F. ) ;
#3023 = DIRECTION ( 'NONE',  ( -1.000000000000000000, 0.000000000000000000, 0.000000000000000000 ) ) ;
#3024 = EDGE_CURVE ( 'NONE', #7493, #165, #3101, .T. ) ;
#3025 = FACE_OUTER_BOUND ( 'NONE', #3653, .T. ) ;
#3026 = CARTESIAN_POINT ( 'NONE',  ( -15.26428640000787240, 22.25864506693675438, 26.58211138907232751 ) ) ;
#3027 = EDGE_CURVE ( 'NONE', #7192, #2344, #8138, .T. ) ;
#3028 = CARTESIAN_POINT ( 'NONE',  ( -61.00000000000000000, 10.49999999999999822, -8.000000000000000000 ) ) ;
#3029 = PLANE ( 'NONE',  #6882 ) ;
#3030 = CARTESIAN_POINT ( 'NONE',  ( 0.5500000000000088152, -11.50000000000000000, 35.45000000000000995 ) ) ;
#3031 = CARTESIAN_POINT ( 'NONE',  ( -25.50374022699593368, 7.500000000000000000, -33.62500000000000000 ) ) ;
#3032 = DIRECTION ( 'NONE',  ( -1.000000000000000000, 0.000000000000000000, -2.679109615408197094E-16 ) ) ;
#3033 = PLANE ( 'NONE',  #8167 ) ;
#3034 = CARTESIAN_POINT ( 'NONE',  ( -11.73571359999212405, 22.25864506693675438, 26.58211138907232751 ) ) ;
#3035 = ORIENTED_EDGE ( 'NONE', *, *, #7882, .T. ) ;
#3036 = VECTOR ( 'NONE', #1050, 1000.000000000000000 ) ;
#3037 = VECTOR ( 'NONE', #6204, 1000.000000000000000 ) ;
#3038 = ORIENTED_EDGE ( 'NONE', *, *, #1666, .F. ) ;
#3039 = ORIENTED_EDGE ( 'NONE', *, *, #2522, .T. ) ;
#3040 = VERTEX_POINT ( 'NONE', #7555 ) ;
#3041 = CARTESIAN_POINT ( 'NONE',  ( -17.44999999999999929, 10.80000000000000071, 35.44999999999961204 ) ) ;
#3042 = LINE ( 'NONE', #7333, #6212 ) ;
#3043 = CARTESIAN_POINT ( 'NONE',  ( 0.000000000000000000, 7.500000000000000000, -16.50374022699631382 ) ) ;
#3044 = VECTOR ( 'NONE', #4787, 1000.000000000000000 ) ;
#3045 = VECTOR ( 'NONE', #1412, 1000.000000000000000 ) ;
#3046 = ORIENTED_EDGE ( 'NONE', *, *, #5216, .T. ) ;
#3047 = AXIS2_PLACEMENT_3D ( 'NONE', #1129, #5540, #432 ) ;
#3048 = ORIENTED_EDGE ( 'NONE', *, *, #808, .T. ) ;
#3049 = EDGE_LOOP ( 'NONE', ( #3471, #6665, #330, #4862 ) ) ;
#3050 = VECTOR ( 'NONE', #24, 1000.000000000000114 ) ;
#3051 = EDGE_LOOP ( 'NONE', ( #7535, #3737, #3478, #2105 ) ) ;
#3052 = FACE_OUTER_BOUND ( 'NONE', #4626, .T. ) ;
#3053 = DIRECTION ( 'NONE',  ( -0.7071067811865452413, -0.000000000000000000, 0.7071067811865497932 ) ) ;
#3054 = VECTOR ( 'NONE', #5466, 1000.000000000000000 ) ;
#3055 = LINE ( 'NONE', #5064, #5012 ) ;
#3056 = EDGE_CURVE ( 'NONE', #3519, #6576, #6424, .T. ) ;
#3058 = VERTEX_POINT ( 'NONE', #74 ) ;
#3057 = FACE_OUTER_BOUND ( 'NONE', #5344, .T. ) ;
#3059 = CARTESIAN_POINT ( 'NONE',  ( 8.374674870469098309, 10.53731005528969433, -33.62500000000000000 ) ) ;
#3060 = CARTESIAN_POINT ( 'NONE',  ( -53.44999999999999574, 10.80000000000000071, 18.54999999999960991 ) ) ;
#3061 = CARTESIAN_POINT ( 'NONE',  ( -25.80943399447264142, 8.566080860090409033, -34.80943399447265563 ) ) ;
#3062 = CARTESIAN_POINT ( 'NONE',  ( -53.44999999999999574, 10.80000000000000071, -35.45000000000039364 ) ) ;
#3063 = ORIENTED_EDGE ( 'NONE', *, *, #6180, .F. ) ;
#3064 = DIRECTION ( 'NONE',  ( 0.000000000000000000, 0.000000000000000000, -1.000000000000000000 ) ) ;
#3065 = CARTESIAN_POINT ( 'NONE',  ( -2.375000000000005773, 10.80000000000000071, 0.000000000000000000 ) ) ;
#3066 = EDGE_CURVE ( 'NONE', #974, #3954, #1438, .T. ) ;
#3067 = VECTOR ( 'NONE', #37, 1000.000000000000114 ) ;
#3068 = CARTESIAN_POINT ( 'NONE',  ( 54.96378475451788859, 7.500000000000000000, 36.49999999999959499 ) ) ;
#3069 = DIRECTION ( 'NONE',  ( -1.000000000000000000, 0.000000000000000000, -0.000000000000000000 ) ) ;
#3070 = CARTESIAN_POINT ( 'NONE',  ( -51.62500000000000000, 10.53731005528970854, 0.6253251295305098933 ) ) ;
#3071 = DIRECTION ( 'NONE',  ( -0.2657276780299913099, -0.9267025424900799946, 0.2657276780299913099 ) ) ;
#3072 = ADVANCED_FACE ( 'NONE', ( #5103 ), #778, .F. ) ;
#3073 = LINE ( 'NONE', #5586, #5412 ) ;
#3074 = CARTESIAN_POINT ( 'NONE',  ( -1.190566005527355919, 8.566080860090384164, 25.80943399447224706 ) ) ;
#3075 = LINE ( 'NONE', #1256, #2838 ) ;
#3076 = VERTEX_POINT ( 'NONE', #3242 ) ;
#3077 = EDGE_CURVE ( 'NONE', #2939, #4853, #5804, .T. ) ;
#3078 = EDGE_CURVE ( 'NONE', #1931, #302, #4485, .T. ) ;
#3079 = VECTOR ( 'NONE', #5238, 1000.000000000000000 ) ;
#3080 = VERTEX_POINT ( 'NONE', #3205 ) ;
#3081 = ORIENTED_EDGE ( 'NONE', *, *, #2082, .T. ) ;
#3082 = ORIENTED_EDGE ( 'NONE', *, *, #6380, .T. ) ;
#3083 = CARTESIAN_POINT ( 'NONE',  ( -1.190566005527353033, 8.566080860090385940, -7.809433994473030438 ) ) ;
#3084 = PLANE ( 'NONE',  #3297 ) ;
#3085 = VECTOR ( 'NONE', #4860, 1000.000000000000000 ) ;
#3086 = DIRECTION ( 'NONE',  ( 0.5001519828512179799, 0.8323926831162092865, -0.2386847610229711203 ) ) ;
#3087 = EDGE_LOOP ( 'NONE', ( #4641, #2040, #4904, #4415 ) ) ;
#3088 = VECTOR ( 'NONE', #4369, 1000.000000000000000 ) ;
#3089 = ORIENTED_EDGE ( 'NONE', *, *, #2972, .F. ) ;
#3090 = EDGE_LOOP ( 'NONE', ( #2222, #2956, #3236, #3402 ) ) ;
#3091 = ORIENTED_EDGE ( 'NONE', *, *, #7198, .T. ) ;
#3092 = ADVANCED_FACE ( 'NONE', ( #160 ), #5720, .F. ) ;
#3093 = DIRECTION ( 'NONE',  ( 0.000000000000000000, 0.000000000000000000, 1.000000000000000000 ) ) ;
#3094 = EDGE_CURVE ( 'NONE', #2343, #2933, #3949, .T. ) ;
#3095 = DIRECTION ( 'NONE',  ( 0.000000000000000000, -0.8571673007021120005, 0.5150380749100545996 ) ) ;
#3096 = EDGE_CURVE ( 'NONE', #6915, #4213, #3864, .T. ) ;
#3098 = ORIENTED_EDGE ( 'NONE', *, *, #5118, .T. ) ;
#3097 = CARTESIAN_POINT ( 'NONE',  ( 51.62500000000000000, 7.500000000000000000, -19.49625977300445356 ) ) ;
#3099 = LINE ( 'NONE', #8097, #3244 ) ;
#3100 = CARTESIAN_POINT ( 'NONE',  ( -54.49999999999997868, 10.80000000000000426, 36.49999999999959499 ) ) ;
#3101 = LINE ( 'NONE', #1828, #4247 ) ;
#3102 = DIRECTION ( 'NONE',  ( -0.2386847610229713423, 0.8323926831162092865, 0.5001519828512179799 ) ) ;
#3103 = VECTOR ( 'NONE', #5664, 1000.000000000000000 ) ;
#3104 = LINE ( 'NONE', #7443, #3166 ) ;
#3105 = CARTESIAN_POINT ( 'NONE',  ( 0.5499999999999949374, 10.80000000000000071, -0.5500000000003835154 ) ) ;
#3106 = LINE ( 'NONE', #1326, #7867 ) ;
#3107 = DIRECTION ( 'NONE',  ( 0.2657276780299913099, 0.9267025424900799946, 0.2657276780299913099 ) ) ;
#3108 = CARTESIAN_POINT ( 'NONE',  ( -36.54999999999999005, 10.80000000000000426, -33.62500000000000000 ) ) ;
#3109 = VECTOR ( 'NONE', #4172, 1000.000000000000000 ) ;
#3110 = CARTESIAN_POINT ( 'NONE',  ( -2.661608656291230002, 3.435945472310507842, 15.33839134370837876 ) ) ;
#3111 = CARTESIAN_POINT ( 'NONE',  ( 45.54999999999999005, 10.80000000000000071, 35.44999999999961204 ) ) ;
#3112 = ORIENTED_EDGE ( 'NONE', *, *, #7635, .T. ) ;
#3113 = LINE ( 'NONE', #7641, #4124 ) ;
#3114 = ORIENTED_EDGE ( 'NONE', *, *, #4231, .F. ) ;
#3115 = ORIENTED_EDGE ( 'NONE', *, *, #4299, .F. ) ;
#3116 = ORIENTED_EDGE ( 'NONE', *, *, #3815, .F. ) ;
#3117 = DIRECTION ( 'NONE',  ( -0.000000000000000000, -0.2756373558170042704, -0.9612616959383174509 ) ) ;
#3118 = CARTESIAN_POINT ( 'NONE',  ( 54.51589529291317149, 14.51721864012731977, 26.48410470708643416 ) ) ;
#3119 = EDGE_CURVE ( 'NONE', #7302, #4408, #6963, .T. ) ;
#3120 = DIRECTION ( 'NONE',  ( 1.000000000000000000, 0.000000000000000000, 0.000000000000000000 ) ) ;
#3121 = EDGE_CURVE ( 'NONE', #4858, #16, #203, .T. ) ;
#3122 = ADVANCED_FACE ( 'NONE', ( #2553 ), #7712, .F. ) ;
#3123 = ORIENTED_EDGE ( 'NONE', *, *, #6384, .F. ) ;
#3124 = VECTOR ( 'NONE', #4544, 1000.000000000000000 ) ;
#3125 = ORIENTED_EDGE ( 'NONE', *, *, #2422, .F. ) ;
#3127 = ORIENTED_EDGE ( 'NONE', *, *, #733, .T. ) ;
#3126 = PRODUCT_RELATED_PRODUCT_CATEGORY ( 'part', '', ( #5701 ) ) ;
#3128 = EDGE_CURVE ( 'NONE', #5182, #2723, #1318, .T. ) ;
#3129 = VECTOR ( 'NONE', #6310, 1000.000000000000000 ) ;
#3130 = VERTEX_POINT ( 'NONE', #3827 ) ;
#3131 = DIRECTION ( 'NONE',  ( -0.8571673007021120005, 0.5150380749100545996, 0.000000000000000000 ) ) ;
#3132 = CARTESIAN_POINT ( 'NONE',  ( 44.45000000000000284, 10.80000000000000426, 33.62500000000000000 ) ) ;
#3134 = VERTEX_POINT ( 'NONE', #7589 ) ;
#3133 = FACE_OUTER_BOUND ( 'NONE', #4811, .T. ) ;
#3135 = DIRECTION ( 'NONE',  ( -1.000000000000000000, -3.018354541273066194E-16, 8.654992372942126676E-17 ) ) ;
#3136 = PLANE ( 'NONE',  #570 ) ;
#3137 = CARTESIAN_POINT ( 'NONE',  ( 2.375000000000005773, 10.80000000000000426, -17.45000000000039009 ) ) ;
#3138 = LINE ( 'NONE', #4992, #793 ) ;
#3139 = VECTOR ( 'NONE', #3685, 1000.000000000000000 ) ;
#3140 = ORIENTED_EDGE ( 'NONE', *, *, #5541, .F. ) ;
#3141 = DIRECTION ( 'NONE',  ( 1.000000000000000000, 0.000000000000000000, 0.000000000000000000 ) ) ;
#3142 = LINE ( 'NONE', #6824, #1397 ) ;
#3143 = VECTOR ( 'NONE', #3329, 1000.000000000000000 ) ;
#3144 = PLANE ( 'NONE',  #3412 ) ;
#3145 = CARTESIAN_POINT ( 'NONE',  ( -17.44999999999999929, 10.80000000000000071, -35.45000000000039364 ) ) ;
#3146 = CARTESIAN_POINT ( 'NONE',  ( 1.496259773004056326, 7.500000000000000000, 0.000000000000000000 ) ) ;
#3147 = ORIENTED_EDGE ( 'NONE', *, *, #609, .T. ) ;
#3148 = LINE ( 'NONE', #8074, #3103 ) ;
#3149 = ORIENTED_EDGE ( 'NONE', *, *, #1031, .T. ) ;
#3150 = LINE ( 'NONE', #3802, #5833 ) ;
#3151 = VECTOR ( 'NONE', #2194, 1000.000000000000114 ) ;
#3152 = EDGE_LOOP ( 'NONE', ( #638, #13, #3743, #4388, #608, #3147, #5136, #5950 ) ) ;
#3153 = ORIENTED_EDGE ( 'NONE', *, *, #4066, .F. ) ;
#3154 = CARTESIAN_POINT ( 'NONE',  ( -1.390607076609448267, 7.868454739437289902, -1.390607076609836623 ) ) ;
#3155 = CARTESIAN_POINT ( 'NONE',  ( 30.93261023597309034, -0.9965637948165171345, -32.06738976402728980 ) ) ;
#3156 = CARTESIAN_POINT ( 'NONE',  ( -2.375000000000005773, 10.80000000000000426, 17.44999999999961560 ) ) ;
#3157 = ORIENTED_EDGE ( 'NONE', *, *, #728, .F. ) ;
#3158 = ADVANCED_FACE ( 'NONE', ( #6382 ), #1353, .F. ) ;
#3159 = AXIS2_PLACEMENT_3D ( 'NONE', #7588, #3990, #72 ) ;
#3160 = VECTOR ( 'NONE', #4720, 1000.000000000000000 ) ;
#3161 = EDGE_CURVE ( 'NONE', #4024, #3985, #4608, .T. ) ;
#3162 = ORIENTED_EDGE ( 'NONE', *, *, #1054, .T. ) ;
#3163 = EDGE_LOOP ( 'NONE', ( #1829, #3269, #1373, #7296 ) ) ;
#3164 = VECTOR ( 'NONE', #5162, 1000.000000000000000 ) ;
#3165 = EDGE_LOOP ( 'NONE', ( #724, #1357, #3837, #5131 ) ) ;
#3166 = VECTOR ( 'NONE', #6933, 1000.000000000000000 ) ;
#3167 = VECTOR ( 'NONE', #3524, 999.9999999999998863 ) ;
#3168 = CARTESIAN_POINT ( 'NONE',  ( -1.190566005527356142, 8.566080860090391269, 0.000000000000000000 ) ) ;
#3169 = CARTESIAN_POINT ( 'NONE',  ( -52.80943399447263431, 8.566080860090417914, -10.19056600552774583 ) ) ;
#3170 = VECTOR ( 'NONE', #4091, 1000.000000000000114 ) ;
#3171 = PLANE ( 'NONE',  #6399 ) ;
#3172 = CARTESIAN_POINT ( 'NONE',  ( 51.62500000000000000, 7.500000000000000000, -10.49625977300446067 ) ) ;
#3173 = LINE ( 'NONE', #589, #4329 ) ;
#3174 = CARTESIAN_POINT ( 'NONE',  ( -16.80943399447252418, 8.566080860089980931, -34.80943399447290432 ) ) ;
#3175 = EDGE_LOOP ( 'NONE', ( #234, #2183, #283, #5061 ) ) ;
#3176 = DIRECTION ( 'NONE',  ( 0.000000000000000000, 0.9612616959383174509, -0.2756373558170042704 ) ) ;
#3177 = PLANE ( 'NONE',  #7472 ) ;
#3178 = FACE_OUTER_BOUND ( 'NONE', #1802, .T. ) ;
#3179 = DIRECTION ( 'NONE',  ( -1.000000000000000000, 0.000000000000000000, 0.000000000000000000 ) ) ;
#3180 = DIRECTION ( 'NONE',  ( 0.000000000000000000, -0.9612616959383174509, -0.2756373558170042704 ) ) ;
#3181 = ORIENTED_EDGE ( 'NONE', *, *, #7078, .T. ) ;
#3182 = CARTESIAN_POINT ( 'NONE',  ( -40.07937528197223287, 29.75245638442227047, -31.88452941702864152 ) ) ;
#3183 = VERTEX_POINT ( 'NONE', #700 ) ;
#3184 = AXIS2_PLACEMENT_3D ( 'NONE', #1741, #4946, #7611 ) ;
#3185 = LINE ( 'NONE', #635, #8096 ) ;
#3186 = ADVANCED_FACE ( 'NONE', ( #1281 ), #111, .F. ) ;
#3187 = EDGE_CURVE ( 'NONE', #2466, #7106, #3903, .T. ) ;
#3188 = ADVANCED_FACE ( 'NONE', ( #4651 ), #4159, .F. ) ;
#3189 = ORIENTED_EDGE ( 'NONE', *, *, #877, .F. ) ;
#3190 = ORIENTED_EDGE ( 'NONE', *, *, #6265, .T. ) ;
#3191 = LINE ( 'NONE', #23, #7525 ) ;
#3192 = DIRECTION ( 'NONE',  ( 0.000000000000000000, 0.000000000000000000, 1.000000000000000000 ) ) ;
#3193 = LINE ( 'NONE', #1891, #374 ) ;
#3194 = CARTESIAN_POINT ( 'NONE',  ( 17.45000000000000639, 10.80000000000000426, -33.62500000000000000 ) ) ;
#3195 = EDGE_LOOP ( 'NONE', ( #7379, #7371, #3745, #5002, #6718, #117, #5308, #5528, #7538, #6557, #4404, #27, #2239, #8149, #5939, #7420, #5712, #194, #2822, #1749, #1537, #1725, #1726, #7035, #2362, #7380, #4602, #6795, #6181, #2151, #4069, #4810, #3580, #2748, #8154, #1476, #4078, #1932, #5522, #7239, #3115, #5368, #1475, #5406, #4713, #3038, #3855, #5513, #4397, #6397, #4077, #7148, #6558, #7543, #3978, #5964, #8039, #1309, #5789, #649, #3218, #489, #1806, #1490, #7678, #2648, #5630, #3492, #1559, #5906, #5327, #4780, #3291, #7824, #5423, #3987, #8040, #1082, #4761, #2802, #8124, #5357, #921, #7998, #5487, #22, #7072, #2531, #5881, #4279, #3511, #6945, #4022, #1951, #1884, #3427, #7852, #1888, #6679, #4241 ) ) ;
#3196 = ORIENTED_EDGE ( 'NONE', *, *, #6168, .F. ) ;
#3197 = EDGE_LOOP ( 'NONE', ( #5591, #5653, #5173, #5498 ) ) ;
#3198 = ORIENTED_EDGE ( 'NONE', *, *, #6359, .F. ) ;
#3199 = VECTOR ( 'NONE', #6323, 1000.000000000000000 ) ;
#3200 = ORIENTED_EDGE ( 'NONE', *, *, #666, .F. ) ;
#3201 = DIRECTION ( 'NONE',  ( 1.000000000000000000, 0.000000000000000000, 0.000000000000000000 ) ) ;
#3202 = PLANE ( 'NONE',  #1835 ) ;
#3203 = CARTESIAN_POINT ( 'NONE',  ( -0.5499999999999949374, 10.80000000000000071, 26.44999999999961204 ) ) ;
#3204 = ADVANCED_FACE ( 'NONE', ( #2186 ), #7798, .F. ) ;
#3205 = CARTESIAN_POINT ( 'NONE',  ( 28.19056600552735503, 8.566080860090391269, -34.80943399447269826 ) ) ;
#3206 = EDGE_CURVE ( 'NONE', #1655, #986, #7970, .T. ) ;
#3207 = ADVANCED_FACE ( 'NONE', ( #2799 ), #1033, .F. ) ;
#3208 = DIRECTION ( 'NONE',  ( 1.000000000000000000, -0.000000000000000000, -0.000000000000000000 ) ) ;
#3209 = DIRECTION ( 'NONE',  ( 1.000000000000000000, 4.458787163891844428E-16, 0.000000000000000000 ) ) ;
#3210 = ORIENTED_EDGE ( 'NONE', *, *, #6253, .F. ) ;
#3211 = CARTESIAN_POINT ( 'NONE',  ( 45.54999999999999005, 10.80000000000000071, 35.44999999999961204 ) ) ;
#3212 = FACE_OUTER_BOUND ( 'NONE', #4143, .T. ) ;
#3213 = FACE_OUTER_BOUND ( 'NONE', #1101, .T. ) ;
#3214 = CARTESIAN_POINT ( 'NONE',  ( 0.4124163967275036868, 7.271022431965715960, 16.43808196591944082 ) ) ;
#3215 = DIRECTION ( 'NONE',  ( -0.7071067811865426878, 0.7071067811865524577, -0.000000000000000000 ) ) ;
#3216 = VERTEX_POINT ( 'NONE', #1525 ) ;
#3217 = CARTESIAN_POINT ( 'NONE',  ( 60.02027957955104398, 7.500000000000000000, 31.94921176768562177 ) ) ;
#3218 = ORIENTED_EDGE ( 'NONE', *, *, #7621, .F. ) ;
#3219 = VECTOR ( 'NONE', #4640, 1000.000000000000000 ) ;
#3220 = DIRECTION ( 'NONE',  ( 0.7071067811865497932, 0.000000000000000000, -0.7071067811865452413 ) ) ;
#3221 = VECTOR ( 'NONE', #4890, 1000.000000000000114 ) ;
#3222 = ORIENTED_EDGE ( 'NONE', *, *, #5060, .T. ) ;
#3223 = ORIENTED_EDGE ( 'NONE', *, *, #1261, .T. ) ;
#3224 = CARTESIAN_POINT ( 'NONE',  ( 0.000000000000000000, 7.500000000000000000, -34.50374022699632093 ) ) ;
#3225 = CARTESIAN_POINT ( 'NONE',  ( 61.43449314192414334, 10.49999999999999822, 33.36342533005872468 ) ) ;
#3226 = CARTESIAN_POINT ( 'NONE',  ( 51.62500000000000000, 10.80000000000000426, -33.62500000000000000 ) ) ;
#3227 = DIRECTION ( 'NONE',  ( 0.2657276780299913099, -0.9267025424900799946, 0.2657276780299913099 ) ) ;
#3228 = CARTESIAN_POINT ( 'NONE',  ( -53.44999999999999574, -11.50000000000000000, -35.45000000000003126 ) ) ;
#3229 = EDGE_CURVE ( 'NONE', #5736, #1468, #1657, .T. ) ;
#3230 = ORIENTED_EDGE ( 'NONE', *, *, #5257, .F. ) ;
#3231 = VERTEX_POINT ( 'NONE', #418 ) ;
#3232 = ORIENTED_EDGE ( 'NONE', *, *, #7550, .F. ) ;
#3233 = PLANE ( 'NONE',  #1551 ) ;
#3234 = VECTOR ( 'NONE', #4342, 1000.000000000000000 ) ;
#3235 = ORIENTED_EDGE ( 'NONE', *, *, #2039, .T. ) ;
#3236 = ORIENTED_EDGE ( 'NONE', *, *, #7508, .T. ) ;
#3237 = LINE ( 'NONE', #5754, #7964 ) ;
#3238 = DIRECTION ( 'NONE',  ( 0.000000000000000000, -1.000000000000000000, 0.000000000000000000 ) ) ;
#3239 = EDGE_CURVE ( 'NONE', #2823, #1966, #324, .T. ) ;
#3241 = EDGE_CURVE ( 'NONE', #6920, #1383, #4072, .T. ) ;
#3240 = LINE ( 'NONE', #2096, #1059 ) ;
#3242 = CARTESIAN_POINT ( 'NONE',  ( 53.44999999999999574, 10.80000000000000071, -27.55000000000038796 ) ) ;
#3243 = DIRECTION ( 'NONE',  ( -0.9612616959383180060, -0.2756373558170023830, 0.000000000000000000 ) ) ;
#3244 = VECTOR ( 'NONE', #2440, 1000.000000000000000 ) ;
#3245 = CARTESIAN_POINT ( 'NONE',  ( 1.190566005527361249, 8.566080860090398374, 0.000000000000000000 ) ) ;
#3246 = ORIENTED_EDGE ( 'NONE', *, *, #844, .F. ) ;
#3247 = VERTEX_POINT ( 'NONE', #5973 ) ;
#3248 = EDGE_CURVE ( 'NONE', #1844, #3652, #6554, .T. ) ;
#3249 = DIRECTION ( 'NONE',  ( -0.5001519828512182020, 0.8323926831162096196, 0.2386847610229696770 ) ) ;
#3250 = CARTESIAN_POINT ( 'NONE',  ( -57.99999999999999289, 7.500000000000000000, -8.000000000000000000 ) ) ;
#3251 = DIRECTION ( 'NONE',  ( 0.000000000000000000, -0.000000000000000000, 1.000000000000000000 ) ) ;
#3252 = EDGE_CURVE ( 'NONE', #43, #5700, #906, .T. ) ;
#3253 = FACE_OUTER_BOUND ( 'NONE', #7103, .T. ) ;
#3254 = ORIENTED_EDGE ( 'NONE', *, *, #6009, .T. ) ;
#3255 = DIRECTION ( 'NONE',  ( 1.000000000000000000, 0.000000000000000000, 0.000000000000000000 ) ) ;
#3256 = ORIENTED_EDGE ( 'NONE', *, *, #6189, .F. ) ;
#3257 = VECTOR ( 'NONE', #1013, 1000.000000000000000 ) ;
#3258 = CARTESIAN_POINT ( 'NONE',  ( 29.37500000000000000, 10.53731005528972631, -33.62500000000000000 ) ) ;
#3259 = VECTOR ( 'NONE', #118, 1000.000000000000114 ) ;
#3260 = LINE ( 'NONE', #2687, #1739 ) ;
#3261 = ORIENTED_EDGE ( 'NONE', *, *, #1872, .F. ) ;
#3262 = DIRECTION ( 'NONE',  ( 0.000000000000000000, 0.000000000000000000, -1.000000000000000000 ) ) ;
#3263 = DIRECTION ( 'NONE',  ( 0.5001519828512182020, -0.8323926831162096196, -0.2386847610229694550 ) ) ;
#3264 = DIRECTION ( 'NONE',  ( -0.2657276780299913099, 0.9267025424900799946, 0.2657276780299913099 ) ) ;
#3265 = ADVANCED_FACE ( 'NONE', ( #6596 ), #7137, .F. ) ;
#3266 = CARTESIAN_POINT ( 'NONE',  ( 39.93261023597310100, -0.9965637948165171345, -32.06738976402728980 ) ) ;
#3267 = DIRECTION ( 'NONE',  ( 0.000000000000000000, 0.000000000000000000, -1.000000000000000000 ) ) ;
#3268 = CARTESIAN_POINT ( 'NONE',  ( 18.54999999999999716, 10.80000000000000071, -33.62500000000000000 ) ) ;
#3269 = ORIENTED_EDGE ( 'NONE', *, *, #5873, .F. ) ;
#3270 = AXIS2_PLACEMENT_3D ( 'NONE', #212, #3836, #1494 ) ;
#3271 = VERTEX_POINT ( 'NONE', #2929 ) ;
#3272 = ORIENTED_EDGE ( 'NONE', *, *, #4967, .T. ) ;
#3273 = CARTESIAN_POINT ( 'NONE',  ( -29.37500000000000000, 10.80000000000000426, -33.62500000000000000 ) ) ;
#3274 = CARTESIAN_POINT ( 'NONE',  ( -37.49625977300406277, 7.500000000000000000, 33.62500000000000000 ) ) ;
#3275 = CARTESIAN_POINT ( 'NONE',  ( -36.54999999999999005, 10.80000000000000071, 35.44999999999961204 ) ) ;
#3276 = ORIENTED_EDGE ( 'NONE', *, *, #2081, .F. ) ;
#3277 = AXIS2_PLACEMENT_3D ( 'NONE', #2427, #1809, #4316 ) ;
#3278 = ORIENTED_EDGE ( 'NONE', *, *, #4807, .T. ) ;
#3279 = CARTESIAN_POINT ( 'NONE',  ( 42.26428640000786174, 22.25864506693676859, -26.58211138907234172 ) ) ;
#3280 = CARTESIAN_POINT ( 'NONE',  ( -42.26428640000786885, 22.25864506693674727, 26.58211138907232041 ) ) ;
#3281 = DIRECTION ( 'NONE',  ( 1.000000000000000000, 0.000000000000000000, -0.000000000000000000 ) ) ;
#3282 = EDGE_CURVE ( 'NONE', #7845, #5700, #3374, .T. ) ;
#3283 = DIRECTION ( 'NONE',  ( 1.000000000000000000, 0.000000000000000000, 0.000000000000000000 ) ) ;
#3284 = VECTOR ( 'NONE', #6124, 1000.000000000000000 ) ;
#3285 = VECTOR ( 'NONE', #5360, 1000.000000000000000 ) ;
#3286 = DIRECTION ( 'NONE',  ( -0.000000000000000000, 0.9612616959383174509, 0.2756373558170039373 ) ) ;
#3287 = VECTOR ( 'NONE', #893, 1000.000000000000000 ) ;
#3288 = CARTESIAN_POINT ( 'NONE',  ( -8.374674870469096533, 10.53731005528968723, -33.62500000000000000 ) ) ;
#3289 = ADVANCED_FACE ( 'NONE', ( #4733 ), #3410, .F. ) ;
#3290 = DIRECTION ( 'NONE',  ( -1.000000000000000000, -0.000000000000000000, -0.000000000000000000 ) ) ;
#3291 = ORIENTED_EDGE ( 'NONE', *, *, #951, .F. ) ;
#3292 = VECTOR ( 'NONE', #6969, 1000.000000000000000 ) ;
#3293 = VERTEX_POINT ( 'NONE', #5890 ) ;
#3294 = CARTESIAN_POINT ( 'NONE',  ( -1.190566005527356142, 8.566080860090391269, 0.000000000000000000 ) ) ;
#3295 = LINE ( 'NONE', #119, #7676 ) ;
#3296 = LINE ( 'NONE', #1449, #1724 ) ;
#3297 = AXIS2_PLACEMENT_3D ( 'NONE', #486, #7957, #5597 ) ;
#3298 = LINE ( 'NONE', #1947, #5394 ) ;
#3299 = VECTOR ( 'NONE', #4706, 1000.000000000000000 ) ;
#3300 = ORIENTED_EDGE ( 'NONE', *, *, #3735, .T. ) ;
#3301 = DIRECTION ( 'NONE',  ( 1.000000000000000000, 0.000000000000000000, 0.000000000000000000 ) ) ;
#3302 = EDGE_CURVE ( 'NONE', #68, #3613, #2276, .T. ) ;
#3303 = ORIENTED_EDGE ( 'NONE', *, *, #4566, .T. ) ;
#3304 = DIRECTION ( 'NONE',  ( -0.2657276780299894225, 0.9267025424900811048, 0.2657276780299894225 ) ) ;
#3305 = VECTOR ( 'NONE', #2856, 1000.000000000000000 ) ;
#3306 = EDGE_CURVE ( 'NONE', #5073, #317, #5358, .T. ) ;
#3307 = LINE ( 'NONE', #4625, #3164 ) ;
#3308 = ORIENTED_EDGE ( 'NONE', *, *, #5055, .T. ) ;
#3309 = DIRECTION ( 'NONE',  ( -0.000000000000000000, -0.000000000000000000, 1.000000000000000000 ) ) ;
#3310 = CARTESIAN_POINT ( 'NONE',  ( 25.80943399447263786, 8.566080860090417914, -34.80943399447266273 ) ) ;
#3311 = DIRECTION ( 'NONE',  ( 0.7071067811865474617, 0.000000000000000000, 0.7071067811865474617 ) ) ;
#3312 = DIRECTION ( 'NONE',  ( 0.7071067811865452413, 0.000000000000000000, -0.7071067811865497932 ) ) ;
#3313 = LINE ( 'NONE', #3393, #7328 ) ;
#3314 = EDGE_CURVE ( 'NONE', #6414, #94, #989, .T. ) ;
#3315 = VECTOR ( 'NONE', #5963, 1000.000000000000114 ) ;
#3316 = CARTESIAN_POINT ( 'NONE',  ( -0.5499999999999949374, 10.80000000000000071, -35.45000000000039364 ) ) ;
#3317 = EDGE_CURVE ( 'NONE', #4661, #8054, #6016, .T. ) ;
#3318 = ORIENTED_EDGE ( 'NONE', *, *, #3591, .F. ) ;
#3319 = ADVANCED_FACE ( 'NONE', ( #6512 ), #99, .F. ) ;
#3320 = ORIENTED_EDGE ( 'NONE', *, *, #5060, .F. ) ;
#3321 = ORIENTED_EDGE ( 'NONE', *, *, #2270, .T. ) ;
#3322 = DIRECTION ( 'NONE',  ( -0.9612616959383174509, -0.2756373558170042704, 0.000000000000000000 ) ) ;
#3323 = CARTESIAN_POINT ( 'NONE',  ( -51.62500000000000000, 10.80000000000000426, -33.62500000000000000 ) ) ;
#3324 = LINE ( 'NONE', #2827, #2832 ) ;
#3325 = ORIENTED_EDGE ( 'NONE', *, *, #1180, .T. ) ;
#3326 = EDGE_LOOP ( 'NONE', ( #5444, #3623, #2525, #6452 ) ) ;
#3327 = VERTEX_POINT ( 'NONE', #6225 ) ;
#3328 = CARTESIAN_POINT ( 'NONE',  ( 0.000000000000000000, 7.500000000000000000, -34.50374022699632093 ) ) ;
#3329 = DIRECTION ( 'NONE',  ( -0.000000000000000000, -0.000000000000000000, 1.000000000000000000 ) ) ;
#3330 = VECTOR ( 'NONE', #2806, 1000.000000000000000 ) ;
#3331 = LINE ( 'NONE', #2056, #4600 ) ;
#3332 = VECTOR ( 'NONE', #4603, 1000.000000000000000 ) ;
#3333 = DIRECTION ( 'NONE',  ( -1.000000000000000000, 0.000000000000000000, 0.000000000000000000 ) ) ;
#3334 = EDGE_CURVE ( 'NONE', #7156, #7117, #2358, .T. ) ;
#3335 = ADVANCED_FACE ( 'NONE', ( #4201 ), #535, .F. ) ;
#3336 = DIRECTION ( 'NONE',  ( 0.2657276780299913099, -0.9267025424900799946, 0.2657276780299913099 ) ) ;
#3337 = DIRECTION ( 'NONE',  ( -0.2657276780299913099, 0.9267025424900799946, 0.2657276780299913099 ) ) ;
#3338 = AXIS2_PLACEMENT_3D ( 'NONE', #4052, #5507, #2820 ) ;
#3339 = ORIENTED_EDGE ( 'NONE', *, *, #5613, .F. ) ;
#3340 = ORIENTED_EDGE ( 'NONE', *, *, #7836, .T. ) ;
#3341 = DIRECTION ( 'NONE',  ( 0.000000000000000000, 0.000000000000000000, -1.000000000000000000 ) ) ;
#3342 = DIRECTION ( 'NONE',  ( 0.000000000000000000, -0.2756373558170042704, 0.9612616959383174509 ) ) ;
#3343 = CARTESIAN_POINT ( 'NONE',  ( -60.00000000000000000, 8.099999999999999645, 8.000000000000000000 ) ) ;
#3344 = ADVANCED_FACE ( 'NONE', ( #4865 ), #5525, .F. ) ;
#3345 = DIRECTION ( 'NONE',  ( 1.000000000000000000, 0.000000000000000000, 0.000000000000000000 ) ) ;
#3346 = ORIENTED_EDGE ( 'NONE', *, *, #2133, .F. ) ;
#3347 = LINE ( 'NONE', #6437, #1380 ) ;
#3348 = CARTESIAN_POINT ( 'NONE',  ( 19.19056600552722713, 8.566080860090846016, 34.80943399447237852 ) ) ;
#3349 = DIRECTION ( 'NONE',  ( 0.2657276780299913099, -0.9267025424900799946, 0.2657276780299913099 ) ) ;
#3350 = ORIENTED_EDGE ( 'NONE', *, *, #1774, .T. ) ;
#3351 = LINE ( 'NONE', #4048, #556 ) ;
#3352 = DIRECTION ( 'NONE',  ( 0.5001519828512179799, 0.8323926831162092865, 0.2386847610229711203 ) ) ;
#3353 = DIRECTION ( 'NONE',  ( 1.000000000000000000, 0.000000000000000000, 0.000000000000000000 ) ) ;
#3354 = DIRECTION ( 'NONE',  ( 0.000000000000000000, -0.2756373558170042704, 0.9612616959383174509 ) ) ;
#3355 = DIRECTION ( 'NONE',  ( 0.2657276780299911434, 0.9267025424900801056, 0.2657276780299911434 ) ) ;
#3356 = CARTESIAN_POINT ( 'NONE',  ( -0.4124163967275038534, 7.271022431965715960, -19.56191803408055918 ) ) ;
#3357 = ORIENTED_EDGE ( 'NONE', *, *, #737, .T. ) ;
#3358 = AXIS2_PLACEMENT_3D ( 'NONE', #3606, #6039, #6789 ) ;
#3359 = ORIENTED_EDGE ( 'NONE', *, *, #8119, .F. ) ;
#3360 = EDGE_CURVE ( 'NONE', #2490, #1120, #8050, .T. ) ;
#3361 = VERTEX_POINT ( 'NONE', #1780 ) ;
#3362 = CARTESIAN_POINT ( 'NONE',  ( 2.375000000000005773, 10.80000000000000426, 33.62500000000000000 ) ) ;
#3363 = ADVANCED_FACE ( 'NONE', ( #3052 ), #6990, .F. ) ;
#3364 = CARTESIAN_POINT ( 'NONE',  ( 27.62532512953089636, 10.53731005528967302, 33.62500000000000000 ) ) ;
#3365 = EDGE_CURVE ( 'NONE', #3293, #4900, #3626, .T. ) ;
#3366 = DIRECTION ( 'NONE',  ( 0.000000000000000000, 0.000000000000000000, 1.000000000000000000 ) ) ;
#3367 = VECTOR ( 'NONE', #2736, 1000.000000000000114 ) ;
#3368 = VERTEX_POINT ( 'NONE', #2397 ) ;
#3369 = VERTEX_POINT ( 'NONE', #3194 ) ;
#3370 = DIRECTION ( 'NONE',  ( 0.2657276780299913099, -0.9267025424900799946, 0.2657276780299913099 ) ) ;
#3371 = EDGE_CURVE ( 'NONE', #1965, #870, #1155, .T. ) ;
#3372 = DIRECTION ( 'NONE',  ( -1.000000000000000000, 0.000000000000000000, 0.000000000000000000 ) ) ;
#3373 = DIRECTION ( 'NONE',  ( 0.000000000000000000, -0.9612616959383180060, -0.2756373558170021054 ) ) ;
#3374 = LINE ( 'NONE', #2757, #3449 ) ;
#3375 = DIRECTION ( 'NONE',  ( -1.000000000000000000, 0.000000000000000000, 0.000000000000000000 ) ) ;
#3376 = AXIS2_PLACEMENT_3D ( 'NONE', #5503, #8031, #4179 ) ;
#3377 = DIRECTION ( 'NONE',  ( 0.9612616959383174509, -0.2756373558170042704, 0.000000000000000000 ) ) ;
#3378 = EDGE_LOOP ( 'NONE', ( #6474, #6027, #3082, #4281 ) ) ;
#3379 = ORIENTED_EDGE ( 'NONE', *, *, #3229, .T. ) ;
#3380 = LINE ( 'NONE', #6431, #2724 ) ;
#3381 = DIRECTION ( 'NONE',  ( -1.000000000000000000, 0.000000000000000000, -0.000000000000000000 ) ) ;
#3382 = PLANE ( 'NONE',  #3690 ) ;
#3383 = CARTESIAN_POINT ( 'NONE',  ( 57.19185245480485946, 10.49999999999999822, -36.19185245480490920 ) ) ;
#3384 = ORIENTED_EDGE ( 'NONE', *, *, #6850, .T. ) ;
#3385 = VECTOR ( 'NONE', #2805, 1000.000000000000000 ) ;
#3386 = DIRECTION ( 'NONE',  ( -0.000000000000000000, -0.2756373558170042704, -0.9612616959383174509 ) ) ;
#3387 = CARTESIAN_POINT ( 'NONE',  ( 0.5499999999999949374, 10.80000000000000071, 26.44999999999961204 ) ) ;
#3388 = VERTEX_POINT ( 'NONE', #6368 ) ;
#3389 = FACE_OUTER_BOUND ( 'NONE', #2824, .T. ) ;
#3390 = CARTESIAN_POINT ( 'NONE',  ( 2.375000000000005773, 10.53731005528968545, 33.62500000000000000 ) ) ;
#3391 = CARTESIAN_POINT ( 'NONE',  ( -44.37467487046910719, 10.53731005528973341, -33.62500000000000000 ) ) ;
#3392 = DIRECTION ( 'NONE',  ( 0.2657276780299913099, 0.9267025424900799946, 0.2657276780299913099 ) ) ;
#3393 = CARTESIAN_POINT ( 'NONE',  ( 5.979967243906085805, 16.53698307386825661, 30.02003275609393640 ) ) ;
#3394 = CARTESIAN_POINT ( 'NONE',  ( -53.44999999999999574, 10.80000000000000071, -9.550000000000384404 ) ) ;
#3395 = EDGE_LOOP ( 'NONE', ( #819, #1641, #416, #1345 ) ) ;
#3396 = ORIENTED_EDGE ( 'NONE', *, *, #3282, .T. ) ;
#3397 = VECTOR ( 'NONE', #7690, 1000.000000000000000 ) ;
#3398 = ORIENTED_EDGE ( 'NONE', *, *, #161, .F. ) ;
#3399 = PLANE ( 'NONE',  #3950 ) ;
#3400 = LINE ( 'NONE', #5919, #3160 ) ;
#3401 = PLANE ( 'NONE',  #6798 ) ;
#3402 = ORIENTED_EDGE ( 'NONE', *, *, #6759, .T. ) ;
#3403 = ORIENTED_EDGE ( 'NONE', *, *, #8122, .T. ) ;
#3404 = ADVANCED_FACE ( 'NONE', ( #3848 ), #6103, .F. ) ;
#3405 = CARTESIAN_POINT ( 'NONE',  ( -51.62500000000000000, 10.80000000000000426, -0.5500000000003835154 ) ) ;
#3406 = DIRECTION ( 'NONE',  ( -0.000000000000000000, 1.000000000000000000, 0.000000000000000000 ) ) ;
#3407 = ORIENTED_EDGE ( 'NONE', *, *, #554, .F. ) ;
#3408 = ORIENTED_EDGE ( 'NONE', *, *, #1893, .T. ) ;
#3409 = EDGE_CURVE ( 'NONE', #7939, #2723, #3009, .T. ) ;
#3410 = PLANE ( 'NONE',  #4498 ) ;
#3411 = LINE ( 'NONE', #4073, #2021 ) ;
#3412 = AXIS2_PLACEMENT_3D ( 'NONE', #5657, #3833, #707 ) ;
#3413 = CARTESIAN_POINT ( 'NONE',  ( -0.5500000000000088152, 82.98258077199005811, 35.45000000000000995 ) ) ;
#3414 = VECTOR ( 'NONE', #4128, 1000.000000000000227 ) ;
#3415 = ORIENTED_EDGE ( 'NONE', *, *, #6274, .T. ) ;
#3416 = ORIENTED_EDGE ( 'NONE', *, *, #5284, .T. ) ;
#3417 = DIRECTION ( 'NONE',  ( 0.000000000000000000, 0.000000000000000000, -1.000000000000000000 ) ) ;
#3418 = DIRECTION ( 'NONE',  ( 0.000000000000000000, 0.000000000000000000, 1.000000000000000000 ) ) ;
#3419 = DIRECTION ( 'NONE',  ( -0.000000000000000000, -1.000000000000000000, -0.000000000000000000 ) ) ;
#3420 = CARTESIAN_POINT ( 'NONE',  ( -36.54999999999999005, 10.80000000000000071, -27.55000000000038796 ) ) ;
#3421 = ORIENTED_EDGE ( 'NONE', *, *, #2431, .T. ) ;
#3422 = DIRECTION ( 'NONE',  ( -1.000000000000000000, 0.000000000000000000, 0.000000000000000000 ) ) ;
#3423 = EDGE_CURVE ( 'NONE', #6438, #1844, #8088, .T. ) ;
#3424 = VECTOR ( 'NONE', #3, 1000.000000000000114 ) ;
#3425 = DIRECTION ( 'NONE',  ( -0.000000000000000000, -0.2756373558170040483, -0.9612616959383175619 ) ) ;
#3426 = SURFACE_SIDE_STYLE ('',( #5864 ) ) ;
#3427 = ORIENTED_EDGE ( 'NONE', *, *, #2465, .F. ) ;
#3428 = CARTESIAN_POINT ( 'NONE',  ( -2.375000000000005773, 7.500000000000000000, 1.496259773003681737 ) ) ;
#3429 = DIRECTION ( 'NONE',  ( 0.000000000000000000, 0.000000000000000000, -1.000000000000000000 ) ) ;
#3430 = LINE ( 'NONE', #803, #5422 ) ;
#3431 = DIRECTION ( 'NONE',  ( 1.000000000000000000, 0.000000000000000000, 0.000000000000000000 ) ) ;
#3432 = DIRECTION ( 'NONE',  ( -0.2386847610229713423, -0.8323926831162092865, -0.5001519828512179799 ) ) ;
#3433 = FACE_OUTER_BOUND ( 'NONE', #3986, .T. ) ;
#3434 = ADVANCED_FACE ( 'NONE', ( #4469 ), #1196, .F. ) ;
#3435 = EDGE_CURVE ( 'NONE', #3527, #2894, #1115, .T. ) ;
#3436 = EDGE_LOOP ( 'NONE', ( #2030, #6502, #6488, #5455, #809, #311, #2394, #4071, #4392, #3830, #488, #3048, #4017, #7503, #6518, #6141, #1921, #6290, #4557, #769, #1330, #2869, #6793, #6362 ) ) ;
#3437 = EDGE_CURVE ( 'NONE', #5395, #3954, #7431, .T. ) ;
#3438 = ORIENTED_EDGE ( 'NONE', *, *, #4987, .T. ) ;
#3439 = VERTEX_POINT ( 'NONE', #6142 ) ;
#3440 = LINE ( 'NONE', #5348, #3287 ) ;
#3441 = DIRECTION ( 'NONE',  ( 0.000000000000000000, 1.000000000000000000, 0.000000000000000000 ) ) ;
#3442 = DIRECTION ( 'NONE',  ( -1.000000000000000000, 0.000000000000000000, 0.000000000000000000 ) ) ;
#3443 = VERTEX_POINT ( 'NONE', #460 ) ;
#3444 = ORIENTED_EDGE ( 'NONE', *, *, #5074, .T. ) ;
#3445 = EDGE_CURVE ( 'NONE', #7724, #7394, #7345, .T. ) ;
#3446 = ORIENTED_EDGE ( 'NONE', *, *, #3239, .F. ) ;
#3447 = CARTESIAN_POINT ( 'NONE',  ( 51.62500000000000000, 10.80000000000000426, -17.45000000000039009 ) ) ;
#3448 = CARTESIAN_POINT ( 'NONE',  ( -51.97389213354960447, 5.652200105873706804, -6.973892133549991712 ) ) ;
#3449 = VECTOR ( 'NONE', #6639, 1000.000000000000000 ) ;
#3450 = VERTEX_POINT ( 'NONE', #7390 ) ;
#3451 = ORIENTED_EDGE ( 'NONE', *, *, #1555, .F. ) ;
#3452 = EDGE_LOOP ( 'NONE', ( #5215, #430, #5744, #3566 ) ) ;
#3453 = DIRECTION ( 'NONE',  ( -1.000000000000000000, 0.000000000000000000, 0.000000000000000000 ) ) ;
#3454 = DIRECTION ( 'NONE',  ( -0.9612616959383175619, -0.2756373558170040483, 0.000000000000000000 ) ) ;
#3455 = LINE ( 'NONE', #1618, #6863 ) ;
#3456 = ORIENTED_EDGE ( 'NONE', *, *, #3027, .T. ) ;
#3457 = VERTEX_POINT ( 'NONE', #3268 ) ;
#3458 = EDGE_CURVE ( 'NONE', #6709, #2201, #7199, .T. ) ;
#3459 = LINE ( 'NONE', #1083, #2211 ) ;
#3460 = CARTESIAN_POINT ( 'NONE',  ( -17.44999999999999929, 10.80000000000000071, 35.44999999999961204 ) ) ;
#3461 = ADVANCED_FACE ( 'NONE', ( #4673 ), #141, .F. ) ;
#3462 = DIRECTION ( 'NONE',  ( -1.000000000000000000, 0.000000000000000000, 0.000000000000000000 ) ) ;
#3463 = ADVANCED_FACE ( 'NONE', ( #7651 ), #6495, .F. ) ;
#3464 = CARTESIAN_POINT ( 'NONE',  ( 29.73571359999212405, 22.25864506693674016, 26.58211138907233462 ) ) ;
#3465 = VERTEX_POINT ( 'NONE', #5169 ) ;
#3466 = DIRECTION ( 'NONE',  ( -0.000000000000000000, -0.2756373558170040483, -0.9612616959383175619 ) ) ;
#3467 = AXIS2_PLACEMENT_3D ( 'NONE', #7510, #6848, #3666 ) ;
#3468 = LINE ( 'NONE', #4749, #4088 ) ;
#3469 = EDGE_CURVE ( 'NONE', #2355, #2310, #4053, .T. ) ;
#3470 = CARTESIAN_POINT ( 'NONE',  ( -51.62500000000000000, 10.80000000000000071, 0.000000000000000000 ) ) ;
#3471 = ORIENTED_EDGE ( 'NONE', *, *, #7417, .F. ) ;
#3472 = LINE ( 'NONE', #5991, #5805 ) ;
#3473 = DIRECTION ( 'NONE',  ( 0.5001519828512182020, -0.8323926831162096196, -0.2386847610229696770 ) ) ;
#3474 = DIRECTION ( 'NONE',  ( -0.2657276780299913099, 0.9267025424900799946, 0.2657276780299913099 ) ) ;
#3475 = LINE ( 'NONE', #2860, #2085 ) ;
#3476 = LINE ( 'NONE', #3517, #5183 ) ;
#3477 = CARTESIAN_POINT ( 'NONE',  ( -51.62500000000000000, 10.53731005528969256, -33.62500000000000000 ) ) ;
#3478 = ORIENTED_EDGE ( 'NONE', *, *, #3861, .F. ) ;
#3479 = ORIENTED_EDGE ( 'NONE', *, *, #1132, .T. ) ;
#3480 = VERTEX_POINT ( 'NONE', #6407 ) ;
#3481 = ORIENTED_EDGE ( 'NONE', *, *, #5685, .T. ) ;
#3482 = LINE ( 'NONE', #6003, #2119 ) ;
#3483 = LINE ( 'NONE', #1515, #7537 ) ;
#3484 = LINE ( 'NONE', #6505, #4377 ) ;
#3485 = ORIENTED_EDGE ( 'NONE', *, *, #1392, .T. ) ;
#3486 = VECTOR ( 'NONE', #1419, 1000.000000000000114 ) ;
#3487 = ORIENTED_EDGE ( 'NONE', *, *, #4364, .T. ) ;
#3488 = CARTESIAN_POINT ( 'NONE',  ( -51.62500000000000000, 10.80000000000000426, -8.450000000000388312 ) ) ;
#3489 = VERTEX_POINT ( 'NONE', #2737 ) ;
#3490 = ORIENTED_EDGE ( 'NONE', *, *, #4007, .F. ) ;
#3491 = AXIS2_PLACEMENT_3D ( 'NONE', #6564, #5418, #4044 ) ;
#3492 = ORIENTED_EDGE ( 'NONE', *, *, #6087, .T. ) ;
#3493 = DIRECTION ( 'NONE',  ( -1.000000000000000000, -0.000000000000000000, -0.000000000000000000 ) ) ;
#3494 = CARTESIAN_POINT ( 'NONE',  ( 1.190566005527355919, 8.566080860090391269, 28.19056600552697134 ) ) ;
#3495 = ADVANCED_FACE ( 'NONE', ( #7692 ), #1378, .F. ) ;
#3496 = CARTESIAN_POINT ( 'NONE',  ( -51.62500000000000000, 10.53731005528969433, -26.37467487046947667 ) ) ;
#3497 = ADVANCED_FACE ( 'NONE', ( #5126 ), #6449, .T. ) ;
#3498 = EDGE_LOOP ( 'NONE', ( #746, #4716, #7032, #8025 ) ) ;
#3499 = EDGE_LOOP ( 'NONE', ( #7020, #2212, #5241, #3894, #4027, #712, #2495, #1075, #5670, #3359, #7637, #7242, #5692, #2981, #6991, #6916, #1738, #2062, #5044, #7249, #5823, #4337, #5704, #1778, #2877, #5292, #3980, #7301, #7017, #5388, #5977, #7029, #2544, #6002, #271, #3004, #3001, #947, #3868, #354, #7822, #1231, #5796, #7200, #6395, #2533, #2163, #6170, #3962, #7259, #2152, #749, #5293, #3779, #3843, #6138, #4136, #423, #3339, #5595, #50, #5246, #2220, #2688, #7203, #3210, #5280, #3719, #2787, #6022, #6942, #5483, #4903, #6326, #1341, #145, #4495, #7792, #7737, #102, #1029, #7057, #1410, #6428, #6501, #6765, #3747, #1904, #4186, #6335, #2961, #548, #3842, #1643, #2718, #5602, #5714, #4795, #1818, #5184 ) ) ;
#3500 = CARTESIAN_POINT ( 'NONE',  ( 19.49625977300406632, 7.500000000000000000, 0.000000000000000000 ) ) ;
#3501 = CARTESIAN_POINT ( 'NONE',  ( -16.50374022699593013, 7.500000000000000000, -33.62500000000000000 ) ) ;
#3502 = CARTESIAN_POINT ( 'NONE',  ( -27.54999999999999361, 10.80000000000000071, 35.44999999999961204 ) ) ;
#3503 = LINE ( 'NONE', #7892, #3151 ) ;
#3504 = VECTOR ( 'NONE', #1172, 1000.000000000000000 ) ;
#3505 = ORIENTED_EDGE ( 'NONE', *, *, #4443, .T. ) ;
#3506 = AXIS2_PLACEMENT_3D ( 'NONE', #5209, #387, #2946 ) ;
#3507 = CARTESIAN_POINT ( 'NONE',  ( 1.190566005527361249, 8.566080860090400151, -10.19056600552774938 ) ) ;
#3508 = CARTESIAN_POINT ( 'NONE',  ( -1.190566005527355919, 8.566080860090391269, 1.190566005526974669 ) ) ;
#3509 = ADVANCED_FACE ( 'NONE', ( #2038, #4548, #6537 ), #3928, .F. ) ;
#3510 = LINE ( 'NONE', #1675, #4359 ) ;
#3511 = ORIENTED_EDGE ( 'NONE', *, *, #7336, .F. ) ;
#3512 = DIRECTION ( 'NONE',  ( 0.2756373558170042704, -0.9612616959383174509, 0.000000000000000000 ) ) ;
#3513 = DIRECTION ( 'NONE',  ( -0.2386847610229713423, -0.8323926831162092865, -0.5001519828512179799 ) ) ;
#3514 = FACE_OUTER_BOUND ( 'NONE', #4986, .T. ) ;
#3515 = VECTOR ( 'NONE', #5764, 1000.000000000000000 ) ;
#3516 = LINE ( 'NONE', #8072, #7888 ) ;
#3517 = CARTESIAN_POINT ( 'NONE',  ( -53.44999999999999574, 82.98258077199005811, -35.45000000000003126 ) ) ;
#3518 = LINE ( 'NONE', #2952, #863 ) ;
#3519 = VERTEX_POINT ( 'NONE', #3316 ) ;
#3520 = ORIENTED_EDGE ( 'NONE', *, *, #1157, .T. ) ;
#3521 = EDGE_LOOP ( 'NONE', ( #6312, #3917, #932, #3046 ) ) ;
#3522 = EDGE_CURVE ( 'NONE', #7372, #6601, #7067, .T. ) ;
#3523 = ORIENTED_EDGE ( 'NONE', *, *, #162, .F. ) ;
#3524 = DIRECTION ( 'NONE',  ( -0.000000000000000000, 0.9612616959383180060, 0.2756373558170023830 ) ) ;
#3525 = LINE ( 'NONE', #447, #2241 ) ;
#3526 = PLANE ( 'NONE',  #723 ) ;
#3527 = VERTEX_POINT ( 'NONE', #6574 ) ;
#3528 = ORIENTED_EDGE ( 'NONE', *, *, #161, .T. ) ;
#3529 = CARTESIAN_POINT ( 'NONE',  ( -8.449999999999999289, 10.80000000000000071, 35.44999999999961204 ) ) ;
#3530 = VECTOR ( 'NONE', #1762, 1000.000000000000000 ) ;
#3531 = ORIENTED_EDGE ( 'NONE', *, *, #995, .T. ) ;
#3532 = EDGE_LOOP ( 'NONE', ( #6651, #6790, #6760, #2407 ) ) ;
#3533 = VECTOR ( 'NONE', #550, 1000.000000000000000 ) ;
#3534 = ORIENTED_EDGE ( 'NONE', *, *, #5785, .F. ) ;
#3535 = DIRECTION ( 'NONE',  ( 0.000000000000000000, 0.000000000000000000, -1.000000000000000000 ) ) ;
#3536 = EDGE_CURVE ( 'NONE', #5641, #3480, #184, .T. ) ;
#3537 = DIRECTION ( 'NONE',  ( 1.000000000000000000, 0.000000000000000000, 0.000000000000000000 ) ) ;
#3538 = AXIS2_PLACEMENT_3D ( 'NONE', #121, #171, #2682 ) ;
#3539 = DIRECTION ( 'NONE',  ( -0.000000000000000000, -0.2756373558170042704, -0.9612616959383174509 ) ) ;
#3540 = ORIENTED_EDGE ( 'NONE', *, *, #3905, .T. ) ;
#3541 = ORIENTED_EDGE ( 'NONE', *, *, #2098, .F. ) ;
#3542 = CARTESIAN_POINT ( 'NONE',  ( 1.190566005527361249, 8.566080860090398374, 0.000000000000000000 ) ) ;
#3543 = DIRECTION ( 'NONE',  ( 0.000000000000000000, 0.000000000000000000, 1.000000000000000000 ) ) ;
#3544 = DIRECTION ( 'NONE',  ( 0.2657276780299911434, -0.9267025424900801056, 0.2657276780299911434 ) ) ;
#3545 = CARTESIAN_POINT ( 'NONE',  ( 61.43449314192414334, 10.49999999999999822, 33.36342533005872468 ) ) ;
#3546 = VERTEX_POINT ( 'NONE', #758 ) ;
#3547 = CARTESIAN_POINT ( 'NONE',  ( 0.000000000000000000, 7.500000000000000000, -16.50374022699631382 ) ) ;
#3548 = VECTOR ( 'NONE', #7041, 1000.000000000000114 ) ;
#3549 = VECTOR ( 'NONE', #3885, 1000.000000000000000 ) ;
#3550 = LINE ( 'NONE', #7276, #805 ) ;
#3551 = LINE ( 'NONE', #6783, #798 ) ;
#3552 = DIRECTION ( 'NONE',  ( -0.2657276780299913099, -0.9267025424900799946, 0.2657276780299913099 ) ) ;
#3553 = CARTESIAN_POINT ( 'NONE',  ( 35.37467487046908587, 10.53731005528968723, 33.62500000000000000 ) ) ;
#3554 = DIRECTION ( 'NONE',  ( 1.000000000000000000, 0.000000000000000000, 0.000000000000000000 ) ) ;
#3555 = AXIS2_PLACEMENT_3D ( 'NONE', #7563, #1328, #47 ) ;
#3556 = ADVANCED_FACE ( 'NONE', ( #7736 ), #5784, .F. ) ;
#3557 = CARTESIAN_POINT ( 'NONE',  ( 61.85875721063606392, 9.699999999999974420, -33.78768939877064525 ) ) ;
#3558 = CARTESIAN_POINT ( 'NONE',  ( -16.50374022699593013, 7.500000000000000000, 0.000000000000000000 ) ) ;
#3559 = EDGE_CURVE ( 'NONE', #852, #1645, #928, .T. ) ;
#3560 = DIRECTION ( 'NONE',  ( -0.000000000000000000, -0.2756373558170042704, -0.9612616959383174509 ) ) ;
#3561 = AXIS2_PLACEMENT_3D ( 'NONE', #6238, #2480, #663 ) ;
#3562 = VECTOR ( 'NONE', #4596, 1000.000000000000000 ) ;
#3563 = ORIENTED_EDGE ( 'NONE', *, *, #269, .T. ) ;
#3564 = VECTOR ( 'NONE', #2447, 1000.000000000000000 ) ;
#3565 = EDGE_CURVE ( 'NONE', #4353, #5028, #2128, .T. ) ;
#3566 = ORIENTED_EDGE ( 'NONE', *, *, #3966, .F. ) ;
#3567 = EDGE_LOOP ( 'NONE', ( #2267, #7869, #7429, #4725 ) ) ;
#3568 = EDGE_LOOP ( 'NONE', ( #603, #2129, #2900, #2888, #1500, #4675, #151 ) ) ;
#3569 = VECTOR ( 'NONE', #3304, 1000.000000000000114 ) ;
#3570 = CARTESIAN_POINT ( 'NONE',  ( -0.5499999999999949374, 10.80000000000000071, -27.55000000000038796 ) ) ;
#3571 = DIRECTION ( 'NONE',  ( 1.000000000000000000, 0.000000000000000000, 0.000000000000000000 ) ) ;
#3572 = ADVANCED_FACE ( 'NONE', ( #3433 ), #4014, .F. ) ;
#3573 = CARTESIAN_POINT ( 'NONE',  ( -44.44999999999999574, 10.80000000000000071, -35.45000000000039364 ) ) ;
#3574 = EDGE_CURVE ( 'NONE', #5839, #2201, #7161, .T. ) ;
#3575 = ADVANCED_FACE ( 'NONE', ( #5997 ), #349, .F. ) ;
#3576 = ORIENTED_EDGE ( 'NONE', *, *, #3522, .T. ) ;
#3577 = ORIENTED_EDGE ( 'NONE', *, *, #1774, .F. ) ;
#3578 = CARTESIAN_POINT ( 'NONE',  ( -2.375000000000005773, 10.53731005528968545, 33.62500000000000000 ) ) ;
#3579 = ORIENTED_EDGE ( 'NONE', *, *, #7836, .F. ) ;
#3580 = ORIENTED_EDGE ( 'NONE', *, *, #131, .F. ) ;
#3581 = ORIENTED_EDGE ( 'NONE', *, *, #3834, .T. ) ;
#3582 = DIRECTION ( 'NONE',  ( 0.000000000000000000, 0.000000000000000000, 1.000000000000000000 ) ) ;
#3583 = VECTOR ( 'NONE', #1123, 1000.000000000000000 ) ;
#3584 = VECTOR ( 'NONE', #2018, 1000.000000000000000 ) ;
#3585 = CARTESIAN_POINT ( 'NONE',  ( 0.5158952929131825904, 14.51721864012731977, 26.48410470708643416 ) ) ;
#3586 = LINE ( 'NONE', #2842, #4740 ) ;
#3587 = ORIENTED_EDGE ( 'NONE', *, *, #5021, .F. ) ;
#3588 = ORIENTED_EDGE ( 'NONE', *, *, #5380, .T. ) ;
#3589 = DIRECTION ( 'NONE',  ( -1.000000000000000000, 0.000000000000000000, 0.000000000000000000 ) ) ;
#3590 = DIRECTION ( 'NONE',  ( 0.000000000000000000, 0.000000000000000000, -1.000000000000000000 ) ) ;
#3591 = EDGE_CURVE ( 'NONE', #2144, #5752, #3518, .T. ) ;
#3592 = LINE ( 'NONE', #4834, #1317 ) ;
#3593 = CARTESIAN_POINT ( 'NONE',  ( -46.19056600552723069, 8.566080860090830029, 34.80943399447237852 ) ) ;
#3594 = ADVANCED_FACE ( 'NONE', ( #2863 ), #5382, .F. ) ;
#3595 = ORIENTED_EDGE ( 'NONE', *, *, #4169, .T. ) ;
#3596 = PLANE ( 'NONE',  #4949 ) ;
#3597 = FACE_OUTER_BOUND ( 'NONE', #3197, .T. ) ;
#3598 = LINE ( 'NONE', #3470, #6737 ) ;
#3599 = EDGE_CURVE ( 'NONE', #7050, #5259, #4806, .T. ) ;
#3600 = DIRECTION ( 'NONE',  ( 0.000000000000000000, 0.000000000000000000, -1.000000000000000000 ) ) ;
#3601 = DIRECTION ( 'NONE',  ( -1.020425574104004246E-16, -0.000000000000000000, 1.000000000000000000 ) ) ;
#3602 = DIRECTION ( 'NONE',  ( 0.000000000000000000, 0.000000000000000000, 1.000000000000000000 ) ) ;
#3603 = DIRECTION ( 'NONE',  ( 1.000000000000000000, 6.036709082546132388E-16, 1.730998474588425335E-16 ) ) ;
#3604 = DIRECTION ( 'NONE',  ( -1.000000000000000000, -0.000000000000000000, -0.000000000000000000 ) ) ;
#3605 = VECTOR ( 'NONE', #5311, 1000.000000000000000 ) ;
#3606 = CARTESIAN_POINT ( 'NONE',  ( 0.000000000000000000, 7.500000000000000000, -25.50374022699630672 ) ) ;
#3607 = ORIENTED_EDGE ( 'NONE', *, *, #4510, .T. ) ;
#3608 = ADVANCED_FACE ( 'NONE', ( #7326 ), #6085, .F. ) ;
#3610 = VERTEX_POINT ( 'NONE', #973 ) ;
#3609 = EDGE_CURVE ( 'NONE', #7305, #4497, #441, .T. ) ;
#3611 = VECTOR ( 'NONE', #7178, 1000.000000000000000 ) ;
#3612 = EDGE_LOOP ( 'NONE', ( #365, #5260, #521, #2543 ) ) ;
#3613 = VERTEX_POINT ( 'NONE', #1141 ) ;
#3614 = PLANE ( 'NONE',  #4892 ) ;
#3615 = FACE_OUTER_BOUND ( 'NONE', #6686, .T. ) ;
#3616 = CARTESIAN_POINT ( 'NONE',  ( -1.496259773004063209, 7.500000000000000000, 0.000000000000000000 ) ) ;
#3617 = ORIENTED_EDGE ( 'NONE', *, *, #254, .F. ) ;
#3618 = VERTEX_POINT ( 'NONE', #2339 ) ;
#3619 = DIRECTION ( 'NONE',  ( -0.5001519828512182020, 0.8323926831162096196, 0.2386847610229694550 ) ) ;
#3620 = EDGE_CURVE ( 'NONE', #5087, #1296, #3650, .T. ) ;
#3621 = ORIENTED_EDGE ( 'NONE', *, *, #5856, .F. ) ;
#3622 = EDGE_CURVE ( 'NONE', #2633, #1307, #7414, .T. ) ;
#3623 = ORIENTED_EDGE ( 'NONE', *, *, #7762, .T. ) ;
#3624 = EDGE_CURVE ( 'NONE', #6949, #6175, #2381, .T. ) ;
#3625 = ORIENTED_EDGE ( 'NONE', *, *, #2962, .T. ) ;
#3626 = LINE ( 'NONE', #3664, #4775 ) ;
#3627 = AXIS2_PLACEMENT_3D ( 'NONE', #3616, #6135, #6294 ) ;
#3628 = EDGE_CURVE ( 'NONE', #2344, #1383, #7906, .T. ) ;
#3629 = FACE_OUTER_BOUND ( 'NONE', #4057, .T. ) ;
#3630 = DIRECTION ( 'NONE',  ( 0.5001519828512179799, -0.8323926831162092865, 0.2386847610229713423 ) ) ;
#3631 = VECTOR ( 'NONE', #1178, 1000.000000000000000 ) ;
#3632 = ORIENTED_EDGE ( 'NONE', *, *, #4068, .F. ) ;
#3634 = EDGE_LOOP ( 'NONE', ( #1081, #7507, #3922, #2605 ) ) ;
#3633 = CARTESIAN_POINT ( 'NONE',  ( 0.000000000000000000, 7.500000000000000000, -10.49625977300446067 ) ) ;
#3635 = CARTESIAN_POINT ( 'NONE',  ( 26.45000000000000284, 10.80000000000000071, -35.45000000000039364 ) ) ;
#3636 = DIRECTION ( 'NONE',  ( 0.2657276780299913099, -0.9267025424900799946, 0.2657276780299913099 ) ) ;
#3637 = CARTESIAN_POINT ( 'NONE',  ( 43.50374022699593723, 7.500000000000000000, 33.62500000000000000 ) ) ;
#3638 = CARTESIAN_POINT ( 'NONE',  ( 61.85875721063607102, 9.899999999999975486, 33.78768939877064525 ) ) ;
#3639 = ORIENTED_EDGE ( 'NONE', *, *, #4118, .F. ) ;
#3640 = DIRECTION ( 'NONE',  ( -0.000000000000000000, -0.2756373558170021609, -0.9612616959383181170 ) ) ;
#3641 = PLANE ( 'NONE',  #6043 ) ;
#3642 = DIRECTION ( 'NONE',  ( 0.000000000000000000, -0.9612616959383174509, 0.2756373558170039373 ) ) ;
#3643 = CARTESIAN_POINT ( 'NONE',  ( -2.375000000000005773, 7.500000000000000000, 19.49625977300367552 ) ) ;
#3644 = DIRECTION ( 'NONE',  ( -0.7071067811865452413, -0.000000000000000000, 0.7071067811865497932 ) ) ;
#3645 = LINE ( 'NONE', #4221, #2383 ) ;
#3646 = DIRECTION ( 'NONE',  ( 0.000000000000000000, -0.2756373558170042704, 0.9612616959383174509 ) ) ;
#3647 = VECTOR ( 'NONE', #4994, 1000.000000000000000 ) ;
#3648 = LINE ( 'NONE', #2906, #2481 ) ;
#3649 = FACE_OUTER_BOUND ( 'NONE', #2002, .T. ) ;
#3650 = LINE ( 'NONE', #8036, #3221 ) ;
#3651 = ORIENTED_EDGE ( 'NONE', *, *, #4907, .F. ) ;
#3652 = VERTEX_POINT ( 'NONE', #7863 ) ;
#3653 = EDGE_LOOP ( 'NONE', ( #1594, #6708, #7997, #208 ) ) ;
#3654 = VERTEX_POINT ( 'NONE', #4268 ) ;
#3655 = CARTESIAN_POINT ( 'NONE',  ( -0.4124163967275039089, 7.271022431965715960, -28.56191803408055918 ) ) ;
#3656 = CARTESIAN_POINT ( 'NONE',  ( -48.79638818434513325, -5.429073061943231693, 21.79638818434474601 ) ) ;
#3657 = FACE_OUTER_BOUND ( 'NONE', #4594, .T. ) ;
#3658 = VERTEX_POINT ( 'NONE', #393 ) ;
#3659 = VECTOR ( 'NONE', #5877, 1000.000000000000114 ) ;
#3660 = EDGE_CURVE ( 'NONE', #4502, #4272, #6127, .T. ) ;
#3661 = ORIENTED_EDGE ( 'NONE', *, *, #7482, .F. ) ;
#3662 = ORIENTED_EDGE ( 'NONE', *, *, #1308, .F. ) ;
#3663 = ORIENTED_EDGE ( 'NONE', *, *, #1856, .T. ) ;
#3664 = CARTESIAN_POINT ( 'NONE',  ( 2.375000000000005773, 7.500000000000000000, 25.50374022699554288 ) ) ;
#3665 = EDGE_CURVE ( 'NONE', #4509, #2433, #2208, .T. ) ;
#3666 = DIRECTION ( 'NONE',  ( 0.000000000000000000, 0.000000000000000000, 1.000000000000000000 ) ) ;
#3667 = VECTOR ( 'NONE', #3208, 1000.000000000000000 ) ;
#3668 = CARTESIAN_POINT ( 'NONE',  ( -19.49625977300406632, 7.500000000000000000, 0.000000000000000000 ) ) ;
#3669 = ADVANCED_FACE ( 'NONE', ( #7370 ), #7238, .F. ) ;
#3671 = ORIENTED_EDGE ( 'NONE', *, *, #4538, .T. ) ;
#3670 = DIRECTION ( 'NONE',  ( 0.000000000000000000, 0.000000000000000000, -1.000000000000000000 ) ) ;
#3672 = CARTESIAN_POINT ( 'NONE',  ( 50.70289055386784582, 1.219690838747078621, 23.70289055386746213 ) ) ;
#3673 = CARTESIAN_POINT ( 'NONE',  ( 51.62500000000000000, 10.80000000000000426, 9.549999999999613465 ) ) ;
#3674 = CARTESIAN_POINT ( 'NONE',  ( 2.375000000000005773, 7.500000000000000000, 28.49625977300367907 ) ) ;
#3675 = EDGE_CURVE ( 'NONE', #2592, #2010, #7951, .T. ) ;
#3676 = DIRECTION ( 'NONE',  ( 0.000000000000000000, -0.2756373558170021609, 0.9612616959383181170 ) ) ;
#3677 = VERTEX_POINT ( 'NONE', #4184 ) ;
#3678 = AXIS2_PLACEMENT_3D ( 'NONE', #86, #1406, #5240 ) ;
#3679 = CARTESIAN_POINT ( 'NONE',  ( -51.62500000000000000, 10.53731005528970854, 18.62532512953050201 ) ) ;
#3680 = CARTESIAN_POINT ( 'NONE',  ( 2.375000000000005773, 10.80000000000000426, 18.54999999999960991 ) ) ;
#3681 = LINE ( 'NONE', #627, #7126 ) ;
#3682 = PLANE ( 'NONE',  #7059 ) ;
#3683 = DIRECTION ( 'NONE',  ( 1.000000000000000000, 0.000000000000000000, 0.000000000000000000 ) ) ;
#3684 = CARTESIAN_POINT ( 'NONE',  ( 53.44999999999999574, 10.80000000000000071, 8.449999999999617373 ) ) ;
#3685 = DIRECTION ( 'NONE',  ( -0.000000000000000000, 0.000000000000000000, -1.000000000000000000 ) ) ;
#3686 = CARTESIAN_POINT ( 'NONE',  ( -28.49625977300406277, 7.500000000000000000, 0.000000000000000000 ) ) ;
#3687 = AXIS2_PLACEMENT_3D ( 'NONE', #3925, #5868, #3311 ) ;
#3688 = CARTESIAN_POINT ( 'NONE',  ( 38.73571359999212405, 22.25864506693676148, -26.58211138907234172 ) ) ;
#3689 = ORIENTED_EDGE ( 'NONE', *, *, #1440, .F. ) ;
#3690 = AXIS2_PLACEMENT_3D ( 'NONE', #5897, #7936, #4083 ) ;
#3691 = ORIENTED_EDGE ( 'NONE', *, *, #2711, .F. ) ;
#3692 = ORIENTED_EDGE ( 'NONE', *, *, #3096, .F. ) ;
#3693 = EDGE_LOOP ( 'NONE', ( #2421, #2965, #4488, #7257 ) ) ;
#3694 = PLANE ( 'NONE',  #1324 ) ;
#3695 = CARTESIAN_POINT ( 'NONE',  ( -0.5500000000000088152, 7.500000000000007105, -35.45000000000000284 ) ) ;
#3696 = CARTESIAN_POINT ( 'NONE',  ( -28.49625977300406277, 7.500000000000000000, 0.000000000000000000 ) ) ;
#3697 = VECTOR ( 'NONE', #2360, 1000.000000000000000 ) ;
#3698 = ADVANCED_FACE ( 'NONE', ( #2301 ), #6704, .T. ) ;
#3699 = VECTOR ( 'NONE', #7457, 1000.000000000000114 ) ;
#3700 = EDGE_CURVE ( 'NONE', #2311, #7911, #480, .T. ) ;
#3701 = EDGE_CURVE ( 'NONE', #3677, #7311, #5589, .T. ) ;
#3702 = COLOUR_RGB ( '',0.7921568627450980005, 0.8196078431372548767, 0.9333333333333333481 ) ;
#3703 = ORIENTED_EDGE ( 'NONE', *, *, #6178, .F. ) ;
#3704 = VECTOR ( 'NONE', #4260, 1000.000000000000000 ) ;
#3705 = ORIENTED_EDGE ( 'NONE', *, *, #1734, .T. ) ;
#3706 = ORIENTED_EDGE ( 'NONE', *, *, #3701, .F. ) ;
#3707 = AXIS2_PLACEMENT_3D ( 'NONE', #816, #276, #2701 ) ;
#3708 = EDGE_CURVE ( 'NONE', #1468, #5893, #3075, .T. ) ;
#3709 = ORIENTED_EDGE ( 'NONE', *, *, #2487, .F. ) ;
#3710 = CARTESIAN_POINT ( 'NONE',  ( 61.43449314192414334, 7.500000000000000000, 33.36342533005872468 ) ) ;
#3711 = LINE ( 'NONE', #5490, #578 ) ;
#3712 = VECTOR ( 'NONE', #2033, 1000.000000000000114 ) ;
#3713 = CARTESIAN_POINT ( 'NONE',  ( 51.62500000000000000, 10.80000000000000426, -27.55000000000038796 ) ) ;
#3715 = VERTEX_POINT ( 'NONE', #562 ) ;
#3714 = DIRECTION ( 'NONE',  ( -1.000000000000000000, -0.000000000000000000, -0.000000000000000000 ) ) ;
#3716 = LINE ( 'NONE', #8057, #6415 ) ;
#3717 = DIRECTION ( 'NONE',  ( 0.000000000000000000, -0.2756373558170042704, 0.9612616959383174509 ) ) ;
#3718 = DIRECTION ( 'NONE',  ( 0.000000000000000000, 0.000000000000000000, -1.000000000000000000 ) ) ;
#3719 = ORIENTED_EDGE ( 'NONE', *, *, #198, .F. ) ;
#3720 = DIRECTION ( 'NONE',  ( 1.000000000000000000, 0.000000000000000000, 0.000000000000000000 ) ) ;
#3721 = CARTESIAN_POINT ( 'NONE',  ( 29.37500000000000000, 10.53731005528972631, -33.62500000000000000 ) ) ;
#3722 = EDGE_CURVE ( 'NONE', #7421, #2466, #1801, .T. ) ;
#3723 = VECTOR ( 'NONE', #865, 1000.000000000000000 ) ;
#3724 = EDGE_CURVE ( 'NONE', #1981, #5681, #7492, .T. ) ;
#3725 = EDGE_CURVE ( 'NONE', #909, #3183, #1840, .T. ) ;
#3726 = CARTESIAN_POINT ( 'NONE',  ( 28.49625977300405921, 7.500000000000000000, 0.000000000000000000 ) ) ;
#3727 = CARTESIAN_POINT ( 'NONE',  ( 24.62500000000000000, 10.53731005528970321, 33.62500000000000000 ) ) ;
#3728 = CARTESIAN_POINT ( 'NONE',  ( 53.44999999999999574, 10.80000000000000071, 17.44999999999961560 ) ) ;
#3729 = FACE_OUTER_BOUND ( 'NONE', #2172, .T. ) ;
#3730 = CARTESIAN_POINT ( 'NONE',  ( -43.50374022699593013, 7.500000000000000000, 0.000000000000000000 ) ) ;
#3731 = DIRECTION ( 'NONE',  ( 1.000000000000000000, 0.000000000000000000, 0.000000000000000000 ) ) ;
#3732 = VERTEX_POINT ( 'NONE', #4348 ) ;
#3733 = EDGE_CURVE ( 'NONE', #4018, #8086, #3767, .T. ) ;
#3734 = AXIS2_PLACEMENT_3D ( 'NONE', #2595, #5853, #1986 ) ;
#3735 = EDGE_CURVE ( 'NONE', #1686, #1269, #6979, .T. ) ;
#3736 = ORIENTED_EDGE ( 'NONE', *, *, #3863, .F. ) ;
#3737 = ORIENTED_EDGE ( 'NONE', *, *, #6481, .T. ) ;
#3738 = EDGE_LOOP ( 'NONE', ( #5116, #5475, #770, #5363, #8085, #4103 ) ) ;
#3739 = CARTESIAN_POINT ( 'NONE',  ( -2.375000000000005773, 7.500000000000000000, -10.49625977300446067 ) ) ;
#3740 = DIRECTION ( 'NONE',  ( -0.000000000000000000, -0.000000000000000000, 1.000000000000000000 ) ) ;
#3741 = AXIS2_PLACEMENT_3D ( 'NONE', #495, #8090, #4947 ) ;
#3742 = DIRECTION ( 'NONE',  ( 0.2756373558170042704, 0.9612616959383174509, 0.000000000000000000 ) ) ;
#3743 = ORIENTED_EDGE ( 'NONE', *, *, #2834, .T. ) ;
#3744 = VECTOR ( 'NONE', #3227, 1000.000000000000114 ) ;
#3745 = ORIENTED_EDGE ( 'NONE', *, *, #7198, .F. ) ;
#3746 = ORIENTED_EDGE ( 'NONE', *, *, #679, .T. ) ;
#3747 = ORIENTED_EDGE ( 'NONE', *, *, #4413, .F. ) ;
#3748 = DIRECTION ( 'NONE',  ( -0.5150380749100545996, -0.8571673007021120005, 0.000000000000000000 ) ) ;
#3749 = CARTESIAN_POINT ( 'NONE',  ( 53.24489371323142706, 10.08470937300070069, -9.755106286768954860 ) ) ;
#3751 = ORIENTED_EDGE ( 'NONE', *, *, #3818, .F. ) ;
#3750 = LINE ( 'NONE', #8134, #8171 ) ;
#3752 = DIRECTION ( 'NONE',  ( -0.2657276780299897001, -0.9267025424900808828, 0.2657276780299897001 ) ) ;
#3753 = LINE ( 'NONE', #3021, #4338 ) ;
#3754 = EDGE_CURVE ( 'NONE', #4900, #2490, #4308, .T. ) ;
#3755 = CARTESIAN_POINT ( 'NONE',  ( 55.00000000000000000, 0.000000000000000000, 41.00000000000000000 ) ) ;
#3756 = AXIS2_PLACEMENT_3D ( 'NONE', #1015, #3560, #5509 ) ;
#3757 = DIRECTION ( 'NONE',  ( -0.4999999999999978906, -0.7071067811865504593, 0.4999999999999978906 ) ) ;
#3758 = ORIENTED_EDGE ( 'NONE', *, *, #2165, .T. ) ;
#3759 = PLANE ( 'NONE',  #6205 ) ;
#3760 = CARTESIAN_POINT ( 'NONE',  ( -53.44999999999999574, 10.80000000000000071, -26.45000000000038298 ) ) ;
#3761 = CARTESIAN_POINT ( 'NONE',  ( -44.44999999999999574, 10.80000000000000071, 35.44999999999961204 ) ) ;
#3762 = LINE ( 'NONE', #2450, #6451 ) ;
#3763 = AXIS2_PLACEMENT_3D ( 'NONE', #4590, #7026, #2079 ) ;
#3764 = EDGE_CURVE ( 'NONE', #2865, #2786, #4423, .T. ) ;
#3765 = CARTESIAN_POINT ( 'NONE',  ( -35.44999999999999574, 10.80000000000000071, 35.44999999999961204 ) ) ;
#3766 = ORIENTED_EDGE ( 'NONE', *, *, #1308, .T. ) ;
#3767 = LINE ( 'NONE', #3688, #5859 ) ;
#3768 = EDGE_CURVE ( 'NONE', #196, #942, #4965, .T. ) ;
#3769 = ORIENTED_EDGE ( 'NONE', *, *, #1666, .T. ) ;
#3770 = CARTESIAN_POINT ( 'NONE',  ( -0.4124163967275037423, 7.271022431965715960, -7.438081965920221528 ) ) ;
#3771 = ORIENTED_EDGE ( 'NONE', *, *, #4773, .T. ) ;
#3772 = EDGE_LOOP ( 'NONE', ( #1270, #5484, #3485, #5022 ) ) ;
#3773 = LINE ( 'NONE', #5671, #537 ) ;
#3774 = LINE ( 'NONE', #7646, #2521 ) ;
#3775 = CARTESIAN_POINT ( 'NONE',  ( 16.50374022699593723, 7.500000000000000000, 33.62500000000000000 ) ) ;
#3776 = ORIENTED_EDGE ( 'NONE', *, *, #5816, .F. ) ;
#3777 = AXIS2_PLACEMENT_3D ( 'NONE', #3884, #5825, #135 ) ;
#3778 = ORIENTED_EDGE ( 'NONE', *, *, #7030, .F. ) ;
#3779 = ORIENTED_EDGE ( 'NONE', *, *, #7581, .F. ) ;
#3780 = VECTOR ( 'NONE', #7088, 1000.000000000000000 ) ;
#3781 = EDGE_LOOP ( 'NONE', ( #983, #534, #975, #5624 ) ) ;
#3782 = CARTESIAN_POINT ( 'NONE',  ( 61.85875721063607102, 9.899999999999975486, 33.78768939877064525 ) ) ;
#3783 = LINE ( 'NONE', #6926, #5132 ) ;
#3784 = CARTESIAN_POINT ( 'NONE',  ( 2.375000000000005773, 10.80000000000000426, -33.62500000000000000 ) ) ;
#3785 = FACE_OUTER_BOUND ( 'NONE', #2196, .T. ) ;
#3786 = CARTESIAN_POINT ( 'NONE',  ( -0.4124163967275038534, 7.271022431965715960, -16.43808196592020821 ) ) ;
#3787 = EDGE_CURVE ( 'NONE', #6044, #2115, #6209, .T. ) ;
#3788 = EDGE_CURVE ( 'NONE', #1100, #8007, #1883, .T. ) ;
#3789 = EDGE_CURVE ( 'NONE', #4476, #7192, #6943, .T. ) ;
#3790 = CARTESIAN_POINT ( 'NONE',  ( 61.43449314192414334, 9.099999999999983658, -33.36342533005872468 ) ) ;
#3791 = DIRECTION ( 'NONE',  ( -0.000000000000000000, 0.000000000000000000, -1.000000000000000000 ) ) ;
#3792 = VECTOR ( 'NONE', #97, 1000.000000000000114 ) ;
#3793 = ORIENTED_EDGE ( 'NONE', *, *, #3445, .F. ) ;
#3794 = FACE_OUTER_BOUND ( 'NONE', #567, .T. ) ;
#3795 = LINE ( 'NONE', #3727, #5735 ) ;
#3796 = CARTESIAN_POINT ( 'NONE',  ( -26.45000000000000284, 10.80000000000000071, -35.45000000000039364 ) ) ;
#3797 = DIRECTION ( 'NONE',  ( -1.000000000000000000, 0.000000000000000000, 0.000000000000000000 ) ) ;
#3798 = CARTESIAN_POINT ( 'NONE',  ( 2.375000000000006217, 10.53731005528968723, 9.625325129530521551 ) ) ;
#3799 = EDGE_LOOP ( 'NONE', ( #3778, #2677, #1184, #4230 ) ) ;
#3800 = CARTESIAN_POINT ( 'NONE',  ( 60.02027957955104398, 9.499999999999980460, 31.94921176768562177 ) ) ;
#3801 = VERTEX_POINT ( 'NONE', #8148 ) ;
#3802 = CARTESIAN_POINT ( 'NONE',  ( -53.44999999999999574, 10.80000000000000071, -18.55000000000037730 ) ) ;
#3803 = VECTOR ( 'NONE', #1839, 1000.000000000000114 ) ;
#3804 = EDGE_CURVE ( 'NONE', #1966, #2259, #3148, .T. ) ;
#3805 = ORIENTED_EDGE ( 'NONE', *, *, #1304, .T. ) ;
#3806 = ORIENTED_EDGE ( 'NONE', *, *, #8103, .T. ) ;
#3807 = DIRECTION ( 'NONE',  ( -0.000000000000000000, -0.2756373558170042704, -0.9612616959383174509 ) ) ;
#3808 = CARTESIAN_POINT ( 'NONE',  ( -57.99999999999999289, 9.499999999999998224, 8.000000000000000000 ) ) ;
#3809 = CARTESIAN_POINT ( 'NONE',  ( -0.7551062867685640612, 10.08470937300070069, -9.755106286768954860 ) ) ;
#3810 = ORIENTED_EDGE ( 'NONE', *, *, #4402, .T. ) ;
#3811 = VECTOR ( 'NONE', #8069, 1000.000000000000000 ) ;
#3812 = AXIS2_PLACEMENT_3D ( 'NONE', #7136, #5846, #3283 ) ;
#3813 = VECTOR ( 'NONE', #5459, 1000.000000000000000 ) ;
#3814 = ORIENTED_EDGE ( 'NONE', *, *, #1006, .T. ) ;
#3815 = EDGE_CURVE ( 'NONE', #2255, #1271, #14, .T. ) ;
#3816 = ORIENTED_EDGE ( 'NONE', *, *, #2136, .T. ) ;
#3817 = EDGE_CURVE ( 'NONE', #4434, #3247, #2532, .T. ) ;
#3818 = EDGE_CURVE ( 'NONE', #5680, #4436, #5552, .T. ) ;
#3819 = VECTOR ( 'NONE', #4416, 1000.000000000000114 ) ;
#3820 = ORIENTED_EDGE ( 'NONE', *, *, #290, .F. ) ;
#3821 = ORIENTED_EDGE ( 'NONE', *, *, #5330, .T. ) ;
#3822 = VECTOR ( 'NONE', #5691, 1000.000000000000114 ) ;
#3823 = VECTOR ( 'NONE', #1103, 1000.000000000000000 ) ;
#3824 = CARTESIAN_POINT ( 'NONE',  ( -10.19056600552747938, 8.566080860089964943, -34.80943399447290432 ) ) ;
#3825 = CARTESIAN_POINT ( 'NONE',  ( 14.03553390593270578, 0.000000000000000000, 14.03553390593272709 ) ) ;
#3826 = LINE ( 'NONE', #3862, #2502 ) ;
#3827 = CARTESIAN_POINT ( 'NONE',  ( 7.809433994472520624, 8.566080860089980931, -34.80943399447290432 ) ) ;
#3828 = CARTESIAN_POINT ( 'NONE',  ( 0.000000000000000000, 8.566080860090853122, 34.80943399447238562 ) ) ;
#3829 = CARTESIAN_POINT ( 'NONE',  ( -54.96378475451787438, 7.500000000000000000, -36.50000000000039080 ) ) ;
#3830 = ORIENTED_EDGE ( 'NONE', *, *, #3895, .F. ) ;
#3831 = DIRECTION ( 'NONE',  ( -0.000000000000000000, 0.000000000000000000, -1.000000000000000000 ) ) ;
#3832 = LINE ( 'NONE', #6279, #2464 ) ;
#3833 = DIRECTION ( 'NONE',  ( 0.7071067811865497932, -2.453269466693400041E-14, -0.7071067811865452413 ) ) ;
#3834 = EDGE_CURVE ( 'NONE', #231, #2785, #1295, .T. ) ;
#3835 = CARTESIAN_POINT ( 'NONE',  ( 53.44999999999999574, 10.80000000000000071, -35.45000000000039364 ) ) ;
#3836 = DIRECTION ( 'NONE',  ( -0.9612616959383174509, -0.2756373558170042704, 0.000000000000000000 ) ) ;
#3837 = ORIENTED_EDGE ( 'NONE', *, *, #5637, .F. ) ;
#3838 = DIRECTION ( 'NONE',  ( 0.000000000000000000, -0.9612616959383174509, 0.2756373558170042704 ) ) ;
#3839 = ORIENTED_EDGE ( 'NONE', *, *, #1054, .F. ) ;
#3840 = VECTOR ( 'NONE', #6234, 1000.000000000000114 ) ;
#3841 = LINE ( 'NONE', #6357, #2546 ) ;
#3842 = ORIENTED_EDGE ( 'NONE', *, *, #1789, .F. ) ;
#3843 = ORIENTED_EDGE ( 'NONE', *, *, #5988, .F. ) ;
#3844 = FACE_OUTER_BOUND ( 'NONE', #2230, .T. ) ;
#3845 = CARTESIAN_POINT ( 'NONE',  ( -3.297109446132143518, 1.219690838747078621, 23.70289055386746213 ) ) ;
#3846 = PLANE ( 'NONE',  #4449 ) ;
#3847 = FACE_OUTER_BOUND ( 'NONE', #518, .T. ) ;
#3848 = FACE_OUTER_BOUND ( 'NONE', #2049, .T. ) ;
#3849 = ADVANCED_FACE ( 'NONE', ( #2419 ), #6321, .F. ) ;
#3850 = VERTEX_POINT ( 'NONE', #7813 ) ;
#3851 = EDGE_CURVE ( 'NONE', #5681, #5150, #6483, .T. ) ;
#3852 = EDGE_LOOP ( 'NONE', ( #6885, #5669, #3162, #5479 ) ) ;
#3853 = ORIENTED_EDGE ( 'NONE', *, *, #5174, .T. ) ;
#3854 = CARTESIAN_POINT ( 'NONE',  ( 0.5499999999999949374, 10.80000000000000071, -9.550000000000384404 ) ) ;
#3855 = ORIENTED_EDGE ( 'NONE', *, *, #4731, .T. ) ;
#3856 = VECTOR ( 'NONE', #984, 1000.000000000000000 ) ;
#3857 = ORIENTED_EDGE ( 'NONE', *, *, #6334, .F. ) ;
#3858 = ADVANCED_FACE ( 'NONE', ( #4534 ), #5289, .F. ) ;
#3859 = CARTESIAN_POINT ( 'NONE',  ( -0.4124163967275039089, 7.271022431965715960, 19.56191803407978114 ) ) ;
#3860 = PLANE ( 'NONE',  #1735 ) ;
#3861 = EDGE_CURVE ( 'NONE', #217, #6625, #879, .T. ) ;
#3862 = CARTESIAN_POINT ( 'NONE',  ( 1.390607076609487569, 7.868454739437199308, -10.39060707660987859 ) ) ;
#3863 = EDGE_CURVE ( 'NONE', #3732, #3465, #5770, .T. ) ;
#3864 = LINE ( 'NONE', #4565, #3067 ) ;
#3865 = DIRECTION ( 'NONE',  ( 1.000000000000000000, 0.000000000000000000, 0.000000000000000000 ) ) ;
#3866 = PLANE ( 'NONE',  #934 ) ;
#3867 = ADVANCED_FACE ( 'NONE', ( #1991 ), #124, .T. ) ;
#3868 = ORIENTED_EDGE ( 'NONE', *, *, #7068, .F. ) ;
#3869 = ORIENTED_EDGE ( 'NONE', *, *, #2739, .F. ) ;
#3870 = PLANE ( 'NONE',  #4714 ) ;
#3871 = LINE ( 'NONE', #7719, #6499 ) ;
#3872 = CARTESIAN_POINT ( 'NONE',  ( -25.50374022699593368, 7.500000000000000000, 33.62500000000000000 ) ) ;
#3873 = PLANE ( 'NONE',  #3270 ) ;
#3874 = VECTOR ( 'NONE', #1365, 1000.000000000000000 ) ;
#3875 = VERTEX_POINT ( 'NONE', #7679 ) ;
#3876 = CARTESIAN_POINT ( 'NONE',  ( 53.44999999999999574, 10.80000000000000071, 26.44999999999961204 ) ) ;
#3877 = ORIENTED_EDGE ( 'NONE', *, *, #6494, .T. ) ;
#3878 = VECTOR ( 'NONE', #7206, 1000.000000000000000 ) ;
#3879 = LINE ( 'NONE', #2727, #4615 ) ;
#3880 = AXIS2_PLACEMENT_3D ( 'NONE', #7317, #2895, #6739 ) ;
#3881 =( NAMED_UNIT ( * ) SI_UNIT ( $, .STERADIAN. ) SOLID_ANGLE_UNIT ( ) );
#3882 = ORIENTED_EDGE ( 'NONE', *, *, #2148, .T. ) ;
#3883 = DIRECTION ( 'NONE',  ( 0.4856429311786325531, -0.8741572761215374854, -0.000000000000000000 ) ) ;
#3884 = CARTESIAN_POINT ( 'NONE',  ( 52.50374022699593013, 7.500000000000000000, 0.000000000000000000 ) ) ;
#3885 = DIRECTION ( 'NONE',  ( 0.000000000000000000, 0.000000000000000000, -1.000000000000000000 ) ) ;
#3886 = LINE ( 'NONE', #1928, #6565 ) ;
#3887 = FACE_OUTER_BOUND ( 'NONE', #7115, .T. ) ;
#3888 = CARTESIAN_POINT ( 'NONE',  ( -37.49625977300406277, 7.500000000000000000, -33.62500000000000000 ) ) ;
#3889 = VERTEX_POINT ( 'NONE', #3217 ) ;
#3890 = ORIENTED_EDGE ( 'NONE', *, *, #4844, .T. ) ;
#3891 = VERTEX_POINT ( 'NONE', #2029 ) ;
#3892 = CARTESIAN_POINT ( 'NONE',  ( -2.375000000000005773, 10.80000000000000426, 33.62500000000000000 ) ) ;
#3893 = VECTOR ( 'NONE', #35, 1000.000000000000114 ) ;
#3895 = EDGE_CURVE ( 'NONE', #4463, #5073, #748, .T. ) ;
#3894 = ORIENTED_EDGE ( 'NONE', *, *, #2601, .F. ) ;
#3896 = ORIENTED_EDGE ( 'NONE', *, *, #8066, .T. ) ;
#3897 = CARTESIAN_POINT ( 'NONE',  ( 0.000000000000000000, 0.000000000000000000, 0.000000000000000000 ) ) ;
#3898 = CARTESIAN_POINT ( 'NONE',  ( -2.375000000000005773, 10.53731005528968545, 33.62500000000000000 ) ) ;
#3899 = DIRECTION ( 'NONE',  ( -0.2657276780299913099, -0.9267025424900799946, 0.2657276780299913099 ) ) ;
#3900 = LINE ( 'NONE', #4522, #6318 ) ;
#3901 = VECTOR ( 'NONE', #4486, 1000.000000000000000 ) ;
#3902 = EDGE_CURVE ( 'NONE', #32, #7617, #4496, .T. ) ;
#3903 = LINE ( 'NONE', #3786, #2535 ) ;
#3904 = CARTESIAN_POINT ( 'NONE',  ( 45.54999999999999005, 10.80000000000000071, 0.5499999999996132427 ) ) ;
#3905 = EDGE_CURVE ( 'NONE', #7701, #2011, #1409, .T. ) ;
#3906 = DIRECTION ( 'NONE',  ( -1.000000000000000000, 3.018354541273066194E-16, -8.654992372942126676E-17 ) ) ;
#3907 = ORIENTED_EDGE ( 'NONE', *, *, #5887, .F. ) ;
#3908 = EDGE_LOOP ( 'NONE', ( #6460, #3520, #7976, #5647 ) ) ;
#3909 = EDGE_CURVE ( 'NONE', #7655, #7286, #3347, .T. ) ;
#3910 = CARTESIAN_POINT ( 'NONE',  ( 56.48474567361831333, 10.49999999999999822, 35.48474567361837018 ) ) ;
#3911 = CARTESIAN_POINT ( 'NONE',  ( 45.54999999999999005, 10.80000000000000426, 33.62500000000000000 ) ) ;
#3912 = EDGE_CURVE ( 'NONE', #7278, #4363, #5818, .T. ) ;
#3913 = PLANE ( 'NONE',  #5668 ) ;
#3914 = CARTESIAN_POINT ( 'NONE',  ( 40.07937528197223997, 29.75245638442227047, -4.884529417028659282 ) ) ;
#3915 = ORIENTED_EDGE ( 'NONE', *, *, #1565, .T. ) ;
#3916 = CARTESIAN_POINT ( 'NONE',  ( 55.00000000000000000, 0.000000000000000000, 41.00000000000000000 ) ) ;
#3917 = ORIENTED_EDGE ( 'NONE', *, *, #8091, .T. ) ;
#3918 = VECTOR ( 'NONE', #2692, 1000.000000000000114 ) ;
#3919 = CARTESIAN_POINT ( 'NONE',  ( -2.375000000000005773, 10.53731005528968545, 26.37467487046870929 ) ) ;
#3920 = VECTOR ( 'NONE', #6860, 1000.000000000000000 ) ;
#3921 = DIRECTION ( 'NONE',  ( 0.2657276780299913099, -0.9267025424900799946, 0.2657276780299913099 ) ) ;
#3922 = ORIENTED_EDGE ( 'NONE', *, *, #192, .F. ) ;
#3923 = CARTESIAN_POINT ( 'NONE',  ( -2.375000000000005773, 10.53731005528968545, 33.62500000000000000 ) ) ;
#3924 = LINE ( 'NONE', #179, #4171 ) ;
#3925 = CARTESIAN_POINT ( 'NONE',  ( 14.03553390593270578, 0.000000000000000000, -14.03553390593272709 ) ) ;
#3926 = CARTESIAN_POINT ( 'NONE',  ( -48.79638818434513325, -5.429073061943231693, 3.796388184344751782 ) ) ;
#3927 = LINE ( 'NONE', #6406, #5607 ) ;
#3928 = PLANE ( 'NONE',  #5200 ) ;
#3929 = ORIENTED_EDGE ( 'NONE', *, *, #2238, .T. ) ;
#3930 = AXIS2_PLACEMENT_3D ( 'NONE', #3638, #468, #8061 ) ;
#3931 = ORIENTED_EDGE ( 'NONE', *, *, #4440, .T. ) ;
#3932 = VERTEX_POINT ( 'NONE', #5202 ) ;
#3934 = EDGE_CURVE ( 'NONE', #227, #4665, #7723, .T. ) ;
#3933 = CARTESIAN_POINT ( 'NONE',  ( -54.49999999999997868, 10.79999999999989235, -36.50000000000039080 ) ) ;
#3935 = CARTESIAN_POINT ( 'NONE',  ( -1.496259773004063209, 7.500000000000000000, 0.000000000000000000 ) ) ;
#3936 = FACE_OUTER_BOUND ( 'NONE', #2396, .T. ) ;
#3937 = EDGE_CURVE ( 'NONE', #1845, #6057, #838, .T. ) ;
#3938 = ORIENTED_EDGE ( 'NONE', *, *, #6841, .F. ) ;
#3939 = EDGE_LOOP ( 'NONE', ( #4422, #2924, #5048, #126 ) ) ;
#3940 = VECTOR ( 'NONE', #1202, 1000.000000000000000 ) ;
#3941 = VECTOR ( 'NONE', #1587, 1000.000000000000000 ) ;
#3942 = ORIENTED_EDGE ( 'NONE', *, *, #1596, .T. ) ;
#3943 = APPLICATION_PROTOCOL_DEFINITION ( 'draft international standard', 'automotive_design', 1998, #2726 ) ;
#3944 = PLANE ( 'NONE',  #6240 ) ;
#3945 = CARTESIAN_POINT ( 'NONE',  ( 0.5499999999999949374, 10.80000000000000071, 27.54999999999960991 ) ) ;
#3946 = CARTESIAN_POINT ( 'NONE',  ( 52.80943399447264142, 8.566080860090410809, 0.000000000000000000 ) ) ;
#3947 = VECTOR ( 'NONE', #4743, 1000.000000000000000 ) ;
#3948 = VECTOR ( 'NONE', #2437, 1000.000000000000000 ) ;
#3949 = LINE ( 'NONE', #2672, #6617 ) ;
#3950 = AXIS2_PLACEMENT_3D ( 'NONE', #7786, #6503, #2045 ) ;
#3951 = CARTESIAN_POINT ( 'NONE',  ( 53.44999999999999574, 10.80000000000000071, 9.549999999999611688 ) ) ;
#3952 = VECTOR ( 'NONE', #7526, 1000.000000000000114 ) ;
#3953 = LINE ( 'NONE', #738, #5553 ) ;
#3954 = VERTEX_POINT ( 'NONE', #7102 ) ;
#3955 = VECTOR ( 'NONE', #1711, 1000.000000000000000 ) ;
#3956 = VERTEX_POINT ( 'NONE', #1453 ) ;
#3957 = CARTESIAN_POINT ( 'NONE',  ( 40.07937528197223997, 29.75245638442227047, 13.88452941702789190 ) ) ;
#3958 = CARTESIAN_POINT ( 'NONE',  ( 0.000000000000000000, 7.500000000000000000, 34.50374022699554644 ) ) ;
#3959 = DIRECTION ( 'NONE',  ( 0.000000000000000000, -0.9612616959383174509, -0.2756373558170039373 ) ) ;
#3960 = VECTOR ( 'NONE', #1770, 1000.000000000000114 ) ;
#3961 = LINE ( 'NONE', #7014, #6179 ) ;
#3962 = ORIENTED_EDGE ( 'NONE', *, *, #1099, .F. ) ;
#3963 = PLANE ( 'NONE',  #1670 ) ;
#3964 = ADVANCED_FACE ( 'NONE', ( #5732 ), #3963, .T. ) ;
#3965 = CARTESIAN_POINT ( 'NONE',  ( 3.482387728013483552E-16, 8.566080860089984483, -34.80943399447291142 ) ) ;
#3966 = EDGE_CURVE ( 'NONE', #5711, #1236, #5242, .T. ) ;
#3967 = EDGE_CURVE ( 'NONE', #278, #5309, #7149, .T. ) ;
#3968 = CARTESIAN_POINT ( 'NONE',  ( 15.26428640000787240, 22.25864506693675438, -26.58211138907232396 ) ) ;
#3969 = ORIENTED_EDGE ( 'NONE', *, *, #2207, .T. ) ;
#3970 = DIRECTION ( 'NONE',  ( -1.000000000000000000, 0.000000000000000000, -0.000000000000000000 ) ) ;
#3971 = CARTESIAN_POINT ( 'NONE',  ( 2.375000000000005773, 10.80000000000000071, 0.000000000000000000 ) ) ;
#3972 = LINE ( 'NONE', #2781, #7777 ) ;
#3973 = LINE ( 'NONE', #7065, #642 ) ;
#3974 = DIRECTION ( 'NONE',  ( -0.000000000000000000, -0.2756373558170042704, -0.9612616959383174509 ) ) ;
#3975 = VECTOR ( 'NONE', #1243, 1000.000000000000000 ) ;
#3976 = DIRECTION ( 'NONE',  ( -0.000000000000000000, -0.2756373558170021609, -0.9612616959383181170 ) ) ;
#3977 = ADVANCED_FACE ( 'NONE', ( #6355 ), #2599, .F. ) ;
#3978 = ORIENTED_EDGE ( 'NONE', *, *, #5156, .T. ) ;
#3979 = EDGE_CURVE ( 'NONE', #4015, #7021, #253, .T. ) ;
#3980 = ORIENTED_EDGE ( 'NONE', *, *, #5935, .F. ) ;
#3981 = ORIENTED_EDGE ( 'NONE', *, *, #5286, .T. ) ;
#3982 = DIRECTION ( 'NONE',  ( -1.000000000000000000, 0.000000000000000000, 0.000000000000000000 ) ) ;
#3983 = LINE ( 'NONE', #2262, #3659 ) ;
#3984 = CARTESIAN_POINT ( 'NONE',  ( -53.44999999999999574, 10.80000000000000071, 9.549999999999611688 ) ) ;
#3985 = VERTEX_POINT ( 'NONE', #5462 ) ;
#3986 = EDGE_LOOP ( 'NONE', ( #2803, #5119, #721, #882 ) ) ;
#3987 = ORIENTED_EDGE ( 'NONE', *, *, #4514, .T. ) ;
#3988 = PLANE ( 'NONE',  #3991 ) ;
#3989 = CARTESIAN_POINT ( 'NONE',  ( -53.44999999999999574, 10.80000000000000071, -0.5500000000003835154 ) ) ;
#3990 = DIRECTION ( 'NONE',  ( -0.000000000000000000, -0.2756373558170042704, -0.9612616959383174509 ) ) ;
#3991 = AXIS2_PLACEMENT_3D ( 'NONE', #2054, #4482, #730 ) ;
#3992 = DIRECTION ( 'NONE',  ( 0.000000000000000000, 0.000000000000000000, 1.000000000000000000 ) ) ;
#3993 = CARTESIAN_POINT ( 'NONE',  ( -0.5499999999999949374, 10.80000000000000071, -18.55000000000037730 ) ) ;
#3994 = FACE_OUTER_BOUND ( 'NONE', #691, .T. ) ;
#3995 = AXIS2_PLACEMENT_3D ( 'NONE', #4691, #4652, #1658 ) ;
#3996 = EDGE_LOOP ( 'NONE', ( #1386, #5946, #6000, #5599 ) ) ;
#3997 = VERTEX_POINT ( 'NONE', #1538 ) ;
#3998 = LINE ( 'NONE', #6519, #2471 ) ;
#3999 = LINE ( 'NONE', #3250, #1897 ) ;
#4000 = LINE ( 'NONE', #5855, #1588 ) ;
#4001 = CARTESIAN_POINT ( 'NONE',  ( -58.99999999999998579, 10.49999999999999822, 8.000000000000000000 ) ) ;
#4002 = ORIENTED_EDGE ( 'NONE', *, *, #7943, .F. ) ;
#4003 = DIRECTION ( 'NONE',  ( 0.000000000000000000, 0.000000000000000000, -1.000000000000000000 ) ) ;
#4004 = CARTESIAN_POINT ( 'NONE',  ( -46.49625977300406277, 7.500000000000000000, 0.000000000000000000 ) ) ;
#4005 = EDGE_LOOP ( 'NONE', ( #6929, #7494, #2504, #6450 ) ) ;
#4007 = EDGE_CURVE ( 'NONE', #7351, #5433, #470, .T. ) ;
#4006 = CARTESIAN_POINT ( 'NONE',  ( -51.62500000000000000, 7.500000000000000000, -25.50374022699630672 ) ) ;
#4008 = CARTESIAN_POINT ( 'NONE',  ( -38.73571359999212405, 22.25864506693676148, -26.58211138907234172 ) ) ;
#4009 = LINE ( 'NONE', #5953, #2896 ) ;
#4010 = CARTESIAN_POINT ( 'NONE',  ( 36.62532512953090702, 10.53731005528968367, 33.62500000000000000 ) ) ;
#4011 = DIRECTION ( 'NONE',  ( -1.000000000000000000, 0.000000000000000000, 0.000000000000000000 ) ) ;
#4012 = ADVANCED_FACE ( 'NONE', ( #338 ), #6115, .F. ) ;
#4013 = VECTOR ( 'NONE', #7377, 1000.000000000000114 ) ;
#4014 = PLANE ( 'NONE',  #6386 ) ;
#4015 = VERTEX_POINT ( 'NONE', #2290 ) ;
#4016 = VECTOR ( 'NONE', #8111, 1000.000000000000114 ) ;
#4017 = ORIENTED_EDGE ( 'NONE', *, *, #4938, .T. ) ;
#4018 = VERTEX_POINT ( 'NONE', #380 ) ;
#4019 = FACE_OUTER_BOUND ( 'NONE', #3634, .T. ) ;
#4020 = DIRECTION ( 'NONE',  ( -0.5001519828512182020, -0.8323926831162096196, 0.2386847610229696770 ) ) ;
#4021 = CARTESIAN_POINT ( 'NONE',  ( -3.482387728013483552E-16, 8.566080860089984483, -34.80943399447291142 ) ) ;
#4022 = ORIENTED_EDGE ( 'NONE', *, *, #7961, .T. ) ;
#4023 = ORIENTED_EDGE ( 'NONE', *, *, #1368, .F. ) ;
#4024 = VERTEX_POINT ( 'NONE', #6608 ) ;
#4025 = CARTESIAN_POINT ( 'NONE',  ( 0.000000000000000000, 7.500000000000000000, -16.50374022699631382 ) ) ;
#4026 = FACE_OUTER_BOUND ( 'NONE', #3908, .T. ) ;
#4027 = ORIENTED_EDGE ( 'NONE', *, *, #2097, .F. ) ;
#4028 = ORIENTED_EDGE ( 'NONE', *, *, #142, .F. ) ;
#4029 = ADVANCED_FACE ( 'NONE', ( #7983 ), #8026, .F. ) ;
#4030 = CARTESIAN_POINT ( 'NONE',  ( -40.07937528197223997, 29.75245638442227047, 22.11547058297133717 ) ) ;
#4031 = LINE ( 'NONE', #1528, #1242 ) ;
#4032 = DIRECTION ( 'NONE',  ( -0.9612616959383174509, -0.2756373558170042704, 0.000000000000000000 ) ) ;
#4033 = ORIENTED_EDGE ( 'NONE', *, *, #3934, .T. ) ;
#4034 = ORIENTED_EDGE ( 'NONE', *, *, #3675, .T. ) ;
#4035 = DIRECTION ( 'NONE',  ( -0.000000000000000000, -0.000000000000000000, 1.000000000000000000 ) ) ;
#4036 = DIRECTION ( 'NONE',  ( 1.000000000000000000, 0.000000000000000000, 0.000000000000000000 ) ) ;
#4037 = EDGE_CURVE ( 'NONE', #7374, #2631, #2330, .T. ) ;
#4038 = CARTESIAN_POINT ( 'NONE',  ( -2.375000000000005773, 10.53731005528968545, -9.625325129531294266 ) ) ;
#4039 = EDGE_CURVE ( 'NONE', #1407, #645, #2852, .T. ) ;
#4040 = DIRECTION ( 'NONE',  ( -1.000000000000000000, 0.000000000000000000, 0.000000000000000000 ) ) ;
#4041 = EDGE_CURVE ( 'NONE', #272, #3489, #1672, .T. ) ;
#4042 = VERTEX_POINT ( 'NONE', #7358 ) ;
#4043 = AXIS2_PLACEMENT_3D ( 'NONE', #424, #4079, #3417 ) ;
#4044 = DIRECTION ( 'NONE',  ( 1.000000000000000000, 0.000000000000000000, 0.000000000000000000 ) ) ;
#4045 = LINE ( 'NONE', #5329, #3569 ) ;
#4046 = CARTESIAN_POINT ( 'NONE',  ( 0.000000000000000000, 7.500000000000000000, -19.49625977300445356 ) ) ;
#4047 = VERTEX_POINT ( 'NONE', #5370 ) ;
#4048 = CARTESIAN_POINT ( 'NONE',  ( -60.00000000000000000, 8.099999999999999645, -8.000000000000000000 ) ) ;
#4049 = CARTESIAN_POINT ( 'NONE',  ( 2.375000000000005773, 7.500000000000000000, -28.49625977300445356 ) ) ;
#4050 = CARTESIAN_POINT ( 'NONE',  ( 18.54999999999999716, 10.80000000000000071, 35.44999999999961204 ) ) ;
#4051 = DIRECTION ( 'NONE',  ( 0.9612616959383174509, -0.2756373558170042704, 0.000000000000000000 ) ) ;
#4052 = CARTESIAN_POINT ( 'NONE',  ( 0.000000000000000000, 7.500000000000000000, 19.49625977300367552 ) ) ;
#4053 = LINE ( 'NONE', #4508, #202 ) ;
#4054 = ORIENTED_EDGE ( 'NONE', *, *, #2351, .T. ) ;
#4055 = ORIENTED_EDGE ( 'NONE', *, *, #5942, .F. ) ;
#4056 = VECTOR ( 'NONE', #7159, 1000.000000000000000 ) ;
#4057 = EDGE_LOOP ( 'NONE', ( #1279, #1598, #4130, #1224 ) ) ;
#4058 = LINE ( 'NONE', #5961, #6456 ) ;
#4059 = CARTESIAN_POINT ( 'NONE',  ( -53.44999999999999574, 10.80000000000000071, -27.55000000000038796 ) ) ;
#4060 = CARTESIAN_POINT ( 'NONE',  ( -40.07937528197221866, 29.75245638442229534, 4.115470582971386015 ) ) ;
#4061 = EDGE_LOOP ( 'NONE', ( #6992, #4192, #4235, #2542 ) ) ;
#4062 = ORIENTED_EDGE ( 'NONE', *, *, #5685, .F. ) ;
#4063 = ORIENTED_EDGE ( 'NONE', *, *, #6965, .F. ) ;
#4064 = DIRECTION ( 'NONE',  ( -0.000000000000000000, 0.9612616959383180060, 0.2756373558170023830 ) ) ;
#4065 = CARTESIAN_POINT ( 'NONE',  ( 52.80943399447264852, 8.566080860090405480, 1.190566005526970450 ) ) ;
#4066 = EDGE_CURVE ( 'NONE', #5362, #258, #5985, .T. ) ;
#4067 = ADVANCED_FACE ( 'NONE', ( #7894 ), #7853, .F. ) ;
#4068 = EDGE_CURVE ( 'NONE', #8017, #7655, #7227, .T. ) ;
#4069 = ORIENTED_EDGE ( 'NONE', *, *, #1067, .F. ) ;
#4070 = ORIENTED_EDGE ( 'NONE', *, *, #435, .T. ) ;
#4071 = ORIENTED_EDGE ( 'NONE', *, *, #392, .F. ) ;
#4072 = LINE ( 'NONE', #7214, #5032 ) ;
#4073 = CARTESIAN_POINT ( 'NONE',  ( -0.5500000000000088152, 7.500000000000000000, -35.45000000000000284 ) ) ;
#4074 = VECTOR ( 'NONE', #5584, 1000.000000000000114 ) ;
#4075 = LINE ( 'NONE', #6726, #5409 ) ;
#4076 = VECTOR ( 'NONE', #5696, 1000.000000000000114 ) ;
#4077 = ORIENTED_EDGE ( 'NONE', *, *, #4719, .T. ) ;
#4078 = ORIENTED_EDGE ( 'NONE', *, *, #5065, .F. ) ;
#4079 = DIRECTION ( 'NONE',  ( 1.000000000000000000, 0.000000000000000000, 0.000000000000000000 ) ) ;
#4080 = VECTOR ( 'NONE', #4827, 1000.000000000000000 ) ;
#4081 = DIRECTION ( 'NONE',  ( -0.000000000000000000, -0.000000000000000000, 1.000000000000000000 ) ) ;
#4082 = VECTOR ( 'NONE', #4274, 1000.000000000000000 ) ;
#4083 = DIRECTION ( 'NONE',  ( -0.8164965809277230369, -0.5773502691896301720, 0.000000000000000000 ) ) ;
#4084 = CARTESIAN_POINT ( 'NONE',  ( -51.62500000000000000, 10.53731005528970854, 27.62532512953050201 ) ) ;
#4085 = VECTOR ( 'NONE', #1047, 1000.000000000000000 ) ;
#4086 = ORIENTED_EDGE ( 'NONE', *, *, #1260, .T. ) ;
#4087 = CARTESIAN_POINT ( 'NONE',  ( -0.4124163967275039089, 7.271022431965715960, 7.438081965919443483 ) ) ;
#4088 = VECTOR ( 'NONE', #2853, 1000.000000000000000 ) ;
#4089 = CARTESIAN_POINT ( 'NONE',  ( 51.62500000000000000, 10.80000000000000071, 0.000000000000000000 ) ) ;
#4090 = ADVANCED_FACE ( 'NONE', ( #4796 ), #3596, .F. ) ;
#4091 = DIRECTION ( 'NONE',  ( -0.2756373558170042704, 0.9612616959383174509, 0.000000000000000000 ) ) ;
#4092 = VECTOR ( 'NONE', #4237, 1000.000000000000114 ) ;
#4093 = EDGE_LOOP ( 'NONE', ( #7784, #4893, #3346, #6705 ) ) ;
#4094 = CARTESIAN_POINT ( 'NONE',  ( 52.80943399447264142, 8.566080860090410809, 10.19056600552696956 ) ) ;
#4095 = CARTESIAN_POINT ( 'NONE',  ( -17.37467487046910009, 10.53731005528970144, 33.62500000000000000 ) ) ;
#4096 = CARTESIAN_POINT ( 'NONE',  ( -10.19056600552722536, 8.566080860090853122, 34.80943399447238562 ) ) ;
#4097 = CARTESIAN_POINT ( 'NONE',  ( -29.37500000000000000, 10.80000000000000426, -33.62500000000000000 ) ) ;
#4098 = DIRECTION ( 'NONE',  ( -0.000000000000000000, -1.000000000000000000, -0.000000000000000000 ) ) ;
#4099 = CARTESIAN_POINT ( 'NONE',  ( 60.02027957955104398, 10.49999999999999822, -31.94921176768562177 ) ) ;
#4100 = ORIENTED_EDGE ( 'NONE', *, *, #3851, .F. ) ;
#4101 = VECTOR ( 'NONE', #436, 1000.000000000000114 ) ;
#4102 = ORIENTED_EDGE ( 'NONE', *, *, #3895, .T. ) ;
#4103 = ORIENTED_EDGE ( 'NONE', *, *, #5519, .T. ) ;
#4104 = ORIENTED_EDGE ( 'NONE', *, *, #6631, .F. ) ;
#4105 = FACE_OUTER_BOUND ( 'NONE', #3090, .T. ) ;
#4106 = DIRECTION ( 'NONE',  ( 1.000000000000000000, 0.000000000000000000, 0.000000000000000000 ) ) ;
#4107 = DIRECTION ( 'NONE',  ( 0.4856429311786325531, -0.8741572761215374854, -0.000000000000000000 ) ) ;
#4108 = EDGE_CURVE ( 'NONE', #1271, #3546, #2240, .T. ) ;
#4109 = VERTEX_POINT ( 'NONE', #3507 ) ;
#4110 = EDGE_CURVE ( 'NONE', #646, #5831, #2369, .T. ) ;
#4111 = ORIENTED_EDGE ( 'NONE', *, *, #2039, .F. ) ;
#4112 = CARTESIAN_POINT ( 'NONE',  ( -0.5499999999999949374, 10.80000000000000071, 35.44999999999961204 ) ) ;
#4113 = AXIS2_PLACEMENT_3D ( 'NONE', #2968, #1698, #6182 ) ;
#4114 = VERTEX_POINT ( 'NONE', #4214 ) ;
#4115 = ORIENTED_EDGE ( 'NONE', *, *, #1305, .T. ) ;
#4116 = ORIENTED_EDGE ( 'NONE', *, *, #8151, .T. ) ;
#4117 = CARTESIAN_POINT ( 'NONE',  ( 0.000000000000000000, 7.500000000000000000, 7.503740226995549101 ) ) ;
#4118 = EDGE_CURVE ( 'NONE', #7464, #5015, #6028, .T. ) ;
#4119 = DIRECTION ( 'NONE',  ( 0.000000000000000000, 0.000000000000000000, 1.000000000000000000 ) ) ;
#4120 = VECTOR ( 'NONE', #7184, 1000.000000000000000 ) ;
#4121 = DIRECTION ( 'NONE',  ( -0.000000000000000000, -0.000000000000000000, 1.000000000000000000 ) ) ;
#4122 = EDGE_LOOP ( 'NONE', ( #4374, #2492, #2434, #7342, #2664, #6140, #759, #6277, #4462, #7428, #6369, #3232, #1332, #4100, #7055, #5092, #4430, #7298, #978, #1911, #954, #1692, #5396, #394 ) ) ;
#4123 = ORIENTED_EDGE ( 'NONE', *, *, #4617, .F. ) ;
#4124 = VECTOR ( 'NONE', #4461, 1000.000000000000114 ) ;
#4125 = DIRECTION ( 'NONE',  ( -1.000000000000000000, 0.000000000000000000, 0.000000000000000000 ) ) ;
#4126 = ADVANCED_FACE ( 'NONE', ( #5947 ), #2811, .F. ) ;
#4127 = CARTESIAN_POINT ( 'NONE',  ( 62.00000000000000000, 7.500000000000000000, 34.00000000000000000 ) ) ;
#4128 = DIRECTION ( 'NONE',  ( -0.4999999999999978906, -0.7071067811865504593, -0.4999999999999978906 ) ) ;
#4129 = LINE ( 'NONE', #2327, #6713 ) ;
#4130 = ORIENTED_EDGE ( 'NONE', *, *, #2758, .T. ) ;
#4131 = CARTESIAN_POINT ( 'NONE',  ( 2.375000000000005773, 10.80000000000000071, 0.000000000000000000 ) ) ;
#4132 = VECTOR ( 'NONE', #8034, 1000.000000000000000 ) ;
#4133 = EDGE_CURVE ( 'NONE', #3130, #6551, #4701, .T. ) ;
#4134 = LINE ( 'NONE', #339, #5419 ) ;
#4135 = CARTESIAN_POINT ( 'NONE',  ( -52.80943399447264852, 8.566080860090394822, -28.19056600552774583 ) ) ;
#4136 = ORIENTED_EDGE ( 'NONE', *, *, #4440, .F. ) ;
#4137 = DIRECTION ( 'NONE',  ( -0.9612616959383175619, -0.2756373558170040483, 0.000000000000000000 ) ) ;
#4138 = PLANE ( 'NONE',  #1583 ) ;
#4139 = CARTESIAN_POINT ( 'NONE',  ( 2.375000000000005773, 10.53731005528968545, -0.6253251295312858282 ) ) ;
#4140 = LINE ( 'NONE', #6662, #3139 ) ;
#4141 = DIRECTION ( 'NONE',  ( 0.000000000000000000, -0.9612616959383174509, 0.2756373558170042704 ) ) ;
#4142 = DIRECTION ( 'NONE',  ( -0.000000000000000000, -0.2756373558170042704, -0.9612616959383174509 ) ) ;
#4143 = EDGE_LOOP ( 'NONE', ( #7607, #800, #7598, #87 ) ) ;
#4144 = ORIENTED_EDGE ( 'NONE', *, *, #5257, .T. ) ;
#4145 = ORIENTED_EDGE ( 'NONE', *, *, #3409, .T. ) ;
#4146 = ORIENTED_EDGE ( 'NONE', *, *, #73, .F. ) ;
#4147 = CARTESIAN_POINT ( 'NONE',  ( -53.44999999999999574, 10.80000000000000071, 0.5499999999996132427 ) ) ;
#4148 = LINE ( 'NONE', #7376, #6874 ) ;
#4149 = CARTESIAN_POINT ( 'NONE',  ( -51.62500000000000711, 10.53731005528969256, -27.62532512953128716 ) ) ;
#4150 = ADVANCED_FACE ( 'NONE', ( #1755 ), #8063, .F. ) ;
#4151 = ORIENTED_EDGE ( 'NONE', *, *, #4671, .F. ) ;
#4152 = AXIS2_PLACEMENT_3D ( 'NONE', #5699, #51, #4929 ) ;
#4153 = EDGE_LOOP ( 'NONE', ( #4438, #7478, #1154, #4400 ) ) ;
#4154 = LINE ( 'NONE', #7876, #5315 ) ;
#4155 = VERTEX_POINT ( 'NONE', #6156 ) ;
#4156 = EDGE_LOOP ( 'NONE', ( #7559, #1542, #7923, #3736 ) ) ;
#4157 = VECTOR ( 'NONE', #962, 1000.000000000000000 ) ;
#4158 = EDGE_LOOP ( 'NONE', ( #4941, #8075, #7955, #3769 ) ) ;
#4159 = PLANE ( 'NONE',  #1622 ) ;
#4160 = DIRECTION ( 'NONE',  ( -0.2657276780299913099, -0.9267025424900799946, 0.2657276780299913099 ) ) ;
#4161 = DIRECTION ( 'NONE',  ( -0.000000000000000000, -1.000000000000000000, -0.000000000000000000 ) ) ;
#4162 = EDGE_CURVE ( 'NONE', #5259, #2633, #7405, .T. ) ;
#4163 = ORIENTED_EDGE ( 'NONE', *, *, #5613, .T. ) ;
#4164 = VERTEX_POINT ( 'NONE', #507 ) ;
#4165 = DIRECTION ( 'NONE',  ( -0.000000000000000000, 0.000000000000000000, -1.000000000000000000 ) ) ;
#4166 = PLANE ( 'NONE',  #1235 ) ;
#4167 = PLANE ( 'NONE',  #408 ) ;
#4168 = LINE ( 'NONE', #3420, #4593 ) ;
#4169 = EDGE_CURVE ( 'NONE', #842, #1965, #3313, .T. ) ;
#4170 = ORIENTED_EDGE ( 'NONE', *, *, #1370, .T. ) ;
#4171 = VECTOR ( 'NONE', #6443, 1000.000000000000000 ) ;
#4172 = DIRECTION ( 'NONE',  ( -0.000000000000000000, -0.000000000000000000, 1.000000000000000000 ) ) ;
#4173 = FACE_OUTER_BOUND ( 'NONE', #6482, .T. ) ;
#4174 = ADVANCED_FACE ( 'NONE', ( #2127 ), #4507, .T. ) ;
#4175 = ADVANCED_FACE ( 'NONE', ( #3847 ), #7820, .T. ) ;
#4176 = EDGE_CURVE ( 'NONE', #5097, #3889, #3927, .T. ) ;
#4177 = DIRECTION ( 'NONE',  ( 0.000000000000000000, -0.000000000000000000, -1.000000000000000000 ) ) ;
#4178 = CARTESIAN_POINT ( 'NONE',  ( 53.44999999999999574, 10.80000000000000071, 8.449999999999617373 ) ) ;
#4179 = DIRECTION ( 'NONE',  ( -0.7071067811865452413, 0.000000000000000000, 0.7071067811865497932 ) ) ;
#4180 = CARTESIAN_POINT ( 'NONE',  ( 26.45000000000000284, 10.80000000000000071, -27.55000000000038796 ) ) ;
#4181 = VECTOR ( 'NONE', #2024, 1000.000000000000114 ) ;
#4182 = LINE ( 'NONE', #1680, #3257 ) ;
#4183 = DIRECTION ( 'NONE',  ( 1.000000000000000000, 0.000000000000000000, 0.000000000000000000 ) ) ;
#4184 = CARTESIAN_POINT ( 'NONE',  ( 2.375000000000005773, 10.80000000000000426, -0.5500000000003835154 ) ) ;
#4185 = ORIENTED_EDGE ( 'NONE', *, *, #296, .T. ) ;
#4186 = ORIENTED_EDGE ( 'NONE', *, *, #647, .F. ) ;
#4187 = ORIENTED_EDGE ( 'NONE', *, *, #3252, .T. ) ;
#4188 = ORIENTED_EDGE ( 'NONE', *, *, #6858, .F. ) ;
#4189 = DIRECTION ( 'NONE',  ( 1.000000000000000000, 0.000000000000000000, 0.000000000000000000 ) ) ;
#4190 = CARTESIAN_POINT ( 'NONE',  ( -51.62500000000000000, 10.80000000000000426, -33.62500000000000000 ) ) ;
#4191 = LINE ( 'NONE', #4770, #1520 ) ;
#4192 = ORIENTED_EDGE ( 'NONE', *, *, #1159, .T. ) ;
#4193 = VERTEX_POINT ( 'NONE', #1466 ) ;
#4194 = DIRECTION ( 'NONE',  ( 0.000000000000000000, 0.000000000000000000, -1.000000000000000000 ) ) ;
#4195 = VECTOR ( 'NONE', #137, 1000.000000000000114 ) ;
#4196 = EDGE_CURVE ( 'NONE', #7925, #2138, #5251, .T. ) ;
#4197 = ORIENTED_EDGE ( 'NONE', *, *, #5903, .F. ) ;
#4198 = ORIENTED_EDGE ( 'NONE', *, *, #3764, .F. ) ;
#4199 = EDGE_CURVE ( 'NONE', #4436, #32, #6493, .T. ) ;
#4200 = ORIENTED_EDGE ( 'NONE', *, *, #7012, .F. ) ;
#4201 = FACE_OUTER_BOUND ( 'NONE', #1163, .T. ) ;
#4202 = CARTESIAN_POINT ( 'NONE',  ( 51.62500000000000000, 10.80000000000000071, 0.000000000000000000 ) ) ;
#4203 = VECTOR ( 'NONE', #297, 1000.000000000000114 ) ;
#4204 = ADVANCED_FACE ( 'NONE', ( #3887 ), #757, .F. ) ;
#4205 = DIRECTION ( 'NONE',  ( 0.000000000000000000, 0.9612616959383174509, -0.2756373558170039373 ) ) ;
#4206 = ORIENTED_EDGE ( 'NONE', *, *, #2136, .F. ) ;
#4207 = ORIENTED_EDGE ( 'NONE', *, *, #3161, .T. ) ;
#4208 = DIRECTION ( 'NONE',  ( -0.9612616959383174509, -0.2756373558170042704, 0.000000000000000000 ) ) ;
#4209 = LINE ( 'NONE', #3501, #2015 ) ;
#4210 = DIRECTION ( 'NONE',  ( -0.2386847610229713423, -0.8323926831162092865, 0.5001519828512179799 ) ) ;
#4211 = CARTESIAN_POINT ( 'NONE',  ( 2.375000000000005773, 7.500000000000000000, -25.50374022699630672 ) ) ;
#4212 = EDGE_CURVE ( 'NONE', #8079, #5524, #264, .T. ) ;
#4213 = VERTEX_POINT ( 'NONE', #1339 ) ;
#4214 = CARTESIAN_POINT ( 'NONE',  ( 61.43449314192414334, 10.49999999999999822, -33.36342533005872468 ) ) ;
#4216 = EDGE_CURVE ( 'NONE', #2575, #6915, #2783, .T. ) ;
#4215 = VECTOR ( 'NONE', #826, 1000.000000000000000 ) ;
#4217 = VECTOR ( 'NONE', #7849, 1000.000000000000114 ) ;
#4218 = LINE ( 'NONE', #6740, #5798 ) ;
#4219 = LINE ( 'NONE', #6741, #3170 ) ;
#4220 = LINE ( 'NONE', #7320, #5431 ) ;
#4221 = CARTESIAN_POINT ( 'NONE',  ( -0.5500000000000088152, 7.500000000000007105, 35.45000000000000995 ) ) ;
#4222 = CARTESIAN_POINT ( 'NONE',  ( 51.62500000000000000, 10.80000000000000071, 0.000000000000000000 ) ) ;
#4223 = VECTOR ( 'NONE', #5548, 1000.000000000000000 ) ;
#4224 = LINE ( 'NONE', #7949, #761 ) ;
#4225 = CARTESIAN_POINT ( 'NONE',  ( -18.62532512953089281, 10.53731005528970144, 33.62500000000000000 ) ) ;
#4226 = DIRECTION ( 'NONE',  ( 1.000000000000000000, 0.000000000000000000, 0.000000000000000000 ) ) ;
#4227 = VECTOR ( 'NONE', #77, 1000.000000000000000 ) ;
#4228 = AXIS2_PLACEMENT_3D ( 'NONE', #5738, #3807, #5705 ) ;
#4229 = EDGE_CURVE ( 'NONE', #1732, #4595, #6448, .T. ) ;
#4230 = ORIENTED_EDGE ( 'NONE', *, *, #355, .F. ) ;
#4231 = EDGE_CURVE ( 'NONE', #1645, #1372, #5168, .T. ) ;
#4232 = VECTOR ( 'NONE', #6201, 1000.000000000000000 ) ;
#4233 = ORIENTED_EDGE ( 'NONE', *, *, #5054, .F. ) ;
#4234 = ORIENTED_EDGE ( 'NONE', *, *, #6087, .F. ) ;
#4235 = ORIENTED_EDGE ( 'NONE', *, *, #8009, .F. ) ;
#4236 = CARTESIAN_POINT ( 'NONE',  ( -36.54999999999999005, 10.80000000000000071, 35.44999999999961204 ) ) ;
#4237 = DIRECTION ( 'NONE',  ( -0.5001519828512179799, 0.8323926831162092865, -0.2386847610229711203 ) ) ;
#4238 = CARTESIAN_POINT ( 'NONE',  ( -1.190566005527361026, 8.566080860090400151, -19.19056600552774583 ) ) ;
#4239 = EDGE_CURVE ( 'NONE', #3956, #5107, #7649, .T. ) ;
#4240 = ORIENTED_EDGE ( 'NONE', *, *, #7686, .T. ) ;
#4241 = ORIENTED_EDGE ( 'NONE', *, *, #699, .F. ) ;
#4242 = CARTESIAN_POINT ( 'NONE',  ( 34.84860391724589590, 16.73347327369081938, 37.15139608275371330 ) ) ;
#4243 = ORIENTED_EDGE ( 'NONE', *, *, #3445, .T. ) ;
#4244 = ORIENTED_EDGE ( 'NONE', *, *, #7255, .T. ) ;
#4245 = VERTEX_POINT ( 'NONE', #5828 ) ;
#4246 = CARTESIAN_POINT ( 'NONE',  ( -47.73571359999212405, 22.25864506693676503, -26.58211138907234528 ) ) ;
#4247 = VECTOR ( 'NONE', #5612, 1000.000000000000227 ) ;
#4248 = DIRECTION ( 'NONE',  ( 0.000000000000000000, 0.000000000000000000, -1.000000000000000000 ) ) ;
#4249 = CARTESIAN_POINT ( 'NONE',  ( 9.550000000000002487, 10.80000000000000071, 35.44999999999961204 ) ) ;
#4250 = ORIENTED_EDGE ( 'NONE', *, *, #1104, .T. ) ;
#4252 = ORIENTED_EDGE ( 'NONE', *, *, #8163, .T. ) ;
#4251 = DIRECTION ( 'NONE',  ( 1.000000000000000000, 0.000000000000000000, 0.000000000000000000 ) ) ;
#4253 = DIRECTION ( 'NONE',  ( 1.000000000000000000, 0.000000000000000000, 0.000000000000000000 ) ) ;
#4254 = CARTESIAN_POINT ( 'NONE',  ( 0.5499999999999949374, 10.80000000000000071, -18.55000000000037730 ) ) ;
#4255 = CARTESIAN_POINT ( 'NONE',  ( 33.26428640000786885, 22.25864506693676859, -26.58211138907234172 ) ) ;
#4256 = PLANE ( 'NONE',  #4633 ) ;
#4257 = ORIENTED_EDGE ( 'NONE', *, *, #1668, .F. ) ;
#4258 = CARTESIAN_POINT ( 'NONE',  ( 52.80943399447264852, 8.566080860090401927, 0.000000000000000000 ) ) ;
#4259 = CARTESIAN_POINT ( 'NONE',  ( 57.89895923599142691, 7.500000000000000000, -36.89895923599147665 ) ) ;
#4260 = DIRECTION ( 'NONE',  ( -1.000000000000000000, -0.000000000000000000, -0.000000000000000000 ) ) ;
#4261 = DIRECTION ( 'NONE',  ( 1.000000000000000000, 0.000000000000000000, 0.000000000000000000 ) ) ;
#4262 = FACE_OUTER_BOUND ( 'NONE', #4005, .T. ) ;
#4263 = LINE ( 'NONE', #5467, #6939 ) ;
#4264 = CARTESIAN_POINT ( 'NONE',  ( -2.375000000000006217, 10.53731005528968723, -26.37467487046947312 ) ) ;
#4265 = LINE ( 'NONE', #5550, #4581 ) ;
#4266 = PLANE ( 'NONE',  #1593 ) ;
#4267 = AXIS2_PLACEMENT_3D ( 'NONE', #176, #3425, #6439 ) ;
#4268 = CARTESIAN_POINT ( 'NONE',  ( -8.449999999999999289, 10.80000000000000426, -33.62500000000000000 ) ) ;
#4269 = ORIENTED_EDGE ( 'NONE', *, *, #1381, .F. ) ;
#4270 = VERTEX_POINT ( 'NONE', #4631 ) ;
#4271 = VERTEX_POINT ( 'NONE', #2693 ) ;
#4272 = VERTEX_POINT ( 'NONE', #183 ) ;
#4273 = ORIENTED_EDGE ( 'NONE', *, *, #1483, .T. ) ;
#4274 = DIRECTION ( 'NONE',  ( 1.000000000000000000, 0.000000000000000000, 0.000000000000000000 ) ) ;
#4275 = ADVANCED_FACE ( 'NONE', ( #5124 ), #719, .T. ) ;
#4276 = DIRECTION ( 'NONE',  ( -0.000000000000000000, -1.000000000000000000, -0.000000000000000000 ) ) ;
#4277 = CARTESIAN_POINT ( 'NONE',  ( 26.45000000000000284, 7.500000000000000000, 35.45000000000000995 ) ) ;
#4278 = EDGE_CURVE ( 'NONE', #5434, #3997, #7160, .T. ) ;
#4279 = ORIENTED_EDGE ( 'NONE', *, *, #4212, .F. ) ;
#4280 = VERTEX_POINT ( 'NONE', #887 ) ;
#4281 = ORIENTED_EDGE ( 'NONE', *, *, #7403, .F. ) ;
#4282 = ORIENTED_EDGE ( 'NONE', *, *, #1910, .T. ) ;
#4283 = DIRECTION ( 'NONE',  ( 0.9612616959383174509, -0.2756373558170042704, 0.000000000000000000 ) ) ;
#4284 = AXIS2_PLACEMENT_3D ( 'NONE', #7124, #6005, #193 ) ;
#4285 = CARTESIAN_POINT ( 'NONE',  ( -28.19056600552735148, 8.566080860090391269, -34.80943399447265563 ) ) ;
#4286 = CARTESIAN_POINT ( 'NONE',  ( 1.190566005527361026, 8.566080860090398374, -25.80943399447301445 ) ) ;
#4287 = AXIS2_PLACEMENT_3D ( 'NONE', #4591, #1467, #851 ) ;
#4289 = ORIENTED_EDGE ( 'NONE', *, *, #7048, .F. ) ;
#4288 = PLANE ( 'NONE',  #352 ) ;
#4290 = DIRECTION ( 'NONE',  ( 0.000000000000000000, 0.000000000000000000, -1.000000000000000000 ) ) ;
#4291 = EDGE_CURVE ( 'NONE', #6576, #2283, #5297, .T. ) ;
#4292 = CARTESIAN_POINT ( 'NONE',  ( -53.44999999999999574, -11.50000000000000000, 35.44999999999998863 ) ) ;
#4293 = LINE ( 'NONE', #6818, #2114 ) ;
#4294 = LINE ( 'NONE', #7440, #6434 ) ;
#4295 = EDGE_LOOP ( 'NONE', ( #7226, #5195, #5604, #6336, #837, #2995, #3857, #2617 ) ) ;
#4296 = CARTESIAN_POINT ( 'NONE',  ( -9.625325129530892809, 10.53731005528970144, 33.62500000000000000 ) ) ;
#4297 = DIRECTION ( 'NONE',  ( -0.2756373558170042704, 0.9612616959383174509, 0.000000000000000000 ) ) ;
#4298 = EDGE_CURVE ( 'NONE', #5321, #5966, #5742, .T. ) ;
#4299 = EDGE_CURVE ( 'NONE', #1573, #1107, #2000, .T. ) ;
#4300 = DIRECTION ( 'NONE',  ( 0.000000000000000000, 0.000000000000000000, 1.000000000000000000 ) ) ;
#4301 = LINE ( 'NONE', #669, #3647 ) ;
#4302 = DIRECTION ( 'NONE',  ( -1.000000000000000000, 0.000000000000000000, 0.000000000000000000 ) ) ;
#4303 = EDGE_CURVE ( 'NONE', #993, #5839, #4711, .T. ) ;
#4304 = CARTESIAN_POINT ( 'NONE',  ( 0.5499999999999949374, 10.80000000000000071, 27.54999999999960991 ) ) ;
#4305 = VECTOR ( 'NONE', #1216, 1000.000000000000114 ) ;
#4306 = CARTESIAN_POINT ( 'NONE',  ( -1.190566005527361249, 8.566080860090398374, 0.000000000000000000 ) ) ;
#4307 = CARTESIAN_POINT ( 'NONE',  ( -2.375000000000005773, 7.500000000000000000, 7.503740226995549101 ) ) ;
#4308 = LINE ( 'NONE', #5045, #4412 ) ;
#4309 = ORIENTED_EDGE ( 'NONE', *, *, #3306, .F. ) ;
#4310 = ORIENTED_EDGE ( 'NONE', *, *, #8122, .F. ) ;
#4311 = ADVANCED_FACE ( 'NONE', ( #7325 ), #5470, .F. ) ;
#4312 = VECTOR ( 'NONE', #4379, 1000.000000000000227 ) ;
#4313 = ORIENTED_EDGE ( 'NONE', *, *, #4216, .F. ) ;
#4314 = ORIENTED_EDGE ( 'NONE', *, *, #4708, .F. ) ;
#4315 = DIRECTION ( 'NONE',  ( -0.000000000000000000, 0.000000000000000000, 1.000000000000000000 ) ) ;
#4316 = DIRECTION ( 'NONE',  ( -1.000000000000000000, 0.000000000000000000, 0.000000000000000000 ) ) ;
#4317 = DIRECTION ( 'NONE',  ( 0.000000000000000000, 0.000000000000000000, -1.000000000000000000 ) ) ;
#4318 = EDGE_LOOP ( 'NONE', ( #2791, #7544, #3098, #7170 ) ) ;
#4319 = AXIS2_PLACEMENT_3D ( 'NONE', #502, #3015, #4290 ) ;
#4320 = VERTEX_POINT ( 'NONE', #6747 ) ;
#4321 = ORIENTED_EDGE ( 'NONE', *, *, #2110, .F. ) ;
#4322 = ORIENTED_EDGE ( 'NONE', *, *, #5677, .T. ) ;
#4323 = DIRECTION ( 'NONE',  ( 0.000000000000000000, -0.2756373558170042704, 0.9612616959383174509 ) ) ;
#4324 = EDGE_CURVE ( 'NONE', #2257, #5557, #1548, .T. ) ;
#4325 = VECTOR ( 'NONE', #2336, 1000.000000000000000 ) ;
#4326 = ADVANCED_FACE ( 'NONE', ( #1719 ), #2989, .F. ) ;
#4327 = CARTESIAN_POINT ( 'NONE',  ( -45.62532512953087860, 10.53731005528974229, -33.62500000000000000 ) ) ;
#4328 = ADVANCED_FACE ( 'NONE', ( #6084 ), #1681, .F. ) ;
#4329 = VECTOR ( 'NONE', #3102, 1000.000000000000114 ) ;
#4330 = CARTESIAN_POINT ( 'NONE',  ( 42.26428640000786885, 22.25864506693674727, 26.58211138907232041 ) ) ;
#4332 = EDGE_LOOP ( 'NONE', ( #3116, #2698, #1364, #4940 ) ) ;
#4331 = CARTESIAN_POINT ( 'NONE',  ( 26.37467487046908943, 10.53731005528967302, 33.62500000000000000 ) ) ;
#4333 = DIRECTION ( 'NONE',  ( -0.000000000000000000, -1.000000000000000000, -0.000000000000000000 ) ) ;
#4334 = DIRECTION ( 'NONE',  ( -0.000000000000000000, 1.000000000000000000, -0.000000000000000000 ) ) ;
#4335 = ADVANCED_FACE ( 'NONE', ( #5428 ), #7950, .F. ) ;
#4336 = DIRECTION ( 'NONE',  ( -0.9612616959383174509, -0.2756373558170042704, 0.000000000000000000 ) ) ;
#4337 = ORIENTED_EDGE ( 'NONE', *, *, #7882, .F. ) ;
#4338 = VECTOR ( 'NONE', #2367, 1000.000000000000114 ) ;
#4339 = DIRECTION ( 'NONE',  ( -0.2657276780299911434, -0.9267025424900801056, 0.2657276780299911434 ) ) ;
#4340 = CARTESIAN_POINT ( 'NONE',  ( -51.62500000000000000, 10.53731005528969433, -17.37467487046948023 ) ) ;
#4341 = LINE ( 'NONE', #7484, #1731 ) ;
#4342 = DIRECTION ( 'NONE',  ( -0.7071067811865452413, 0.000000000000000000, -0.7071067811865497932 ) ) ;
#4343 = CARTESIAN_POINT ( 'NONE',  ( 0.000000000000000000, 7.500000000000000000, -19.49625977300445356 ) ) ;
#4344 = DIRECTION ( 'NONE',  ( 0.000000000000000000, -0.000000000000000000, 1.000000000000000000 ) ) ;
#4345 = DIRECTION ( 'NONE',  ( 0.000000000000000000, -0.9612616959383180060, 0.2756373558170023830 ) ) ;
#4346 = LINE ( 'NONE', #5697, #5650 ) ;
#4347 = VECTOR ( 'NONE', #7064, 1000.000000000000114 ) ;
#4348 = CARTESIAN_POINT ( 'NONE',  ( -52.80943399447264852, 8.566080860090432125, -1.190566005527728954 ) ) ;
#4349 = ORIENTED_EDGE ( 'NONE', *, *, #3620, .T. ) ;
#4350 = AXIS2_PLACEMENT_3D ( 'NONE', #6244, #4344, #708 ) ;
#4351 = ORIENTED_EDGE ( 'NONE', *, *, #6682, .T. ) ;
#4352 = ORIENTED_EDGE ( 'NONE', *, *, #4324, .F. ) ;
#4353 = VERTEX_POINT ( 'NONE', #2861 ) ;
#4354 = LINE ( 'NONE', #1956, #1736 ) ;
#4355 = DIRECTION ( 'NONE',  ( 0.2657276780299911434, 0.9267025424900801056, 0.2657276780299911434 ) ) ;
#4356 = CARTESIAN_POINT ( 'NONE',  ( 51.62500000000000000, 10.80000000000000071, 0.000000000000000000 ) ) ;
#4357 = AXIS2_PLACEMENT_3D ( 'NONE', #2709, #7133, #3372 ) ;
#4358 = AXIS2_PLACEMENT_3D ( 'NONE', #2087, #3322, #7204 ) ;
#4359 = VECTOR ( 'NONE', #4177, 1000.000000000000000 ) ;
#4360 = EDGE_LOOP ( 'NONE', ( #1087, #6388, #1233, #791 ) ) ;
#4361 = AXIS2_PLACEMENT_3D ( 'NONE', #2199, #7984, #509 ) ;
#4362 = ORIENTED_EDGE ( 'NONE', *, *, #3469, .F. ) ;
#4363 = VERTEX_POINT ( 'NONE', #440 ) ;
#4364 = EDGE_CURVE ( 'NONE', #1468, #1844, #3476, .T. ) ;
#4365 = VECTOR ( 'NONE', #6328, 1000.000000000000114 ) ;
#4366 = EDGE_CURVE ( 'NONE', #7781, #2851, #4670, .T. ) ;
#4367 = VECTOR ( 'NONE', #7773, 999.9999999999998863 ) ;
#4368 = ORIENTED_EDGE ( 'NONE', *, *, #5442, .T. ) ;
#4369 = DIRECTION ( 'NONE',  ( -0.000000000000000000, -0.000000000000000000, -1.000000000000000000 ) ) ;
#4370 = VECTOR ( 'NONE', #3309, 1000.000000000000000 ) ;
#4371 = LINE ( 'NONE', #3749, #2625 ) ;
#4372 = EDGE_CURVE ( 'NONE', #7455, #2225, #5379, .T. ) ;
#4374 = ORIENTED_EDGE ( 'NONE', *, *, #7738, .T. ) ;
#4373 = LINE ( 'NONE', #6891, #7775 ) ;
#4375 = FACE_OUTER_BOUND ( 'NONE', #563, .T. ) ;
#4376 = ADVANCED_FACE ( 'NONE', ( #2950 ), #971, .F. ) ;
#4377 = VECTOR ( 'NONE', #1558, 1000.000000000000000 ) ;
#4378 = CARTESIAN_POINT ( 'NONE',  ( 61.43449314192414334, 7.500000000000000000, -33.36342533005872468 ) ) ;
#4379 = DIRECTION ( 'NONE',  ( -0.4999999999999978906, -0.7071067811865504593, 0.4999999999999978906 ) ) ;
#4380 = DIRECTION ( 'NONE',  ( 0.000000000000000000, 0.000000000000000000, -1.000000000000000000 ) ) ;
#4381 = DIRECTION ( 'NONE',  ( 0.000000000000000000, 0.000000000000000000, -1.000000000000000000 ) ) ;
#4382 = DIRECTION ( 'NONE',  ( -0.2756373558170042704, -0.9612616959383174509, 0.000000000000000000 ) ) ;
#4383 = DIRECTION ( 'NONE',  ( -1.000000000000000000, 0.000000000000000000, 0.000000000000000000 ) ) ;
#4384 = CARTESIAN_POINT ( 'NONE',  ( 1.190566005527357918, 8.566080860090394822, 10.19056600552697311 ) ) ;
#4385 = CARTESIAN_POINT ( 'NONE',  ( -53.24489371323137021, 10.08470937300049464, 9.755106286768237212 ) ) ;
#4386 = ORIENTED_EDGE ( 'NONE', *, *, #7098, .F. ) ;
#4387 = CARTESIAN_POINT ( 'NONE',  ( 61.43449314192414334, 7.500000000000000000, -33.36342533005872468 ) ) ;
#4388 = ORIENTED_EDGE ( 'NONE', *, *, #6533, .T. ) ;
#4389 = DIRECTION ( 'NONE',  ( 0.4999999999999957256, 0.7071067811865535679, 0.4999999999999957256 ) ) ;
#4390 = VECTOR ( 'NONE', #6689, 1000.000000000000000 ) ;
#4391 = VERTEX_POINT ( 'NONE', #4225 ) ;
#4392 = ORIENTED_EDGE ( 'NONE', *, *, #3006, .F. ) ;
#4393 = CARTESIAN_POINT ( 'NONE',  ( -2.375000000000006217, 10.53731005528968723, 0.6253251295305165547 ) ) ;
#4394 = CARTESIAN_POINT ( 'NONE',  ( -48.79638818434513325, -5.429073061943231693, -32.20361181565525044 ) ) ;
#4395 = VECTOR ( 'NONE', #2794, 1000.000000000000114 ) ;
#4396 = FACE_OUTER_BOUND ( 'NONE', #6876, .T. ) ;
#4397 = ORIENTED_EDGE ( 'NONE', *, *, #1565, .F. ) ;
#4398 = AXIS2_PLACEMENT_3D ( 'NONE', #461, #6681, #6598 ) ;
#4399 = ORIENTED_EDGE ( 'NONE', *, *, #6841, .T. ) ;
#4400 = ORIENTED_EDGE ( 'NONE', *, *, #1394, .T. ) ;
#4401 = EDGE_CURVE ( 'NONE', #7911, #1016, #927, .T. ) ;
#4402 = EDGE_CURVE ( 'NONE', #6601, #4042, #7197, .T. ) ;
#4403 = EDGE_CURVE ( 'NONE', #961, #953, #2251, .T. ) ;
#4404 = ORIENTED_EDGE ( 'NONE', *, *, #7385, .F. ) ;
#4405 = DIRECTION ( 'NONE',  ( -0.5150380749100545996, 0.8571673007021120005, 0.000000000000000000 ) ) ;
#4406 = DIRECTION ( 'NONE',  ( 0.000000000000000000, 0.000000000000000000, 1.000000000000000000 ) ) ;
#4408 = VERTEX_POINT ( 'NONE', #2907 ) ;
#4407 = FACE_OUTER_BOUND ( 'NONE', #1489, .T. ) ;
#4409 = CARTESIAN_POINT ( 'NONE',  ( -41.06738976402689190, -0.9965637948165171345, -32.06738976402728980 ) ) ;
#4410 = DIRECTION ( 'NONE',  ( -1.000000000000000000, -0.000000000000000000, -0.000000000000000000 ) ) ;
#4411 = DIRECTION ( 'NONE',  ( -0.000000000000000000, -0.000000000000000000, 1.000000000000000000 ) ) ;
#4412 = VECTOR ( 'NONE', #2455, 1000.000000000000114 ) ;
#4413 = EDGE_CURVE ( 'NONE', #5520, #6738, #5955, .T. ) ;
#4414 = LINE ( 'NONE', #1792, #6988 ) ;
#4415 = ORIENTED_EDGE ( 'NONE', *, *, #6229, .T. ) ;
#4416 = DIRECTION ( 'NONE',  ( 0.5001519828512179799, -0.8323926831162092865, 0.2386847610229711203 ) ) ;
#4417 = CARTESIAN_POINT ( 'NONE',  ( -36.54999999999999005, 10.80000000000000071, 33.62500000000000000 ) ) ;
#4418 = DIRECTION ( 'NONE',  ( 1.000000000000000000, 0.000000000000000000, 0.000000000000000000 ) ) ;
#4419 = LINE ( 'NONE', #672, #4076 ) ;
#4420 = VECTOR ( 'NONE', #431, 1000.000000000000000 ) ;
#4421 = CARTESIAN_POINT ( 'NONE',  ( 51.62500000000000000, 10.53731005528969256, 17.37467487046870218 ) ) ;
#4422 = ORIENTED_EDGE ( 'NONE', *, *, #1485, .F. ) ;
#4423 = LINE ( 'NONE', #7567, #2829 ) ;
#4424 = ORIENTED_EDGE ( 'NONE', *, *, #741, .F. ) ;
#4425 = EDGE_CURVE ( 'NONE', #3231, #2823, #307, .T. ) ;
#4426 = DIRECTION ( 'NONE',  ( -0.7071067811865452413, 0.000000000000000000, -0.7071067811865497932 ) ) ;
#4427 = EDGE_CURVE ( 'NONE', #3231, #4015, #6663, .T. ) ;
#4428 = EDGE_CURVE ( 'NONE', #1226, #5752, #6104, .T. ) ;
#4429 = ORIENTED_EDGE ( 'NONE', *, *, #4503, .F. ) ;
#4430 = ORIENTED_EDGE ( 'NONE', *, *, #7762, .F. ) ;
#4431 = DIRECTION ( 'NONE',  ( 0.5001519828512179799, -0.8323926831162092865, -0.2386847610229713423 ) ) ;
#4432 = CARTESIAN_POINT ( 'NONE',  ( 53.44999999999999574, 10.80000000000000071, -8.450000000000388312 ) ) ;
#4433 = LINE ( 'NONE', #2573, #6423 ) ;
#4434 = VERTEX_POINT ( 'NONE', #6555 ) ;
#4435 = VERTEX_POINT ( 'NONE', #3494 ) ;
#4436 = VERTEX_POINT ( 'NONE', #2971 ) ;
#4437 = AXIS2_PLACEMENT_3D ( 'NONE', #1204, #1825, #6187 ) ;
#4438 = ORIENTED_EDGE ( 'NONE', *, *, #7083, .F. ) ;
#4439 = ORIENTED_EDGE ( 'NONE', *, *, #5600, .F. ) ;
#4440 = EDGE_CURVE ( 'NONE', #4450, #7419, #2227, .T. ) ;
#4441 = CARTESIAN_POINT ( 'NONE',  ( -54.49999999999997868, 10.80000000000000426, -36.50000000000039080 ) ) ;
#4442 = FACE_OUTER_BOUND ( 'NONE', #7435, .T. ) ;
#4443 = EDGE_CURVE ( 'NONE', #5236, #5638, #4031, .T. ) ;
#4444 = LINE ( 'NONE', #5717, #656 ) ;
#4445 = DIRECTION ( 'NONE',  ( -0.9612616959383174509, -0.2756373558170042704, 0.000000000000000000 ) ) ;
#4446 = ADVANCED_FACE ( 'NONE', ( #419 ), #7841, .F. ) ;
#4447 = DIRECTION ( 'NONE',  ( 0.000000000000000000, 0.000000000000000000, -1.000000000000000000 ) ) ;
#4448 = LINE ( 'NONE', #1398, #5 ) ;
#4449 = AXIS2_PLACEMENT_3D ( 'NONE', #3226, #3120, #5123 ) ;
#4450 = VERTEX_POINT ( 'NONE', #990 ) ;
#4451 = DIRECTION ( 'NONE',  ( 0.000000000000000000, -0.2756373558170042704, 0.9612616959383174509 ) ) ;
#4452 = DIRECTION ( 'NONE',  ( 1.000000000000000000, 0.000000000000000000, 0.000000000000000000 ) ) ;
#4453 = LINE ( 'NONE', #2559, #6975 ) ;
#4454 = LINE ( 'NONE', #1880, #3037 ) ;
#4455 = ADVANCED_FACE ( 'NONE', ( #2800 ), #7883, .F. ) ;
#4456 = DIRECTION ( 'NONE',  ( 0.000000000000000000, 0.000000000000000000, -1.000000000000000000 ) ) ;
#4457 = EDGE_CURVE ( 'NONE', #2766, #5834, #7800, .T. ) ;
#4458 = ORIENTED_EDGE ( 'NONE', *, *, #902, .T. ) ;
#4459 = DIRECTION ( 'NONE',  ( 0.2386847610229713423, 0.8323926831162092865, 0.5001519828512179799 ) ) ;
#4460 = ORIENTED_EDGE ( 'NONE', *, *, #6542, .T. ) ;
#4461 = DIRECTION ( 'NONE',  ( -0.7071067811865474617, 0.000000000000000000, 0.7071067811865474617 ) ) ;
#4462 = ORIENTED_EDGE ( 'NONE', *, *, #7708, .F. ) ;
#4463 = VERTEX_POINT ( 'NONE', #325 ) ;
#4464 = LINE ( 'NONE', #639, #5792 ) ;
#4465 = DIRECTION ( 'NONE',  ( 0.2657276780299913099, -0.9267025424900799946, 0.2657276780299913099 ) ) ;
#4466 = DIRECTION ( 'NONE',  ( 1.000000000000000000, 6.036709082546132388E-16, 1.730998474588425335E-16 ) ) ;
#4467 = EDGE_CURVE ( 'NONE', #7539, #6284, #5317, .T. ) ;
#4468 = EDGE_CURVE ( 'NONE', #4800, #6751, #5450, .T. ) ;
#4469 = FACE_OUTER_BOUND ( 'NONE', #3165, .T. ) ;
#4470 = ORIENTED_EDGE ( 'NONE', *, *, #7406, .T. ) ;
#4471 = VECTOR ( 'NONE', #2720, 1000.000000000000000 ) ;
#4472 = ADVANCED_FACE ( 'NONE', ( #5359 ), #7263, .F. ) ;
#4473 = VECTOR ( 'NONE', #6025, 1000.000000000000000 ) ;
#4474 = ORIENTED_EDGE ( 'NONE', *, *, #3522, .F. ) ;
#4476 = VERTEX_POINT ( 'NONE', #369 ) ;
#4475 = ADVANCED_FACE ( 'NONE', ( #6017 ), #1617, .F. ) ;
#4477 = FACE_OUTER_BOUND ( 'NONE', #2306, .T. ) ;
#4478 = STYLED_ITEM ( 'NONE', ( #2121 ), #7799 ) ;
#4479 = VERTEX_POINT ( 'NONE', #1034 ) ;
#4480 = ORIENTED_EDGE ( 'NONE', *, *, #4649, .T. ) ;
#4481 = VECTOR ( 'NONE', #5652, 1000.000000000000000 ) ;
#4482 = DIRECTION ( 'NONE',  ( 0.9612616959383181170, -0.2756373558170021609, 0.000000000000000000 ) ) ;
#4483 = LINE ( 'NONE', #5845, #5274 ) ;
#4484 = CARTESIAN_POINT ( 'NONE',  ( 53.44999999999999574, 10.80000000000000071, 0.5499999999996132427 ) ) ;
#4485 = LINE ( 'NONE', #7623, #956 ) ;
#4486 = DIRECTION ( 'NONE',  ( 1.000000000000000000, 0.000000000000000000, 0.000000000000000000 ) ) ;
#4487 = DIRECTION ( 'NONE',  ( 0.000000000000000000, 0.000000000000000000, -1.000000000000000000 ) ) ;
#4488 = ORIENTED_EDGE ( 'NONE', *, *, #1495, .F. ) ;
#4489 = VERTEX_POINT ( 'NONE', #5403 ) ;
#4490 = CARTESIAN_POINT ( 'NONE',  ( -52.60939292339048734, 7.868454739437104273, 1.390607076609126302 ) ) ;
#4491 = DIRECTION ( 'NONE',  ( -1.000000000000000000, 0.000000000000000000, -0.000000000000000000 ) ) ;
#4492 = CARTESIAN_POINT ( 'NONE',  ( -35.44999999999999574, 10.80000000000000071, -35.45000000000039364 ) ) ;
#4493 = CARTESIAN_POINT ( 'NONE',  ( 0.000000000000000000, 8.566080860090853122, 34.80943399447238562 ) ) ;
#4494 = CARTESIAN_POINT ( 'NONE',  ( -62.00000000000000000, -11.50000000000000000, -41.00000000000000000 ) ) ;
#4495 = ORIENTED_EDGE ( 'NONE', *, *, #4443, .F. ) ;
#4496 = LINE ( 'NONE', #7056, #4944 ) ;
#4497 = VERTEX_POINT ( 'NONE', #7928 ) ;
#4498 = AXIS2_PLACEMENT_3D ( 'NONE', #4117, #5448, #285 ) ;
#4499 = CARTESIAN_POINT ( 'NONE',  ( -53.44999999999999574, 10.80000000000000071, 17.44999999999961560 ) ) ;
#4500 = PLANE ( 'NONE',  #6592 ) ;
#4501 = ORIENTED_EDGE ( 'NONE', *, *, #1402, .F. ) ;
#4503 = EDGE_CURVE ( 'NONE', #5225, #7918, #7308, .T. ) ;
#4502 = VERTEX_POINT ( 'NONE', #2279 ) ;
#4504 = LINE ( 'NONE', #1374, #6282 ) ;
#4505 = DIRECTION ( 'NONE',  ( 0.2756373558170042704, -0.9612616959383174509, 0.000000000000000000 ) ) ;
#4506 = CARTESIAN_POINT ( 'NONE',  ( -2.375000000000005773, 7.500000000000000000, 25.50374022699554288 ) ) ;
#4507 = PLANE ( 'NONE',  #3763 ) ;
#4508 = CARTESIAN_POINT ( 'NONE',  ( -39.93261023597303705, -0.9965637948163279525, 32.06738976402657215 ) ) ;
#4509 = VERTEX_POINT ( 'NONE', #2319 ) ;
#4510 = EDGE_CURVE ( 'NONE', #6709, #993, #4826, .T. ) ;
#4511 = VERTEX_POINT ( 'NONE', #1699 ) ;
#4512 = EDGE_LOOP ( 'NONE', ( #239, #3896, #2456, #7994 ) ) ;
#4513 = CARTESIAN_POINT ( 'NONE',  ( -36.62532512953087860, 10.53731005528974229, -33.62500000000000000 ) ) ;
#4514 = EDGE_CURVE ( 'NONE', #5622, #1299, #1570, .T. ) ;
#4515 = VERTEX_POINT ( 'NONE', #907 ) ;
#4516 = VECTOR ( 'NONE', #1389, 1000.000000000000000 ) ;
#4517 = ORIENTED_EDGE ( 'NONE', *, *, #6658, .T. ) ;
#4518 = DIRECTION ( 'NONE',  ( -0.2657276780299913099, 0.9267025424900799946, 0.2657276780299913099 ) ) ;
#4519 = EDGE_CURVE ( 'NONE', #813, #5893, #3411, .T. ) ;
#4520 = DIRECTION ( 'NONE',  ( 0.7071067811865474617, 0.000000000000000000, -0.7071067811865474617 ) ) ;
#4521 = EDGE_CURVE ( 'NONE', #1845, #6834, #6183, .T. ) ;
#4522 = CARTESIAN_POINT ( 'NONE',  ( 34.50374022699593013, 7.500000000000000000, -33.62500000000000000 ) ) ;
#4523 = DIRECTION ( 'NONE',  ( 0.000000000000000000, 0.000000000000000000, -1.000000000000000000 ) ) ;
#4524 = CARTESIAN_POINT ( 'NONE',  ( 0.000000000000000000, 7.500000000000000000, -28.49625977300445356 ) ) ;
#4525 = CARTESIAN_POINT ( 'NONE',  ( 3.482387728013483552E-16, 8.566080860089984483, -34.80943399447291142 ) ) ;
#4526 = VERTEX_POINT ( 'NONE', #579 ) ;
#4527 = ORIENTED_EDGE ( 'NONE', *, *, #8152, .T. ) ;
#4528 = LINE ( 'NONE', #1401, #4970 ) ;
#4529 = CARTESIAN_POINT ( 'NONE',  ( -23.06738976402690255, -0.9965637948165171345, -32.06738976402728980 ) ) ;
#4530 = LINE ( 'NONE', #2681, #4217 ) ;
#4531 = LINE ( 'NONE', #7721, #6309 ) ;
#4532 = VECTOR ( 'NONE', #5213, 1000.000000000000114 ) ;
#4533 = VERTEX_POINT ( 'NONE', #4327 ) ;
#4534 = FACE_OUTER_BOUND ( 'NONE', #6131, .T. ) ;
#4535 = ORIENTED_EDGE ( 'NONE', *, *, #2207, .F. ) ;
#4536 = CARTESIAN_POINT ( 'NONE',  ( 0.5499999999999949374, 10.80000000000000071, -26.45000000000038298 ) ) ;
#4537 = ADVANCED_FACE ( 'NONE', ( #3010 ), #538, .F. ) ;
#4538 = EDGE_CURVE ( 'NONE', #4489, #6325, #6767, .T. ) ;
#4539 = ADVANCED_FACE ( 'NONE', ( #1901 ), #613, .T. ) ;
#4540 = VECTOR ( 'NONE', #2408, 1000.000000000000114 ) ;
#4541 = LINE ( 'NONE', #7060, #3045 ) ;
#4542 = ORIENTED_EDGE ( 'NONE', *, *, #5873, .T. ) ;
#4543 = LINE ( 'NONE', #7857, #150 ) ;
#4544 = DIRECTION ( 'NONE',  ( -0.000000000000000000, -0.000000000000000000, 1.000000000000000000 ) ) ;
#4545 = LINE ( 'NONE', #136, #5141 ) ;
#4546 = CARTESIAN_POINT ( 'NONE',  ( 45.62532512953089991, 10.53731005528967479, 33.62500000000000000 ) ) ;
#4547 = CARTESIAN_POINT ( 'NONE',  ( 53.44999999999999574, 10.80000000000000071, 35.44999999999961204 ) ) ;
#4548 = FACE_OUTER_BOUND ( 'NONE', #6221, .T. ) ;
#4549 = ORIENTED_EDGE ( 'NONE', *, *, #1193, .T. ) ;
#4550 = EDGE_CURVE ( 'NONE', #4391, #3040, #6810, .T. ) ;
#4551 = ORIENTED_EDGE ( 'NONE', *, *, #2351, .F. ) ;
#4552 = VERTEX_POINT ( 'NONE', #7432 ) ;
#4553 = DIRECTION ( 'NONE',  ( -0.000000000000000000, -0.2756373558170023830, -0.9612616959383180060 ) ) ;
#4554 = CARTESIAN_POINT ( 'NONE',  ( 18.54999999999999716, 10.80000000000000071, -27.55000000000038796 ) ) ;
#4555 = DIRECTION ( 'NONE',  ( 0.000000000000000000, 0.000000000000000000, 1.000000000000000000 ) ) ;
#4556 = AXIS2_PLACEMENT_3D ( 'NONE', #5335, #7774, #2124 ) ;
#4557 = ORIENTED_EDGE ( 'NONE', *, *, #7449, .F. ) ;
#4558 = EDGE_LOOP ( 'NONE', ( #5731, #1025, #6999, #5417 ) ) ;
#4559 = DIRECTION ( 'NONE',  ( 0.000000000000000000, 0.000000000000000000, -1.000000000000000000 ) ) ;
#4560 = LINE ( 'NONE', #3280, #3332 ) ;
#4561 = CARTESIAN_POINT ( 'NONE',  ( -54.49999999999997868, 10.79999999999989235, -36.50000000000039080 ) ) ;
#4562 = CARTESIAN_POINT ( 'NONE',  ( -8.449999999999999289, 10.80000000000000071, 27.54999999999960991 ) ) ;
#4563 = AXIS2_PLACEMENT_3D ( 'NONE', #3825, #199, #4520 ) ;
#4564 = ADVANCED_FACE ( 'NONE', ( #1820 ), #8130, .T. ) ;
#4565 = CARTESIAN_POINT ( 'NONE',  ( 0.4124163967275039089, 7.271022431965715960, 1.561918034079787132 ) ) ;
#4566 = EDGE_CURVE ( 'NONE', #2433, #2939, #2473, .T. ) ;
#4567 = EDGE_CURVE ( 'NONE', #6922, #7932, #8169, .T. ) ;
#4568 = DIRECTION ( 'NONE',  ( 0.000000000000000000, 0.000000000000000000, -1.000000000000000000 ) ) ;
#4569 = CARTESIAN_POINT ( 'NONE',  ( -0.4124163967275038534, 7.271022431965715960, -10.56191803408056451 ) ) ;
#4570 = VERTEX_POINT ( 'NONE', #6889 ) ;
#4571 = ORIENTED_EDGE ( 'NONE', *, *, #554, .T. ) ;
#4572 = PLANE ( 'NONE',  #1817 ) ;
#4573 = ADVANCED_FACE ( 'NONE', ( #5024 ), #1116, .F. ) ;
#4574 = PLANE ( 'NONE',  #7959 ) ;
#4575 = DIRECTION ( 'NONE',  ( 1.000000000000000000, 0.000000000000000000, 0.000000000000000000 ) ) ;
#4576 = ADVANCED_FACE ( 'NONE', ( #8051 ), #1199, .F. ) ;
#4577 = DIRECTION ( 'NONE',  ( 1.000000000000000000, 0.000000000000000000, 0.000000000000000000 ) ) ;
#4578 = ORIENTED_EDGE ( 'NONE', *, *, #5385, .T. ) ;
#4579 = DIRECTION ( 'NONE',  ( -0.2657276780299897001, 0.9267025424900808828, 0.2657276780299897001 ) ) ;
#4580 = ORIENTED_EDGE ( 'NONE', *, *, #4162, .T. ) ;
#4581 = VECTOR ( 'NONE', #6828, 1000.000000000000114 ) ;
#4582 = CARTESIAN_POINT ( 'NONE',  ( -53.44999999999999574, 10.80000000000000071, -8.450000000000388312 ) ) ;
#4583 = VECTOR ( 'NONE', #1521, 1000.000000000000114 ) ;
#4584 = PLANE ( 'NONE',  #2912 ) ;
#4585 = ORIENTED_EDGE ( 'NONE', *, *, #7043, .F. ) ;
#4586 = CARTESIAN_POINT ( 'NONE',  ( -1.190566005527356142, 8.566080860090391269, 0.000000000000000000 ) ) ;
#4587 = DIRECTION ( 'NONE',  ( -1.000000000000000000, -0.000000000000000000, -0.000000000000000000 ) ) ;
#4588 = DIRECTION ( 'NONE',  ( 0.000000000000000000, 0.000000000000000000, -1.000000000000000000 ) ) ;
#4589 = LINE ( 'NONE', #848, #5901 ) ;
#4590 = CARTESIAN_POINT ( 'NONE',  ( 71.94928943488123707, 10.80000000000000426, -33.62500000000000000 ) ) ;
#4591 = CARTESIAN_POINT ( 'NONE',  ( 0.000000000000000000, 7.500000000000000000, -34.50374022699632093 ) ) ;
#4592 = ORIENTED_EDGE ( 'NONE', *, *, #621, .F. ) ;
#4593 = VECTOR ( 'NONE', #6072, 1000.000000000000000 ) ;
#4594 = EDGE_LOOP ( 'NONE', ( #7693, #7954, #4829, #7389 ) ) ;
#4595 = VERTEX_POINT ( 'NONE', #4285 ) ;
#4596 = DIRECTION ( 'NONE',  ( -1.000000000000000000, 3.018354541273066194E-16, -8.654992372942126676E-17 ) ) ;
#4597 = PLANE ( 'NONE',  #92 ) ;
#4598 = CARTESIAN_POINT ( 'NONE',  ( 18.54999999999999716, 10.80000000000000071, -35.45000000000039364 ) ) ;
#4599 = ORIENTED_EDGE ( 'NONE', *, *, #4671, .T. ) ;
#4600 = VECTOR ( 'NONE', #3373, 1000.000000000000114 ) ;
#4601 = VECTOR ( 'NONE', #5780, 1000.000000000000114 ) ;
#4602 = ORIENTED_EDGE ( 'NONE', *, *, #2198, .F. ) ;
#4603 = DIRECTION ( 'NONE',  ( 0.2386847610229713701, 0.8323926831162093976, -0.5001519828512178689 ) ) ;
#4604 = FACE_OUTER_BOUND ( 'NONE', #5511, .T. ) ;
#4605 = DIRECTION ( 'NONE',  ( -1.000000000000000000, -0.000000000000000000, -0.000000000000000000 ) ) ;
#4606 = VECTOR ( 'NONE', #1577, 1000.000000000000114 ) ;
#4607 = VECTOR ( 'NONE', #7179, 1000.000000000000000 ) ;
#4608 = LINE ( 'NONE', #6344, #2412 ) ;
#4609 = VECTOR ( 'NONE', #2659, 1000.000000000000114 ) ;
#4610 = DIRECTION ( 'NONE',  ( -1.000000000000000000, 0.000000000000000000, 0.000000000000000000 ) ) ;
#4611 = VECTOR ( 'NONE', #7704, 1000.000000000000114 ) ;
#4612 = ADVANCED_FACE ( 'NONE', ( #2398 ), #4908, .T. ) ;
#4613 = DIRECTION ( 'NONE',  ( 0.000000000000000000, -0.2756373558170042704, 0.9612616959383174509 ) ) ;
#4614 = ORIENTED_EDGE ( 'NONE', *, *, #6647, .T. ) ;
#4615 = VECTOR ( 'NONE', #7770, 1000.000000000000000 ) ;
#4616 = VERTEX_POINT ( 'NONE', #1781 ) ;
#4617 = EDGE_CURVE ( 'NONE', #6289, #4024, #3711, .T. ) ;
#4618 = LINE ( 'NONE', #3910, #8140 ) ;
#4619 = CARTESIAN_POINT ( 'NONE',  ( 0.5499999999999949374, 10.80000000000000071, 26.44999999999961204 ) ) ;
#4620 = CARTESIAN_POINT ( 'NONE',  ( -18.54999999999999716, 10.80000000000000071, -27.55000000000038796 ) ) ;
#4621 = LINE ( 'NONE', #6976, #7099 ) ;
#4622 = VERTEX_POINT ( 'NONE', #5568 ) ;
#4623 = DIRECTION ( 'NONE',  ( -0.2657276780299913099, 0.9267025424900799946, 0.2657276780299913099 ) ) ;
#4624 = LINE ( 'NONE', #128, #1982 ) ;
#4625 = CARTESIAN_POINT ( 'NONE',  ( -53.44999999999999574, 10.80000000000000071, -0.5500000000003835154 ) ) ;
#4626 = EDGE_LOOP ( 'NONE', ( #55, #7546, #2656, #994 ) ) ;
#4627 = CARTESIAN_POINT ( 'NONE',  ( 0.000000000000000000, 7.500000000000000000, -34.50374022699632093 ) ) ;
#4628 = DIRECTION ( 'NONE',  ( -0.2657276780299913099, -0.9267025424900799946, 0.2657276780299913099 ) ) ;
#4629 = CARTESIAN_POINT ( 'NONE',  ( 2.375000000000005773, 10.53731005528968545, 33.62500000000000000 ) ) ;
#4630 = CARTESIAN_POINT ( 'NONE',  ( 45.54999999999999005, 10.80000000000000071, 8.449999999999617373 ) ) ;
#4631 = CARTESIAN_POINT ( 'NONE',  ( 45.54999999999999005, 10.80000000000000071, -35.45000000000039364 ) ) ;
#4632 = AXIS2_PLACEMENT_3D ( 'NONE', #1206, #3717, #6233 ) ;
#4633 = AXIS2_PLACEMENT_3D ( 'NONE', #6777, #4954, #7477 ) ;
#4634 = CARTESIAN_POINT ( 'NONE',  ( 0.4124163967275039089, 7.271022431965715960, 19.56191803407978114 ) ) ;
#4635 = EDGE_LOOP ( 'NONE', ( #2184, #2994, #6021, #1807 ) ) ;
#4636 = ORIENTED_EDGE ( 'NONE', *, *, #1007, .T. ) ;
#4637 = ORIENTED_EDGE ( 'NONE', *, *, #7754, .F. ) ;
#4638 = PLANE ( 'NONE',  #7400 ) ;
#4639 = DIRECTION ( 'NONE',  ( 1.000000000000000000, 0.000000000000000000, 0.000000000000000000 ) ) ;
#4640 = DIRECTION ( 'NONE',  ( -1.000000000000000000, -0.000000000000000000, -0.000000000000000000 ) ) ;
#4641 = ORIENTED_EDGE ( 'NONE', *, *, #5942, .T. ) ;
#4642 = EDGE_LOOP ( 'NONE', ( #3456, #5062, #4233, #2915 ) ) ;
#4643 = LINE ( 'NONE', #4820, #5971 ) ;
#4644 = DIRECTION ( 'NONE',  ( -1.000000000000000000, 0.000000000000000000, -0.000000000000000000 ) ) ;
#4645 = EDGE_CURVE ( 'NONE', #2738, #8079, #4866, .T. ) ;
#4646 = ADVANCED_FACE ( 'NONE', ( #3629 ), #6145, .F. ) ;
#4647 = ORIENTED_EDGE ( 'NONE', *, *, #6265, .F. ) ;
#4649 = EDGE_CURVE ( 'NONE', #5923, #4622, #7470, .T. ) ;
#4648 = ORIENTED_EDGE ( 'NONE', *, *, #3241, .F. ) ;
#4650 = VECTOR ( 'NONE', #3370, 1000.000000000000114 ) ;
#4651 = FACE_OUTER_BOUND ( 'NONE', #4951, .T. ) ;
#4652 = DIRECTION ( 'NONE',  ( 0.9612616959383174509, -0.2756373558170042704, 0.000000000000000000 ) ) ;
#4653 = DIRECTION ( 'NONE',  ( 0.000000000000000000, 0.9612616959383180060, -0.2756373558170023830 ) ) ;
#4654 = VECTOR ( 'NONE', #3432, 1000.000000000000114 ) ;
#4655 = ORIENTED_EDGE ( 'NONE', *, *, #6037, .T. ) ;
#4656 = ORIENTED_EDGE ( 'NONE', *, *, #7028, .F. ) ;
#4657 = CARTESIAN_POINT ( 'NONE',  ( -35.44999999999999574, 10.80000000000000426, -33.62500000000000000 ) ) ;
#4658 = PLANE ( 'NONE',  #3734 ) ;
#4659 = DIRECTION ( 'NONE',  ( 1.000000000000000000, 3.018354541273066194E-16, -8.654992372942126676E-17 ) ) ;
#4660 = PLANE ( 'NONE',  #1048 ) ;
#4661 = VERTEX_POINT ( 'NONE', #1313 ) ;
#4662 = CARTESIAN_POINT ( 'NONE',  ( 61.85875721063606392, 9.699999999999974420, 33.78768939877064525 ) ) ;
#4663 = FACE_OUTER_BOUND ( 'NONE', #6322, .T. ) ;
#4664 = DIRECTION ( 'NONE',  ( 0.2386847610229713423, -0.8323926831162092865, -0.5001519828512179799 ) ) ;
#4665 = VERTEX_POINT ( 'NONE', #5099 ) ;
#4666 = CARTESIAN_POINT ( 'NONE',  ( -61.00000000000000000, 9.899999999999998579, 8.000000000000000000 ) ) ;
#4667 = DIRECTION ( 'NONE',  ( 1.000000000000000000, 0.000000000000000000, 0.000000000000000000 ) ) ;
#4668 = CARTESIAN_POINT ( 'NONE',  ( -2.375000000000005773, 10.80000000000000426, -18.55000000000037730 ) ) ;
#4669 = DIRECTION ( 'NONE',  ( -0.000000000000000000, -0.000000000000000000, 1.000000000000000000 ) ) ;
#4670 = LINE ( 'NONE', #6616, #4132 ) ;
#4671 = EDGE_CURVE ( 'NONE', #8045, #3715, #7663, .T. ) ;
#4672 = AXIS2_PLACEMENT_3D ( 'NONE', #4277, #1772, #1023 ) ;
#4673 = FACE_OUTER_BOUND ( 'NONE', #566, .T. ) ;
#4674 = EDGE_CURVE ( 'NONE', #7452, #3677, #773, .T. ) ;
#4675 = ORIENTED_EDGE ( 'NONE', *, *, #6549, .T. ) ;
#4676 = EDGE_CURVE ( 'NONE', #3956, #5972, #6376, .T. ) ;
#4677 = VECTOR ( 'NONE', #4579, 1000.000000000000114 ) ;
#4678 = EDGE_LOOP ( 'NONE', ( #7797, #1566, #6186, #3607 ) ) ;
#4679 = ORIENTED_EDGE ( 'NONE', *, *, #4372, .T. ) ;
#4680 = DIRECTION ( 'NONE',  ( -0.9902680687415695848, 0.1391731009600706559, 0.000000000000000000 ) ) ;
#4681 = LINE ( 'NONE', #6004, #5751 ) ;
#4682 = DIRECTION ( 'NONE',  ( 0.000000000000000000, -0.9612616959383174509, 0.2756373558170039373 ) ) ;
#4683 = VERTEX_POINT ( 'NONE', #2619 ) ;
#4684 = ORIENTED_EDGE ( 'NONE', *, *, #4936, .T. ) ;
#4685 = CARTESIAN_POINT ( 'NONE',  ( 2.375000000000005773, 10.80000000000000426, -9.550000000000384404 ) ) ;
#4686 = ORIENTED_EDGE ( 'NONE', *, *, #61, .F. ) ;
#4687 = ORIENTED_EDGE ( 'NONE', *, *, #2009, .F. ) ;
#4688 = VECTOR ( 'NONE', #5040, 1000.000000000000000 ) ;
#4689 = DIRECTION ( 'NONE',  ( 0.9612616959383174509, -0.2756373558170042704, 0.000000000000000000 ) ) ;
#4690 = EDGE_CURVE ( 'NONE', #3489, #5223, #7038, .T. ) ;
#4691 = CARTESIAN_POINT ( 'NONE',  ( 16.50374022699593723, 7.500000000000000000, 0.000000000000000000 ) ) ;
#4692 = CARTESIAN_POINT ( 'NONE',  ( -26.45000000000000284, 10.80000000000000071, 35.44999999999961204 ) ) ;
#4693 = VERTEX_POINT ( 'NONE', #3824 ) ;
#4694 = ORIENTED_EDGE ( 'NONE', *, *, #3574, .F. ) ;
#4695 = CARTESIAN_POINT ( 'NONE',  ( -51.62500000000000000, 10.53731005528969256, -33.62500000000000000 ) ) ;
#4696 = CARTESIAN_POINT ( 'NONE',  ( -52.80943399447264852, 8.566080860090401927, -7.809433994473034879 ) ) ;
#4697 = DIRECTION ( 'NONE',  ( 1.000000000000000000, 0.000000000000000000, -0.000000000000000000 ) ) ;
#4698 = CARTESIAN_POINT ( 'NONE',  ( -60.00000000000000000, 8.099999999999999645, 8.000000000000000000 ) ) ;
#4699 = ORIENTED_EDGE ( 'NONE', *, *, #6901, .T. ) ;
#4700 = VECTOR ( 'NONE', #4020, 1000.000000000000227 ) ;
#4701 = LINE ( 'NONE', #1127, #4540 ) ;
#4702 = CARTESIAN_POINT ( 'NONE',  ( 0.5499999999999949374, 10.80000000000000071, 0.5499999999996132427 ) ) ;
#4703 = EDGE_CURVE ( 'NONE', #7504, #7207, #5063, .T. ) ;
#4704 = CARTESIAN_POINT ( 'NONE',  ( 57.89895923599141980, 10.49999999999999822, 36.89895923599146954 ) ) ;
#4705 = ORIENTED_EDGE ( 'NONE', *, *, #3708, .T. ) ;
#4706 = DIRECTION ( 'NONE',  ( 0.000000000000000000, -0.000000000000000000, -1.000000000000000000 ) ) ;
#4707 = DIRECTION ( 'NONE',  ( 0.000000000000000000, -0.000000000000000000, 1.000000000000000000 ) ) ;
#4708 = EDGE_CURVE ( 'NONE', #7655, #6089, #7619, .T. ) ;
#4709 = CARTESIAN_POINT ( 'NONE',  ( -53.44999999999999574, 10.80000000000000071, -27.55000000000038796 ) ) ;
#4710 = DIRECTION ( 'NONE',  ( -0.000000000000000000, -0.000000000000000000, 1.000000000000000000 ) ) ;
#4711 = LINE ( 'NONE', #1590, #5841 ) ;
#4712 = DIRECTION ( 'NONE',  ( -0.000000000000000000, 0.000000000000000000, 1.000000000000000000 ) ) ;
#4713 = ORIENTED_EDGE ( 'NONE', *, *, #679, .F. ) ;
#4714 = AXIS2_PLACEMENT_3D ( 'NONE', #5196, #2153, #3341 ) ;
#4715 = VERTEX_POINT ( 'NONE', #1935 ) ;
#4716 = ORIENTED_EDGE ( 'NONE', *, *, #1668, .T. ) ;
#4717 = EDGE_LOOP ( 'NONE', ( #4535, #7341, #2889, #1942 ) ) ;
#4718 = DIRECTION ( 'NONE',  ( 1.000000000000000000, 4.458787163891844428E-16, -0.000000000000000000 ) ) ;
#4719 = EDGE_CURVE ( 'NONE', #1981, #5835, #5844, .T. ) ;
#4720 = DIRECTION ( 'NONE',  ( 1.000000000000000000, 0.000000000000000000, 0.000000000000000000 ) ) ;
#4721 = DIRECTION ( 'NONE',  ( -0.5001519828512179799, -0.8323926831162092865, 0.2386847610229713423 ) ) ;
#4722 = VECTOR ( 'NONE', #2489, 1000.000000000000000 ) ;
#4724 = ADVANCED_FACE ( 'NONE', ( #694 ), #3988, .F. ) ;
#4723 = ORIENTED_EDGE ( 'NONE', *, *, #5740, .T. ) ;
#4725 = ORIENTED_EDGE ( 'NONE', *, *, #2461, .F. ) ;
#4726 = CARTESIAN_POINT ( 'NONE',  ( -52.80943399447264852, 8.566080860090405480, 1.190566005526970450 ) ) ;
#4727 = EDGE_CURVE ( 'NONE', #5636, #8007, #3237, .T. ) ;
#4728 = ORIENTED_EDGE ( 'NONE', *, *, #1495, .T. ) ;
#4729 = ORIENTED_EDGE ( 'NONE', *, *, #3708, .F. ) ;
#4730 = VECTOR ( 'NONE', #3740, 1000.000000000000000 ) ;
#4731 = EDGE_CURVE ( 'NONE', #3369, #3457, #107, .T. ) ;
#4732 = EDGE_LOOP ( 'NONE', ( #3350, #2130, #1379, #8008 ) ) ;
#4733 = FACE_OUTER_BOUND ( 'NONE', #1037, .T. ) ;
#4734 = CARTESIAN_POINT ( 'NONE',  ( 2.026107866450391537, 5.652200105873706804, -6.973892133549991712 ) ) ;
#4735 = DIRECTION ( 'NONE',  ( -1.000000000000000000, 0.000000000000000000, 0.000000000000000000 ) ) ;
#4736 = VECTOR ( 'NONE', #6776, 1000.000000000000114 ) ;
#4737 = ORIENTED_EDGE ( 'NONE', *, *, #3119, .F. ) ;
#4738 = ORIENTED_EDGE ( 'NONE', *, *, #7392, .T. ) ;
#4739 = PLANE ( 'NONE',  #7489 ) ;
#4740 = VECTOR ( 'NONE', #2188, 1000.000000000000000 ) ;
#4741 = CARTESIAN_POINT ( 'NONE',  ( 53.44999999999999574, 10.80000000000000071, -0.5500000000003835154 ) ) ;
#4742 = AXIS2_PLACEMENT_3D ( 'NONE', #1514, #5918, #7827 ) ;
#4743 = DIRECTION ( 'NONE',  ( -0.2756373558170042704, 0.9612616959383174509, 0.000000000000000000 ) ) ;
#4744 = FACE_OUTER_BOUND ( 'NONE', #3738, .T. ) ;
#4745 = VECTOR ( 'NONE', #341, 1000.000000000000000 ) ;
#4746 = ORIENTED_EDGE ( 'NONE', *, *, #3599, .T. ) ;
#4747 = CARTESIAN_POINT ( 'NONE',  ( -51.62500000000000711, 7.500000000000000000, 25.50374022699554288 ) ) ;
#4748 = VECTOR ( 'NONE', #5290, 1000.000000000000000 ) ;
#4749 = CARTESIAN_POINT ( 'NONE',  ( 45.54999999999999005, 10.80000000000000071, -17.45000000000039009 ) ) ;
#4750 = EDGE_CURVE ( 'NONE', #7021, #4526, #6340, .T. ) ;
#4751 = DIRECTION ( 'NONE',  ( 1.000000000000000000, 0.000000000000000000, 0.000000000000000000 ) ) ;
#4752 = VECTOR ( 'NONE', #6173, 1000.000000000000000 ) ;
#4753 = VERTEX_POINT ( 'NONE', #7748 ) ;
#4754 = DIRECTION ( 'NONE',  ( -1.000000000000000000, 0.000000000000000000, 0.000000000000000000 ) ) ;
#4755 = CARTESIAN_POINT ( 'NONE',  ( -1.190566005527354809, 8.566080860090384164, -34.80943399447265563 ) ) ;
#4756 = CLOSED_SHELL ( 'NONE', ( #3509, #2843, #8089, #2876, #3363, #2549, #3207, #2665, #2150, #1615, #1273, #2943, #1482, #4175, #2746, #4564, #6649, #6694, #6967, #7661, #6593, #20, #2171, #1950, #777, #454, #6804, #3497, #6758, #3964, #3698, #403, #2898, #1001, #636, #4328, #3463, #6118, #2318, #2603, #4909, #7995, #5177, #5067, #7135, #1561, #6050, #4029, #426, #1663, #6775, #2217, #5084, #2210, #3319, #4204, #3289, #6806, #4067, #3495, #3018, #5904, #6619, #4326, #8011, #2862, #4646, #5658, #3122, #5517, #2143, #5814, #7418, #1813, #2969, #2468, #6486, #4783, #1712, #7223, #4090, #7426, #2453, #2482, #4782, #6544, #1246, #494, #4475, #6620, #6295, #2348, #3007, #4724, #4455, #1869, #2710, #7574, #6727, #7726, #3344, #1122, #1446, #7221, #1892, #2809, #1545, #1640, #1136, #2162, #4335, #1535, #7509, #899, #344, #406, #7361, #5273, #4446, #6514, #1975, #1771, #3186, #2278, #5749, #3461, #1977, #949, #6333, #1220, #6528, #2708, #6146, #3072, #236, #7967, #3335, #3556, #2513, #4376, #90, #1369, #2919, #6430, #3092, #3572, #4472, #587, #1851, #6252, #1527, #797, #987, #2112, #3594, #190, #7811, #4920, #3858, #1642, #4126, #4012, #328, #963, #7511, #187, #5518, #2640, #7554, #3977, #7755, #5627, #6914, #3608, #1639, #7603, #3204, #796, #4150, #1710, #7466, #1192, #2470, #3188, #3669, #5304, #4881, #6268, #4537, #5544, #2947, #5921, #7382, #6194, #4311, #3020, #7297, #7225, #6723, #6654, #644, #3575, #6995, #7294, #3158, #2161, #6484, #5987, #7839, #6902, #533, #3265, #3404, #4539, #2061, #5723, #5829, #1131, #4573, #1607, #6802, #4576, #5884, #267, #3849, #6496, #429, #6245, #6299, #2864, #395, #1207, #5449, #1858, #5937, #2991, #873, #7582, #3434, #7153, #4612, #687, #4968, #5775, #1056, #2587, #6019, #4275, #5934, #3867, #1069, #4174, #5214, #6010, #1511 ) ) ;
#4757 = CARTESIAN_POINT ( 'NONE',  ( 0.000000000000000000, 10.80000000000000071, -33.62500000000000000 ) ) ;
#4758 = DIRECTION ( 'NONE',  ( -0.000000000000000000, -1.000000000000000000, -0.000000000000000000 ) ) ;
#4759 = CARTESIAN_POINT ( 'NONE',  ( -51.62500000000000711, 7.500000000000000000, 1.496259773003681737 ) ) ;
#4760 = DIRECTION ( 'NONE',  ( 0.2657276780299897001, 0.9267025424900808828, 0.2657276780299897001 ) ) ;
#4761 = ORIENTED_EDGE ( 'NONE', *, *, #1953, .F. ) ;
#4762 = VECTOR ( 'NONE', #2295, 1000.000000000000227 ) ;
#4763 = EDGE_CURVE ( 'NONE', #2953, #3247, #4560, .T. ) ;
#4764 = ORIENTED_EDGE ( 'NONE', *, *, #622, .T. ) ;
#4765 = VERTEX_POINT ( 'NONE', #1478 ) ;
#4766 = ORIENTED_EDGE ( 'NONE', *, *, #5030, .F. ) ;
#4767 = CARTESIAN_POINT ( 'NONE',  ( -7.809433994472520624, 8.566080860089980931, -34.80943399447290432 ) ) ;
#4768 = LINE ( 'NONE', #1065, #8174 ) ;
#4769 = VECTOR ( 'NONE', #1516, 1000.000000000000227 ) ;
#4770 = CARTESIAN_POINT ( 'NONE',  ( 17.45000000000000639, 10.80000000000000071, -27.55000000000038796 ) ) ;
#4771 = ORIENTED_EDGE ( 'NONE', *, *, #8003, .F. ) ;
#4772 = ORIENTED_EDGE ( 'NONE', *, *, #4372, .F. ) ;
#4773 = EDGE_CURVE ( 'NONE', #4552, #8017, #7586, .T. ) ;
#4774 = LINE ( 'NONE', #7299, #976 ) ;
#4775 = VECTOR ( 'NONE', #6846, 1000.000000000000114 ) ;
#4776 = ORIENTED_EDGE ( 'NONE', *, *, #4750, .T. ) ;
#4777 = ORIENTED_EDGE ( 'NONE', *, *, #7825, .F. ) ;
#4778 = ORIENTED_EDGE ( 'NONE', *, *, #1342, .T. ) ;
#4779 = EDGE_CURVE ( 'NONE', #5752, #909, #5139, .T. ) ;
#4780 = ORIENTED_EDGE ( 'NONE', *, *, #7338, .T. ) ;
#4781 = DIRECTION ( 'NONE',  ( -0.2657276780299897001, 0.9267025424900808828, 0.2657276780299897001 ) ) ;
#4782 = ADVANCED_FACE ( 'NONE', ( #5186 ), #1432, .F. ) ;
#4783 = ADVANCED_FACE ( 'NONE', ( #7080 ), #3944, .F. ) ;
#4784 = CARTESIAN_POINT ( 'NONE',  ( 35.44999999999999574, 10.80000000000000071, 35.44999999999961204 ) ) ;
#4785 = EDGE_CURVE ( 'NONE', #2083, #5725, #5228, .T. ) ;
#4786 = AXIS2_PLACEMENT_3D ( 'NONE', #2065, #1448, #743 ) ;
#4787 = DIRECTION ( 'NONE',  ( -0.7071067811865452413, 0.000000000000000000, 0.7071067811865497932 ) ) ;
#4788 = ORIENTED_EDGE ( 'NONE', *, *, #1912, .F. ) ;
#4789 = ORIENTED_EDGE ( 'NONE', *, *, #5774, .F. ) ;
#4790 = VECTOR ( 'NONE', #823, 1000.000000000000000 ) ;
#4791 = LINE ( 'NONE', #4695, #2353 ) ;
#4792 = LINE ( 'NONE', #6733, #1630 ) ;
#4793 = DIRECTION ( 'NONE',  ( -0.000000000000000000, -1.000000000000000000, -0.000000000000000000 ) ) ;
#4794 = DIRECTION ( 'NONE',  ( -0.4856429311786325531, 0.8741572761215374854, 0.000000000000000000 ) ) ;
#4795 = ORIENTED_EDGE ( 'NONE', *, *, #5639, .F. ) ;
#4796 = FACE_OUTER_BOUND ( 'NONE', #2458, .T. ) ;
#4797 = AXIS2_PLACEMENT_3D ( 'NONE', #7368, #7283, #7991 ) ;
#4798 = DIRECTION ( 'NONE',  ( -1.000000000000000000, -3.018354541273066194E-16, 8.654992372942126676E-17 ) ) ;
#4799 = LINE ( 'NONE', #6078, #4745 ) ;
#4800 = VERTEX_POINT ( 'NONE', #1608 ) ;
#4801 = PLANE ( 'NONE',  #2272 ) ;
#4802 = CARTESIAN_POINT ( 'NONE',  ( 62.00000000000000000, -11.50000000000000000, 34.00000000000000000 ) ) ;
#4803 = DIRECTION ( 'NONE',  ( -1.000000000000000000, 0.000000000000000000, 0.000000000000000000 ) ) ;
#4804 = CARTESIAN_POINT ( 'NONE',  ( 18.62532512953089281, 10.53731005528970321, 33.62500000000000000 ) ) ;
#4805 = DIRECTION ( 'NONE',  ( -0.7071067811865474617, 0.000000000000000000, -0.7071067811865474617 ) ) ;
#4806 = LINE ( 'NONE', #308, #1923 ) ;
#4807 = EDGE_CURVE ( 'NONE', #16, #5225, #7340, .T. ) ;
#4808 = ORIENTED_EDGE ( 'NONE', *, *, #8009, .T. ) ;
#4809 = EDGE_CURVE ( 'NONE', #5913, #6056, #7833, .T. ) ;
#4810 = ORIENTED_EDGE ( 'NONE', *, *, #1864, .F. ) ;
#4811 = EDGE_LOOP ( 'NONE', ( #5679, #7210, #2792, #1646 ) ) ;
#4812 = ORIENTED_EDGE ( 'NONE', *, *, #768, .T. ) ;
#4813 = DIRECTION ( 'NONE',  ( 0.2657276780299913099, 0.9267025424900799946, 0.2657276780299913099 ) ) ;
#4814 = LINE ( 'NONE', #3656, #7516 ) ;
#4815 = FACE_OUTER_BOUND ( 'NONE', #3693, .T. ) ;
#4816 = EDGE_CURVE ( 'NONE', #7701, #3134, #6008, .T. ) ;
#4817 = EDGE_LOOP ( 'NONE', ( #1142, #6729, #3490, #5930 ) ) ;
#4818 = VECTOR ( 'NONE', #7533, 1000.000000000000114 ) ;
#4819 = VERTEX_POINT ( 'NONE', #3405 ) ;
#4820 = CARTESIAN_POINT ( 'NONE',  ( 0.5499999999999949374, 10.80000000000000071, 8.449999999999617373 ) ) ;
#4821 = ORIENTED_EDGE ( 'NONE', *, *, #3620, .F. ) ;
#4822 = VERTEX_POINT ( 'NONE', #4065 ) ;
#4823 = VECTOR ( 'NONE', #7691, 1000.000000000000000 ) ;
#4824 = ORIENTED_EDGE ( 'NONE', *, *, #3314, .T. ) ;
#4825 = DIRECTION ( 'NONE',  ( -0.2386847610229713423, 0.8323926831162092865, 0.5001519828512179799 ) ) ;
#4826 = LINE ( 'NONE', #7346, #7171 ) ;
#4827 = DIRECTION ( 'NONE',  ( 1.000000000000000000, -3.018354541273066194E-16, 8.654992372942126676E-17 ) ) ;
#4828 = VERTEX_POINT ( 'NONE', #4726 ) ;
#4829 = ORIENTED_EDGE ( 'NONE', *, *, #7866, .T. ) ;
#4830 = EDGE_CURVE ( 'NONE', #331, #1414, #5928, .T. ) ;
#4831 = CARTESIAN_POINT ( 'NONE',  ( 18.54999999999999716, 10.80000000000000071, -35.45000000000039364 ) ) ;
#4832 = CARTESIAN_POINT ( 'NONE',  ( 27.54999999999999005, 10.80000000000000071, -27.55000000000038796 ) ) ;
#4833 = EDGE_CURVE ( 'NONE', #821, #1294, #1564, .T. ) ;
#4834 = CARTESIAN_POINT ( 'NONE',  ( 45.54999999999999005, 10.80000000000000071, -27.55000000000038796 ) ) ;
#4835 = EDGE_CURVE ( 'NONE', #5446, #7617, #2831, .T. ) ;
#4836 = PLANE ( 'NONE',  #6966 ) ;
#4837 = ORIENTED_EDGE ( 'NONE', *, *, #7635, .F. ) ;
#4838 = VECTOR ( 'NONE', #4587, 1000.000000000000000 ) ;
#4839 = CARTESIAN_POINT ( 'NONE',  ( 0.4124163967275036868, 7.271022431965715960, 10.56191803407978469 ) ) ;
#4840 = DIRECTION ( 'NONE',  ( 0.000000000000000000, -0.000000000000000000, 1.000000000000000000 ) ) ;
#4841 = EDGE_CURVE ( 'NONE', #4765, #4800, #4154, .T. ) ;
#4842 = LINE ( 'NONE', #3643, #6982 ) ;
#4844 = EDGE_CURVE ( 'NONE', #323, #6621, #2181, .T. ) ;
#4843 = CARTESIAN_POINT ( 'NONE',  ( -35.37467487046909298, 10.53731005528968367, 33.62500000000000000 ) ) ;
#4845 = CARTESIAN_POINT ( 'NONE',  ( 62.00000000000000000, 7.500000000000000000, 41.00000000000000000 ) ) ;
#4846 = DIRECTION ( 'NONE',  ( 1.000000000000000000, 0.000000000000000000, 0.000000000000000000 ) ) ;
#4847 = AXIS2_PLACEMENT_3D ( 'NONE', #3500, #4208, #6023 ) ;
#4848 = DIRECTION ( 'NONE',  ( -0.000000000000000000, 0.000000000000000000, 1.000000000000000000 ) ) ;
#4849 = CARTESIAN_POINT ( 'NONE',  ( -8.449999999999999289, 10.80000000000000071, 9.549999999999611688 ) ) ;
#4850 = DIRECTION ( 'NONE',  ( 0.000000000000000000, 1.000000000000000000, 0.000000000000000000 ) ) ;
#4851 = ORIENTED_EDGE ( 'NONE', *, *, #3565, .T. ) ;
#4852 = ORIENTED_EDGE ( 'NONE', *, *, #18, .T. ) ;
#4853 = VERTEX_POINT ( 'NONE', #1519 ) ;
#4854 = VERTEX_POINT ( 'NONE', #6633 ) ;
#4855 = CARTESIAN_POINT ( 'NONE',  ( -37.19056600552722358, 8.566080860090837135, 34.80943399447237852 ) ) ;
#4856 = DIRECTION ( 'NONE',  ( 1.000000000000000000, 0.000000000000000000, 0.000000000000000000 ) ) ;
#4857 = FACE_OUTER_BOUND ( 'NONE', #4678, .T. ) ;
#4858 = VERTEX_POINT ( 'NONE', #3529 ) ;
#4859 = VERTEX_POINT ( 'NONE', #3488 ) ;
#4860 = DIRECTION ( 'NONE',  ( -0.000000000000000000, 0.000000000000000000, 1.000000000000000000 ) ) ;
#4861 = VECTOR ( 'NONE', #8120, 1000.000000000000114 ) ;
#4862 = ORIENTED_EDGE ( 'NONE', *, *, #435, .F. ) ;
#4863 = ORIENTED_EDGE ( 'NONE', *, *, #7360, .T. ) ;
#4864 = VERTEX_POINT ( 'NONE', #4685 ) ;
#4865 = FACE_OUTER_BOUND ( 'NONE', #7268, .T. ) ;
#4866 = LINE ( 'NONE', #7391, #1356 ) ;
#4867 = VECTOR ( 'NONE', #7597, 1000.000000000000000 ) ;
#4868 = FACE_OUTER_BOUND ( 'NONE', #2386, .T. ) ;
#4869 = ORIENTED_EDGE ( 'NONE', *, *, #2013, .T. ) ;
#4871 = ORIENTED_EDGE ( 'NONE', *, *, #6370, .T. ) ;
#4870 = LINE ( 'NONE', #1162, #736 ) ;
#4872 = LINE ( 'NONE', #2324, #6827 ) ;
#4873 = CARTESIAN_POINT ( 'NONE',  ( -2.375000000000005773, 10.53731005528968545, 33.62500000000000000 ) ) ;
#4874 = CARTESIAN_POINT ( 'NONE',  ( 54.99999999999997868, -11.50000000000000000, 41.00000000000000711 ) ) ;
#4875 = LINE ( 'NONE', #7519, #4906 ) ;
#4876 = EDGE_LOOP ( 'NONE', ( #8018, #7163, #6169, #2137 ) ) ;
#4877 = VECTOR ( 'NONE', #629, 1000.000000000000114 ) ;
#4878 = CARTESIAN_POINT ( 'NONE',  ( -0.5500000000000088152, 82.98258077199005811, 35.45000000000000995 ) ) ;
#4879 = AXIS2_PLACEMENT_3D ( 'NONE', #6281, #5619, #8145 ) ;
#4880 = FACE_OUTER_BOUND ( 'NONE', #6261, .T. ) ;
#4881 = ADVANCED_FACE ( 'NONE', ( #6055 ), #363, .F. ) ;
#4882 = LINE ( 'NONE', #6120, #5416 ) ;
#4883 = LINE ( 'NONE', #2985, #3305 ) ;
#4884 = FACE_OUTER_BOUND ( 'NONE', #4360, .T. ) ;
#4885 = FACE_OUTER_BOUND ( 'NONE', #6339, .T. ) ;
#4886 = VECTOR ( 'NONE', #4064, 999.9999999999998863 ) ;
#4887 = EDGE_CURVE ( 'NONE', #3546, #4683, #2878, .T. ) ;
#4888 = CARTESIAN_POINT ( 'NONE',  ( 26.45000000000001350, 10.80000000000000426, 33.62500000000000000 ) ) ;
#4889 = DIRECTION ( 'NONE',  ( -0.9612616959383174509, -0.2756373558170042704, 0.000000000000000000 ) ) ;
#4890 = DIRECTION ( 'NONE',  ( -0.000000000000000000, 0.9612616959383174509, 0.2756373558170042704 ) ) ;
#4891 = AXIS2_PLACEMENT_3D ( 'NONE', #868, #3377, #2762 ) ;
#4892 = AXIS2_PLACEMENT_3D ( 'NONE', #1021, #7332, #6753 ) ;
#4893 = ORIENTED_EDGE ( 'NONE', *, *, #2406, .T. ) ;
#4894 = ORIENTED_EDGE ( 'NONE', *, *, #7335, .T. ) ;
#4895 = EDGE_LOOP ( 'NONE', ( #6416, #6375, #1060, #3112 ) ) ;
#4896 = ORIENTED_EDGE ( 'NONE', *, *, #6755, .F. ) ;
#4897 = LINE ( 'NONE', #4147, #2910 ) ;
#4898 = LINE ( 'NONE', #1728, #4752 ) ;
#4899 = DIRECTION ( 'NONE',  ( 0.000000000000000000, 0.000000000000000000, 1.000000000000000000 ) ) ;
#4900 = VERTEX_POINT ( 'NONE', #7209 ) ;
#4901 = EDGE_CURVE ( 'NONE', #226, #5641, #4643, .T. ) ;
#4902 = VERTEX_POINT ( 'NONE', #7919 ) ;
#4903 = ORIENTED_EDGE ( 'NONE', *, *, #5915, .F. ) ;
#4904 = ORIENTED_EDGE ( 'NONE', *, *, #5592, .T. ) ;
#4905 = DIRECTION ( 'NONE',  ( -0.7071067811865452413, -0.000000000000000000, -0.7071067811865497932 ) ) ;
#4906 = VECTOR ( 'NONE', #2442, 1000.000000000000114 ) ;
#4907 = EDGE_CURVE ( 'NONE', #6980, #5556, #4774, .T. ) ;
#4908 = PLANE ( 'NONE',  #7300 ) ;
#4909 = ADVANCED_FACE ( 'NONE', ( #410 ), #2925, .F. ) ;
#4910 = LINE ( 'NONE', #5686, #411 ) ;
#4911 = EDGE_CURVE ( 'NONE', #4270, #4854, #7794, .T. ) ;
#4913 = VERTEX_POINT ( 'NONE', #5883 ) ;
#4912 = DIRECTION ( 'NONE',  ( 0.000000000000000000, -0.2756373558170040483, 0.9612616959383175619 ) ) ;
#4914 = DIRECTION ( 'NONE',  ( 0.2756373558170042704, 0.9612616959383174509, 0.000000000000000000 ) ) ;
#4915 = DIRECTION ( 'NONE',  ( -0.5001519828512179799, -0.8323926831162092865, -0.2386847610229713423 ) ) ;
#4916 = CARTESIAN_POINT ( 'NONE',  ( 0.000000000000000000, 7.500000000000000000, 34.50374022699554644 ) ) ;
#4917 = CARTESIAN_POINT ( 'NONE',  ( 3.932610235973094781, -0.9965637948165171345, -32.06738976402728980 ) ) ;
#4918 = ORIENTED_EDGE ( 'NONE', *, *, #1434, .F. ) ;
#4919 = LINE ( 'NONE', #1169, #5384 ) ;
#4920 = ADVANCED_FACE ( 'NONE', ( #237 ), #2140, .F. ) ;
#4921 = CARTESIAN_POINT ( 'NONE',  ( -0.5500000000000088152, -11.50000000000000000, 35.45000000000000995 ) ) ;
#4922 = CARTESIAN_POINT ( 'NONE',  ( -1.190566005527355919, 8.566080860090391269, 19.19056600552696779 ) ) ;
#4923 = CARTESIAN_POINT ( 'NONE',  ( 30.13361562617344092, -27.76612549695436627, 9.133615626173485325 ) ) ;
#4924 = LINE ( 'NONE', #5078, #1970 ) ;
#4925 = PLANE ( 'NONE',  #6445 ) ;
#4926 = LINE ( 'NONE', #7904, #4325 ) ;
#4927 = FACE_OUTER_BOUND ( 'NONE', #492, .T. ) ;
#4928 = VECTOR ( 'NONE', #3201, 1000.000000000000000 ) ;
#4929 = DIRECTION ( 'NONE',  ( -0.5150380749100545996, -0.8571673007021120005, 0.000000000000000000 ) ) ;
#4930 = VERTEX_POINT ( 'NONE', #5085 ) ;
#4931 = EDGE_LOOP ( 'NONE', ( #2340, #3408, #7568, #6222 ) ) ;
#4932 = ORIENTED_EDGE ( 'NONE', *, *, #2041, .T. ) ;
#4933 = ORIENTED_EDGE ( 'NONE', *, *, #1402, .T. ) ;
#4934 = CARTESIAN_POINT ( 'NONE',  ( 51.62500000000000711, 7.500000000000000000, -1.496259773004444904 ) ) ;
#4935 = FACE_OUTER_BOUND ( 'NONE', #351, .T. ) ;
#4936 = EDGE_CURVE ( 'NONE', #2225, #5565, #8006, .T. ) ;
#4937 = DIRECTION ( 'NONE',  ( -1.000000000000000000, 8.917574327783688856E-16, 0.000000000000000000 ) ) ;
#4938 = EDGE_CURVE ( 'NONE', #6730, #2505, #5482, .T. ) ;
#4939 = EDGE_CURVE ( 'NONE', #288, #442, #3150, .T. ) ;
#4940 = ORIENTED_EDGE ( 'NONE', *, *, #80, .T. ) ;
#4941 = ORIENTED_EDGE ( 'NONE', *, *, #6944, .T. ) ;
#4943 = ORIENTED_EDGE ( 'NONE', *, *, #5983, .F. ) ;
#4942 = EDGE_CURVE ( 'NONE', #5808, #2517, #5625, .T. ) ;
#4944 = VECTOR ( 'NONE', #7016, 1000.000000000000114 ) ;
#4945 = EDGE_LOOP ( 'NONE', ( #7127, #5300, #4871, #1182 ) ) ;
#4946 = DIRECTION ( 'NONE',  ( 0.000000000000000000, 0.000000000000000000, 1.000000000000000000 ) ) ;
#4947 = DIRECTION ( 'NONE',  ( 1.000000000000000000, 0.000000000000000000, 0.000000000000000000 ) ) ;
#4948 = DIRECTION ( 'NONE',  ( -0.2756373558170042704, 0.9612616959383174509, 0.000000000000000000 ) ) ;
#4949 = AXIS2_PLACEMENT_3D ( 'NONE', #1709, #6652, #299 ) ;
#4951 = EDGE_LOOP ( 'NONE', ( #1071, #1930, #2443, #4033 ) ) ;
#4950 = CARTESIAN_POINT ( 'NONE',  ( 35.44999999999999574, 10.80000000000000426, -33.62500000000000000 ) ) ;
#4952 = CARTESIAN_POINT ( 'NONE',  ( 0.5500000000000088152, -11.50000000000000000, -35.45000000000000284 ) ) ;
#4953 = DIRECTION ( 'NONE',  ( 0.2756373558170042704, -0.9612616959383174509, 0.000000000000000000 ) ) ;
#4954 = DIRECTION ( 'NONE',  ( 0.9612616959383174509, -0.2756373558170042704, 0.000000000000000000 ) ) ;
#4955 = ORIENTED_EDGE ( 'NONE', *, *, #162, .T. ) ;
#4956 = LINE ( 'NONE', #8102, #2069 ) ;
#4957 = LINE ( 'NONE', #3065, #4481 ) ;
#4958 = CARTESIAN_POINT ( 'NONE',  ( -21.93261023597304060, -0.9965637948163279525, 32.06738976402657215 ) ) ;
#4959 = DIRECTION ( 'NONE',  ( -0.2657276780299894225, -0.9267025424900811048, 0.2657276780299894225 ) ) ;
#4960 = CARTESIAN_POINT ( 'NONE',  ( 45.54999999999999005, 10.80000000000000071, -8.450000000000388312 ) ) ;
#4961 = CARTESIAN_POINT ( 'NONE',  ( -34.50374022699593013, 7.500000000000000000, 0.000000000000000000 ) ) ;
#4962 = AXIS2_PLACEMENT_3D ( 'NONE', #1944, #628, #4452 ) ;
#4963 = LINE ( 'NONE', #7490, #2510 ) ;
#4964 = CARTESIAN_POINT ( 'NONE',  ( -62.00000000000000000, 7.500000000000000000, -41.00000000000000000 ) ) ;
#4965 = LINE ( 'NONE', #1221, #2974 ) ;
#4966 = ORIENTED_EDGE ( 'NONE', *, *, #7352, .F. ) ;
#4967 = EDGE_CURVE ( 'NONE', #2302, #3519, #1259, .T. ) ;
#4968 = ADVANCED_FACE ( 'NONE', ( #91 ), #7381, .T. ) ;
#4969 = ORIENTED_EDGE ( 'NONE', *, *, #1842, .T. ) ;
#4970 = VECTOR ( 'NONE', #2593, 1000.000000000000114 ) ;
#4971 = VERTEX_POINT ( 'NONE', #2354 ) ;
#4972 = ORIENTED_EDGE ( 'NONE', *, *, #7727, .F. ) ;
#4973 = FACE_OUTER_BOUND ( 'NONE', #6530, .T. ) ;
#4974 = CARTESIAN_POINT ( 'NONE',  ( 37.49625977300406987, 7.500000000000000000, -33.62500000000000000 ) ) ;
#4975 = LINE ( 'NONE', #606, #3792 ) ;
#4976 = ORIENTED_EDGE ( 'NONE', *, *, #1067, .T. ) ;
#4977 = EDGE_CURVE ( 'NONE', #814, #5711, #6946, .T. ) ;
#4978 = ORIENTED_EDGE ( 'NONE', *, *, #764, .F. ) ;
#4979 = ORIENTED_EDGE ( 'NONE', *, *, #4425, .F. ) ;
#4980 = ORIENTED_EDGE ( 'NONE', *, *, #2522, .F. ) ;
#4981 = VECTOR ( 'NONE', #2298, 1000.000000000000000 ) ;
#4982 = DIRECTION ( 'NONE',  ( -0.9612616959383174509, -0.2756373558170042704, 0.000000000000000000 ) ) ;
#4983 = VECTOR ( 'NONE', #5760, 1000.000000000000114 ) ;
#4984 = LINE ( 'NONE', #4330, #7119 ) ;
#4986 = EDGE_LOOP ( 'NONE', ( #4309, #2322, #2926, #4244 ) ) ;
#4985 = PLANE ( 'NONE',  #1722 ) ;
#4987 = EDGE_CURVE ( 'NONE', #2933, #6921, #1886, .T. ) ;
#4988 = CARTESIAN_POINT ( 'NONE',  ( -53.44999999999999574, 7.500000000000007105, -35.45000000000003126 ) ) ;
#4989 = FACE_OUTER_BOUND ( 'NONE', #6831, .T. ) ;
#4990 = VECTOR ( 'NONE', #3215, 1000.000000000000000 ) ;
#4991 = DIRECTION ( 'NONE',  ( 1.000000000000000000, 0.000000000000000000, 0.000000000000000000 ) ) ;
#4992 = CARTESIAN_POINT ( 'NONE',  ( 35.44999999999999574, 10.80000000000000071, -27.55000000000038796 ) ) ;
#4993 = CARTESIAN_POINT ( 'NONE',  ( -2.375000000000005773, 7.500000000000000000, 28.49625977300367907 ) ) ;
#4994 = DIRECTION ( 'NONE',  ( 0.000000000000000000, 0.000000000000000000, 1.000000000000000000 ) ) ;
#4995 = CARTESIAN_POINT ( 'NONE',  ( 37.49625977300406987, 7.500000000000000000, 33.62500000000000000 ) ) ;
#4996 = DIRECTION ( 'NONE',  ( 1.000000000000000000, 0.000000000000000000, 0.000000000000000000 ) ) ;
#4997 = FACE_OUTER_BOUND ( 'NONE', #5264, .T. ) ;
#4998 = VECTOR ( 'NONE', #862, 1000.000000000000114 ) ;
#4999 = VECTOR ( 'NONE', #1137, 1000.000000000000000 ) ;
#5000 = EDGE_LOOP ( 'NONE', ( #6155, #7831, #4955, #5563 ) ) ;
#5001 = CARTESIAN_POINT ( 'NONE',  ( 45.54999999999999005, 10.80000000000000071, -18.55000000000037730 ) ) ;
#5002 = ORIENTED_EDGE ( 'NONE', *, *, #7255, .F. ) ;
#5003 = DIRECTION ( 'NONE',  ( -0.2657276780299913099, 0.9267025424900799946, 0.2657276780299913099 ) ) ;
#5004 = EDGE_CURVE ( 'NONE', #3610, #3715, #1297, .T. ) ;
#5005 = AXIS2_PLACEMENT_3D ( 'NONE', #7903, #3646, #3554 ) ;
#5006 = EDGE_LOOP ( 'NONE', ( #7585, #1222, #6012, #7256 ) ) ;
#5007 = ORIENTED_EDGE ( 'NONE', *, *, #2697, .T. ) ;
#5008 = ORIENTED_EDGE ( 'NONE', *, *, #31, .F. ) ;
#5009 = CARTESIAN_POINT ( 'NONE',  ( 1.190566005527356364, 8.566080860090391269, 25.80943399447225062 ) ) ;
#5010 = CARTESIAN_POINT ( 'NONE',  ( 16.80943399447277642, 8.566080860090853122, 34.80943399447238562 ) ) ;
#5011 = LINE ( 'NONE', #3775, #905 ) ;
#5012 = VECTOR ( 'NONE', #5569, 1000.000000000000114 ) ;
#5013 = VECTOR ( 'NONE', #6878, 1000.000000000000000 ) ;
#5014 = VECTOR ( 'NONE', #2243, 1000.000000000000114 ) ;
#5015 = VERTEX_POINT ( 'NONE', #1733 ) ;
#5016 = VECTOR ( 'NONE', #7725, 1000.000000000000000 ) ;
#5017 = EDGE_LOOP ( 'NONE', ( #1656, #1143, #5481, #2756 ) ) ;
#5018 = UNCERTAINTY_MEASURE_WITH_UNIT (LENGTH_MEASURE( 1.000000000000000082E-05 ), #7832, 'distance_accuracy_value', 'NONE');
#5019 = VERTEX_POINT ( 'NONE', #6913 ) ;
#5020 = VECTOR ( 'NONE', #4355, 1000.000000000000227 ) ;
#5021 = EDGE_CURVE ( 'NONE', #2785, #3327, #6099, .T. ) ;
#5022 = ORIENTED_EDGE ( 'NONE', *, *, #6658, .F. ) ;
#5023 = EDGE_CURVE ( 'NONE', #2517, #7207, #1110, .T. ) ;
#5024 = FACE_OUTER_BOUND ( 'NONE', #1610, .T. ) ;
#5025 = FACE_OUTER_BOUND ( 'NONE', #3939, .T. ) ;
#5026 = EDGE_CURVE ( 'NONE', #3618, #842, #3185, .T. ) ;
#5028 = VERTEX_POINT ( 'NONE', #5047 ) ;
#5027 = DIRECTION ( 'NONE',  ( -0.000000000000000000, -0.000000000000000000, 1.000000000000000000 ) ) ;
#5029 = DIRECTION ( 'NONE',  ( 1.000000000000000000, -4.458787163891844428E-16, -0.000000000000000000 ) ) ;
#5030 = EDGE_CURVE ( 'NONE', #842, #5399, #7569, .T. ) ;
#5031 = VECTOR ( 'NONE', #3017, 1000.000000000000000 ) ;
#5032 = VECTOR ( 'NONE', #1614, 1000.000000000000227 ) ;
#5033 = FACE_OUTER_BOUND ( 'NONE', #7128, .T. ) ;
#5034 = EDGE_CURVE ( 'NONE', #7695, #1236, #2602, .T. ) ;
#5035 = EDGE_CURVE ( 'NONE', #7497, #2643, #599, .T. ) ;
#5036 = LINE ( 'NONE', #3790, #3129 ) ;
#5037 = CARTESIAN_POINT ( 'NONE',  ( -2.375000000000005773, 7.500000000000000000, -25.50374022699630672 ) ) ;
#5038 = ORIENTED_EDGE ( 'NONE', *, *, #4303, .T. ) ;
#5039 = CARTESIAN_POINT ( 'NONE',  ( -51.62500000000000000, 10.80000000000000426, 9.549999999999613465 ) ) ;
#5040 = DIRECTION ( 'NONE',  ( -0.2386847610229712868, -0.8323926831162090645, -0.5001519828512185351 ) ) ;
#5041 = CARTESIAN_POINT ( 'NONE',  ( -2.375000000000005773, 10.80000000000000426, 9.549999999999611688 ) ) ;
#5042 = CARTESIAN_POINT ( 'NONE',  ( -26.37467487046908943, 10.53731005528967302, -33.62500000000000000 ) ) ;
#5043 = DIRECTION ( 'NONE',  ( 1.000000000000000000, 0.000000000000000000, 0.000000000000000000 ) ) ;
#5044 = ORIENTED_EDGE ( 'NONE', *, *, #6293, .F. ) ;
#5045 = CARTESIAN_POINT ( 'NONE',  ( 0.4124163967275039089, 7.271022431965715960, 25.43808196591944082 ) ) ;
#5046 = VERTEX_POINT ( 'NONE', #1952 ) ;
#5047 = CARTESIAN_POINT ( 'NONE',  ( 2.375000000000006217, 10.53731005528968723, 18.62532512953050912 ) ) ;
#5048 = ORIENTED_EDGE ( 'NONE', *, *, #2749, .T. ) ;
#5049 = ORIENTED_EDGE ( 'NONE', *, *, #4835, .F. ) ;
#5050 = FACE_OUTER_BOUND ( 'NONE', #5894, .T. ) ;
#5051 = LINE ( 'NONE', #5632, #3549 ) ;
#5052 = VECTOR ( 'NONE', #2667, 1000.000000000000114 ) ;
#5053 = DIRECTION ( 'NONE',  ( 0.000000000000000000, 0.000000000000000000, 1.000000000000000000 ) ) ;
#5054 = EDGE_CURVE ( 'NONE', #6074, #3443, #3113, .T. ) ;
#5055 = EDGE_CURVE ( 'NONE', #4665, #5019, #3841, .T. ) ;
#5056 = ORIENTED_EDGE ( 'NONE', *, *, #764, .T. ) ;
#5057 = AXIS2_PLACEMENT_3D ( 'NONE', #1053, #2299, #4183 ) ;
#5058 = ORIENTED_EDGE ( 'NONE', *, *, #3360, .T. ) ;
#5059 = EDGE_LOOP ( 'NONE', ( #279, #5474, #54, #6924 ) ) ;
#5060 = EDGE_CURVE ( 'NONE', #4450, #4693, #6716, .T. ) ;
#5061 = ORIENTED_EDGE ( 'NONE', *, *, #7974, .T. ) ;
#5062 = ORIENTED_EDGE ( 'NONE', *, *, #5318, .T. ) ;
#5063 = LINE ( 'NONE', #3898, #1498 ) ;
#5064 = CARTESIAN_POINT ( 'NONE',  ( 32.06738976402689190, -0.9965637948165171345, -32.06738976402728980 ) ) ;
#5065 = EDGE_CURVE ( 'NONE', #7464, #3891, #2964, .T. ) ;
#5067 = ADVANCED_FACE ( 'NONE', ( #2813 ), #7104, .F. ) ;
#5066 = DIRECTION ( 'NONE',  ( 0.2386847610229713423, 0.8323926831162092865, -0.5001519828512179799 ) ) ;
#5068 = AXIS2_PLACEMENT_3D ( 'NONE', #3043, #5560, #6672 ) ;
#5069 = CARTESIAN_POINT ( 'NONE',  ( 53.44999999999999574, 7.500000000000007105, -35.45000000000003126 ) ) ;
#5070 = DIRECTION ( 'NONE',  ( 0.000000000000000000, -0.2756373558170040483, 0.9612616959383175619 ) ) ;
#5071 = VECTOR ( 'NONE', #7451, 1000.000000000000227 ) ;
#5072 = PLANE ( 'NONE',  #3561 ) ;
#5073 = VERTEX_POINT ( 'NONE', #3348 ) ;
#5074 = EDGE_CURVE ( 'NONE', #1460, #1653, #4045, .T. ) ;
#5075 = EDGE_CURVE ( 'NONE', #2810, #6674, #2118, .T. ) ;
#5076 = LINE ( 'NONE', #6971, #1201 ) ;
#5077 = CARTESIAN_POINT ( 'NONE',  ( 29.73571359999212760, 22.25864506693677569, -26.58211138907232396 ) ) ;
#5078 = CARTESIAN_POINT ( 'NONE',  ( -30.93261023597304060, -0.9965637948163279525, 32.06738976402657215 ) ) ;
#5079 = LINE ( 'NONE', #1252, #2764 ) ;
#5080 = CARTESIAN_POINT ( 'NONE',  ( 55.00000000000000000, 0.000000000000000000, -41.00000000000000000 ) ) ;
#5081 = ORIENTED_EDGE ( 'NONE', *, *, #6420, .T. ) ;
#5082 = DIRECTION ( 'NONE',  ( -0.5001519828512179799, -0.8323926831162092865, 0.2386847610229711203 ) ) ;
#5083 = EDGE_LOOP ( 'NONE', ( #5523, #2106, #7965, #3005 ) ) ;
#5084 = ADVANCED_FACE ( 'NONE', ( #4663 ), #1456, .F. ) ;
#5085 = CARTESIAN_POINT ( 'NONE',  ( -51.62500000000000000, 10.80000000000000426, 18.54999999999960991 ) ) ;
#5086 = EDGE_LOOP ( 'NONE', ( #519, #2600, #3123, #4352, #289, #2209, #1044, #600 ) ) ;
#5087 = VERTEX_POINT ( 'NONE', #2686 ) ;
#5088 = FACE_OUTER_BOUND ( 'NONE', #371, .T. ) ;
#5089 = DIRECTION ( 'NONE',  ( -0.9612616959383174509, -0.2756373558170042704, 0.000000000000000000 ) ) ;
#5090 = CARTESIAN_POINT ( 'NONE',  ( -53.44999999999999574, 10.80000000000000071, 8.449999999999617373 ) ) ;
#5091 = CARTESIAN_POINT ( 'NONE',  ( 28.49625977300405921, 7.500000000000000000, 0.000000000000000000 ) ) ;
#5092 = ORIENTED_EDGE ( 'NONE', *, *, #693, .F. ) ;
#5093 = ORIENTED_EDGE ( 'NONE', *, *, #6513, .T. ) ;
#5094 = ORIENTED_EDGE ( 'NONE', *, *, #2133, .T. ) ;
#5095 = CARTESIAN_POINT ( 'NONE',  ( -2.375000000000005773, 10.80000000000000426, -17.45000000000039009 ) ) ;
#5096 = VECTOR ( 'NONE', #7033, 1000.000000000000000 ) ;
#5097 = VERTEX_POINT ( 'NONE', #7190 ) ;
#5098 = VERTEX_POINT ( 'NONE', #7682 ) ;
#5099 = CARTESIAN_POINT ( 'NONE',  ( 53.44999999999999574, 10.80000000000000071, 18.54999999999960991 ) ) ;
#5100 = CARTESIAN_POINT ( 'NONE',  ( -1.190566005527357696, 8.566080860090394822, 16.80943399447225417 ) ) ;
#5101 = DIRECTION ( 'NONE',  ( 0.9612616959383174509, -0.2756373558170042704, 0.000000000000000000 ) ) ;
#5102 = PRODUCT_DEFINITION_SHAPE ( 'NONE', 'NONE',  #564 ) ;
#5103 = FACE_OUTER_BOUND ( 'NONE', #444, .T. ) ;
#5104 = LINE ( 'NONE', #1978, #3901 ) ;
#5105 = EDGE_CURVE ( 'NONE', #188, #5960, #5161, .T. ) ;
#5106 = CARTESIAN_POINT ( 'NONE',  ( 55.00000000000000000, -11.50000000000000000, -41.00000000000000000 ) ) ;
#5107 = VERTEX_POINT ( 'NONE', #4499 ) ;
#5108 = LINE ( 'NONE', #3957, #4181 ) ;
#5109 = DIRECTION ( 'NONE',  ( 0.000000000000000000, 0.000000000000000000, -1.000000000000000000 ) ) ;
#5110 = LINE ( 'NONE', #2679, #5171 ) ;
#5111 = DIRECTION ( 'NONE',  ( 0.2657276780299913099, -0.9267025424900799946, 0.2657276780299913099 ) ) ;
#5112 = CARTESIAN_POINT ( 'NONE',  ( 44.45000000000000284, 10.80000000000000071, 35.44999999999961204 ) ) ;
#5113 = ORIENTED_EDGE ( 'NONE', *, *, #2833, .F. ) ;
#5114 = DIRECTION ( 'NONE',  ( 0.7071067811865474617, 0.000000000000000000, -0.7071067811865474617 ) ) ;
#5115 = EDGE_CURVE ( 'NONE', #5137, #5736, #794, .T. ) ;
#5116 = ORIENTED_EDGE ( 'NONE', *, *, #7520, .T. ) ;
#5117 = CARTESIAN_POINT ( 'NONE',  ( 52.80943399447264142, 8.566080860090407256, 0.000000000000000000 ) ) ;
#5118 = EDGE_CURVE ( 'NONE', #1683, #4971, #5862, .T. ) ;
#5119 = ORIENTED_EDGE ( 'NONE', *, *, #2372, .T. ) ;
#5120 = ORIENTED_EDGE ( 'NONE', *, *, #6358, .F. ) ;
#5121 = DIRECTION ( 'NONE',  ( 0.2657276780299913099, -0.9267025424900799946, 0.2657276780299913099 ) ) ;
#5122 = LINE ( 'NONE', #1228, #4601 ) ;
#5123 = DIRECTION ( 'NONE',  ( 0.000000000000000000, 0.000000000000000000, -1.000000000000000000 ) ) ;
#5124 = FACE_OUTER_BOUND ( 'NONE', #5006, .T. ) ;
#5125 = EDGE_CURVE ( 'NONE', #1696, #2180, #917, .T. ) ;
#5126 = FACE_OUTER_BOUND ( 'NONE', #3175, .T. ) ;
#5127 = ORIENTED_EDGE ( 'NONE', *, *, #355, .T. ) ;
#5128 = AXIS2_PLACEMENT_3D ( 'NONE', #4343, #2415, #4418 ) ;
#5129 = VECTOR ( 'NONE', #1634, 1000.000000000000000 ) ;
#5130 = VERTEX_POINT ( 'NONE', #3919 ) ;
#5131 = ORIENTED_EDGE ( 'NONE', *, *, #5489, .T. ) ;
#5132 = VECTOR ( 'NONE', #6890, 1000.000000000000000 ) ;
#5133 = VECTOR ( 'NONE', #1292, 1000.000000000000114 ) ;
#5134 = FACE_OUTER_BOUND ( 'NONE', #6763, .T. ) ;
#5135 = VECTOR ( 'NONE', #3176, 1000.000000000000114 ) ;
#5136 = ORIENTED_EDGE ( 'NONE', *, *, #5637, .T. ) ;
#5137 = VERTEX_POINT ( 'NONE', #255 ) ;
#5138 = VECTOR ( 'NONE', #4297, 1000.000000000000114 ) ;
#5139 = LINE ( 'NONE', #6509, #6634 ) ;
#5140 = LINE ( 'NONE', #108, #5628 ) ;
#5141 = VECTOR ( 'NONE', #6534, 1000.000000000000000 ) ;
#5142 = DIRECTION ( 'NONE',  ( 0.2756373558170042704, 0.9612616959383174509, 0.000000000000000000 ) ) ;
#5143 = CARTESIAN_POINT ( 'NONE',  ( 51.62500000000000000, 10.80000000000000426, -33.62500000000000000 ) ) ;
#5144 = EDGE_CURVE ( 'NONE', #858, #6066, #2072, .T. ) ;
#5145 = EDGE_CURVE ( 'NONE', #8086, #7874, #750, .T. ) ;
#5146 = VECTOR ( 'NONE', #7731, 1000.000000000000000 ) ;
#5147 = EDGE_CURVE ( 'NONE', #4859, #821, #5244, .T. ) ;
#5148 = LINE ( 'NONE', #7624, #7502 ) ;
#5149 = CARTESIAN_POINT ( 'NONE',  ( 53.44999999999999574, 10.80000000000000071, 27.54999999999960991 ) ) ;
#5150 = VERTEX_POINT ( 'NONE', #1367 ) ;
#5151 = ORIENTED_EDGE ( 'NONE', *, *, #5508, .F. ) ;
#5152 = LINE ( 'NONE', #167, #362 ) ;
#5153 = CARTESIAN_POINT ( 'NONE',  ( 0.5500000000000088152, 7.500000000000000000, -35.45000000000000284 ) ) ;
#5154 = PLANE ( 'NONE',  #1972 ) ;
#5155 = LINE ( 'NONE', #3914, #1571 ) ;
#5156 = EDGE_CURVE ( 'NONE', #445, #7856, #3879, .T. ) ;
#5157 = EDGE_LOOP ( 'NONE', ( #4439, #4980, #6563, #692 ) ) ;
#5158 = DIRECTION ( 'NONE',  ( 0.000000000000000000, -0.2756373558170040483, 0.9612616959383175619 ) ) ;
#5159 = EDGE_LOOP ( 'NONE', ( #5081, #7211, #3523, #3915 ) ) ;
#5160 = AXIS2_PLACEMENT_3D ( 'NONE', #2057, #5689, #3333 ) ;
#5161 = LINE ( 'NONE', #5821, #7260 ) ;
#5162 = DIRECTION ( 'NONE',  ( -0.000000000000000000, -0.000000000000000000, 1.000000000000000000 ) ) ;
#5163 = ORIENTED_EDGE ( 'NONE', *, *, #6997, .T. ) ;
#5164 = CARTESIAN_POINT ( 'NONE',  ( -21.93261023597309745, -0.9965637948165171345, -32.06738976402728980 ) ) ;
#5165 = PLANE ( 'NONE',  #3506 ) ;
#5166 = CARTESIAN_POINT ( 'NONE',  ( -2.375000000000006217, 10.53731005528968723, -8.374674870469485555 ) ) ;
#5167 = LINE ( 'NONE', #5910, #3918 ) ;
#5168 = LINE ( 'NONE', #7066, #6666 ) ;
#5169 = CARTESIAN_POINT ( 'NONE',  ( -53.44999999999999574, 10.80000000000000071, -0.5500000000003835154 ) ) ;
#5170 = VERTEX_POINT ( 'NONE', #5773 ) ;
#5171 = VECTOR ( 'NONE', #7011, 1000.000000000000000 ) ;
#5172 = AXIS2_PLACEMENT_3D ( 'NONE', #1274, #3131, #3748 ) ;
#5173 = ORIENTED_EDGE ( 'NONE', *, *, #7709, .F. ) ;
#5174 = EDGE_CURVE ( 'NONE', #7383, #7932, #4624, .T. ) ;
#5175 = ORIENTED_EDGE ( 'NONE', *, *, #2578, .T. ) ;
#5176 = CARTESIAN_POINT ( 'NONE',  ( 36.54999999999999716, 10.80000000000000426, 33.62500000000000000 ) ) ;
#5177 = ADVANCED_FACE ( 'NONE', ( #1411 ), #7151, .F. ) ;
#5178 = CARTESIAN_POINT ( 'NONE',  ( -9.549999999999995381, 10.80000000000000071, 35.44999999999961204 ) ) ;
#5179 = EDGE_CURVE ( 'NONE', #1120, #3293, #880, .T. ) ;
#5180 = LINE ( 'NONE', #3100, #2277 ) ;
#5181 = EDGE_LOOP ( 'NONE', ( #6859, #6475, #1552, #1255 ) ) ;
#5182 = VERTEX_POINT ( 'NONE', #6566 ) ;
#5183 = VECTOR ( 'NONE', #4098, 1000.000000000000000 ) ;
#5184 = ORIENTED_EDGE ( 'NONE', *, *, #6542, .F. ) ;
#5185 = LINE ( 'NONE', #1563, #1458 ) ;
#5186 = FACE_OUTER_BOUND ( 'NONE', #1032, .T. ) ;
#5187 = EDGE_CURVE ( 'NONE', #2658, #974, #2644, .T. ) ;
#5188 = DIRECTION ( 'NONE',  ( 0.000000000000000000, 0.000000000000000000, -1.000000000000000000 ) ) ;
#5189 = EDGE_CURVE ( 'NONE', #2393, #5434, #6653, .T. ) ;
#5190 = CARTESIAN_POINT ( 'NONE',  ( -51.62500000000000000, 10.80000000000000426, 26.44999999999961204 ) ) ;
#5191 = CARTESIAN_POINT ( 'NONE',  ( -2.375000000000005773, 10.53731005528969078, -33.62500000000000000 ) ) ;
#5192 = CARTESIAN_POINT ( 'NONE',  ( 0.000000000000000000, 8.566080860090853122, 34.80943399447238562 ) ) ;
#5193 = PLANE ( 'NONE',  #6068 ) ;
#5194 = ORIENTED_EDGE ( 'NONE', *, *, #3609, .F. ) ;
#5195 = ORIENTED_EDGE ( 'NONE', *, *, #3241, .T. ) ;
#5196 = CARTESIAN_POINT ( 'NONE',  ( -61.00000000000000000, 9.899999999999998579, 8.000000000000000000 ) ) ;
#5197 = CARTESIAN_POINT ( 'NONE',  ( 51.62500000000000000, 10.53731005528969256, -33.62500000000000000 ) ) ;
#5198 = DIRECTION ( 'NONE',  ( -0.2756373558170042704, 0.9612616959383174509, 0.000000000000000000 ) ) ;
#5199 = LINE ( 'NONE', #6394, #2494 ) ;
#5200 = AXIS2_PLACEMENT_3D ( 'NONE', #7780, #5957, #2080 ) ;
#5201 = EDGE_LOOP ( 'NONE', ( #7181, #5440, #4055, #2214 ) ) ;
#5202 = CARTESIAN_POINT ( 'NONE',  ( -26.45000000000000284, 10.80000000000000426, -33.62500000000000000 ) ) ;
#5203 = ORIENTED_EDGE ( 'NONE', *, *, #685, .T. ) ;
#5204 = DIRECTION ( 'NONE',  ( 0.000000000000000000, 0.000000000000000000, -1.000000000000000000 ) ) ;
#5205 = VECTOR ( 'NONE', #6693, 1000.000000000000000 ) ;
#5206 = CARTESIAN_POINT ( 'NONE',  ( -58.99999999999998579, 10.49999999999999822, 8.000000000000000000 ) ) ;
#5207 = ORIENTED_EDGE ( 'NONE', *, *, #294, .T. ) ;
#5208 = LINE ( 'NONE', #5164, #2266 ) ;
#5209 = CARTESIAN_POINT ( 'NONE',  ( 0.000000000000000000, 7.500000000000000000, -25.50374022699630672 ) ) ;
#5210 = DIRECTION ( 'NONE',  ( 0.000000000000000000, -0.2756373558170040483, 0.9612616959383175619 ) ) ;
#5211 = FACE_OUTER_BOUND ( 'NONE', #4061, .T. ) ;
#5212 = CARTESIAN_POINT ( 'NONE',  ( 60.02027957955104398, 10.49999999999999822, -31.94921176768562177 ) ) ;
#5213 = DIRECTION ( 'NONE',  ( 0.000000000000000000, -0.9612616959383174509, -0.2756373558170042704 ) ) ;
#5214 = ADVANCED_FACE ( 'NONE', ( #4880 ), #2897, .T. ) ;
#5215 = ORIENTED_EDGE ( 'NONE', *, *, #4977, .F. ) ;
#5216 = EDGE_CURVE ( 'NONE', #6674, #8168, #3468, .T. ) ;
#5217 = ORIENTED_EDGE ( 'NONE', *, *, #5578, .F. ) ;
#5218 = EDGE_LOOP ( 'NONE', ( #6769, #7877, #1995, #2647 ) ) ;
#5219 = CARTESIAN_POINT ( 'NONE',  ( -44.44999999999999574, 10.80000000000000426, -33.62500000000000000 ) ) ;
#5220 = DIRECTION ( 'NONE',  ( -0.7071067811865452413, -0.000000000000000000, 0.7071067811865497932 ) ) ;
#5221 = LINE ( 'NONE', #5350, #7460 ) ;
#5222 = VECTOR ( 'NONE', #1997, 1000.000000000000000 ) ;
#5224 = EDGE_CURVE ( 'NONE', #1225, #7015, #3550, .T. ) ;
#5223 = VERTEX_POINT ( 'NONE', #3508 ) ;
#5225 = VERTEX_POINT ( 'NONE', #1628 ) ;
#5226 = CARTESIAN_POINT ( 'NONE',  ( 0.000000000000000000, 8.566080860090853122, 34.80943399447238562 ) ) ;
#5227 = EDGE_CURVE ( 'NONE', #7452, #2575, #7228, .T. ) ;
#5228 = LINE ( 'NONE', #944, #1900 ) ;
#5229 = DIRECTION ( 'NONE',  ( -1.000000000000000000, -0.000000000000000000, -0.000000000000000000 ) ) ;
#5230 = DIRECTION ( 'NONE',  ( 0.000000000000000000, 0.000000000000000000, -1.000000000000000000 ) ) ;
#5231 = VECTOR ( 'NONE', #4447, 1000.000000000000000 ) ;
#5232 = CARTESIAN_POINT ( 'NONE',  ( 0.000000000000000000, 7.500000000000000000, -34.50374022699632093 ) ) ;
#5233 = DIRECTION ( 'NONE',  ( 0.9612616959383174509, -0.2756373558170042704, 0.000000000000000000 ) ) ;
#5234 = DIRECTION ( 'NONE',  ( -0.000000000000000000, 0.000000000000000000, 1.000000000000000000 ) ) ;
#5235 = EDGE_LOOP ( 'NONE', ( #7337, #5093, #4776, #3261 ) ) ;
#5236 = VERTEX_POINT ( 'NONE', #1581 ) ;
#5237 = DIRECTION ( 'NONE',  ( -0.2657276780299911434, -0.9267025424900801056, 0.2657276780299911434 ) ) ;
#5238 = DIRECTION ( 'NONE',  ( 0.000000000000000000, 0.000000000000000000, 1.000000000000000000 ) ) ;
#5239 = CARTESIAN_POINT ( 'NONE',  ( 52.80943399447264852, 8.566080860090407256, 7.809433994472261276 ) ) ;
#5240 = DIRECTION ( 'NONE',  ( 0.000000000000000000, 0.000000000000000000, 1.000000000000000000 ) ) ;
#5241 = ORIENTED_EDGE ( 'NONE', *, *, #269, .F. ) ;
#5242 = LINE ( 'NONE', #7769, #867 ) ;
#5243 = VECTOR ( 'NONE', #347, 1000.000000000000114 ) ;
#5244 = LINE ( 'NONE', #4582, #6463 ) ;
#5245 = DIRECTION ( 'NONE',  ( 0.000000000000000000, 0.000000000000000000, 1.000000000000000000 ) ) ;
#5246 = ORIENTED_EDGE ( 'NONE', *, *, #4967, .F. ) ;
#5247 = LINE ( 'NONE', #3428, #2645 ) ;
#5248 = DIRECTION ( 'NONE',  ( -0.2756373558170042704, -0.9612616959383174509, 0.000000000000000000 ) ) ;
#5249 = CARTESIAN_POINT ( 'NONE',  ( 52.80943399447264142, 8.566080860090416138, 0.000000000000000000 ) ) ;
#5250 = FACE_OUTER_BOUND ( 'NONE', #2329, .T. ) ;
#5251 = LINE ( 'NONE', #7735, #4823 ) ;
#5252 = CARTESIAN_POINT ( 'NONE',  ( -51.62500000000000000, 10.80000000000000426, -33.62500000000000000 ) ) ;
#5253 = EDGE_CURVE ( 'NONE', #897, #152, #4134, .T. ) ;
#5254 = EDGE_CURVE ( 'NONE', #89, #4391, #5372, .T. ) ;
#5255 = ORIENTED_EDGE ( 'NONE', *, *, #650, .F. ) ;
#5256 = VECTOR ( 'NONE', #8146, 1000.000000000000114 ) ;
#5257 = EDGE_CURVE ( 'NONE', #5028, #5362, #7318, .T. ) ;
#5258 = APPLICATION_CONTEXT ( 'automotive_design' ) ;
#5259 = VERTEX_POINT ( 'NONE', #6117 ) ;
#5260 = ORIENTED_EDGE ( 'NONE', *, *, #5772, .T. ) ;
#5261 = DIRECTION ( 'NONE',  ( 0.000000000000000000, 0.000000000000000000, -1.000000000000000000 ) ) ;
#5262 = FACE_OUTER_BOUND ( 'NONE', #1992, .T. ) ;
#5263 = FACE_OUTER_BOUND ( 'NONE', #6842, .T. ) ;
#5264 = EDGE_LOOP ( 'NONE', ( #5753, #5958, #7759, #7837 ) ) ;
#5265 = VECTOR ( 'NONE', #2586, 1000.000000000000000 ) ;
#5266 = AXIS2_PLACEMENT_3D ( 'NONE', #2155, #1493, #6393 ) ;
#5267 = ORIENTED_EDGE ( 'NONE', *, *, #6745, .T. ) ;
#5268 = CARTESIAN_POINT ( 'NONE',  ( -51.62500000000000000, 10.53731005528969256, -33.62500000000000000 ) ) ;
#5269 = FACE_OUTER_BOUND ( 'NONE', #360, .T. ) ;
#5270 = ORIENTED_EDGE ( 'NONE', *, *, #1394, .F. ) ;
#5271 = ORIENTED_EDGE ( 'NONE', *, *, #79, .T. ) ;
#5272 = VECTOR ( 'NONE', #132, 1000.000000000000114 ) ;
#5273 = ADVANCED_FACE ( 'NONE', ( #3597 ), #7941, .F. ) ;
#5274 = VECTOR ( 'NONE', #5229, 1000.000000000000000 ) ;
#5275 = DIRECTION ( 'NONE',  ( -0.9612616959383174509, -0.2756373558170042704, 0.000000000000000000 ) ) ;
#5276 = AXIS2_PLACEMENT_3D ( 'NONE', #6917, #56, #2498 ) ;
#5277 = PLANE ( 'NONE',  #6685 ) ;
#5278 = LINE ( 'NONE', #7802, #4607 ) ;
#5279 = ORIENTED_EDGE ( 'NONE', *, *, #6533, .F. ) ;
#5280 = ORIENTED_EDGE ( 'NONE', *, *, #2511, .F. ) ;
#5281 = EDGE_CURVE ( 'NONE', #2083, #5019, #6782, .T. ) ;
#5282 = CARTESIAN_POINT ( 'NONE',  ( 21.93261023597309745, -0.9965637948165171345, -32.06738976402728980 ) ) ;
#5283 = DIRECTION ( 'NONE',  ( 0.000000000000000000, 0.8571673007021120005, 0.5150380749100545996 ) ) ;
#5284 = EDGE_CURVE ( 'NONE', #632, #1931, #6029, .T. ) ;
#5285 = DIRECTION ( 'NONE',  ( 1.000000000000000000, 0.000000000000000000, 0.000000000000000000 ) ) ;
#5286 = EDGE_CURVE ( 'NONE', #4693, #5395, #1673, .T. ) ;
#5287 = CARTESIAN_POINT ( 'NONE',  ( 56.48474567361831333, 9.499999999999980460, -35.48474567361837018 ) ) ;
#5288 = EDGE_LOOP ( 'NONE', ( #714, #7570, #6630, #2145 ) ) ;
#5289 = PLANE ( 'NONE',  #2567 ) ;
#5290 = DIRECTION ( 'NONE',  ( 1.000000000000000000, 0.000000000000000000, 0.000000000000000000 ) ) ;
#5291 = CARTESIAN_POINT ( 'NONE',  ( 0.000000000000000000, 7.500000000000000000, 7.503740226995549101 ) ) ;
#5292 = ORIENTED_EDGE ( 'NONE', *, *, #7974, .F. ) ;
#5293 = ORIENTED_EDGE ( 'NONE', *, *, #1058, .F. ) ;
#5294 = DIRECTION ( 'NONE',  ( 1.000000000000000000, 0.000000000000000000, 0.000000000000000000 ) ) ;
#5295 = LINE ( 'NONE', #7234, #1873 ) ;
#5296 = CARTESIAN_POINT ( 'NONE',  ( 2.375000000000005773, 7.500000000000000000, -7.503740226996326257 ) ) ;
#5297 = LINE ( 'NONE', #2169, #3744 ) ;
#5298 = VECTOR ( 'NONE', #1569, 1000.000000000000000 ) ;
#5299 = DIRECTION ( 'NONE',  ( 0.000000000000000000, 0.000000000000000000, 1.000000000000000000 ) ) ;
#5300 = ORIENTED_EDGE ( 'NONE', *, *, #5035, .T. ) ;
#5301 = ORIENTED_EDGE ( 'NONE', *, *, #6791, .T. ) ;
#5302 = ORIENTED_EDGE ( 'NONE', *, *, #671, .F. ) ;
#5304 = ADVANCED_FACE ( 'NONE', ( #4173 ), #1046, .F. ) ;
#5303 = DIRECTION ( 'NONE',  ( -1.000000000000000000, 0.000000000000000000, 0.000000000000000000 ) ) ;
#5305 = LINE ( 'NONE', #7828, #781 ) ;
#5306 = LINE ( 'NONE', #857, #156 ) ;
#5307 = EDGE_CURVE ( 'NONE', #6057, #7910, #471, .T. ) ;
#5308 = ORIENTED_EDGE ( 'NONE', *, *, #7125, .F. ) ;
#5309 = VERTEX_POINT ( 'NONE', #2331 ) ;
#5310 = PRODUCT_CONTEXT ( 'NONE', #2726, 'mechanical' ) ;
#5311 = DIRECTION ( 'NONE',  ( 0.000000000000000000, 0.000000000000000000, -1.000000000000000000 ) ) ;
#5312 = LINE ( 'NONE', #282, #1042 ) ;
#5313 = ORIENTED_EDGE ( 'NONE', *, *, #6494, .F. ) ;
#5314 = ORIENTED_EDGE ( 'NONE', *, *, #4007, .T. ) ;
#5315 = VECTOR ( 'NONE', #1694, 1000.000000000000000 ) ;
#5316 = CARTESIAN_POINT ( 'NONE',  ( -61.00000000000000000, 9.899999999999998579, 8.000000000000000000 ) ) ;
#5317 = LINE ( 'NONE', #2841, #6507 ) ;
#5318 = EDGE_CURVE ( 'NONE', #2344, #3443, #7359, .T. ) ;
#5319 = CARTESIAN_POINT ( 'NONE',  ( -52.80943399447264142, 8.566080860090409033, -34.80943399447266984 ) ) ;
#5320 = EDGE_CURVE ( 'NONE', #8168, #3985, #4218, .T. ) ;
#5321 = VERTEX_POINT ( 'NONE', #2983 ) ;
#5322 = ORIENTED_EDGE ( 'NONE', *, *, #7708, .T. ) ;
#5323 = CARTESIAN_POINT ( 'NONE',  ( -1.190566005527361471, 8.566080860090401927, -10.19056600552774938 ) ) ;
#5324 = LINE ( 'NONE', #2192, #7545 ) ;
#5325 = PLANE ( 'NONE',  #658 ) ;
#5326 = PLANE ( 'NONE',  #2095 ) ;
#5327 = ORIENTED_EDGE ( 'NONE', *, *, #6644, .F. ) ;
#5328 = CARTESIAN_POINT ( 'NONE',  ( 0.000000000000000000, 7.500000000000000000, -16.50374022699631382 ) ) ;
#5329 = CARTESIAN_POINT ( 'NONE',  ( 1.390607076609482240, 7.868454739437195755, 16.60939292339012852 ) ) ;
#5330 = EDGE_CURVE ( 'NONE', #6751, #1655, #8027, .T. ) ;
#5331 = FACE_OUTER_BOUND ( 'NONE', #6667, .T. ) ;
#5332 = ORIENTED_EDGE ( 'NONE', *, *, #6965, .T. ) ;
#5334 = EDGE_CURVE ( 'NONE', #6632, #188, #7557, .T. ) ;
#5333 = DIRECTION ( 'NONE',  ( 0.000000000000000000, 0.9612616959383180060, -0.2756373558170021054 ) ) ;
#5335 = CARTESIAN_POINT ( 'NONE',  ( 60.72738636073759011, 10.49999999999999822, 32.65631854887217145 ) ) ;
#5336 = LINE ( 'NONE', #5826, #7653 ) ;
#5337 = PLANE ( 'NONE',  #2879 ) ;
#5338 = CARTESIAN_POINT ( 'NONE',  ( -51.62500000000000711, 7.500000000000000000, 28.49625977300367907 ) ) ;
#5339 = AXIS2_PLACEMENT_3D ( 'NONE', #404, #2999, #4899 ) ;
#5340 = DIRECTION ( 'NONE',  ( -0.2657276780299911434, 0.9267025424900801056, 0.2657276780299911434 ) ) ;
#5341 = EDGE_CURVE ( 'NONE', #1414, #1077, #1213, .T. ) ;
#5342 = ORIENTED_EDGE ( 'NONE', *, *, #4467, .F. ) ;
#5343 = AXIS2_PLACEMENT_3D ( 'NONE', #6618, #4142, #6664 ) ;
#5344 = EDGE_LOOP ( 'NONE', ( #4549, #5163, #2356, #1399 ) ) ;
#5345 = ORIENTED_EDGE ( 'NONE', *, *, #8021, .F. ) ;
#5346 = EDGE_CURVE ( 'NONE', #2043, #4476, #5580, .T. ) ;
#5347 = ORIENTED_EDGE ( 'NONE', *, *, #7700, .T. ) ;
#5348 = CARTESIAN_POINT ( 'NONE',  ( 0.5499999999999949374, 10.80000000000000071, -0.5500000000003835154 ) ) ;
#5349 = CARTESIAN_POINT ( 'NONE',  ( -40.07937528197222576, 29.75245638442229179, -13.88452941702862553 ) ) ;
#5350 = CARTESIAN_POINT ( 'NONE',  ( -40.07937528197223997, 29.75245638442227047, 13.11547058297133539 ) ) ;
#5351 = ORIENTED_EDGE ( 'NONE', *, *, #1395, .T. ) ;
#5352 = ORIENTED_EDGE ( 'NONE', *, *, #5785, .T. ) ;
#5353 = DIRECTION ( 'NONE',  ( -0.000000000000000000, 0.000000000000000000, -1.000000000000000000 ) ) ;
#5354 = ORIENTED_EDGE ( 'NONE', *, *, #7972, .F. ) ;
#5355 = ORIENTED_EDGE ( 'NONE', *, *, #4779, .T. ) ;
#5356 = AXIS2_PLACEMENT_3D ( 'NONE', #3784, #3670, #1748 ) ;
#5357 = ORIENTED_EDGE ( 'NONE', *, *, #1006, .F. ) ;
#5358 = LINE ( 'NONE', #7881, #7424 ) ;
#5359 = FACE_OUTER_BOUND ( 'NONE', #4158, .T. ) ;
#5360 = DIRECTION ( 'NONE',  ( 0.000000000000000000, 0.000000000000000000, -1.000000000000000000 ) ) ;
#5361 = VECTOR ( 'NONE', #4035, 1000.000000000000000 ) ;
#5362 = VERTEX_POINT ( 'NONE', #3680 ) ;
#5363 = ORIENTED_EDGE ( 'NONE', *, *, #4816, .T. ) ;
#5364 = CARTESIAN_POINT ( 'NONE',  ( -60.00000000000000000, 7.500000000000000000, 8.000000000000000000 ) ) ;
#5365 = LINE ( 'NONE', #7889, #6477 ) ;
#5366 = CARTESIAN_POINT ( 'NONE',  ( 57.89895923599141980, 9.099999999999983658, -36.89895923599146954 ) ) ;
#5367 = CARTESIAN_POINT ( 'NONE',  ( 0.000000000000000000, 7.500000000000000000, 19.49625977300367552 ) ) ;
#5368 = ORIENTED_EDGE ( 'NONE', *, *, #6229, .F. ) ;
#5369 = AXIS2_PLACEMENT_3D ( 'NONE', #3892, #2402, #6373 ) ;
#5370 = CARTESIAN_POINT ( 'NONE',  ( 62.00000000000000000, -11.50000000000000000, 34.00000000000000000 ) ) ;
#5371 = EDGE_CURVE ( 'NONE', #7330, #6673, #8104, .T. ) ;
#5372 = LINE ( 'NONE', #3026, #1600 ) ;
#5373 = CARTESIAN_POINT ( 'NONE',  ( -0.5499999999999949374, 10.80000000000000071, 9.549999999999611688 ) ) ;
#5374 = ORIENTED_EDGE ( 'NONE', *, *, #453, .T. ) ;
#5375 = DIRECTION ( 'NONE',  ( -0.9612616959383174509, -0.2756373558170042704, 0.000000000000000000 ) ) ;
#5376 = CARTESIAN_POINT ( 'NONE',  ( -6.264286400007872402, 22.25864506693675438, -26.58211138907232396 ) ) ;
#5377 = FACE_OUTER_BOUND ( 'NONE', #4558, .T. ) ;
#5378 = DIRECTION ( 'NONE',  ( -0.000000000000000000, -0.000000000000000000, 1.000000000000000000 ) ) ;
#5379 = LINE ( 'NONE', #391, #1644 ) ;
#5380 = EDGE_CURVE ( 'NONE', #6220, #3654, #702, .T. ) ;
#5381 = AXIS2_PLACEMENT_3D ( 'NONE', #7196, #7734, #2782 ) ;
#5382 = PLANE ( 'NONE',  #3358 ) ;
#5383 = ORIENTED_EDGE ( 'NONE', *, *, #1381, .T. ) ;
#5384 = VECTOR ( 'NONE', #4411, 1000.000000000000000 ) ;
#5385 = EDGE_CURVE ( 'NONE', #3658, #1057, #6197, .T. ) ;
#5386 = ORIENTED_EDGE ( 'NONE', *, *, #7766, .F. ) ;
#5387 = VERTEX_POINT ( 'NONE', #8065 ) ;
#5388 = ORIENTED_EDGE ( 'NONE', *, *, #2013, .F. ) ;
#5389 = FACE_OUTER_BOUND ( 'NONE', #5430, .T. ) ;
#5390 = LINE ( 'NONE', #7788, #1822 ) ;
#5391 = EDGE_CURVE ( 'NONE', #445, #1530, #3138, .T. ) ;
#5392 = DIRECTION ( 'NONE',  ( 0.9612616959383174509, -0.2756373558170042704, 0.000000000000000000 ) ) ;
#5393 = EDGE_CURVE ( 'NONE', #5401, #5520, #4414, .T. ) ;
#5394 = VECTOR ( 'NONE', #7054, 1000.000000000000114 ) ;
#5395 = VERTEX_POINT ( 'NONE', #3174 ) ;
#5396 = ORIENTED_EDGE ( 'NONE', *, *, #4133, .F. ) ;
#5397 = DIRECTION ( 'NONE',  ( 1.000000000000000000, 0.000000000000000000, 0.000000000000000000 ) ) ;
#5398 = ORIENTED_EDGE ( 'NONE', *, *, #59, .T. ) ;
#5399 = VERTEX_POINT ( 'NONE', #7523 ) ;
#5400 = AXIS2_PLACEMENT_3D ( 'NONE', #4190, #6671, #5436 ) ;
#5401 = VERTEX_POINT ( 'NONE', #6276 ) ;
#5402 = DIRECTION ( 'NONE',  ( 0.000000000000000000, -0.2756373558170021609, 0.9612616959383181170 ) ) ;
#5403 = CARTESIAN_POINT ( 'NONE',  ( -60.00000000000000000, 7.500000000000000000, 8.000000000000000000 ) ) ;
#5404 = PLANE ( 'NONE',  #1197 ) ;
#5405 = VECTOR ( 'NONE', #504, 1000.000000000000000 ) ;
#5406 = ORIENTED_EDGE ( 'NONE', *, *, #6042, .F. ) ;
#5407 = ORIENTED_EDGE ( 'NONE', *, *, #3024, .F. ) ;
#5408 = LINE ( 'NONE', #5494, #5889 ) ;
#5409 = VECTOR ( 'NONE', #1080, 1000.000000000000000 ) ;
#5410 = FACE_BOUND ( 'NONE', #2562, .T. ) ;
#5411 = EDGE_CURVE ( 'NONE', #7288, #3216, #6897, .T. ) ;
#5412 = VECTOR ( 'NONE', #274, 1000.000000000000227 ) ;
#5413 = CARTESIAN_POINT ( 'NONE',  ( -27.62532512953090702, 10.53731005528967479, -33.62500000000000000 ) ) ;
#5414 = FACE_OUTER_BOUND ( 'NONE', #5159, .T. ) ;
#5415 = EDGE_CURVE ( 'NONE', #6255, #1413, #1321, .T. ) ;
#5416 = VECTOR ( 'NONE', #7319, 1000.000000000000000 ) ;
#5417 = ORIENTED_EDGE ( 'NONE', *, *, #7385, .T. ) ;
#5418 = DIRECTION ( 'NONE',  ( 0.000000000000000000, -0.2756373558170042704, 0.9612616959383174509 ) ) ;
#5419 = VECTOR ( 'NONE', #6695, 1000.000000000000000 ) ;
#5420 = DIRECTION ( 'NONE',  ( 0.000000000000000000, 0.9612616959383174509, -0.2756373558170042704 ) ) ;
#5421 = CARTESIAN_POINT ( 'NONE',  ( -51.62500000000000000, 10.80000000000000071, 0.000000000000000000 ) ) ;
#5422 = VECTOR ( 'NONE', #6491, 1000.000000000000114 ) ;
#5423 = ORIENTED_EDGE ( 'NONE', *, *, #7896, .F. ) ;
#5424 = CARTESIAN_POINT ( 'NONE',  ( 0.5499999999999949374, 10.80000000000000071, -17.45000000000039009 ) ) ;
#5425 = DIRECTION ( 'NONE',  ( -0.000000000000000000, -0.000000000000000000, 1.000000000000000000 ) ) ;
#5426 = DIRECTION ( 'NONE',  ( -0.000000000000000000, -0.2756373558170042704, -0.9612616959383174509 ) ) ;
#5427 = DIRECTION ( 'NONE',  ( -1.000000000000000000, 0.000000000000000000, -0.000000000000000000 ) ) ;
#5428 = FACE_OUTER_BOUND ( 'NONE', #8005, .T. ) ;
#5429 = DIRECTION ( 'NONE',  ( -0.000000000000000000, 0.000000000000000000, -1.000000000000000000 ) ) ;
#5430 = EDGE_LOOP ( 'NONE', ( #7430, #4207, #172, #4234 ) ) ;
#5431 = VECTOR ( 'NONE', #5502, 1000.000000000000000 ) ;
#5432 = ORIENTED_EDGE ( 'NONE', *, *, #5254, .F. ) ;
#5433 = VERTEX_POINT ( 'NONE', #4921 ) ;
#5434 = VERTEX_POINT ( 'NONE', #2446 ) ;
#5435 = CARTESIAN_POINT ( 'NONE',  ( 1.190566005527361471, 8.566080860090400151, -19.19056600552774583 ) ) ;
#5436 = DIRECTION ( 'NONE',  ( 0.000000000000000000, 0.000000000000000000, -1.000000000000000000 ) ) ;
#5437 = VECTOR ( 'NONE', #1280, 1000.000000000000000 ) ;
#5438 = CARTESIAN_POINT ( 'NONE',  ( 1.190566005527356364, 8.566080860090391269, 7.809433994472256835 ) ) ;
#5439 = ORIENTED_EDGE ( 'NONE', *, *, #875, .T. ) ;
#5440 = ORIENTED_EDGE ( 'NONE', *, *, #5634, .T. ) ;
#5441 = CARTESIAN_POINT ( 'NONE',  ( -37.49625977300406277, 7.500000000000000000, 0.000000000000000000 ) ) ;
#5442 = EDGE_CURVE ( 'NONE', #6066, #1765, #4957, .T. ) ;
#5443 = EDGE_CURVE ( 'NONE', #1107, #7916, #3104, .T. ) ;
#5444 = ORIENTED_EDGE ( 'NONE', *, *, #7993, .T. ) ;
#5445 = EDGE_CURVE ( 'NONE', #5923, #3361, #1875, .T. ) ;
#5446 = VERTEX_POINT ( 'NONE', #4340 ) ;
#5447 = VERTEX_POINT ( 'NONE', #8141 ) ;
#5448 = DIRECTION ( 'NONE',  ( 0.000000000000000000, -0.2756373558170042704, 0.9612616959383174509 ) ) ;
#5449 = ADVANCED_FACE ( 'NONE', ( #2524 ), #5072, .F. ) ;
#5450 = LINE ( 'NONE', #4734, #2955 ) ;
#5451 = AXIS2_PLACEMENT_3D ( 'NONE', #3958, #3342, #5812 ) ;
#5452 = EDGE_CURVE ( 'NONE', #953, #6286, #1941, .T. ) ;
#5453 = LINE ( 'NONE', #2320, #4080 ) ;
#5454 = ORIENTED_EDGE ( 'NONE', *, *, #7083, .T. ) ;
#5455 = ORIENTED_EDGE ( 'NONE', *, *, #525, .F. ) ;
#5456 = AXIS2_PLACEMENT_3D ( 'NONE', #7548, #1238, #4405 ) ;
#5457 = DIRECTION ( 'NONE',  ( 0.000000000000000000, 0.000000000000000000, -1.000000000000000000 ) ) ;
#5458 = CARTESIAN_POINT ( 'NONE',  ( 0.000000000000000000, 7.500000000000000000, 0.000000000000000000 ) ) ;
#5459 = DIRECTION ( 'NONE',  ( 0.000000000000000000, 0.000000000000000000, -1.000000000000000000 ) ) ;
#5460 = LINE ( 'NONE', #4211, #109 ) ;
#5461 = ORIENTED_EDGE ( 'NONE', *, *, #6422, .T. ) ;
#5462 = CARTESIAN_POINT ( 'NONE',  ( 51.62500000000000000, 10.53731005528969433, -17.37467487046948023 ) ) ;
#5463 = VECTOR ( 'NONE', #5936, 1000.000000000000000 ) ;
#5464 = DIRECTION ( 'NONE',  ( -0.7071067811865452413, -0.000000000000000000, 0.7071067811865497932 ) ) ;
#5465 = DIRECTION ( 'NONE',  ( 0.000000000000000000, 0.9612616959383174509, -0.2756373558170042704 ) ) ;
#5466 = DIRECTION ( 'NONE',  ( -1.000000000000000000, -0.000000000000000000, -0.000000000000000000 ) ) ;
#5467 = CARTESIAN_POINT ( 'NONE',  ( 27.54999999999999005, 10.80000000000000071, 35.44999999999961204 ) ) ;
#5468 = CARTESIAN_POINT ( 'NONE',  ( -27.54999999999999005, 10.80000000000000426, -33.62500000000000000 ) ) ;
#5469 = FACE_OUTER_BOUND ( 'NONE', #1151, .T. ) ;
#5470 = PLANE ( 'NONE',  #5057 ) ;
#5471 = CARTESIAN_POINT ( 'NONE',  ( -29.73571359999212049, 22.25864506693673306, 26.58211138907234883 ) ) ;
#5472 = ORIENTED_EDGE ( 'NONE', *, *, #7727, .T. ) ;
#5473 = ORIENTED_EDGE ( 'NONE', *, *, #4039, .T. ) ;
#5474 = ORIENTED_EDGE ( 'NONE', *, *, #552, .T. ) ;
#5475 = ORIENTED_EDGE ( 'NONE', *, *, #918, .T. ) ;
#5476 = LINE ( 'NONE', #2871, #3823 ) ;
#5477 = PLANE ( 'NONE',  #7929 ) ;
#5478 = DIRECTION ( 'NONE',  ( 0.000000000000000000, 0.000000000000000000, -1.000000000000000000 ) ) ;
#5479 = ORIENTED_EDGE ( 'NONE', *, *, #2465, .T. ) ;
#5480 = VECTOR ( 'NONE', #4760, 1000.000000000000114 ) ;
#5481 = ORIENTED_EDGE ( 'NONE', *, *, #1804, .T. ) ;
#5482 = LINE ( 'NONE', #2536, #174 ) ;
#5483 = ORIENTED_EDGE ( 'NONE', *, *, #6347, .F. ) ;
#5484 = ORIENTED_EDGE ( 'NONE', *, *, #3469, .T. ) ;
#5485 = AXIS2_PLACEMENT_3D ( 'NONE', #1497, #3386, #5900 ) ;
#5486 = EDGE_CURVE ( 'NONE', #3439, #1686, #6311, .T. ) ;
#5487 = ORIENTED_EDGE ( 'NONE', *, *, #5055, .F. ) ;
#5488 = CARTESIAN_POINT ( 'NONE',  ( 52.50374022699593013, 7.500000000000000000, 0.000000000000000000 ) ) ;
#5489 = EDGE_CURVE ( 'NONE', #1263, #240, #1170, .T. ) ;
#5490 = CARTESIAN_POINT ( 'NONE',  ( 40.07937528197223287, 29.75245638442227047, -13.11547058297211876 ) ) ;
#5491 = DIRECTION ( 'NONE',  ( 1.000000000000000000, 0.000000000000000000, 0.000000000000000000 ) ) ;
#5492 = ORIENTED_EDGE ( 'NONE', *, *, #2431, .F. ) ;
#5493 = ORIENTED_EDGE ( 'NONE', *, *, #3128, .F. ) ;
#5494 = CARTESIAN_POINT ( 'NONE',  ( -52.80943399447264142, 8.566080860090407256, 0.000000000000000000 ) ) ;
#5495 = LINE ( 'NONE', #1665, #170 ) ;
#5496 = DIRECTION ( 'NONE',  ( -0.000000000000000000, 1.000000000000000000, -0.000000000000000000 ) ) ;
#5497 = PLANE ( 'NONE',  #5767 ) ;
#5498 = ORIENTED_EDGE ( 'NONE', *, *, #7961, .F. ) ;
#5499 = CARTESIAN_POINT ( 'NONE',  ( 2.375000000000005773, 10.80000000000000071, 0.000000000000000000 ) ) ;
#5500 = CARTESIAN_POINT ( 'NONE',  ( -19.49625977300406632, 7.500000000000000000, -33.62500000000000000 ) ) ;
#5501 = CARTESIAN_POINT ( 'NONE',  ( 36.54999999999999716, 10.80000000000000426, -33.62500000000000000 ) ) ;
#5502 = DIRECTION ( 'NONE',  ( 0.000000000000000000, 0.000000000000000000, -1.000000000000000000 ) ) ;
#5503 = CARTESIAN_POINT ( 'NONE',  ( 61.85875721063606392, 9.699999999999974420, 33.78768939877064525 ) ) ;
#5504 = DIRECTION ( 'NONE',  ( -0.9612616959383174509, -0.2756373558170042704, 0.000000000000000000 ) ) ;
#5505 = VECTOR ( 'NONE', #2616, 1000.000000000000000 ) ;
#5506 = CARTESIAN_POINT ( 'NONE',  ( 51.62500000000000000, 10.53731005528970854, -8.374674870469490884 ) ) ;
#5507 = DIRECTION ( 'NONE',  ( -0.000000000000000000, -0.2756373558170042704, -0.9612616959383174509 ) ) ;
#5508 = EDGE_CURVE ( 'NONE', #4497, #1955, #4448, .T. ) ;
#5509 = DIRECTION ( 'NONE',  ( -1.000000000000000000, 0.000000000000000000, 0.000000000000000000 ) ) ;
#5510 = ORIENTED_EDGE ( 'NONE', *, *, #3334, .F. ) ;
#5511 = EDGE_LOOP ( 'NONE', ( #6669, #3771, #5626, #6297 ) ) ;
#5512 = ORIENTED_EDGE ( 'NONE', *, *, #1967, .T. ) ;
#5513 = ORIENTED_EDGE ( 'NONE', *, *, #6597, .F. ) ;
#5514 = LINE ( 'NONE', #357, #7253 ) ;
#5515 = DIRECTION ( 'NONE',  ( 0.8571673007021120005, 0.5150380749100545996, 0.000000000000000000 ) ) ;
#5516 = DIRECTION ( 'NONE',  ( 0.000000000000000000, -0.2756373558170042704, 0.9612616959383174509 ) ) ;
#5517 = ADVANCED_FACE ( 'NONE', ( #5892 ), #5724, .F. ) ;
#5518 = ADVANCED_FACE ( 'NONE', ( #6387 ), #5193, .F. ) ;
#5519 = EDGE_CURVE ( 'NONE', #7165, #6264, #6473, .T. ) ;
#5520 = VERTEX_POINT ( 'NONE', #2020 ) ;
#5521 = VECTOR ( 'NONE', #684, 1000.000000000000114 ) ;
#5522 = ORIENTED_EDGE ( 'NONE', *, *, #2349, .F. ) ;
#5523 = ORIENTED_EDGE ( 'NONE', *, *, #1744, .F. ) ;
#5524 = VERTEX_POINT ( 'NONE', #5149 ) ;
#5525 = PLANE ( 'NONE',  #1480 ) ;
#5526 = DIRECTION ( 'NONE',  ( -0.5001519828512179799, 0.8323926831162092865, 0.2386847610229711203 ) ) ;
#5527 = DIRECTION ( 'NONE',  ( 1.000000000000000000, 0.000000000000000000, -2.679109615408197094E-16 ) ) ;
#5528 = ORIENTED_EDGE ( 'NONE', *, *, #5750, .F. ) ;
#5530 = ORIENTED_EDGE ( 'NONE', *, *, #4841, .T. ) ;
#5529 = DIRECTION ( 'NONE',  ( 0.000000000000000000, 0.000000000000000000, -1.000000000000000000 ) ) ;
#5531 = PLANE ( 'NONE',  #4437 ) ;
#5532 = CARTESIAN_POINT ( 'NONE',  ( -43.50374022699593013, 7.500000000000000000, 33.62500000000000000 ) ) ;
#5533 = PLANE ( 'NONE',  #788 ) ;
#5534 = FACE_OUTER_BOUND ( 'NONE', #904, .T. ) ;
#5535 = ORIENTED_EDGE ( 'NONE', *, *, #6522, .T. ) ;
#5536 = VECTOR ( 'NONE', #3513, 1000.000000000000114 ) ;
#5537 = DIRECTION ( 'NONE',  ( -0.000000000000000000, 0.000000000000000000, 1.000000000000000000 ) ) ;
#5538 = LINE ( 'NONE', #8139, #1026 ) ;
#5539 = VECTOR ( 'NONE', #4846, 1000.000000000000000 ) ;
#5540 = DIRECTION ( 'NONE',  ( -0.9612616959383174509, -0.2756373558170042704, 0.000000000000000000 ) ) ;
#5541 = EDGE_CURVE ( 'NONE', #2255, #5850, #244, .T. ) ;
#5542 = VECTOR ( 'NONE', #952, 1000.000000000000000 ) ;
#5543 = EDGE_CURVE ( 'NONE', #4042, #7156, #829, .T. ) ;
#5544 = ADVANCED_FACE ( 'NONE', ( #5761 ), #3866, .F. ) ;
#5545 = CARTESIAN_POINT ( 'NONE',  ( -46.49625977300406277, 7.500000000000000000, 33.62500000000000000 ) ) ;
#5546 = CARTESIAN_POINT ( 'NONE',  ( 57.89895923599141980, 9.099999999999983658, 36.89895923599146954 ) ) ;
#5547 = LINE ( 'NONE', #1796, #920 ) ;
#5548 = DIRECTION ( 'NONE',  ( -0.2756373558170042704, 0.9612616959383174509, 0.000000000000000000 ) ) ;
#5549 = AXIS2_PLACEMENT_3D ( 'NONE', #5693, #2557, #2483 ) ;
#5550 = CARTESIAN_POINT ( 'NONE',  ( -40.07937528197223287, 29.75245638442227047, -22.88452941702864862 ) ) ;
#5551 = CARTESIAN_POINT ( 'NONE',  ( 2.375000000000005773, 7.500000000000000000, 1.496259773003681737 ) ) ;
#5552 = LINE ( 'NONE', #3182, #7454 ) ;
#5553 = VECTOR ( 'NONE', #114, 1000.000000000000000 ) ;
#5554 = ORIENTED_EDGE ( 'NONE', *, *, #6301, .T. ) ;
#5555 = ORIENTED_EDGE ( 'NONE', *, *, #7307, .F. ) ;
#5556 = VERTEX_POINT ( 'NONE', #7625 ) ;
#5557 = VERTEX_POINT ( 'NONE', #2630 ) ;
#5558 = CARTESIAN_POINT ( 'NONE',  ( 43.80943399447276931, 8.566080860090835358, 34.80943399447237852 ) ) ;
#5559 = DIRECTION ( 'NONE',  ( 0.000000000000000000, 0.000000000000000000, -1.000000000000000000 ) ) ;
#5560 = DIRECTION ( 'NONE',  ( -0.000000000000000000, -0.2756373558170040483, -0.9612616959383175619 ) ) ;
#5561 = ORIENTED_EDGE ( 'NONE', *, *, #4567, .T. ) ;
#5562 = ORIENTED_EDGE ( 'NONE', *, *, #1234, .T. ) ;
#5563 = ORIENTED_EDGE ( 'NONE', *, *, #316, .F. ) ;
#5564 = EDGE_CURVE ( 'NONE', #7696, #3058, #2102, .T. ) ;
#5565 = VERTEX_POINT ( 'NONE', #7669 ) ;
#5566 = DIRECTION ( 'NONE',  ( -0.000000000000000000, -1.000000000000000000, -0.000000000000000000 ) ) ;
#5567 = VECTOR ( 'NONE', #8176, 1000.000000000000114 ) ;
#5568 = CARTESIAN_POINT ( 'NONE',  ( 9.550000000000002487, 10.80000000000000071, 35.44999999999961204 ) ) ;
#5569 = DIRECTION ( 'NONE',  ( -0.2657276780299913099, -0.9267025424900799946, 0.2657276780299913099 ) ) ;
#5571 = ORIENTED_EDGE ( 'NONE', *, *, #6622, .F. ) ;
#5570 = DIRECTION ( 'NONE',  ( 0.9612616959383175619, -0.2756373558170040483, 0.000000000000000000 ) ) ;
#5572 = DIRECTION ( 'NONE',  ( -0.000000000000000000, -1.000000000000000000, 0.000000000000000000 ) ) ;
#5573 = FACE_OUTER_BOUND ( 'NONE', #321, .T. ) ;
#5574 = LINE ( 'NONE', #3674, #2248 ) ;
#5575 = CARTESIAN_POINT ( 'NONE',  ( -37.49625977300406277, 7.500000000000000000, 0.000000000000000000 ) ) ;
#5576 = EDGE_CURVE ( 'NONE', #4408, #188, #7047, .T. ) ;
#5577 = ORIENTED_EDGE ( 'NONE', *, *, #5391, .T. ) ;
#5578 = EDGE_CURVE ( 'NONE', #7207, #4280, #780, .T. ) ;
#5579 = CARTESIAN_POINT ( 'NONE',  ( 33.26428640000787595, 22.25864506693675082, 26.58211138907232396 ) ) ;
#5580 = LINE ( 'NONE', #1247, #7926 ) ;
#5581 = VECTOR ( 'NONE', #3619, 1000.000000000000227 ) ;
#5582 = CARTESIAN_POINT ( 'NONE',  ( 44.45000000000000284, 10.80000000000000426, -33.62500000000000000 ) ) ;
#5583 = CARTESIAN_POINT ( 'NONE',  ( -32.06738976402692032, -0.9965637948164198789, 32.06738976402653662 ) ) ;
#5584 = DIRECTION ( 'NONE',  ( 0.4999999999999902855, -0.7071067811865670016, -0.4999999999999821254 ) ) ;
#5585 = LINE ( 'NONE', #1290, #1855 ) ;
#5586 = CARTESIAN_POINT ( 'NONE',  ( -0.4124163967275036868, 7.271022431965715960, 10.56191803407978469 ) ) ;
#5587 = DIRECTION ( 'NONE',  ( 0.000000000000000000, 0.9612616959383174509, -0.2756373558170039373 ) ) ;
#5588 = VECTOR ( 'NONE', #5702, 1000.000000000000114 ) ;
#5589 = LINE ( 'NONE', #596, #2696 ) ;
#5590 = EDGE_CURVE ( 'NONE', #5362, #7007, #7139, .T. ) ;
#5591 = ORIENTED_EDGE ( 'NONE', *, *, #7971, .F. ) ;
#5592 = EDGE_CURVE ( 'NONE', #6551, #869, #5807, .T. ) ;
#5593 = ORIENTED_EDGE ( 'NONE', *, *, #1028, .F. ) ;
#5594 = ORIENTED_EDGE ( 'NONE', *, *, #2637, .T. ) ;
#5595 = ORIENTED_EDGE ( 'NONE', *, *, #1509, .F. ) ;
#5596 = LINE ( 'NONE', #3739, #5133 ) ;
#5597 = DIRECTION ( 'NONE',  ( -1.000000000000000000, 0.000000000000000000, 0.000000000000000000 ) ) ;
#5598 = LINE ( 'NONE', #1187, #64 ) ;
#5599 = ORIENTED_EDGE ( 'NONE', *, *, #7896, .T. ) ;
#5600 = EDGE_CURVE ( 'NONE', #7504, #6525, #1488, .T. ) ;
#5601 = ORIENTED_EDGE ( 'NONE', *, *, #7738, .F. ) ;
#5602 = ORIENTED_EDGE ( 'NONE', *, *, #5034, .F. ) ;
#5603 = VECTOR ( 'NONE', #7027, 1000.000000000000000 ) ;
#5604 = ORIENTED_EDGE ( 'NONE', *, *, #3628, .F. ) ;
#5605 = CARTESIAN_POINT ( 'NONE',  ( -60.00000000000000000, 7.500000000000000000, 8.000000000000000000 ) ) ;
#5606 = LINE ( 'NONE', #496, #536 ) ;
#5607 = VECTOR ( 'NONE', #7113, 1000.000000000000114 ) ;
#5609 = VERTEX_POINT ( 'NONE', #7006 ) ;
#5608 = CARTESIAN_POINT ( 'NONE',  ( 24.62500000000000000, 10.53731005528970321, 33.62500000000000000 ) ) ;
#5610 = DIRECTION ( 'NONE',  ( 1.000000000000000000, 0.000000000000000000, 0.000000000000000000 ) ) ;
#5611 = CARTESIAN_POINT ( 'NONE',  ( -0.5499999999999949374, 10.80000000000000071, -18.55000000000037730 ) ) ;
#5612 = DIRECTION ( 'NONE',  ( 0.5001519828512182020, -0.8323926831162096196, 0.2386847610229694550 ) ) ;
#5613 = EDGE_CURVE ( 'NONE', #3654, #4913, #3953, .T. ) ;
#5614 = DIRECTION ( 'NONE',  ( 1.000000000000000000, 0.000000000000000000, 0.000000000000000000 ) ) ;
#5615 = CARTESIAN_POINT ( 'NONE',  ( 6.264286400007878619, 22.25864506693675438, 26.58211138907232751 ) ) ;
#5616 = DIRECTION ( 'NONE',  ( 1.000000000000000000, 0.000000000000000000, -0.000000000000000000 ) ) ;
#5617 = CARTESIAN_POINT ( 'NONE',  ( -0.5500000000000088152, 7.500000000000000000, -35.45000000000000284 ) ) ;
#5618 = CARTESIAN_POINT ( 'NONE',  ( 2.375000000000005773, 10.53731005528968545, -9.625325129531294266 ) ) ;
#5619 = DIRECTION ( 'NONE',  ( 0.000000000000000000, -0.2756373558170042704, 0.9612616959383174509 ) ) ;
#5620 = VECTOR ( 'NONE', #3473, 1000.000000000000227 ) ;
#5621 = LINE ( 'NONE', #4385, #5256 ) ;
#5622 = VERTEX_POINT ( 'NONE', #1355 ) ;
#5623 = DIRECTION ( 'NONE',  ( -0.000000000000000000, -1.000000000000000000, 0.000000000000000000 ) ) ;
#5624 = ORIENTED_EDGE ( 'NONE', *, *, #1734, .F. ) ;
#5625 = LINE ( 'NONE', #6981, #3199 ) ;
#5626 = ORIENTED_EDGE ( 'NONE', *, *, #1483, .F. ) ;
#5627 = ADVANCED_FACE ( 'NONE', ( #3994 ), #6516, .F. ) ;
#5628 = VECTOR ( 'NONE', #3899, 1000.000000000000114 ) ;
#5629 = ORIENTED_EDGE ( 'NONE', *, *, #3622, .T. ) ;
#5630 = ORIENTED_EDGE ( 'NONE', *, *, #3787, .F. ) ;
#5631 = DIRECTION ( 'NONE',  ( -1.000000000000000000, 0.000000000000000000, 0.000000000000000000 ) ) ;
#5632 = CARTESIAN_POINT ( 'NONE',  ( 2.375000000000005773, 10.80000000000000071, 0.000000000000000000 ) ) ;
#5633 = PLANE ( 'NONE',  #1832 ) ;
#5634 = EDGE_CURVE ( 'NONE', #3613, #3130, #5278, .T. ) ;
#5635 = ORIENTED_EDGE ( 'NONE', *, *, #3609, .T. ) ;
#5636 = VERTEX_POINT ( 'NONE', #1529 ) ;
#5637 = EDGE_CURVE ( 'NONE', #1263, #5097, #908, .T. ) ;
#5638 = VERTEX_POINT ( 'NONE', #7309 ) ;
#5639 = EDGE_CURVE ( 'NONE', #3450, #3040, #2229, .T. ) ;
#5640 = EDGE_CURVE ( 'NONE', #8127, #4271, #370, .T. ) ;
#5641 = VERTEX_POINT ( 'NONE', #7347 ) ;
#5642 = AXIS2_PLACEMENT_3D ( 'NONE', #560, #2452, #1838 ) ;
#5643 = CARTESIAN_POINT ( 'NONE',  ( -53.44999999999999574, 82.98258077199005811, -35.45000000000003126 ) ) ;
#5644 = VECTOR ( 'NONE', #2019, 1000.000000000000000 ) ;
#5645 = DIRECTION ( 'NONE',  ( 0.2657276780299911434, 0.9267025424900801056, 0.2657276780299911434 ) ) ;
#5647 = ORIENTED_EDGE ( 'NONE', *, *, #1871, .T. ) ;
#5646 = CARTESIAN_POINT ( 'NONE',  ( -57.99999999999999289, 7.500000000000000000, 8.000000000000000000 ) ) ;
#5648 = PLANE ( 'NONE',  #6886 ) ;
#5649 = DIRECTION ( 'NONE',  ( -1.000000000000000000, 0.000000000000000000, 0.000000000000000000 ) ) ;
#5650 = VECTOR ( 'NONE', #5043, 1000.000000000000000 ) ;
#5651 = DIRECTION ( 'NONE',  ( 0.7071067811865474617, 0.000000000000000000, -0.7071067811865474617 ) ) ;
#5652 = DIRECTION ( 'NONE',  ( 0.000000000000000000, 0.000000000000000000, -1.000000000000000000 ) ) ;
#5653 = ORIENTED_EDGE ( 'NONE', *, *, #1674, .T. ) ;
#5654 = EDGE_CURVE ( 'NONE', #2201, #3388, #6641, .T. ) ;
#5655 = LINE ( 'NONE', #6903, #1595 ) ;
#5656 = CARTESIAN_POINT ( 'NONE',  ( 53.44999999999999574, 10.80000000000000071, -18.55000000000037730 ) ) ;
#5657 = CARTESIAN_POINT ( 'NONE',  ( 61.85875721063606392, 9.699999999999974420, -33.78768939877064525 ) ) ;
#5658 = ADVANCED_FACE ( 'NONE', ( #2887 ), #5404, .F. ) ;
#5659 = PLANE ( 'NONE',  #3555 ) ;
#5660 = DIRECTION ( 'NONE',  ( -0.9612616959383180060, -0.2756373558170023830, 0.000000000000000000 ) ) ;
#5661 = AXIS2_PLACEMENT_3D ( 'NONE', #1316, #5101, #7710 ) ;
#5662 = VECTOR ( 'NONE', #7859, 1000.000000000000000 ) ;
#5663 = EDGE_LOOP ( 'NONE', ( #6955, #3320, #3931, #7091 ) ) ;
#5664 = DIRECTION ( 'NONE',  ( -0.000000000000000000, -0.000000000000000000, 1.000000000000000000 ) ) ;
#5665 = ORIENTED_EDGE ( 'NONE', *, *, #2508, .T. ) ;
#5666 = DIRECTION ( 'NONE',  ( -0.000000000000000000, -0.000000000000000000, 1.000000000000000000 ) ) ;
#5667 = EDGE_CURVE ( 'NONE', #953, #4828, #3455, .T. ) ;
#5668 = AXIS2_PLACEMENT_3D ( 'NONE', #913, #7097, #4575 ) ;
#5669 = ORIENTED_EDGE ( 'NONE', *, *, #6119, .T. ) ;
#5670 = ORIENTED_EDGE ( 'NONE', *, *, #7495, .F. ) ;
#5671 = CARTESIAN_POINT ( 'NONE',  ( -47.73571359999211694, 22.25864506693675082, 26.58211138907230975 ) ) ;
#5672 = LINE ( 'NONE', #4394, #6079 ) ;
#5673 = PLANE ( 'NONE',  #2364 ) ;
#5674 = VECTOR ( 'NONE', #4406, 1000.000000000000000 ) ;
#5675 = VECTOR ( 'NONE', #4813, 1000.000000000000114 ) ;
#5676 =( GEOMETRIC_REPRESENTATION_CONTEXT ( 3 ) GLOBAL_UNCERTAINTY_ASSIGNED_CONTEXT ( ( #5018 ) ) GLOBAL_UNIT_ASSIGNED_CONTEXT ( ( #7832, #7662, #154 ) ) REPRESENTATION_CONTEXT ( 'NONE', 'WORKASPACE' ) );
#5677 = EDGE_CURVE ( 'NONE', #7316, #7644, #3586, .T. ) ;
#5678 = ORIENTED_EDGE ( 'NONE', *, *, #3722, .T. ) ;
#5679 = ORIENTED_EDGE ( 'NONE', *, *, #5334, .T. ) ;
#5680 = VERTEX_POINT ( 'NONE', #3496 ) ;
#5681 = VERTEX_POINT ( 'NONE', #7930 ) ;
#5682 = EDGE_CURVE ( 'NONE', #7106, #6568, #462, .T. ) ;
#5683 = EDGE_CURVE ( 'NONE', #4913, #4450, #327, .T. ) ;
#5684 = DIRECTION ( 'NONE',  ( -0.2756373558170042704, -0.9612616959383174509, 0.000000000000000000 ) ) ;
#5685 = EDGE_CURVE ( 'NONE', #3327, #7383, #2281, .T. ) ;
#5686 = CARTESIAN_POINT ( 'NONE',  ( -51.62500000000000711, 7.500000000000000000, -7.503740226996326257 ) ) ;
#5687 = DIRECTION ( 'NONE',  ( 0.000000000000000000, 0.000000000000000000, -1.000000000000000000 ) ) ;
#5688 = AXIS2_PLACEMENT_3D ( 'NONE', #5847, #827, #734 ) ;
#5689 = DIRECTION ( 'NONE',  ( -0.000000000000000000, -0.2756373558170042704, -0.9612616959383174509 ) ) ;
#5690 = CARTESIAN_POINT ( 'NONE',  ( -19.49625977300406632, 7.500000000000000000, 0.000000000000000000 ) ) ;
#5691 = DIRECTION ( 'NONE',  ( 0.2756373558170042704, -0.9612616959383174509, 0.000000000000000000 ) ) ;
#5692 = ORIENTED_EDGE ( 'NONE', *, *, #4427, .F. ) ;
#5693 = CARTESIAN_POINT ( 'NONE',  ( 0.000000000000000000, 7.500000000000000000, 25.50374022699554288 ) ) ;
#5694 = CARTESIAN_POINT ( 'NONE',  ( 0.000000000000000000, 0.000000000000000000, 8.000000000000000000 ) ) ;
#5695 = DIRECTION ( 'NONE',  ( 0.000000000000000000, 0.000000000000000000, 1.000000000000000000 ) ) ;
#5696 = DIRECTION ( 'NONE',  ( -0.2386847610229713423, -0.8323926831162092865, 0.5001519828512179799 ) ) ;
#5697 = CARTESIAN_POINT ( 'NONE',  ( 0.000000000000000000, 10.80000000000000071, -33.62500000000000000 ) ) ;
#5698 = ORIENTED_EDGE ( 'NONE', *, *, #2420, .F. ) ;
#5699 = CARTESIAN_POINT ( 'NONE',  ( -53.44999999999999574, 7.500000000000000000, -35.45000000000003126 ) ) ;
#5700 = VERTEX_POINT ( 'NONE', #1659 ) ;
#5701 = PRODUCT ( '2 Segment Subtap', '2 Segment Subtap', '', ( #5310 ) ) ;
#5702 = DIRECTION ( 'NONE',  ( -0.2657276780299913099, 0.9267025424900799946, 0.2657276780299913099 ) ) ;
#5703 = ORIENTED_EDGE ( 'NONE', *, *, #7902, .T. ) ;
#5704 = ORIENTED_EDGE ( 'NONE', *, *, #19, .F. ) ;
#5705 = DIRECTION ( 'NONE',  ( -1.000000000000000000, 0.000000000000000000, 0.000000000000000000 ) ) ;
#5706 = CARTESIAN_POINT ( 'NONE',  ( -35.44999999999999574, 10.80000000000000071, -35.45000000000039364 ) ) ;
#5707 = AXIS2_PLACEMENT_3D ( 'NONE', #4025, #898, #7536 ) ;
#5708 = DIRECTION ( 'NONE',  ( 1.000000000000000000, 0.000000000000000000, 0.000000000000000000 ) ) ;
#5709 = DIRECTION ( 'NONE',  ( -0.7071067811865497932, 0.000000000000000000, -0.7071067811865452413 ) ) ;
#5710 = ORIENTED_EDGE ( 'NONE', *, *, #6549, .F. ) ;
#5711 = VERTEX_POINT ( 'NONE', #6683 ) ;
#5712 = ORIENTED_EDGE ( 'NONE', *, *, #5590, .F. ) ;
#5713 = ORIENTED_EDGE ( 'NONE', *, *, #3725, .T. ) ;
#5714 = ORIENTED_EDGE ( 'NONE', *, *, #6123, .F. ) ;
#5715 = CARTESIAN_POINT ( 'NONE',  ( 0.000000000000000000, 10.80000000000000071, -33.62500000000000000 ) ) ;
#5716 = CARTESIAN_POINT ( 'NONE',  ( -71.94928943488123707, 10.53731005528974052, -33.62500000000000000 ) ) ;
#5717 = CARTESIAN_POINT ( 'NONE',  ( -3.932610235973094781, -0.9965637948165171345, -32.06738976402728980 ) ) ;
#5718 = EDGE_CURVE ( 'NONE', #3652, #5433, #1035, .T. ) ;
#5719 = AXIS2_PLACEMENT_3D ( 'NONE', #2960, #5516, #7461 ) ;
#5720 = PLANE ( 'NONE',  #2005 ) ;
#5721 = CARTESIAN_POINT ( 'NONE',  ( -60.00000000000000000, 8.099999999999999645, -8.000000000000000000 ) ) ;
#5722 = VECTOR ( 'NONE', #6748, 1000.000000000000114 ) ;
#5723 = ADVANCED_FACE ( 'NONE', ( #4868 ), #421, .T. ) ;
#5724 = PLANE ( 'NONE',  #127 ) ;
#5725 = VERTEX_POINT ( 'NONE', #1700 ) ;
#5726 = CARTESIAN_POINT ( 'NONE',  ( 2.375000000000005773, 10.80000000000000426, 9.549999999999611688 ) ) ;
#5727 = CARTESIAN_POINT ( 'NONE',  ( 57.89895923599141980, 10.49999999999999822, -36.89895923599146954 ) ) ;
#5728 = LINE ( 'NONE', #210, #4120 ) ;
#5729 = DIRECTION ( 'NONE',  ( -0.5001519828512182020, -0.8323926831162096196, -0.2386847610229694550 ) ) ;
#5730 = FACE_OUTER_BOUND ( 'NONE', #854, .T. ) ;
#5731 = ORIENTED_EDGE ( 'NONE', *, *, #2280, .F. ) ;
#5732 = FACE_OUTER_BOUND ( 'NONE', #1306, .T. ) ;
#5733 = ORIENTED_EDGE ( 'NONE', *, *, #6013, .F. ) ;
#5734 = DIRECTION ( 'NONE',  ( 0.000000000000000000, 0.000000000000000000, -1.000000000000000000 ) ) ;
#5735 = VECTOR ( 'NONE', #6314, 1000.000000000000000 ) ;
#5736 = VERTEX_POINT ( 'NONE', #5319 ) ;
#5737 = ORIENTED_EDGE ( 'NONE', *, *, #4403, .F. ) ;
#5738 = CARTESIAN_POINT ( 'NONE',  ( 0.000000000000000000, 7.500000000000000000, 28.49625977300367907 ) ) ;
#5739 = CARTESIAN_POINT ( 'NONE',  ( 53.88039450307232414, 12.30096400656410083, -18.11960549692805245 ) ) ;
#5740 = EDGE_CURVE ( 'NONE', #1445, #3527, #5453, .T. ) ;
#5741 = LINE ( 'NONE', #4356, #7500 ) ;
#5742 = LINE ( 'NONE', #98, #181 ) ;
#5743 = CARTESIAN_POINT ( 'NONE',  ( -20.73571359999212405, 22.25864506693675438, -26.58211138907232041 ) ) ;
#5744 = ORIENTED_EDGE ( 'NONE', *, *, #5034, .T. ) ;
#5745 = ORIENTED_EDGE ( 'NONE', *, *, #4763, .T. ) ;
#5746 = ORIENTED_EDGE ( 'NONE', *, *, #3599, .F. ) ;
#5747 = EDGE_CURVE ( 'NONE', #6371, #288, #4075, .T. ) ;
#5748 = FACE_OUTER_BOUND ( 'NONE', #782, .T. ) ;
#5749 = ADVANCED_FACE ( 'NONE', ( #6105 ), #6599, .F. ) ;
#5750 = EDGE_CURVE ( 'NONE', #6887, #4622, #1745, .T. ) ;
#5751 = VECTOR ( 'NONE', #5962, 999.9999999999998863 ) ;
#5752 = VERTEX_POINT ( 'NONE', #287 ) ;
#5753 = ORIENTED_EDGE ( 'NONE', *, *, #3317, .F. ) ;
#5754 = CARTESIAN_POINT ( 'NONE',  ( 43.21310312740499882, 18.94972790725422485, 37.78689687259461749 ) ) ;
#5755 = PLANE ( 'NONE',  #4357 ) ;
#5756 = DIRECTION ( 'NONE',  ( 1.000000000000000000, 0.000000000000000000, -0.000000000000000000 ) ) ;
#5757 = EDGE_CURVE ( 'NONE', #1955, #3450, #2801, .T. ) ;
#5758 = DIRECTION ( 'NONE',  ( 0.000000000000000000, 0.000000000000000000, 1.000000000000000000 ) ) ;
#5759 = VECTOR ( 'NONE', #2719, 1000.000000000000114 ) ;
#5760 = DIRECTION ( 'NONE',  ( -0.5001519828512179799, 0.8323926831162092865, 0.2386847610229713423 ) ) ;
#5761 = FACE_OUTER_BOUND ( 'NONE', #5288, .T. ) ;
#5762 = ORIENTED_EDGE ( 'NONE', *, *, #6847, .F. ) ;
#5763 = ORIENTED_EDGE ( 'NONE', *, *, #995, .F. ) ;
#5764 = DIRECTION ( 'NONE',  ( 0.000000000000000000, 0.000000000000000000, -1.000000000000000000 ) ) ;
#5765 = DIRECTION ( 'NONE',  ( 0.000000000000000000, 1.000000000000000000, 0.000000000000000000 ) ) ;
#5766 = CARTESIAN_POINT ( 'NONE',  ( 55.00000000000000000, -11.50000000000000000, -41.00000000000000000 ) ) ;
#5767 = AXIS2_PLACEMENT_3D ( 'NONE', #5575, #1244, #8024 ) ;
#5768 = DIRECTION ( 'NONE',  ( 0.7071067811865474617, 0.000000000000000000, 0.7071067811865474617 ) ) ;
#5769 = ORIENTED_EDGE ( 'NONE', *, *, #6198, .F. ) ;
#5770 = LINE ( 'NONE', #6396, #4677 ) ;
#5771 = ORIENTED_EDGE ( 'NONE', *, *, #6498, .T. ) ;
#5772 = EDGE_CURVE ( 'NONE', #5636, #1899, #4984, .T. ) ;
#5773 = CARTESIAN_POINT ( 'NONE',  ( 51.62500000000000711, 10.53731005528969256, -0.6253251295312847180 ) ) ;
#5774 = EDGE_CURVE ( 'NONE', #3850, #1965, #6267, .T. ) ;
#5775 = ADVANCED_FACE ( 'NONE', ( #4442 ), #2399, .T. ) ;
#5776 = LINE ( 'NONE', #6440, #5272 ) ;
#5777 = ORIENTED_EDGE ( 'NONE', *, *, #7604, .T. ) ;
#5778 = CARTESIAN_POINT ( 'NONE',  ( -52.80943399447263431, 8.566080860090419691, -19.19056600552773872 ) ) ;
#5779 = LINE ( 'NONE', #3390, #6678 ) ;
#5780 = DIRECTION ( 'NONE',  ( -0.2657276780299913099, -0.9267025424900799946, 0.2657276780299913099 ) ) ;
#5781 = VECTOR ( 'NONE', #180, 1000.000000000000000 ) ;
#5782 = CARTESIAN_POINT ( 'NONE',  ( -26.45000000000000284, 10.80000000000000071, 35.44999999999961204 ) ) ;
#5783 = CARTESIAN_POINT ( 'NONE',  ( 1.390607076609507775, 7.868454739437104273, 1.390607076609126302 ) ) ;
#5784 = PLANE ( 'NONE',  #4287 ) ;
#5785 = EDGE_CURVE ( 'NONE', #5309, #1423, #5606, .T. ) ;
#5786 = ORIENTED_EDGE ( 'NONE', *, *, #2993, .F. ) ;
#5787 = VECTOR ( 'NONE', #5111, 1000.000000000000114 ) ;
#5788 = ORIENTED_EDGE ( 'NONE', *, *, #5224, .F. ) ;
#5789 = ORIENTED_EDGE ( 'NONE', *, *, #2704, .T. ) ;
#5790 = VECTOR ( 'NONE', #6768, 1000.000000000000000 ) ;
#5791 = FACE_OUTER_BOUND ( 'NONE', #6761, .T. ) ;
#5792 = VECTOR ( 'NONE', #4431, 1000.000000000000114 ) ;
#5793 = CARTESIAN_POINT ( 'NONE',  ( 0.000000000000000000, 7.500000000000000000, 34.50374022699554644 ) ) ;
#5794 = DIRECTION ( 'NONE',  ( -0.7071067811865452413, -0.000000000000000000, -0.7071067811865497932 ) ) ;
#5795 = VECTOR ( 'NONE', #7747, 1000.000000000000000 ) ;
#5796 = ORIENTED_EDGE ( 'NONE', *, *, #6759, .F. ) ;
#5797 = ORIENTED_EDGE ( 'NONE', *, *, #7709, .T. ) ;
#5798 = VECTOR ( 'NONE', #3642, 1000.000000000000114 ) ;
#5799 = CARTESIAN_POINT ( 'NONE',  ( 2.375000000000005773, 10.53731005528968545, 33.62500000000000000 ) ) ;
#5800 = DIRECTION ( 'NONE',  ( -0.2657276780299913099, 0.9267025424900799946, 0.2657276780299913099 ) ) ;
#5801 = LINE ( 'NONE', #7081, #104 ) ;
#5802 = AXIS2_PLACEMENT_3D ( 'NONE', #1957, #6951, #605 ) ;
#5803 = LINE ( 'NONE', #6469, #5265 ) ;
#5804 = LINE ( 'NONE', #3172, #159 ) ;
#5805 = VECTOR ( 'NONE', #6160, 1000.000000000000000 ) ;
#5806 = LINE ( 'NONE', #7045, #2485 ) ;
#5807 = LINE ( 'NONE', #164, #273 ) ;
#5808 = VERTEX_POINT ( 'NONE', #1275 ) ;
#5809 = ORIENTED_EDGE ( 'NONE', *, *, #4550, .T. ) ;
#5810 = CARTESIAN_POINT ( 'NONE',  ( 0.4124163967275038534, 7.271022431965715960, -16.43808196592020821 ) ) ;
#5811 = VECTOR ( 'NONE', #3752, 1000.000000000000114 ) ;
#5812 = DIRECTION ( 'NONE',  ( 1.000000000000000000, 0.000000000000000000, 0.000000000000000000 ) ) ;
#5813 = DIRECTION ( 'NONE',  ( 0.000000000000000000, 0.000000000000000000, -1.000000000000000000 ) ) ;
#5814 = ADVANCED_FACE ( 'NONE', ( #8092 ), #1160, .F. ) ;
#5815 = LINE ( 'NONE', #2597, #1310 ) ;
#5816 = EDGE_CURVE ( 'NONE', #5028, #6539, #3783, .T. ) ;
#5817 = EDGE_LOOP ( 'NONE', ( #7772, #6717, #2685, #727 ) ) ;
#5818 = LINE ( 'NONE', #790, #5994 ) ;
#5819 = ORIENTED_EDGE ( 'NONE', *, *, #6912, .T. ) ;
#5820 = AXIS2_PLACEMENT_3D ( 'NONE', #6857, #4336, #8100 ) ;
#5821 = CARTESIAN_POINT ( 'NONE',  ( 53.44999999999999574, -11.50000000000000000, -35.45000000000003126 ) ) ;
#5822 = CARTESIAN_POINT ( 'NONE',  ( 17.45000000000000639, 10.80000000000000426, 33.62500000000000000 ) ) ;
#5823 = ORIENTED_EDGE ( 'NONE', *, *, #2749, .F. ) ;
#5824 = FACE_OUTER_BOUND ( 'NONE', #7907, .T. ) ;
#5825 = DIRECTION ( 'NONE',  ( 0.9612616959383181170, -0.2756373558170021609, 0.000000000000000000 ) ) ;
#5826 = CARTESIAN_POINT ( 'NONE',  ( -53.44999999999999574, 82.98258077199005811, 35.44999999999998863 ) ) ;
#5827 = DIRECTION ( 'NONE',  ( -0.7071067811865452413, -0.000000000000000000, -0.7071067811865497932 ) ) ;
#5828 = CARTESIAN_POINT ( 'NONE',  ( -2.375000000000005773, 10.80000000000000426, 8.449999999999617373 ) ) ;
#5829 = ADVANCED_FACE ( 'NONE', ( #6305 ), #1117, .T. ) ;
#5830 = CARTESIAN_POINT ( 'NONE',  ( 0.000000000000000000, 7.500000000000000000, 10.49625977300367907 ) ) ;
#5831 = VERTEX_POINT ( 'NONE', #1821 ) ;
#5832 = AXIS2_PLACEMENT_3D ( 'NONE', #6478, #833, #3381 ) ;
#5833 = VECTOR ( 'NONE', #5666, 1000.000000000000000 ) ;
#5834 = VERTEX_POINT ( 'NONE', #3132 ) ;
#5835 = VERTEX_POINT ( 'NONE', #1200 ) ;
#5836 = PLANE ( 'NONE',  #129 ) ;
#5837 = FACE_OUTER_BOUND ( 'NONE', #6235, .T. ) ;
#5838 = FACE_OUTER_BOUND ( 'NONE', #3087, .T. ) ;
#5839 = VERTEX_POINT ( 'NONE', #3169 ) ;
#5840 = ORIENTED_EDGE ( 'NONE', *, *, #6384, .T. ) ;
#5841 = VECTOR ( 'NONE', #5996, 1000.000000000000000 ) ;
#5842 = ORIENTED_EDGE ( 'NONE', *, *, #4690, .T. ) ;
#5843 = CARTESIAN_POINT ( 'NONE',  ( -52.80943399447264142, 8.566080860090410809, 10.19056600552696956 ) ) ;
#5844 = LINE ( 'NONE', #1968, #2812 ) ;
#5845 = CARTESIAN_POINT ( 'NONE',  ( -8.449999999999999289, 10.80000000000000071, -8.450000000000388312 ) ) ;
#5846 = DIRECTION ( 'NONE',  ( 0.000000000000000000, -0.2756373558170042704, 0.9612616959383174509 ) ) ;
#5847 = CARTESIAN_POINT ( 'NONE',  ( 7.503740226995931017, 7.500000000000000000, 0.000000000000000000 ) ) ;
#5848 = LINE ( 'NONE', #5192, #5644 ) ;
#5849 = CARTESIAN_POINT ( 'NONE',  ( -16.50374022699593013, 7.500000000000000000, 0.000000000000000000 ) ) ;
#5850 = VERTEX_POINT ( 'NONE', #4286 ) ;
#5851 = ORIENTED_EDGE ( 'NONE', *, *, #4457, .T. ) ;
#5852 = DIRECTION ( 'NONE',  ( 0.000000000000000000, 0.000000000000000000, -1.000000000000000000 ) ) ;
#5853 = DIRECTION ( 'NONE',  ( -1.000000000000000000, 0.000000000000000000, 0.000000000000000000 ) ) ;
#5854 = EDGE_CURVE ( 'NONE', #7079, #7696, #1936, .T. ) ;
#5855 = CARTESIAN_POINT ( 'NONE',  ( -3.482387728013483552E-16, 8.566080860089984483, -34.80943399447291142 ) ) ;
#5856 = EDGE_CURVE ( 'NONE', #3889, #2785, #6184, .T. ) ;
#5857 = DIRECTION ( 'NONE',  ( 0.2657276780299913099, 0.9267025424900799946, 0.2657276780299913099 ) ) ;
#5858 = EDGE_CURVE ( 'NONE', #3361, #6887, #6228, .T. ) ;
#5859 = VECTOR ( 'NONE', #4459, 1000.000000000000114 ) ;
#5860 = ORIENTED_EDGE ( 'NONE', *, *, #85, .T. ) ;
#5861 = CARTESIAN_POINT ( 'NONE',  ( -51.62500000000000000, 10.80000000000000426, -33.62500000000000000 ) ) ;
#5862 = LINE ( 'NONE', #6485, #138 ) ;
#5863 = AXIS2_PLACEMENT_3D ( 'NONE', #2037, #3974, #4011 ) ;
#5864 = SURFACE_STYLE_FILL_AREA ( #6487 ) ;
#5865 = ORIENTED_EDGE ( 'NONE', *, *, #5075, .T. ) ;
#5866 = CARTESIAN_POINT ( 'NONE',  ( 52.80943399447264142, 8.566080860090407256, 0.000000000000000000 ) ) ;
#5867 = LINE ( 'NONE', #4049, #1277 ) ;
#5868 = DIRECTION ( 'NONE',  ( -0.7071067811865475727, 0.000000000000000000, 0.7071067811865475727 ) ) ;
#5869 = DIRECTION ( 'NONE',  ( 0.2386847610229713701, 0.8323926831162093976, -0.5001519828512178689 ) ) ;
#5870 = DIRECTION ( 'NONE',  ( -0.7071067811865497932, 0.000000000000000000, 0.7071067811865452413 ) ) ;
#5871 = DIRECTION ( 'NONE',  ( -1.000000000000000000, 0.000000000000000000, -0.000000000000000000 ) ) ;
#5872 = VERTEX_POINT ( 'NONE', #3713 ) ;
#5873 = EDGE_CURVE ( 'NONE', #4859, #4502, #4910, .T. ) ;
#5874 = ORIENTED_EDGE ( 'NONE', *, *, #3458, .T. ) ;
#5875 = ORIENTED_EDGE ( 'NONE', *, *, #3229, .F. ) ;
#5876 = CARTESIAN_POINT ( 'NONE',  ( -24.62500000000000000, 10.53731005528970321, 33.62500000000000000 ) ) ;
#5877 = DIRECTION ( 'NONE',  ( 0.2756373558170042704, 0.9612616959383174509, 0.000000000000000000 ) ) ;
#5878 = CARTESIAN_POINT ( 'NONE',  ( 2.375000000000005773, 10.80000000000000426, 33.62500000000000000 ) ) ;
#5879 = VERTEX_POINT ( 'NONE', #2474 ) ;
#5880 = VECTOR ( 'NONE', #6613, 1000.000000000000000 ) ;
#5881 = ORIENTED_EDGE ( 'NONE', *, *, #7360, .F. ) ;
#5882 = ORIENTED_EDGE ( 'NONE', *, *, #2572, .T. ) ;
#5883 = CARTESIAN_POINT ( 'NONE',  ( -9.549999999999995381, 10.80000000000000426, -33.62500000000000000 ) ) ;
#5884 = ADVANCED_FACE ( 'NONE', ( #34 ), #1782, .F. ) ;
#5885 = LINE ( 'NONE', #238, #3143 ) ;
#5886 = EDGE_CURVE ( 'NONE', #4320, #491, #8131, .T. ) ;
#5887 = EDGE_CURVE ( 'NONE', #1530, #4018, #3055, .T. ) ;
#5888 = LINE ( 'NONE', #2550, #6719 ) ;
#5889 = VECTOR ( 'NONE', #1664, 1000.000000000000000 ) ;
#5890 = CARTESIAN_POINT ( 'NONE',  ( 2.375000000000005773, 10.80000000000000426, 26.44999999999961204 ) ) ;
#5891 = CARTESIAN_POINT ( 'NONE',  ( 43.50374022699593723, 7.500000000000000000, 0.000000000000000000 ) ) ;
#5892 = FACE_OUTER_BOUND ( 'NONE', #3452, .T. ) ;
#5893 = VERTEX_POINT ( 'NONE', #1862 ) ;
#5894 = EDGE_LOOP ( 'NONE', ( #1768, #2612, #2538, #3766 ) ) ;
#5895 = LINE ( 'NONE', #5282, #767 ) ;
#5896 = LINE ( 'NONE', #4529, #835 ) ;
#5897 = CARTESIAN_POINT ( 'NONE',  ( 61.43449314192414334, 9.099999999999983658, 33.36342533005872468 ) ) ;
#5898 = FACE_OUTER_BOUND ( 'NONE', #5000, .T. ) ;
#5899 = ORIENTED_EDGE ( 'NONE', *, *, #2728, .T. ) ;
#5900 = DIRECTION ( 'NONE',  ( -1.000000000000000000, 0.000000000000000000, 0.000000000000000000 ) ) ;
#5901 = VECTOR ( 'NONE', #5827, 1000.000000000000000 ) ;
#5902 = DIRECTION ( 'NONE',  ( -0.000000000000000000, 0.9612616959383174509, 0.2756373558170042704 ) ) ;
#5903 = EDGE_CURVE ( 'NONE', #2433, #2810, #4371, .T. ) ;
#5904 = ADVANCED_FACE ( 'NONE', ( #5025 ), #5755, .F. ) ;
#5905 = DIRECTION ( 'NONE',  ( -0.000000000000000000, 0.9612616959383174509, 0.2756373558170042704 ) ) ;
#5906 = ORIENTED_EDGE ( 'NONE', *, *, #5075, .F. ) ;
#5907 = LINE ( 'NONE', #7232, #4367 ) ;
#5908 = PLANE ( 'NONE',  #2715 ) ;
#5909 = FACE_OUTER_BOUND ( 'NONE', #3152, .T. ) ;
#5910 = CARTESIAN_POINT ( 'NONE',  ( -51.62500000000000711, 7.500000000000000000, 19.49625977300367552 ) ) ;
#5911 = CARTESIAN_POINT ( 'NONE',  ( -2.375000000000005773, 10.80000000000000426, 33.62500000000000000 ) ) ;
#5912 = DIRECTION ( 'NONE',  ( 0.2657276780299913099, 0.9267025424900799946, 0.2657276780299913099 ) ) ;
#5913 = VERTEX_POINT ( 'NONE', #5100 ) ;
#5914 = AXIS2_PLACEMENT_3D ( 'NONE', #12, #6907, #1763 ) ;
#5915 = EDGE_CURVE ( 'NONE', #3997, #4280, #4483, .T. ) ;
#5916 = ORIENTED_EDGE ( 'NONE', *, *, #6481, .F. ) ;
#5917 = ORIENTED_EDGE ( 'NONE', *, *, #6189, .T. ) ;
#5918 = DIRECTION ( 'NONE',  ( -0.000000000000000000, -0.2756373558170023830, -0.9612616959383180060 ) ) ;
#5919 = CARTESIAN_POINT ( 'NONE',  ( -8.449999999999999289, 10.80000000000000071, 8.449999999999617373 ) ) ;
#5920 = PLANE ( 'NONE',  #6381 ) ;
#5921 = ADVANCED_FACE ( 'NONE', ( #2620 ), #3860, .F. ) ;
#5922 = AXIS2_PLACEMENT_3D ( 'NONE', #4845, #4302, #5695 ) ;
#5923 = VERTEX_POINT ( 'NONE', #157 ) ;
#5924 = EDGE_CURVE ( 'NONE', #312, #68, #7795, .T. ) ;
#5925 = VECTOR ( 'NONE', #6744, 1000.000000000000000 ) ;
#5926 = EDGE_LOOP ( 'NONE', ( #6714, #7515, #7844, #5931 ) ) ;
#5927 = LINE ( 'NONE', #3279, #2629 ) ;
#5928 = LINE ( 'NONE', #6588, #42 ) ;
#5929 = DIRECTION ( 'NONE',  ( 0.000000000000000000, -0.000000000000000000, 1.000000000000000000 ) ) ;
#5930 = ORIENTED_EDGE ( 'NONE', *, *, #6881, .F. ) ;
#5931 = ORIENTED_EDGE ( 'NONE', *, *, #5411, .F. ) ;
#5932 = AXIS2_PLACEMENT_3D ( 'NONE', #2973, #5491, #7393 ) ;
#5933 = DIRECTION ( 'NONE',  ( -0.5001519828512179799, -0.8323926831162092865, 0.2386847610229713423 ) ) ;
#5934 = ADVANCED_FACE ( 'NONE', ( #2055 ), #6377, .F. ) ;
#5935 = EDGE_CURVE ( 'NONE', #3465, #4819, #2142, .T. ) ;
#5936 = DIRECTION ( 'NONE',  ( 0.000000000000000000, 0.000000000000000000, -1.000000000000000000 ) ) ;
#5937 = ADVANCED_FACE ( 'NONE', ( #5269 ), #2668, .F. ) ;
#5938 = DIRECTION ( 'NONE',  ( -1.000000000000000000, 0.000000000000000000, -0.000000000000000000 ) ) ;
#5939 = ORIENTED_EDGE ( 'NONE', *, *, #5179, .F. ) ;
#5940 = ORIENTED_EDGE ( 'NONE', *, *, #3187, .T. ) ;
#5941 = CARTESIAN_POINT ( 'NONE',  ( 2.375000000000005773, 10.53731005528968545, 17.37467487046870218 ) ) ;
#5942 = EDGE_CURVE ( 'NONE', #1573, #3130, #5140, .T. ) ;
#5943 = DIRECTION ( 'NONE',  ( -1.000000000000000000, -0.000000000000000000, -0.000000000000000000 ) ) ;
#5944 = DIRECTION ( 'NONE',  ( 1.000000000000000000, 0.000000000000000000, 0.000000000000000000 ) ) ;
#5945 = DIRECTION ( 'NONE',  ( 0.000000000000000000, 0.000000000000000000, -1.000000000000000000 ) ) ;
#5946 = ORIENTED_EDGE ( 'NONE', *, *, #6383, .T. ) ;
#5947 = FACE_OUTER_BOUND ( 'NONE', #5817, .T. ) ;
#5948 = CARTESIAN_POINT ( 'NONE',  ( 53.44999999999999574, 10.80000000000000071, -9.550000000000384404 ) ) ;
#5949 = DIRECTION ( 'NONE',  ( 1.000000000000000000, 0.000000000000000000, 0.000000000000000000 ) ) ;
#5950 = ORIENTED_EDGE ( 'NONE', *, *, #4176, .T. ) ;
#5951 = DIRECTION ( 'NONE',  ( -0.000000000000000000, -0.000000000000000000, 1.000000000000000000 ) ) ;
#5952 = DIRECTION ( 'NONE',  ( -0.2657276780299913099, -0.9267025424900799946, 0.2657276780299913099 ) ) ;
#5953 = CARTESIAN_POINT ( 'NONE',  ( -53.44999999999999574, 7.500000000000007105, -35.45000000000003126 ) ) ;
#5954 = CARTESIAN_POINT ( 'NONE',  ( 51.62500000000000000, 10.53731005528969256, -33.62500000000000000 ) ) ;
#5955 = LINE ( 'NONE', #479, #7304 ) ;
#5956 = VECTOR ( 'NONE', #2588, 1000.000000000000000 ) ;
#5957 = DIRECTION ( 'NONE',  ( 0.000000000000000000, -1.000000000000000000, 0.000000000000000000 ) ) ;
#5958 = ORIENTED_EDGE ( 'NONE', *, *, #5983, .T. ) ;
#5959 = ORIENTED_EDGE ( 'NONE', *, *, #5189, .T. ) ;
#5960 = VERTEX_POINT ( 'NONE', #7664 ) ;
#5961 = CARTESIAN_POINT ( 'NONE',  ( 2.375000000000005773, 10.53731005528968545, 33.62500000000000000 ) ) ;
#5962 = DIRECTION ( 'NONE',  ( 0.000000000000000000, -0.9612616959383180060, -0.2756373558170023830 ) ) ;
#5963 = DIRECTION ( 'NONE',  ( 0.2657276780299894225, -0.9267025424900811048, 0.2657276780299894225 ) ) ;
#5964 = ORIENTED_EDGE ( 'NONE', *, *, #941, .F. ) ;
#5965 = ORIENTED_EDGE ( 'NONE', *, *, #2604, .F. ) ;
#5966 = VERTEX_POINT ( 'NONE', #2014 ) ;
#5967 = DIRECTION ( 'NONE',  ( -1.000000000000000000, -0.000000000000000000, -5.930678550348059559E-17 ) ) ;
#5968 = ORIENTED_EDGE ( 'NONE', *, *, #1893, .F. ) ;
#5969 = ORIENTED_EDGE ( 'NONE', *, *, #5118, .F. ) ;
#5970 = EDGE_CURVE ( 'NONE', #1983, #2641, #7039, .T. ) ;
#5971 = VECTOR ( 'NONE', #5397, 1000.000000000000000 ) ;
#5972 = VERTEX_POINT ( 'NONE', #6419 ) ;
#5973 = CARTESIAN_POINT ( 'NONE',  ( -45.62532512953089991, 10.53731005528968012, 33.62500000000000000 ) ) ;
#5974 = DIRECTION ( 'NONE',  ( -1.000000000000000000, -0.000000000000000000, -0.000000000000000000 ) ) ;
#5975 = DIRECTION ( 'NONE',  ( -0.5001519828512179799, -0.8323926831162092865, 0.2386847610229713423 ) ) ;
#5976 = ORIENTED_EDGE ( 'NONE', *, *, #5677, .F. ) ;
#5977 = ORIENTED_EDGE ( 'NONE', *, *, #5654, .F. ) ;
#5978 = EDGE_CURVE ( 'NONE', #7419, #2828, #2094, .T. ) ;
#5979 = DIRECTION ( 'NONE',  ( 0.000000000000000000, 0.000000000000000000, -1.000000000000000000 ) ) ;
#5980 = FACE_BOUND ( 'NONE', #4642, .T. ) ;
#5981 = CARTESIAN_POINT ( 'NONE',  ( 54.49999999999999289, 10.80000000000000426, 36.49999999999959499 ) ) ;
#5982 = DIRECTION ( 'NONE',  ( 0.2386847610229714811, 0.8323926831162096196, -0.5001519828512174248 ) ) ;
#5983 = EDGE_CURVE ( 'NONE', #4661, #6751, #825, .T. ) ;
#5984 = VERTEX_POINT ( 'NONE', #1314 ) ;
#5985 = LINE ( 'NONE', #4131, #5205 ) ;
#5986 = CARTESIAN_POINT ( 'NONE',  ( 60.02027957955104398, 7.500000000000000000, -31.94921176768562177 ) ) ;
#5987 = ADVANCED_FACE ( 'NONE', ( #4604 ), #6341, .T. ) ;
#5988 = EDGE_CURVE ( 'NONE', #2828, #2658, #5801, .T. ) ;
#5989 = LINE ( 'NONE', #7897, #5014 ) ;
#5990 = ORIENTED_EDGE ( 'NONE', *, *, #7201, .T. ) ;
#5991 = CARTESIAN_POINT ( 'NONE',  ( 2.375000000000005773, 10.80000000000000071, 0.000000000000000000 ) ) ;
#5992 = CARTESIAN_POINT ( 'NONE',  ( -62.00000000000000000, 7.500000000000000000, 41.00000000000000000 ) ) ;
#5993 = DIRECTION ( 'NONE',  ( -1.000000000000000000, 0.000000000000000000, 0.000000000000000000 ) ) ;
#5994 = VECTOR ( 'NONE', #2684, 1000.000000000000114 ) ;
#5995 = LINE ( 'NONE', #1139, #5243 ) ;
#5996 = DIRECTION ( 'NONE',  ( -0.000000000000000000, -0.000000000000000000, 1.000000000000000000 ) ) ;
#5997 = FACE_OUTER_BOUND ( 'NONE', #2429, .T. ) ;
#5998 = EDGE_LOOP ( 'NONE', ( #7868, #1933, #8135, #688 ) ) ;
#5999 = VECTOR ( 'NONE', #1088, 1000.000000000000114 ) ;
#6000 = ORIENTED_EDGE ( 'NONE', *, *, #2371, .T. ) ;
#6001 = ORIENTED_EDGE ( 'NONE', *, *, #5486, .T. ) ;
#6002 = ORIENTED_EDGE ( 'NONE', *, *, #4110, .F. ) ;
#6003 = CARTESIAN_POINT ( 'NONE',  ( 6.264286400007879507, 22.25864506693675438, -26.58211138907232396 ) ) ;
#6004 = CARTESIAN_POINT ( 'NONE',  ( -2.375000000000005773, 7.500000000000000000, -1.496259773004444904 ) ) ;
#6005 = DIRECTION ( 'NONE',  ( 0.000000000000000000, 0.000000000000000000, -1.000000000000000000 ) ) ;
#6006 = VERTEX_POINT ( 'NONE', #3945 ) ;
#6007 = ORIENTED_EDGE ( 'NONE', *, *, #4719, .F. ) ;
#6008 = LINE ( 'NONE', #7173, #6108 ) ;
#6009 = EDGE_CURVE ( 'NONE', #1294, #3732, #5885, .T. ) ;
#6010 = ADVANCED_FACE ( 'NONE', ( #2753 ), #3202, .T. ) ;
#6011 = ORIENTED_EDGE ( 'NONE', *, *, #1953, .T. ) ;
#6013 = EDGE_CURVE ( 'NONE', #2631, #6414, #7620, .T. ) ;
#6012 = ORIENTED_EDGE ( 'NONE', *, *, #6792, .F. ) ;
#6014 = VECTOR ( 'NONE', #5027, 1000.000000000000000 ) ;
#6015 = ORIENTED_EDGE ( 'NONE', *, *, #6380, .F. ) ;
#6016 = LINE ( 'NONE', #367, #6095 ) ;
#6017 = FACE_OUTER_BOUND ( 'NONE', #7969, .T. ) ;
#6018 = CARTESIAN_POINT ( 'NONE',  ( -18.54999999999999716, 10.80000000000000071, 35.44999999999961204 ) ) ;
#6019 = ADVANCED_FACE ( 'NONE', ( #4026 ), #900, .T. ) ;
#6020 = VECTOR ( 'NONE', #3249, 1000.000000000000227 ) ;
#6021 = ORIENTED_EDGE ( 'NONE', *, *, #3078, .F. ) ;
#6022 = ORIENTED_EDGE ( 'NONE', *, *, #1282, .F. ) ;
#6023 = DIRECTION ( 'NONE',  ( 0.000000000000000000, 0.000000000000000000, 1.000000000000000000 ) ) ;
#6024 = LINE ( 'NONE', #2891, #6629 ) ;
#6025 = DIRECTION ( 'NONE',  ( -1.000000000000000000, -0.000000000000000000, -0.000000000000000000 ) ) ;
#6026 = LINE ( 'NONE', #7810, #6844 ) ;
#6027 = ORIENTED_EDGE ( 'NONE', *, *, #526, .T. ) ;
#6028 = LINE ( 'NONE', #5499, #7046 ) ;
#6029 = LINE ( 'NONE', #382, #7534 ) ;
#6030 = DIRECTION ( 'NONE',  ( 1.000000000000000000, -4.458787163891844428E-16, 0.000000000000000000 ) ) ;
#6031 = ORIENTED_EDGE ( 'NONE', *, *, #3815, .T. ) ;
#6032 = FACE_OUTER_BOUND ( 'NONE', #322, .T. ) ;
#6033 = LINE ( 'NONE', #5376, #5536 ) ;
#6034 = DIRECTION ( 'NONE',  ( -1.000000000000000000, -0.000000000000000000, -0.000000000000000000 ) ) ;
#6035 = CARTESIAN_POINT ( 'NONE',  ( -53.44999999999999574, 10.80000000000000071, 0.5499999999996132427 ) ) ;
#6036 = DIRECTION ( 'NONE',  ( 1.000000000000000000, 0.000000000000000000, 0.000000000000000000 ) ) ;
#6037 = EDGE_CURVE ( 'NONE', #814, #4391, #5312, .T. ) ;
#6038 = VECTOR ( 'NONE', #4758, 1000.000000000000000 ) ;
#6039 = DIRECTION ( 'NONE',  ( -0.000000000000000000, -0.2756373558170040483, -0.9612616959383175619 ) ) ;
#6040 = EDGE_CURVE ( 'NONE', #7703, #3932, #2796, .T. ) ;
#6041 = ORIENTED_EDGE ( 'NONE', *, *, #5600, .T. ) ;
#6042 = EDGE_CURVE ( 'NONE', #7865, #6086, #4919, .T. ) ;
#6043 = AXIS2_PLACEMENT_3D ( 'NONE', #5690, #6821, #3064 ) ;
#6044 = VERTEX_POINT ( 'NONE', #1212 ) ;
#6045 = EDGE_LOOP ( 'NONE', ( #5797, #704, #5535, #5851 ) ) ;
#6046 = EDGE_LOOP ( 'NONE', ( #4151, #1721, #7036, #1420 ) ) ;
#6047 = LINE ( 'NONE', #2958, #795 ) ;
#6048 = LINE ( 'NONE', #3695, #144 ) ;
#6049 = DIRECTION ( 'NONE',  ( 0.9612616959383174509, -0.2756373558170042704, 0.000000000000000000 ) ) ;
#6050 = ADVANCED_FACE ( 'NONE', ( #7556 ), #7442, .F. ) ;
#6051 = VECTOR ( 'NONE', #1881, 1000.000000000000114 ) ;
#6053 = EDGE_CURVE ( 'NONE', #6674, #4509, #5538, .T. ) ;
#6052 = VERTEX_POINT ( 'NONE', #6195 ) ;
#6054 = ORIENTED_EDGE ( 'NONE', *, *, #5023, .F. ) ;
#6055 = FACE_OUTER_BOUND ( 'NONE', #7031, .T. ) ;
#6056 = VERTEX_POINT ( 'NONE', #6157 ) ;
#6057 = VERTEX_POINT ( 'NONE', #2554 ) ;
#6058 = VECTOR ( 'NONE', #6230, 1000.000000000000000 ) ;
#6059 = AXIS2_PLACEMENT_3D ( 'NONE', #7733, #5210, #3353 ) ;
#6060 = ORIENTED_EDGE ( 'NONE', *, *, #1744, .T. ) ;
#6061 = CARTESIAN_POINT ( 'NONE',  ( -53.44999999999999574, 7.500000000000000000, -35.45000000000003126 ) ) ;
#6062 = CARTESIAN_POINT ( 'NONE',  ( -52.50374022699592302, 7.500000000000000000, 0.000000000000000000 ) ) ;
#6063 = CARTESIAN_POINT ( 'NONE',  ( -0.5500000000000088152, -11.50000000000000000, 35.45000000000000995 ) ) ;
#6064 = VECTOR ( 'NONE', #3544, 1000.000000000000227 ) ;
#6065 = ORIENTED_EDGE ( 'NONE', *, *, #5978, .T. ) ;
#6066 = VERTEX_POINT ( 'NONE', #1908 ) ;
#6067 = DIRECTION ( 'NONE',  ( -0.2657276780299913099, 0.9267025424900799946, 0.2657276780299913099 ) ) ;
#6068 = AXIS2_PLACEMENT_3D ( 'NONE', #2149, #206, #7090 ) ;
#6069 = LINE ( 'NONE', #7935, #6236 ) ;
#6070 = VECTOR ( 'NONE', #4718, 1000.000000000000000 ) ;
#6071 = CARTESIAN_POINT ( 'NONE',  ( 57.89895923599141980, 9.099999999999983658, 36.89895923599146954 ) ) ;
#6072 = DIRECTION ( 'NONE',  ( 0.000000000000000000, 0.000000000000000000, -1.000000000000000000 ) ) ;
#6073 = VECTOR ( 'NONE', #1477, 1000.000000000000114 ) ;
#6074 = VERTEX_POINT ( 'NONE', #4259 ) ;
#6075 = CARTESIAN_POINT ( 'NONE',  ( -51.62500000000000000, 10.80000000000000071, 0.000000000000000000 ) ) ;
#6076 = VECTOR ( 'NONE', #7895, 1000.000000000000114 ) ;
#6077 = DIRECTION ( 'NONE',  ( -0.000000000000000000, 0.000000000000000000, 1.000000000000000000 ) ) ;
#6078 = CARTESIAN_POINT ( 'NONE',  ( -27.54999999999999361, 10.80000000000000071, 35.44999999999961204 ) ) ;
#6079 = VECTOR ( 'NONE', #3264, 1000.000000000000114 ) ;
#6080 = LINE ( 'NONE', #6742, #4101 ) ;
#6081 = LINE ( 'NONE', #7280, #7633 ) ;
#6082 = CARTESIAN_POINT ( 'NONE',  ( 19.49625977300406632, 7.500000000000000000, 0.000000000000000000 ) ) ;
#6083 = DIRECTION ( 'NONE',  ( -0.5001519828512179799, 0.8323926831162092865, -0.2386847610229713423 ) ) ;
#6084 = FACE_OUTER_BOUND ( 'NONE', #7140, .T. ) ;
#6085 = PLANE ( 'NONE',  #726 ) ;
#6086 = VERTEX_POINT ( 'NONE', #6237 ) ;
#6087 = EDGE_CURVE ( 'NONE', #6044, #8168, #1283, .T. ) ;
#6088 = ORIENTED_EDGE ( 'NONE', *, *, #1293, .F. ) ;
#6089 = VERTEX_POINT ( 'NONE', #1791 ) ;
#6090 = EDGE_LOOP ( 'NONE', ( #6015, #4034, #6638, #4896, #2423, #2577, #2855 ) ) ;
#6091 = CARTESIAN_POINT ( 'NONE',  ( -8.449999999999999289, 10.80000000000000071, -26.45000000000038298 ) ) ;
#6092 = EDGE_CURVE ( 'NONE', #2283, #6220, #3173, .T. ) ;
#6093 = CARTESIAN_POINT ( 'NONE',  ( 58.32322330470334748, 9.899999999999975486, 37.32322330470339011 ) ) ;
#6094 = VECTOR ( 'NONE', #5794, 1000.000000000000000 ) ;
#6095 = VECTOR ( 'NONE', #4781, 1000.000000000000114 ) ;
#6096 = PLANE ( 'NONE',  #7183 ) ;
#6097 = ORIENTED_EDGE ( 'NONE', *, *, #6293, .T. ) ;
#6098 = VERTEX_POINT ( 'NONE', #4296 ) ;
#6099 = LINE ( 'NONE', #53, #972 ) ;
#6100 = VERTEX_POINT ( 'NONE', #6896 ) ;
#6101 = VERTEX_POINT ( 'NONE', #3679 ) ;
#6102 = ORIENTED_EDGE ( 'NONE', *, *, #7483, .T. ) ;
#6103 = PLANE ( 'NONE',  #3184 ) ;
#6104 = LINE ( 'NONE', #4784, #7565 ) ;
#6105 = FACE_OUTER_BOUND ( 'NONE', #4635, .T. ) ;
#6106 = ORIENTED_EDGE ( 'NONE', *, *, #3979, .T. ) ;
#6107 = ORIENTED_EDGE ( 'NONE', *, *, #2834, .F. ) ;
#6108 = VECTOR ( 'NONE', #5967, 1000.000000000000000 ) ;
#6109 = LINE ( 'NONE', #3542, #498 ) ;
#6110 = EDGE_CURVE ( 'NONE', #7007, #1120, #1128, .T. ) ;
#6111 = CARTESIAN_POINT ( 'NONE',  ( -52.50374022699592302, 7.500000000000000000, 0.000000000000000000 ) ) ;
#6112 = CARTESIAN_POINT ( 'NONE',  ( 55.00000000000000000, 0.000000000000000000, -41.00000000000000000 ) ) ;
#6113 = PLANE ( 'NONE',  #3930 ) ;
#6114 = ORIENTED_EDGE ( 'NONE', *, *, #2007, .T. ) ;
#6115 = PLANE ( 'NONE',  #3880 ) ;
#6116 = VECTOR ( 'NONE', #2206, 1000.000000000000000 ) ;
#6117 = CARTESIAN_POINT ( 'NONE',  ( 52.80943399447264852, 8.566080860090401927, -7.809433994473034879 ) ) ;
#6118 = ADVANCED_FACE ( 'NONE', ( #3025 ), #3641, .F. ) ;
#6119 = EDGE_CURVE ( 'NONE', #2933, #1961, #7479, .T. ) ;
#6120 = CARTESIAN_POINT ( 'NONE',  ( -51.62500000000000000, 10.80000000000000071, 0.000000000000000000 ) ) ;
#6121 = CARTESIAN_POINT ( 'NONE',  ( 56.48474567361831333, 9.499999999999980460, 35.48474567361837018 ) ) ;
#6122 = CARTESIAN_POINT ( 'NONE',  ( -0.5499999999999949374, 10.80000000000000071, 18.54999999999960991 ) ) ;
#6123 = EDGE_CURVE ( 'NONE', #3040, #7695, #4956, .T. ) ;
#6124 = DIRECTION ( 'NONE',  ( -0.000000000000000000, -0.000000000000000000, 1.000000000000000000 ) ) ;
#6125 = DIRECTION ( 'NONE',  ( -1.000000000000000000, 0.000000000000000000, -0.000000000000000000 ) ) ;
#6126 = CARTESIAN_POINT ( 'NONE',  ( -33.26428640000786174, 22.25864506693676859, -26.58211138907234172 ) ) ;
#6127 = LINE ( 'NONE', #3477, #992 ) ;
#6128 = ORIENTED_EDGE ( 'NONE', *, *, #651, .T. ) ;
#6129 = ORIENTED_EDGE ( 'NONE', *, *, #5145, .T. ) ;
#6130 = ORIENTED_EDGE ( 'NONE', *, *, #2804, .F. ) ;
#6131 = EDGE_LOOP ( 'NONE', ( #4197, #3303, #8049, #2044 ) ) ;
#6132 = CARTESIAN_POINT ( 'NONE',  ( -52.80943399447276221, 8.566080860090831806, 34.80943399447237852 ) ) ;
#6133 = DIRECTION ( 'NONE',  ( 0.5001519828512179799, 0.8323926831162092865, 0.2386847610229713423 ) ) ;
#6134 = VECTOR ( 'NONE', #3086, 1000.000000000000114 ) ;
#6135 = DIRECTION ( 'NONE',  ( 0.9612616959383174509, -0.2756373558170042704, 0.000000000000000000 ) ) ;
#6136 = ORIENTED_EDGE ( 'NONE', *, *, #3834, .F. ) ;
#6137 = VECTOR ( 'NONE', #1720, 1000.000000000000000 ) ;
#6138 = ORIENTED_EDGE ( 'NONE', *, *, #5978, .F. ) ;
#6139 = ORIENTED_EDGE ( 'NONE', *, *, #4199, .T. ) ;
#6140 = ORIENTED_EDGE ( 'NONE', *, *, #5341, .F. ) ;
#6141 = ORIENTED_EDGE ( 'NONE', *, *, #2942, .F. ) ;
#6142 = CARTESIAN_POINT ( 'NONE',  ( -8.449999999999999289, 10.80000000000000426, 33.62500000000000000 ) ) ;
#6143 = EDGE_CURVE ( 'NONE', #442, #646, #2479, .T. ) ;
#6144 = EDGE_CURVE ( 'NONE', #1114, #7671, #40, .T. ) ;
#6145 = PLANE ( 'NONE',  #3741 ) ;
#6146 = ADVANCED_FACE ( 'NONE', ( #6781 ), #2410, .T. ) ;
#6147 = CARTESIAN_POINT ( 'NONE',  ( 61.43449314192414334, 9.099999999999983658, -33.36342533005872468 ) ) ;
#6148 = EDGE_LOOP ( 'NONE', ( #3587, #6136, #4028, #4062 ) ) ;
#6150 = VERTEX_POINT ( 'NONE', #3137 ) ;
#6149 = CARTESIAN_POINT ( 'NONE',  ( 0.5499999999999949374, 10.80000000000000071, 35.44999999999961204 ) ) ;
#6151 = PLANE ( 'NONE',  #4319 ) ;
#6152 = CARTESIAN_POINT ( 'NONE',  ( 44.37467487046911430, 10.53731005528974052, -33.62500000000000000 ) ) ;
#6153 = LINE ( 'NONE', #6735, #3947 ) ;
#6154 = DIRECTION ( 'NONE',  ( 0.2657276780299913099, -0.9267025424900799946, 0.2657276780299913099 ) ) ;
#6155 = ORIENTED_EDGE ( 'NONE', *, *, #3724, .F. ) ;
#6156 = CARTESIAN_POINT ( 'NONE',  ( -62.00000000000000000, 7.500000000000000000, 41.00000000000000000 ) ) ;
#6157 = CARTESIAN_POINT ( 'NONE',  ( -1.190566005527357918, 8.566080860090394822, 10.19056600552697311 ) ) ;
#6158 = CARTESIAN_POINT ( 'NONE',  ( 0.4124163967275037423, 7.271022431965715960, -7.438081965920221528 ) ) ;
#6159 = CARTESIAN_POINT ( 'NONE',  ( -1.190566005527355919, 8.566080860090391269, 28.19056600552697134 ) ) ;
#6160 = DIRECTION ( 'NONE',  ( 0.000000000000000000, 0.000000000000000000, -1.000000000000000000 ) ) ;
#6161 = DIRECTION ( 'NONE',  ( -1.000000000000000000, 0.000000000000000000, 0.000000000000000000 ) ) ;
#6162 = CARTESIAN_POINT ( 'NONE',  ( -26.37467487046908943, 10.53731005528967657, 33.62500000000000000 ) ) ;
#6163 = VECTOR ( 'NONE', #4914, 1000.000000000000114 ) ;
#6164 = CARTESIAN_POINT ( 'NONE',  ( -6.964775456032696207E-16, 8.566080860090862004, 34.80943399447238562 ) ) ;
#6165 = PLANE ( 'NONE',  #5914 ) ;
#6166 = DIRECTION ( 'NONE',  ( -1.000000000000000000, -8.917574327783688856E-16, -0.000000000000000000 ) ) ;
#6167 = ORIENTED_EDGE ( 'NONE', *, *, #3789, .T. ) ;
#6168 = EDGE_CURVE ( 'NONE', #4272, #3388, #6932, .T. ) ;
#6169 = ORIENTED_EDGE ( 'NONE', *, *, #113, .T. ) ;
#6170 = ORIENTED_EDGE ( 'NONE', *, *, #1746, .F. ) ;
#6171 = ORIENTED_EDGE ( 'NONE', *, *, #6123, .T. ) ;
#6172 = LINE ( 'NONE', #446, #667 ) ;
#6173 = DIRECTION ( 'NONE',  ( 1.000000000000000000, 0.000000000000000000, 0.000000000000000000 ) ) ;
#6174 = CARTESIAN_POINT ( 'NONE',  ( 0.5499999999999949374, 10.80000000000000071, 17.44999999999961560 ) ) ;
#6175 = VERTEX_POINT ( 'NONE', #508 ) ;
#6176 = ORIENTED_EDGE ( 'NONE', *, *, #5519, .F. ) ;
#6177 = ORIENTED_EDGE ( 'NONE', *, *, #7150, .T. ) ;
#6178 = EDGE_CURVE ( 'NONE', #4476, #7671, #5036, .T. ) ;
#6179 = VECTOR ( 'NONE', #1450, 1000.000000000000000 ) ;
#6180 = EDGE_CURVE ( 'NONE', #3012, #4155, #661, .T. ) ;
#6181 = ORIENTED_EDGE ( 'NONE', *, *, #4841, .F. ) ;
#6182 = DIRECTION ( 'NONE',  ( 1.000000000000000000, 0.000000000000000000, 0.000000000000000000 ) ) ;
#6183 = LINE ( 'NONE', #3782, #7689 ) ;
#6184 = LINE ( 'NONE', #539, #3948 ) ;
#6186 = ORIENTED_EDGE ( 'NONE', *, *, #527, .T. ) ;
#6185 = LINE ( 'NONE', #2400, #2850 ) ;
#6187 = DIRECTION ( 'NONE',  ( -1.000000000000000000, 0.000000000000000000, -0.000000000000000000 ) ) ;
#6188 = CARTESIAN_POINT ( 'NONE',  ( 0.4124163967275039089, 7.271022431965715960, 7.438081965919443483 ) ) ;
#6189 = EDGE_CURVE ( 'NONE', #3058, #5087, #828, .T. ) ;
#6190 = DIRECTION ( 'NONE',  ( -0.4578768884082908830, -0.7620351108204154178, -0.4578768884082909940 ) ) ;
#6191 = PLANE ( 'NONE',  #7898 ) ;
#6192 = ORIENTED_EDGE ( 'NONE', *, *, #5054, .T. ) ;
#6193 = VECTOR ( 'NONE', #1836, 1000.000000000000000 ) ;
#6194 = ADVANCED_FACE ( 'NONE', ( #7138 ), #701, .F. ) ;
#6195 = CARTESIAN_POINT ( 'NONE',  ( 51.62500000000000000, 10.80000000000000426, 8.449999999999617373 ) ) ;
#6196 = VECTOR ( 'NONE', #3419, 1000.000000000000000 ) ;
#6197 = LINE ( 'NONE', #3829, #2774 ) ;
#6198 = EDGE_CURVE ( 'NONE', #6414, #5641, #6426, .T. ) ;
#6199 = VECTOR ( 'NONE', #4948, 1000.000000000000114 ) ;
#6200 = VECTOR ( 'NONE', #5587, 1000.000000000000114 ) ;
#6201 = DIRECTION ( 'NONE',  ( 0.000000000000000000, 0.000000000000000000, -1.000000000000000000 ) ) ;
#6202 = LINE ( 'NONE', #5583, #1150 ) ;
#6203 = FACE_OUTER_BOUND ( 'NONE', #1153, .T. ) ;
#6204 = DIRECTION ( 'NONE',  ( -0.000000000000000000, -0.000000000000000000, -1.000000000000000000 ) ) ;
#6205 = AXIS2_PLACEMENT_3D ( 'NONE', #3726, #2526, #1214 ) ;
#6206 = PLANE ( 'NONE',  #5642 ) ;
#6207 = DIRECTION ( 'NONE',  ( 0.9612616959383174509, -0.2756373558170042704, 0.000000000000000000 ) ) ;
#6208 = EDGE_CURVE ( 'NONE', #5879, #1077, #5148, .T. ) ;
#6209 = LINE ( 'NONE', #5001, #7583 ) ;
#6210 = VECTOR ( 'NONE', #215, 1000.000000000000000 ) ;
#6211 = ORIENTED_EDGE ( 'NONE', *, *, #6792, .T. ) ;
#6212 = VECTOR ( 'NONE', #6711, 1000.000000000000000 ) ;
#6213 = ORIENTED_EDGE ( 'NONE', *, *, #7152, .F. ) ;
#6214 = EDGE_LOOP ( 'NONE', ( #1790, #1152, #3438, #2927 ) ) ;
#6215 = ORIENTED_EDGE ( 'NONE', *, *, #4176, .F. ) ;
#6216 = CARTESIAN_POINT ( 'NONE',  ( 37.49625977300406987, 7.500000000000000000, 0.000000000000000000 ) ) ;
#6217 = CARTESIAN_POINT ( 'NONE',  ( 60.72738636073759011, 10.49999999999999822, -32.65631854887216434 ) ) ;
#6218 = LINE ( 'NONE', #487, #1130 ) ;
#6219 = VECTOR ( 'NONE', #3552, 1000.000000000000114 ) ;
#6220 = VERTEX_POINT ( 'NONE', #3288 ) ;
#6221 = EDGE_LOOP ( 'NONE', ( #7303, #1824, #4314, #3632 ) ) ;
#6222 = ORIENTED_EDGE ( 'NONE', *, *, #2970, .F. ) ;
#6223 = EDGE_CURVE ( 'NONE', #8077, #5736, #5806, .T. ) ;
#6224 = ORIENTED_EDGE ( 'NONE', *, *, #7706, .T. ) ;
#6225 = CARTESIAN_POINT ( 'NONE',  ( 60.72738636073759722, 10.49999999999999822, 32.65631854887217145 ) ) ;
#6226 = VECTOR ( 'NONE', #493, 1000.000000000000114 ) ;
#6227 = DIRECTION ( 'NONE',  ( -0.7071067811865452413, -0.000000000000000000, 0.7071067811865497932 ) ) ;
#6228 = LINE ( 'NONE', #8052, #6199 ) ;
#6229 = EDGE_CURVE ( 'NONE', #869, #1573, #1319, .T. ) ;
#6231 = EDGE_LOOP ( 'NONE', ( #7953, #7274, #1002, #1203 ) ) ;
#6230 = DIRECTION ( 'NONE',  ( -1.000000000000000000, 0.000000000000000000, 0.000000000000000000 ) ) ;
#6232 = PLANE ( 'NONE',  #890 ) ;
#6233 = DIRECTION ( 'NONE',  ( 1.000000000000000000, 0.000000000000000000, 0.000000000000000000 ) ) ;
#6234 = DIRECTION ( 'NONE',  ( 0.2756373558170042704, 0.9612616959383174509, 0.000000000000000000 ) ) ;
#6235 = EDGE_LOOP ( 'NONE', ( #2157, #5271, #1063, #1730 ) ) ;
#6236 = VECTOR ( 'NONE', #3590, 1000.000000000000000 ) ;
#6237 = CARTESIAN_POINT ( 'NONE',  ( 9.550000000000002487, 10.80000000000000426, -33.62500000000000000 ) ) ;
#6238 = CARTESIAN_POINT ( 'NONE',  ( -58.99999999999998579, 10.49999999999999822, 8.000000000000000000 ) ) ;
#6239 = EDGE_CURVE ( 'NONE', #576, #1299, #1354, .T. ) ;
#6240 = AXIS2_PLACEMENT_3D ( 'NONE', #3328, #197, #2707 ) ;
#6241 = LINE ( 'NONE', #591, #4232 ) ;
#6242 = FACE_OUTER_BOUND ( 'NONE', #3568, .T. ) ;
#6243 = DIRECTION ( 'NONE',  ( 0.000000000000000000, 0.000000000000000000, 1.000000000000000000 ) ) ;
#6244 = CARTESIAN_POINT ( 'NONE',  ( 51.62500000000000000, 10.80000000000000426, 33.62500000000000000 ) ) ;
#6245 = ADVANCED_FACE ( 'NONE', ( #1439 ), #6515, .F. ) ;
#6246 = DIRECTION ( 'NONE',  ( -0.000000000000000000, -1.000000000000000000, -0.000000000000000000 ) ) ;
#6247 = AXIS2_PLACEMENT_3D ( 'NONE', #7905, #6573, #2337 ) ;
#6248 = DIRECTION ( 'NONE',  ( -0.2756373558170042704, -0.9612616959383174509, 0.000000000000000000 ) ) ;
#6249 = ORIENTED_EDGE ( 'NONE', *, *, #1856, .F. ) ;
#6250 = EDGE_CURVE ( 'NONE', #5711, #7208, #5848, .T. ) ;
#6251 = CARTESIAN_POINT ( 'NONE',  ( 1.390607076609480686, 7.868454739437197532, 34.60939292339013207 ) ) ;
#6252 = ADVANCED_FACE ( 'NONE', ( #2760 ), #2714, .F. ) ;
#6253 = EDGE_CURVE ( 'NONE', #1372, #6949, #2058, .T. ) ;
#6254 = ORIENTED_EDGE ( 'NONE', *, *, #3735, .F. ) ;
#6255 = VERTEX_POINT ( 'NONE', #3951 ) ;
#6256 = ORIENTED_EDGE ( 'NONE', *, *, #3056, .T. ) ;
#6257 = DIRECTION ( 'NONE',  ( -1.000000000000000000, 0.000000000000000000, 0.000000000000000000 ) ) ;
#6258 = DIRECTION ( 'NONE',  ( 0.2657276780299913099, 0.9267025424900799946, 0.2657276780299913099 ) ) ;
#6259 = DIRECTION ( 'NONE',  ( -0.9612616959383174509, -0.2756373558170042704, 0.000000000000000000 ) ) ;
#6260 = ORIENTED_EDGE ( 'NONE', *, *, #5307, .F. ) ;
#6261 = EDGE_LOOP ( 'NONE', ( #1248, #1560, #2382, #3617 ) ) ;
#6262 = ORIENTED_EDGE ( 'NONE', *, *, #4939, .T. ) ;
#6263 = VECTOR ( 'NONE', #1764, 1000.000000000000227 ) ;
#6264 = VERTEX_POINT ( 'NONE', #6472 ) ;
#6265 = EDGE_CURVE ( 'NONE', #7394, #7644, #7757, .T. ) ;
#6266 = CARTESIAN_POINT ( 'NONE',  ( 10.49999999999997868, 0.000000000000000000, -10.49999999999997868 ) ) ;
#6267 = LINE ( 'NONE', #7471, #5674 ) ;
#6268 = ADVANCED_FACE ( 'NONE', ( #866 ), #5277, .F. ) ;
#6269 = VECTOR ( 'NONE', #1627, 1000.000000000000000 ) ;
#6271 = ORIENTED_EDGE ( 'NONE', *, *, #588, .F. ) ;
#6270 = DIRECTION ( 'NONE',  ( -1.000000000000000000, 0.000000000000000000, -2.679109615408197094E-16 ) ) ;
#6272 = LINE ( 'NONE', #7699, #1479 ) ;
#6273 = DIRECTION ( 'NONE',  ( 0.000000000000000000, 0.000000000000000000, 1.000000000000000000 ) ) ;
#6274 = EDGE_CURVE ( 'NONE', #1269, #1740, #243, .T. ) ;
#6275 = CARTESIAN_POINT ( 'NONE',  ( 0.5499999999999949374, 10.80000000000000071, 26.44999999999961204 ) ) ;
#6276 = CARTESIAN_POINT ( 'NONE',  ( -2.375000000000005773, 10.80000000000000426, 27.54999999999960991 ) ) ;
#6277 = ORIENTED_EDGE ( 'NONE', *, *, #1526, .F. ) ;
#6278 = DIRECTION ( 'NONE',  ( 0.2756373558170042704, -0.9612616959383174509, 0.000000000000000000 ) ) ;
#6279 = CARTESIAN_POINT ( 'NONE',  ( 7.503740226995931017, 7.500000000000000000, 33.62500000000000000 ) ) ;
#6280 = LINE ( 'NONE', #4995, #4877 ) ;
#6281 = CARTESIAN_POINT ( 'NONE',  ( 0.000000000000000000, 7.500000000000000000, 34.50374022699554644 ) ) ;
#6282 = VECTOR ( 'NONE', #219, 1000.000000000000114 ) ;
#6283 = DIRECTION ( 'NONE',  ( 0.000000000000000000, 0.9612616959383174509, -0.2756373558170042704 ) ) ;
#6284 = VERTEX_POINT ( 'NONE', #5721 ) ;
#6285 = CARTESIAN_POINT ( 'NONE',  ( 38.73571359999211694, 22.25864506693675438, 26.58211138907231685 ) ) ;
#6286 = VERTEX_POINT ( 'NONE', #75 ) ;
#6287 = CARTESIAN_POINT ( 'NONE',  ( 61.43449314192414334, 7.500000000000000000, -33.36342533005872468 ) ) ;
#6288 = VECTOR ( 'NONE', #4610, 1000.000000000000000 ) ;
#6289 = VERTEX_POINT ( 'NONE', #2589 ) ;
#6290 = ORIENTED_EDGE ( 'NONE', *, *, #3094, .F. ) ;
#6291 = LINE ( 'NONE', #3154, #412 ) ;
#6292 = CARTESIAN_POINT ( 'NONE',  ( -38.73571359999211694, 22.25864506693675438, 26.58211138907231685 ) ) ;
#6293 = EDGE_CURVE ( 'NONE', #5107, #7217, #5104, .T. ) ;
#6294 = DIRECTION ( 'NONE',  ( 0.000000000000000000, 0.000000000000000000, -1.000000000000000000 ) ) ;
#6295 = ADVANCED_FACE ( 'NONE', ( #7005 ), #6385, .F. ) ;
#6296 = EDGE_CURVE ( 'NONE', #2545, #8045, #7718, .T. ) ;
#6297 = ORIENTED_EDGE ( 'NONE', *, *, #8023, .F. ) ;
#6298 = ORIENTED_EDGE ( 'NONE', *, *, #1509, .T. ) ;
#6300 = EDGE_LOOP ( 'NONE', ( #3929, #7670, #6114, #3758 ) ) ;
#6299 = ADVANCED_FACE ( 'NONE', ( #7182 ), #3870, .F. ) ;
#6301 = EDGE_CURVE ( 'NONE', #5736, #7893, #1447, .T. ) ;
#6302 = VERTEX_POINT ( 'NONE', #4657 ) ;
#6303 = VECTOR ( 'NONE', #4710, 1000.000000000000000 ) ;
#6304 = DIRECTION ( 'NONE',  ( 0.7071067811865474617, 0.000000000000000000, 0.7071067811865474617 ) ) ;
#6305 = FACE_OUTER_BOUND ( 'NONE', #6372, .T. ) ;
#6306 = DIRECTION ( 'NONE',  ( 1.000000000000000000, 0.000000000000000000, 0.000000000000000000 ) ) ;
#6307 = PLANE ( 'NONE',  #824 ) ;
#6308 = DIRECTION ( 'NONE',  ( 1.000000000000000000, 4.458787163891844428E-16, -0.000000000000000000 ) ) ;
#6309 = VECTOR ( 'NONE', #2639, 1000.000000000000000 ) ;
#6310 = DIRECTION ( 'NONE',  ( -0.7071067811865452413, -0.000000000000000000, -0.7071067811865497932 ) ) ;
#6311 = LINE ( 'NONE', #2555, #3822 ) ;
#6312 = ORIENTED_EDGE ( 'NONE', *, *, #5320, .T. ) ;
#6313 = PLANE ( 'NONE',  #5549 ) ;
#6314 = DIRECTION ( 'NONE',  ( -1.000000000000000000, 0.000000000000000000, 0.000000000000000000 ) ) ;
#6315 = CARTESIAN_POINT ( 'NONE',  ( -54.96378475451787438, 7.500000000000000000, -36.96378475451828649 ) ) ;
#6316 = FACE_OUTER_BOUND ( 'NONE', #4717, .T. ) ;
#6317 = CARTESIAN_POINT ( 'NONE',  ( 52.80943399447264852, 8.566080860090412585, -1.190566005527733839 ) ) ;
#6318 = VECTOR ( 'NONE', #5142, 1000.000000000000114 ) ;
#6319 = VECTOR ( 'NONE', #5496, 1000.000000000000000 ) ;
#6320 = ORIENTED_EDGE ( 'NONE', *, *, #553, .T. ) ;
#6321 = PLANE ( 'NONE',  #4152 ) ;
#6322 = EDGE_LOOP ( 'NONE', ( #3246, #2289, #5959, #5698 ) ) ;
#6323 = DIRECTION ( 'NONE',  ( 0.000000000000000000, -0.000000000000000000, -1.000000000000000000 ) ) ;
#6324 = VECTOR ( 'NONE', #5905, 1000.000000000000114 ) ;
#6325 = VERTEX_POINT ( 'NONE', #6559 ) ;
#6326 = ORIENTED_EDGE ( 'NONE', *, *, #4278, .F. ) ;
#6327 = DIRECTION ( 'NONE',  ( 0.2657276780299897001, 0.9267025424900808828, 0.2657276780299897001 ) ) ;
#6328 = DIRECTION ( 'NONE',  ( 0.2386847610229713423, -0.8323926831162092865, 0.5001519828512179799 ) ) ;
#6329 = CARTESIAN_POINT ( 'NONE',  ( -51.62500000000000000, 10.53731005528970144, 9.625325129530517998 ) ) ;
#6330 = VECTOR ( 'NONE', #1351, 1000.000000000000114 ) ;
#6331 = VECTOR ( 'NONE', #5121, 1000.000000000000114 ) ;
#6332 = ORIENTED_EDGE ( 'NONE', *, *, #5854, .T. ) ;
#6333 = ADVANCED_FACE ( 'NONE', ( #742 ), #4572, .F. ) ;
#6334 = EDGE_CURVE ( 'NONE', #7939, #2043, #2678, .T. ) ;
#6335 = ORIENTED_EDGE ( 'NONE', *, *, #4807, .F. ) ;
#6336 = ORIENTED_EDGE ( 'NONE', *, *, #3027, .F. ) ;
#6337 = EDGE_CURVE ( 'NONE', #7566, #5609, #5108, .T. ) ;
#6338 = ORIENTED_EDGE ( 'NONE', *, *, #6037, .F. ) ;
#6339 = EDGE_LOOP ( 'NONE', ( #2273, #4102, #7684, #3091 ) ) ;
#6340 = LINE ( 'NONE', #69, #4928 ) ;
#6341 = PLANE ( 'NONE',  #7739 ) ;
#6342 = LINE ( 'NONE', #6511, #3548 ) ;
#6343 = AXIS2_PLACEMENT_3D ( 'NONE', #5143, #2626, #7667 ) ;
#6344 = CARTESIAN_POINT ( 'NONE',  ( 51.62500000000000000, 10.53731005528969256, -33.62500000000000000 ) ) ;
#6345 = DIRECTION ( 'NONE',  ( -0.000000000000000000, -0.2756373558170042704, -0.9612616959383174509 ) ) ;
#6346 = CARTESIAN_POINT ( 'NONE',  ( -2.375000000000005773, 7.500000000000000000, -28.49625977300445356 ) ) ;
#6347 = EDGE_CURVE ( 'NONE', #4280, #4320, #6476, .T. ) ;
#6348 = ORIENTED_EDGE ( 'NONE', *, *, #3360, .F. ) ;
#6349 = CARTESIAN_POINT ( 'NONE',  ( 51.62500000000000000, 7.500000000000000000, 10.49625977300367907 ) ) ;
#6350 = FACE_OUTER_BOUND ( 'NONE', #1311, .T. ) ;
#6351 = CARTESIAN_POINT ( 'NONE',  ( -7.503740226995931017, 7.500000000000000000, 0.000000000000000000 ) ) ;
#6352 = LINE ( 'NONE', #3214, #7636 ) ;
#6353 = LINE ( 'NONE', #2067, #7230 ) ;
#6354 = EDGE_LOOP ( 'NONE', ( #2683, #7838, #361, #7008 ) ) ;
#6355 = FACE_OUTER_BOUND ( 'NONE', #1654, .T. ) ;
#6356 = ORIENTED_EDGE ( 'NONE', *, *, #7037, .F. ) ;
#6357 = CARTESIAN_POINT ( 'NONE',  ( 45.54999999999999005, 10.80000000000000071, 18.54999999999960991 ) ) ;
#6358 = EDGE_CURVE ( 'NONE', #6625, #5984, #832, .T. ) ;
#6359 = EDGE_CURVE ( 'NONE', #1296, #278, #911, .T. ) ;
#6360 = EDGE_CURVE ( 'NONE', #632, #4902, #5152, .T. ) ;
#6361 = ORIENTED_EDGE ( 'NONE', *, *, #7458, .T. ) ;
#6362 = ORIENTED_EDGE ( 'NONE', *, *, #622, .F. ) ;
#6363 = CARTESIAN_POINT ( 'NONE',  ( -8.449999999999999289, 10.80000000000000071, -18.55000000000037730 ) ) ;
#6364 = LINE ( 'NONE', #5249, #6468 ) ;
#6365 = VECTOR ( 'NONE', #2012, 1000.000000000000000 ) ;
#6366 = CARTESIAN_POINT ( 'NONE',  ( -1.190566005527354365, 8.566080860090380611, 34.80943399447266273 ) ) ;
#6367 = DIRECTION ( 'NONE',  ( 0.2657276780299913099, -0.9267025424900799946, 0.2657276780299913099 ) ) ;
#6368 = CARTESIAN_POINT ( 'NONE',  ( -51.62500000000000000, 10.80000000000000426, -9.550000000000384404 ) ) ;
#6369 = ORIENTED_EDGE ( 'NONE', *, *, #3733, .F. ) ;
#6370 = EDGE_CURVE ( 'NONE', #2643, #2083, #4528, .T. ) ;
#6371 = VERTEX_POINT ( 'NONE', #7761 ) ;
#6372 = EDGE_LOOP ( 'NONE', ( #7404, #6411, #4729, #3487 ) ) ;
#6373 = DIRECTION ( 'NONE',  ( 0.000000000000000000, 0.000000000000000000, 1.000000000000000000 ) ) ;
#6374 = ORIENTED_EDGE ( 'NONE', *, *, #2107, .F. ) ;
#6375 = ORIENTED_EDGE ( 'NONE', *, *, #2697, .F. ) ;
#6376 = LINE ( 'NONE', #1350, #1637 ) ;
#6377 = PLANE ( 'NONE',  #4563 ) ;
#6378 = DIRECTION ( 'NONE',  ( -0.4999999999999978906, -0.7071067811865504593, -0.4999999999999978906 ) ) ;
#6379 = AXIS2_PLACEMENT_3D ( 'NONE', #2170, #7114, #1549 ) ;
#6380 = EDGE_CURVE ( 'NONE', #2592, #7845, #247, .T. ) ;
#6381 = AXIS2_PLACEMENT_3D ( 'NONE', #6458, #6545, #7873 ) ;
#6382 = FACE_OUTER_BOUND ( 'NONE', #1312, .T. ) ;
#6383 = EDGE_CURVE ( 'NONE', #2633, #5170, #1359, .T. ) ;
#6384 = EDGE_CURVE ( 'NONE', #5557, #231, #4618, .T. ) ;
#6385 = PLANE ( 'NONE',  #747 ) ;
#6386 = AXIS2_PLACEMENT_3D ( 'NONE', #2611, #2001, #5299 ) ;
#6387 = FACE_OUTER_BOUND ( 'NONE', #1895, .T. ) ;
#6388 = ORIENTED_EDGE ( 'NONE', *, *, #392, .T. ) ;
#6389 = ORIENTED_EDGE ( 'NONE', *, *, #5253, .T. ) ;
#6390 = CARTESIAN_POINT ( 'NONE',  ( -52.80943399447264142, 8.566080860090407256, 0.000000000000000000 ) ) ;
#6391 = EDGE_CURVE ( 'NONE', #7617, #646, #3998, .T. ) ;
#6392 = FACE_OUTER_BOUND ( 'NONE', #7327, .T. ) ;
#6393 = DIRECTION ( 'NONE',  ( 1.000000000000000000, 0.000000000000000000, 0.000000000000000000 ) ) ;
#6394 = CARTESIAN_POINT ( 'NONE',  ( 0.000000000000000000, 10.80000000000000071, -33.62500000000000000 ) ) ;
#6395 = ORIENTED_EDGE ( 'NONE', *, *, #6446, .F. ) ;
#6396 = CARTESIAN_POINT ( 'NONE',  ( -48.79638818434518299, -5.429073061943163303, -5.203611815655196260 ) ) ;
#6397 = ORIENTED_EDGE ( 'NONE', *, *, #7235, .F. ) ;
#6398 = DIRECTION ( 'NONE',  ( 0.000000000000000000, -0.2756373558170023830, 0.9612616959383180060 ) ) ;
#6399 = AXIS2_PLACEMENT_3D ( 'NONE', #5646, #1240, #2475 ) ;
#6400 = CARTESIAN_POINT ( 'NONE',  ( -24.26428640000782266, 22.25864506693693556, -26.58211138907203974 ) ) ;
#6401 = EDGE_LOOP ( 'NONE', ( #610, #6749, #4070, #5762 ) ) ;
#6402 = CARTESIAN_POINT ( 'NONE',  ( -53.44999999999999574, 10.80000000000000071, 8.449999999999617373 ) ) ;
#6403 = LINE ( 'NONE', #2166, #615 ) ;
#6404 = CARTESIAN_POINT ( 'NONE',  ( 1.496259773004063209, 7.500000000000000000, 0.000000000000000000 ) ) ;
#6405 = LINE ( 'NONE', #7501, #4861 ) ;
#6406 = CARTESIAN_POINT ( 'NONE',  ( 61.43449314192414334, 7.500000000000000000, 33.36342533005872468 ) ) ;
#6407 = CARTESIAN_POINT ( 'NONE',  ( 2.375000000000005773, 10.53731005528968545, 8.374674870468712840 ) ) ;
#6408 = EDGE_CURVE ( 'NONE', #8095, #4193, #3380, .T. ) ;
#6409 = ORIENTED_EDGE ( 'NONE', *, *, #368, .F. ) ;
#6410 = VECTOR ( 'NONE', #1390, 1000.000000000000114 ) ;
#6411 = ORIENTED_EDGE ( 'NONE', *, *, #7580, .F. ) ;
#6412 = ORIENTED_EDGE ( 'NONE', *, *, #2148, .F. ) ;
#6413 = DIRECTION ( 'NONE',  ( 1.000000000000000000, 0.000000000000000000, 0.000000000000000000 ) ) ;
#6414 = VERTEX_POINT ( 'NONE', #5726 ) ;
#6415 = VECTOR ( 'NONE', #5610, 1000.000000000000000 ) ;
#6416 = ORIENTED_EDGE ( 'NONE', *, *, #389, .T. ) ;
#6417 = ORIENTED_EDGE ( 'NONE', *, *, #6587, .F. ) ;
#6418 = DIRECTION ( 'NONE',  ( 1.000000000000000000, 0.000000000000000000, 0.000000000000000000 ) ) ;
#6419 = CARTESIAN_POINT ( 'NONE',  ( -51.62500000000000000, 10.53731005528969256, 17.37467487046870218 ) ) ;
#6420 = EDGE_CURVE ( 'NONE', #6441, #2868, #5895, .T. ) ;
#6422 = EDGE_CURVE ( 'NONE', #2050, #4828, #1984, .T. ) ;
#6421 = CARTESIAN_POINT ( 'NONE',  ( 53.44999999999999574, 10.80000000000000071, -26.45000000000038298 ) ) ;
#6423 = VECTOR ( 'NONE', #4466, 1000.000000000000000 ) ;
#6424 = LINE ( 'NONE', #2713, #3584 ) ;
#6425 = VECTOR ( 'NONE', #2444, 1000.000000000000000 ) ;
#6426 = LINE ( 'NONE', #6968, #3780 ) ;
#6427 = CARTESIAN_POINT ( 'NONE',  ( 53.44999999999999574, 82.98258077199005811, -35.45000000000003126 ) ) ;
#6428 = ORIENTED_EDGE ( 'NONE', *, *, #5442, .F. ) ;
#6429 = ORIENTED_EDGE ( 'NONE', *, *, #3905, .F. ) ;
#6430 = ADVANCED_FACE ( 'NONE', ( #7009 ), #1750, .F. ) ;
#6431 = CARTESIAN_POINT ( 'NONE',  ( 36.54999999999999716, 10.80000000000000071, -35.45000000000039364 ) ) ;
#6432 = FACE_OUTER_BOUND ( 'NONE', #915, .T. ) ;
#6433 = LINE ( 'NONE', #4620, #2624 ) ;
#6434 = VECTOR ( 'NONE', #1125, 1000.000000000000114 ) ;
#6435 = PLANE ( 'NONE',  #3538 ) ;
#6436 = ORIENTED_EDGE ( 'NONE', *, *, #7487, .F. ) ;
#6437 = CARTESIAN_POINT ( 'NONE',  ( 52.42887829972521274, 25.53679663750741469, 34.42887829972480773 ) ) ;
#6438 = VERTEX_POINT ( 'NONE', #2191 ) ;
#6439 = DIRECTION ( 'NONE',  ( -1.000000000000000000, 0.000000000000000000, 0.000000000000000000 ) ) ;
#6440 = CARTESIAN_POINT ( 'NONE',  ( -0.4124163967275039089, 7.271022431965715960, 28.56191803407978114 ) ) ;
#6441 = VERTEX_POINT ( 'NONE', #4831 ) ;
#6442 = LINE ( 'NONE', #801, #4370 ) ;
#6443 = DIRECTION ( 'NONE',  ( -0.000000000000000000, 0.000000000000000000, 1.000000000000000000 ) ) ;
#6444 = FACE_OUTER_BOUND ( 'NONE', #2244, .T. ) ;
#6445 = AXIS2_PLACEMENT_3D ( 'NONE', #7948, #5426, #4803 ) ;
#6446 = EDGE_CURVE ( 'NONE', #1850, #1696, #2846, .T. ) ;
#6447 = LINE ( 'NONE', #7860, #8158 ) ;
#6448 = LINE ( 'NONE', #849, #6927 ) ;
#6449 = PLANE ( 'NONE',  #2042 ) ;
#6450 = ORIENTED_EDGE ( 'NONE', *, *, #2874, .T. ) ;
#6451 = VECTOR ( 'NONE', #3179, 1000.000000000000000 ) ;
#6452 = ORIENTED_EDGE ( 'NONE', *, *, #6597, .T. ) ;
#6453 = VERTEX_POINT ( 'NONE', #7312 ) ;
#6454 = AXIS2_PLACEMENT_3D ( 'NONE', #580, #2514, #3095 ) ;
#6455 = PLANE ( 'NONE',  #2776 ) ;
#6456 = VECTOR ( 'NONE', #313, 1000.000000000000000 ) ;
#6457 = CARTESIAN_POINT ( 'NONE',  ( -60.00000000000000000, 7.500000000000000000, -8.000000000000000000 ) ) ;
#6458 = CARTESIAN_POINT ( 'NONE',  ( 2.375000000000005773, 10.80000000000000426, 33.62500000000000000 ) ) ;
#6459 = VECTOR ( 'NONE', #1794, 1000.000000000000114 ) ;
#6460 = ORIENTED_EDGE ( 'NONE', *, *, #326, .F. ) ;
#6461 = ORIENTED_EDGE ( 'NONE', *, *, #6239, .T. ) ;
#6462 = EDGE_LOOP ( 'NONE', ( #63, #896, #4322, #4647 ) ) ;
#6463 = VECTOR ( 'NONE', #840, 1000.000000000000000 ) ;
#6464 = DIRECTION ( 'NONE',  ( 0.2386847610229713423, -0.8323926831162092865, -0.5001519828512179799 ) ) ;
#6465 = DIRECTION ( 'NONE',  ( 1.000000000000000000, 0.000000000000000000, 0.000000000000000000 ) ) ;
#6466 = CARTESIAN_POINT ( 'NONE',  ( 1.190566005527353033, 8.566080860090385940, 0.000000000000000000 ) ) ;
#6467 = EDGE_CURVE ( 'NONE', #2641, #7741, #7887, .T. ) ;
#6468 = VECTOR ( 'NONE', #6614, 1000.000000000000000 ) ;
#6469 = CARTESIAN_POINT ( 'NONE',  ( 0.5499999999999949374, 10.80000000000000071, 17.44999999999961560 ) ) ;
#6470 = DIRECTION ( 'NONE',  ( 0.4999999999999902855, -0.7071067811865670016, -0.4999999999999821254 ) ) ;
#6471 = VECTOR ( 'NONE', #4754, 1000.000000000000000 ) ;
#6472 = CARTESIAN_POINT ( 'NONE',  ( 55.00000000000000000, -11.50000000000000000, -41.00000000000000000 ) ) ;
#6473 = LINE ( 'NONE', #5106, #4227 ) ;
#6474 = ORIENTED_EDGE ( 'NONE', *, *, #4366, .F. ) ;
#6475 = ORIENTED_EDGE ( 'NONE', *, *, #7048, .T. ) ;
#6476 = LINE ( 'NONE', #1491, #3515 ) ;
#6477 = VECTOR ( 'NONE', #2233, 1000.000000000000114 ) ;
#6478 = CARTESIAN_POINT ( 'NONE',  ( 0.000000000000000000, 0.000000000000000000, -8.000000000000000000 ) ) ;
#6479 = CARTESIAN_POINT ( 'NONE',  ( -43.50374022699593013, 7.500000000000000000, -33.62500000000000000 ) ) ;
#6480 = CARTESIAN_POINT ( 'NONE',  ( 52.80943399447264142, 8.566080860090409033, 34.80943399447263431 ) ) ;
#6481 = EDGE_CURVE ( 'NONE', #4109, #6625, #6109, .T. ) ;
#6482 = EDGE_LOOP ( 'NONE', ( #6348, #3340, #2882, #1190 ) ) ;
#6483 = LINE ( 'NONE', #2773, #7711 ) ;
#6484 = ADVANCED_FACE ( 'NONE', ( #6645 ), #465, .T. ) ;
#6485 = CARTESIAN_POINT ( 'NONE',  ( -51.62500000000000711, 7.500000000000000000, -28.49625977300445356 ) ) ;
#6486 = ADVANCED_FACE ( 'NONE', ( #7353 ), #4739, .F. ) ;
#6487 = FILL_AREA_STYLE ('',( #1371 ) ) ;
#6488 = ORIENTED_EDGE ( 'NONE', *, *, #7686, .F. ) ;
#6489 = CARTESIAN_POINT ( 'NONE',  ( -54.49999999999997868, 7.500000000000000000, 36.96378475451749068 ) ) ;
#6490 = DIRECTION ( 'NONE',  ( -0.2386847610229713423, 0.8323926831162092865, 0.5001519828512179799 ) ) ;
#6491 = DIRECTION ( 'NONE',  ( -0.2386847610229713423, -0.8323926831162092865, -0.5001519828512179799 ) ) ;
#6492 = PLANE ( 'NONE',  #1704 ) ;
#6493 = LINE ( 'NONE', #7779, #1268 ) ;
#6494 = EDGE_CURVE ( 'NONE', #4828, #7278, #5408, .T. ) ;
#6495 = PLANE ( 'NONE',  #6379 ) ;
#6496 = ADVANCED_FACE ( 'NONE', ( #6731 ), #7934, .F. ) ;
#6497 = VERTEX_POINT ( 'NONE', #2284 ) ;
#6498 = EDGE_CURVE ( 'NONE', #6101, #5972, #4791, .T. ) ;
#6499 = VECTOR ( 'NONE', #7763, 1000.000000000000114 ) ;
#6500 = VECTOR ( 'NONE', #5353, 1000.000000000000000 ) ;
#6501 = ORIENTED_EDGE ( 'NONE', *, *, #5144, .F. ) ;
#6502 = ORIENTED_EDGE ( 'NONE', *, *, #5026, .F. ) ;
#6503 = DIRECTION ( 'NONE',  ( 0.9612616959383174509, -0.2756373558170042704, 0.000000000000000000 ) ) ;
#6504 = DIRECTION ( 'NONE',  ( 0.9612616959383174509, -0.2756373558170042704, 0.000000000000000000 ) ) ;
#6505 = CARTESIAN_POINT ( 'NONE',  ( -8.449999999999999289, 10.80000000000000071, -27.55000000000038796 ) ) ;
#6506 = EDGE_LOOP ( 'NONE', ( #2063, #166, #6888, #760 ) ) ;
#6507 = VECTOR ( 'NONE', #2187, 1000.000000000000000 ) ;
#6508 = ORIENTED_EDGE ( 'NONE', *, *, #7028, .T. ) ;
#6509 = CARTESIAN_POINT ( 'NONE',  ( 34.50374022699593013, 7.500000000000000000, 33.62500000000000000 ) ) ;
#6510 = DIRECTION ( 'NONE',  ( 0.000000000000000000, 0.000000000000000000, 1.000000000000000000 ) ) ;
#6511 = CARTESIAN_POINT ( 'NONE',  ( -24.26428640000787595, 22.25864506693673306, 26.58211138907234883 ) ) ;
#6512 = FACE_OUTER_BOUND ( 'NONE', #5083, .T. ) ;
#6513 = EDGE_CURVE ( 'NONE', #2259, #7021, #6688, .T. ) ;
#6514 = ADVANCED_FACE ( 'NONE', ( #2977 ), #6773, .F. ) ;
#6515 = PLANE ( 'NONE',  #7087 ) ;
#6516 = PLANE ( 'NONE',  #4891 ) ;
#6517 = ORIENTED_EDGE ( 'NONE', *, *, #1276, .F. ) ;
#6518 = ORIENTED_EDGE ( 'NONE', *, *, #3725, .F. ) ;
#6519 = CARTESIAN_POINT ( 'NONE',  ( -51.62500000000000000, 7.500000000000000000, -19.49625977300445356 ) ) ;
#6520 = FACE_OUTER_BOUND ( 'NONE', #4122, .T. ) ;
#6521 = CARTESIAN_POINT ( 'NONE',  ( 0.000000000000000000, 7.500000000000000000, -1.496259773004444904 ) ) ;
#6522 = EDGE_CURVE ( 'NONE', #2343, #2766, #3459, .T. ) ;
#6523 = PLANE ( 'NONE',  #3678 ) ;
#6524 = VECTOR ( 'NONE', #5340, 1000.000000000000227 ) ;
#6525 = VERTEX_POINT ( 'NONE', #5323 ) ;
#6526 = CARTESIAN_POINT ( 'NONE',  ( 2.661608656291305941, 3.435945472310297788, -15.33839134370907686 ) ) ;
#6527 = DIRECTION ( 'NONE',  ( 0.000000000000000000, 0.000000000000000000, -1.000000000000000000 ) ) ;
#6528 = ADVANCED_FACE ( 'NONE', ( #2363 ), #2935, .F. ) ;
#6529 = CARTESIAN_POINT ( 'NONE',  ( 51.62500000000000711, 7.500000000000000000, -28.49625977300445356 ) ) ;
#6530 = EDGE_LOOP ( 'NONE', ( #3446, #4979, #133, #2368 ) ) ;
#6531 = DIRECTION ( 'NONE',  ( -1.000000000000000000, 0.000000000000000000, 0.000000000000000000 ) ) ;
#6532 = LINE ( 'NONE', #2817, #7343 ) ;
#6533 = EDGE_CURVE ( 'NONE', #6922, #1845, #4872, .T. ) ;
#6534 = DIRECTION ( 'NONE',  ( 1.000000000000000000, 0.000000000000000000, 0.000000000000000000 ) ) ;
#6535 = LINE ( 'NONE', #3926, #4195 ) ;
#6536 = DIRECTION ( 'NONE',  ( 0.000000000000000000, 0.000000000000000000, -1.000000000000000000 ) ) ;
#6537 = FACE_BOUND ( 'NONE', #3195, .T. ) ;
#6538 = EDGE_LOOP ( 'NONE', ( #542, #4054, #4313, #353 ) ) ;
#6539 = VERTEX_POINT ( 'NONE', #5941 ) ;
#6540 = ORIENTED_EDGE ( 'NONE', *, *, #552, .F. ) ;
#6541 = CARTESIAN_POINT ( 'NONE',  ( 3.482387728013483552E-16, 8.566080860089984483, -34.80943399447291142 ) ) ;
#6542 = EDGE_CURVE ( 'NONE', #7681, #1955, #2232, .T. ) ;
#6543 = PLANE ( 'NONE',  #1469 ) ;
#6544 = ADVANCED_FACE ( 'NONE', ( #7846 ), #1575, .F. ) ;
#6545 = DIRECTION ( 'NONE',  ( -1.000000000000000000, 0.000000000000000000, 0.000000000000000000 ) ) ;
#6546 = EDGE_LOOP ( 'NONE', ( #4969, #2830, #8038, #4470 ) ) ;
#6547 = ORIENTED_EDGE ( 'NONE', *, *, #8028, .T. ) ;
#6548 = DIRECTION ( 'NONE',  ( 0.2386847610229713423, 0.8323926831162092865, 0.5001519828512179799 ) ) ;
#6549 = EDGE_CURVE ( 'NONE', #7539, #4489, #6854, .T. ) ;
#6550 = CARTESIAN_POINT ( 'NONE',  ( 61.43449314192414334, 10.49999999999999822, -33.36342533005872468 ) ) ;
#6551 = VERTEX_POINT ( 'NONE', #3059 ) ;
#6552 = ORIENTED_EDGE ( 'NONE', *, *, #5281, .F. ) ;
#6553 = VECTOR ( 'NONE', #6815, 1000.000000000000114 ) ;
#6554 = LINE ( 'NONE', #2146, #5298 ) ;
#6555 = CARTESIAN_POINT ( 'NONE',  ( -44.37467487046908587, 10.53731005528967657, 33.62500000000000000 ) ) ;
#6556 = CARTESIAN_POINT ( 'NONE',  ( 0.5499999999999949374, 10.80000000000000071, 18.54999999999960991 ) ) ;
#6557 = ORIENTED_EDGE ( 'NONE', *, *, #5253, .F. ) ;
#6558 = ORIENTED_EDGE ( 'NONE', *, *, #1261, .F. ) ;
#6559 = CARTESIAN_POINT ( 'NONE',  ( -60.00000000000000000, 7.500000000000000000, -8.000000000000000000 ) ) ;
#6560 = CARTESIAN_POINT ( 'NONE',  ( 0.5499999999999949374, 10.80000000000000071, -35.45000000000039364 ) ) ;
#6561 = CARTESIAN_POINT ( 'NONE',  ( 0.000000000000000000, 7.500000000000000000, 16.50374022699554644 ) ) ;
#6562 = DIRECTION ( 'NONE',  ( 0.000000000000000000, 0.9612616959383174509, -0.2756373558170039373 ) ) ;
#6563 = ORIENTED_EDGE ( 'NONE', *, *, #5886, .T. ) ;
#6564 = CARTESIAN_POINT ( 'NONE',  ( 0.000000000000000000, 7.500000000000000000, 7.503740226995549101 ) ) ;
#6565 = VECTOR ( 'NONE', #5708, 1000.000000000000000 ) ;
#6566 = CARTESIAN_POINT ( 'NONE',  ( 57.89895923599141980, 10.49999999999999822, -36.89895923599146954 ) ) ;
#6567 = DIRECTION ( 'NONE',  ( 0.000000000000000000, -0.2756373558170040483, 0.9612616959383175619 ) ) ;
#6568 = VERTEX_POINT ( 'NONE', #5095 ) ;
#6569 = LINE ( 'NONE', #6489, #7266 ) ;
#6570 = LINE ( 'NONE', #3971, #5222 ) ;
#6571 = CARTESIAN_POINT ( 'NONE',  ( -2.375000000000006217, 10.53731005528968723, -17.37467487046947667 ) ) ;
#6572 = FACE_OUTER_BOUND ( 'NONE', #5235, .T. ) ;
#6573 = DIRECTION ( 'NONE',  ( 0.9612616959383174509, -0.2756373558170042704, 0.000000000000000000 ) ) ;
#6574 = CARTESIAN_POINT ( 'NONE',  ( 16.80943399447252418, 8.566080860089964943, -34.80943399447290432 ) ) ;
#6575 = ORIENTED_EDGE ( 'NONE', *, *, #7030, .T. ) ;
#6576 = VERTEX_POINT ( 'NONE', #1164 ) ;
#6577 = ORIENTED_EDGE ( 'NONE', *, *, #4239, .T. ) ;
#6578 = FACE_OUTER_BOUND ( 'NONE', #7746, .T. ) ;
#6579 = LINE ( 'NONE', #7914, #7212 ) ;
#6580 = DIRECTION ( 'NONE',  ( 0.000000000000000000, 0.000000000000000000, -1.000000000000000000 ) ) ;
#6581 = ORIENTED_EDGE ( 'NONE', *, *, #7084, .T. ) ;
#6582 = VECTOR ( 'NONE', #670, 1000.000000000000000 ) ;
#6583 = ORIENTED_EDGE ( 'NONE', *, *, #2572, .F. ) ;
#6584 = VECTOR ( 'NONE', #4793, 1000.000000000000000 ) ;
#6585 = ORIENTED_EDGE ( 'NONE', *, *, #6944, .F. ) ;
#6586 = LINE ( 'NONE', #5799, #6869 ) ;
#6587 = EDGE_CURVE ( 'NONE', #7671, #6074, #7698, .T. ) ;
#6588 = CARTESIAN_POINT ( 'NONE',  ( 47.73571359999213115, 22.25864506693676503, -26.58211138907234528 ) ) ;
#6589 = VECTOR ( 'NONE', #7758, 1000.000000000000000 ) ;
#6590 = EDGE_LOOP ( 'NONE', ( #7467, #1631, #6031, #529 ) ) ;
#6591 = ORIENTED_EDGE ( 'NONE', *, *, #7251, .T. ) ;
#6592 = AXIS2_PLACEMENT_3D ( 'NONE', #4046, #6567, #5949 ) ;
#6593 = ADVANCED_FACE ( 'NONE', ( #6996 ), #5531, .T. ) ;
#6594 = ORIENTED_EDGE ( 'NONE', *, *, #497, .F. ) ;
#6595 = VECTOR ( 'NONE', #2370, 1000.000000000000000 ) ;
#6596 = FACE_OUTER_BOUND ( 'NONE', #6401, .T. ) ;
#6597 = EDGE_CURVE ( 'NONE', #6441, #3457, #2046, .T. ) ;
#6598 = DIRECTION ( 'NONE',  ( 0.000000000000000000, 0.000000000000000000, 1.000000000000000000 ) ) ;
#6599 = PLANE ( 'NONE',  #5932 ) ;
#6600 = EDGE_LOOP ( 'NONE', ( #3396, #830, #3276, #7885 ) ) ;
#6601 = VERTEX_POINT ( 'NONE', #4513 ) ;
#6602 = CARTESIAN_POINT ( 'NONE',  ( -54.49999999999997868, 10.79999999999989235, 36.49999999999959499 ) ) ;
#6603 = FACE_OUTER_BOUND ( 'NONE', #7384, .T. ) ;
#6604 = CARTESIAN_POINT ( 'NONE',  ( -51.62500000000000000, 10.53731005528969256, -18.62532512953129071 ) ) ;
#6605 = AXIS2_PLACEMENT_3D ( 'NONE', #5617, #1915, #7445 ) ;
#6606 = LINE ( 'NONE', #3464, #1843 ) ;
#6607 = VERTEX_POINT ( 'NONE', #3635 ) ;
#6608 = CARTESIAN_POINT ( 'NONE',  ( 51.62500000000000000, 10.53731005528969256, -18.62532512953129071 ) ) ;
#6609 = CARTESIAN_POINT ( 'NONE',  ( 2.375000000000005773, 7.500000000000000000, 19.49625977300367552 ) ) ;
#6610 = LINE ( 'NONE', #965, #7530 ) ;
#6611 = ORIENTED_EDGE ( 'NONE', *, *, #4566, .F. ) ;
#6612 = LINE ( 'NONE', #1585, #1609 ) ;
#6613 = DIRECTION ( 'NONE',  ( 1.000000000000000000, 0.000000000000000000, 0.000000000000000000 ) ) ;
#6614 = DIRECTION ( 'NONE',  ( -0.000000000000000000, 0.000000000000000000, 1.000000000000000000 ) ) ;
#6615 = PLANE ( 'NONE',  #7369 ) ;
#6616 = CARTESIAN_POINT ( 'NONE',  ( -61.00000000000000000, 10.49999999999999822, 8.000000000000000000 ) ) ;
#6617 = VECTOR ( 'NONE', #7753, 1000.000000000000000 ) ;
#6618 = CARTESIAN_POINT ( 'NONE',  ( 0.000000000000000000, 7.500000000000000000, 19.49625977300367552 ) ) ;
#6619 = ADVANCED_FACE ( 'NONE', ( #5134 ), #6232, .F. ) ;
#6620 = ADVANCED_FACE ( 'NONE', ( #5748 ), #6151, .F. ) ;
#6621 = VERTEX_POINT ( 'NONE', #1964 ) ;
#6622 = EDGE_CURVE ( 'NONE', #3058, #227, #7657, .T. ) ;
#6623 = VERTEX_POINT ( 'NONE', #3854 ) ;
#6624 = EDGE_LOOP ( 'NONE', ( #6801, #7945, #2717, #2091 ) ) ;
#6625 = VERTEX_POINT ( 'NONE', #2008 ) ;
#6626 = PLANE ( 'NONE',  #1198 ) ;
#6627 = PLANE ( 'NONE',  #115 ) ;
#6628 = LINE ( 'NONE', #2135, #3315 ) ;
#6629 = VECTOR ( 'NONE', #3543, 1000.000000000000000 ) ;
#6630 = ORIENTED_EDGE ( 'NONE', *, *, #4727, .T. ) ;
#6631 = EDGE_CURVE ( 'NONE', #1645, #6175, #3099, .T. ) ;
#6632 = VERTEX_POINT ( 'NONE', #4952 ) ;
#6633 = CARTESIAN_POINT ( 'NONE',  ( 46.19056600552747227, 8.566080860090005800, -34.80943399447291142 ) ) ;
#6634 = VECTOR ( 'NONE', #5684, 1000.000000000000114 ) ;
#6635 = ORIENTED_EDGE ( 'NONE', *, *, #4519, .T. ) ;
#6636 = ORIENTED_EDGE ( 'NONE', *, *, #4402, .F. ) ;
#6637 = AXIS2_PLACEMENT_3D ( 'NONE', #2359, #4982, #3093 ) ;
#6638 = ORIENTED_EDGE ( 'NONE', *, *, #1193, .F. ) ;
#6639 = DIRECTION ( 'NONE',  ( -0.000000000000000000, -1.000000000000000000, -0.000000000000000000 ) ) ;
#6640 = DIRECTION ( 'NONE',  ( 0.000000000000000000, 0.000000000000000000, -1.000000000000000000 ) ) ;
#6641 = LINE ( 'NONE', #1572, #5542 ) ;
#6642 = ORIENTED_EDGE ( 'NONE', *, *, #588, .T. ) ;
#6643 = ORIENTED_EDGE ( 'NONE', *, *, #2338, .F. ) ;
#6644 = EDGE_CURVE ( 'NONE', #4853, #2810, #3716, .T. ) ;
#6645 = FACE_OUTER_BOUND ( 'NONE', #1841, .T. ) ;
#6646 = PLANE ( 'NONE',  #2669 ) ;
#6647 = EDGE_CURVE ( 'NONE', #7421, #6568, #7475, .T. ) ;
#6648 = LINE ( 'NONE', #998, #6584 ) ;
#6649 = ADVANCED_FACE ( 'NONE', ( #4477 ), #1384, .T. ) ;
#6650 = FACE_OUTER_BOUND ( 'NONE', #2501, .T. ) ;
#6651 = ORIENTED_EDGE ( 'NONE', *, *, #4649, .F. ) ;
#6652 = DIRECTION ( 'NONE',  ( -0.000000000000000000, -0.2756373558170042704, -0.9612616959383174509 ) ) ;
#6653 = LINE ( 'NONE', #2242, #6595 ) ;
#6654 = ADVANCED_FACE ( 'NONE', ( #725 ), #3233, .F. ) ;
#6655 = DIRECTION ( 'NONE',  ( -0.2756373558170042704, -0.9612616959383174509, 0.000000000000000000 ) ) ;
#6656 = ORIENTED_EDGE ( 'NONE', *, *, #5915, .T. ) ;
#6658 = EDGE_CURVE ( 'NONE', #942, #366, #765, .T. ) ;
#6657 = LINE ( 'NONE', #1676, #818 ) ;
#6659 = DIRECTION ( 'NONE',  ( 1.000000000000000000, 0.000000000000000000, -0.000000000000000000 ) ) ;
#6660 = CARTESIAN_POINT ( 'NONE',  ( -2.375000000000005773, 10.80000000000000426, -27.55000000000038796 ) ) ;
#6661 = VECTOR ( 'NONE', #6871, 1000.000000000000000 ) ;
#6662 = CARTESIAN_POINT ( 'NONE',  ( -51.62500000000000000, 10.53731005528969256, -33.62500000000000000 ) ) ;
#6663 = LINE ( 'NONE', #1014, #847 ) ;
#6664 = DIRECTION ( 'NONE',  ( -1.000000000000000000, 0.000000000000000000, 0.000000000000000000 ) ) ;
#6665 = ORIENTED_EDGE ( 'NONE', *, *, #5105, .F. ) ;
#6666 = VECTOR ( 'NONE', #3355, 1000.000000000000227 ) ;
#6667 = EDGE_LOOP ( 'NONE', ( #4656, #1767, #4282, #6011 ) ) ;
#6668 = ORIENTED_EDGE ( 'NONE', *, *, #5371, .T. ) ;
#6669 = ORIENTED_EDGE ( 'NONE', *, *, #2249, .T. ) ;
#6670 = CARTESIAN_POINT ( 'NONE',  ( 5.067389764026953181, -0.9965637948163279525, 32.06738976402657215 ) ) ;
#6671 = DIRECTION ( 'NONE',  ( 1.000000000000000000, 0.000000000000000000, 0.000000000000000000 ) ) ;
#6672 = DIRECTION ( 'NONE',  ( -1.000000000000000000, 0.000000000000000000, 0.000000000000000000 ) ) ;
#6673 = VERTEX_POINT ( 'NONE', #148 ) ;
#6674 = VERTEX_POINT ( 'NONE', #2660 ) ;
#6675 = CARTESIAN_POINT ( 'NONE',  ( 0.000000000000000000, 7.500000000000000000, 25.50374022699554288 ) ) ;
#6676 = ORIENTED_EDGE ( 'NONE', *, *, #6778, .T. ) ;
#6677 = VERTEX_POINT ( 'NONE', #5178 ) ;
#6678 = VECTOR ( 'NONE', #3429, 1000.000000000000000 ) ;
#6679 = ORIENTED_EDGE ( 'NONE', *, *, #850, .F. ) ;
#6680 = CARTESIAN_POINT ( 'NONE',  ( 2.375000000000005773, 10.53731005528968545, 33.62500000000000000 ) ) ;
#6681 = DIRECTION ( 'NONE',  ( -0.9612616959383181170, -0.2756373558170021609, 0.000000000000000000 ) ) ;
#6682 = EDGE_CURVE ( 'NONE', #7302, #5960, #5390, .T. ) ;
#6683 = CARTESIAN_POINT ( 'NONE',  ( -16.80943399447276576, 8.566080860090838911, 34.80943399447237852 ) ) ;
#6684 = EDGE_CURVE ( 'NONE', #2393, #2695, #4681, .T. ) ;
#6685 = AXIS2_PLACEMENT_3D ( 'NONE', #1487, #6345, #3375 ) ;
#6686 = EDGE_LOOP ( 'NONE', ( #2282, #298, #5594, #2258 ) ) ;
#6687 = EDGE_LOOP ( 'NONE', ( #4206, #6409, #7141, #62 ) ) ;
#6688 = LINE ( 'NONE', #1038, #7605 ) ;
#6689 = DIRECTION ( 'NONE',  ( 0.000000000000000000, 0.000000000000000000, -1.000000000000000000 ) ) ;
#6690 = DIRECTION ( 'NONE',  ( 0.000000000000000000, -0.000000000000000000, 1.000000000000000000 ) ) ;
#6691 = CARTESIAN_POINT ( 'NONE',  ( 51.62500000000000000, 10.80000000000000426, -8.450000000000388312 ) ) ;
#6692 = ORIENTED_EDGE ( 'NONE', *, *, #6816, .T. ) ;
#6693 = DIRECTION ( 'NONE',  ( 0.000000000000000000, 0.000000000000000000, -1.000000000000000000 ) ) ;
#6694 = ADVANCED_FACE ( 'NONE', ( #5837 ), #7074, .T. ) ;
#6695 = DIRECTION ( 'NONE',  ( 0.000000000000000000, 0.000000000000000000, -1.000000000000000000 ) ) ;
#6696 = EDGE_CURVE ( 'NONE', #3889, #5557, #6579, .T. ) ;
#6697 = CARTESIAN_POINT ( 'NONE',  ( 40.07937528197222576, 29.75245638442229179, -13.88452941702862553 ) ) ;
#6698 = LINE ( 'NONE', #2901, #6219 ) ;
#6699 = LINE ( 'NONE', #7233, #1315 ) ;
#6700 = PLANE ( 'NONE',  #7264 ) ;
#6701 = CARTESIAN_POINT ( 'NONE',  ( -57.99999999999999289, 9.499999999999998224, -8.000000000000000000 ) ) ;
#6702 = CARTESIAN_POINT ( 'NONE',  ( 57.89895923599141980, 7.500000000000000000, 36.89895923599146954 ) ) ;
#6703 = VECTOR ( 'NONE', #1959, 1000.000000000000227 ) ;
#6704 = PLANE ( 'NONE',  #1660 ) ;
#6705 = ORIENTED_EDGE ( 'NONE', *, *, #7338, .F. ) ;
#6706 = VECTOR ( 'NONE', #2628, 1000.000000000000000 ) ;
#6707 = ORIENTED_EDGE ( 'NONE', *, *, #2837, .T. ) ;
#6708 = ORIENTED_EDGE ( 'NONE', *, *, #5187, .F. ) ;
#6709 = VERTEX_POINT ( 'NONE', #7743 ) ;
#6710 = CARTESIAN_POINT ( 'NONE',  ( -1.496259773004063209, 7.500000000000000000, 0.000000000000000000 ) ) ;
#6711 = DIRECTION ( 'NONE',  ( -3.469446951953605354E-14, -1.000000000000000000, -0.000000000000000000 ) ) ;
#6712 = LINE ( 'NONE', #7425, #6134 ) ;
#6713 = VECTOR ( 'NONE', #7224, 1000.000000000000000 ) ;
#6714 = ORIENTED_EDGE ( 'NONE', *, *, #6850, .F. ) ;
#6715 = ORIENTED_EDGE ( 'NONE', *, *, #3239, .T. ) ;
#6716 = LINE ( 'NONE', #1072, #7164 ) ;
#6717 = ORIENTED_EDGE ( 'NONE', *, *, #6358, .T. ) ;
#6718 = ORIENTED_EDGE ( 'NONE', *, *, #6467, .T. ) ;
#6719 = VECTOR ( 'NONE', #1937, 1000.000000000000114 ) ;
#6720 = VECTOR ( 'NONE', #4106, 1000.000000000000000 ) ;
#6721 = ORIENTED_EDGE ( 'NONE', *, *, #6696, .F. ) ;
#6722 = CARTESIAN_POINT ( 'NONE',  ( 0.000000000000000000, 7.500000000000000000, 34.50374022699554644 ) ) ;
#6723 = ADVANCED_FACE ( 'NONE', ( #7872 ), #7123, .F. ) ;
#6724 = DIRECTION ( 'NONE',  ( -1.000000000000000000, -0.000000000000000000, -0.000000000000000000 ) ) ;
#6725 = EDGE_CURVE ( 'NONE', #6098, #653, #3983, .T. ) ;
#6726 = CARTESIAN_POINT ( 'NONE',  ( -53.44999999999999574, 10.80000000000000071, -26.45000000000038298 ) ) ;
#6727 = ADVANCED_FACE ( 'NONE', ( #1425 ), #4597, .F. ) ;
#6728 = VECTOR ( 'NONE', #594, 1000.000000000000000 ) ;
#6729 = ORIENTED_EDGE ( 'NONE', *, *, #5718, .T. ) ;
#6730 = VERTEX_POINT ( 'NONE', #3364 ) ;
#6731 = FACE_OUTER_BOUND ( 'NONE', #878, .T. ) ;
#6732 = VECTOR ( 'NONE', #1441, 1000.000000000000114 ) ;
#6733 = CARTESIAN_POINT ( 'NONE',  ( 53.44999999999999574, 10.80000000000000071, -0.5500000000003835154 ) ) ;
#6734 = VECTOR ( 'NONE', #4315, 1000.000000000000000 ) ;
#6735 = CARTESIAN_POINT ( 'NONE',  ( 28.49625977300405921, 7.500000000000000000, -33.62500000000000000 ) ) ;
#6736 = FACE_OUTER_BOUND ( 'NONE', #7880, .T. ) ;
#6737 = VECTOR ( 'NONE', #1091, 1000.000000000000000 ) ;
#6738 = VERTEX_POINT ( 'NONE', #229 ) ;
#6739 = DIRECTION ( 'NONE',  ( 0.000000000000000000, 0.000000000000000000, 1.000000000000000000 ) ) ;
#6740 = CARTESIAN_POINT ( 'NONE',  ( 51.62500000000000000, 7.500000000000000000, -16.50374022699631382 ) ) ;
#6741 = CARTESIAN_POINT ( 'NONE',  ( 46.49625977300406277, 7.500000000000000000, 33.62500000000000000 ) ) ;
#6742 = CARTESIAN_POINT ( 'NONE',  ( 55.00000000000000000, 7.500000000000000000, 41.00000000000000000 ) ) ;
#6743 = LINE ( 'NONE', #7858, #5620 ) ;
#6744 = DIRECTION ( 'NONE',  ( -0.000000000000000000, 0.000000000000000000, 1.000000000000000000 ) ) ;
#6745 = EDGE_CURVE ( 'NONE', #4502, #1294, #1602, .T. ) ;
#6746 = CARTESIAN_POINT ( 'NONE',  ( -61.00000000000000000, 9.899999999999998579, 8.000000000000000000 ) ) ;
#6747 = CARTESIAN_POINT ( 'NONE',  ( -2.375000000000005773, 10.80000000000000426, -9.550000000000384404 ) ) ;
#6748 = DIRECTION ( 'NONE',  ( 0.2386847610229715366, -0.8323926831162098416, 0.5001519828512170918 ) ) ;
#6749 = ORIENTED_EDGE ( 'NONE', *, *, #3371, .T. ) ;
#6750 = ORIENTED_EDGE ( 'NONE', *, *, #4936, .F. ) ;
#6751 = VERTEX_POINT ( 'NONE', #2744 ) ;
#6752 = EDGE_LOOP ( 'NONE', ( #4501, #8173, #5007, #5788 ) ) ;
#6753 = DIRECTION ( 'NONE',  ( 0.000000000000000000, 0.000000000000000000, 1.000000000000000000 ) ) ;
#6754 = LINE ( 'NONE', #1105, #2104 ) ;
#6755 = EDGE_CURVE ( 'NONE', #6325, #677, #1556, .T. ) ;
#6756 = VECTOR ( 'NONE', #5566, 1000.000000000000000 ) ;
#6757 = DIRECTION ( 'NONE',  ( 0.000000000000000000, 0.000000000000000000, -1.000000000000000000 ) ) ;
#6758 = ADVANCED_FACE ( 'NONE', ( #1473 ), #6543, .T. ) ;
#6759 = EDGE_CURVE ( 'NONE', #2180, #2028, #894, .T. ) ;
#6760 = ORIENTED_EDGE ( 'NONE', *, *, #5858, .T. ) ;
#6761 = EDGE_LOOP ( 'NONE', ( #6271, #3705, #7465, #499 ) ) ;
#6762 = DIRECTION ( 'NONE',  ( -0.000000000000000000, -0.000000000000000000, 1.000000000000000000 ) ) ;
#6763 = EDGE_LOOP ( 'NONE', ( #8113, #6577, #6097, #1168 ) ) ;
#6764 = ORIENTED_EDGE ( 'NONE', *, *, #5887, .T. ) ;
#6765 = ORIENTED_EDGE ( 'NONE', *, *, #651, .F. ) ;
#6766 = DIRECTION ( 'NONE',  ( -0.000000000000000000, -0.000000000000000000, -1.000000000000000000 ) ) ;
#6767 = LINE ( 'NONE', #5605, #3088 ) ;
#6768 = DIRECTION ( 'NONE',  ( -0.000000000000000000, -0.000000000000000000, 1.000000000000000000 ) ) ;
#6769 = ORIENTED_EDGE ( 'NONE', *, *, #6274, .F. ) ;
#6771 = VERTEX_POINT ( 'NONE', #4059 ) ;
#6770 = CARTESIAN_POINT ( 'NONE',  ( -0.5499999999999949374, 10.80000000000000071, -9.550000000000384404 ) ) ;
#6772 = VECTOR ( 'NONE', #678, 1000.000000000000227 ) ;
#6773 = PLANE ( 'NONE',  #4043 ) ;
#6774 = LINE ( 'NONE', #3060, #3583 ) ;
#6775 = ADVANCED_FACE ( 'NONE', ( #5262 ), #2088, .F. ) ;
#6776 = DIRECTION ( 'NONE',  ( 0.2386847610229713423, -0.8323926831162092865, -0.5001519828512179799 ) ) ;
#6777 = CARTESIAN_POINT ( 'NONE',  ( 34.50374022699593013, 7.500000000000000000, 0.000000000000000000 ) ) ;
#6778 = EDGE_CURVE ( 'NONE', #5447, #4900, #3483, .T. ) ;
#6779 = ORIENTED_EDGE ( 'NONE', *, *, #7495, .T. ) ;
#6780 = CARTESIAN_POINT ( 'NONE',  ( 0.000000000000000000, 7.500000000000000000, 10.49625977300367907 ) ) ;
#6781 = FACE_OUTER_BOUND ( 'NONE', #1428, .T. ) ;
#6782 = LINE ( 'NONE', #4089, #1205 ) ;
#6783 = CARTESIAN_POINT ( 'NONE',  ( -71.94928943488123707, 10.80000000000000426, 33.62500000000000000 ) ) ;
#6784 = CARTESIAN_POINT ( 'NONE',  ( 46.49625977300406277, 7.500000000000000000, 0.000000000000000000 ) ) ;
#6785 = CARTESIAN_POINT ( 'NONE',  ( -2.375000000000005773, 10.53731005528968723, -18.62532512953128716 ) ) ;
#6786 = FACE_OUTER_BOUND ( 'NONE', #5663, .T. ) ;
#6787 = CARTESIAN_POINT ( 'NONE',  ( 55.00000000000000000, 7.500000000000000000, 41.00000000000000000 ) ) ;
#6788 = CARTESIAN_POINT ( 'NONE',  ( 2.375000000000005773, 7.500000000000000000, -16.50374022699631382 ) ) ;
#6789 = DIRECTION ( 'NONE',  ( -1.000000000000000000, 0.000000000000000000, 0.000000000000000000 ) ) ;
#6790 = ORIENTED_EDGE ( 'NONE', *, *, #5445, .T. ) ;
#6791 = EDGE_CURVE ( 'NONE', #4245, #752, #3400, .T. ) ;
#6792 = EDGE_CURVE ( 'NONE', #3443, #2865, #5305, .T. ) ;
#6793 = ORIENTED_EDGE ( 'NONE', *, *, #7518, .T. ) ;
#6794 = VERTEX_POINT ( 'NONE', #314 ) ;
#6795 = ORIENTED_EDGE ( 'NONE', *, *, #233, .F. ) ;
#6796 = DIRECTION ( 'NONE',  ( -1.000000000000000000, -0.000000000000000000, -0.000000000000000000 ) ) ;
#6797 = PLANE ( 'NONE',  #5400 ) ;
#6798 = AXIS2_PLACEMENT_3D ( 'NONE', #817, #937, #7744 ) ;
#6799 = PLANE ( 'NONE',  #5339 ) ;
#6800 = VECTOR ( 'NONE', #4825, 1000.000000000000114 ) ;
#6801 = ORIENTED_EDGE ( 'NONE', *, *, #5187, .T. ) ;
#6802 = ADVANCED_FACE ( 'NONE', ( #358 ), #6627, .F. ) ;
#6803 = ORIENTED_EDGE ( 'NONE', *, *, #2373, .F. ) ;
#6804 = ADVANCED_FACE ( 'NONE', ( #523 ), #6797, .T. ) ;
#6805 = ORIENTED_EDGE ( 'NONE', *, *, #71, .T. ) ;
#6806 = ADVANCED_FACE ( 'NONE', ( #4935 ), #3084, .F. ) ;
#6807 = ORIENTED_EDGE ( 'NONE', *, *, #4835, .T. ) ;
#6808 = DIRECTION ( 'NONE',  ( -0.9612616959383174509, -0.2756373558170042704, 0.000000000000000000 ) ) ;
#6809 = EDGE_CURVE ( 'NONE', #7311, #4661, #4768, .T. ) ;
#6810 = LINE ( 'NONE', #1158, #7024 ) ;
#6811 = DIRECTION ( 'NONE',  ( -0.2386847610229713701, 0.8323926831162093976, -0.5001519828512178689 ) ) ;
#6812 = VECTOR ( 'NONE', #4959, 1000.000000000000114 ) ;
#6814 = ORIENTED_EDGE ( 'NONE', *, *, #7125, .T. ) ;
#6813 = CARTESIAN_POINT ( 'NONE',  ( -58.99999999999998579, 10.49999999999999822, 8.000000000000000000 ) ) ;
#6815 = DIRECTION ( 'NONE',  ( 0.2657276780299913099, 0.9267025424900799946, 0.2657276780299913099 ) ) ;
#6816 = EDGE_CURVE ( 'NONE', #1653, #258, #4148, .T. ) ;
#6817 = CARTESIAN_POINT ( 'NONE',  ( 60.02027957955104398, 9.499999999999980460, -31.94921176768562177 ) ) ;
#6818 = CARTESIAN_POINT ( 'NONE',  ( 15.41427326613672300, 32.23830501688262018, -20.58572673386328944 ) ) ;
#6819 = FACE_OUTER_BOUND ( 'NONE', #1948, .T. ) ;
#6820 = ORIENTED_EDGE ( 'NONE', *, *, #5640, .F. ) ;
#6821 = DIRECTION ( 'NONE',  ( 0.9612616959383174509, -0.2756373558170042704, 0.000000000000000000 ) ) ;
#6822 = CARTESIAN_POINT ( 'NONE',  ( 61.43449314192414334, 9.099999999999983658, 33.36342533005872468 ) ) ;
#6823 = CARTESIAN_POINT ( 'NONE',  ( -53.44999999999999574, 10.80000000000000071, -35.45000000000039364 ) ) ;
#6824 = CARTESIAN_POINT ( 'NONE',  ( -50.70289055386778898, 1.219690838746894768, -23.70289055386817267 ) ) ;
#6825 = LINE ( 'NONE', #4960, #6193 ) ;
#6826 = PLANE ( 'NONE',  #5005 ) ;
#6827 = VECTOR ( 'NONE', #7397, 1000.000000000000114 ) ;
#6828 = DIRECTION ( 'NONE',  ( -0.5001519828512179799, -0.8323926831162092865, 0.2386847610229711203 ) ) ;
#6829 = CARTESIAN_POINT ( 'NONE',  ( 25.50374022699593368, 7.500000000000000000, 0.000000000000000000 ) ) ;
#6830 = DIRECTION ( 'NONE',  ( -0.000000000000000000, -0.000000000000000000, 1.000000000000000000 ) ) ;
#6831 = EDGE_LOOP ( 'NONE', ( #8164, #6805, #1018, #463 ) ) ;
#6832 = ORIENTED_EDGE ( 'NONE', *, *, #3768, .F. ) ;
#6833 = VERTEX_POINT ( 'NONE', #7423 ) ;
#6834 = VERTEX_POINT ( 'NONE', #6093 ) ;
#6835 = PLANE ( 'NONE',  #5276 ) ;
#6836 = CARTESIAN_POINT ( 'NONE',  ( 1.190566005527355919, 8.566080860090391269, 1.190566005526974669 ) ) ;
#6837 = AXIS2_PLACEMENT_3D ( 'NONE', #439, #7367, #6125 ) ;
#6838 = CARTESIAN_POINT ( 'NONE',  ( 54.51589529291322833, 14.51721864012751162, -26.48410470708715536 ) ) ;
#6839 = VECTOR ( 'NONE', #7668, 1000.000000000000000 ) ;
#6840 = ORIENTED_EDGE ( 'NONE', *, *, #2406, .F. ) ;
#6841 = EDGE_CURVE ( 'NONE', #1740, #7351, #1186, .T. ) ;
#6842 = EDGE_LOOP ( 'NONE', ( #7878, #582, #7357, #5703 ) ) ;
#6843 = ORIENTED_EDGE ( 'NONE', *, *, #5640, .T. ) ;
#6844 = VECTOR ( 'NONE', #1578, 1000.000000000000114 ) ;
#6845 = ORIENTED_EDGE ( 'NONE', *, *, #2768, .F. ) ;
#6846 = DIRECTION ( 'NONE',  ( 0.000000000000000000, -0.9612616959383174509, -0.2756373558170042704 ) ) ;
#6847 = EDGE_CURVE ( 'NONE', #3850, #6632, #1148, .T. ) ;
#6848 = DIRECTION ( 'NONE',  ( -1.000000000000000000, 0.000000000000000000, 0.000000000000000000 ) ) ;
#6849 = DIRECTION ( 'NONE',  ( 0.8164965809277230369, 0.5773502691896301720, 0.000000000000000000 ) ) ;
#6850 = EDGE_CURVE ( 'NONE', #6175, #7288, #2998, .T. ) ;
#6852 = ORIENTED_EDGE ( 'NONE', *, *, #597, .F. ) ;
#6851 = CARTESIAN_POINT ( 'NONE',  ( -51.62500000000000000, 10.80000000000000426, -33.62500000000000000 ) ) ;
#6853 = VECTOR ( 'NONE', #1375, 1000.000000000000000 ) ;
#6854 = LINE ( 'NONE', #1121, #1161 ) ;
#6855 = PLANE ( 'NONE',  #4632 ) ;
#6856 = EDGE_CURVE ( 'NONE', #6551, #6453, #3525, .T. ) ;
#6857 = CARTESIAN_POINT ( 'NONE',  ( -52.50374022699593013, 7.500000000000000000, 0.000000000000000000 ) ) ;
#6858 = EDGE_CURVE ( 'NONE', #2695, #2401, #8042, .T. ) ;
#6859 = ORIENTED_EDGE ( 'NONE', *, *, #1612, .F. ) ;
#6860 = DIRECTION ( 'NONE',  ( -0.000000000000000000, -0.000000000000000000, 1.000000000000000000 ) ) ;
#6861 = VECTOR ( 'NONE', #256, 1000.000000000000114 ) ;
#6862 = DIRECTION ( 'NONE',  ( 0.000000000000000000, -0.9612616959383174509, -0.2756373558170042704 ) ) ;
#6863 = VECTOR ( 'NONE', #5975, 1000.000000000000114 ) ;
#6864 = AXIS2_PLACEMENT_3D ( 'NONE', #2607, #7498, #5631 ) ;
#6865 = DIRECTION ( 'NONE',  ( -0.5001519828512179799, -0.8323926831162092865, -0.2386847610229711203 ) ) ;
#6866 = DIRECTION ( 'NONE',  ( 0.000000000000000000, 0.000000000000000000, -1.000000000000000000 ) ) ;
#6867 = CARTESIAN_POINT ( 'NONE',  ( 61.85875721063607102, 9.899999999999975486, -33.78768939877064525 ) ) ;
#6868 = PLANE ( 'NONE',  #2905 ) ;
#6869 = VECTOR ( 'NONE', #4559, 1000.000000000000000 ) ;
#6870 = LINE ( 'NONE', #3765, #7506 ) ;
#6871 = DIRECTION ( 'NONE',  ( 0.000000000000000000, 0.000000000000000000, -1.000000000000000000 ) ) ;
#6872 = VECTOR ( 'NONE', #590, 1000.000000000000227 ) ;
#6873 = EDGE_LOOP ( 'NONE', ( #5777, #6007, #2023, #2467 ) ) ;
#6874 = VECTOR ( 'NONE', #3571, 1000.000000000000000 ) ;
#6875 = ORIENTED_EDGE ( 'NONE', *, *, #6993, .T. ) ;
#6876 = EDGE_LOOP ( 'NONE', ( #6643, #1513, #5786, #7339 ) ) ;
#6877 = ORIENTED_EDGE ( 'NONE', *, *, #6964, .T. ) ;
#6878 = DIRECTION ( 'NONE',  ( -0.000000000000000000, -0.000000000000000000, 1.000000000000000000 ) ) ;
#6879 = LINE ( 'NONE', #57, #4730 ) ;
#6880 = LINE ( 'NONE', #6987, #1958 ) ;
#6881 = EDGE_CURVE ( 'NONE', #5893, #7351, #6048, .T. ) ;
#6882 = AXIS2_PLACEMENT_3D ( 'NONE', #6784, #5375, #1134 ) ;
#6883 = EDGE_CURVE ( 'NONE', #7330, #2302, #4898, .T. ) ;
#6884 = ORIENTED_EDGE ( 'NONE', *, *, #39, .T. ) ;
#6885 = ORIENTED_EDGE ( 'NONE', *, *, #4987, .F. ) ;
#6886 = AXIS2_PLACEMENT_3D ( 'NONE', #6893, #3442, #3366 ) ;
#6887 = VERTEX_POINT ( 'NONE', #1689 ) ;
#6888 = ORIENTED_EDGE ( 'NONE', *, *, #4364, .F. ) ;
#6889 = CARTESIAN_POINT ( 'NONE',  ( -19.19056600552747938, 8.566080860089963167, -34.80943399447290432 ) ) ;
#6890 = DIRECTION ( 'NONE',  ( 0.000000000000000000, 0.000000000000000000, -1.000000000000000000 ) ) ;
#6892 = ORIENTED_EDGE ( 'NONE', *, *, #5004, .T. ) ;
#6891 = CARTESIAN_POINT ( 'NONE',  ( -48.79638818434512615, -5.429073061943221035, -23.20361181565524333 ) ) ;
#6893 = CARTESIAN_POINT ( 'NONE',  ( -2.375000000000005773, 10.80000000000000426, 33.62500000000000000 ) ) ;
#6894 = LINE ( 'NONE', #3062, #652 ) ;
#6895 = VECTOR ( 'NONE', #7145, 1000.000000000000000 ) ;
#6896 = CARTESIAN_POINT ( 'NONE',  ( 27.54999999999997584, 10.80000000000000426, 33.62500000000000000 ) ) ;
#6897 = LINE ( 'NONE', #5037, #7252 ) ;
#6898 = VECTOR ( 'NONE', #5003, 1000.000000000000114 ) ;
#6899 = EDGE_CURVE ( 'NONE', #4271, #4164, #4814, .T. ) ;
#6900 = ORIENTED_EDGE ( 'NONE', *, *, #125, .T. ) ;
#6901 = EDGE_CURVE ( 'NONE', #6834, #7910, #3042, .T. ) ;
#6902 = ADVANCED_FACE ( 'NONE', ( #2959 ), #5477, .F. ) ;
#6903 = CARTESIAN_POINT ( 'NONE',  ( -51.62500000000000000, 10.53731005528969256, -33.62500000000000000 ) ) ;
#6904 = CARTESIAN_POINT ( 'NONE',  ( 2.375000000000005773, 10.53731005528968723, -27.62532512953129427 ) ) ;
#6905 = LINE ( 'NONE', #3728, #7386 ) ;
#6906 = PLANE ( 'NONE',  #4879 ) ;
#6907 = DIRECTION ( 'NONE',  ( 0.5000000000000154321, 0.7071067811865281438, -0.5000000000000121014 ) ) ;
#6908 = AXIS2_PLACEMENT_3D ( 'NONE', #2885, #3537, #7973 ) ;
#6909 = ORIENTED_EDGE ( 'NONE', *, *, #3665, .T. ) ;
#6910 = CARTESIAN_POINT ( 'NONE',  ( -0.5499999999999949374, 10.80000000000000071, 17.44999999999961560 ) ) ;
#6911 = EDGE_LOOP ( 'NONE', ( #309, #2875, #4614, #722 ) ) ;
#6912 = EDGE_CURVE ( 'NONE', #4271, #1407, #6754, .T. ) ;
#6913 = CARTESIAN_POINT ( 'NONE',  ( 51.62500000000000000, 10.80000000000000426, 18.54999999999960991 ) ) ;
#6914 = ADVANCED_FACE ( 'NONE', ( #3615 ), #8081, .F. ) ;
#6915 = VERTEX_POINT ( 'NONE', #6836 ) ;
#6916 = ORIENTED_EDGE ( 'NONE', *, *, #7706, .F. ) ;
#6917 = CARTESIAN_POINT ( 'NONE',  ( 0.000000000000000000, 7.500000000000000000, 25.50374022699554288 ) ) ;
#6918 = CARTESIAN_POINT ( 'NONE',  ( 71.94928943488123707, 10.80000000000000426, -33.62500000000000000 ) ) ;
#6919 = CARTESIAN_POINT ( 'NONE',  ( 1.496259773004063209, 7.500000000000000000, 0.000000000000000000 ) ) ;
#6920 = VERTEX_POINT ( 'NONE', #6217 ) ;
#6921 = VERTEX_POINT ( 'NONE', #569 ) ;
#6922 = VERTEX_POINT ( 'NONE', #3225 ) ;
#6923 = VECTOR ( 'NONE', #2784, 1000.000000000000114 ) ;
#6924 = ORIENTED_EDGE ( 'NONE', *, *, #6391, .F. ) ;
#6925 = DIRECTION ( 'NONE',  ( -0.7071067811865475727, 0.000000000000000000, 0.7071067811865475727 ) ) ;
#6926 = CARTESIAN_POINT ( 'NONE',  ( 2.375000000000005773, 10.53731005528968545, 33.62500000000000000 ) ) ;
#6927 = VECTOR ( 'NONE', #2652, 1000.000000000000114 ) ;
#6929 = ORIENTED_EDGE ( 'NONE', *, *, #6208, .T. ) ;
#6928 = PLANE ( 'NONE',  #1811 ) ;
#6930 = LINE ( 'NONE', #4292, #5437 ) ;
#6931 = CARTESIAN_POINT ( 'NONE',  ( 52.50374022699593013, 7.500000000000000000, 0.000000000000000000 ) ) ;
#6932 = LINE ( 'NONE', #1, #1408 ) ;
#6933 = DIRECTION ( 'NONE',  ( -0.000000000000000000, -0.000000000000000000, 1.000000000000000000 ) ) ;
#6934 = ORIENTED_EDGE ( 'NONE', *, *, #7150, .F. ) ;
#6935 = CARTESIAN_POINT ( 'NONE',  ( 44.45000000000000284, 10.80000000000000071, -35.45000000000039364 ) ) ;
#6936 = CARTESIAN_POINT ( 'NONE',  ( -0.7551062867686216817, 10.08470937300049464, 9.755106286768237212 ) ) ;
#6937 = CARTESIAN_POINT ( 'NONE',  ( -3.932610235973041046, -0.9965637948163279525, 32.06738976402657215 ) ) ;
#6938 = DIRECTION ( 'NONE',  ( 0.000000000000000000, 0.000000000000000000, -1.000000000000000000 ) ) ;
#6939 = VECTOR ( 'NONE', #1135, 1000.000000000000000 ) ;
#6940 = EDGE_CURVE ( 'NONE', #2545, #6738, #7499, .T. ) ;
#6941 = CARTESIAN_POINT ( 'NONE',  ( 40.07937528197223287, 29.75245638442227047, -31.88452941702864152 ) ) ;
#6942 = ORIENTED_EDGE ( 'NONE', *, *, #5886, .F. ) ;
#6943 = LINE ( 'NONE', #4387, #601 ) ;
#6944 = EDGE_CURVE ( 'NONE', #889, #3527, #5122, .T. ) ;
#6945 = ORIENTED_EDGE ( 'NONE', *, *, #3788, .F. ) ;
#6946 = LINE ( 'NONE', #2493, #2300 ) ;
#6947 = AXIS2_PLACEMENT_3D ( 'NONE', #7219, #7978, #5979 ) ;
#6948 = ORIENTED_EDGE ( 'NONE', *, *, #368, .T. ) ;
#6949 = VERTEX_POINT ( 'NONE', #2462 ) ;
#6950 = PLANE ( 'NONE',  #2254 ) ;
#6951 = DIRECTION ( 'NONE',  ( 0.000000000000000000, -0.000000000000000000, 1.000000000000000000 ) ) ;
#6952 = LINE ( 'NONE', #1230, #241 ) ;
#6953 = ORIENTED_EDGE ( 'NONE', *, *, #1108, .F. ) ;
#6954 = ORIENTED_EDGE ( 'NONE', *, *, #4703, .T. ) ;
#6955 = ORIENTED_EDGE ( 'NONE', *, *, #5286, .F. ) ;
#6956 = ORIENTED_EDGE ( 'NONE', *, *, #844, .T. ) ;
#6957 = ORIENTED_EDGE ( 'NONE', *, *, #7805, .T. ) ;
#6958 = EDGE_CURVE ( 'NONE', #7856, #7874, #1848, .T. ) ;
#6959 = VECTOR ( 'NONE', #4669, 1000.000000000000000 ) ;
#6960 = CARTESIAN_POINT ( 'NONE',  ( -52.50374022699593013, 7.500000000000000000, 0.000000000000000000 ) ) ;
#6961 = CARTESIAN_POINT ( 'NONE',  ( -17.44999999999999929, 10.80000000000000071, -27.55000000000038796 ) ) ;
#6962 = PLANE ( 'NONE',  #3812 ) ;
#6963 = LINE ( 'NONE', #5069, #2285 ) ;
#6964 = EDGE_CURVE ( 'NONE', #6289, #2115, #1266, .T. ) ;
#6965 = EDGE_CURVE ( 'NONE', #5098, #3080, #7541, .T. ) ;
#6966 = AXIS2_PLACEMENT_3D ( 'NONE', #7356, #914, #5945 ) ;
#6967 = ADVANCED_FACE ( 'NONE', ( #2571 ), #96, .T. ) ;
#6968 = CARTESIAN_POINT ( 'NONE',  ( 2.375000000000005773, 10.80000000000000071, 0.000000000000000000 ) ) ;
#6969 = DIRECTION ( 'NONE',  ( 1.000000000000000000, 0.000000000000000000, 2.679109615408197094E-16 ) ) ;
#6970 = EDGE_LOOP ( 'NONE', ( #1815, #123, #7579, #7172 ) ) ;
#6971 = CARTESIAN_POINT ( 'NONE',  ( 54.49999999999999289, 7.500000000000000000, -36.96378475451828649 ) ) ;
#6972 = LINE ( 'NONE', #5727, #76 ) ;
#6973 = DIRECTION ( 'NONE',  ( 0.5001519828512179799, 0.8323926831162092865, -0.2386847610229713423 ) ) ;
#6974 = CARTESIAN_POINT ( 'NONE',  ( 52.60939292339048734, 7.868454739437104273, 1.390607076609126302 ) ) ;
#6975 = VECTOR ( 'NONE', #6973, 1000.000000000000114 ) ;
#6976 = CARTESIAN_POINT ( 'NONE',  ( -53.44999999999999574, 10.80000000000000071, 9.549999999999611688 ) ) ;
#6977 = VECTOR ( 'NONE', #249, 1000.000000000000000 ) ;
#6978 = ORIENTED_EDGE ( 'NONE', *, *, #4037, .F. ) ;
#6979 = LINE ( 'NONE', #3034, #4016 ) ;
#6980 = VERTEX_POINT ( 'NONE', #5010 ) ;
#6981 = CARTESIAN_POINT ( 'NONE',  ( -1.190566005527353033, 8.566080860090385940, 0.000000000000000000 ) ) ;
#6982 = VECTOR ( 'NONE', #5465, 1000.000000000000114 ) ;
#6983 = ORIENTED_EDGE ( 'NONE', *, *, #8119, .T. ) ;
#6984 = ORIENTED_EDGE ( 'NONE', *, *, #3733, .T. ) ;
#6985 = CARTESIAN_POINT ( 'NONE',  ( 0.000000000000000000, 10.80000000000000071, 33.62500000000000000 ) ) ;
#6986 = CARTESIAN_POINT ( 'NONE',  ( -53.44999999999999574, 10.80000000000000071, -27.55000000000038796 ) ) ;
#6987 = CARTESIAN_POINT ( 'NONE',  ( 20.73571359999213115, 22.25864506693675438, 26.58211138907232751 ) ) ;
#6988 = VECTOR ( 'NONE', #1909, 1000.000000000000000 ) ;
#6989 = DIRECTION ( 'NONE',  ( 0.000000000000000000, 0.000000000000000000, 1.000000000000000000 ) ) ;
#6990 = PLANE ( 'NONE',  #7144 ) ;
#6991 = ORIENTED_EDGE ( 'NONE', *, *, #2758, .F. ) ;
#6992 = ORIENTED_EDGE ( 'NONE', *, *, #1910, .F. ) ;
#6993 = EDGE_CURVE ( 'NONE', #3439, #4858, #6879, .T. ) ;
#6994 = ORIENTED_EDGE ( 'NONE', *, *, #2487, .T. ) ;
#6995 = ADVANCED_FACE ( 'NONE', ( #8157 ), #755, .F. ) ;
#6996 = FACE_OUTER_BOUND ( 'NONE', #8147, .T. ) ;
#6997 = EDGE_CURVE ( 'NONE', #2010, #5966, #1890, .T. ) ;
#6998 = EDGE_LOOP ( 'NONE', ( #5554, #7783, #4687, #7815, #6139, #7740, #5049, #8166, #5038, #7717, #490, #5267, #3254, #6060, #413, #1470, #3877, #506, #4321, #1662, #1421, #1366, #933, #1766, #6843, #5819, #100, #6715, #7092, #3403, #2815, #5875 ) ) ;
#6999 = ORIENTED_EDGE ( 'NONE', *, *, #5030, .T. ) ;
#7000 = CARTESIAN_POINT ( 'NONE',  ( -54.49999999999997868, 10.80000000000000426, 36.49999999999959499 ) ) ;
#7001 = DIRECTION ( 'NONE',  ( -0.9612616959383174509, -0.2756373558170042704, 0.000000000000000000 ) ) ;
#7002 = PLANE ( 'NONE',  #3159 ) ;
#7003 = VECTOR ( 'NONE', #5933, 1000.000000000000114 ) ;
#7004 = DIRECTION ( 'NONE',  ( 0.000000000000000000, 0.000000000000000000, 1.000000000000000000 ) ) ;
#7005 = FACE_OUTER_BOUND ( 'NONE', #4156, .T. ) ;
#7006 = CARTESIAN_POINT ( 'NONE',  ( 51.62500000000000711, 10.53731005528969256, 8.374674870468716392 ) ) ;
#7007 = VERTEX_POINT ( 'NONE', #2499 ) ;
#7008 = ORIENTED_EDGE ( 'NONE', *, *, #73, .T. ) ;
#7009 = FACE_OUTER_BOUND ( 'NONE', #3326, .T. ) ;
#7010 = DIRECTION ( 'NONE',  ( 0.000000000000000000, 0.000000000000000000, -1.000000000000000000 ) ) ;
#7011 = DIRECTION ( 'NONE',  ( 0.7071067811865452413, 0.000000000000000000, 0.7071067811865497932 ) ) ;
#7012 = EDGE_CURVE ( 'NONE', #7893, #6771, #5672, .T. ) ;
#7013 = LINE ( 'NONE', #1917, #6728 ) ;
#7014 = CARTESIAN_POINT ( 'NONE',  ( 36.54999999999999716, 10.80000000000000071, 35.44999999999961204 ) ) ;
#7015 = VERTEX_POINT ( 'NONE', #717 ) ;
#7016 = DIRECTION ( 'NONE',  ( 0.5001519828512179799, 0.8323926831162092865, 0.2386847610229711203 ) ) ;
#7017 = ORIENTED_EDGE ( 'NONE', *, *, #5147, .F. ) ;
#7018 = CARTESIAN_POINT ( 'NONE',  ( -44.44999999999999574, 10.80000000000000071, -27.55000000000038796 ) ) ;
#7019 = SURFACE_STYLE_USAGE ( .BOTH. , #3426 ) ;
#7020 = ORIENTED_EDGE ( 'NONE', *, *, #254, .T. ) ;
#7021 = VERTEX_POINT ( 'NONE', #2540 ) ;
#7022 = CARTESIAN_POINT ( 'NONE',  ( 27.54999999999999005, 10.80000000000000071, 35.44999999999961204 ) ) ;
#7023 = LINE ( 'NONE', #3118, #2264 ) ;
#7024 = VECTOR ( 'NONE', #654, 1000.000000000000114 ) ;
#7025 = CARTESIAN_POINT ( 'NONE',  ( -35.44999999999999574, 10.80000000000000071, -27.55000000000038796 ) ) ;
#7026 = DIRECTION ( 'NONE',  ( 0.000000000000000000, 0.000000000000000000, 1.000000000000000000 ) ) ;
#7027 = DIRECTION ( 'NONE',  ( -0.000000000000000000, -0.000000000000000000, 1.000000000000000000 ) ) ;
#7028 = EDGE_CURVE ( 'NONE', #7566, #185, #3774, .T. ) ;
#7029 = ORIENTED_EDGE ( 'NONE', *, *, #3458, .F. ) ;
#7030 = EDGE_CURVE ( 'NONE', #196, #3368, #1998, .T. ) ;
#7031 = EDGE_LOOP ( 'NONE', ( #356, #982, #5058, #143 ) ) ;
#7032 = ORIENTED_EDGE ( 'NONE', *, *, #2866, .T. ) ;
#7033 = DIRECTION ( 'NONE',  ( -1.000000000000000000, -0.000000000000000000, -0.000000000000000000 ) ) ;
#7034 = ORIENTED_EDGE ( 'NONE', *, *, #4162, .F. ) ;
#7035 = ORIENTED_EDGE ( 'NONE', *, *, #1898, .F. ) ;
#7036 = ORIENTED_EDGE ( 'NONE', *, *, #5144, .T. ) ;
#7037 = EDGE_CURVE ( 'NONE', #5524, #1423, #7023, .T. ) ;
#7038 = LINE ( 'NONE', #3168, #4516 ) ;
#7039 = LINE ( 'NONE', #1433, #6410 ) ;
#7040 = EDGE_CURVE ( 'NONE', #3932, #7316, #640, .T. ) ;
#7041 = DIRECTION ( 'NONE',  ( 0.2386847610229715366, 0.8323926831162098416, -0.5001519828512170918 ) ) ;
#7042 = AXIS2_PLACEMENT_3D ( 'NONE', #711, #173, #5114 ) ;
#7043 = EDGE_CURVE ( 'NONE', #3801, #3293, #5051, .T. ) ;
#7044 = DIRECTION ( 'NONE',  ( -0.000000000000000000, -0.2756373558170042704, -0.9612616959383174509 ) ) ;
#7045 = CARTESIAN_POINT ( 'NONE',  ( -50.06738976402689190, -0.9965637948165171345, -32.06738976402728980 ) ) ;
#7046 = VECTOR ( 'NONE', #916, 1000.000000000000000 ) ;
#7047 = LINE ( 'NONE', #6427, #6589 ) ;
#7048 = EDGE_CURVE ( 'NONE', #5565, #1146, #7573, .T. ) ;
#7049 = ORIENTED_EDGE ( 'NONE', *, *, #350, .T. ) ;
#7050 = VERTEX_POINT ( 'NONE', #4432 ) ;
#7051 = CARTESIAN_POINT ( 'NONE',  ( -61.00000000000000000, 10.49999999999999822, -8.000000000000000000 ) ) ;
#7052 = LINE ( 'NONE', #1533, #6895 ) ;
#7053 = CARTESIAN_POINT ( 'NONE',  ( 24.62500000000000000, 10.80000000000000426, 33.62500000000000000 ) ) ;
#7054 = DIRECTION ( 'NONE',  ( 0.2756373558170042704, -0.9612616959383174509, 0.000000000000000000 ) ) ;
#7055 = ORIENTED_EDGE ( 'NONE', *, *, #316, .T. ) ;
#7056 = CARTESIAN_POINT ( 'NONE',  ( -40.07937528197223287, 29.75245638442227047, -13.11547058297211876 ) ) ;
#7057 = ORIENTED_EDGE ( 'NONE', *, *, #3700, .F. ) ;
#7058 = CARTESIAN_POINT ( 'NONE',  ( -8.449999999999999289, 10.80000000000000071, 18.54999999999960991 ) ) ;
#7059 = AXIS2_PLACEMENT_3D ( 'NONE', #7527, #82, #3069 ) ;
#7060 = CARTESIAN_POINT ( 'NONE',  ( 1.190566005527356142, 8.566080860090391269, 0.000000000000000000 ) ) ;
#7061 = VERTEX_POINT ( 'NONE', #5706 ) ;
#7062 = LINE ( 'NONE', #3923, #7937 ) ;
#7063 = LINE ( 'NONE', #923, #1684 ) ;
#7064 = DIRECTION ( 'NONE',  ( 0.4578768884082908830, -0.7620351108204154178, -0.4578768884082909940 ) ) ;
#7065 = CARTESIAN_POINT ( 'NONE',  ( 51.62500000000000711, 7.500000000000000000, 7.503740226995549101 ) ) ;
#7066 = CARTESIAN_POINT ( 'NONE',  ( -0.1196054969276687807, 12.30096400656410083, -18.11960549692805245 ) ) ;
#7067 = LINE ( 'NONE', #3888, #3486 ) ;
#7068 = EDGE_CURVE ( 'NONE', #6771, #4971, #7609, .T. ) ;
#7069 = ORIENTED_EDGE ( 'NONE', *, *, #811, .F. ) ;
#7070 = AXIS2_PLACEMENT_3D ( 'NONE', #3755, #623, #5651 ) ;
#7071 = ORIENTED_EDGE ( 'NONE', *, *, #6958, .T. ) ;
#7072 = ORIENTED_EDGE ( 'NONE', *, *, #1596, .F. ) ;
#7073 = DIRECTION ( 'NONE',  ( -1.000000000000000000, 0.000000000000000000, -0.000000000000000000 ) ) ;
#7074 = PLANE ( 'NONE',  #2867 ) ;
#7075 = DIRECTION ( 'NONE',  ( 1.000000000000000000, 3.018354541273066194E-16, -8.654992372942126676E-17 ) ) ;
#7076 = ORIENTED_EDGE ( 'NONE', *, *, #8023, .T. ) ;
#7078 = EDGE_CURVE ( 'NONE', #4902, #6289, #6364, .T. ) ;
#7077 = ORIENTED_EDGE ( 'NONE', *, *, #4037, .T. ) ;
#7079 = VERTEX_POINT ( 'NONE', #846 ) ;
#7080 = FACE_OUTER_BOUND ( 'NONE', #7804, .T. ) ;
#7081 = CARTESIAN_POINT ( 'NONE',  ( 0.000000000000000000, 10.80000000000000071, -33.62500000000000000 ) ) ;
#7082 = LINE ( 'NONE', #3946, #4215 ) ;
#7083 = EDGE_CURVE ( 'NONE', #2723, #1114, #220, .T. ) ;
#7084 = EDGE_CURVE ( 'NONE', #3216, #7330, #3972, .T. ) ;
#7085 = VECTOR ( 'NONE', #2379, 1000.000000000000000 ) ;
#7086 = DIRECTION ( 'NONE',  ( -0.5001519828512179799, 0.8323926831162092865, -0.2386847610229711203 ) ) ;
#7087 = AXIS2_PLACEMENT_3D ( 'NONE', #163, #1939, #2673 ) ;
#7088 = DIRECTION ( 'NONE',  ( 0.000000000000000000, 0.000000000000000000, -1.000000000000000000 ) ) ;
#7089 = EDGE_CURVE ( 'NONE', #974, #4570, #3430, .T. ) ;
#7090 = DIRECTION ( 'NONE',  ( -1.000000000000000000, 0.000000000000000000, 0.000000000000000000 ) ) ;
#7091 = ORIENTED_EDGE ( 'NONE', *, *, #7835, .T. ) ;
#7092 = ORIENTED_EDGE ( 'NONE', *, *, #3804, .T. ) ;
#7093 = EDGE_CURVE ( 'NONE', #8012, #1723, #5295, .T. ) ;
#7094 = DIRECTION ( 'NONE',  ( -1.000000000000000000, 0.000000000000000000, -0.000000000000000000 ) ) ;
#7095 = CARTESIAN_POINT ( 'NONE',  ( -3.482387728013483552E-16, 8.566080860089984483, -34.80943399447291142 ) ) ;
#7096 = EDGE_CURVE ( 'NONE', #7826, #1468, #4009, .T. ) ;
#7097 = DIRECTION ( 'NONE',  ( 0.000000000000000000, -0.2756373558170042704, 0.9612616959383174509 ) ) ;
#7098 = EDGE_CURVE ( 'NONE', #4533, #7117, #969, .T. ) ;
#7099 = VECTOR ( 'NONE', #836, 1000.000000000000000 ) ;
#7100 = DIRECTION ( 'NONE',  ( -0.7071067811865475727, 0.000000000000000000, 0.7071067811865475727 ) ) ;
#7101 = EDGE_LOOP ( 'NONE', ( #5398, #5342, #1257, #4187 ) ) ;
#7102 = CARTESIAN_POINT ( 'NONE',  ( -17.37467487046909653, 10.53731005528968367, -33.62500000000000000 ) ) ;
#7103 = EDGE_LOOP ( 'NONE', ( #501, #7350, #2798, #3639 ) ) ;
#7104 = PLANE ( 'NONE',  #4267 ) ;
#7105 = LINE ( 'NONE', #3968, #925 ) ;
#7106 = VERTEX_POINT ( 'NONE', #6571 ) ;
#7107 = CARTESIAN_POINT ( 'NONE',  ( 1.190566005527356364, 8.566080860090391269, -28.19056600552774938 ) ) ;
#7108 = PLANE ( 'NONE',  #4556 ) ;
#7109 = VECTOR ( 'NONE', #6378, 1000.000000000000227 ) ;
#7110 = CARTESIAN_POINT ( 'NONE',  ( 58.32322330470334037, 9.699999999999974420, -37.32322330470339011 ) ) ;
#7111 = VECTOR ( 'NONE', #3192, 1000.000000000000000 ) ;
#7112 = CARTESIAN_POINT ( 'NONE',  ( 0.000000000000000000, 7.500000000000000000, 34.50374022699554644 ) ) ;
#7113 = DIRECTION ( 'NONE',  ( -0.7071067811865474617, 0.000000000000000000, -0.7071067811865474617 ) ) ;
#7114 = DIRECTION ( 'NONE',  ( 0.9612616959383174509, -0.2756373558170042704, 0.000000000000000000 ) ) ;
#7115 = EDGE_LOOP ( 'NONE', ( #4111, #4146, #3505, #1814 ) ) ;
#7116 = VECTOR ( 'NONE', #2366, 1000.000000000000114 ) ;
#7117 = VERTEX_POINT ( 'NONE', #3391 ) ;
#7118 = ORIENTED_EDGE ( 'NONE', *, *, #5564, .F. ) ;
#7119 = VECTOR ( 'NONE', #6811, 1000.000000000000000 ) ;
#7121 = EDGE_CURVE ( 'NONE', #7826, #6438, #5336, .T. ) ;
#7120 = CARTESIAN_POINT ( 'NONE',  ( 0.000000000000000000, 7.500000000000000000, -7.503740226996326257 ) ) ;
#7122 = VECTOR ( 'NONE', #5261, 1000.000000000000000 ) ;
#7123 = PLANE ( 'NONE',  #2590 ) ;
#7124 = CARTESIAN_POINT ( 'NONE',  ( -71.94928943488123707, 10.80000000000000426, 33.62500000000000000 ) ) ;
#7125 = EDGE_CURVE ( 'NONE', #4622, #5556, #4545, .T. ) ;
#7126 = VECTOR ( 'NONE', #6865, 1000.000000000000114 ) ;
#7127 = ORIENTED_EDGE ( 'NONE', *, *, #7254, .F. ) ;
#7128 = EDGE_LOOP ( 'NONE', ( #5313, #2179, #4250, #5968 ) ) ;
#7129 = ORIENTED_EDGE ( 'NONE', *, *, #5682, .T. ) ;
#7130 = VECTOR ( 'NONE', #5204, 1000.000000000000000 ) ;
#7131 = DIRECTION ( 'NONE',  ( 0.000000000000000000, 0.000000000000000000, 1.000000000000000000 ) ) ;
#7132 = DIRECTION ( 'NONE',  ( -0.9612616959383174509, -0.2756373558170042704, 0.000000000000000000 ) ) ;
#7133 = DIRECTION ( 'NONE',  ( -0.000000000000000000, -0.2756373558170021609, -0.9612616959383181170 ) ) ;
#7134 = VECTOR ( 'NONE', #1927, 1000.000000000000114 ) ;
#7135 = ADVANCED_FACE ( 'NONE', ( #6444 ), #2650, .F. ) ;
#7136 = CARTESIAN_POINT ( 'NONE',  ( 0.000000000000000000, 7.500000000000000000, -28.49625977300445356 ) ) ;
#7137 = PLANE ( 'NONE',  #2141 ) ;
#7138 = FACE_OUTER_BOUND ( 'NONE', #6045, .T. ) ;
#7139 = LINE ( 'NONE', #6556, #2392 ) ;
#7140 = EDGE_LOOP ( 'NONE', ( #985, #1579, #6065, #1195 ) ) ;
#7141 = ORIENTED_EDGE ( 'NONE', *, *, #4401, .T. ) ;
#7142 = DIRECTION ( 'NONE',  ( -0.000000000000000000, 1.000000000000000000, -0.000000000000000000 ) ) ;
#7143 = VECTOR ( 'NONE', #5029, 1000.000000000000000 ) ;
#7144 = AXIS2_PLACEMENT_3D ( 'NONE', #5091, #6808, #3582 ) ;
#7145 = DIRECTION ( 'NONE',  ( -0.000000000000000000, 0.000000000000000000, 1.000000000000000000 ) ) ;
#7146 = LINE ( 'NONE', #295, #6977 ) ;
#7147 = FACE_OUTER_BOUND ( 'NONE', #4895, .T. ) ;
#7148 = ORIENTED_EDGE ( 'NONE', *, *, #1304, .F. ) ;
#7149 = LINE ( 'NONE', #7189, #336 ) ;
#7150 = EDGE_CURVE ( 'NONE', #5984, #4683, #1463, .T. ) ;
#7151 = PLANE ( 'NONE',  #2917 ) ;
#7152 = EDGE_CURVE ( 'NONE', #1269, #4858, #885, .T. ) ;
#7153 = ADVANCED_FACE ( 'NONE', ( #5909 ), #2818, .F. ) ;
#7154 = LINE ( 'NONE', #6400, #6861 ) ;
#7155 = ORIENTED_EDGE ( 'NONE', *, *, #8076, .T. ) ;
#7156 = VERTEX_POINT ( 'NONE', #1503 ) ;
#7157 = LINE ( 'NONE', #7022, #3124 ) ;
#7158 = DIRECTION ( 'NONE',  ( 0.000000000000000000, 0.000000000000000000, -1.000000000000000000 ) ) ;
#7159 = DIRECTION ( 'NONE',  ( 1.000000000000000000, 0.000000000000000000, 0.000000000000000000 ) ) ;
#7160 = LINE ( 'NONE', #1506, #49 ) ;
#7161 = LINE ( 'NONE', #1508, #6524 ) ;
#7162 = EDGE_CURVE ( 'NONE', #3080, #5150, #261, .T. ) ;
#7163 = ORIENTED_EDGE ( 'NONE', *, *, #7352, .T. ) ;
#7164 = VECTOR ( 'NONE', #451, 1000.000000000000114 ) ;
#7165 = VERTEX_POINT ( 'NONE', #2167 ) ;
#7166 = ORIENTED_EDGE ( 'NONE', *, *, #1976, .F. ) ;
#7167 = PLANE ( 'NONE',  #4742 ) ;
#7168 = CARTESIAN_POINT ( 'NONE',  ( 0.000000000000000000, 10.80000000000000071, -33.62500000000000000 ) ) ;
#7169 = DIRECTION ( 'NONE',  ( -0.1378445374916336952, 0.9808148484639876985, 0.1378445374916336952 ) ) ;
#7170 = ORIENTED_EDGE ( 'NONE', *, *, #2409, .T. ) ;
#7171 = VECTOR ( 'NONE', #7215, 1000.000000000000227 ) ;
#7172 = ORIENTED_EDGE ( 'NONE', *, *, #3423, .F. ) ;
#7173 = CARTESIAN_POINT ( 'NONE',  ( -62.00000000000000000, -11.50000000000000000, 41.00000000000000000 ) ) ;
#7174 = CARTESIAN_POINT ( 'NONE',  ( 2.375000000000005773, 7.500000000000000000, 10.49625977300367907 ) ) ;
#7175 = ORIENTED_EDGE ( 'NONE', *, *, #1156, .F. ) ;
#7176 = ORIENTED_EDGE ( 'NONE', *, *, #6858, .T. ) ;
#7177 = CARTESIAN_POINT ( 'NONE',  ( 52.50374022699593013, 7.500000000000000000, 0.000000000000000000 ) ) ;
#7178 = DIRECTION ( 'NONE',  ( -0.000000000000000000, 0.000000000000000000, 1.000000000000000000 ) ) ;
#7179 = DIRECTION ( 'NONE',  ( 1.000000000000000000, -3.018354541273066194E-16, 8.654992372942126676E-17 ) ) ;
#7180 = ORIENTED_EDGE ( 'NONE', *, *, #7415, .T. ) ;
#7181 = ORIENTED_EDGE ( 'NONE', *, *, #2993, .T. ) ;
#7182 = FACE_OUTER_BOUND ( 'NONE', #6600, .T. ) ;
#7183 = AXIS2_PLACEMENT_3D ( 'NONE', #1690, #448, #8002 ) ;
#7184 = DIRECTION ( 'NONE',  ( -0.000000000000000000, -0.000000000000000000, 1.000000000000000000 ) ) ;
#7185 = DIRECTION ( 'NONE',  ( 0.000000000000000000, -0.2756373558170023830, 0.9612616959383180060 ) ) ;
#7186 = LINE ( 'NONE', #547, #7765 ) ;
#7187 = VECTOR ( 'NONE', #7638, 1000.000000000000227 ) ;
#7188 = VERTEX_POINT ( 'NONE', #4668 ) ;
#7189 = CARTESIAN_POINT ( 'NONE',  ( 51.62500000000000711, 7.500000000000000000, 28.49625977300367907 ) ) ;
#7190 = CARTESIAN_POINT ( 'NONE',  ( 61.43449314192414334, 7.500000000000000000, 33.36342533005872468 ) ) ;
#7191 = CARTESIAN_POINT ( 'NONE',  ( -32.06738976402689190, -0.9965637948165171345, -32.06738976402728980 ) ) ;
#7192 = VERTEX_POINT ( 'NONE', #1546 ) ;
#7193 = LINE ( 'NONE', #843, #1211 ) ;
#7194 = LINE ( 'NONE', #884, #8010 ) ;
#7195 = LINE ( 'NONE', #4050, #5662 ) ;
#7196 = CARTESIAN_POINT ( 'NONE',  ( 51.62500000000000000, 10.80000000000000426, -33.62500000000000000 ) ) ;
#7197 = LINE ( 'NONE', #6126, #4654 ) ;
#7198 = EDGE_CURVE ( 'NONE', #317, #572, #7195, .T. ) ;
#7199 = LINE ( 'NONE', #3394, #5603 ) ;
#7200 = ORIENTED_EDGE ( 'NONE', *, *, #5125, .F. ) ;
#7201 = EDGE_CURVE ( 'NONE', #8077, #6771, #2204, .T. ) ;
#7202 = EDGE_LOOP ( 'NONE', ( #2765, #481, #6298, #2537 ) ) ;
#7203 = ORIENTED_EDGE ( 'NONE', *, *, #2315, .F. ) ;
#7204 = DIRECTION ( 'NONE',  ( 0.000000000000000000, 0.000000000000000000, 1.000000000000000000 ) ) ;
#7205 = DIRECTION ( 'NONE',  ( -0.000000000000000000, -1.000000000000000000, -0.000000000000000000 ) ) ;
#7206 = DIRECTION ( 'NONE',  ( 1.000000000000000000, 0.000000000000000000, 0.000000000000000000 ) ) ;
#7207 = VERTEX_POINT ( 'NONE', #5166 ) ;
#7208 = VERTEX_POINT ( 'NONE', #4096 ) ;
#7209 = CARTESIAN_POINT ( 'NONE',  ( 2.375000000000005773, 10.53731005528968545, 26.37467487046870929 ) ) ;
#7210 = ORIENTED_EDGE ( 'NONE', *, *, #5576, .F. ) ;
#7211 = ORIENTED_EDGE ( 'NONE', *, *, #693, .T. ) ;
#7212 = VECTOR ( 'NONE', #5220, 1000.000000000000000 ) ;
#7213 = EDGE_CURVE ( 'NONE', #2225, #4408, #7688, .T. ) ;
#7214 = CARTESIAN_POINT ( 'NONE',  ( 60.02027957955105109, 9.499999999999980460, -31.94921176768561466 ) ) ;
#7215 = DIRECTION ( 'NONE',  ( 0.2657276780299911434, -0.9267025424900801056, 0.2657276780299911434 ) ) ;
#7216 = CARTESIAN_POINT ( 'NONE',  ( -9.549999999999995381, 10.80000000000000071, -27.55000000000038796 ) ) ;
#7217 = VERTEX_POINT ( 'NONE', #1416 ) ;
#7218 = EDGE_LOOP ( 'NONE', ( #5882, #6845, #2274, #3063 ) ) ;
#7219 = CARTESIAN_POINT ( 'NONE',  ( -62.00000000000000000, 7.500000000000000000, 41.00000000000000000 ) ) ;
#7220 = FACE_OUTER_BOUND ( 'NONE', #1775, .T. ) ;
#7221 = ADVANCED_FACE ( 'NONE', ( #2297 ), #6700, .F. ) ;
#7222 = CARTESIAN_POINT ( 'NONE',  ( -53.44999999999999574, 10.80000000000000071, 26.44999999999961204 ) ) ;
#7223 = ADVANCED_FACE ( 'NONE', ( #6786 ), #4925, .F. ) ;
#7224 = DIRECTION ( 'NONE',  ( -0.000000000000000000, -0.000000000000000000, 1.000000000000000000 ) ) ;
#7225 = ADVANCED_FACE ( 'NONE', ( #4885 ), #7322, .F. ) ;
#7226 = ORIENTED_EDGE ( 'NONE', *, *, #864, .F. ) ;
#7227 = LINE ( 'NONE', #7940, #6269 ) ;
#7228 = LINE ( 'NONE', #4702, #3704 ) ;
#7229 = CARTESIAN_POINT ( 'NONE',  ( 45.54999999999999005, 10.80000000000000071, -0.5500000000003835154 ) ) ;
#7230 = VECTOR ( 'NONE', #709, 1000.000000000000114 ) ;
#7231 = EDGE_LOOP ( 'NONE', ( #6054, #4269, #6656, #5217 ) ) ;
#7232 = CARTESIAN_POINT ( 'NONE',  ( 54.99999999999997868, -11.50000000000000000, 41.00000000000000711 ) ) ;
#7233 = CARTESIAN_POINT ( 'NONE',  ( -45.54999999999999005, 10.80000000000000071, -27.55000000000038796 ) ) ;
#7234 = CARTESIAN_POINT ( 'NONE',  ( -51.62500000000000000, 7.500000000000000000, 10.49625977300367907 ) ) ;
#7235 = EDGE_CURVE ( 'NONE', #1981, #6607, #2987, .T. ) ;
#7236 = FACE_OUTER_BOUND ( 'NONE', #530, .T. ) ;
#7237 = CARTESIAN_POINT ( 'NONE',  ( 0.5499999999999949374, 10.80000000000000071, -35.45000000000039364 ) ) ;
#7238 = PLANE ( 'NONE',  #5343 ) ;
#7239 = ORIENTED_EDGE ( 'NONE', *, *, #5443, .F. ) ;
#7240 = ORIENTED_EDGE ( 'NONE', *, *, #2053, .F. ) ;
#7241 = ORIENTED_EDGE ( 'NONE', *, *, #7162, .F. ) ;
#7242 = ORIENTED_EDGE ( 'NONE', *, *, #3979, .F. ) ;
#7243 = LINE ( 'NONE', #815, #4609 ) ;
#7244 = DIRECTION ( 'NONE',  ( 0.000000000000000000, 0.000000000000000000, 1.000000000000000000 ) ) ;
#7245 = LINE ( 'NONE', #4021, #1793 ) ;
#7246 = AXIS2_PLACEMENT_3D ( 'NONE', #1251, #9, #4383 ) ;
#7247 = ORIENTED_EDGE ( 'NONE', *, *, #901, .T. ) ;
#7248 = VECTOR ( 'NONE', #834, 1000.000000000000114 ) ;
#7249 = ORIENTED_EDGE ( 'NONE', *, *, #2004, .F. ) ;
#7250 = DIRECTION ( 'NONE',  ( -0.2657276780299913099, 0.9267025424900799946, 0.2657276780299913099 ) ) ;
#7251 = EDGE_CURVE ( 'NONE', #6302, #7372, #513, .T. ) ;
#7252 = VECTOR ( 'NONE', #625, 1000.000000000000114 ) ;
#7253 = VECTOR ( 'NONE', #8041, 1000.000000000000114 ) ;
#7254 = EDGE_CURVE ( 'NONE', #7497, #5725, #7447, .T. ) ;
#7255 = EDGE_CURVE ( 'NONE', #2641, #317, #7281, .T. ) ;
#7256 = ORIENTED_EDGE ( 'NONE', *, *, #5318, .F. ) ;
#7257 = ORIENTED_EDGE ( 'NONE', *, *, #641, .T. ) ;
#7258 = VECTOR ( 'NONE', #6278, 1000.000000000000000 ) ;
#7259 = ORIENTED_EDGE ( 'NONE', *, *, #8071, .F. ) ;
#7260 = VECTOR ( 'NONE', #2031, 1000.000000000000000 ) ;
#7261 = DIRECTION ( 'NONE',  ( -0.4578768884082908830, -0.7620351108204154178, -0.4578768884082909940 ) ) ;
#7262 = EDGE_CURVE ( 'NONE', #752, #5236, #7411, .T. ) ;
#7263 = PLANE ( 'NONE',  #3995 ) ;
#7264 = AXIS2_PLACEMENT_3D ( 'NONE', #2858, #5504, #3602 ) ;
#7265 = CARTESIAN_POINT ( 'NONE',  ( 0.000000000000000000, 7.500000000000000000, 28.49625977300367907 ) ) ;
#7266 = VECTOR ( 'NONE', #134, 1000.000000000000000 ) ;
#7267 = ORIENTED_EDGE ( 'NONE', *, *, #1159, .F. ) ;
#7268 = EDGE_LOOP ( 'NONE', ( #2507, #1358, #7396, #2476 ) ) ;
#7269 = DIRECTION ( 'NONE',  ( -1.000000000000000000, -0.000000000000000000, -0.000000000000000000 ) ) ;
#7270 = LINE ( 'NONE', #4409, #2930 ) ;
#7271 = DIRECTION ( 'NONE',  ( -0.000000000000000000, -0.2756373558170021609, -0.9612616959383181170 ) ) ;
#7272 = AXIS2_PLACEMENT_3D ( 'NONE', #4627, #1501, #6531 ) ;
#7273 = DIRECTION ( 'NONE',  ( -0.000000000000000000, 1.000000000000000000, 0.000000000000000000 ) ) ;
#7274 = ORIENTED_EDGE ( 'NONE', *, *, #5576, .T. ) ;
#7275 = DIRECTION ( 'NONE',  ( -0.000000000000000000, 0.9612616959383174509, 0.2756373558170042704 ) ) ;
#7276 = CARTESIAN_POINT ( 'NONE',  ( 62.00000000000000000, 7.500000000000000000, 41.00000000000000000 ) ) ;
#7277 = CARTESIAN_POINT ( 'NONE',  ( 61.85875721063607102, 9.899999999999975486, -33.78768939877064525 ) ) ;
#7278 = VERTEX_POINT ( 'NONE', #1051 ) ;
#7279 = CARTESIAN_POINT ( 'NONE',  ( 2.375000000000005773, 10.80000000000000426, 17.44999999999961560 ) ) ;
#7280 = CARTESIAN_POINT ( 'NONE',  ( 36.54999999999999716, 10.80000000000000071, -27.55000000000038796 ) ) ;
#7281 = LINE ( 'NONE', #1679, #3284 ) ;
#7282 = CARTESIAN_POINT ( 'NONE',  ( 0.000000000000000000, 10.80000000000000071, 33.62500000000000000 ) ) ;
#7283 = DIRECTION ( 'NONE',  ( -1.000000000000000000, 0.000000000000000000, 0.000000000000000000 ) ) ;
#7284 = VECTOR ( 'NONE', #3535, 1000.000000000000000 ) ;
#7285 = CARTESIAN_POINT ( 'NONE',  ( 52.80943399447264142, 8.566080860090416138, 0.000000000000000000 ) ) ;
#7286 = VERTEX_POINT ( 'NONE', #1797 ) ;
#7287 = ORIENTED_EDGE ( 'NONE', *, *, #38, .F. ) ;
#7288 = VERTEX_POINT ( 'NONE', #4264 ) ;
#7289 = ORIENTED_EDGE ( 'NONE', *, *, #3334, .T. ) ;
#7290 = DIRECTION ( 'NONE',  ( 1.000000000000000000, 0.000000000000000000, 0.000000000000000000 ) ) ;
#7291 = DIRECTION ( 'NONE',  ( -0.5001519828512182020, -0.8323926831162096196, -0.2386847610229696770 ) ) ;
#7292 = ADVANCED_BREP_SHAPE_REPRESENTATION ( '2 Segment Subtap', ( #7799, #2120 ), #5676 ) ;
#7293 = LINE ( 'NONE', #1066, #2565 ) ;
#7294 = ADVANCED_FACE ( 'NONE', ( #5377 ), #6826, .F. ) ;
#7295 = AXIS2_PLACEMENT_3D ( 'NONE', #6111, #375, #3418 ) ;
#7296 = ORIENTED_EDGE ( 'NONE', *, *, #4833, .T. ) ;
#7297 = ADVANCED_FACE ( 'NONE', ( #3514 ), #2948, .F. ) ;
#7298 = ORIENTED_EDGE ( 'NONE', *, *, #7864, .F. ) ;
#7299 = CARTESIAN_POINT ( 'NONE',  ( 14.06738976402696117, -0.9965637948163279525, 32.06738976402657215 ) ) ;
#7300 = AXIS2_PLACEMENT_3D ( 'NONE', #6266, #6925, #6304 ) ;
#7301 = ORIENTED_EDGE ( 'NONE', *, *, #7751, .F. ) ;
#7302 = VERTEX_POINT ( 'NONE', #2247 ) ;
#7303 = ORIENTED_EDGE ( 'NONE', *, *, #4773, .F. ) ;
#7304 = VECTOR ( 'NONE', #6036, 1000.000000000000000 ) ;
#7305 = VERTEX_POINT ( 'NONE', #6162 ) ;
#7306 = DIRECTION ( 'NONE',  ( 0.000000000000000000, 0.000000000000000000, -1.000000000000000000 ) ) ;
#7307 = EDGE_CURVE ( 'NONE', #7394, #3932, #2335, .T. ) ;
#7308 = LINE ( 'NONE', #3585, #2551 ) ;
#7309 = CARTESIAN_POINT ( 'NONE',  ( -2.375000000000005773, 10.80000000000000426, 0.5499999999996132427 ) ) ;
#7310 = EDGE_LOOP ( 'NONE', ( #5665, #4723, #6585, #3746 ) ) ;
#7311 = VERTEX_POINT ( 'NONE', #4139 ) ;
#7312 = CARTESIAN_POINT ( 'NONE',  ( 9.625325129530907020, 10.53731005528968723, -33.62500000000000000 ) ) ;
#7313 = DIRECTION ( 'NONE',  ( 0.000000000000000000, -1.000000000000000000, 0.000000000000000000 ) ) ;
#7314 = FACE_OUTER_BOUND ( 'NONE', #2231, .T. ) ;
#7315 = CARTESIAN_POINT ( 'NONE',  ( -51.62500000000000000, 10.80000000000000426, 33.62500000000000000 ) ) ;
#7316 = VERTEX_POINT ( 'NONE', #5468 ) ;
#7317 = CARTESIAN_POINT ( 'NONE',  ( 1.496259773004070315, 7.500000000000000000, 0.000000000000000000 ) ) ;
#7318 = LINE ( 'NONE', #6609, #2260 ) ;
#7319 = DIRECTION ( 'NONE',  ( -0.000000000000000000, 0.000000000000000000, 1.000000000000000000 ) ) ;
#7320 = CARTESIAN_POINT ( 'NONE',  ( -2.375000000000005773, 10.80000000000000071, 0.000000000000000000 ) ) ;
#7321 = CARTESIAN_POINT ( 'NONE',  ( 8.449999999999999289, 10.80000000000000426, -33.62500000000000000 ) ) ;
#7322 = PLANE ( 'NONE',  #398 ) ;
#7323 = VECTOR ( 'NONE', #8013, 1000.000000000000114 ) ;
#7324 = CARTESIAN_POINT ( 'NONE',  ( 0.5500000000000088152, 7.500000000000007105, -35.45000000000000284 ) ) ;
#7325 = FACE_OUTER_BOUND ( 'NONE', #690, .T. ) ;
#7326 = FACE_OUTER_BOUND ( 'NONE', #6538, .T. ) ;
#7327 = EDGE_LOOP ( 'NONE', ( #4571, #6332, #5345, #3308 ) ) ;
#7328 = VECTOR ( 'NONE', #1377, 1000.000000000000114 ) ;
#7329 = ORIENTED_EDGE ( 'NONE', *, *, #6144, .F. ) ;
#7330 = VERTEX_POINT ( 'NONE', #6660 ) ;
#7331 = ORIENTED_EDGE ( 'NONE', *, *, #6250, .T. ) ;
#7332 = DIRECTION ( 'NONE',  ( -0.9612616959383174509, -0.2756373558170042704, 0.000000000000000000 ) ) ;
#7333 = CARTESIAN_POINT ( 'NONE',  ( 58.32322330470334037, 9.699999999999974420, 37.32322330470339011 ) ) ;
#7334 = FACE_OUTER_BOUND ( 'NONE', #5017, .T. ) ;
#7335 = EDGE_CURVE ( 'NONE', #3801, #6006, #1012, .T. ) ;
#7336 = EDGE_CURVE ( 'NONE', #8007, #8079, #2904, .T. ) ;
#7337 = ORIENTED_EDGE ( 'NONE', *, *, #2082, .F. ) ;
#7338 = EDGE_CURVE ( 'NONE', #4853, #2845, #7988, .T. ) ;
#7339 = ORIENTED_EDGE ( 'NONE', *, *, #5443, .T. ) ;
#7340 = LINE ( 'NONE', #4112, #3605 ) ;
#7341 = ORIENTED_EDGE ( 'NONE', *, *, #4229, .F. ) ;
#7342 = ORIENTED_EDGE ( 'NONE', *, *, #1144, .F. ) ;
#7343 = VECTOR ( 'NONE', #7732, 1000.000000000000000 ) ;
#7344 = ORIENTED_EDGE ( 'NONE', *, *, #5578, .T. ) ;
#7345 = LINE ( 'NONE', #1078, #7323 ) ;
#7346 = CARTESIAN_POINT ( 'NONE',  ( -51.33839134370868607, 3.435945472310297788, -15.33839134370907686 ) ) ;
#7347 = CARTESIAN_POINT ( 'NONE',  ( 2.375000000000005773, 10.80000000000000426, 8.449999999999617373 ) ) ;
#7348 = EDGE_CURVE ( 'NONE', #1765, #2311, #1094, .T. ) ;
#7349 = VECTOR ( 'NONE', #7707, 1000.000000000000000 ) ;
#7350 = ORIENTED_EDGE ( 'NONE', *, *, #741, .T. ) ;
#7351 = VERTEX_POINT ( 'NONE', #2378 ) ;
#7352 = EDGE_CURVE ( 'NONE', #272, #7812, #7013, .T. ) ;
#7353 = FACE_OUTER_BOUND ( 'NONE', #7716, .T. ) ;
#7354 = DIRECTION ( 'NONE',  ( 0.000000000000000000, 0.000000000000000000, 1.000000000000000000 ) ) ;
#7355 = CARTESIAN_POINT ( 'NONE',  ( -2.375000000000005773, 10.80000000000000071, 0.000000000000000000 ) ) ;
#7356 = CARTESIAN_POINT ( 'NONE',  ( 25.50374022699593368, 7.500000000000000000, 0.000000000000000000 ) ) ;
#7357 = ORIENTED_EDGE ( 'NONE', *, *, #1826, .T. ) ;
#7358 = CARTESIAN_POINT ( 'NONE',  ( -37.19056600552746517, 8.566080860089993365, -34.80943399447291142 ) ) ;
#7359 = LINE ( 'NONE', #5986, #3955 ) ;
#7360 = EDGE_CURVE ( 'NONE', #5524, #278, #5585, .T. ) ;
#7361 = ADVANCED_FACE ( 'NONE', ( #3729 ), #8108, .F. ) ;
#7362 = EDGE_CURVE ( 'NONE', #6980, #5923, #1946, .T. ) ;
#7363 = CARTESIAN_POINT ( 'NONE',  ( 0.000000000000000000, 7.500000000000000000, -28.49625977300445356 ) ) ;
#7364 = CARTESIAN_POINT ( 'NONE',  ( 0.5499999999999949374, 10.80000000000000071, 8.449999999999617373 ) ) ;
#7365 = LINE ( 'NONE', #5992, #8133 ) ;
#7366 = DIRECTION ( 'NONE',  ( 0.2657276780299894225, 0.9267025424900811048, 0.2657276780299894225 ) ) ;
#7367 = DIRECTION ( 'NONE',  ( 0.000000000000000000, 0.000000000000000000, -1.000000000000000000 ) ) ;
#7368 = CARTESIAN_POINT ( 'NONE',  ( 2.375000000000005773, 10.80000000000000426, 33.62500000000000000 ) ) ;
#7369 = AXIS2_PLACEMENT_3D ( 'NONE', #306, #1505, #3312 ) ;
#7370 = FACE_OUTER_BOUND ( 'NONE', #903, .T. ) ;
#7371 = ORIENTED_EDGE ( 'NONE', *, *, #1540, .F. ) ;
#7372 = VERTEX_POINT ( 'NONE', #3108 ) ;
#7373 = ORIENTED_EDGE ( 'NONE', *, *, #4041, .T. ) ;
#7374 = VERTEX_POINT ( 'NONE', #4384 ) ;
#7375 = CARTESIAN_POINT ( 'NONE',  ( 57.89895923599141980, 7.500000000000000000, 36.89895923599146954 ) ) ;
#7376 = CARTESIAN_POINT ( 'NONE',  ( 0.5499999999999949374, 10.80000000000000071, 17.44999999999961560 ) ) ;
#7377 = DIRECTION ( 'NONE',  ( 0.2657276780299913099, 0.9267025424900799946, 0.2657276780299913099 ) ) ;
#7378 = AXIS2_PLACEMENT_3D ( 'NONE', #4698, #2771, #4794 ) ;
#7379 = ORIENTED_EDGE ( 'NONE', *, *, #7902, .F. ) ;
#7380 = ORIENTED_EDGE ( 'NONE', *, *, #4674, .T. ) ;
#7381 = PLANE ( 'NONE',  #7680 ) ;
#7382 = ADVANCED_FACE ( 'NONE', ( #2529 ), #6906, .F. ) ;
#7383 = VERTEX_POINT ( 'NONE', #10 ) ;
#7384 = EDGE_LOOP ( 'NONE', ( #6900, #2086, #7966, #2189, #598, #7791 ) ) ;
#7385 = EDGE_CURVE ( 'NONE', #5399, #897, #7596, .T. ) ;
#7386 = VECTOR ( 'NONE', #8107, 1000.000000000000000 ) ;
#7387 = VECTOR ( 'NONE', #5529, 1000.000000000000000 ) ;
#7388 = VECTOR ( 'NONE', #4996, 1000.000000000000000 ) ;
#7389 = ORIENTED_EDGE ( 'NONE', *, *, #4196, .F. ) ;
#7390 = CARTESIAN_POINT ( 'NONE',  ( -18.54999999999999716, 10.80000000000000071, 35.44999999999961204 ) ) ;
#7391 = CARTESIAN_POINT ( 'NONE',  ( 50.06738976402694874, -0.9965637948163279525, 32.06738976402657215 ) ) ;
#7392 = EDGE_CURVE ( 'NONE', #185, #576, #7529, .T. ) ;
#7393 = DIRECTION ( 'NONE',  ( 0.000000000000000000, 0.000000000000000000, -1.000000000000000000 ) ) ;
#7394 = VERTEX_POINT ( 'NONE', #5042 ) ;
#7396 = ORIENTED_EDGE ( 'NONE', *, *, #5757, .T. ) ;
#7395 = DIRECTION ( 'NONE',  ( -0.000000000000000000, -0.000000000000000000, -1.000000000000000000 ) ) ;
#7397 = DIRECTION ( 'NONE',  ( 0.4999999999999902855, -0.7071067811865670016, 0.4999999999999821254 ) ) ;
#7398 = VECTOR ( 'NONE', #7975, 1000.000000000000000 ) ;
#7399 = DIRECTION ( 'NONE',  ( -0.000000000000000000, -0.000000000000000000, 1.000000000000000000 ) ) ;
#7400 = AXIS2_PLACEMENT_3D ( 'NONE', #7120, #4553, #5303 ) ;
#7401 = CARTESIAN_POINT ( 'NONE',  ( -26.45000000000000284, 10.80000000000000071, -35.45000000000039364 ) ) ;
#7402 = FACE_OUTER_BOUND ( 'NONE', #1934, .T. ) ;
#7403 = EDGE_CURVE ( 'NONE', #2851, #7845, #4454, .T. ) ;
#7404 = ORIENTED_EDGE ( 'NONE', *, *, #3248, .T. ) ;
#7405 = LINE ( 'NONE', #4258, #205 ) ;
#7406 = EDGE_CURVE ( 'NONE', #5556, #7741, #5079, .T. ) ;
#7407 = DIRECTION ( 'NONE',  ( -1.000000000000000000, -0.000000000000000000, -0.000000000000000000 ) ) ;
#7408 = CARTESIAN_POINT ( 'NONE',  ( -27.62532512953089636, 10.53731005528967835, 33.62500000000000000 ) ) ;
#7409 = CARTESIAN_POINT ( 'NONE',  ( 0.5499999999999949374, 10.80000000000000071, -0.5500000000003835154 ) ) ;
#7410 = DIRECTION ( 'NONE',  ( 0.7071067811865474617, 0.000000000000000000, -0.7071067811865474617 ) ) ;
#7411 = LINE ( 'NONE', #1761, #5129 ) ;
#7412 = LINE ( 'NONE', #4306, #3530 ) ;
#7413 = CARTESIAN_POINT ( 'NONE',  ( -18.54999999999999716, 10.80000000000000426, -33.62500000000000000 ) ) ;
#7414 = LINE ( 'NONE', #2990, #5480 ) ;
#7415 = EDGE_CURVE ( 'NONE', #576, #4822, #559, .T. ) ;
#7416 = ORIENTED_EDGE ( 'NONE', *, *, #4068, .T. ) ;
#7417 = EDGE_CURVE ( 'NONE', #5960, #870, #3762, .T. ) ;
#7418 = ADVANCED_FACE ( 'NONE', ( #630 ), #6868, .F. ) ;
#7419 = VERTEX_POINT ( 'NONE', #3145 ) ;
#7420 = ORIENTED_EDGE ( 'NONE', *, *, #6110, .F. ) ;
#7421 = VERTEX_POINT ( 'NONE', #7631 ) ;
#7422 = LINE ( 'NONE', #1769, #4082 ) ;
#7423 = CARTESIAN_POINT ( 'NONE',  ( -1.190566005527356808, 8.566080860090398374, -28.19056600552774583 ) ) ;
#7424 = VECTOR ( 'NONE', #2226, 1000.000000000000114 ) ;
#7425 = CARTESIAN_POINT ( 'NONE',  ( 0.4124163967275038534, 7.271022431965715960, -25.43808196592020110 ) ) ;
#7426 = ADVANCED_FACE ( 'NONE', ( #6316 ), #5659, .F. ) ;
#7427 = ORIENTED_EDGE ( 'NONE', *, *, #2578, .F. ) ;
#7428 = ORIENTED_EDGE ( 'NONE', *, *, #5145, .F. ) ;
#7429 = ORIENTED_EDGE ( 'NONE', *, *, #296, .F. ) ;
#7430 = ORIENTED_EDGE ( 'NONE', *, *, #453, .F. ) ;
#7431 = LINE ( 'NONE', #5743, #6800 ) ;
#7432 = CARTESIAN_POINT ( 'NONE',  ( -54.49999999999997868, 10.80000000000000426, -36.50000000000038369 ) ) ;
#7433 = DIRECTION ( 'NONE',  ( 0.000000000000000000, -0.9612616959383180060, 0.2756373558170023830 ) ) ;
#7435 = EDGE_LOOP ( 'NONE', ( #7329, #5270, #2614, #1853 ) ) ;
#7434 = LINE ( 'NONE', #5608, #6058 ) ;
#7436 = VECTOR ( 'NONE', #6418, 1000.000000000000000 ) ;
#7437 = CARTESIAN_POINT ( 'NONE',  ( -1.496259773004070315, 7.500000000000000000, 0.000000000000000000 ) ) ;
#7438 = CARTESIAN_POINT ( 'NONE',  ( -3.482387728013434741E-16, 8.566080860089968496, -34.80943399447290432 ) ) ;
#7439 = DIRECTION ( 'NONE',  ( 0.000000000000000000, -0.2756373558170042704, 0.9612616959383174509 ) ) ;
#7440 = CARTESIAN_POINT ( 'NONE',  ( -2.026107866450350237, 5.652200105873887992, 6.973892133549262518 ) ) ;
#7441 = ORIENTED_EDGE ( 'NONE', *, *, #2004, .T. ) ;
#7442 = PLANE ( 'NONE',  #2859 ) ;
#7443 = CARTESIAN_POINT ( 'NONE',  ( 0.5499999999999949374, 10.80000000000000071, -27.55000000000038796 ) ) ;
#7444 = FACE_OUTER_BOUND ( 'NONE', #246, .T. ) ;
#7445 = DIRECTION ( 'NONE',  ( 0.000000000000000000, 0.8571673007021120005, 0.5150380749100545996 ) ) ;
#7446 = LINE ( 'NONE', #1289, #257 ) ;
#7447 = LINE ( 'NONE', #346, #2503 ) ;
#7448 = LINE ( 'NONE', #6164, #4981 ) ;
#7449 = EDGE_CURVE ( 'NONE', #7977, #2343, #4419, .T. ) ;
#7450 = LINE ( 'NONE', #5551, #2754 ) ;
#7451 = DIRECTION ( 'NONE',  ( -0.2657276780299911434, 0.9267025424900801056, 0.2657276780299911434 ) ) ;
#7452 = VERTEX_POINT ( 'NONE', #2560 ) ;
#7453 = EDGE_LOOP ( 'NONE', ( #4821, #5207, #1553, #3198 ) ) ;
#7454 = VECTOR ( 'NONE', #5082, 1000.000000000000114 ) ;
#7455 = VERTEX_POINT ( 'NONE', #3835 ) ;
#7456 = ORIENTED_EDGE ( 'NONE', *, *, #2903, .T. ) ;
#7457 = DIRECTION ( 'NONE',  ( 0.5001519828512179799, -0.8323926831162092865, -0.2386847610229713423 ) ) ;
#7458 = EDGE_CURVE ( 'NONE', #6539, #1460, #6352, .T. ) ;
#7459 = DIRECTION ( 'NONE',  ( -0.5150380749100545996, 0.8571673007021120005, 0.000000000000000000 ) ) ;
#7460 = VECTOR ( 'NONE', #4721, 1000.000000000000114 ) ;
#7461 = DIRECTION ( 'NONE',  ( 1.000000000000000000, 0.000000000000000000, 0.000000000000000000 ) ) ;
#7462 = VECTOR ( 'NONE', #4003, 1000.000000000000000 ) ;
#7463 = EDGE_CURVE ( 'NONE', #4015, #1966, #84, .T. ) ;
#7464 = VERTEX_POINT ( 'NONE', #786 ) ;
#7465 = ORIENTED_EDGE ( 'NONE', *, *, #381, .T. ) ;
#7466 = ADVANCED_FACE ( 'NONE', ( #7675 ), #2026, .F. ) ;
#7467 = ORIENTED_EDGE ( 'NONE', *, *, #4887, .T. ) ;
#7468 = ORIENTED_EDGE ( 'NONE', *, *, #1507, .T. ) ;
#7469 = DIRECTION ( 'NONE',  ( -0.2657276780299913099, 0.9267025424900799946, 0.2657276780299913099 ) ) ;
#7470 = LINE ( 'NONE', #2584, #2017 ) ;
#7471 = CARTESIAN_POINT ( 'NONE',  ( 0.5500000000000088152, 7.500000000000007105, -35.45000000000000284 ) ) ;
#7472 = AXIS2_PLACEMENT_3D ( 'NONE', #5694, #7010, #4491 ) ;
#7474 = ORIENTED_EDGE ( 'NONE', *, *, #2739, .T. ) ;
#7473 = PLANE ( 'NONE',  #396 ) ;
#7475 = LINE ( 'NONE', #2579, #5096 ) ;
#7476 = LINE ( 'NONE', #1868, #7143 ) ;
#7477 = DIRECTION ( 'NONE',  ( 0.000000000000000000, 0.000000000000000000, -1.000000000000000000 ) ) ;
#7478 = ORIENTED_EDGE ( 'NONE', *, *, #3409, .F. ) ;
#7479 = LINE ( 'NONE', #5579, #6425 ) ;
#7480 = VECTOR ( 'NONE', #696, 1000.000000000000000 ) ;
#7481 = CARTESIAN_POINT ( 'NONE',  ( 0.5500000000000088152, -11.50000000000000000, -35.45000000000000284 ) ) ;
#7482 = EDGE_CURVE ( 'NONE', #7681, #7305, #120, .T. ) ;
#7483 = EDGE_CURVE ( 'NONE', #4864, #986, #3296, .T. ) ;
#7484 = CARTESIAN_POINT ( 'NONE',  ( 51.62500000000000000, 10.53731005528969256, -33.62500000000000000 ) ) ;
#7485 = LINE ( 'NONE', #1834, #8132 ) ;
#7486 = FACE_OUTER_BOUND ( 'NONE', #7202, .T. ) ;
#7487 = EDGE_CURVE ( 'NONE', #6255, #165, #4530, .T. ) ;
#7488 = DIRECTION ( 'NONE',  ( -0.9612616959383174509, -0.2756373558170042704, 0.000000000000000000 ) ) ;
#7489 = AXIS2_PLACEMENT_3D ( 'NONE', #332, #2890, #996 ) ;
#7490 = CARTESIAN_POINT ( 'NONE',  ( 51.62500000000000711, 7.500000000000000000, -7.503740226996326257 ) ) ;
#7491 = LINE ( 'NONE', #6788, #6200 ) ;
#7492 = LINE ( 'NONE', #7599, #8114 ) ;
#7493 = VERTEX_POINT ( 'NONE', #1534 ) ;
#7494 = ORIENTED_EDGE ( 'NONE', *, *, #8128, .T. ) ;
#7495 = EDGE_CURVE ( 'NONE', #3875, #2569, #7146, .T. ) ;
#7496 = ORIENTED_EDGE ( 'NONE', *, *, #3559, .T. ) ;
#7497 = VERTEX_POINT ( 'NONE', #2193 ) ;
#7498 = DIRECTION ( 'NONE',  ( -0.000000000000000000, -0.2756373558170042704, -0.9612616959383174509 ) ) ;
#7499 = LINE ( 'NONE', #3845, #3050 ) ;
#7500 = VECTOR ( 'NONE', #8159, 1000.000000000000000 ) ;
#7501 = CARTESIAN_POINT ( 'NONE',  ( 1.390607076609480686, 7.868454739437197532, 7.609392923390132069 ) ) ;
#7502 = VECTOR ( 'NONE', #112, 1000.000000000000114 ) ;
#7503 = ORIENTED_EDGE ( 'NONE', *, *, #2621, .F. ) ;
#7504 = VERTEX_POINT ( 'NONE', #4038 ) ;
#7505 = ORIENTED_EDGE ( 'NONE', *, *, #2581, .F. ) ;
#7506 = VECTOR ( 'NONE', #1219, 1000.000000000000000 ) ;
#7507 = ORIENTED_EDGE ( 'NONE', *, *, #5385, .F. ) ;
#7508 = EDGE_CURVE ( 'NONE', #7117, #2180, #744, .T. ) ;
#7509 = ADVANCED_FACE ( 'NONE', ( #2807 ), #5325, .F. ) ;
#7510 = CARTESIAN_POINT ( 'NONE',  ( -2.375000000000005773, 10.80000000000000426, 33.62500000000000000 ) ) ;
#7511 = ADVANCED_FACE ( 'NONE', ( #1404 ), #7809, .F. ) ;
#7512 = CARTESIAN_POINT ( 'NONE',  ( -8.449999999999999289, 10.80000000000000071, -9.550000000000384404 ) ) ;
#7515 = ORIENTED_EDGE ( 'NONE', *, *, #3624, .F. ) ;
#7514 = CARTESIAN_POINT ( 'NONE',  ( 0.5500000000000088152, 82.98258077199005811, -35.45000000000000284 ) ) ;
#7513 = VECTOR ( 'NONE', #4605, 1000.000000000000000 ) ;
#7516 = VECTOR ( 'NONE', #402, 1000.000000000000114 ) ;
#7517 = CARTESIAN_POINT ( 'NONE',  ( -40.07937528197223997, 29.75245638442227047, -22.11547058297211166 ) ) ;
#7518 = EDGE_CURVE ( 'NONE', #2738, #7302, #2066, .T. ) ;
#7519 = CARTESIAN_POINT ( 'NONE',  ( 15.26428640000787240, 22.25864506693675438, 26.58211138907232751 ) ) ;
#7520 = EDGE_CURVE ( 'NONE', #6264, #637, #2721, .T. ) ;
#7521 = CARTESIAN_POINT ( 'NONE',  ( 57.89895923599141980, 9.099999999999983658, -36.89895923599146954 ) ) ;
#7522 = VECTOR ( 'NONE', #2636, 1000.000000000000000 ) ;
#7523 = CARTESIAN_POINT ( 'NONE',  ( 0.5499999999999949374, 10.80000000000000071, 35.44999999999961204 ) ) ;
#7524 = VECTOR ( 'NONE', #4161, 1000.000000000000000 ) ;
#7525 = VECTOR ( 'NONE', #8156, 1000.000000000000000 ) ;
#7526 = DIRECTION ( 'NONE',  ( 0.2657276780299913099, 0.9267025424900799946, 0.2657276780299913099 ) ) ;
#7527 = CARTESIAN_POINT ( 'NONE',  ( 2.375000000000005773, 10.80000000000000426, -33.62500000000000000 ) ) ;
#7528 = LINE ( 'NONE', #6867, #4074 ) ;
#7529 = LINE ( 'NONE', #3684, #2385 ) ;
#7530 = VECTOR ( 'NONE', #6655, 1000.000000000000114 ) ;
#7531 = DIRECTION ( 'NONE',  ( 0.9612616959383174509, -0.2756373558170042704, 0.000000000000000000 ) ) ;
#7532 = ORIENTED_EDGE ( 'NONE', *, *, #8152, .F. ) ;
#7533 = DIRECTION ( 'NONE',  ( -0.2386847610229713423, -0.8323926831162092865, 0.5001519828512179799 ) ) ;
#7534 = VECTOR ( 'NONE', #7407, 1000.000000000000000 ) ;
#7535 = ORIENTED_EDGE ( 'NONE', *, *, #553, .F. ) ;
#7536 = DIRECTION ( 'NONE',  ( -1.000000000000000000, 0.000000000000000000, 0.000000000000000000 ) ) ;
#7537 = VECTOR ( 'NONE', #936, 1000.000000000000000 ) ;
#7538 = ORIENTED_EDGE ( 'NONE', *, *, #2461, .T. ) ;
#7539 = VERTEX_POINT ( 'NONE', #3343 ) ;
#7540 = LINE ( 'NONE', #2460, #6331 ) ;
#7541 = LINE ( 'NONE', #3155, #549 ) ;
#7542 = CARTESIAN_POINT ( 'NONE',  ( -36.54999999999999005, 10.80000000000000071, -35.45000000000039364 ) ) ;
#7543 = ORIENTED_EDGE ( 'NONE', *, *, #5391, .F. ) ;
#7544 = ORIENTED_EDGE ( 'NONE', *, *, #2009, .T. ) ;
#7545 = VECTOR ( 'NONE', #2847, 1000.000000000000114 ) ;
#7546 = ORIENTED_EDGE ( 'NONE', *, *, #8093, .F. ) ;
#7547 = ORIENTED_EDGE ( 'NONE', *, *, #4844, .F. ) ;
#7548 = CARTESIAN_POINT ( 'NONE',  ( -0.5500000000000088152, 7.500000000000000000, 35.45000000000000995 ) ) ;
#7549 = DIRECTION ( 'NONE',  ( 0.9612616959383174509, -0.2756373558170042704, 0.000000000000000000 ) ) ;
#7550 = EDGE_CURVE ( 'NONE', #3080, #4018, #4000, .T. ) ;
#7552 = ORIENTED_EDGE ( 'NONE', *, *, #192, .T. ) ;
#7551 = DIRECTION ( 'NONE',  ( 0.000000000000000000, 0.000000000000000000, -1.000000000000000000 ) ) ;
#7553 = DIRECTION ( 'NONE',  ( 0.9612616959383174509, -0.2756373558170042704, 0.000000000000000000 ) ) ;
#7554 = ADVANCED_FACE ( 'NONE', ( #211 ), #5154, .F. ) ;
#7555 = CARTESIAN_POINT ( 'NONE',  ( -18.54999999999999716, 10.80000000000000426, 33.62500000000000000 ) ) ;
#7556 = FACE_OUTER_BOUND ( 'NONE', #5059, .T. ) ;
#7557 = LINE ( 'NONE', #7481, #3292 ) ;
#7558 = VECTOR ( 'NONE', #6762, 1000.000000000000000 ) ;
#7559 = ORIENTED_EDGE ( 'NONE', *, *, #6009, .F. ) ;
#7560 = CARTESIAN_POINT ( 'NONE',  ( 53.88039450307227440, 12.30096400656391431, 18.11960549692732769 ) ) ;
#7561 = CARTESIAN_POINT ( 'NONE',  ( 55.00000000000000000, 7.500000000000000000, -41.00000000000000000 ) ) ;
#7562 = FACE_OUTER_BOUND ( 'NONE', #4153, .T. ) ;
#7563 = CARTESIAN_POINT ( 'NONE',  ( 0.000000000000000000, 7.500000000000000000, -34.50374022699632093 ) ) ;
#7564 = PLANE ( 'NONE',  #384 ) ;
#7565 = VECTOR ( 'NONE', #6640, 1000.000000000000000 ) ;
#7566 = VERTEX_POINT ( 'NONE', #5239 ) ;
#7567 = CARTESIAN_POINT ( 'NONE',  ( 30.13361562617344092, -27.76612549695436627, -9.133615626173485325 ) ) ;
#7568 = ORIENTED_EDGE ( 'NONE', *, *, #19, .T. ) ;
#7569 = LINE ( 'NONE', #6251, #5588 ) ;
#7570 = ORIENTED_EDGE ( 'NONE', *, *, #2759, .T. ) ;
#7571 = EDGE_LOOP ( 'NONE', ( #6254, #2975, #6875, #6213 ) ) ;
#7572 = CARTESIAN_POINT ( 'NONE',  ( 36.54999999999999716, 10.80000000000000071, 35.44999999999961204 ) ) ;
#7573 = LINE ( 'NONE', #1301, #7134 ) ;
#7574 = ADVANCED_FACE ( 'NONE', ( #7720 ), #3913, .F. ) ;
#7575 = LINE ( 'NONE', #3266, #2741 ) ;
#7576 = ORIENTED_EDGE ( 'NONE', *, *, #2637, .F. ) ;
#7577 = ORIENTED_EDGE ( 'NONE', *, *, #6958, .F. ) ;
#7578 = VECTOR ( 'NONE', #4107, 1000.000000000000227 ) ;
#7579 = ORIENTED_EDGE ( 'NONE', *, *, #3248, .F. ) ;
#7580 = EDGE_CURVE ( 'NONE', #5893, #3652, #7764, .T. ) ;
#7581 = EDGE_CURVE ( 'NONE', #2658, #4616, #6433, .T. ) ;
#7582 = ADVANCED_FACE ( 'NONE', ( #874 ), #3382, .F. ) ;
#7583 = VECTOR ( 'NONE', #3731, 1000.000000000000000 ) ;
#7584 = EDGE_LOOP ( 'NONE', ( #4808, #65, #6436, #1517 ) ) ;
#7585 = ORIENTED_EDGE ( 'NONE', *, *, #3628, .T. ) ;
#7586 = LINE ( 'NONE', #4441, #4790 ) ;
#7587 = DIRECTION ( 'NONE',  ( 2.679109615408197094E-16, -0.000000000000000000, 1.000000000000000000 ) ) ;
#7588 = CARTESIAN_POINT ( 'NONE',  ( 0.000000000000000000, 7.500000000000000000, -34.50374022699632093 ) ) ;
#7589 = CARTESIAN_POINT ( 'NONE',  ( -62.00000000000000000, -11.50000000000000000, 41.00000000000000000 ) ) ;
#7590 = CARTESIAN_POINT ( 'NONE',  ( 0.000000000000000000, 7.500000000000000000, -19.49625977300445356 ) ) ;
#7591 = DIRECTION ( 'NONE',  ( -0.7071067811865452413, -0.000000000000000000, 0.7071067811865497932 ) ) ;
#7592 = ORIENTED_EDGE ( 'NONE', *, *, #6940, .F. ) ;
#7593 = FACE_OUTER_BOUND ( 'NONE', #93, .T. ) ;
#7594 = CARTESIAN_POINT ( 'NONE',  ( 18.54999999999999716, 10.80000000000000071, 35.44999999999961204 ) ) ;
#7595 = CARTESIAN_POINT ( 'NONE',  ( -18.62532512953089636, 10.53731005528969611, -33.62500000000000000 ) ) ;
#7596 = LINE ( 'NONE', #2488, #7388 ) ;
#7597 = DIRECTION ( 'NONE',  ( -0.000000000000000000, -0.000000000000000000, -1.000000000000000000 ) ) ;
#7598 = ORIENTED_EDGE ( 'NONE', *, *, #7993, .F. ) ;
#7599 = CARTESIAN_POINT ( 'NONE',  ( 25.50374022699593368, 7.500000000000000000, -33.62500000000000000 ) ) ;
#7600 = ORIENTED_EDGE ( 'NONE', *, *, #4703, .F. ) ;
#7601 = EDGE_CURVE ( 'NONE', #3891, #5850, #2848, .T. ) ;
#7602 = CARTESIAN_POINT ( 'NONE',  ( 40.07937528197221866, 29.75245638442229534, 22.88452941702783860 ) ) ;
#7603 = ADVANCED_FACE ( 'NONE', ( #2892 ), #4167, .F. ) ;
#7604 = EDGE_CURVE ( 'NONE', #5150, #5835, #6153, .T. ) ;
#7605 = VECTOR ( 'NONE', #6067, 1000.000000000000114 ) ;
#7606 = ORIENTED_EDGE ( 'NONE', *, *, #4816, .F. ) ;
#7607 = ORIENTED_EDGE ( 'NONE', *, *, #3000, .F. ) ;
#7608 = PLANE ( 'NONE',  #6864 ) ;
#7609 = LINE ( 'NONE', #6986, #1189 ) ;
#7610 = DIRECTION ( 'NONE',  ( -0.2386847610229713423, -0.8323926831162092865, 0.5001519828512179799 ) ) ;
#7611 = DIRECTION ( 'NONE',  ( 1.000000000000000000, 0.000000000000000000, -0.000000000000000000 ) ) ;
#7612 = ORIENTED_EDGE ( 'NONE', *, *, #8071, .T. ) ;
#7613 = ORIENTED_EDGE ( 'NONE', *, *, #1276, .T. ) ;
#7614 = EDGE_LOOP ( 'NONE', ( #4978, #5386, #2361, #3709 ) ) ;
#7615 = CARTESIAN_POINT ( 'NONE',  ( 0.000000000000000000, 7.500000000000000000, 16.50374022699554644 ) ) ;
#7616 = ORIENTED_EDGE ( 'NONE', *, *, #3754, .F. ) ;
#7617 = VERTEX_POINT ( 'NONE', #6604 ) ;
#7618 = AXIS2_PLACEMENT_3D ( 'NONE', #4097, #970, #182 ) ;
#7619 = LINE ( 'NONE', #7000, #1111 ) ;
#7620 = LINE ( 'NONE', #7174, #4583 ) ;
#7621 = EDGE_CURVE ( 'NONE', #7455, #4270, #959, .T. ) ;
#7622 = CARTESIAN_POINT ( 'NONE',  ( 51.62500000000000711, 7.500000000000000000, 19.49625977300367552 ) ) ;
#7623 = CARTESIAN_POINT ( 'NONE',  ( 51.62500000000000000, 7.500000000000000000, -25.50374022699630672 ) ) ;
#7624 = CARTESIAN_POINT ( 'NONE',  ( 46.49625977300406277, 7.500000000000000000, -33.62500000000000000 ) ) ;
#7625 = CARTESIAN_POINT ( 'NONE',  ( 17.45000000000000639, 10.80000000000000071, 35.44999999999961204 ) ) ;
#7626 = EDGE_LOOP ( 'NONE', ( #3125, #4918, #4636, #7547 ) ) ;
#7627 = ORIENTED_EDGE ( 'NONE', *, *, #6360, .F. ) ;
#7628 = DIRECTION ( 'NONE',  ( -0.000000000000000000, 0.9612616959383174509, 0.2756373558170039373 ) ) ;
#7629 = PLANE ( 'NONE',  #2195 ) ;
#7630 = LINE ( 'NONE', #4492, #4471 ) ;
#7631 = CARTESIAN_POINT ( 'NONE',  ( -0.5499999999999949374, 10.80000000000000071, -17.45000000000039009 ) ) ;
#7632 = EDGE_CURVE ( 'NONE', #5638, #2393, #376, .T. ) ;
#7633 = VECTOR ( 'NONE', #5425, 1000.000000000000000 ) ;
#7634 = CARTESIAN_POINT ( 'NONE',  ( -53.44999999999999574, 10.80000000000000071, 26.44999999999961204 ) ) ;
#7635 = EDGE_CURVE ( 'NONE', #6264, #7922, #1624, .T. ) ;
#7636 = VECTOR ( 'NONE', #5729, 1000.000000000000227 ) ;
#7637 = ORIENTED_EDGE ( 'NONE', *, *, #4750, .F. ) ;
#7638 = DIRECTION ( 'NONE',  ( 0.2657276780299911434, -0.9267025424900801056, 0.2657276780299911434 ) ) ;
#7639 = EDGE_LOOP ( 'NONE', ( #6636, #4474, #6707, #1382 ) ) ;
#7640 = AXIS2_PLACEMENT_3D ( 'NONE', #3413, #2932, #5938 ) ;
#7641 = CARTESIAN_POINT ( 'NONE',  ( 57.89895923599141980, 7.500000000000000000, -36.89895923599146954 ) ) ;
#7642 = VECTOR ( 'NONE', #510, 1000.000000000000000 ) ;
#7643 = ORIENTED_EDGE ( 'NONE', *, *, #647, .T. ) ;
#7644 = VERTEX_POINT ( 'NONE', #5413 ) ;
#7645 = DIRECTION ( 'NONE',  ( 1.000000000000000000, 0.000000000000000000, 0.000000000000000000 ) ) ;
#7646 = CARTESIAN_POINT ( 'NONE',  ( 51.97389213354964710, 5.652200105873887992, 6.973892133549262518 ) ) ;
#7647 = DIRECTION ( 'NONE',  ( 0.2657276780299913099, -0.9267025424900799946, 0.2657276780299913099 ) ) ;
#7648 = VECTOR ( 'NONE', #5464, 1000.000000000000000 ) ;
#7649 = LINE ( 'NONE', #1418, #3367 ) ;
#7650 = EDGE_CURVE ( 'NONE', #7910, #240, #2287, .T. ) ;
#7651 = FACE_OUTER_BOUND ( 'NONE', #342, .T. ) ;
#7652 = ORIENTED_EDGE ( 'NONE', *, *, #2420, .T. ) ;
#7653 = VECTOR ( 'NONE', #2125, 1000.000000000000000 ) ;
#7654 = EDGE_CURVE ( 'NONE', #240, #2257, #6648, .T. ) ;
#7655 = VERTEX_POINT ( 'NONE', #5981 ) ;
#7656 = VERTEX_POINT ( 'NONE', #3502 ) ;
#7657 = LINE ( 'NONE', #3672, #6553 ) ;
#7658 = VECTOR ( 'NONE', #5333, 1000.000000000000114 ) ;
#7659 = ORIENTED_EDGE ( 'NONE', *, *, #2422, .T. ) ;
#7660 = ORIENTED_EDGE ( 'NONE', *, *, #4521, .F. ) ;
#7661 = ADVANCED_FACE ( 'NONE', ( #7314 ), #5533, .T. ) ;
#7662 =( NAMED_UNIT ( * ) PLANE_ANGLE_UNIT ( ) SI_UNIT ( $, .RADIAN. ) );
#7663 = LINE ( 'NONE', #3859, #5052 ) ;
#7664 = CARTESIAN_POINT ( 'NONE',  ( 53.44999999999999574, -11.50000000000000000, 35.44999999999998863 ) ) ;
#7665 = FACE_OUTER_BOUND ( 'NONE', #5201, .T. ) ;
#7666 = VECTOR ( 'NONE', #6154, 1000.000000000000114 ) ;
#7667 = DIRECTION ( 'NONE',  ( 0.000000000000000000, 0.000000000000000000, -1.000000000000000000 ) ) ;
#7668 = DIRECTION ( 'NONE',  ( -1.000000000000000000, -0.000000000000000000, -0.000000000000000000 ) ) ;
#7669 = CARTESIAN_POINT ( 'NONE',  ( 52.80943399447264852, 8.566080860090412585, -28.19056600552774228 ) ) ;
#7670 = ORIENTED_EDGE ( 'NONE', *, *, #4830, .T. ) ;
#7671 = VERTEX_POINT ( 'NONE', #5366 ) ;
#7672 = DIRECTION ( 'NONE',  ( 0.000000000000000000, 0.000000000000000000, 1.000000000000000000 ) ) ;
#7673 = PLANE ( 'NONE',  #5832 ) ;
#7674 = EDGE_CURVE ( 'NONE', #1016, #4245, #427, .T. ) ;
#7675 = FACE_OUTER_BOUND ( 'NONE', #612, .T. ) ;
#7676 = VECTOR ( 'NONE', #4036, 1000.000000000000000 ) ;
#7677 = LINE ( 'NONE', #4001, #4990 ) ;
#7678 = ORIENTED_EDGE ( 'NONE', *, *, #5284, .F. ) ;
#7679 = CARTESIAN_POINT ( 'NONE',  ( -45.54999999999999005, 10.80000000000000426, 33.62500000000000000 ) ) ;
#7680 = AXIS2_PLACEMENT_3D ( 'NONE', #6287, #3220, #4426 ) ;
#7681 = VERTEX_POINT ( 'NONE', #1706 ) ;
#7682 = CARTESIAN_POINT ( 'NONE',  ( 27.54999999999999005, 10.80000000000000071, -35.45000000000039364 ) ) ;
#7683 = CARTESIAN_POINT ( 'NONE',  ( -14.06738976402690078, -0.9965637948165171345, -32.06738976402728980 ) ) ;
#7684 = ORIENTED_EDGE ( 'NONE', *, *, #3306, .T. ) ;
#7686 = EDGE_CURVE ( 'NONE', #6794, #3618, #7980, .T. ) ;
#7685 = LINE ( 'NONE', #4006, #3712 ) ;
#7687 = CARTESIAN_POINT ( 'NONE',  ( -57.99999999999999289, 7.500000000000000000, -8.000000000000000000 ) ) ;
#7688 = LINE ( 'NONE', #2691, #4347 ) ;
#7689 = VECTOR ( 'NONE', #6227, 1000.000000000000000 ) ;
#7690 = DIRECTION ( 'NONE',  ( 0.000000000000000000, 0.000000000000000000, 1.000000000000000000 ) ) ;
#7691 = DIRECTION ( 'NONE',  ( 0.2756373558170042704, 0.9612616959383174509, 0.000000000000000000 ) ) ;
#7692 = FACE_OUTER_BOUND ( 'NONE', #6687, .T. ) ;
#7693 = ORIENTED_EDGE ( 'NONE', *, *, #620, .F. ) ;
#7694 = EDGE_CURVE ( 'NONE', #5872, #3076, #3592, .T. ) ;
#7695 = VERTEX_POINT ( 'NONE', #467 ) ;
#7696 = VERTEX_POINT ( 'NONE', #8060 ) ;
#7697 = CARTESIAN_POINT ( 'NONE',  ( 44.45000000000000284, 10.80000000000000071, -27.55000000000038796 ) ) ;
#7698 = LINE ( 'NONE', #1346, #8016 ) ;
#7699 = CARTESIAN_POINT ( 'NONE',  ( 62.00000000000000000, 0.000000000000000000, 34.00000000000000000 ) ) ;
#7700 = EDGE_CURVE ( 'NONE', #2505, #5387, #2979, .T. ) ;
#7701 = VERTEX_POINT ( 'NONE', #4874 ) ;
#7702 = ORIENTED_EDGE ( 'NONE', *, *, #340, .F. ) ;
#7703 = VERTEX_POINT ( 'NONE', #7401 ) ;
#7704 = DIRECTION ( 'NONE',  ( 0.4999999999999902855, -0.7071067811865670016, 0.4999999999999821254 ) ) ;
#7705 = DIRECTION ( 'NONE',  ( 0.000000000000000000, 0.000000000000000000, 1.000000000000000000 ) ) ;
#7706 = EDGE_CURVE ( 'NONE', #4715, #4164, #2404, .T. ) ;
#7707 = DIRECTION ( 'NONE',  ( -0.000000000000000000, -0.000000000000000000, 1.000000000000000000 ) ) ;
#7708 = EDGE_CURVE ( 'NONE', #7874, #4511, #1752, .T. ) ;
#7709 = EDGE_CURVE ( 'NONE', #5834, #7977, #1124, .T. ) ;
#7710 = DIRECTION ( 'NONE',  ( 0.000000000000000000, 0.000000000000000000, -1.000000000000000000 ) ) ;
#7711 = VECTOR ( 'NONE', #3301, 1000.000000000000000 ) ;
#7712 = PLANE ( 'NONE',  #29 ) ;
#7713 = DIRECTION ( 'NONE',  ( 0.000000000000000000, -0.2756373558170042704, 0.9612616959383174509 ) ) ;
#7714 = VECTOR ( 'NONE', #2070, 1000.000000000000000 ) ;
#7715 = CARTESIAN_POINT ( 'NONE',  ( -2.375000000000005773, 7.500000000000000000, -7.503740226996326257 ) ) ;
#7716 = EDGE_LOOP ( 'NONE', ( #611, #409, #6983, #455 ) ) ;
#7717 = ORIENTED_EDGE ( 'NONE', *, *, #728, .T. ) ;
#7718 = LINE ( 'NONE', #3294, #1693 ) ;
#7719 = CARTESIAN_POINT ( 'NONE',  ( 51.62500000000000711, 7.500000000000000000, 1.496259773003681737 ) ) ;
#7720 = FACE_OUTER_BOUND ( 'NONE', #5218, .T. ) ;
#7721 = CARTESIAN_POINT ( 'NONE',  ( 62.00000000000000000, 0.000000000000000000, -34.00000000000000000 ) ) ;
#7722 = EDGE_LOOP ( 'NONE', ( #3651, #7830, #4480, #6814 ) ) ;
#7723 = LINE ( 'NONE', #3876, #7462 ) ;
#7724 = VERTEX_POINT ( 'NONE', #3061 ) ;
#7725 = DIRECTION ( 'NONE',  ( -1.000000000000000000, 3.018354541273066194E-16, -8.654992372942126676E-17 ) ) ;
#7726 = ADVANCED_FACE ( 'NONE', ( #546 ), #8099, .F. ) ;
#7727 = EDGE_CURVE ( 'NONE', #5447, #3801, #5574, .T. ) ;
#7728 = CARTESIAN_POINT ( 'NONE',  ( -53.44999999999999574, 7.500000000000000000, 35.44999999999998863 ) ) ;
#7729 = VECTOR ( 'NONE', #5248, 1000.000000000000114 ) ;
#7730 = ORIENTED_EDGE ( 'NONE', *, *, #5639, .T. ) ;
#7731 = DIRECTION ( 'NONE',  ( -0.000000000000000000, 0.000000000000000000, 1.000000000000000000 ) ) ;
#7732 = DIRECTION ( 'NONE',  ( 1.000000000000000000, -3.018354541273066194E-16, 8.654992372942126676E-17 ) ) ;
#7733 = CARTESIAN_POINT ( 'NONE',  ( 0.000000000000000000, 7.500000000000000000, -19.49625977300445356 ) ) ;
#7734 = DIRECTION ( 'NONE',  ( 1.000000000000000000, 0.000000000000000000, 0.000000000000000000 ) ) ;
#7735 = CARTESIAN_POINT ( 'NONE',  ( -28.49625977300406277, 7.500000000000000000, 33.62500000000000000 ) ) ;
#7736 = FACE_OUTER_BOUND ( 'NONE', #4732, .T. ) ;
#7737 = ORIENTED_EDGE ( 'NONE', *, *, #6791, .F. ) ;
#7738 = EDGE_CURVE ( 'NONE', #3613, #3850, #4293, .T. ) ;
#7739 = AXIS2_PLACEMENT_3D ( 'NONE', #4561, #1481, #3281 ) ;
#7740 = ORIENTED_EDGE ( 'NONE', *, *, #3902, .T. ) ;
#7741 = VERTEX_POINT ( 'NONE', #5822 ) ;
#7742 = CARTESIAN_POINT ( 'NONE',  ( -27.54999999999999005, 10.80000000000000426, 33.62500000000000000 ) ) ;
#7743 = CARTESIAN_POINT ( 'NONE',  ( -53.44999999999999574, 10.80000000000000071, -17.45000000000039009 ) ) ;
#7744 = DIRECTION ( 'NONE',  ( -1.000000000000000000, 0.000000000000000000, 0.000000000000000000 ) ) ;
#7745 = EDGE_LOOP ( 'NONE', ( #8037, #2224, #318, #6948 ) ) ;
#7746 = EDGE_LOOP ( 'NONE', ( #5733, #715, #2357, #5769 ) ) ;
#7747 = DIRECTION ( 'NONE',  ( 1.000000000000000000, -0.000000000000000000, -0.000000000000000000 ) ) ;
#7748 = CARTESIAN_POINT ( 'NONE',  ( 2.375000000000006217, 10.53731005528968723, -26.37467487046947312 ) ) ;
#7749 = CARTESIAN_POINT ( 'NONE',  ( 0.4124163967275039089, 7.271022431965715960, -28.56191803408055918 ) ) ;
#7750 = CARTESIAN_POINT ( 'NONE',  ( -9.549999999999995381, 10.80000000000000071, 33.62500000000000000 ) ) ;
#7751 = EDGE_CURVE ( 'NONE', #821, #3465, #3307, .T. ) ;
#7752 = VECTOR ( 'NONE', #3603, 1000.000000000000000 ) ;
#7753 = DIRECTION ( 'NONE',  ( -1.000000000000000000, 6.036709082546132388E-16, 1.730998474588425335E-16 ) ) ;
#7754 = EDGE_CURVE ( 'NONE', #7644, #4595, #7154, .T. ) ;
#7755 = ADVANCED_FACE ( 'NONE', ( #5331 ), #7855, .F. ) ;
#7756 = AXIS2_PLACEMENT_3D ( 'NONE', #4524, #7713, #3865 ) ;
#7757 = LINE ( 'NONE', #2100, #6288 ) ;
#7758 = DIRECTION ( 'NONE',  ( -0.000000000000000000, -1.000000000000000000, -0.000000000000000000 ) ) ;
#7759 = ORIENTED_EDGE ( 'NONE', *, *, #4468, .F. ) ;
#7760 = EDGE_LOOP ( 'NONE', ( #5512, #5771, #4115, #2844 ) ) ;
#7761 = CARTESIAN_POINT ( 'NONE',  ( -51.62500000000000000, 10.80000000000000426, -26.45000000000038298 ) ) ;
#7762 = EDGE_CURVE ( 'NONE', #6497, #2868, #7105, .T. ) ;
#7763 = DIRECTION ( 'NONE',  ( 0.000000000000000000, -0.9612616959383174509, 0.2756373558170042704 ) ) ;
#7764 = LINE ( 'NONE', #2111, #6196 ) ;
#7765 = VECTOR ( 'NONE', #1907, 1000.000000000000000 ) ;
#7766 = EDGE_CURVE ( 'NONE', #7061, #4479, #799, .T. ) ;
#7767 = CARTESIAN_POINT ( 'NONE',  ( 17.37467487046911074, 10.53731005528970144, 33.62500000000000000 ) ) ;
#7768 = EDGE_LOOP ( 'NONE', ( #681, #6909, #26, #5865 ) ) ;
#7769 = CARTESIAN_POINT ( 'NONE',  ( -15.33839134370872159, 3.435945472310388826, 33.33839134370833790 ) ) ;
#7770 = DIRECTION ( 'NONE',  ( 1.000000000000000000, 0.000000000000000000, 0.000000000000000000 ) ) ;
#7771 = DIRECTION ( 'NONE',  ( 1.000000000000000000, 0.000000000000000000, 0.000000000000000000 ) ) ;
#7772 = ORIENTED_EDGE ( 'NONE', *, *, #3861, .T. ) ;
#7773 = DIRECTION ( 'NONE',  ( -0.7071067811865483499, -0.000000000000000000, 0.7071067811865467956 ) ) ;
#7774 = DIRECTION ( 'NONE',  ( 0.5000000000000058842, -0.7071067811865415775, 0.5000000000000026645 ) ) ;
#7775 = VECTOR ( 'NONE', #732, 1000.000000000000227 ) ;
#7776 = DIRECTION ( 'NONE',  ( 0.000000000000000000, -0.9612616959383180060, 0.2756373558170021054 ) ) ;
#7777 = VECTOR ( 'NONE', #2077, 1000.000000000000000 ) ;
#7778 = PLANE ( 'NONE',  #7618 ) ;
#7779 = CARTESIAN_POINT ( 'NONE',  ( -52.80943399447264142, 8.566080860090416138, 0.000000000000000000 ) ) ;
#7780 = CARTESIAN_POINT ( 'NONE',  ( 0.000000000000000000, 10.80000000000000071, 0.000000000000000000 ) ) ;
#7781 = VERTEX_POINT ( 'NONE', #5206 ) ;
#7782 = AXIS2_PLACEMENT_3D ( 'NONE', #6082, #438, #1717 ) ;
#7783 = ORIENTED_EDGE ( 'NONE', *, *, #1368, .T. ) ;
#7784 = ORIENTED_EDGE ( 'NONE', *, *, #3077, .F. ) ;
#7785 = AXIS2_PLACEMENT_3D ( 'NONE', #6147, #8170, #6849 ) ;
#7786 = CARTESIAN_POINT ( 'NONE',  ( -10.49625977300406454, 7.500000000000000000, 0.000000000000000000 ) ) ;
#7787 = VECTOR ( 'NONE', #604, 1000.000000000000000 ) ;
#7788 = CARTESIAN_POINT ( 'NONE',  ( 53.44999999999999574, 82.98258077199005811, 35.44999999999998863 ) ) ;
#7789 = CARTESIAN_POINT ( 'NONE',  ( -60.00000000000000000, 8.099999999999999645, 8.000000000000000000 ) ) ;
#7790 = VECTOR ( 'NONE', #4381, 1000.000000000000000 ) ;
#7791 = ORIENTED_EDGE ( 'NONE', *, *, #2395, .T. ) ;
#7792 = ORIENTED_EDGE ( 'NONE', *, *, #7262, .F. ) ;
#7793 = CARTESIAN_POINT ( 'NONE',  ( 0.1196054969277143137, 12.30096400656391431, 18.11960549692732769 ) ) ;
#7794 = LINE ( 'NONE', #860, #4650 ) ;
#7795 = LINE ( 'NONE', #7749, #6330 ) ;
#7796 = EDGE_LOOP ( 'NONE', ( #4728, #7077, #7960, #4824 ) ) ;
#7797 = ORIENTED_EDGE ( 'NONE', *, *, #2101, .F. ) ;
#7798 = PLANE ( 'NONE',  #2795 ) ;
#7799 = MANIFOLD_SOLID_BREP ( 'Cut-Extrude11', #4756 ) ;
#7800 = LINE ( 'NONE', #1079, #5463 ) ;
#7801 = EDGE_CURVE ( 'NONE', #1146, #5872, #1459, .T. ) ;
#7802 = CARTESIAN_POINT ( 'NONE',  ( 3.482387728013434741E-16, 8.566080860089968496, -34.80943399447290432 ) ) ;
#7803 = ORIENTED_EDGE ( 'NONE', *, *, #4977, .T. ) ;
#7804 = EDGE_LOOP ( 'NONE', ( #3689, #5302, #6256, #457 ) ) ;
#7805 = EDGE_CURVE ( 'NONE', #858, #8045, #3260, .T. ) ;
#7806 = DIRECTION ( 'NONE',  ( 0.2657276780299913099, -0.9267025424900799946, 0.2657276780299913099 ) ) ;
#7807 = VECTOR ( 'NONE', #4905, 1000.000000000000000 ) ;
#7808 = DIRECTION ( 'NONE',  ( 1.000000000000000000, 3.018354541273066194E-16, -8.654992372942126676E-17 ) ) ;
#7809 = PLANE ( 'NONE',  #5266 ) ;
#7810 = CARTESIAN_POINT ( 'NONE',  ( 0.4124163967275038534, 7.271022431965715960, -19.56191803408055918 ) ) ;
#7811 = ADVANCED_FACE ( 'NONE', ( #2777 ), #4500, .F. ) ;
#7812 = VERTEX_POINT ( 'NONE', #301 ) ;
#7813 = CARTESIAN_POINT ( 'NONE',  ( 0.5500000000000088152, 7.500000000000000000, -35.45000000000000284 ) ) ;
#7814 = CARTESIAN_POINT ( 'NONE',  ( 0.000000000000000000, 7.500000000000000000, -1.496259773004444904 ) ) ;
#7815 = ORIENTED_EDGE ( 'NONE', *, *, #3818, .T. ) ;
#7816 = EDGE_LOOP ( 'NONE', ( #4104, #2778, #7933, #2750 ) ) ;
#7817 = LINE ( 'NONE', #2780, #1017 ) ;
#7818 = CARTESIAN_POINT ( 'NONE',  ( 24.26428640000786174, 22.25864506693677569, -26.58211138907232396 ) ) ;
#7819 = DIRECTION ( 'NONE',  ( 0.000000000000000000, 0.9612616959383180060, -0.2756373558170023830 ) ) ;
#7820 = PLANE ( 'NONE',  #1000 ) ;
#7821 = DIRECTION ( 'NONE',  ( 1.000000000000000000, 0.000000000000000000, 0.000000000000000000 ) ) ;
#7822 = ORIENTED_EDGE ( 'NONE', *, *, #2962, .F. ) ;
#7823 = VECTOR ( 'NONE', #7854, 1000.000000000000000 ) ;
#7824 = ORIENTED_EDGE ( 'NONE', *, *, #1260, .F. ) ;
#7825 = EDGE_CURVE ( 'NONE', #7918, #1523, #5776, .T. ) ;
#7826 = VERTEX_POINT ( 'NONE', #7728 ) ;
#7827 = DIRECTION ( 'NONE',  ( -1.000000000000000000, 0.000000000000000000, 0.000000000000000000 ) ) ;
#7828 = CARTESIAN_POINT ( 'NONE',  ( 56.48474567361831333, 10.49999999999999822, -35.48474567361837018 ) ) ;
#7829 = FACE_OUTER_BOUND ( 'NONE', #464, .T. ) ;
#7830 = ORIENTED_EDGE ( 'NONE', *, *, #7362, .T. ) ;
#7831 = ORIENTED_EDGE ( 'NONE', *, *, #7235, .T. ) ;
#7832 =( LENGTH_UNIT ( ) NAMED_UNIT ( * ) SI_UNIT ( .MILLI., .METRE. ) );
#7833 = LINE ( 'NONE', #1027, #3856 ) ;
#7834 = CARTESIAN_POINT ( 'NONE',  ( -26.45000000000000284, 10.80000000000000071, -27.55000000000038796 ) ) ;
#7835 = EDGE_CURVE ( 'NONE', #7419, #5395, #2646, .T. ) ;
#7836 = EDGE_CURVE ( 'NONE', #2490, #4353, #4541, .T. ) ;
#7837 = ORIENTED_EDGE ( 'NONE', *, *, #233, .T. ) ;
#7839 = ADVANCED_FACE ( 'NONE', ( #2073 ), #4584, .T. ) ;
#7838 = ORIENTED_EDGE ( 'NONE', *, *, #2972, .T. ) ;
#7840 = DIRECTION ( 'NONE',  ( 1.000000000000000000, 0.000000000000000000, 0.000000000000000000 ) ) ;
#7841 = PLANE ( 'NONE',  #6908 ) ;
#7842 = CARTESIAN_POINT ( 'NONE',  ( -52.80943399447264142, 8.566080860090407256, 0.000000000000000000 ) ) ;
#7843 = EDGE_CURVE ( 'NONE', #7217, #4930, #2899, .T. ) ;
#7844 = ORIENTED_EDGE ( 'NONE', *, *, #2315, .T. ) ;
#7845 = VERTEX_POINT ( 'NONE', #3028 ) ;
#7846 = FACE_OUTER_BOUND ( 'NONE', #7816, .T. ) ;
#7847 = AXIS2_PLACEMENT_3D ( 'NONE', #1603, #5392, #2702 ) ;
#7848 = LINE ( 'NONE', #4873, #2293 ) ;
#7849 = DIRECTION ( 'NONE',  ( -0.2657276780299894225, -0.9267025424900811048, 0.2657276780299894225 ) ) ;
#7850 = CARTESIAN_POINT ( 'NONE',  ( 17.37467487046910719, 10.53731005528969433, -33.62500000000000000 ) ) ;
#7851 = VECTOR ( 'NONE', #4712, 1000.000000000000000 ) ;
#7852 = ORIENTED_EDGE ( 'NONE', *, *, #3591, .T. ) ;
#7853 = PLANE ( 'NONE',  #3491 ) ;
#7854 = DIRECTION ( 'NONE',  ( -1.000000000000000000, -0.000000000000000000, -0.000000000000000000 ) ) ;
#7855 = PLANE ( 'NONE',  #262 ) ;
#7856 = VERTEX_POINT ( 'NONE', #5501 ) ;
#7857 = CARTESIAN_POINT ( 'NONE',  ( -1.390607076609507775, 7.868454739437104273, 1.390607076609126302 ) ) ;
#7858 = CARTESIAN_POINT ( 'NONE',  ( -0.4124163967275037423, 7.271022431965715960, -1.561918034080550077 ) ) ;
#7859 = DIRECTION ( 'NONE',  ( 1.000000000000000000, 0.000000000000000000, 0.000000000000000000 ) ) ;
#7860 = CARTESIAN_POINT ( 'NONE',  ( -33.26428640000786885, 22.25864506693675082, 26.58211138907232396 ) ) ;
#7861 = DIRECTION ( 'NONE',  ( 0.000000000000000000, -0.9612616959383174509, 0.2756373558170042704 ) ) ;
#7862 = EDGE_CURVE ( 'NONE', #3247, #3875, #1133, .T. ) ;
#7863 = CARTESIAN_POINT ( 'NONE',  ( -0.5500000000000088152, -11.50000000000000000, -35.45000000000000284 ) ) ;
#7864 = EDGE_CURVE ( 'NONE', #2894, #6497, #8029, .T. ) ;
#7865 = VERTEX_POINT ( 'NONE', #2374 ) ;
#7866 = EDGE_CURVE ( 'NONE', #7656, #2138, #4799, .T. ) ;
#7867 = VECTOR ( 'NONE', #8, 1000.000000000000000 ) ;
#7868 = ORIENTED_EDGE ( 'NONE', *, *, #2270, .F. ) ;
#7869 = ORIENTED_EDGE ( 'NONE', *, *, #525, .T. ) ;
#7870 = ORIENTED_EDGE ( 'NONE', *, *, #4617, .T. ) ;
#7871 = CARTESIAN_POINT ( 'NONE',  ( -2.375000000000005773, 10.53731005528969078, -33.62500000000000000 ) ) ;
#7872 = FACE_OUTER_BOUND ( 'NONE', #3532, .T. ) ;
#7873 = DIRECTION ( 'NONE',  ( 0.000000000000000000, 0.000000000000000000, 1.000000000000000000 ) ) ;
#7874 = VERTEX_POINT ( 'NONE', #2292 ) ;
#7875 = ORIENTED_EDGE ( 'NONE', *, *, #597, .T. ) ;
#7876 = CARTESIAN_POINT ( 'NONE',  ( 0.5499999999999949374, 10.80000000000000071, -8.450000000000388312 ) ) ;
#7877 = ORIENTED_EDGE ( 'NONE', *, *, #7152, .T. ) ;
#7878 = ORIENTED_EDGE ( 'NONE', *, *, #8093, .T. ) ;
#7879 = AXIS2_PLACEMENT_3D ( 'NONE', #7437, #8136, #543 ) ;
#7880 = EDGE_LOOP ( 'NONE', ( #2439, #268, #397, #6779 ) ) ;
#7881 = CARTESIAN_POINT ( 'NONE',  ( 18.11960549692769007, 12.30096400656400846, 35.88039450307191913 ) ) ;
#7882 = EDGE_CURVE ( 'NONE', #4515, #8012, #4882, .T. ) ;
#7883 = PLANE ( 'NONE',  #4398 ) ;
#7884 = CARTESIAN_POINT ( 'NONE',  ( 60.72738636073759722, 10.49999999999999822, 32.65631854887217145 ) ) ;
#7885 = ORIENTED_EDGE ( 'NONE', *, *, #7403, .T. ) ;
#7886 = ORIENTED_EDGE ( 'NONE', *, *, #7483, .F. ) ;
#7887 = LINE ( 'NONE', #955, #1284 ) ;
#7888 = VECTOR ( 'NONE', #2949, 1000.000000000000000 ) ;
#7889 = CARTESIAN_POINT ( 'NONE',  ( -51.62500000000000000, 7.500000000000000000, 16.50374022699554644 ) ) ;
#7890 = DIRECTION ( 'NONE',  ( 0.000000000000000000, 0.000000000000000000, -1.000000000000000000 ) ) ;
#7891 = AXIS2_PLACEMENT_3D ( 'NONE', #5891, #5233, #204 ) ;
#7892 = CARTESIAN_POINT ( 'NONE',  ( -42.26428640000786174, 22.25864506693676859, -26.58211138907234172 ) ) ;
#7893 = VERTEX_POINT ( 'NONE', #4135 ) ;
#7894 = FACE_OUTER_BOUND ( 'NONE', #4931, .T. ) ;
#7895 = DIRECTION ( 'NONE',  ( -0.2756373558170042704, -0.9612616959383174509, 0.000000000000000000 ) ) ;
#7896 = EDGE_CURVE ( 'NONE', #5622, #1307, #2332, .T. ) ;
#7897 = CARTESIAN_POINT ( 'NONE',  ( 19.49625977300406632, 7.500000000000000000, -33.62500000000000000 ) ) ;
#7898 = AXIS2_PLACEMENT_3D ( 'NONE', #6931, #1208, #3718 ) ;
#7899 = ORIENTED_EDGE ( 'NONE', *, *, #3206, .F. ) ;
#7900 = FACE_OUTER_BOUND ( 'NONE', #1145, .T. ) ;
#7901 = LINE ( 'NONE', #2246, #3036 ) ;
#7902 = EDGE_CURVE ( 'NONE', #2071, #6100, #3551, .T. ) ;
#7903 = CARTESIAN_POINT ( 'NONE',  ( 0.000000000000000000, 7.500000000000000000, 34.50374022699554644 ) ) ;
#7904 = CARTESIAN_POINT ( 'NONE',  ( 61.43449314192414334, 7.500000000000000000, -33.36342533005872468 ) ) ;
#7905 = CARTESIAN_POINT ( 'NONE',  ( 43.50374022699593723, 7.500000000000000000, 0.000000000000000000 ) ) ;
#7906 = LINE ( 'NONE', #4099, #1798 ) ;
#7907 = EDGE_LOOP ( 'NONE', ( #5332, #8116, #3907, #3223 ) ) ;
#7908 = ORIENTED_EDGE ( 'NONE', *, *, #2007, .F. ) ;
#7909 = VECTOR ( 'NONE', #2035, 1000.000000000000000 ) ;
#7910 = VERTEX_POINT ( 'NONE', #1713 ) ;
#7911 = VERTEX_POINT ( 'NONE', #5373 ) ;
#7912 = FACE_OUTER_BOUND ( 'NONE', #7614, .T. ) ;
#7913 = EDGE_CURVE ( 'NONE', #3715, #6066, #4842, .T. ) ;
#7914 = CARTESIAN_POINT ( 'NONE',  ( 60.02027957955104398, 7.500000000000000000, 31.94921176768562177 ) ) ;
#7915 = LINE ( 'NONE', #981, #7942 ) ;
#7916 = VERTEX_POINT ( 'NONE', #2200 ) ;
#7917 = VECTOR ( 'NONE', #6034, 1000.000000000000000 ) ;
#7918 = VERTEX_POINT ( 'NONE', #6159 ) ;
#7919 = CARTESIAN_POINT ( 'NONE',  ( 52.80943399447264142, 8.566080860090416138, -25.80943399447301800 ) ) ;
#7920 = VECTOR ( 'NONE', #2548, 1000.000000000000000 ) ;
#7921 = VECTOR ( 'NONE', #1064, 1000.000000000000000 ) ;
#7922 = VERTEX_POINT ( 'NONE', #2944 ) ;
#7923 = ORIENTED_EDGE ( 'NONE', *, *, #7751, .T. ) ;
#7924 = EDGE_CURVE ( 'NONE', #6833, #813, #3510, .T. ) ;
#7925 = VERTEX_POINT ( 'NONE', #7408 ) ;
#7926 = VECTOR ( 'NONE', #3757, 1000.000000000000227 ) ;
#7927 = DIRECTION ( 'NONE',  ( 0.000000000000000000, 0.000000000000000000, 1.000000000000000000 ) ) ;
#7928 = CARTESIAN_POINT ( 'NONE',  ( -25.80943399447264142, 8.566080860090409033, 34.80943399447264142 ) ) ;
#7929 = AXIS2_PLACEMENT_3D ( 'NONE', #2346, #4856, #5559 ) ;
#7930 = CARTESIAN_POINT ( 'NONE',  ( 26.37467487046910009, 10.53731005528973519, -33.62500000000000000 ) ) ;
#7931 = AXIS2_PLACEMENT_3D ( 'NONE', #259, #3262, #3970 ) ;
#7932 = VERTEX_POINT ( 'NONE', #4704 ) ;
#7933 = ORIENTED_EDGE ( 'NONE', *, *, #6253, .T. ) ;
#7934 = PLANE ( 'NONE',  #3003 ) ;
#7935 = CARTESIAN_POINT ( 'NONE',  ( 53.44999999999999574, 10.80000000000000071, -27.55000000000038796 ) ) ;
#7936 = DIRECTION ( 'NONE',  ( -0.5000000000000036637, 0.7071067811865446862, -0.5000000000000006661 ) ) ;
#7937 = VECTOR ( 'NONE', #5951, 1000.000000000000000 ) ;
#7938 = PLANE ( 'NONE',  #2613 ) ;
#7939 = VERTEX_POINT ( 'NONE', #7277 ) ;
#7940 = CARTESIAN_POINT ( 'NONE',  ( 54.49999999999999289, 10.80000000000000426, 36.49999999999959499 ) ) ;
#7941 = PLANE ( 'NONE',  #1465 ) ;
#7942 = VECTOR ( 'NONE', #4682, 1000.000000000000114 ) ;
#7943 = EDGE_CURVE ( 'NONE', #2092, #5259, #1758, .T. ) ;
#7944 = DIRECTION ( 'NONE',  ( -0.000000000000000000, 0.000000000000000000, 1.000000000000000000 ) ) ;
#7945 = ORIENTED_EDGE ( 'NONE', *, *, #3066, .T. ) ;
#7946 = CARTESIAN_POINT ( 'NONE',  ( 52.50374022699593723, 7.500000000000000000, 0.000000000000000000 ) ) ;
#7947 = FACE_OUTER_BOUND ( 'NONE', #1597, .T. ) ;
#7948 = CARTESIAN_POINT ( 'NONE',  ( 0.000000000000000000, 7.500000000000000000, -34.50374022699632093 ) ) ;
#7949 = CARTESIAN_POINT ( 'NONE',  ( -0.4124163967275039089, 7.271022431965715960, 1.561918034079787132 ) ) ;
#7950 = PLANE ( 'NONE',  #4797 ) ;
#7951 = LINE ( 'NONE', #2908, #6137 ) ;
#7952 = ORIENTED_EDGE ( 'NONE', *, *, #951, .T. ) ;
#7953 = ORIENTED_EDGE ( 'NONE', *, *, #3119, .T. ) ;
#7954 = ORIENTED_EDGE ( 'NONE', *, *, #1028, .T. ) ;
#7955 = ORIENTED_EDGE ( 'NONE', *, *, #3000, .T. ) ;
#7956 = DIRECTION ( 'NONE',  ( 1.000000000000000000, 0.000000000000000000, 0.000000000000000000 ) ) ;
#7957 = DIRECTION ( 'NONE',  ( -0.000000000000000000, -0.2756373558170042704, -0.9612616959383174509 ) ) ;
#7958 = LINE ( 'NONE', #6838, #4013 ) ;
#7959 = AXIS2_PLACEMENT_3D ( 'NONE', #5153, #2769, #5283 ) ;
#7960 = ORIENTED_EDGE ( 'NONE', *, *, #6013, .T. ) ;
#7961 = EDGE_CURVE ( 'NONE', #1100, #5834, #7985, .T. ) ;
#7962 = ORIENTED_EDGE ( 'NONE', *, *, #850, .T. ) ;
#7963 = DIRECTION ( 'NONE',  ( 1.000000000000000000, 0.000000000000000000, 0.000000000000000000 ) ) ;
#7964 = VECTOR ( 'NONE', #5800, 1000.000000000000114 ) ;
#7965 = ORIENTED_EDGE ( 'NONE', *, *, #5935, .T. ) ;
#7966 = ORIENTED_EDGE ( 'NONE', *, *, #389, .F. ) ;
#7967 = ADVANCED_FACE ( 'NONE', ( #1008 ), #473, .F. ) ;
#7968 = VECTOR ( 'NONE', #3604, 1000.000000000000000 ) ;
#7969 = EDGE_LOOP ( 'NONE', ( #1113, #175, #5874, #4694 ) ) ;
#7970 = LINE ( 'NONE', #6680, #7284 ) ;
#7971 = EDGE_CURVE ( 'NONE', #1899, #1100, #4219, .T. ) ;
#7972 = EDGE_CURVE ( 'NONE', #2028, #4533, #6610, .T. ) ;
#7973 = DIRECTION ( 'NONE',  ( 0.000000000000000000, 0.000000000000000000, -1.000000000000000000 ) ) ;
#7974 = EDGE_CURVE ( 'NONE', #4819, #961, #3598, .T. ) ;
#7975 = DIRECTION ( 'NONE',  ( 0.000000000000000000, 0.000000000000000000, -1.000000000000000000 ) ) ;
#7976 = ORIENTED_EDGE ( 'NONE', *, *, #864, .T. ) ;
#7977 = VERTEX_POINT ( 'NONE', #2984 ) ;
#7978 = DIRECTION ( 'NONE',  ( 1.000000000000000000, -0.000000000000000000, 0.000000000000000000 ) ) ;
#7979 = LINE ( 'NONE', #293, #3330 ) ;
#7980 = LINE ( 'NONE', #2326, #122 ) ;
#7981 = CARTESIAN_POINT ( 'NONE',  ( -17.44999999999999929, 10.80000000000000426, -33.62500000000000000 ) ) ;
#7982 = ORIENTED_EDGE ( 'NONE', *, *, #792, .T. ) ;
#7983 = FACE_OUTER_BOUND ( 'NONE', #6911, .T. ) ;
#7984 = DIRECTION ( 'NONE',  ( 0.000000000000000000, 0.000000000000000000, -1.000000000000000000 ) ) ;
#7985 = LINE ( 'NONE', #383, #4085 ) ;
#7986 = FACE_OUTER_BOUND ( 'NONE', #4332, .T. ) ;
#7987 = PLANE ( 'NONE',  #5922 ) ;
#7988 = LINE ( 'NONE', #4222, #5925 ) ;
#7989 = AXIS2_PLACEMENT_3D ( 'NONE', #5830, #3976, #807 ) ;
#7990 = PLANE ( 'NONE',  #6837 ) ;
#7991 = DIRECTION ( 'NONE',  ( 0.000000000000000000, 0.000000000000000000, 1.000000000000000000 ) ) ;
#7992 = CARTESIAN_POINT ( 'NONE',  ( 1.496259773004063209, 7.500000000000000000, 0.000000000000000000 ) ) ;
#7993 = EDGE_CURVE ( 'NONE', #3457, #6497, #5989, .T. ) ;
#7994 = ORIENTED_EDGE ( 'NONE', *, *, #4514, .F. ) ;
#7995 = ADVANCED_FACE ( 'NONE', ( #7444 ), #705, .F. ) ;
#7996 = AXIS2_PLACEMENT_3D ( 'NONE', #5212, #5870, #222 ) ;
#7997 = ORIENTED_EDGE ( 'NONE', *, *, #7581, .T. ) ;
#7998 = ORIENTED_EDGE ( 'NONE', *, *, #5281, .T. ) ;
#7999 = ORIENTED_EDGE ( 'NONE', *, *, #2097, .T. ) ;
#8000 = LINE ( 'NONE', #3041, #1074 ) ;
#8001 = DIRECTION ( 'NONE',  ( 0.000000000000000000, 0.000000000000000000, 1.000000000000000000 ) ) ;
#8002 = DIRECTION ( 'NONE',  ( 0.000000000000000000, 0.000000000000000000, 1.000000000000000000 ) ) ;
#8003 = EDGE_CURVE ( 'NONE', #1523, #5401, #7, .T. ) ;
#8004 = ORIENTED_EDGE ( 'NONE', *, *, #3371, .F. ) ;
#8005 = EDGE_LOOP ( 'NONE', ( #3230, #2676, #4592, #3153 ) ) ;
#8006 = LINE ( 'NONE', #5117, #3085 ) ;
#8007 = VERTEX_POINT ( 'NONE', #3211 ) ;
#8008 = ORIENTED_EDGE ( 'NONE', *, *, #6408, .T. ) ;
#8009 = EDGE_CURVE ( 'NONE', #1413, #7493, #1833, .T. ) ;
#8010 = VECTOR ( 'NONE', #5952, 1000.000000000000114 ) ;
#8011 = ADVANCED_FACE ( 'NONE', ( #3794 ), #6313, .F. ) ;
#8012 = VERTEX_POINT ( 'NONE', #5039 ) ;
#8013 = DIRECTION ( 'NONE',  ( -0.2386847610229699823, 0.8323926831162045126, 0.5001519828512265287 ) ) ;
#8014 = DIRECTION ( 'NONE',  ( -0.5001519828512179799, 0.8323926831162092865, 0.2386847610229711203 ) ) ;
#8015 = CARTESIAN_POINT ( 'NONE',  ( -2.375000000000005773, 7.500000000000000000, -16.50374022699631382 ) ) ;
#8016 = VECTOR ( 'NONE', #5572, 1000.000000000000000 ) ;
#8017 = VERTEX_POINT ( 'NONE', #8067 ) ;
#8018 = ORIENTED_EDGE ( 'NONE', *, *, #2653, .T. ) ;
#8019 = DIRECTION ( 'NONE',  ( 0.2657276780299913099, 0.9267025424900799946, 0.2657276780299913099 ) ) ;
#8020 = CARTESIAN_POINT ( 'NONE',  ( 61.43449314192414334, 9.099999999999983658, 33.36342533005872468 ) ) ;
#8021 = EDGE_CURVE ( 'NONE', #4665, #7696, #1914, .T. ) ;
#8022 = CARTESIAN_POINT ( 'NONE',  ( 26.48410470708678588, 14.51721864012741214, 36.51589529291281622 ) ) ;
#8023 = EDGE_CURVE ( 'NONE', #1057, #3271, #5076, .T. ) ;
#8024 = DIRECTION ( 'NONE',  ( 0.000000000000000000, 0.000000000000000000, -1.000000000000000000 ) ) ;
#8025 = ORIENTED_EDGE ( 'NONE', *, *, #5065, .T. ) ;
#8026 = PLANE ( 'NONE',  #1385 ) ;
#8027 = LINE ( 'NONE', #6158, #6872 ) ;
#8028 = EDGE_CURVE ( 'NONE', #89, #3450, #1325, .T. ) ;
#8029 = LINE ( 'NONE', #2854, #1979 ) ;
#8030 = CARTESIAN_POINT ( 'NONE',  ( 53.44999999999999574, 10.80000000000000071, 26.44999999999961204 ) ) ;
#8031 = DIRECTION ( 'NONE',  ( -0.7071067811865497932, 2.453269466693400041E-14, -0.7071067811865452413 ) ) ;
#8032 = DIRECTION ( 'NONE',  ( 1.000000000000000000, 0.000000000000000000, 0.000000000000000000 ) ) ;
#8033 = LINE ( 'NONE', #7282, #7085 ) ;
#8034 = DIRECTION ( 'NONE',  ( -1.000000000000000000, -0.000000000000000000, -0.000000000000000000 ) ) ;
#8035 = VECTOR ( 'NONE', #7819, 999.9999999999998863 ) ;
#8036 = CARTESIAN_POINT ( 'NONE',  ( 51.62500000000000711, 7.500000000000000000, 25.50374022699554288 ) ) ;
#8037 = ORIENTED_EDGE ( 'NONE', *, *, #4809, .F. ) ;
#8038 = ORIENTED_EDGE ( 'NONE', *, *, #4907, .T. ) ;
#8039 = ORIENTED_EDGE ( 'NONE', *, *, #6408, .F. ) ;
#8040 = ORIENTED_EDGE ( 'NONE', *, *, #6239, .F. ) ;
#8041 = DIRECTION ( 'NONE',  ( 0.2756373558170042704, -0.9612616959383174509, 0.000000000000000000 ) ) ;
#8042 = LINE ( 'NONE', #2308, #420 ) ;
#8043 = PLANE ( 'NONE',  #5068 ) ;
#8044 = ORIENTED_EDGE ( 'NONE', *, *, #5854, .F. ) ;
#8045 = VERTEX_POINT ( 'NONE', #4922 ) ;
#8046 = ORIENTED_EDGE ( 'NONE', *, *, #3565, .F. ) ;
#8047 = AXIS2_PLACEMENT_3D ( 'NONE', #2025, #83, #2109 ) ;
#8048 = VECTOR ( 'NONE', #5198, 1000.000000000000114 ) ;
#8049 = ORIENTED_EDGE ( 'NONE', *, *, #3077, .T. ) ;
#8050 = LINE ( 'NONE', #577, #2657 ) ;
#8051 = FACE_OUTER_BOUND ( 'NONE', #2352, .T. ) ;
#8052 = CARTESIAN_POINT ( 'NONE',  ( 10.49625977300407165, 7.500000000000000000, 33.62500000000000000 ) ) ;
#8053 =( GEOMETRIC_REPRESENTATION_CONTEXT ( 3 ) GLOBAL_UNCERTAINTY_ASSIGNED_CONTEXT ( ( #648 ) ) GLOBAL_UNIT_ASSIGNED_CONTEXT ( ( #881, #2814, #3881 ) ) REPRESENTATION_CONTEXT ( 'NONE', 'WORKASPACE' ) );
#8054 = VERTEX_POINT ( 'NONE', #3105 ) ;
#8056 = VERTEX_POINT ( 'NONE', #5582 ) ;
#8055 = DIRECTION ( 'NONE',  ( 0.000000000000000000, 0.000000000000000000, -1.000000000000000000 ) ) ;
#8057 = CARTESIAN_POINT ( 'NONE',  ( 45.54999999999999005, 10.80000000000000071, -9.550000000000384404 ) ) ;
#8058 = VECTOR ( 'NONE', #5234, 1000.000000000000000 ) ;
#8059 = LINE ( 'NONE', #7517, #433 ) ;
#8060 = CARTESIAN_POINT ( 'NONE',  ( 52.80943399447264142, 8.566080860090407256, 19.19056600552696423 ) ) ;
#8061 = DIRECTION ( 'NONE',  ( 0.8164965809277101583, -0.5773502691896481576, 0.000000000000000000 ) ) ;
#8062 = ORIENTED_EDGE ( 'NONE', *, *, #811, .T. ) ;
#8063 = PLANE ( 'NONE',  #2703 ) ;
#8064 = CARTESIAN_POINT ( 'NONE',  ( -62.00000000000000000, 7.500000000000000000, 41.00000000000000000 ) ) ;
#8065 = CARTESIAN_POINT ( 'NONE',  ( 27.54999999999999005, 10.80000000000000071, 35.44999999999961204 ) ) ;
#8066 = EDGE_CURVE ( 'NONE', #5170, #2323, #4341, .T. ) ;
#8067 = CARTESIAN_POINT ( 'NONE',  ( 54.49999999999999289, 10.80000000000000426, -36.50000000000039080 ) ) ;
#8068 = LINE ( 'NONE', #2245, #6471 ) ;
#8069 = DIRECTION ( 'NONE',  ( -0.000000000000000000, -0.000000000000000000, 1.000000000000000000 ) ) ;
#8070 = DIRECTION ( 'NONE',  ( 0.000000000000000000, -0.2756373558170042704, 0.9612616959383174509 ) ) ;
#8071 = EDGE_CURVE ( 'NONE', #7316, #1732, #1876, .T. ) ;
#8072 = CARTESIAN_POINT ( 'NONE',  ( -51.62500000000000000, 10.53731005528969256, -33.62500000000000000 ) ) ;
#8073 = DIRECTION ( 'NONE',  ( 0.000000000000000000, 0.000000000000000000, -1.000000000000000000 ) ) ;
#8074 = CARTESIAN_POINT ( 'NONE',  ( -52.80943399447264142, 8.566080860090407256, 0.000000000000000000 ) ) ;
#8075 = ORIENTED_EDGE ( 'NONE', *, *, #3435, .T. ) ;
#8076 = EDGE_CURVE ( 'NONE', #2823, #1407, #5655, .T. ) ;
#8077 = VERTEX_POINT ( 'NONE', #6823 ) ;
#8078 = EDGE_LOOP ( 'NONE', ( #6820, #3200, #6224, #8087 ) ) ;
#8079 = VERTEX_POINT ( 'NONE', #1249 ) ;
#8080 = CARTESIAN_POINT ( 'NONE',  ( 51.62500000000000000, 10.80000000000000426, -33.62500000000000000 ) ) ;
#8081 = PLANE ( 'NONE',  #3277 ) ;
#8082 = VECTOR ( 'NONE', #3493, 1000.000000000000000 ) ;
#8083 = PLANE ( 'NONE',  #4672 ) ;
#8084 = ORIENTED_EDGE ( 'NONE', *, *, #877, .T. ) ;
#8085 = ORIENTED_EDGE ( 'NONE', *, *, #2768, .T. ) ;
#8086 = VERTEX_POINT ( 'NONE', #44 ) ;
#8087 = ORIENTED_EDGE ( 'NONE', *, *, #6899, .F. ) ;
#8088 = LINE ( 'NONE', #3228, #1262 ) ;
#8089 = ADVANCED_FACE ( 'NONE', ( #7593 ), #3759, .F. ) ;
#8090 = DIRECTION ( 'NONE',  ( 0.000000000000000000, -0.2756373558170042704, 0.9612616959383174509 ) ) ;
#8091 = EDGE_CURVE ( 'NONE', #3985, #4509, #1287, .T. ) ;
#8092 = FACE_OUTER_BOUND ( 'NONE', #195, .T. ) ;
#8093 = EDGE_CURVE ( 'NONE', #6100, #6730, #1171, .T. ) ;
#8095 = VERTEX_POINT ( 'NONE', #6935 ) ;
#8094 = CARTESIAN_POINT ( 'NONE',  ( 1.190566005527356142, 8.566080860090391269, 0.000000000000000000 ) ) ;
#8096 = VECTOR ( 'NONE', #1333, 1000.000000000000000 ) ;
#8097 = CARTESIAN_POINT ( 'NONE',  ( -1.190566005527361249, 8.566080860090398374, 0.000000000000000000 ) ) ;
#8098 = LINE ( 'NONE', #3275, #3975 ) ;
#8099 = PLANE ( 'NONE',  #1070 ) ;
#8100 = DIRECTION ( 'NONE',  ( 0.000000000000000000, 0.000000000000000000, 1.000000000000000000 ) ) ;
#8101 = ORIENTED_EDGE ( 'NONE', *, *, #7089, .T. ) ;
#8102 = CARTESIAN_POINT ( 'NONE',  ( 0.000000000000000000, 10.80000000000000071, 33.62500000000000000 ) ) ;
#8103 = EDGE_CURVE ( 'NONE', #986, #4109, #3681, .T. ) ;
#8104 = LINE ( 'NONE', #6346, #2518 ) ;
#8105 = CARTESIAN_POINT ( 'NONE',  ( 40.07937528197223287, 29.75245638442227047, -22.88452941702864862 ) ) ;
#8106 = LINE ( 'NONE', #2558, #3234 ) ;
#8107 = DIRECTION ( 'NONE',  ( 0.000000000000000000, 0.000000000000000000, -1.000000000000000000 ) ) ;
#8108 = PLANE ( 'NONE',  #4350 ) ;
#8109 = FACE_OUTER_BOUND ( 'NONE', #2294, .T. ) ;
#8110 = CARTESIAN_POINT ( 'NONE',  ( -44.44999999999999574, 10.80000000000000426, 33.62500000000000000 ) ) ;
#8111 = DIRECTION ( 'NONE',  ( 0.2386847610229713423, -0.8323926831162092865, 0.5001519828512179799 ) ) ;
#8112 = ORIENTED_EDGE ( 'NONE', *, *, #1967, .F. ) ;
#8113 = ORIENTED_EDGE ( 'NONE', *, *, #4676, .F. ) ;
#8114 = VECTOR ( 'NONE', #6248, 1000.000000000000000 ) ;
#8115 = ORIENTED_EDGE ( 'NONE', *, *, #1976, .T. ) ;
#8116 = ORIENTED_EDGE ( 'NONE', *, *, #7550, .T. ) ;
#8117 = LINE ( 'NONE', #6363, #275 ) ;
#8118 = CARTESIAN_POINT ( 'NONE',  ( -0.5500000000000088152, 7.500000000000000000, 35.45000000000000995 ) ) ;
#8119 = EDGE_CURVE ( 'NONE', #4526, #3875, #6241, .T. ) ;
#8120 = DIRECTION ( 'NONE',  ( -0.2657276780299913099, 0.9267025424900799946, 0.2657276780299913099 ) ) ;
#8121 = EDGE_CURVE ( 'NONE', #3271, #7286, #555, .T. ) ;
#8122 = EDGE_CURVE ( 'NONE', #2259, #7826, #5185, .T. ) ;
#8123 = AXIS2_PLACEMENT_3D ( 'NONE', #5328, #1580, #2197 ) ;
#8124 = ORIENTED_EDGE ( 'NONE', *, *, #5415, .F. ) ;
#8125 = ORIENTED_EDGE ( 'NONE', *, *, #4278, .T. ) ;
#8127 = VERTEX_POINT ( 'NONE', #2751 ) ;
#8126 = EDGE_CURVE ( 'NONE', #6286, #4819, #2139, .T. ) ;
#8128 = EDGE_CURVE ( 'NONE', #1077, #4854, #5927, .T. ) ;
#8129 = EDGE_LOOP ( 'NONE', ( #1429, #1102, #2583, #2190 ) ) ;
#8130 = PLANE ( 'NONE',  #3467 ) ;
#8131 = LINE ( 'NONE', #7512, #7920 ) ;
#8132 = VECTOR ( 'NONE', #6866, 1000.000000000000000 ) ;
#8133 = VECTOR ( 'NONE', #345, 1000.000000000000000 ) ;
#8135 = ORIENTED_EDGE ( 'NONE', *, *, #6883, .T. ) ;
#8134 = CARTESIAN_POINT ( 'NONE',  ( -53.44999999999999574, 10.80000000000000071, -17.45000000000039009 ) ) ;
#8136 = DIRECTION ( 'NONE',  ( 0.9612616959383175619, -0.2756373558170040483, 0.000000000000000000 ) ) ;
#8137 = DIRECTION ( 'NONE',  ( 0.000000000000000000, 0.000000000000000000, -1.000000000000000000 ) ) ;
#8138 = LINE ( 'NONE', #4378, #5567 ) ;
#8139 = CARTESIAN_POINT ( 'NONE',  ( 51.33839134370868607, 3.435945472310297788, -15.33839134370907686 ) ) ;
#8140 = VECTOR ( 'NONE', #7142, 1000.000000000000000 ) ;
#8141 = CARTESIAN_POINT ( 'NONE',  ( 2.375000000000006217, 10.53731005528968723, 27.62532512953050912 ) ) ;
#8142 = CARTESIAN_POINT ( 'NONE',  ( -27.54999999999999361, 10.80000000000000071, -27.55000000000038796 ) ) ;
#8143 = CARTESIAN_POINT ( 'NONE',  ( 43.80943399447252773, 8.566080860089996918, -34.80943399447291853 ) ) ;
#8144 = DIRECTION ( 'NONE',  ( -0.9612616959383174509, -0.2756373558170042704, 0.000000000000000000 ) ) ;
#8145 = DIRECTION ( 'NONE',  ( 1.000000000000000000, 0.000000000000000000, 0.000000000000000000 ) ) ;
#8146 = DIRECTION ( 'NONE',  ( 0.2657276780299894225, -0.9267025424900811048, 0.2657276780299894225 ) ) ;
#8147 = EDGE_LOOP ( 'NONE', ( #6001, #3882, #1702, #2350 ) ) ;
#8148 = CARTESIAN_POINT ( 'NONE',  ( 2.375000000000005773, 10.80000000000000426, 27.54999999999960991 ) ) ;
#8149 = ORIENTED_EDGE ( 'NONE', *, *, #7043, .T. ) ;
#8150 = CARTESIAN_POINT ( 'NONE',  ( -0.5499999999999949374, 10.80000000000000071, -27.55000000000038796 ) ) ;
#8151 = EDGE_CURVE ( 'NONE', #4497, #89, #280, .T. ) ;
#8152 = EDGE_CURVE ( 'NONE', #4213, #7311, #6586, .T. ) ;
#8153 = ORIENTED_EDGE ( 'NONE', *, *, #5590, .T. ) ;
#8154 = ORIENTED_EDGE ( 'NONE', *, *, #4108, .F. ) ;
#8155 = VERTEX_POINT ( 'NONE', #5843 ) ;
#8156 = DIRECTION ( 'NONE',  ( 0.000000000000000000, 0.000000000000000000, 1.000000000000000000 ) ) ;
#8157 = FACE_OUTER_BOUND ( 'NONE', #946, .T. ) ;
#8158 = VECTOR ( 'NONE', #5869, 1000.000000000000000 ) ;
#8159 = DIRECTION ( 'NONE',  ( -0.000000000000000000, 0.000000000000000000, 1.000000000000000000 ) ) ;
#8160 = AXIS2_PLACEMENT_3D ( 'NONE', #731, #3238, #5188 ) ;
#8161 = ORIENTED_EDGE ( 'NONE', *, *, #4468, .T. ) ;
#8162 = EDGE_CURVE ( 'NONE', #7007, #4353, #943, .T. ) ;
#8163 = EDGE_CURVE ( 'NONE', #7932, #6834, #2666, .T. ) ;
#8164 = ORIENTED_EDGE ( 'NONE', *, *, #7037, .T. ) ;
#8165 = PRODUCT_DEFINITION_CONTEXT ( 'detailed design', #5258, 'design' ) ;
#8166 = ORIENTED_EDGE ( 'NONE', *, *, #2101, .T. ) ;
#8167 = AXIS2_PLACEMENT_3D ( 'NONE', #3686, #6207, #4456 ) ;
#8168 = VERTEX_POINT ( 'NONE', #3447 ) ;
#8169 = LINE ( 'NONE', #1861, #839 ) ;
#8170 = DIRECTION ( 'NONE',  ( 0.5000000000000036637, -0.7071067811865446862, -0.5000000000000006661 ) ) ;
#8173 = ORIENTED_EDGE ( 'NONE', *, *, #918, .F. ) ;
#8172 = LINE ( 'NONE', #3097, #3893 ) ;
#8171 = VECTOR ( 'NONE', #3714, 1000.000000000000000 ) ;
#8174 = VECTOR ( 'NONE', #7291, 1000.000000000000227 ) ;
#8175 = CARTESIAN_POINT ( 'NONE',  ( 61.85875721063606392, 9.699999999999974420, -33.78768939877064525 ) ) ;
#8176 = DIRECTION ( 'NONE',  ( -0.7071067811865474617, 0.000000000000000000, 0.7071067811865474617 ) ) ;
ENDSEC;
END-ISO-10303-21;
