ISO-10303-21;
HEADER;
FILE_DESCRIPTION (( 'STEP AP214' ),
    '1' );
FILE_NAME ('3 Segment Subtap.STEP',
    '2026-09-02T23:00:15',
    ( '' ),
    ( '' ),
    'SwSTEP 2.0',
    'SolidWorks 2024',
    '' );
FILE_SCHEMA (( 'AUTOMOTIVE_DESIGN' ));
ENDSEC;

DATA;
#1 = LINE ( 'NONE', #9329, #4371 ) ;
#2 = CARTESIAN_POINT ( 'NONE',  ( 53.44999999999999574, 10.80000000000000071, 26.44999999999961204 ) ) ;
#3 = CARTESIAN_POINT ( 'NONE',  ( 54.49999999999999289, 10.80000000000000426, -36.50000000000039080 ) ) ;
#4 = DIRECTION ( 'NONE',  ( 1.000000000000000000, 0.000000000000000000, 0.000000000000000000 ) ) ;
#5 = ORIENTED_EDGE ( 'NONE', *, *, #8517, .F. ) ;
#6 = ORIENTED_EDGE ( 'NONE', *, *, #8203, .F. ) ;
#7 = CARTESIAN_POINT ( 'NONE',  ( 26.45000000000000284, 10.80000000000000071, 35.44999999999961204 ) ) ;
#8 = DIRECTION ( 'NONE',  ( 0.000000000000000000, 0.9612616959383174509, -0.2756373558170042704 ) ) ;
#9 = VERTEX_POINT ( 'NONE', #7135 ) ;
#10 = EDGE_CURVE ( 'NONE', #4682, #652, #7185, .T. ) ;
#11 = CARTESIAN_POINT ( 'NONE',  ( 36.54999999999999716, 10.80000000000000071, -35.45000000000039364 ) ) ;
#12 = ORIENTED_EDGE ( 'NONE', *, *, #319, .F. ) ;
#13 = VECTOR ( 'NONE', #1229, 1000.000000000000114 ) ;
#14 = DIRECTION ( 'NONE',  ( -1.000000000000000000, 0.000000000000000000, 0.000000000000000000 ) ) ;
#15 = CARTESIAN_POINT ( 'NONE',  ( -18.54999999999999716, 10.80000000000000071, 18.54999999999960991 ) ) ;
#16 = CARTESIAN_POINT ( 'NONE',  ( 44.37467487046908587, 10.53731005528965881, 33.62500000000000000 ) ) ;
#17 = VERTEX_POINT ( 'NONE', #216 ) ;
#18 = CARTESIAN_POINT ( 'NONE',  ( 53.44999999999999574, 86.52417351671579127, -35.45000000000003126 ) ) ;
#19 = ORIENTED_EDGE ( 'NONE', *, *, #5917, .F. ) ;
#20 = EDGE_LOOP ( 'NONE', ( #9955, #9108, #1682, #5060 ) ) ;
#21 = CARTESIAN_POINT ( 'NONE',  ( 53.24489371323142706, 10.08470937300070069, -9.755106286768954860 ) ) ;
#22 = AXIS2_PLACEMENT_3D ( 'NONE', #4390, #523, #8977 ) ;
#23 = DIRECTION ( 'NONE',  ( 0.9612616959383180060, -0.2756373558170023830, 0.000000000000000000 ) ) ;
#24 = CARTESIAN_POINT ( 'NONE',  ( -53.44999999999999574, 10.80000000000000071, -17.45000000000039009 ) ) ;
#25 = EDGE_LOOP ( 'NONE', ( #8427, #5214, #4729, #2985, #9557, #3517, #1744, #9612, #2700, #8577, #8312, #5353, #7969, #6610, #4618, #2310, #6579, #8617, #441, #5367, #5023, #1789, #1791, #5423, #4364, #3783, #8988, #9811, #6777, #8008, #1423, #6542 ) ) ;
#26 = LINE ( 'NONE', #2270, #2087 ) ;
#27 = VECTOR ( 'NONE', #961, 1000.000000000000000 ) ;
#28 = VECTOR ( 'NONE', #8673, 1000.000000000000114 ) ;
#29 = DIRECTION ( 'NONE',  ( 0.2756373558170042704, 0.9612616959383174509, 0.000000000000000000 ) ) ;
#30 = CARTESIAN_POINT ( 'NONE',  ( -16.60939292339048734, 7.868454739437104273, 1.390607076609126302 ) ) ;
#31 = EDGE_CURVE ( 'NONE', #5232, #4850, #9495, .T. ) ;
#32 = ORIENTED_EDGE ( 'NONE', *, *, #4610, .F. ) ;
#33 = ORIENTED_EDGE ( 'NONE', *, *, #541, .T. ) ;
#34 = PLANE ( 'NONE',  #3601 ) ;
#35 = ORIENTED_EDGE ( 'NONE', *, *, #4804, .F. ) ;
#36 = ORIENTED_EDGE ( 'NONE', *, *, #3789, .F. ) ;
#37 = DIRECTION ( 'NONE',  ( 0.000000000000000000, -0.2756373558170023830, 0.9612616959383180060 ) ) ;
#38 = VECTOR ( 'NONE', #3177, 1000.000000000000000 ) ;
#39 = LINE ( 'NONE', #1519, #8245 ) ;
#40 = CARTESIAN_POINT ( 'NONE',  ( -17.44999999999999929, 10.80000000000000071, 8.449999999999617373 ) ) ;
#41 = LINE ( 'NONE', #1721, #3977 ) ;
#42 = EDGE_CURVE ( 'NONE', #2629, #4373, #3937, .T. ) ;
#43 = DIRECTION ( 'NONE',  ( -1.000000000000000000, -0.000000000000000000, -0.000000000000000000 ) ) ;
#44 = DIRECTION ( 'NONE',  ( -3.976443497941104043E-16, 0.000000000000000000, 1.000000000000000000 ) ) ;
#45 = CARTESIAN_POINT ( 'NONE',  ( -8.449999999999999289, 10.80000000000000071, 35.44999999999961204 ) ) ;
#46 = ORIENTED_EDGE ( 'NONE', *, *, #1274, .T. ) ;
#47 = FACE_OUTER_BOUND ( 'NONE', #7520, .T. ) ;
#48 = EDGE_CURVE ( 'NONE', #4101, #4662, #7226, .T. ) ;
#49 = EDGE_CURVE ( 'NONE', #2329, #2683, #4127, .T. ) ;
#50 = DIRECTION ( 'NONE',  ( -0.000000000000000000, -0.000000000000000000, 1.000000000000000000 ) ) ;
#51 = CARTESIAN_POINT ( 'NONE',  ( -51.62500000000000711, 10.53731005528969078, -0.6253251295312850511 ) ) ;
#52 = ORIENTED_EDGE ( 'NONE', *, *, #2991, .F. ) ;
#53 = EDGE_LOOP ( 'NONE', ( #1736, #3384, #9506, #1618 ) ) ;
#54 = ADVANCED_FACE ( 'NONE', ( #2457 ), #9447, .F. ) ;
#55 = LINE ( 'NONE', #8663, #5715 ) ;
#56 = LINE ( 'NONE', #6268, #1961 ) ;
#57 = ORIENTED_EDGE ( 'NONE', *, *, #7159, .F. ) ;
#58 = CARTESIAN_POINT ( 'NONE',  ( -18.54999999999999716, 10.80000000000000071, -27.55000000000038796 ) ) ;
#59 = ORIENTED_EDGE ( 'NONE', *, *, #3406, .F. ) ;
#60 = PLANE ( 'NONE',  #5924 ) ;
#61 = LINE ( 'NONE', #782, #3208 ) ;
#62 = LINE ( 'NONE', #1646, #9208 ) ;
#63 = FACE_OUTER_BOUND ( 'NONE', #6346, .T. ) ;
#64 = AXIS2_PLACEMENT_3D ( 'NONE', #7654, #5368, #1644 ) ;
#65 = CARTESIAN_POINT ( 'NONE',  ( -9.549999999999995381, 10.80000000000000071, -35.45000000000039364 ) ) ;
#66 = ORIENTED_EDGE ( 'NONE', *, *, #3935, .T. ) ;
#67 = ORIENTED_EDGE ( 'NONE', *, *, #5326, .T. ) ;
#68 = EDGE_CURVE ( 'NONE', #9533, #8938, #6472, .T. ) ;
#69 = LINE ( 'NONE', #7230, #3415 ) ;
#70 = LINE ( 'NONE', #3167, #9236 ) ;
#71 = VECTOR ( 'NONE', #9422, 1000.000000000000000 ) ;
#72 = LINE ( 'NONE', #1460, #2415 ) ;
#73 = VERTEX_POINT ( 'NONE', #4749 ) ;
#74 = LINE ( 'NONE', #5529, #6148 ) ;
#75 = LINE ( 'NONE', #2321, #4634 ) ;
#76 = DIRECTION ( 'NONE',  ( 0.000000000000000000, 0.000000000000000000, 1.000000000000000000 ) ) ;
#77 = ORIENTED_EDGE ( 'NONE', *, *, #5339, .T. ) ;
#78 = VERTEX_POINT ( 'NONE', #5710 ) ;
#79 = ADVANCED_FACE ( 'NONE', ( #63 ), #6280, .F. ) ;
#80 = EDGE_CURVE ( 'NONE', #1560, #855, #7904, .T. ) ;
#81 = CARTESIAN_POINT ( 'NONE',  ( -57.99999999999999289, 7.500000000000000000, 8.000000000000000000 ) ) ;
#82 = ORIENTED_EDGE ( 'NONE', *, *, #9242, .F. ) ;
#83 = ORIENTED_EDGE ( 'NONE', *, *, #9085, .F. ) ;
#84 = VECTOR ( 'NONE', #5767, 1000.000000000000000 ) ;
#85 = CARTESIAN_POINT ( 'NONE',  ( 51.62500000000000000, 10.80000000000000426, -33.62500000000000000 ) ) ;
#86 = CARTESIAN_POINT ( 'NONE',  ( -15.62500000000000711, 7.500000000000000000, -28.49625977300445356 ) ) ;
#87 = CARTESIAN_POINT ( 'NONE',  ( 20.37499999999998934, 10.80000000000000426, -27.55000000000038796 ) ) ;
#88 = VECTOR ( 'NONE', #4193, 1000.000000000000000 ) ;
#89 = CARTESIAN_POINT ( 'NONE',  ( -18.54999999999999716, 7.500000000000000000, 35.44999999999998153 ) ) ;
#90 = ORIENTED_EDGE ( 'NONE', *, *, #8126, .T. ) ;
#91 = CARTESIAN_POINT ( 'NONE',  ( -8.374674870469107191, 10.53731005528972453, -33.62500000000000000 ) ) ;
#92 = LINE ( 'NONE', #5641, #840 ) ;
#93 = VECTOR ( 'NONE', #6931, 1000.000000000000114 ) ;
#94 = EDGE_CURVE ( 'NONE', #2501, #3734, #4083, .T. ) ;
#95 = PLANE ( 'NONE',  #1432 ) ;
#96 = ORIENTED_EDGE ( 'NONE', *, *, #6244, .T. ) ;
#97 = VECTOR ( 'NONE', #7059, 1000.000000000000000 ) ;
#98 = CARTESIAN_POINT ( 'NONE',  ( 0.000000000000000000, 7.500000000000000000, 25.50374022699554288 ) ) ;
#99 = AXIS2_PLACEMENT_3D ( 'NONE', #5696, #6409, #9623 ) ;
#100 = CARTESIAN_POINT ( 'NONE',  ( 16.80943399447265207, 8.566080860090391269, -7.809433994473032215 ) ) ;
#101 = CARTESIAN_POINT ( 'NONE',  ( -0.5499999999999949374, 10.80000000000000426, 33.62500000000000000 ) ) ;
#102 = VERTEX_POINT ( 'NONE', #2556 ) ;
#103 = ORIENTED_EDGE ( 'NONE', *, *, #1053, .F. ) ;
#104 = CARTESIAN_POINT ( 'NONE',  ( 20.37499999999998934, 10.80000000000000426, -9.550000000000384404 ) ) ;
#105 = CARTESIAN_POINT ( 'NONE',  ( 0.000000000000000000, 7.500000000000000000, 7.503740226995549101 ) ) ;
#106 = VECTOR ( 'NONE', #8910, 1000.000000000000000 ) ;
#107 = EDGE_CURVE ( 'NONE', #9096, #2329, #2410, .T. ) ;
#108 = ADVANCED_FACE ( 'NONE', ( #4038 ), #1648, .F. ) ;
#109 = VERTEX_POINT ( 'NONE', #3986 ) ;
#110 = DIRECTION ( 'NONE',  ( 0.8571673007021116675, 0.5150380749100552658, 0.000000000000000000 ) ) ;
#111 = ORIENTED_EDGE ( 'NONE', *, *, #333, .T. ) ;
#112 = DIRECTION ( 'NONE',  ( -0.2657276780299913099, -0.9267025424900799946, 0.2657276780299913099 ) ) ;
#113 = CARTESIAN_POINT ( 'NONE',  ( 16.80943399447264852, 8.566080860090396598, -28.19056600552774583 ) ) ;
#114 = CARTESIAN_POINT ( 'NONE',  ( -20.37499999999999645, 10.53731005528968723, -33.62500000000000711 ) ) ;
#115 = FACE_OUTER_BOUND ( 'NONE', #568, .T. ) ;
#116 = AXIS2_PLACEMENT_3D ( 'NONE', #697, #3842, #10068 ) ;
#117 = PLANE ( 'NONE',  #1405 ) ;
#118 = ORIENTED_EDGE ( 'NONE', *, *, #2338, .F. ) ;
#119 = LINE ( 'NONE', #884, #2944 ) ;
#120 = ADVANCED_FACE ( 'NONE', ( #3259 ), #8720, .F. ) ;
#121 = FACE_OUTER_BOUND ( 'NONE', #4751, .T. ) ;
#122 = VECTOR ( 'NONE', #942, 1000.000000000000000 ) ;
#123 = VECTOR ( 'NONE', #3567, 1000.000000000000000 ) ;
#124 = DIRECTION ( 'NONE',  ( -0.000000000000000000, -0.000000000000000000, 1.000000000000000000 ) ) ;
#125 = ORIENTED_EDGE ( 'NONE', *, *, #6717, .T. ) ;
#126 = ADVANCED_FACE ( 'NONE', ( #115 ), #6330, .F. ) ;
#127 = ADVANCED_FACE ( 'NONE', ( #8769 ), #1795, .F. ) ;
#128 = FACE_OUTER_BOUND ( 'NONE', #1957, .T. ) ;
#129 = CARTESIAN_POINT ( 'NONE',  ( 0.6253251295308862590, 10.53731005528972631, -33.62500000000000000 ) ) ;
#130 = ORIENTED_EDGE ( 'NONE', *, *, #8875, .T. ) ;
#131 = ORIENTED_EDGE ( 'NONE', *, *, #2437, .F. ) ;
#132 = ORIENTED_EDGE ( 'NONE', *, *, #3643, .F. ) ;
#133 = DIRECTION ( 'NONE',  ( 0.000000000000000000, 0.000000000000000000, -1.000000000000000000 ) ) ;
#134 = AXIS2_PLACEMENT_3D ( 'NONE', #7852, #9588, #3355 ) ;
#135 = EDGE_CURVE ( 'NONE', #7291, #4182, #2854, .T. ) ;
#136 = VERTEX_POINT ( 'NONE', #1073 ) ;
#137 = VECTOR ( 'NONE', #3742, 1000.000000000000000 ) ;
#138 = CARTESIAN_POINT ( 'NONE',  ( -48.93261023597304415, -0.9965637948163279525, 32.06738976402657215 ) ) ;
#139 = CARTESIAN_POINT ( 'NONE',  ( -2.584350778096027737E-16, 8.566080860090011129, -34.80943399447291853 ) ) ;
#140 = CARTESIAN_POINT ( 'NONE',  ( 54.96378475451788859, 7.500000000000000000, 36.49999999999959499 ) ) ;
#141 = EDGE_CURVE ( 'NONE', #3593, #1642, #4332, .T. ) ;
#142 = VECTOR ( 'NONE', #7961, 1000.000000000000000 ) ;
#143 = CARTESIAN_POINT ( 'NONE',  ( -20.02610786645039198, 5.652200105873706804, -6.973892133549991712 ) ) ;
#144 = VERTEX_POINT ( 'NONE', #9078 ) ;
#145 = CARTESIAN_POINT ( 'NONE',  ( -30.93261023597309389, -0.9965637948165171345, -32.06738976402728980 ) ) ;
#146 = EDGE_CURVE ( 'NONE', #6971, #6009, #519, .T. ) ;
#147 = CARTESIAN_POINT ( 'NONE',  ( 20.37499999999998934, 7.500000000000000000, -1.496259773004444904 ) ) ;
#148 = AXIS2_PLACEMENT_3D ( 'NONE', #7688, #7535, #717 ) ;
#149 = DIRECTION ( 'NONE',  ( 3.161696790679823261E-17, -1.102614705486213383E-16, -1.000000000000000000 ) ) ;
#150 = CARTESIAN_POINT ( 'NONE',  ( -13.08484749617240972, 14.76483374945124893, 17.41310221704362959 ) ) ;
#151 = ORIENTED_EDGE ( 'NONE', *, *, #8521, .T. ) ;
#152 = CARTESIAN_POINT ( 'NONE',  ( -53.44999999999999574, 10.80000000000000071, -0.5500000000003835154 ) ) ;
#153 = PLANE ( 'NONE',  #9871 ) ;
#154 = DIRECTION ( 'NONE',  ( 0.000000000000000000, 0.000000000000000000, 1.000000000000000000 ) ) ;
#155 = EDGE_CURVE ( 'NONE', #5232, #5873, #4994, .T. ) ;
#156 = ORIENTED_EDGE ( 'NONE', *, *, #7329, .T. ) ;
#157 = VERTEX_POINT ( 'NONE', #4386 ) ;
#158 = DIRECTION ( 'NONE',  ( 1.000000000000000000, 0.000000000000000000, 0.000000000000000000 ) ) ;
#159 = PLANE ( 'NONE',  #8466 ) ;
#160 = ORIENTED_EDGE ( 'NONE', *, *, #4526, .T. ) ;
#161 = LINE ( 'NONE', #3253, #6477 ) ;
#162 = VERTEX_POINT ( 'NONE', #6724 ) ;
#163 = LINE ( 'NONE', #3255, #5115 ) ;
#164 = DIRECTION ( 'NONE',  ( 0.000000000000000000, -0.9612616959383174509, 0.2756373558170042704 ) ) ;
#165 = LINE ( 'NONE', #3258, #8385 ) ;
#166 = CARTESIAN_POINT ( 'NONE',  ( -51.62500000000000711, 10.80000000000000426, -33.62500000000000711 ) ) ;
#167 = EDGE_CURVE ( 'NONE', #8780, #4416, #7278, .T. ) ;
#168 = CARTESIAN_POINT ( 'NONE',  ( 27.54999999999999005, 10.80000000000000071, 35.44999999999961204 ) ) ;
#169 = VERTEX_POINT ( 'NONE', #468 ) ;
#170 = EDGE_LOOP ( 'NONE', ( #8592, #4208, #3254, #1201 ) ) ;
#171 = CARTESIAN_POINT ( 'NONE',  ( -26.45000000000000284, 10.80000000000000071, 27.54999999999960991 ) ) ;
#172 = VECTOR ( 'NONE', #8, 1000.000000000000114 ) ;
#173 = LINE ( 'NONE', #5621, #3520 ) ;
#174 = LINE ( 'NONE', #1850, #5998 ) ;
#175 = ORIENTED_EDGE ( 'NONE', *, *, #4916, .T. ) ;
#176 = PRESENTATION_STYLE_ASSIGNMENT (( #5005 ) ) ;
#177 = CARTESIAN_POINT ( 'NONE',  ( 0.000000000000000000, 7.500000000000000000, 19.49625977300367552 ) ) ;
#178 = VECTOR ( 'NONE', #1384, 1000.000000000000227 ) ;
#179 = ORIENTED_EDGE ( 'NONE', *, *, #3438, .F. ) ;
#180 = EDGE_LOOP ( 'NONE', ( #9543, #1662, #9087, #6648 ) ) ;
#181 = ADVANCED_FACE ( 'NONE', ( #8147 ), #9842, .F. ) ;
#182 = ORIENTED_EDGE ( 'NONE', *, *, #7360, .F. ) ;
#183 = EDGE_LOOP ( 'NONE', ( #2517, #6132, #1441, #3117 ) ) ;
#184 = CARTESIAN_POINT ( 'NONE',  ( 18.54999999999999716, 10.80000000000000071, -0.5500000000003835154 ) ) ;
#185 = ORIENTED_EDGE ( 'NONE', *, *, #5596, .F. ) ;
#186 = DIRECTION ( 'NONE',  ( -1.000000000000000000, -0.000000000000000000, -0.000000000000000000 ) ) ;
#187 = DIRECTION ( 'NONE',  ( 3.161696790679840518E-17, -1.102614705486210178E-16, -1.000000000000000000 ) ) ;
#188 = AXIS2_PLACEMENT_3D ( 'NONE', #5699, #2546, #7216 ) ;
#189 = CARTESIAN_POINT ( 'NONE',  ( 0.000000000000000000, 7.500000000000000000, 1.496259773003681737 ) ) ;
#190 = AXIS2_PLACEMENT_3D ( 'NONE', #5966, #6562, #2103 ) ;
#191 = DIRECTION ( 'NONE',  ( -0.2657276780299897001, -0.9267025424900808828, 0.2657276780299897001 ) ) ;
#192 = AXIS2_PLACEMENT_3D ( 'NONE', #3856, #6953, #9058 ) ;
#193 = VECTOR ( 'NONE', #2343, 1000.000000000000000 ) ;
#194 = ADVANCED_FACE ( 'NONE', ( #7377 ), #4230, .F. ) ;
#195 = LINE ( 'NONE', #3287, #9307 ) ;
#196 = EDGE_CURVE ( 'NONE', #3577, #6547, #1891, .T. ) ;
#197 = VECTOR ( 'NONE', #1845, 1000.000000000000000 ) ;
#198 = PLANE ( 'NONE',  #7872 ) ;
#199 = DIRECTION ( 'NONE',  ( 0.000000000000000000, 0.000000000000000000, 1.000000000000000000 ) ) ;
#200 = EDGE_LOOP ( 'NONE', ( #5221, #2676, #8267, #2120 ) ) ;
#201 = LINE ( 'NONE', #1783, #8084 ) ;
#202 = VECTOR ( 'NONE', #6798, 1000.000000000000114 ) ;
#203 = LINE ( 'NONE', #301, #5954 ) ;
#204 = FACE_OUTER_BOUND ( 'NONE', #6198, .T. ) ;
#205 = EDGE_CURVE ( 'NONE', #282, #9511, #9791, .T. ) ;
#206 = EDGE_CURVE ( 'NONE', #9802, #6128, #6516, .T. ) ;
#207 = LINE ( 'NONE', #6458, #6206 ) ;
#208 = LINE ( 'NONE', #3978, #8638 ) ;
#209 = ORIENTED_EDGE ( 'NONE', *, *, #4610, .T. ) ;
#210 = EDGE_CURVE ( 'NONE', #1081, #6822, #9635, .T. ) ;
#211 = CARTESIAN_POINT ( 'NONE',  ( 53.44999999999999574, 7.500000000000000000, 35.44999999999998863 ) ) ;
#212 = EDGE_LOOP ( 'NONE', ( #6577, #7074, #1589, #3550 ) ) ;
#213 = DIRECTION ( 'NONE',  ( -0.000000000000000000, 0.9612616959383174509, 0.2756373558170042704 ) ) ;
#214 = PLANE ( 'NONE',  #1603 ) ;
#215 = CARTESIAN_POINT ( 'NONE',  ( -13.90968028962739034, -0.2227888855198031370, 3.710733851115935789 ) ) ;
#216 = CARTESIAN_POINT ( 'NONE',  ( -26.45000000000000284, 10.80000000000000426, 33.62499999999999289 ) ) ;
#217 = CARTESIAN_POINT ( 'NONE',  ( 18.54999999999999716, 10.80000000000000071, 17.44999999999961560 ) ) ;
#218 = ORIENTED_EDGE ( 'NONE', *, *, #5394, .T. ) ;
#219 = ORIENTED_EDGE ( 'NONE', *, *, #8176, .T. ) ;
#220 = EDGE_CURVE ( 'NONE', #6486, #2501, #8204, .T. ) ;
#221 = CARTESIAN_POINT ( 'NONE',  ( -34.50374022699593013, 7.500000000000000000, 0.000000000000000000 ) ) ;
#222 = CARTESIAN_POINT ( 'NONE',  ( 0.000000000000000000, 7.500000000000000000, 25.50374022699554288 ) ) ;
#223 = EDGE_CURVE ( 'NONE', #3101, #2167, #8921, .T. ) ;
#224 = DIRECTION ( 'NONE',  ( -0.4999999999999978906, -0.7071067811865504593, -0.4999999999999978906 ) ) ;
#225 = ORIENTED_EDGE ( 'NONE', *, *, #6779, .T. ) ;
#226 = LINE ( 'NONE', #4093, #9722 ) ;
#227 = CARTESIAN_POINT ( 'NONE',  ( -15.62500000000000711, 7.500000000000000000, -1.496259773004444904 ) ) ;
#228 = ORIENTED_EDGE ( 'NONE', *, *, #7257, .T. ) ;
#229 = EDGE_LOOP ( 'NONE', ( #6416, #2628, #7555, #3989 ) ) ;
#230 = ORIENTED_EDGE ( 'NONE', *, *, #9639, .T. ) ;
#231 = PLANE ( 'NONE',  #1336 ) ;
#232 = ORIENTED_EDGE ( 'NONE', *, *, #6896, .T. ) ;
#233 = LINE ( 'NONE', #2155, #3249 ) ;
#234 = AXIS2_PLACEMENT_3D ( 'NONE', #9165, #3546, #6598 ) ;
#235 = CARTESIAN_POINT ( 'NONE',  ( -52.80943399447264852, 8.566080860090417914, -1.272127533929277047E-16 ) ) ;
#236 = EDGE_CURVE ( 'NONE', #6731, #9802, #1174, .T. ) ;
#237 = LINE ( 'NONE', #1817, #6952 ) ;
#238 = EDGE_CURVE ( 'NONE', #8568, #689, #6616, .T. ) ;
#239 = DIRECTION ( 'NONE',  ( 0.000000000000000000, 0.000000000000000000, -1.000000000000000000 ) ) ;
#240 = ADVANCED_FACE ( 'NONE', ( #5910 ), #2750, .F. ) ;
#241 = AXIS2_PLACEMENT_3D ( 'NONE', #6253, #5442, #4010 ) ;
#242 = ORIENTED_EDGE ( 'NONE', *, *, #8234, .T. ) ;
#243 = LINE ( 'NONE', #2536, #2143 ) ;
#244 = ORIENTED_EDGE ( 'NONE', *, *, #1426, .T. ) ;
#245 = PLANE ( 'NONE',  #3874 ) ;
#246 = VECTOR ( 'NONE', #1394, 1000.000000000000000 ) ;
#247 = CARTESIAN_POINT ( 'NONE',  ( 18.54999999999999716, 10.80000000000000071, -18.55000000000037730 ) ) ;
#248 = EDGE_LOOP ( 'NONE', ( #640, #9370, #5203, #2618 ) ) ;
#249 = FACE_OUTER_BOUND ( 'NONE', #1232, .T. ) ;
#250 = EDGE_CURVE ( 'NONE', #8676, #1242, #2049, .T. ) ;
#251 = EDGE_CURVE ( 'NONE', #1316, #4548, #5358, .T. ) ;
#252 = CARTESIAN_POINT ( 'NONE',  ( -8.449999999999999289, 10.80000000000000426, -33.62500000000000000 ) ) ;
#253 = FACE_OUTER_BOUND ( 'NONE', #7868, .T. ) ;
#254 = VECTOR ( 'NONE', #3872, 1000.000000000000000 ) ;
#255 = DIRECTION ( 'NONE',  ( -0.9612616959383181170, -0.2756373558170021609, 0.000000000000000000 ) ) ;
#256 = LINE ( 'NONE', #4169, #2286 ) ;
#257 = VERTEX_POINT ( 'NONE', #7539 ) ;
#258 = VECTOR ( 'NONE', #7855, 1000.000000000000114 ) ;
#259 = EDGE_LOOP ( 'NONE', ( #175, #9861, #130, #9442 ) ) ;
#260 = VECTOR ( 'NONE', #4270, 1000.000000000000000 ) ;
#261 = CARTESIAN_POINT ( 'NONE',  ( 17.45000000000000639, 10.80000000000000071, 27.54999999999960991 ) ) ;
#262 = ORIENTED_EDGE ( 'NONE', *, *, #3202, .T. ) ;
#263 = LINE ( 'NONE', #3982, #1044 ) ;
#264 = DIRECTION ( 'NONE',  ( 0.000000000000000000, -0.2756373558170042704, 0.9612616959383174509 ) ) ;
#265 = LINE ( 'NONE', #5709, #6273 ) ;
#266 = ORIENTED_EDGE ( 'NONE', *, *, #8378, .T. ) ;
#267 = LINE ( 'NONE', #1892, #4756 ) ;
#268 = VERTEX_POINT ( 'NONE', #8310 ) ;
#269 = EDGE_LOOP ( 'NONE', ( #7507, #4342, #4504, #5196 ) ) ;
#270 = LINE ( 'NONE', #9596, #7319 ) ;
#271 = VECTOR ( 'NONE', #2829, 1000.000000000000114 ) ;
#272 = DIRECTION ( 'NONE',  ( -1.000000000000000000, 0.000000000000000000, 0.000000000000000000 ) ) ;
#273 = DIRECTION ( 'NONE',  ( -0.7071067811865475727, 0.000000000000000000, -0.7071067811865475727 ) ) ;
#274 = ORIENTED_EDGE ( 'NONE', *, *, #6955, .T. ) ;
#275 = ADVANCED_FACE ( 'NONE', ( #2293 ), #3719, .F. ) ;
#276 = CARTESIAN_POINT ( 'NONE',  ( 51.62500000000000000, 10.53731005528968723, -33.62500000000000000 ) ) ;
#277 = VECTOR ( 'NONE', #899, 1000.000000000000000 ) ;
#278 = PLANE ( 'NONE',  #2673 ) ;
#279 = EDGE_LOOP ( 'NONE', ( #2753, #2656, #2006, #8271 ) ) ;
#280 = VERTEX_POINT ( 'NONE', #4436 ) ;
#281 = ORIENTED_EDGE ( 'NONE', *, *, #1915, .F. ) ;
#282 = VERTEX_POINT ( 'NONE', #7644 ) ;
#283 = CARTESIAN_POINT ( 'NONE',  ( 20.37499999999998934, 10.80000000000000426, 33.62500000000000000 ) ) ;
#284 = VERTEX_POINT ( 'NONE', #1531 ) ;
#285 = EDGE_CURVE ( 'NONE', #7447, #1333, #6969, .T. ) ;
#286 = VECTOR ( 'NONE', #2915, 1000.000000000000114 ) ;
#287 = DIRECTION ( 'NONE',  ( 0.9612616959383175619, -0.2756373558170040483, 0.000000000000000000 ) ) ;
#288 = DIRECTION ( 'NONE',  ( -0.000000000000000000, 0.9612616959383180060, 0.2756373558170021054 ) ) ;
#289 = EDGE_CURVE ( 'NONE', #9457, #6068, #3664, .T. ) ;
#290 = CARTESIAN_POINT ( 'NONE',  ( 60.02027957955104398, 10.49999999999999822, -31.94921176768562177 ) ) ;
#291 = VECTOR ( 'NONE', #490, 1000.000000000000114 ) ;
#292 = VECTOR ( 'NONE', #4867, 1000.000000000000000 ) ;
#293 = ORIENTED_EDGE ( 'NONE', *, *, #4937, .F. ) ;
#294 = EDGE_CURVE ( 'NONE', #4154, #4140, #5303, .T. ) ;
#295 = DIRECTION ( 'NONE',  ( -1.000000000000000000, -6.617913326349485696E-16, 0.000000000000000000 ) ) ;
#296 = LINE ( 'NONE', #3387, #5276 ) ;
#297 = AXIS2_PLACEMENT_3D ( 'NONE', #3016, #686, #3113 ) ;
#298 = VECTOR ( 'NONE', #10017, 1000.000000000000000 ) ;
#299 = DIRECTION ( 'NONE',  ( 0.9612616959383174509, -0.2756373558170042704, 0.000000000000000000 ) ) ;
#300 = ORIENTED_EDGE ( 'NONE', *, *, #4775, .T. ) ;
#301 = CARTESIAN_POINT ( 'NONE',  ( 50.70289055386778898, 1.219690838746894768, -23.70289055386817267 ) ) ;
#302 = FACE_OUTER_BOUND ( 'NONE', #8329, .T. ) ;
#303 = VECTOR ( 'NONE', #967, 1000.000000000000000 ) ;
#304 = ADVANCED_FACE ( 'NONE', ( #8457 ), #719, .F. ) ;
#305 = DIRECTION ( 'NONE',  ( -0.5001519828512186461, 0.8323926831162090645, 0.2386847610229710648 ) ) ;
#306 = CARTESIAN_POINT ( 'NONE',  ( 60.72738636073759722, 10.49999999999999822, 32.65631854887217145 ) ) ;
#307 = ORIENTED_EDGE ( 'NONE', *, *, #5069, .F. ) ;
#308 = VERTEX_POINT ( 'NONE', #3 ) ;
#309 = DIRECTION ( 'NONE',  ( -0.000000000000000000, 0.000000000000000000, 1.000000000000000000 ) ) ;
#310 = VERTEX_POINT ( 'NONE', #6217 ) ;
#311 = CARTESIAN_POINT ( 'NONE',  ( -51.62500000000000711, 10.80000000000000426, 27.54999999999960991 ) ) ;
#312 = LINE ( 'NONE', #3210, #6623 ) ;
#313 = FACE_OUTER_BOUND ( 'NONE', #1448, .T. ) ;
#314 = DIRECTION ( 'NONE',  ( -0.7071067811865475727, 0.000000000000000000, 0.7071067811865475727 ) ) ;
#315 = DIRECTION ( 'NONE',  ( 0.5001519828512186461, -0.8323926831162090645, 0.2386847610229710648 ) ) ;
#316 = ORIENTED_EDGE ( 'NONE', *, *, #4873, .F. ) ;
#317 = CARTESIAN_POINT ( 'NONE',  ( 20.37499999999998934, 7.500000000000000000, -25.50374022699630672 ) ) ;
#318 = EDGE_CURVE ( 'NONE', #3770, #4347, #9178, .T. ) ;
#319 = EDGE_CURVE ( 'NONE', #2377, #8215, #4632, .T. ) ;
#320 = CARTESIAN_POINT ( 'NONE',  ( -16.80943399447264497, 8.566080860090417914, -1.272127533929277047E-16 ) ) ;
#321 = CARTESIAN_POINT ( 'NONE',  ( -60.00000000000000000, 8.099999999999999645, -8.000000000000000000 ) ) ;
#322 = ORIENTED_EDGE ( 'NONE', *, *, #6476, .F. ) ;
#323 = DIRECTION ( 'NONE',  ( 0.000000000000000000, 0.000000000000000000, -1.000000000000000000 ) ) ;
#324 = CARTESIAN_POINT ( 'NONE',  ( 45.54999999999999005, 10.80000000000000071, 26.44999999999961204 ) ) ;
#325 = ORIENTED_EDGE ( 'NONE', *, *, #8753, .T. ) ;
#326 = DIRECTION ( 'NONE',  ( 0.000000000000000000, 0.000000000000000000, -1.000000000000000000 ) ) ;
#327 = VERTEX_POINT ( 'NONE', #9897 ) ;
#328 = ORIENTED_EDGE ( 'NONE', *, *, #8837, .T. ) ;
#329 = DIRECTION ( 'NONE',  ( -0.000000000000000000, -0.000000000000000000, 1.000000000000000000 ) ) ;
#330 = ORIENTED_EDGE ( 'NONE', *, *, #10, .F. ) ;
#331 = CARTESIAN_POINT ( 'NONE',  ( 20.37499999999998934, 10.53731005528969789, 33.62500000000000000 ) ) ;
#332 = DIRECTION ( 'NONE',  ( -1.000000000000000000, -0.000000000000000000, -0.000000000000000000 ) ) ;
#333 = EDGE_CURVE ( 'NONE', #144, #2244, #6021, .T. ) ;
#334 = VECTOR ( 'NONE', #1537, 1000.000000000000000 ) ;
#335 = CARTESIAN_POINT ( 'NONE',  ( 62.00000000000000000, 7.500000000000000000, 41.00000000000000000 ) ) ;
#336 = VERTEX_POINT ( 'NONE', #3052 ) ;
#337 = ORIENTED_EDGE ( 'NONE', *, *, #3960, .F. ) ;
#338 = ORIENTED_EDGE ( 'NONE', *, *, #5079, .F. ) ;
#339 = CARTESIAN_POINT ( 'NONE',  ( 20.37499999999998934, 10.80000000000000426, 0.5499999999996132427 ) ) ;
#340 = VECTOR ( 'NONE', #575, 1000.000000000000114 ) ;
#341 = PLANE ( 'NONE',  #564 ) ;
#342 = CARTESIAN_POINT ( 'NONE',  ( 15.62500000000000000, 7.500000000000000000, 19.49625977300367552 ) ) ;
#343 = ORIENTED_EDGE ( 'NONE', *, *, #5443, .T. ) ;
#344 = EDGE_CURVE ( 'NONE', #8181, #1975, #2149, .T. ) ;
#345 = VECTOR ( 'NONE', #4221, 1000.000000000000114 ) ;
#346 = VECTOR ( 'NONE', #8705, 1000.000000000000000 ) ;
#347 = ORIENTED_EDGE ( 'NONE', *, *, #2518, .T. ) ;
#348 = LINE ( 'NONE', #1210, #5788 ) ;
#349 = DIRECTION ( 'NONE',  ( -0.000000000000000000, -0.000000000000000000, 1.000000000000000000 ) ) ;
#350 = FACE_OUTER_BOUND ( 'NONE', #6671, .T. ) ;
#351 = DIRECTION ( 'NONE',  ( 0.000000000000000000, 0.000000000000000000, 1.000000000000000000 ) ) ;
#352 = VECTOR ( 'NONE', #9726, 1000.000000000000000 ) ;
#353 = ORIENTED_EDGE ( 'NONE', *, *, #9746, .F. ) ;
#354 = EDGE_CURVE ( 'NONE', #7519, #2885, #770, .T. ) ;
#355 = DIRECTION ( 'NONE',  ( -1.000000000000000000, 0.000000000000000000, -0.000000000000000000 ) ) ;
#356 = ORIENTED_EDGE ( 'NONE', *, *, #885, .F. ) ;
#357 = EDGE_CURVE ( 'NONE', #4367, #8760, #8409, .T. ) ;
#358 = CARTESIAN_POINT ( 'NONE',  ( 53.88039450307227440, 12.30096400656391431, 18.11960549692732769 ) ) ;
#359 = LINE ( 'NONE', #2695, #1270 ) ;
#360 = DIRECTION ( 'NONE',  ( -0.9612616959383174509, -0.2756373558170042704, 0.000000000000000000 ) ) ;
#361 = EDGE_CURVE ( 'NONE', #631, #257, #10043, .T. ) ;
#362 = DIRECTION ( 'NONE',  ( 1.000000000000000000, 0.000000000000000000, 0.000000000000000000 ) ) ;
#363 = CARTESIAN_POINT ( 'NONE',  ( -15.62500000000000711, 7.500000000000000000, 16.50374022699554644 ) ) ;
#364 = ORIENTED_EDGE ( 'NONE', *, *, #5235, .T. ) ;
#365 = DIRECTION ( 'NONE',  ( -0.7071067811865497932, 0.000000000000000000, 0.7071067811865452413 ) ) ;
#366 = CARTESIAN_POINT ( 'NONE',  ( 53.44999999999999574, 7.500000000000000000, 35.44999999999998863 ) ) ;
#367 = ORIENTED_EDGE ( 'NONE', *, *, #2481, .T. ) ;
#368 = CARTESIAN_POINT ( 'NONE',  ( 17.45000000000000639, 10.80000000000000071, -26.45000000000038298 ) ) ;
#369 = ORIENTED_EDGE ( 'NONE', *, *, #4469, .F. ) ;
#370 = DIRECTION ( 'NONE',  ( -1.000000000000000000, -4.479964619998411121E-16, -1.284609183147281506E-16 ) ) ;
#371 = DIRECTION ( 'NONE',  ( -0.5001519828512185351, -0.8323926831162089535, -0.2386847610229712591 ) ) ;
#372 = EDGE_CURVE ( 'NONE', #1366, #7899, #2247, .T. ) ;
#373 = ORIENTED_EDGE ( 'NONE', *, *, #7174, .F. ) ;
#374 = CARTESIAN_POINT ( 'NONE',  ( -17.45000000000001350, 86.52417351671579127, 35.44999999999997442 ) ) ;
#375 = VERTEX_POINT ( 'NONE', #673 ) ;
#376 = VERTEX_POINT ( 'NONE', #6871 ) ;
#377 = CARTESIAN_POINT ( 'NONE',  ( 52.60939292339054418, 7.868454739437289902, -1.390607076609836623 ) ) ;
#378 = VERTEX_POINT ( 'NONE', #9995 ) ;
#379 = ADVANCED_FACE ( 'NONE', ( #3003 ), #4585, .F. ) ;
#380 = ORIENTED_EDGE ( 'NONE', *, *, #4084, .T. ) ;
#381 = CARTESIAN_POINT ( 'NONE',  ( 53.44999999999999574, -11.50000000000000000, 35.44999999999998863 ) ) ;
#382 = PLANE ( 'NONE',  #7774 ) ;
#383 = EDGE_CURVE ( 'NONE', #652, #5456, #3875, .T. ) ;
#384 = CARTESIAN_POINT ( 'NONE',  ( -46.49625977300406277, 7.500000000000000000, 33.62499999999999289 ) ) ;
#385 = DIRECTION ( 'NONE',  ( 0.9612616959383174509, -0.2756373558170042704, 0.000000000000000000 ) ) ;
#386 = ORIENTED_EDGE ( 'NONE', *, *, #8282, .T. ) ;
#387 = EDGE_LOOP ( 'NONE', ( #7769, #4217, #2744, #750 ) ) ;
#388 = ORIENTED_EDGE ( 'NONE', *, *, #4296, .F. ) ;
#389 = ORIENTED_EDGE ( 'NONE', *, *, #7921, .F. ) ;
#390 = VECTOR ( 'NONE', #7031, 1000.000000000000000 ) ;
#391 = CARTESIAN_POINT ( 'NONE',  ( 52.50374022699592302, 7.500000000000000000, 0.000000000000000000 ) ) ;
#392 = PLANE ( 'NONE',  #1862 ) ;
#393 = DIRECTION ( 'NONE',  ( -0.9612616959383174509, -0.2756373558170042704, 0.000000000000000000 ) ) ;
#394 = ORIENTED_EDGE ( 'NONE', *, *, #6069, .F. ) ;
#395 = VECTOR ( 'NONE', #1005, 1000.000000000000000 ) ;
#396 = EDGE_CURVE ( 'NONE', #8110, #8912, #5454, .T. ) ;
#397 = DIRECTION ( 'NONE',  ( 0.8571673007021116675, 0.5150380749100552658, 0.000000000000000000 ) ) ;
#398 = CARTESIAN_POINT ( 'NONE',  ( -17.44999999999999929, 10.80000000000000071, 9.549999999999611688 ) ) ;
#399 = FACE_OUTER_BOUND ( 'NONE', #6518, .T. ) ;
#400 = EDGE_CURVE ( 'NONE', #4092, #2902, #7988, .T. ) ;
#401 = AXIS2_PLACEMENT_3D ( 'NONE', #2371, #6144, #7916 ) ;
#402 = FACE_OUTER_BOUND ( 'NONE', #6121, .T. ) ;
#403 = ORIENTED_EDGE ( 'NONE', *, *, #1321, .T. ) ;
#404 = DIRECTION ( 'NONE',  ( -1.988221748970552022E-16, 0.000000000000000000, -1.000000000000000000 ) ) ;
#405 = ORIENTED_EDGE ( 'NONE', *, *, #9547, .T. ) ;
#406 = CARTESIAN_POINT ( 'NONE',  ( -20.37499999999999645, 7.500000000000000000, -19.49625977300445356 ) ) ;
#407 = CARTESIAN_POINT ( 'NONE',  ( 15.62500000000000000, 10.80000000000000426, 27.54999999999960991 ) ) ;
#408 = VECTOR ( 'NONE', #3663, 1000.000000000000114 ) ;
#409 = FACE_OUTER_BOUND ( 'NONE', #9437, .T. ) ;
#410 = CARTESIAN_POINT ( 'NONE',  ( -44.44999999999999574, 10.80000000000000071, 35.44999999999961204 ) ) ;
#411 = CARTESIAN_POINT ( 'NONE',  ( 15.62500000000000000, 10.80000000000000071, 0.000000000000000000 ) ) ;
#412 = ORIENTED_EDGE ( 'NONE', *, *, #3686, .F. ) ;
#413 = FACE_BOUND ( 'NONE', #6820, .T. ) ;
#414 = EDGE_CURVE ( 'NONE', #3372, #4966, #6263, .T. ) ;
#415 = CARTESIAN_POINT ( 'NONE',  ( -15.62500000000000711, 10.80000000000000426, 8.449999999999617373 ) ) ;
#416 = VECTOR ( 'NONE', #1784, 1000.000000000000114 ) ;
#417 = LINE ( 'NONE', #1231, #2887 ) ;
#418 = DIRECTION ( 'NONE',  ( 0.000000000000000000, 0.000000000000000000, -1.000000000000000000 ) ) ;
#419 = ORIENTED_EDGE ( 'NONE', *, *, #135, .T. ) ;
#420 = CARTESIAN_POINT ( 'NONE',  ( 9.550000000000002487, 10.80000000000000071, -9.550000000000384404 ) ) ;
#421 = LINE ( 'NONE', #4499, #7772 ) ;
#422 = AXIS2_PLACEMENT_3D ( 'NONE', #8425, #690, #3784 ) ;
#423 = CARTESIAN_POINT ( 'NONE',  ( 51.62500000000000000, 10.53731005528966236, 33.62500000000000000 ) ) ;
#424 = ORIENTED_EDGE ( 'NONE', *, *, #400, .T. ) ;
#425 = VECTOR ( 'NONE', #6895, 1000.000000000000227 ) ;
#426 = CARTESIAN_POINT ( 'NONE',  ( 17.45000000000000639, 10.80000000000000071, -9.550000000000384404 ) ) ;
#427 = EDGE_LOOP ( 'NONE', ( #514, #5132, #9509, #1032 ) ) ;
#428 = ORIENTED_EDGE ( 'NONE', *, *, #4203, .F. ) ;
#429 = LINE ( 'NONE', #3528, #5572 ) ;
#430 = ORIENTED_EDGE ( 'NONE', *, *, #5812, .T. ) ;
#431 = EDGE_CURVE ( 'NONE', #4531, #2497, #1734, .T. ) ;
#432 = ADVANCED_FACE ( 'NONE', ( #3246 ), #9381, .F. ) ;
#433 = ORIENTED_EDGE ( 'NONE', *, *, #8826, .T. ) ;
#434 = CARTESIAN_POINT ( 'NONE',  ( 0.5499999999999949374, 10.80000000000000426, 33.62500000000000000 ) ) ;
#435 = VECTOR ( 'NONE', #9464, 1000.000000000000227 ) ;
#436 = DIRECTION ( 'NONE',  ( 0.000000000000000000, -0.9612616959383174509, 0.2756373558170039373 ) ) ;
#437 = CARTESIAN_POINT ( 'NONE',  ( -16.80943399447264142, 8.566080860090416138, -28.19056600552773872 ) ) ;
#438 = DIRECTION ( 'NONE',  ( 0.000000000000000000, -0.2756373558170042704, 0.9612616959383174509 ) ) ;
#439 = EDGE_CURVE ( 'NONE', #4198, #3777, #864, .T. ) ;
#440 = CARTESIAN_POINT ( 'NONE',  ( 62.00000000000000000, 7.500000000000000000, -34.00000000000000000 ) ) ;
#441 = ORIENTED_EDGE ( 'NONE', *, *, #8219, .F. ) ;
#442 = ORIENTED_EDGE ( 'NONE', *, *, #2534, .F. ) ;
#443 = VERTEX_POINT ( 'NONE', #101 ) ;
#444 = VECTOR ( 'NONE', #8006, 1000.000000000000000 ) ;
#445 = PLANE ( 'NONE',  #7175 ) ;
#446 = DIRECTION ( 'NONE',  ( -1.000000000000000000, 0.000000000000000000, 1.988221748970552022E-16 ) ) ;
#447 = EDGE_CURVE ( 'NONE', #6556, #7842, #2442, .T. ) ;
#448 = LINE ( 'NONE', #5896, #8431 ) ;
#449 = VERTEX_POINT ( 'NONE', #4116 ) ;
#450 = AXIS2_PLACEMENT_3D ( 'NONE', #3743, #6847, #9869 ) ;
#451 = AXIS2_PLACEMENT_3D ( 'NONE', #7055, #7777, #7875 ) ;
#452 = ORIENTED_EDGE ( 'NONE', *, *, #8918, .F. ) ;
#453 = DIRECTION ( 'NONE',  ( -1.000000000000000000, 0.000000000000000000, 0.000000000000000000 ) ) ;
#454 = DIRECTION ( 'NONE',  ( -0.000000000000000000, -0.2756373558170021609, -0.9612616959383181170 ) ) ;
#455 = DIRECTION ( 'NONE',  ( -0.2386847610229712868, -0.8323926831162090645, 0.5001519828512185351 ) ) ;
#456 = VECTOR ( 'NONE', #1645, 1000.000000000000000 ) ;
#457 = VECTOR ( 'NONE', #4707, 1000.000000000000114 ) ;
#458 = CARTESIAN_POINT ( 'NONE',  ( 36.54999999999999716, 10.80000000000000071, 35.44999999999961204 ) ) ;
#459 = EDGE_CURVE ( 'NONE', #1798, #1900, #9434, .T. ) ;
#460 = ORIENTED_EDGE ( 'NONE', *, *, #7261, .T. ) ;
#461 = CARTESIAN_POINT ( 'NONE',  ( -15.62500000000000711, 10.80000000000000426, -33.62500000000000000 ) ) ;
#462 = VERTEX_POINT ( 'NONE', #3197 ) ;
#463 = LINE ( 'NONE', #7680, #5604 ) ;
#464 = DIRECTION ( 'NONE',  ( 0.000000000000000000, -0.9612616959383174509, -0.2756373558170042704 ) ) ;
#465 = AXIS2_PLACEMENT_3D ( 'NONE', #8913, #9784, #1168 ) ;
#466 = EDGE_CURVE ( 'NONE', #7821, #3785, #5506, .T. ) ;
#467 = DIRECTION ( 'NONE',  ( 1.000000000000000000, 0.000000000000000000, 0.000000000000000000 ) ) ;
#468 = CARTESIAN_POINT ( 'NONE',  ( 51.62500000000000000, 10.53731005528968723, 17.37467487046870218 ) ) ;
#469 = LINE ( 'NONE', #411, #3776 ) ;
#470 = ORIENTED_EDGE ( 'NONE', *, *, #8839, .F. ) ;
#471 = ORIENTED_EDGE ( 'NONE', *, *, #7877, .T. ) ;
#472 = CARTESIAN_POINT ( 'NONE',  ( 9.550000000000002487, 10.80000000000000071, -35.45000000000039364 ) ) ;
#473 = LINE ( 'NONE', #1997, #6997 ) ;
#474 = CARTESIAN_POINT ( 'NONE',  ( 15.62500000000000000, 10.53731005528968367, -8.374674870469485555 ) ) ;
#475 = ORIENTED_EDGE ( 'NONE', *, *, #4768, .T. ) ;
#476 = CARTESIAN_POINT ( 'NONE',  ( 15.62500000000000000, 10.53731005528966236, 33.62500000000000000 ) ) ;
#477 = ORIENTED_EDGE ( 'NONE', *, *, #5554, .T. ) ;
#478 = DIRECTION ( 'NONE',  ( 1.000000000000000000, 0.000000000000000000, 0.000000000000000000 ) ) ;
#479 = CARTESIAN_POINT ( 'NONE',  ( -20.37499999999999645, 10.53731005528968723, -33.62500000000000711 ) ) ;
#480 = EDGE_CURVE ( 'NONE', #5057, #6703, #4022, .T. ) ;
#481 = CARTESIAN_POINT ( 'NONE',  ( -19.49625977300407342, 7.500000000000000000, 0.000000000000000000 ) ) ;
#482 = ORIENTED_EDGE ( 'NONE', *, *, #7388, .T. ) ;
#483 = EDGE_LOOP ( 'NONE', ( #2838, #4393, #6326, #3473 ) ) ;
#484 = LINE ( 'NONE', #6686, #3181 ) ;
#485 = VERTEX_POINT ( 'NONE', #3922 ) ;
#486 = VERTEX_POINT ( 'NONE', #1016 ) ;
#487 = CARTESIAN_POINT ( 'NONE',  ( 52.50374022699593013, 7.500000000000000000, 0.000000000000000000 ) ) ;
#488 = DIRECTION ( 'NONE',  ( 0.2657276780299913099, -0.9267025424900799946, 0.2657276780299913099 ) ) ;
#489 = DIRECTION ( 'NONE',  ( 1.000000000000000000, 0.000000000000000000, 0.000000000000000000 ) ) ;
#490 = DIRECTION ( 'NONE',  ( -0.2657276780299913099, -0.9267025424900799946, 0.2657276780299913099 ) ) ;
#491 = ADVANCED_FACE ( 'NONE', ( #253 ), #8611, .F. ) ;
#492 = DIRECTION ( 'NONE',  ( 0.9612616959383174509, -0.2756373558170042704, 0.000000000000000000 ) ) ;
#493 = FACE_OUTER_BOUND ( 'NONE', #3031, .T. ) ;
#494 = VERTEX_POINT ( 'NONE', #7943 ) ;
#495 = VERTEX_POINT ( 'NONE', #7121 ) ;
#496 = EDGE_CURVE ( 'NONE', #2801, #5361, #7020, .T. ) ;
#497 = ORIENTED_EDGE ( 'NONE', *, *, #579, .T. ) ;
#498 = VERTEX_POINT ( 'NONE', #51 ) ;
#499 = DIRECTION ( 'NONE',  ( 0.000000000000000000, 0.000000000000000000, 1.000000000000000000 ) ) ;
#500 = DIRECTION ( 'NONE',  ( -0.9612616959383180060, -0.2756373558170023830, 0.000000000000000000 ) ) ;
#501 = DIRECTION ( 'NONE',  ( 0.000000000000000000, 0.000000000000000000, -1.000000000000000000 ) ) ;
#502 = VECTOR ( 'NONE', #9903, 1000.000000000000114 ) ;
#503 = ORIENTED_EDGE ( 'NONE', *, *, #1079, .T. ) ;
#504 = ORIENTED_EDGE ( 'NONE', *, *, #4914, .F. ) ;
#505 = CARTESIAN_POINT ( 'NONE',  ( 20.37499999999998934, 10.80000000000000426, 33.62500000000000000 ) ) ;
#506 = EDGE_CURVE ( 'NONE', #6691, #9228, #4071, .T. ) ;
#507 = PLANE ( 'NONE',  #3280 ) ;
#508 = AXIS2_PLACEMENT_3D ( 'NONE', #8035, #4025, #4074 ) ;
#509 = CARTESIAN_POINT ( 'NONE',  ( -20.66160865629130683, 3.435945472310297788, -15.33839134370907686 ) ) ;
#510 = PLANE ( 'NONE',  #5311 ) ;
#511 = ORIENTED_EDGE ( 'NONE', *, *, #2970, .T. ) ;
#512 = AXIS2_PLACEMENT_3D ( 'NONE', #1269, #4377, #8551 ) ;
#513 = DIRECTION ( 'NONE',  ( -0.000000000000000000, -0.2756373558170042704, -0.9612616959383174509 ) ) ;
#514 = ORIENTED_EDGE ( 'NONE', *, *, #8837, .F. ) ;
#515 = FACE_OUTER_BOUND ( 'NONE', #2711, .T. ) ;
#516 = EDGE_CURVE ( 'NONE', #4311, #3318, #5650, .T. ) ;
#517 = DIRECTION ( 'NONE',  ( 0.000000000000000000, -0.000000000000000000, 1.000000000000000000 ) ) ;
#518 = ADVANCED_FACE ( 'NONE', ( #204 ), #4783, .F. ) ;
#519 = LINE ( 'NONE', #410, #3767 ) ;
#520 = LINE ( 'NONE', #1381, #7344 ) ;
#521 = VERTEX_POINT ( 'NONE', #9528 ) ;
#522 = ORIENTED_EDGE ( 'NONE', *, *, #6462, .T. ) ;
#523 = DIRECTION ( 'NONE',  ( 0.000000000000000000, -1.000000000000000000, 0.000000000000000000 ) ) ;
#524 = VECTOR ( 'NONE', #5989, 1000.000000000000000 ) ;
#525 = CARTESIAN_POINT ( 'NONE',  ( 56.48474567361831333, 7.500000000000000000, -35.48474567361837018 ) ) ;
#526 = EDGE_CURVE ( 'NONE', #2375, #631, #8756, .T. ) ;
#527 = VECTOR ( 'NONE', #9435, 1000.000000000000000 ) ;
#528 = DIRECTION ( 'NONE',  ( 0.000000000000000000, 0.000000000000000000, -1.000000000000000000 ) ) ;
#529 = ORIENTED_EDGE ( 'NONE', *, *, #8025, .T. ) ;
#530 = LINE ( 'NONE', #6679, #2577 ) ;
#531 = ORIENTED_EDGE ( 'NONE', *, *, #8648, .T. ) ;
#532 = PLANE ( 'NONE',  #4940 ) ;
#533 = DIRECTION ( 'NONE',  ( -0.5150380749100552658, -0.8571673007021116675, 0.000000000000000000 ) ) ;
#534 = VECTOR ( 'NONE', #9030, 1000.000000000000114 ) ;
#535 = DIRECTION ( 'NONE',  ( 0.7071067811865474617, 0.000000000000000000, 0.7071067811865474617 ) ) ;
#536 = VERTEX_POINT ( 'NONE', #9672 ) ;
#537 = CARTESIAN_POINT ( 'NONE',  ( 51.97389213354964710, 5.652200105873887992, 6.973892133549262518 ) ) ;
#538 = VERTEX_POINT ( 'NONE', #8247 ) ;
#539 = ORIENTED_EDGE ( 'NONE', *, *, #553, .F. ) ;
#540 = CARTESIAN_POINT ( 'NONE',  ( 19.19056600552734793, 8.566080860090417914, -1.190566005527732285 ) ) ;
#541 = EDGE_CURVE ( 'NONE', #5355, #8181, #3393, .T. ) ;
#542 = CARTESIAN_POINT ( 'NONE',  ( 51.62500000000000000, 10.80000000000000071, 0.000000000000000000 ) ) ;
#543 = CARTESIAN_POINT ( 'NONE',  ( 0.000000000000000000, 7.500000000000000000, 7.503740226995549101 ) ) ;
#544 = DIRECTION ( 'NONE',  ( -0.5001519828512186461, -0.8323926831162090645, -0.2386847610229710648 ) ) ;
#545 = DIRECTION ( 'NONE',  ( 0.000000000000000000, 0.000000000000000000, 1.000000000000000000 ) ) ;
#546 = LINE ( 'NONE', #2176, #4658 ) ;
#547 = ORIENTED_EDGE ( 'NONE', *, *, #2830, .F. ) ;
#548 = VERTEX_POINT ( 'NONE', #1879 ) ;
#549 = ORIENTED_EDGE ( 'NONE', *, *, #250, .T. ) ;
#550 = ORIENTED_EDGE ( 'NONE', *, *, #5933, .F. ) ;
#551 = DIRECTION ( 'NONE',  ( 0.2657276780299913099, 0.9267025424900799946, 0.2657276780299913099 ) ) ;
#552 = ADVANCED_FACE ( 'NONE', ( #4219 ), #8134, .F. ) ;
#553 = EDGE_CURVE ( 'NONE', #7047, #5631, #1112, .T. ) ;
#554 = DIRECTION ( 'NONE',  ( -0.7071067811865475727, 0.000000000000000000, 0.7071067811865475727 ) ) ;
#555 = LINE ( 'NONE', #2184, #1439 ) ;
#556 = ORIENTED_EDGE ( 'NONE', *, *, #4731, .F. ) ;
#557 = EDGE_CURVE ( 'NONE', #7971, #5926, #6604, .T. ) ;
#558 = EDGE_LOOP ( 'NONE', ( #2690, #3324, #8424, #1219 ) ) ;
#559 = LINE ( 'NONE', #1266, #3841 ) ;
#560 = LINE ( 'NONE', #4714, #4095 ) ;
#561 = LINE ( 'NONE', #2139, #1659 ) ;
#562 = ADVANCED_FACE ( 'NONE', ( #302 ), #2737, .F. ) ;
#563 = CARTESIAN_POINT ( 'NONE',  ( 53.44999999999999574, 86.52417351671579127, -35.45000000000003126 ) ) ;
#564 = AXIS2_PLACEMENT_3D ( 'NONE', #9665, #5895, #8186 ) ;
#565 = VERTEX_POINT ( 'NONE', #6502 ) ;
#566 = ADVANCED_FACE ( 'NONE', ( #2036 ), #1267, .F. ) ;
#567 = LINE ( 'NONE', #6018, #3381 ) ;
#568 = EDGE_LOOP ( 'NONE', ( #2909, #2682, #7150, #8857 ) ) ;
#569 = CARTESIAN_POINT ( 'NONE',  ( 53.44999999999999574, 7.500000000000000000, 35.44999999999998863 ) ) ;
#570 = DIRECTION ( 'NONE',  ( -1.000000000000000000, 0.000000000000000000, 0.000000000000000000 ) ) ;
#571 = VECTOR ( 'NONE', #1145, 1000.000000000000000 ) ;
#572 = LINE ( 'NONE', #9179, #6375 ) ;
#573 = ORIENTED_EDGE ( 'NONE', *, *, #643, .T. ) ;
#574 = ORIENTED_EDGE ( 'NONE', *, *, #8892, .T. ) ;
#575 = DIRECTION ( 'NONE',  ( 0.2657276780299913099, 0.9267025424900799946, 0.2657276780299913099 ) ) ;
#576 = DIRECTION ( 'NONE',  ( 1.000000000000000000, 0.000000000000000000, 0.000000000000000000 ) ) ;
#577 = CARTESIAN_POINT ( 'NONE',  ( 15.62500000000000000, 10.80000000000000071, 0.000000000000000000 ) ) ;
#578 = ORIENTED_EDGE ( 'NONE', *, *, #4184, .F. ) ;
#579 = EDGE_CURVE ( 'NONE', #1276, #6854, #3443, .T. ) ;
#580 = VECTOR ( 'NONE', #3744, 1000.000000000000000 ) ;
#581 = CARTESIAN_POINT ( 'NONE',  ( 61.43449314192414334, 10.49999999999999822, -33.36342533005872468 ) ) ;
#582 = VERTEX_POINT ( 'NONE', #8090 ) ;
#583 = CARTESIAN_POINT ( 'NONE',  ( 18.54999999999999716, 10.80000000000000071, 35.44999999999961204 ) ) ;
#584 = DIRECTION ( 'NONE',  ( -1.000000000000000000, -4.479964619998411121E-16, -1.284609183147281506E-16 ) ) ;
#585 = DIRECTION ( 'NONE',  ( -1.000000000000000000, 0.000000000000000000, 0.000000000000000000 ) ) ;
#586 = EDGE_LOOP ( 'NONE', ( #747, #5928, #5749, #1822 ) ) ;
#587 = CARTESIAN_POINT ( 'NONE',  ( 15.62500000000000000, 10.53731005528968723, 17.37467487046870218 ) ) ;
#588 = ORIENTED_EDGE ( 'NONE', *, *, #6219, .T. ) ;
#589 = ORIENTED_EDGE ( 'NONE', *, *, #5113, .T. ) ;
#590 = CARTESIAN_POINT ( 'NONE',  ( 20.37499999999998934, 7.500000000000000000, -10.49625977300446067 ) ) ;
#591 = ORIENTED_EDGE ( 'NONE', *, *, #4481, .T. ) ;
#592 = AXIS2_PLACEMENT_3D ( 'NONE', #9231, #4584, #7689 ) ;
#593 = DIRECTION ( 'NONE',  ( 0.000000000000000000, -0.2756373558170023830, 0.9612616959383180060 ) ) ;
#594 = VECTOR ( 'NONE', #4039, 1000.000000000000114 ) ;
#595 = PLANE ( 'NONE',  #4524 ) ;
#596 = LINE ( 'NONE', #3690, #4835 ) ;
#597 = VECTOR ( 'NONE', #7987, 1000.000000000000114 ) ;
#598 = CARTESIAN_POINT ( 'NONE',  ( 52.50374022699593013, 7.500000000000000000, 0.000000000000000000 ) ) ;
#599 = CARTESIAN_POINT ( 'NONE',  ( 0.5499999999999949374, 10.80000000000000426, -33.62500000000000000 ) ) ;
#600 = EDGE_CURVE ( 'NONE', #4209, #1975, #8804, .T. ) ;
#601 = ORIENTED_EDGE ( 'NONE', *, *, #2696, .T. ) ;
#602 = ORIENTED_EDGE ( 'NONE', *, *, #1157, .F. ) ;
#603 = ORIENTED_EDGE ( 'NONE', *, *, #2945, .F. ) ;
#604 = ORIENTED_EDGE ( 'NONE', *, *, #8498, .T. ) ;
#605 = CARTESIAN_POINT ( 'NONE',  ( 51.33839134370875712, 3.435945472310507842, 15.33839134370837876 ) ) ;
#606 = VECTOR ( 'NONE', #8193, 1000.000000000000000 ) ;
#607 = PLANE ( 'NONE',  #8690 ) ;
#608 = CARTESIAN_POINT ( 'NONE',  ( -18.54999999999999716, -11.50000000000000000, 35.44999999999998153 ) ) ;
#609 = ORIENTED_EDGE ( 'NONE', *, *, #9110, .T. ) ;
#610 = VECTOR ( 'NONE', #1773, 1000.000000000000227 ) ;
#611 = ADVANCED_FACE ( 'NONE', ( #5081 ), #507, .F. ) ;
#612 = LINE ( 'NONE', #3708, #2535 ) ;
#613 = FACE_OUTER_BOUND ( 'NONE', #683, .T. ) ;
#614 = LINE ( 'NONE', #6866, #6597 ) ;
#615 = VECTOR ( 'NONE', #5278, 1000.000000000000114 ) ;
#616 = VECTOR ( 'NONE', #8027, 1000.000000000000227 ) ;
#617 = ORIENTED_EDGE ( 'NONE', *, *, #1632, .T. ) ;
#618 = LINE ( 'NONE', #2243, #5017 ) ;
#619 = ORIENTED_EDGE ( 'NONE', *, *, #4269, .T. ) ;
#620 = EDGE_CURVE ( 'NONE', #9766, #5628, #7422, .T. ) ;
#621 = PLANE ( 'NONE',  #745 ) ;
#622 = AXIS2_PLACEMENT_3D ( 'NONE', #8382, #8434, #7763 ) ;
#623 = DIRECTION ( 'NONE',  ( 0.5001519828512185351, -0.8323926831162089535, 0.2386847610229712591 ) ) ;
#624 = VECTOR ( 'NONE', #9050, 1000.000000000000114 ) ;
#625 = CARTESIAN_POINT ( 'NONE',  ( 18.51589529291318570, 14.51721864012731977, 26.48410470708643416 ) ) ;
#626 = ORIENTED_EDGE ( 'NONE', *, *, #3283, .T. ) ;
#627 = VERTEX_POINT ( 'NONE', #4167 ) ;
#628 = ADVANCED_FACE ( 'NONE', ( #7264 ), #8906, .F. ) ;
#629 = PLANE ( 'NONE',  #4077 ) ;
#630 = DIRECTION ( 'NONE',  ( -0.000000000000000000, -0.000000000000000000, 1.000000000000000000 ) ) ;
#631 = VERTEX_POINT ( 'NONE', #3495 ) ;
#632 = VECTOR ( 'NONE', #2917, 1000.000000000000000 ) ;
#633 = LINE ( 'NONE', #2205, #9906 ) ;
#634 = VERTEX_POINT ( 'NONE', #8191 ) ;
#635 = DIRECTION ( 'NONE',  ( 0.9612616959383181170, -0.2756373558170021609, 0.000000000000000000 ) ) ;
#636 = CARTESIAN_POINT ( 'NONE',  ( -51.62500000000000711, 10.53731005528968723, -27.62532512953128716 ) ) ;
#637 = DIRECTION ( 'NONE',  ( -0.000000000000000000, -0.000000000000000000, 1.000000000000000000 ) ) ;
#638 = ORIENTED_EDGE ( 'NONE', *, *, #10026, .T. ) ;
#639 = DIRECTION ( 'NONE',  ( -1.000000000000000000, 0.000000000000000000, 0.000000000000000000 ) ) ;
#640 = ORIENTED_EDGE ( 'NONE', *, *, #7791, .T. ) ;
#641 = ORIENTED_EDGE ( 'NONE', *, *, #9914, .T. ) ;
#642 = ADVANCED_FACE ( 'NONE', ( #2637 ), #1211, .F. ) ;
#643 = EDGE_CURVE ( 'NONE', #994, #3147, #9778, .T. ) ;
#644 = CARTESIAN_POINT ( 'NONE',  ( 8.449999999999999289, 10.80000000000000426, 33.62500000000000000 ) ) ;
#645 = APPLICATION_CONTEXT ( 'automotive_design' ) ;
#646 = AXIS2_PLACEMENT_3D ( 'NONE', #5404, #8509, #2492 ) ;
#647 = PLANE ( 'NONE',  #10039 ) ;
#648 = DIRECTION ( 'NONE',  ( 0.000000000000000000, -0.2756373558170040483, 0.9612616959383175619 ) ) ;
#649 = DIRECTION ( 'NONE',  ( 0.000000000000000000, 0.000000000000000000, 1.000000000000000000 ) ) ;
#650 = CARTESIAN_POINT ( 'NONE',  ( -52.80943399447264142, 8.566080860090421467, -1.272127533929282717E-16 ) ) ;
#651 = DIRECTION ( 'NONE',  ( -0.2657276780299911434, -0.9267025424900801056, 0.2657276780299911434 ) ) ;
#652 = VERTEX_POINT ( 'NONE', #5032 ) ;
#653 = ORIENTED_EDGE ( 'NONE', *, *, #8753, .F. ) ;
#654 = EDGE_CURVE ( 'NONE', #2274, #4549, #7365, .T. ) ;
#655 = EDGE_CURVE ( 'NONE', #4954, #7720, #3131, .T. ) ;
#656 = ORIENTED_EDGE ( 'NONE', *, *, #7963, .T. ) ;
#657 = DIRECTION ( 'NONE',  ( 0.000000000000000000, 0.000000000000000000, -1.000000000000000000 ) ) ;
#658 = DIRECTION ( 'NONE',  ( 0.000000000000000000, -0.9612616959383174509, -0.2756373558170042704 ) ) ;
#659 = EDGE_CURVE ( 'NONE', #9360, #308, #9067, .T. ) ;
#660 = CARTESIAN_POINT ( 'NONE',  ( -18.54999999999999716, 10.80000000000000071, -0.5500000000003835154 ) ) ;
#661 = DIRECTION ( 'NONE',  ( 0.000000000000000000, 0.000000000000000000, 1.000000000000000000 ) ) ;
#662 = DIRECTION ( 'NONE',  ( 3.161696790679837436E-17, -1.102614705486210548E-16, -1.000000000000000000 ) ) ;
#663 = EDGE_CURVE ( 'NONE', #17, #5528, #4664, .T. ) ;
#664 = DIRECTION ( 'NONE',  ( -0.000000000000000000, -1.000000000000000000, -0.000000000000000000 ) ) ;
#665 = LINE ( 'NONE', #6063, #9222 ) ;
#666 = ORIENTED_EDGE ( 'NONE', *, *, #1939, .F. ) ;
#667 = EDGE_CURVE ( 'NONE', #5677, #1839, #6246, .T. ) ;
#668 = ORIENTED_EDGE ( 'NONE', *, *, #8688, .T. ) ;
#669 = DIRECTION ( 'NONE',  ( -0.7071067811865452413, -0.000000000000000000, 0.7071067811865497932 ) ) ;
#670 = EDGE_LOOP ( 'NONE', ( #9697, #6631, #2425, #5268 ) ) ;
#671 = AXIS2_PLACEMENT_3D ( 'NONE', #3395, #5605, #1018 ) ;
#672 = CARTESIAN_POINT ( 'NONE',  ( -62.00000000000000000, 7.500000000000000000, 41.00000000000000000 ) ) ;
#673 = CARTESIAN_POINT ( 'NONE',  ( 20.37499999999998934, 10.53731005528970144, 18.62532512953050912 ) ) ;
#674 = ORIENTED_EDGE ( 'NONE', *, *, #7428, .F. ) ;
#675 = EDGE_LOOP ( 'NONE', ( #3939, #8729, #3945, #1361 ) ) ;
#676 = DIRECTION ( 'NONE',  ( 0.000000000000000000, -0.9612616959383174509, 0.2756373558170042704 ) ) ;
#677 = CARTESIAN_POINT ( 'NONE',  ( 57.89895923599141980, 9.099999999999983658, -36.89895923599146954 ) ) ;
#678 = AXIS2_PLACEMENT_3D ( 'NONE', #6865, #9986, #2996 ) ;
#679 = ADVANCED_FACE ( 'NONE', ( #5486 ), #2276, .F. ) ;
#680 = EDGE_CURVE ( 'NONE', #3825, #6593, #3853, .T. ) ;
#681 = ORIENTED_EDGE ( 'NONE', *, *, #553, .T. ) ;
#682 = CARTESIAN_POINT ( 'NONE',  ( -20.37499999999999645, 10.53731005528969433, 18.62532512953050912 ) ) ;
#683 = EDGE_LOOP ( 'NONE', ( #3315, #5438, #2040, #7906 ) ) ;
#684 = EDGE_CURVE ( 'NONE', #5408, #5985, #3652, .T. ) ;
#685 = DIRECTION ( 'NONE',  ( 1.000000000000000000, 0.000000000000000000, -0.000000000000000000 ) ) ;
#686 = DIRECTION ( 'NONE',  ( -0.9612616959383174509, -0.2756373558170042704, 0.000000000000000000 ) ) ;
#687 = CARTESIAN_POINT ( 'NONE',  ( 61.43449314192414334, 7.500000000000000000, -33.36342533005872468 ) ) ;
#688 = AXIS2_PLACEMENT_3D ( 'NONE', #391, #2729, #5340 ) ;
#689 = VERTEX_POINT ( 'NONE', #6196 ) ;
#690 = DIRECTION ( 'NONE',  ( -0.9612616959383175619, -0.2756373558170040483, 0.000000000000000000 ) ) ;
#691 = EDGE_LOOP ( 'NONE', ( #4262, #7362, #9992, #90 ) ) ;
#692 = ORIENTED_EDGE ( 'NONE', *, *, #1982, .T. ) ;
#693 = AXIS2_PLACEMENT_3D ( 'NONE', #6379, #2603, #7034 ) ;
#694 = DIRECTION ( 'NONE',  ( 0.000000000000000000, -0.2756373558170042704, 0.9612616959383174509 ) ) ;
#695 = ORIENTED_EDGE ( 'NONE', *, *, #5275, .F. ) ;
#696 = VECTOR ( 'NONE', #5967, 1000.000000000000000 ) ;
#697 = CARTESIAN_POINT ( 'NONE',  ( 0.000000000000000000, 7.500000000000000000, -7.503740226996326257 ) ) ;
#698 = LINE ( 'NONE', #3026, #8101 ) ;
#699 = VECTOR ( 'NONE', #4616, 1000.000000000000000 ) ;
#700 = ADVANCED_FACE ( 'NONE', ( #4003 ), #5386, .F. ) ;
#701 = FACE_OUTER_BOUND ( 'NONE', #4744, .T. ) ;
#702 = LINE ( 'NONE', #6643, #7058 ) ;
#703 = DIRECTION ( 'NONE',  ( 0.000000000000000000, 0.000000000000000000, 1.000000000000000000 ) ) ;
#704 = VERTEX_POINT ( 'NONE', #6296 ) ;
#705 = VERTEX_POINT ( 'NONE', #2843 ) ;
#706 = ORIENTED_EDGE ( 'NONE', *, *, #8392, .T. ) ;
#707 = ORIENTED_EDGE ( 'NONE', *, *, #6331, .T. ) ;
#708 = CARTESIAN_POINT ( 'NONE',  ( -15.62500000000000711, 10.80000000000000426, -18.55000000000037730 ) ) ;
#709 = LINE ( 'NONE', #3801, #7587 ) ;
#710 = CARTESIAN_POINT ( 'NONE',  ( 60.02027957955104398, 7.500000000000000000, 31.94921176768562177 ) ) ;
#711 = CARTESIAN_POINT ( 'NONE',  ( -20.37499999999999645, 10.80000000000000426, -0.5500000000003835154 ) ) ;
#712 = CARTESIAN_POINT ( 'NONE',  ( -53.44999999999999574, 10.80000000000000071, -18.55000000000037730 ) ) ;
#713 = FACE_OUTER_BOUND ( 'NONE', #1386, .T. ) ;
#714 = LINE ( 'NONE', #8350, #3342 ) ;
#715 = ORIENTED_EDGE ( 'NONE', *, *, #9774, .F. ) ;
#716 = EDGE_CURVE ( 'NONE', #3309, #8512, #8491, .T. ) ;
#717 = DIRECTION ( 'NONE',  ( -1.000000000000000000, 0.000000000000000000, 0.000000000000000000 ) ) ;
#718 = FACE_OUTER_BOUND ( 'NONE', #2876, .T. ) ;
#719 = PLANE ( 'NONE',  #9472 ) ;
#720 = ADVANCED_FACE ( 'NONE', ( #7718 ), #749, .F. ) ;
#721 = ORIENTED_EDGE ( 'NONE', *, *, #7650, .T. ) ;
#722 = ORIENTED_EDGE ( 'NONE', *, *, #3569, .T. ) ;
#723 = DIRECTION ( 'NONE',  ( -0.000000000000000000, -0.2756373558170040483, -0.9612616959383175619 ) ) ;
#724 = VECTOR ( 'NONE', #5922, 1000.000000000000114 ) ;
#725 = CARTESIAN_POINT ( 'NONE',  ( 51.62500000000000000, 10.80000000000000426, 18.54999999999960991 ) ) ;
#726 = VERTEX_POINT ( 'NONE', #1665 ) ;
#727 = CARTESIAN_POINT ( 'NONE',  ( -53.44999999999999574, 10.80000000000000071, -0.5500000000003835154 ) ) ;
#728 = ORIENTED_EDGE ( 'NONE', *, *, #7837, .F. ) ;
#729 = CARTESIAN_POINT ( 'NONE',  ( 18.11960549692769717, 12.30096400656400668, -9.119605496928084420 ) ) ;
#730 = CARTESIAN_POINT ( 'NONE',  ( 15.62500000000000000, 10.80000000000000426, -0.5500000000003835154 ) ) ;
#731 = VECTOR ( 'NONE', #9587, 1000.000000000000000 ) ;
#732 = CARTESIAN_POINT ( 'NONE',  ( 13.08484749617240084, 14.76483374945124361, -26.41310221704441119 ) ) ;
#733 = ORIENTED_EDGE ( 'NONE', *, *, #9849, .F. ) ;
#734 = EDGE_CURVE ( 'NONE', #3055, #3825, #560, .T. ) ;
#735 = CARTESIAN_POINT ( 'NONE',  ( -24.26428640000786885, 22.25864506693675438, 26.58211138907228843 ) ) ;
#736 = ORIENTED_EDGE ( 'NONE', *, *, #1982, .F. ) ;
#737 = ORIENTED_EDGE ( 'NONE', *, *, #4279, .F. ) ;
#738 = FACE_OUTER_BOUND ( 'NONE', #8527, .T. ) ;
#739 = AXIS2_PLACEMENT_3D ( 'NONE', #9553, #2570, #4906 ) ;
#740 = PLANE ( 'NONE',  #116 ) ;
#741 = DIRECTION ( 'NONE',  ( -1.000000000000000000, 0.000000000000000000, 0.000000000000000000 ) ) ;
#742 = DIRECTION ( 'NONE',  ( -1.000000000000000000, 0.000000000000000000, 0.000000000000000000 ) ) ;
#743 = DIRECTION ( 'NONE',  ( 3.161696790679824494E-17, -1.102614705486212890E-16, -1.000000000000000000 ) ) ;
#744 = LINE ( 'NONE', #1411, #7910 ) ;
#745 = AXIS2_PLACEMENT_3D ( 'NONE', #2697, #5909, #1991 ) ;
#746 = EDGE_CURVE ( 'NONE', #1938, #2145, #3081, .T. ) ;
#747 = ORIENTED_EDGE ( 'NONE', *, *, #9338, .F. ) ;
#748 = ORIENTED_EDGE ( 'NONE', *, *, #4220, .F. ) ;
#749 = PLANE ( 'NONE',  #8657 ) ;
#750 = ORIENTED_EDGE ( 'NONE', *, *, #4617, .F. ) ;
#751 = ORIENTED_EDGE ( 'NONE', *, *, #1834, .T. ) ;
#752 = EDGE_CURVE ( 'NONE', #9607, #6910, #8300, .T. ) ;
#753 = CARTESIAN_POINT ( 'NONE',  ( 17.45000000000000639, 10.80000000000000071, 18.54999999999960991 ) ) ;
#754 = AXIS2_PLACEMENT_3D ( 'NONE', #374, #3469, #6578 ) ;
#755 = LINE ( 'NONE', #10080, #1422 ) ;
#756 = AXIS2_PLACEMENT_3D ( 'NONE', #9777, #9671, #1111 ) ;
#757 = DIRECTION ( 'NONE',  ( 0.000000000000000000, 0.000000000000000000, -1.000000000000000000 ) ) ;
#758 = LINE ( 'NONE', #89, #9026 ) ;
#759 = CARTESIAN_POINT ( 'NONE',  ( 51.62500000000000000, 10.53731005528968012, 18.62532512953051267 ) ) ;
#760 = VECTOR ( 'NONE', #703, 1000.000000000000000 ) ;
#761 = EDGE_CURVE ( 'NONE', #2274, #8512, #5953, .T. ) ;
#762 = CARTESIAN_POINT ( 'NONE',  ( -19.19056600552735503, 8.566080860090409033, -34.80943399447267694 ) ) ;
#763 = VERTEX_POINT ( 'NONE', #7771 ) ;
#764 = DIRECTION ( 'NONE',  ( -1.000000000000000000, 0.000000000000000000, 0.000000000000000000 ) ) ;
#765 = EDGE_CURVE ( 'NONE', #844, #7409, #3903, .T. ) ;
#766 = ORIENTED_EDGE ( 'NONE', *, *, #9704, .T. ) ;
#767 = VECTOR ( 'NONE', #2170, 1000.000000000000000 ) ;
#768 = FACE_OUTER_BOUND ( 'NONE', #10014, .T. ) ;
#769 = DIRECTION ( 'NONE',  ( -1.000000000000000000, -0.000000000000000000, -0.000000000000000000 ) ) ;
#770 = LINE ( 'NONE', #4486, #8330 ) ;
#771 = ORIENTED_EDGE ( 'NONE', *, *, #4084, .F. ) ;
#772 = ADVANCED_FACE ( 'NONE', ( #2376 ), #34, .F. ) ;
#773 = LINE ( 'NONE', #9286, #2775 ) ;
#774 = VECTOR ( 'NONE', #9548, 1000.000000000000114 ) ;
#775 = LINE ( 'NONE', #6973, #334 ) ;
#776 = ORIENTED_EDGE ( 'NONE', *, *, #4283, .F. ) ;
#777 = EDGE_CURVE ( 'NONE', #4198, #4101, #3952, .T. ) ;
#778 = CARTESIAN_POINT ( 'NONE',  ( -17.45000000000001350, 7.500000000000000000, 35.44999999999997442 ) ) ;
#779 = ORIENTED_EDGE ( 'NONE', *, *, #6761, .T. ) ;
#780 = AXIS2_PLACEMENT_3D ( 'NONE', #6525, #9645, #8273 ) ;
#781 = DIRECTION ( 'NONE',  ( -0.000000000000000000, -0.2756373558170042704, -0.9612616959383174509 ) ) ;
#782 = CARTESIAN_POINT ( 'NONE',  ( 51.62500000000000711, 7.500000000000000000, 28.49625977300367907 ) ) ;
#783 = VECTOR ( 'NONE', #5289, 1000.000000000000000 ) ;
#784 = DIRECTION ( 'NONE',  ( -1.000000000000000000, -4.479964619998411121E-16, -1.284609183147281506E-16 ) ) ;
#785 = VERTEX_POINT ( 'NONE', #4911 ) ;
#786 = PLANE ( 'NONE',  #7903 ) ;
#787 = ORIENTED_EDGE ( 'NONE', *, *, #7959, .T. ) ;
#788 = DIRECTION ( 'NONE',  ( -3.976443497941104043E-16, 0.000000000000000000, 1.000000000000000000 ) ) ;
#789 = VECTOR ( 'NONE', #9295, 1000.000000000000227 ) ;
#790 = VECTOR ( 'NONE', #7144, 1000.000000000000114 ) ;
#791 = PLANE ( 'NONE',  #5153 ) ;
#792 = EDGE_CURVE ( 'NONE', #6593, #9641, #1908, .T. ) ;
#793 = CARTESIAN_POINT ( 'NONE',  ( 20.37499999999998934, 7.500000000000000000, -28.49625977300445356 ) ) ;
#794 = ORIENTED_EDGE ( 'NONE', *, *, #5443, .F. ) ;
#795 = DIRECTION ( 'NONE',  ( 0.2756373558170042704, -0.9612616959383174509, 0.000000000000000000 ) ) ;
#796 = LINE ( 'NONE', #8536, #6107 ) ;
#797 = AXIS2_PLACEMENT_3D ( 'NONE', #7016, #2440, #8656 ) ;
#798 = FACE_OUTER_BOUND ( 'NONE', #5888, .T. ) ;
#799 = ORIENTED_EDGE ( 'NONE', *, *, #7095, .T. ) ;
#800 = ORIENTED_EDGE ( 'NONE', *, *, #2562, .T. ) ;
#801 = CARTESIAN_POINT ( 'NONE',  ( -61.00000000000000000, 10.49999999999999822, 8.000000000000000000 ) ) ;
#802 = ORIENTED_EDGE ( 'NONE', *, *, #1861, .T. ) ;
#803 = ORIENTED_EDGE ( 'NONE', *, *, #4745, .T. ) ;
#804 = DIRECTION ( 'NONE',  ( 1.000000000000000000, 0.000000000000000000, 0.000000000000000000 ) ) ;
#805 = PLANE ( 'NONE',  #7915 ) ;
#806 = EDGE_CURVE ( 'NONE', #5202, #4144, #7200, .T. ) ;
#807 = CARTESIAN_POINT ( 'NONE',  ( -44.37467487046910009, 10.53731005528972453, -33.62500000000000711 ) ) ;
#808 = DIRECTION ( 'NONE',  ( 0.000000000000000000, 0.000000000000000000, 1.000000000000000000 ) ) ;
#809 = EDGE_CURVE ( 'NONE', #3462, #1846, #7922, .T. ) ;
#810 = CARTESIAN_POINT ( 'NONE',  ( 16.80943399447264497, 8.566080860090398374, 34.80943399447263431 ) ) ;
#811 = LINE ( 'NONE', #7832, #4574 ) ;
#812 = CARTESIAN_POINT ( 'NONE',  ( 45.62532512953090702, 10.53731005528965881, 33.62500000000000000 ) ) ;
#813 = ORIENTED_EDGE ( 'NONE', *, *, #3713, .F. ) ;
#814 = PLANE ( 'NONE',  #5514 ) ;
#815 = EDGE_CURVE ( 'NONE', #3389, #1938, #9651, .T. ) ;
#816 = FACE_OUTER_BOUND ( 'NONE', #9603, .T. ) ;
#817 = CARTESIAN_POINT ( 'NONE',  ( 16.80943399447264852, 8.566080860090398374, 0.000000000000000000 ) ) ;
#818 = ORIENTED_EDGE ( 'NONE', *, *, #2108, .T. ) ;
#819 = ORIENTED_EDGE ( 'NONE', *, *, #1575, .F. ) ;
#820 = DIRECTION ( 'NONE',  ( -0.5001519828512186461, 0.8323926831162090645, 0.2386847610229710648 ) ) ;
#821 = PLANE ( 'NONE',  #9610 ) ;
#822 = EDGE_LOOP ( 'NONE', ( #7962, #1040, #9662, #3555 ) ) ;
#823 = CARTESIAN_POINT ( 'NONE',  ( -35.44999999999999574, 10.80000000000000071, 35.44999999999961204 ) ) ;
#824 = ORIENTED_EDGE ( 'NONE', *, *, #2018, .T. ) ;
#825 = VECTOR ( 'NONE', #2379, 1000.000000000000000 ) ;
#826 = ADVANCED_FACE ( 'NONE', ( #7100 ), #6534, .F. ) ;
#827 = LINE ( 'NONE', #3933, #390 ) ;
#828 = LINE ( 'NONE', #4645, #4523 ) ;
#829 = PLANE ( 'NONE',  #1402 ) ;
#830 = ORIENTED_EDGE ( 'NONE', *, *, #9164, .F. ) ;
#831 = CARTESIAN_POINT ( 'NONE',  ( 52.60939292339048734, 7.868454739437104273, 1.390607076609126302 ) ) ;
#832 = ORIENTED_EDGE ( 'NONE', *, *, #4379, .F. ) ;
#833 = LINE ( 'NONE', #2215, #4104 ) ;
#834 = VECTOR ( 'NONE', #4605, 1000.000000000000114 ) ;
#835 = ADVANCED_FACE ( 'NONE', ( #1042 ), #3422, .F. ) ;
#836 = DIRECTION ( 'NONE',  ( -0.000000000000000000, -0.000000000000000000, 1.000000000000000000 ) ) ;
#837 = LINE ( 'NONE', #4510, #137 ) ;
#838 = ORIENTED_EDGE ( 'NONE', *, *, #5291, .T. ) ;
#839 = CARTESIAN_POINT ( 'NONE',  ( 45.54999999999999005, 10.80000000000000071, -17.45000000000039009 ) ) ;
#840 = VECTOR ( 'NONE', #906, 1000.000000000000114 ) ;
#841 = VECTOR ( 'NONE', #4178, 1000.000000000000000 ) ;
#842 = CARTESIAN_POINT ( 'NONE',  ( 0.000000000000000000, 7.500000000000000000, -16.50374022699631382 ) ) ;
#843 = DIRECTION ( 'NONE',  ( 0.000000000000000000, 0.000000000000000000, 1.000000000000000000 ) ) ;
#844 = VERTEX_POINT ( 'NONE', #9606 ) ;
#845 = ORIENTED_EDGE ( 'NONE', *, *, #8941, .T. ) ;
#846 = DIRECTION ( 'NONE',  ( 0.000000000000000000, 0.000000000000000000, 1.000000000000000000 ) ) ;
#847 = ORIENTED_EDGE ( 'NONE', *, *, #3597, .F. ) ;
#848 = ORIENTED_EDGE ( 'NONE', *, *, #2668, .F. ) ;
#849 = EDGE_CURVE ( 'NONE', #3237, #5181, #2525, .T. ) ;
#850 = PLANE ( 'NONE',  #7818 ) ;
#851 = VECTOR ( 'NONE', #9014, 1000.000000000000114 ) ;
#852 = DIRECTION ( 'NONE',  ( -0.000000000000000000, -0.2756373558170040483, -0.9612616959383175619 ) ) ;
#853 = FACE_OUTER_BOUND ( 'NONE', #2350, .T. ) ;
#854 = DIRECTION ( 'NONE',  ( -0.5001519828512187571, -0.8323926831162092865, -0.2386847610229693439 ) ) ;
#855 = VERTEX_POINT ( 'NONE', #4102 ) ;
#856 = LINE ( 'NONE', #3962, #929 ) ;
#857 = EDGE_CURVE ( 'NONE', #1092, #9953, #8016, .T. ) ;
#858 = ADVANCED_FACE ( 'NONE', ( #8882 ), #949, .F. ) ;
#859 = CARTESIAN_POINT ( 'NONE',  ( -57.99999999999999289, 7.500000000000000000, -8.000000000000000000 ) ) ;
#860 = LINE ( 'NONE', #4680, #3201 ) ;
#861 = VERTEX_POINT ( 'NONE', #6488 ) ;
#862 = DIRECTION ( 'NONE',  ( -0.2657276780299894225, -0.9267025424900811048, 0.2657276780299894225 ) ) ;
#863 = FACE_OUTER_BOUND ( 'NONE', #387, .T. ) ;
#864 = LINE ( 'NONE', #8559, #3271 ) ;
#865 = ADVANCED_FACE ( 'NONE', ( #1768 ), #2476, .F. ) ;
#866 = FACE_OUTER_BOUND ( 'NONE', #20, .T. ) ;
#867 = EDGE_LOOP ( 'NONE', ( #8063, #6442, #1706, #7363 ) ) ;
#868 = ORIENTED_EDGE ( 'NONE', *, *, #6955, .F. ) ;
#869 = CARTESIAN_POINT ( 'NONE',  ( -17.24489371323137377, 10.08470937300049464, 9.755106286768237212 ) ) ;
#870 = DIRECTION ( 'NONE',  ( 1.000000000000000000, 0.000000000000000000, 0.000000000000000000 ) ) ;
#871 = ADVANCED_FACE ( 'NONE', ( #8686 ), #1713, .F. ) ;
#872 = ADVANCED_FACE ( 'NONE', ( #4056 ), #231, .F. ) ;
#873 = ORIENTED_EDGE ( 'NONE', *, *, #516, .T. ) ;
#874 = CARTESIAN_POINT ( 'NONE',  ( 61.85875721063607102, 9.899999999999975486, -33.78768939877064525 ) ) ;
#875 = ORIENTED_EDGE ( 'NONE', *, *, #6926, .F. ) ;
#876 = CARTESIAN_POINT ( 'NONE',  ( -16.50374022699593013, 7.500000000000000000, 0.000000000000000000 ) ) ;
#877 = CARTESIAN_POINT ( 'NONE',  ( 46.19056600552747227, 8.566080860090009352, -34.80943399447291142 ) ) ;
#878 = DIRECTION ( 'NONE',  ( 0.000000000000000000, -0.9612616959383174509, 0.2756373558170039373 ) ) ;
#879 = DIRECTION ( 'NONE',  ( 0.2386847610229712591, 0.8323926831162089535, 0.5001519828512185351 ) ) ;
#880 = VECTOR ( 'NONE', #9693, 1000.000000000000000 ) ;
#881 = FACE_OUTER_BOUND ( 'NONE', #1176, .T. ) ;
#882 = EDGE_LOOP ( 'NONE', ( #715, #4141, #819, #9877 ) ) ;
#883 = ORIENTED_EDGE ( 'NONE', *, *, #3286, .F. ) ;
#884 = CARTESIAN_POINT ( 'NONE',  ( 28.49625977300405921, 7.500000000000000000, 33.62500000000000000 ) ) ;
#885 = EDGE_CURVE ( 'NONE', #2902, #8964, #995, .T. ) ;
#886 = CARTESIAN_POINT ( 'NONE',  ( -54.49999999999997868, 10.80000000000000426, 36.49999999999959499 ) ) ;
#887 = VECTOR ( 'NONE', #4307, 1000.000000000000114 ) ;
#888 = CARTESIAN_POINT ( 'NONE',  ( -51.62500000000000711, 10.80000000000000426, -17.45000000000039009 ) ) ;
#889 = VERTEX_POINT ( 'NONE', #8065 ) ;
#890 = CARTESIAN_POINT ( 'NONE',  ( -18.75510628676856939, 10.08470937300070069, -9.755106286768954860 ) ) ;
#891 = CARTESIAN_POINT ( 'NONE',  ( -15.62500000000000711, 10.53731005528969789, 33.62500000000000000 ) ) ;
#892 = VERTEX_POINT ( 'NONE', #6438 ) ;
#893 = ORIENTED_EDGE ( 'NONE', *, *, #5717, .T. ) ;
#894 = ORIENTED_EDGE ( 'NONE', *, *, #9865, .T. ) ;
#895 = DIRECTION ( 'NONE',  ( 1.000000000000000000, 0.000000000000000000, 0.000000000000000000 ) ) ;
#896 = VERTEX_POINT ( 'NONE', #9558 ) ;
#897 = VECTOR ( 'NONE', #1250, 1000.000000000000114 ) ;
#898 = CARTESIAN_POINT ( 'NONE',  ( 18.54999999999999716, 10.80000000000000071, 9.549999999999611688 ) ) ;
#899 = DIRECTION ( 'NONE',  ( 0.000000000000000000, -1.628809415300402958E-16, -1.000000000000000000 ) ) ;
#900 = DIRECTION ( 'NONE',  ( 0.7071067811865497932, 0.000000000000000000, -0.7071067811865452413 ) ) ;
#901 = EDGE_CURVE ( 'NONE', #4201, #4606, #5730, .T. ) ;
#902 = VECTOR ( 'NONE', #3832, 1000.000000000000000 ) ;
#903 = FACE_OUTER_BOUND ( 'NONE', #5921, .T. ) ;
#904 = ORIENTED_EDGE ( 'NONE', *, *, #5113, .F. ) ;
#905 = CARTESIAN_POINT ( 'NONE',  ( 45.54999999999999005, 10.80000000000000071, 35.44999999999961204 ) ) ;
#906 = DIRECTION ( 'NONE',  ( 0.2756373558170042704, 0.9612616959383174509, 0.000000000000000000 ) ) ;
#907 = ORIENTED_EDGE ( 'NONE', *, *, #7656, .F. ) ;
#908 = VECTOR ( 'NONE', #1680, 1000.000000000000000 ) ;
#909 = LINE ( 'NONE', #1628, #7110 ) ;
#910 = ORIENTED_EDGE ( 'NONE', *, *, #7143, .T. ) ;
#911 = VECTOR ( 'NONE', #6231, 1000.000000000000000 ) ;
#912 = EDGE_CURVE ( 'NONE', #3965, #3229, #8834, .T. ) ;
#913 = PLANE ( 'NONE',  #8925 ) ;
#914 = VECTOR ( 'NONE', #4378, 1000.000000000000000 ) ;
#915 = FACE_OUTER_BOUND ( 'NONE', #212, .T. ) ;
#916 = CARTESIAN_POINT ( 'NONE',  ( 19.49625977300407342, 7.500000000000000000, 0.000000000000000000 ) ) ;
#917 = ORIENTED_EDGE ( 'NONE', *, *, #5036, .F. ) ;
#918 = ORIENTED_EDGE ( 'NONE', *, *, #9700, .T. ) ;
#919 = LINE ( 'NONE', #6267, #2950 ) ;
#920 = DIRECTION ( 'NONE',  ( -1.000000000000000000, 0.000000000000000000, -0.000000000000000000 ) ) ;
#921 = AXIS2_PLACEMENT_3D ( 'NONE', #9981, #6105, #2989 ) ;
#922 = ORIENTED_EDGE ( 'NONE', *, *, #2268, .T. ) ;
#923 = EDGE_CURVE ( 'NONE', #2181, #2012, #1191, .T. ) ;
#924 = EDGE_CURVE ( 'NONE', #5471, #5929, #2875, .T. ) ;
#925 = CARTESIAN_POINT ( 'NONE',  ( 60.02027957955104398, 9.499999999999980460, -31.94921176768562177 ) ) ;
#926 = VERTEX_POINT ( 'NONE', #7346 ) ;
#927 = LINE ( 'NONE', #4034, #2667 ) ;
#928 = CARTESIAN_POINT ( 'NONE',  ( -52.80943399447264142, 8.566080860090423243, -25.80943399447302156 ) ) ;
#929 = VECTOR ( 'NONE', #3187, 1000.000000000000114 ) ;
#930 = CARTESIAN_POINT ( 'NONE',  ( 51.62500000000000711, 7.500000000000000000, 25.50374022699554288 ) ) ;
#931 = DIRECTION ( 'NONE',  ( 1.000000000000000000, 0.000000000000000000, 0.000000000000000000 ) ) ;
#932 = VECTOR ( 'NONE', #6358, 1000.000000000000114 ) ;
#933 = DIRECTION ( 'NONE',  ( -0.2386847610229712868, -0.8323926831162090645, 0.5001519828512185351 ) ) ;
#934 = ORIENTED_EDGE ( 'NONE', *, *, #7736, .F. ) ;
#935 = ORIENTED_EDGE ( 'NONE', *, *, #7983, .T. ) ;
#936 = CARTESIAN_POINT ( 'NONE',  ( 20.37499999999998934, 10.80000000000000071, 0.000000000000000000 ) ) ;
#937 = LINE ( 'NONE', #6385, #1256 ) ;
#938 = VECTOR ( 'NONE', #323, 1000.000000000000000 ) ;
#939 = AXIS2_PLACEMENT_3D ( 'NONE', #9477, #8654, #764 ) ;
#940 = LINE ( 'NONE', #6429, #6638 ) ;
#941 = VERTEX_POINT ( 'NONE', #1958 ) ;
#942 = DIRECTION ( 'NONE',  ( 1.000000000000000000, 2.239982309999205560E-16, -6.423045915736408765E-17 ) ) ;
#943 = LINE ( 'NONE', #1763, #6571 ) ;
#944 = EDGE_CURVE ( 'NONE', #1564, #8561, #5061, .T. ) ;
#945 = EDGE_CURVE ( 'NONE', #8088, #280, #8331, .T. ) ;
#946 = VERTEX_POINT ( 'NONE', #9919 ) ;
#947 = ORIENTED_EDGE ( 'NONE', *, *, #6152, .T. ) ;
#948 = VERTEX_POINT ( 'NONE', #2927 ) ;
#949 = PLANE ( 'NONE',  #5893 ) ;
#950 = VECTOR ( 'NONE', #9191, 1000.000000000000114 ) ;
#951 = ORIENTED_EDGE ( 'NONE', *, *, #5722, .F. ) ;
#952 = AXIS2_PLACEMENT_3D ( 'NONE', #4522, #4317, #501 ) ;
#953 = LINE ( 'NONE', #4058, #5698 ) ;
#954 = LINE ( 'NONE', #8068, #7103 ) ;
#955 = DIRECTION ( 'NONE',  ( -0.5001519828512185351, 0.8323926831162089535, 0.2386847610229712591 ) ) ;
#956 = VECTOR ( 'NONE', #1342, 1000.000000000000114 ) ;
#957 = ADVANCED_FACE ( 'NONE', ( #6039 ), #8994, .F. ) ;
#958 = LINE ( 'NONE', #9322, #1543 ) ;
#959 = ADVANCED_FACE ( 'NONE', ( #8170 ), #4301, .F. ) ;
#960 = EDGE_LOOP ( 'NONE', ( #9765, #4402, #4438, #5769 ) ) ;
#961 = DIRECTION ( 'NONE',  ( 0.000000000000000000, 1.000000000000000000, 0.000000000000000000 ) ) ;
#962 = AXIS2_PLACEMENT_3D ( 'NONE', #1790, #3205, #7898 ) ;
#963 = EDGE_CURVE ( 'NONE', #3101, #2662, #429, .T. ) ;
#964 = LINE ( 'NONE', #1872, #6736 ) ;
#965 = CARTESIAN_POINT ( 'NONE',  ( 18.54999999999999716, 10.80000000000000071, -0.5500000000003835154 ) ) ;
#966 = ORIENTED_EDGE ( 'NONE', *, *, #1675, .T. ) ;
#967 = DIRECTION ( 'NONE',  ( -0.7071067811865452413, 0.000000000000000000, 0.7071067811865497932 ) ) ;
#968 = DIRECTION ( 'NONE',  ( 0.2386847610229712591, 0.8323926831162089535, 0.5001519828512185351 ) ) ;
#969 = CARTESIAN_POINT ( 'NONE',  ( 53.44999999999999574, 10.80000000000000071, 8.449999999999617373 ) ) ;
#970 = PLANE ( 'NONE',  #6053 ) ;
#971 = EDGE_CURVE ( 'NONE', #1651, #1182, #6636, .T. ) ;
#972 = FACE_OUTER_BOUND ( 'NONE', #4194, .T. ) ;
#973 = VERTEX_POINT ( 'NONE', #4248 ) ;
#974 = DIRECTION ( 'NONE',  ( 1.000000000000000000, 0.000000000000000000, 0.000000000000000000 ) ) ;
#975 = ORIENTED_EDGE ( 'NONE', *, *, #238, .T. ) ;
#976 = CARTESIAN_POINT ( 'NONE',  ( -26.45000000000000284, 10.80000000000000071, 35.44999999999961204 ) ) ;
#977 = DIRECTION ( 'NONE',  ( -0.2386847610229712591, 0.8323926831162089535, -0.5001519828512186461 ) ) ;
#978 = CARTESIAN_POINT ( 'NONE',  ( -12.93261023597309567, -0.9965637948165171345, -32.06738976402728980 ) ) ;
#979 = CARTESIAN_POINT ( 'NONE',  ( -20.37499999999999645, 10.80000000000000426, -33.62500000000000711 ) ) ;
#980 = LINE ( 'NONE', #8001, #8397 ) ;
#981 = ORIENTED_EDGE ( 'NONE', *, *, #146, .T. ) ;
#982 = CARTESIAN_POINT ( 'NONE',  ( 51.62500000000000000, 10.53731005528968723, -33.62500000000000000 ) ) ;
#983 = ADVANCED_FACE ( 'NONE', ( #3472 ), #5878, .F. ) ;
#984 = EDGE_CURVE ( 'NONE', #5384, #462, #5114, .T. ) ;
#985 = VECTOR ( 'NONE', #3775, 1000.000000000000114 ) ;
#986 = CARTESIAN_POINT ( 'NONE',  ( -17.44999999999999929, 10.80000000000000071, 0.5499999999996132427 ) ) ;
#987 = EDGE_CURVE ( 'NONE', #3785, #5528, #3685, .T. ) ;
#988 = CARTESIAN_POINT ( 'NONE',  ( 54.99999999999997868, -11.50000000000000000, 41.00000000000000711 ) ) ;
#989 = VERTEX_POINT ( 'NONE', #9045 ) ;
#990 = DIRECTION ( 'NONE',  ( 0.5001519828512187571, -0.8323926831162092865, 0.2386847610229693439 ) ) ;
#991 = VECTOR ( 'NONE', #5618, 1000.000000000000000 ) ;
#992 = ORIENTED_EDGE ( 'NONE', *, *, #2044, .F. ) ;
#993 = EDGE_LOOP ( 'NONE', ( #7993, #9028, #1887, #7063 ) ) ;
#994 = VERTEX_POINT ( 'NONE', #7510 ) ;
#995 = LINE ( 'NONE', #8784, #7992 ) ;
#996 = VERTEX_POINT ( 'NONE', #540 ) ;
#997 = LINE ( 'NONE', #7051, #825 ) ;
#998 = EDGE_CURVE ( 'NONE', #704, #1837, #3579, .T. ) ;
#999 = VERTEX_POINT ( 'NONE', #5828 ) ;
#1000 = CARTESIAN_POINT ( 'NONE',  ( 15.62500000000000000, 10.53731005528968723, -33.62500000000000000 ) ) ;
#1001 = EDGE_CURVE ( 'NONE', #538, #2576, #8939, .T. ) ;
#1002 = AXIS2_PLACEMENT_3D ( 'NONE', #5033, #8137, #5902 ) ;
#1003 = LINE ( 'NONE', #140, #1264 ) ;
#1004 = AXIS2_PLACEMENT_3D ( 'NONE', #979, #3305, #7083 ) ;
#1005 = DIRECTION ( 'NONE',  ( -0.2386847610229712868, -0.8323926831162090645, 0.5001519828512185351 ) ) ;
#1006 = VECTOR ( 'NONE', #2619, 1000.000000000000000 ) ;
#1007 = CARTESIAN_POINT ( 'NONE',  ( 25.80943399447276221, 8.566080860090805160, 34.80943399447237852 ) ) ;
#1008 = FACE_OUTER_BOUND ( 'NONE', #8562, .T. ) ;
#1009 = ADVANCED_FACE ( 'NONE', ( #9862 ), #5930, .F. ) ;
#1010 = LINE ( 'NONE', #2539, #6941 ) ;
#1011 = ORIENTED_EDGE ( 'NONE', *, *, #1626, .T. ) ;
#1012 = CARTESIAN_POINT ( 'NONE',  ( 60.72738636073759722, 10.49999999999999822, 32.65631854887217145 ) ) ;
#1013 = VECTOR ( 'NONE', #2462, 1000.000000000000114 ) ;
#1014 = EDGE_CURVE ( 'NONE', #9388, #8060, #3632, .T. ) ;
#1015 = LINE ( 'NONE', #2636, #7897 ) ;
#1016 = CARTESIAN_POINT ( 'NONE',  ( -15.62500000000000711, 10.53731005528969078, -9.625325129531294266 ) ) ;
#1017 = CARTESIAN_POINT ( 'NONE',  ( -16.50374022699593013, 7.500000000000000000, 0.000000000000000000 ) ) ;
#1018 = DIRECTION ( 'NONE',  ( -1.000000000000000000, 0.000000000000000000, 0.000000000000000000 ) ) ;
#1019 = ADVANCED_FACE ( 'NONE', ( #9100 ), #5220, .F. ) ;
#1020 = ORIENTED_EDGE ( 'NONE', *, *, #8516, .T. ) ;
#1021 = VERTEX_POINT ( 'NONE', #7706 ) ;
#1022 = LINE ( 'NONE', #4122, #6007 ) ;
#1023 = ORIENTED_EDGE ( 'NONE', *, *, #5223, .F. ) ;
#1024 = PRODUCT_DEFINITION_SHAPE ( 'NONE', 'NONE',  #5249 ) ;
#1025 = CARTESIAN_POINT ( 'NONE',  ( -54.49999999999997868, 10.79999999999989235, 36.49999999999959499 ) ) ;
#1026 = LINE ( 'NONE', #9492, #3537 ) ;
#1027 = ADVANCED_FACE ( 'NONE', ( #738 ), #8529, .F. ) ;
#1028 = DIRECTION ( 'NONE',  ( 0.2756373558170042704, 0.9612616959383174509, 0.000000000000000000 ) ) ;
#1029 = CARTESIAN_POINT ( 'NONE',  ( 7.503740226995931017, 7.500000000000000000, 0.000000000000000000 ) ) ;
#1030 = CARTESIAN_POINT ( 'NONE',  ( -48.79638818434512615, -5.429073061943221035, -14.20361181565525222 ) ) ;
#1031 = ORIENTED_EDGE ( 'NONE', *, *, #1668, .T. ) ;
#1032 = ORIENTED_EDGE ( 'NONE', *, *, #5901, .T. ) ;
#1033 = DIRECTION ( 'NONE',  ( 1.000000000000000000, 0.000000000000000000, 0.000000000000000000 ) ) ;
#1034 = FACE_OUTER_BOUND ( 'NONE', #6718, .T. ) ;
#1035 = CARTESIAN_POINT ( 'NONE',  ( -17.45000000000000639, -11.50000000000000000, -35.45000000000002416 ) ) ;
#1036 = ORIENTED_EDGE ( 'NONE', *, *, #5544, .T. ) ;
#1037 = ADVANCED_FACE ( 'NONE', ( #5525 ), #7662, .F. ) ;
#1038 = CARTESIAN_POINT ( 'NONE',  ( 18.54999999999999716, 10.80000000000000071, 35.44999999999961204 ) ) ;
#1039 = ORIENTED_EDGE ( 'NONE', *, *, #6448, .T. ) ;
#1040 = ORIENTED_EDGE ( 'NONE', *, *, #9269, .T. ) ;
#1041 = VERTEX_POINT ( 'NONE', #1457 ) ;
#1042 = FACE_OUTER_BOUND ( 'NONE', #5731, .T. ) ;
#1043 = ORIENTED_EDGE ( 'NONE', *, *, #285, .T. ) ;
#1044 = VECTOR ( 'NONE', #112, 1000.000000000000114 ) ;
#1045 = EDGE_LOOP ( 'NONE', ( #2111, #9361, #3814, #992 ) ) ;
#1046 = LINE ( 'NONE', #8691, #2391 ) ;
#1047 = LINE ( 'NONE', #8072, #5170 ) ;
#1048 = ADVANCED_FACE ( 'NONE', ( #8476 ), #3023, .F. ) ;
#1049 = DIRECTION ( 'NONE',  ( 1.000000000000000000, 0.000000000000000000, 0.000000000000000000 ) ) ;
#1050 = AXIS2_PLACEMENT_3D ( 'NONE', #4107, #438, #1049 ) ;
#1051 = ORIENTED_EDGE ( 'NONE', *, *, #4121, .T. ) ;
#1052 = ORIENTED_EDGE ( 'NONE', *, *, #4592, .T. ) ;
#1053 = EDGE_CURVE ( 'NONE', #5421, #136, #1549, .T. ) ;
#1054 = LINE ( 'NONE', #9664, #4581 ) ;
#1055 = DIRECTION ( 'NONE',  ( -0.9612616959383174509, -0.2756373558170042704, 0.000000000000000000 ) ) ;
#1056 = AXIS2_PLACEMENT_3D ( 'NONE', #481, #3574, #9807 ) ;
#1057 = CARTESIAN_POINT ( 'NONE',  ( -16.80943399447264497, 8.566080860090419691, 19.19056600552696068 ) ) ;
#1058 = ORIENTED_EDGE ( 'NONE', *, *, #7056, .F. ) ;
#1059 = CARTESIAN_POINT ( 'NONE',  ( -48.79638818434513325, -5.429073061943231693, 30.79638818434474956 ) ) ;
#1060 = EDGE_CURVE ( 'NONE', #10003, #6851, #5425, .T. ) ;
#1061 = DIRECTION ( 'NONE',  ( -1.000000000000000000, 0.000000000000000000, 0.000000000000000000 ) ) ;
#1062 = VECTOR ( 'NONE', #1597, 1000.000000000000000 ) ;
#1063 = CARTESIAN_POINT ( 'NONE',  ( 15.62500000000000000, 10.53731005528968545, 18.62532512953051267 ) ) ;
#1064 = DIRECTION ( 'NONE',  ( 0.000000000000000000, -0.000000000000000000, 1.000000000000000000 ) ) ;
#1065 = AXIS2_PLACEMENT_3D ( 'NONE', #8148, #4180, #8047 ) ;
#1066 = EDGE_LOOP ( 'NONE', ( #9948, #367, #9158, #7211 ) ) ;
#1067 = VECTOR ( 'NONE', #2734, 1000.000000000000000 ) ;
#1068 = CARTESIAN_POINT ( 'NONE',  ( -51.62500000000000711, 10.53731005528969789, 18.62532512953050912 ) ) ;
#1069 = ORIENTED_EDGE ( 'NONE', *, *, #167, .T. ) ;
#1070 = DIRECTION ( 'NONE',  ( -1.000000000000000000, 0.000000000000000000, -9.786874335553214321E-17 ) ) ;
#1071 = CARTESIAN_POINT ( 'NONE',  ( -13.90968028962738856, -0.2227888855198091878, -3.710733851116684523 ) ) ;
#1072 = LINE ( 'NONE', #4177, #3662 ) ;
#1073 = CARTESIAN_POINT ( 'NONE',  ( 37.19056600552747227, 8.566080860089998694, -34.80943399447291142 ) ) ;
#1074 = LINE ( 'NONE', #8817, #9320 ) ;
#1075 = ORIENTED_EDGE ( 'NONE', *, *, #447, .F. ) ;
#1076 = VERTEX_POINT ( 'NONE', #1399 ) ;
#1077 = DIRECTION ( 'NONE',  ( -0.000000000000000000, 0.000000000000000000, 1.000000000000000000 ) ) ;
#1078 = VECTOR ( 'NONE', #7815, 1000.000000000000114 ) ;
#1079 = EDGE_CURVE ( 'NONE', #9007, #4092, #6888, .T. ) ;
#1080 = CARTESIAN_POINT ( 'NONE',  ( -43.50374022699593013, 7.500000000000000000, -33.62500000000000711 ) ) ;
#1081 = VERTEX_POINT ( 'NONE', #3120 ) ;
#1082 = CARTESIAN_POINT ( 'NONE',  ( 0.000000000000000000, 10.80000000000000071, 33.62500000000000000 ) ) ;
#1083 = EDGE_LOOP ( 'NONE', ( #5020, #7355, #4907, #9138 ) ) ;
#1084 = FACE_OUTER_BOUND ( 'NONE', #3276, .T. ) ;
#1085 = AXIS2_PLACEMENT_3D ( 'NONE', #9201, #23, #4757 ) ;
#1086 = CARTESIAN_POINT ( 'NONE',  ( 53.44999999999999574, 10.80000000000000071, -18.55000000000037730 ) ) ;
#1087 = ORIENTED_EDGE ( 'NONE', *, *, #2493, .F. ) ;
#1088 = VERTEX_POINT ( 'NONE', #10013 ) ;
#1089 = ORIENTED_EDGE ( 'NONE', *, *, #8934, .F. ) ;
#1090 = LINE ( 'NONE', #6633, #1876 ) ;
#1091 = ORIENTED_EDGE ( 'NONE', *, *, #2395, .F. ) ;
#1092 = VERTEX_POINT ( 'NONE', #7611 ) ;
#1093 = CARTESIAN_POINT ( 'NONE',  ( 46.49625977300406277, 7.500000000000000000, 33.62500000000000000 ) ) ;
#1094 = VECTOR ( 'NONE', #8082, 1000.000000000000000 ) ;
#1095 = EDGE_CURVE ( 'NONE', #375, #9249, #833, .T. ) ;
#1096 = DIRECTION ( 'NONE',  ( 0.000000000000000000, 0.000000000000000000, 1.000000000000000000 ) ) ;
#1097 = LINE ( 'NONE', #6445, #7435 ) ;
#1098 = CARTESIAN_POINT ( 'NONE',  ( -60.00000000000000000, 7.500000000000000000, 8.000000000000000000 ) ) ;
#1099 = VECTOR ( 'NONE', #1451, 1000.000000000000000 ) ;
#1100 = AXIS2_PLACEMENT_3D ( 'NONE', #6044, #5832, #8230 ) ;
#1101 = ORIENTED_EDGE ( 'NONE', *, *, #557, .F. ) ;
#1102 = VERTEX_POINT ( 'NONE', #7758 ) ;
#1103 = ORIENTED_EDGE ( 'NONE', *, *, #7075, .F. ) ;
#1104 = CARTESIAN_POINT ( 'NONE',  ( 34.50374022699593013, 7.500000000000000000, 0.000000000000000000 ) ) ;
#1105 = ADVANCED_FACE ( 'NONE', ( #6137 ), #3070, .F. ) ;
#1106 = ADVANCED_FACE ( 'NONE', ( #4506 ), #6235, .F. ) ;
#1107 = FACE_OUTER_BOUND ( 'NONE', #2948, .T. ) ;
#1108 = AXIS2_PLACEMENT_3D ( 'NONE', #9291, #9240, #6878 ) ;
#1109 = DIRECTION ( 'NONE',  ( 3.161696790679840518E-17, -1.102614705486210178E-16, -1.000000000000000000 ) ) ;
#1110 = ORIENTED_EDGE ( 'NONE', *, *, #8155, .T. ) ;
#1111 = DIRECTION ( 'NONE',  ( -1.000000000000000000, 0.000000000000000000, 0.000000000000000000 ) ) ;
#1112 = LINE ( 'NONE', #2793, #8334 ) ;
#1113 = VECTOR ( 'NONE', #4459, 1000.000000000000000 ) ;
#1114 = PLANE ( 'NONE',  #8483 ) ;
#1115 = LINE ( 'NONE', #1883, #2387 ) ;
#1116 = VERTEX_POINT ( 'NONE', #644 ) ;
#1117 = EDGE_CURVE ( 'NONE', #1021, #5836, #2266, .T. ) ;
#1118 = CARTESIAN_POINT ( 'NONE',  ( 23.06738976402695585, -0.9965637948163279525, 32.06738976402657215 ) ) ;
#1119 = ORIENTED_EDGE ( 'NONE', *, *, #1299, .T. ) ;
#1120 = CARTESIAN_POINT ( 'NONE',  ( 20.37499999999998934, 10.80000000000000426, 8.449999999999617373 ) ) ;
#1121 = DIRECTION ( 'NONE',  ( 0.000000000000000000, -0.9612616959383174509, -0.2756373558170039373 ) ) ;
#1122 = CARTESIAN_POINT ( 'NONE',  ( 52.50374022699593013, 7.500000000000000000, 0.000000000000000000 ) ) ;
#1123 = CARTESIAN_POINT ( 'NONE',  ( -53.45000000000000284, 86.52417351671579127, -35.45000000000003126 ) ) ;
#1124 = DIRECTION ( 'NONE',  ( -0.2657276780299911434, 0.9267025424900801056, 0.2657276780299911434 ) ) ;
#1125 = VERTEX_POINT ( 'NONE', #5375 ) ;
#1126 = CARTESIAN_POINT ( 'NONE',  ( 20.37499999999998934, 10.53731005528968723, -17.37467487046948023 ) ) ;
#1127 = EDGE_CURVE ( 'NONE', #9297, #5706, #6986, .T. ) ;
#1128 = DIRECTION ( 'NONE',  ( -0.000000000000000000, -0.000000000000000000, 1.000000000000000000 ) ) ;
#1129 = EDGE_CURVE ( 'NONE', #9358, #9732, #6184, .T. ) ;
#1130 = CARTESIAN_POINT ( 'NONE',  ( 52.80943399447263431, 8.566080860090416138, -34.80943399447266273 ) ) ;
#1131 = ORIENTED_EDGE ( 'NONE', *, *, #251, .T. ) ;
#1132 = DIRECTION ( 'NONE',  ( -0.9612616959383174509, -0.2756373558170042704, 0.000000000000000000 ) ) ;
#1133 = VERTEX_POINT ( 'NONE', #9348 ) ;
#1134 = VERTEX_POINT ( 'NONE', #6842 ) ;
#1135 = EDGE_CURVE ( 'NONE', #2452, #5929, #4704, .T. ) ;
#1136 = CARTESIAN_POINT ( 'NONE',  ( 0.000000000000000000, 7.500000000000000000, -34.50374022699632093 ) ) ;
#1137 = ORIENTED_EDGE ( 'NONE', *, *, #5339, .F. ) ;
#1138 = ORIENTED_EDGE ( 'NONE', *, *, #383, .T. ) ;
#1139 = DIRECTION ( 'NONE',  ( 1.000000000000000000, 0.000000000000000000, 0.000000000000000000 ) ) ;
#1140 = ORIENTED_EDGE ( 'NONE', *, *, #8118, .T. ) ;
#1141 = LINE ( 'NONE', #8942, #8895 ) ;
#1142 = EDGE_CURVE ( 'NONE', #3118, #10064, #69, .T. ) ;
#1143 = LINE ( 'NONE', #4205, #5816 ) ;
#1144 = AXIS2_PLACEMENT_3D ( 'NONE', #6461, #2499, #4739 ) ;
#1145 = DIRECTION ( 'NONE',  ( 0.000000000000000000, 0.000000000000000000, -1.000000000000000000 ) ) ;
#1146 = CARTESIAN_POINT ( 'NONE',  ( 17.44999999999999929, -11.50000000000000000, -35.45000000000003126 ) ) ;
#1147 = EDGE_CURVE ( 'NONE', #3129, #8198, #6519, .T. ) ;
#1148 = ORIENTED_EDGE ( 'NONE', *, *, #9870, .F. ) ;
#1149 = ORIENTED_EDGE ( 'NONE', *, *, #6192, .F. ) ;
#1150 = ORIENTED_EDGE ( 'NONE', *, *, #3159, .F. ) ;
#1151 = DIRECTION ( 'NONE',  ( 0.000000000000000000, -0.9612616959383180060, 0.2756373558170023830 ) ) ;
#1152 = VECTOR ( 'NONE', #455, 1000.000000000000000 ) ;
#1153 = CARTESIAN_POINT ( 'NONE',  ( -10.19056600552746872, 8.566080860090004023, -34.80943399447290432 ) ) ;
#1154 = DIRECTION ( 'NONE',  ( 1.000000000000000000, 0.000000000000000000, 0.000000000000000000 ) ) ;
#1155 = VERTEX_POINT ( 'NONE', #9638 ) ;
#1156 = VECTOR ( 'NONE', #8390, 1000.000000000000114 ) ;
#1157 = EDGE_CURVE ( 'NONE', #1560, #7500, #3362, .T. ) ;
#1158 = AXIS2_PLACEMENT_3D ( 'NONE', #4537, #1330, #9331 ) ;
#1159 = ORIENTED_EDGE ( 'NONE', *, *, #4690, .F. ) ;
#1160 = EDGE_CURVE ( 'NONE', #2831, #7589, #8677, .T. ) ;
#1161 = CARTESIAN_POINT ( 'NONE',  ( -2.584350778095969559E-16, 8.566080860089988036, -34.80943399447291142 ) ) ;
#1162 = DIRECTION ( 'NONE',  ( 0.2657276780299913099, -0.9267025424900799946, 0.2657276780299913099 ) ) ;
#1163 = LINE ( 'NONE', #4272, #9952 ) ;
#1164 = CARTESIAN_POINT ( 'NONE',  ( 53.44999999999999574, 10.80000000000000071, -9.550000000000384404 ) ) ;
#1165 = EDGE_LOOP ( 'NONE', ( #3571, #9776, #1169, #7145 ) ) ;
#1166 = VECTOR ( 'NONE', #3322, 1000.000000000000227 ) ;
#1167 = VERTEX_POINT ( 'NONE', #2561 ) ;
#1168 = DIRECTION ( 'NONE',  ( 0.000000000000000000, 0.000000000000000000, -1.000000000000000000 ) ) ;
#1169 = ORIENTED_EDGE ( 'NONE', *, *, #8779, .T. ) ;
#1170 = DIRECTION ( 'NONE',  ( 0.2657276780299913099, -0.9267025424900799946, 0.2657276780299913099 ) ) ;
#1171 = PLANE ( 'NONE',  #1769 ) ;
#1172 = EDGE_CURVE ( 'NONE', #1358, #3440, #3991, .T. ) ;
#1173 = CARTESIAN_POINT ( 'NONE',  ( 52.80943399447264142, 8.566080860090405480, 19.19056600552696423 ) ) ;
#1174 = LINE ( 'NONE', #4284, #4898 ) ;
#1175 = DIRECTION ( 'NONE',  ( -0.2386847610229712591, 0.8323926831162089535, -0.5001519828512186461 ) ) ;
#1176 = EDGE_LOOP ( 'NONE', ( #4501, #2814, #5906, #5961 ) ) ;
#1177 = EDGE_CURVE ( 'NONE', #926, #6188, #8050, .T. ) ;
#1178 = CARTESIAN_POINT ( 'NONE',  ( 60.02027957955104398, 10.49999999999999822, -31.94921176768562177 ) ) ;
#1179 = DIRECTION ( 'NONE',  ( -0.000000000000000000, 0.000000000000000000, 1.000000000000000000 ) ) ;
#1180 = LINE ( 'NONE', #320, #5981 ) ;
#1181 = LINE ( 'NONE', #8109, #5350 ) ;
#1182 = VERTEX_POINT ( 'NONE', #5670 ) ;
#1183 = DIRECTION ( 'NONE',  ( 0.000000000000000000, 0.000000000000000000, -1.000000000000000000 ) ) ;
#1184 = DIRECTION ( 'NONE',  ( -0.000000000000000000, 0.000000000000000000, 1.000000000000000000 ) ) ;
#1185 = CARTESIAN_POINT ( 'NONE',  ( 55.00000000000000000, 7.500000000000000000, -41.00000000000000000 ) ) ;
#1186 = ORIENTED_EDGE ( 'NONE', *, *, #6528, .F. ) ;
#1187 = DIRECTION ( 'NONE',  ( 0.2657276780299911434, -0.9267025424900801056, 0.2657276780299911434 ) ) ;
#1188 = ORIENTED_EDGE ( 'NONE', *, *, #4481, .F. ) ;
#1189 = ORIENTED_EDGE ( 'NONE', *, *, #2749, .F. ) ;
#1190 = EDGE_CURVE ( 'NONE', #9996, #9927, #9451, .T. ) ;
#1191 = LINE ( 'NONE', #1300, #1985 ) ;
#1192 = EDGE_LOOP ( 'NONE', ( #3169, #9225, #5111, #9239 ) ) ;
#1193 = CARTESIAN_POINT ( 'NONE',  ( 19.39060707660951266, 7.868454739437104273, 1.390607076609126302 ) ) ;
#1194 = CARTESIAN_POINT ( 'NONE',  ( 0.000000000000000000, 7.500000000000000000, 25.50374022699554288 ) ) ;
#1195 = PLANE ( 'NONE',  #3044 ) ;
#1196 = DIRECTION ( 'NONE',  ( 0.000000000000000000, 0.000000000000000000, -1.000000000000000000 ) ) ;
#1197 = CARTESIAN_POINT ( 'NONE',  ( -18.54999999999999716, 10.80000000000000071, -9.550000000000384404 ) ) ;
#1198 = EDGE_LOOP ( 'NONE', ( #4232, #6795, #5580, #2158 ) ) ;
#1199 = ORIENTED_EDGE ( 'NONE', *, *, #5459, .T. ) ;
#1200 = EDGE_CURVE ( 'NONE', #5084, #8859, #2606, .T. ) ;
#1201 = ORIENTED_EDGE ( 'NONE', *, *, #2668, .T. ) ;
#1202 = VECTOR ( 'NONE', #2003, 1000.000000000000000 ) ;
#1203 = LINE ( 'NONE', #9825, #5560 ) ;
#1204 = DIRECTION ( 'NONE',  ( 0.4999999999999957256, 0.7071067811865535679, -0.4999999999999957256 ) ) ;
#1205 = EDGE_CURVE ( 'NONE', #7541, #8479, #5714, .T. ) ;
#1206 = PLANE ( 'NONE',  #952 ) ;
#1207 = ORIENTED_EDGE ( 'NONE', *, *, #9832, .T. ) ;
#1208 = VECTOR ( 'NONE', #5781, 1000.000000000000000 ) ;
#1209 = ORIENTED_EDGE ( 'NONE', *, *, #6417, .F. ) ;
#1210 = CARTESIAN_POINT ( 'NONE',  ( 9.550000000000002487, 10.80000000000000071, -26.45000000000038298 ) ) ;
#1211 = PLANE ( 'NONE',  #6213 ) ;
#1212 = DIRECTION ( 'NONE',  ( 0.000000000000000000, 0.000000000000000000, -1.000000000000000000 ) ) ;
#1213 = VECTOR ( 'NONE', #5675, 1000.000000000000114 ) ;
#1214 = LINE ( 'NONE', #9016, #7746 ) ;
#1215 = ORIENTED_EDGE ( 'NONE', *, *, #7745, .T. ) ;
#1216 = EDGE_CURVE ( 'NONE', #6854, #8891, #119, .T. ) ;
#1217 = ORIENTED_EDGE ( 'NONE', *, *, #6214, .T. ) ;
#1218 = FACE_OUTER_BOUND ( 'NONE', #5601, .T. ) ;
#1219 = ORIENTED_EDGE ( 'NONE', *, *, #9187, .T. ) ;
#1220 = CARTESIAN_POINT ( 'NONE',  ( -51.62500000000001421, 7.500000000000000000, 1.496259773003681737 ) ) ;
#1221 = CARTESIAN_POINT ( 'NONE',  ( 16.80943399447264497, 8.566080860090405480, 7.809433994472259499 ) ) ;
#1222 = VECTOR ( 'NONE', #5663, 1000.000000000000000 ) ;
#1223 = LINE ( 'NONE', #9024, #4963 ) ;
#1224 = DIRECTION ( 'NONE',  ( 0.9612616959383174509, -0.2756373558170042704, 0.000000000000000000 ) ) ;
#1225 = DIRECTION ( 'NONE',  ( 0.000000000000000000, -0.2756373558170042704, 0.9612616959383174509 ) ) ;
#1226 = ORIENTED_EDGE ( 'NONE', *, *, #3918, .F. ) ;
#1227 = ORIENTED_EDGE ( 'NONE', *, *, #3406, .T. ) ;
#1228 = CARTESIAN_POINT ( 'NONE',  ( -13.90968028962739389, -0.2227888855198048579, -14.28926614888406199 ) ) ;
#1229 = DIRECTION ( 'NONE',  ( -0.4578768884082913271, -0.7620351108204149737, -0.4578768884082913271 ) ) ;
#1230 = EDGE_CURVE ( 'NONE', #7302, #162, #7190, .T. ) ;
#1231 = CARTESIAN_POINT ( 'NONE',  ( 58.32322330470334748, 9.899999999999975486, -37.32322330470339011 ) ) ;
#1232 = EDGE_LOOP ( 'NONE', ( #2444, #2225, #3111, #3758, #3836, #1698, #6479, #9508, #10053, #2865, #9773, #8963, #4689, #8131, #10061, #3360 ) ) ;
#1233 = LINE ( 'NONE', #5003, #1925 ) ;
#1234 = ORIENTED_EDGE ( 'NONE', *, *, #3091, .F. ) ;
#1235 = CARTESIAN_POINT ( 'NONE',  ( 0.000000000000000000, 7.500000000000000000, -19.49625977300445356 ) ) ;
#1236 = DIRECTION ( 'NONE',  ( -1.000000000000000000, 0.000000000000000000, 0.000000000000000000 ) ) ;
#1237 = FACE_OUTER_BOUND ( 'NONE', #6011, .T. ) ;
#1238 = ORIENTED_EDGE ( 'NONE', *, *, #6057, .F. ) ;
#1239 = AXIS2_PLACEMENT_3D ( 'NONE', #5483, #2272, #3030 ) ;
#1240 = DIRECTION ( 'NONE',  ( -1.000000000000000000, 0.000000000000000000, 0.000000000000000000 ) ) ;
#1241 = VERTEX_POINT ( 'NONE', #4042 ) ;
#1242 = VERTEX_POINT ( 'NONE', #3408 ) ;
#1243 = CARTESIAN_POINT ( 'NONE',  ( -13.90968028962739034, -0.2227888855198031370, 21.71073385111592913 ) ) ;
#1244 = VERTEX_POINT ( 'NONE', #1799 ) ;
#1245 = CARTESIAN_POINT ( 'NONE',  ( -7.503740226995931017, 7.500000000000000000, -33.62500000000000000 ) ) ;
#1246 = VECTOR ( 'NONE', #6585, 1000.000000000000114 ) ;
#1247 = CARTESIAN_POINT ( 'NONE',  ( -5.168701556196016542E-16, 8.566080860090828253, 34.80943399447237852 ) ) ;
#1248 = EDGE_CURVE ( 'NONE', #5334, #2250, #8821, .T. ) ;
#1249 = DIRECTION ( 'NONE',  ( 0.000000000000000000, -0.9612616959383174509, 0.2756373558170042704 ) ) ;
#1250 = DIRECTION ( 'NONE',  ( 0.2657276780299913099, -0.9267025424900799946, 0.2657276780299913099 ) ) ;
#1251 = LINE ( 'NONE', #9873, #5481 ) ;
#1252 = ORIENTED_EDGE ( 'NONE', *, *, #7908, .F. ) ;
#1253 = ORIENTED_EDGE ( 'NONE', *, *, #4899, .F. ) ;
#1254 = ORIENTED_EDGE ( 'NONE', *, *, #6271, .T. ) ;
#1255 = ORIENTED_EDGE ( 'NONE', *, *, #5326, .F. ) ;
#1256 = VECTOR ( 'NONE', #8629, 1000.000000000000000 ) ;
#1257 = CARTESIAN_POINT ( 'NONE',  ( 40.07937528197218313, 29.75245638442230600, 4.884529417027857257 ) ) ;
#1258 = CARTESIAN_POINT ( 'NONE',  ( 36.54999999999999716, 10.80000000000000426, 33.62500000000000000 ) ) ;
#1259 = CARTESIAN_POINT ( 'NONE',  ( 61.43449314192414334, 7.500000000000000000, 33.36342533005872468 ) ) ;
#1260 = EDGE_CURVE ( 'NONE', #1021, #2576, #4183, .T. ) ;
#1261 = EDGE_LOOP ( 'NONE', ( #6680, #6197, #10009, #4949 ) ) ;
#1262 = EDGE_CURVE ( 'NONE', #2145, #1316, #6384, .T. ) ;
#1263 = VECTOR ( 'NONE', #5331, 1000.000000000000000 ) ;
#1264 = VECTOR ( 'NONE', #4962, 1000.000000000000000 ) ;
#1265 = ORIENTED_EDGE ( 'NONE', *, *, #8630, .T. ) ;
#1266 = CARTESIAN_POINT ( 'NONE',  ( -15.33839134370872159, 3.435945472310388826, 24.33839134370833435 ) ) ;
#1267 = PLANE ( 'NONE',  #8809 ) ;
#1268 = ADVANCED_FACE ( 'NONE', ( #2651 ), #9499, .F. ) ;
#1269 = CARTESIAN_POINT ( 'NONE',  ( -51.62500000000000711, 10.80000000000000426, 33.62499999999999289 ) ) ;
#1270 = VECTOR ( 'NONE', #8916, 1000.000000000000114 ) ;
#1271 = VECTOR ( 'NONE', #9549, 1000.000000000000000 ) ;
#1272 = DIRECTION ( 'NONE',  ( 0.2657276780299913099, 0.9267025424900799946, 0.2657276780299913099 ) ) ;
#1273 = ORIENTED_EDGE ( 'NONE', *, *, #5554, .F. ) ;
#1274 = EDGE_CURVE ( 'NONE', #4549, #3309, #8724, .T. ) ;
#1275 = CARTESIAN_POINT ( 'NONE',  ( -5.168701556195899199E-16, 8.566080860090805160, 34.80943399447237141 ) ) ;
#1276 = VERTEX_POINT ( 'NONE', #1652 ) ;
#1277 = FACE_OUTER_BOUND ( 'NONE', #3950, .T. ) ;
#1278 = VECTOR ( 'NONE', #7372, 1000.000000000000114 ) ;
#1279 = CARTESIAN_POINT ( 'NONE',  ( -51.97389213354960447, 5.652200105873706804, -6.973892133549991712 ) ) ;
#1280 = DIRECTION ( 'NONE',  ( 0.2657276780299913099, 0.9267025424900799946, 0.2657276780299913099 ) ) ;
#1281 = EDGE_CURVE ( 'NONE', #9874, #4812, #9545, .T. ) ;
#1282 = CARTESIAN_POINT ( 'NONE',  ( 51.62500000000000000, 10.53731005528968723, -18.62532512953129071 ) ) ;
#1283 = ORIENTED_EDGE ( 'NONE', *, *, #4554, .T. ) ;
#1284 = VERTEX_POINT ( 'NONE', #1848 ) ;
#1285 = LINE ( 'NONE', #2858, #9134 ) ;
#1286 = LINE ( 'NONE', #1814, #4405 ) ;
#1287 = DIRECTION ( 'NONE',  ( 0.000000000000000000, 0.9612616959383174509, -0.2756373558170042704 ) ) ;
#1288 = VERTEX_POINT ( 'NONE', #8005 ) ;
#1289 = FACE_OUTER_BOUND ( 'NONE', #8513, .T. ) ;
#1290 = ORIENTED_EDGE ( 'NONE', *, *, #9746, .T. ) ;
#1291 = FACE_OUTER_BOUND ( 'NONE', #9620, .T. ) ;
#1292 = CARTESIAN_POINT ( 'NONE',  ( -13.08484749617240617, 14.76483374945124716, -26.41310221704440764 ) ) ;
#1293 = LINE ( 'NONE', #2064, #8044 ) ;
#1294 = VERTEX_POINT ( 'NONE', #4132 ) ;
#1295 = EDGE_CURVE ( 'NONE', #7842, #2301, #270, .T. ) ;
#1296 = CARTESIAN_POINT ( 'NONE',  ( 1.496259773004063209, 7.500000000000000000, -33.62500000000000000 ) ) ;
#1297 = ORIENTED_EDGE ( 'NONE', *, *, #3336, .T. ) ;
#1298 = VERTEX_POINT ( 'NONE', #2107 ) ;
#1299 = EDGE_CURVE ( 'NONE', #705, #1714, #1285, .T. ) ;
#1300 = CARTESIAN_POINT ( 'NONE',  ( 52.80943399447264142, 8.566080860090405480, 0.000000000000000000 ) ) ;
#1301 = ORIENTED_EDGE ( 'NONE', *, *, #6251, .F. ) ;
#1302 = LINE ( 'NONE', #5992, #8414 ) ;
#1303 = LINE ( 'NONE', #2826, #1918 ) ;
#1304 = FACE_OUTER_BOUND ( 'NONE', #1397, .T. ) ;
#1305 = FACE_OUTER_BOUND ( 'NONE', #3628, .T. ) ;
#1306 = DIRECTION ( 'NONE',  ( 0.000000000000000000, 0.000000000000000000, -1.000000000000000000 ) ) ;
#1307 = ORIENTED_EDGE ( 'NONE', *, *, #1525, .T. ) ;
#1308 = VERTEX_POINT ( 'NONE', #5152 ) ;
#1309 = ORIENTED_EDGE ( 'NONE', *, *, #765, .T. ) ;
#1310 = EDGE_CURVE ( 'NONE', #8002, #6009, #1947, .T. ) ;
#1311 = CARTESIAN_POINT ( 'NONE',  ( 18.54999999999999716, 10.80000000000000071, 27.54999999999960991 ) ) ;
#1312 = ADVANCED_FACE ( 'NONE', ( #2701 ), #2754, .T. ) ;
#1313 = LINE ( 'NONE', #9826, #7053 ) ;
#1314 = CARTESIAN_POINT ( 'NONE',  ( -52.80943399447240694, 8.566080860090806937, 34.80943399447236430 ) ) ;
#1315 = VECTOR ( 'NONE', #5632, 1000.000000000000000 ) ;
#1316 = VERTEX_POINT ( 'NONE', #5098 ) ;
#1317 = ORIENTED_EDGE ( 'NONE', *, *, #1260, .T. ) ;
#1318 = LINE ( 'NONE', #6763, #5138 ) ;
#1319 = DIRECTION ( 'NONE',  ( -9.786874335553214321E-17, 0.000000000000000000, 1.000000000000000000 ) ) ;
#1320 = AXIS2_PLACEMENT_3D ( 'NONE', #1178, #365, #4287 ) ;
#1321 = EDGE_CURVE ( 'NONE', #9376, #7534, #7493, .T. ) ;
#1322 = LINE ( 'NONE', #9674, #8643 ) ;
#1323 = DIRECTION ( 'NONE',  ( 0.000000000000000000, 0.000000000000000000, -1.000000000000000000 ) ) ;
#1324 = ORIENTED_EDGE ( 'NONE', *, *, #6830, .T. ) ;
#1325 = VECTOR ( 'NONE', #4109, 1000.000000000000114 ) ;
#1326 = LINE ( 'NONE', #2743, #4206 ) ;
#1327 = ORIENTED_EDGE ( 'NONE', *, *, #3707, .F. ) ;
#1328 = VECTOR ( 'NONE', #1843, 1000.000000000000000 ) ;
#1329 = CARTESIAN_POINT ( 'NONE',  ( 51.62500000000000000, 10.80000000000000426, 26.44999999999961204 ) ) ;
#1330 = DIRECTION ( 'NONE',  ( 0.000000000000000000, -0.2756373558170023830, 0.9612616959383180060 ) ) ;
#1331 = PLANE ( 'NONE',  #9973 ) ;
#1332 = ORIENTED_EDGE ( 'NONE', *, *, #4044, .T. ) ;
#1333 = VERTEX_POINT ( 'NONE', #1126 ) ;
#1334 = EDGE_CURVE ( 'NONE', #2841, #5038, #3668, .T. ) ;
#1335 = DIRECTION ( 'NONE',  ( 0.000000000000000000, 0.9612616959383174509, -0.2756373558170039373 ) ) ;
#1336 = AXIS2_PLACEMENT_3D ( 'NONE', #7151, #4863, #7970 ) ;
#1337 = LINE ( 'NONE', #4441, #13 ) ;
#1338 = VECTOR ( 'NONE', #3562, 1000.000000000000114 ) ;
#1339 = CARTESIAN_POINT ( 'NONE',  ( 40.07937528197218313, 29.75245638442230955, 22.88452941702784216 ) ) ;
#1340 = VERTEX_POINT ( 'NONE', #4233 ) ;
#1341 = ADVANCED_FACE ( 'NONE', ( #5861 ), #8868, .F. ) ;
#1342 = DIRECTION ( 'NONE',  ( -0.5001519828512185351, 0.8323926831162089535, 0.2386847610229712591 ) ) ;
#1343 = ORIENTED_EDGE ( 'NONE', *, *, #2890, .F. ) ;
#1344 = DIRECTION ( 'NONE',  ( 0.000000000000000000, 0.000000000000000000, -1.000000000000000000 ) ) ;
#1345 = LINE ( 'NONE', #9911, #2893 ) ;
#1346 = CARTESIAN_POINT ( 'NONE',  ( -26.45000000000000284, 10.80000000000000071, -27.55000000000038796 ) ) ;
#1347 = ORIENTED_EDGE ( 'NONE', *, *, #1800, .F. ) ;
#1348 = LINE ( 'NONE', #5874, #8555 ) ;
#1349 = VERTEX_POINT ( 'NONE', #4440 ) ;
#1350 = ORIENTED_EDGE ( 'NONE', *, *, #2353, .F. ) ;
#1351 = DIRECTION ( 'NONE',  ( -9.786874335553214321E-17, 0.000000000000000000, 1.000000000000000000 ) ) ;
#1352 = DIRECTION ( 'NONE',  ( -0.2657276780299911434, -0.9267025424900801056, 0.2657276780299911434 ) ) ;
#1353 = EDGE_CURVE ( 'NONE', #3118, #6877, #6566, .T. ) ;
#1354 = DIRECTION ( 'NONE',  ( -1.000000000000000000, -4.479964619998411121E-16, -1.284609183147281506E-16 ) ) ;
#1355 = LINE ( 'NONE', #3535, #291 ) ;
#1356 = DIRECTION ( 'NONE',  ( 0.9612616959383181170, -0.2756373558170021609, 0.000000000000000000 ) ) ;
#1357 = DIRECTION ( 'NONE',  ( -0.5001519828512187571, -0.8323926831162092865, -0.2386847610229693439 ) ) ;
#1358 = VERTEX_POINT ( 'NONE', #5813 ) ;
#1359 = ORIENTED_EDGE ( 'NONE', *, *, #3624, .T. ) ;
#1360 = ORIENTED_EDGE ( 'NONE', *, *, #3657, .T. ) ;
#1361 = ORIENTED_EDGE ( 'NONE', *, *, #6567, .F. ) ;
#1362 = DIRECTION ( 'NONE',  ( 1.000000000000000000, 2.239982309999205560E-16, -6.423045915736408765E-17 ) ) ;
#1363 = CARTESIAN_POINT ( 'NONE',  ( -62.00000000000000000, 7.500000000000000000, 41.00000000000000000 ) ) ;
#1364 = EDGE_CURVE ( 'NONE', #5719, #855, #7544, .T. ) ;
#1365 = CARTESIAN_POINT ( 'NONE',  ( -57.99999999999999289, 7.500000000000000000, 8.000000000000000000 ) ) ;
#1366 = VERTEX_POINT ( 'NONE', #1895 ) ;
#1367 = EDGE_CURVE ( 'NONE', #8878, #9333, #3457, .T. ) ;
#1368 = AXIS2_PLACEMENT_3D ( 'NONE', #876, #7222, #4843 ) ;
#1369 = CARTESIAN_POINT ( 'NONE',  ( -52.80943399447264142, 8.566080860090426796, -1.272127533929287401E-16 ) ) ;
#1370 = CARTESIAN_POINT ( 'NONE',  ( 0.000000000000000000, 7.500000000000000000, 28.49625977300367907 ) ) ;
#1371 = CARTESIAN_POINT ( 'NONE',  ( -15.62500000000000711, 10.53731005528969433, 0.6253251295305151114 ) ) ;
#1372 = VECTOR ( 'NONE', #7006, 1000.000000000000000 ) ;
#1373 = EDGE_LOOP ( 'NONE', ( #6965, #5629, #5768, #3641 ) ) ;
#1374 = DIRECTION ( 'NONE',  ( 0.000000000000000000, -0.2756373558170042704, 0.9612616959383174509 ) ) ;
#1375 = ORIENTED_EDGE ( 'NONE', *, *, #7874, .T. ) ;
#1376 = EDGE_CURVE ( 'NONE', #4736, #9498, #5045, .T. ) ;
#1377 = EDGE_CURVE ( 'NONE', #4603, #948, #9083, .T. ) ;
#1378 = LINE ( 'NONE', #2748, #8227 ) ;
#1379 = CARTESIAN_POINT ( 'NONE',  ( -41.06738976402689190, -0.9965637948165171345, -32.06738976402728980 ) ) ;
#1380 = VECTOR ( 'NONE', #3947, 1000.000000000000000 ) ;
#1381 = CARTESIAN_POINT ( 'NONE',  ( -51.62500000000000711, 10.80000000000000071, 0.000000000000000000 ) ) ;
#1382 = ORIENTED_EDGE ( 'NONE', *, *, #4425, .F. ) ;
#1383 = ORIENTED_EDGE ( 'NONE', *, *, #6586, .F. ) ;
#1384 = DIRECTION ( 'NONE',  ( 0.2657276780299911434, 0.9267025424900801056, 0.2657276780299911434 ) ) ;
#1385 = PLANE ( 'NONE',  #9125 ) ;
#1386 = EDGE_LOOP ( 'NONE', ( #1663, #4742, #8923, #1555 ) ) ;
#1387 = VECTOR ( 'NONE', #7657, 1000.000000000000000 ) ;
#1388 = CARTESIAN_POINT ( 'NONE',  ( -53.44999999999999574, 10.80000000000000071, 27.54999999999960991 ) ) ;
#1389 = VERTEX_POINT ( 'NONE', #8151 ) ;
#1390 = EDGE_CURVE ( 'NONE', #8828, #8995, #9688, .T. ) ;
#1391 = ADVANCED_FACE ( 'NONE', ( #413, #8924, #3512, #6620, #9742 ), #5205, .F. ) ;
#1392 = DIRECTION ( 'NONE',  ( 1.000000000000000000, 3.308956663174743341E-16, 2.051382842168411359E-32 ) ) ;
#1393 = LINE ( 'NONE', #6033, #3866 ) ;
#1394 = DIRECTION ( 'NONE',  ( -1.000000000000000000, -0.000000000000000000, -0.000000000000000000 ) ) ;
#1395 = VERTEX_POINT ( 'NONE', #4335 ) ;
#1396 = FACE_OUTER_BOUND ( 'NONE', #7097, .T. ) ;
#1397 = EDGE_LOOP ( 'NONE', ( #5231, #6085, #9488, #4677 ) ) ;
#1398 = ORIENTED_EDGE ( 'NONE', *, *, #4190, .F. ) ;
#1399 = CARTESIAN_POINT ( 'NONE',  ( -28.19056600552723069, 8.566080860090815818, 34.80943399447237852 ) ) ;
#1400 = EDGE_LOOP ( 'NONE', ( #6266, #1709, #832, #6275, #4380, #3649, #8737, #1583, #4596, #5187, #2459, #8833, #6661, #8538, #1600, #1149 ) ) ;
#1401 = EDGE_CURVE ( 'NONE', #1134, #1560, #7440, .T. ) ;
#1402 = AXIS2_PLACEMENT_3D ( 'NONE', #6131, #5370, #4748 ) ;
#1403 = ORIENTED_EDGE ( 'NONE', *, *, #7837, .T. ) ;
#1404 = CARTESIAN_POINT ( 'NONE',  ( 51.62500000000000000, 10.80000000000000426, 9.549999999999613465 ) ) ;
#1405 = AXIS2_PLACEMENT_3D ( 'NONE', #5422, #1546, #7756 ) ;
#1406 = CARTESIAN_POINT ( 'NONE',  ( 18.54999999999999716, 10.80000000000000071, -8.450000000000388312 ) ) ;
#1407 = ADVANCED_FACE ( 'NONE', ( #6728 ), #6025, .F. ) ;
#1408 = DIRECTION ( 'NONE',  ( 0.000000000000000000, -0.000000000000000000, 1.000000000000000000 ) ) ;
#1409 = AXIS2_PLACEMENT_3D ( 'NONE', #505, #5844, #4320 ) ;
#1410 = LINE ( 'NONE', #9924, #4473 ) ;
#1411 = CARTESIAN_POINT ( 'NONE',  ( 9.550000000000002487, 10.80000000000000071, 9.549999999999611688 ) ) ;
#1412 = VERTEX_POINT ( 'NONE', #6828 ) ;
#1413 = ORIENTED_EDGE ( 'NONE', *, *, #7933, .F. ) ;
#1414 = ORIENTED_EDGE ( 'NONE', *, *, #2481, .F. ) ;
#1415 = EDGE_LOOP ( 'NONE', ( #4666, #7240, #6164, #1969 ) ) ;
#1416 = EDGE_CURVE ( 'NONE', #1642, #4261, #5458, .T. ) ;
#1417 = LINE ( 'NONE', #2083, #2470 ) ;
#1418 = AXIS2_PLACEMENT_3D ( 'NONE', #1984, #6716, #351 ) ;
#1419 = LINE ( 'NONE', #86, #7413 ) ;
#1420 = CARTESIAN_POINT ( 'NONE',  ( 37.19056600552723779, 8.566080860090819371, 34.80943399447237852 ) ) ;
#1421 = DIRECTION ( 'NONE',  ( 0.000000000000000000, 0.9612616959383174509, -0.2756373558170042704 ) ) ;
#1422 = VECTOR ( 'NONE', #6200, 1000.000000000000114 ) ;
#1423 = ORIENTED_EDGE ( 'NONE', *, *, #9989, .F. ) ;
#1424 = LINE ( 'NONE', #1369, #4158 ) ;
#1425 = ADVANCED_FACE ( 'NONE', ( #7693 ), #2960, .T. ) ;
#1426 = EDGE_CURVE ( 'NONE', #9641, #8212, #9949, .T. ) ;
#1427 = CARTESIAN_POINT ( 'NONE',  ( -15.62500000000000711, 10.80000000000000426, 33.62500000000000000 ) ) ;
#1428 = LINE ( 'NONE', #9939, #10035 ) ;
#1429 = ADVANCED_FACE ( 'NONE', ( #3056 ), #6171, .F. ) ;
#1430 = ORIENTED_EDGE ( 'NONE', *, *, #2799, .F. ) ;
#1431 = VECTOR ( 'NONE', #2611, 1000.000000000000114 ) ;
#1432 = AXIS2_PLACEMENT_3D ( 'NONE', #3095, #6210, #9326 ) ;
#1433 = ORIENTED_EDGE ( 'NONE', *, *, #7052, .T. ) ;
#1434 = LINE ( 'NONE', #4532, #9404 ) ;
#1435 = ORIENTED_EDGE ( 'NONE', *, *, #4468, .F. ) ;
#1436 = DIRECTION ( 'NONE',  ( 0.000000000000000000, 0.000000000000000000, -1.000000000000000000 ) ) ;
#1437 = VECTOR ( 'NONE', #2967, 1000.000000000000114 ) ;
#1438 = CARTESIAN_POINT ( 'NONE',  ( -36.54999999999999005, 10.80000000000000071, -27.55000000000038796 ) ) ;
#1439 = VECTOR ( 'NONE', #6758, 1000.000000000000114 ) ;
#1440 = DIRECTION ( 'NONE',  ( 0.000000000000000000, 0.000000000000000000, -1.000000000000000000 ) ) ;
#1441 = ORIENTED_EDGE ( 'NONE', *, *, #5492, .T. ) ;
#1442 = VERTEX_POINT ( 'NONE', #2201 ) ;
#1443 = CARTESIAN_POINT ( 'NONE',  ( -52.50374022699593013, 7.500000000000000000, 0.000000000000000000 ) ) ;
#1444 = CARTESIAN_POINT ( 'NONE',  ( 51.62500000000000000, 10.80000000000000426, 0.5499999999996132427 ) ) ;
#1445 = ORIENTED_EDGE ( 'NONE', *, *, #146, .F. ) ;
#1446 = VECTOR ( 'NONE', #4696, 1000.000000000000000 ) ;
#1447 = CARTESIAN_POINT ( 'NONE',  ( 60.02027957955104398, 7.500000000000000000, -31.94921176768562177 ) ) ;
#1448 = EDGE_LOOP ( 'NONE', ( #6570, #6727, #728, #2203 ) ) ;
#1449 = EDGE_CURVE ( 'NONE', #310, #5826, #5308, .T. ) ;
#1450 = LINE ( 'NONE', #2966, #5597 ) ;
#1451 = DIRECTION ( 'NONE',  ( -0.000000000000000000, -0.000000000000000000, 1.000000000000000000 ) ) ;
#1452 = DIRECTION ( 'NONE',  ( -1.000000000000000000, 0.000000000000000000, 1.988221748970552022E-16 ) ) ;
#1453 = ORIENTED_EDGE ( 'NONE', *, *, #5237, .T. ) ;
#1454 = DIRECTION ( 'NONE',  ( 0.2657276780299913099, 0.9267025424900799946, 0.2657276780299913099 ) ) ;
#1455 = ORIENTED_EDGE ( 'NONE', *, *, #1190, .T. ) ;
#1456 = ORIENTED_EDGE ( 'NONE', *, *, #5129, .T. ) ;
#1457 = CARTESIAN_POINT ( 'NONE',  ( -19.19056600552736214, 8.566080860090416138, -10.19056600552774583 ) ) ;
#1458 = AXIS2_PLACEMENT_3D ( 'NONE', #5226, #1408, #2774 ) ;
#1459 = CARTESIAN_POINT ( 'NONE',  ( -51.62500000000001421, 7.500000000000000000, 25.50374022699554288 ) ) ;
#1460 = CARTESIAN_POINT ( 'NONE',  ( 15.62500000000000000, 7.500000000000000000, -19.49625977300445356 ) ) ;
#1461 = DIRECTION ( 'NONE',  ( 0.000000000000000000, -1.628809415300402958E-16, -1.000000000000000000 ) ) ;
#1462 = EDGE_CURVE ( 'NONE', #485, #1134, #7647, .T. ) ;
#1463 = DIRECTION ( 'NONE',  ( 0.5001519828512185351, 0.8323926831162089535, -0.2386847610229712591 ) ) ;
#1464 = FACE_OUTER_BOUND ( 'NONE', #882, .T. ) ;
#1465 = ORIENTED_EDGE ( 'NONE', *, *, #9168, .F. ) ;
#1466 = ORIENTED_EDGE ( 'NONE', *, *, #6400, .T. ) ;
#1467 = ORIENTED_EDGE ( 'NONE', *, *, #8926, .T. ) ;
#1468 = ORIENTED_EDGE ( 'NONE', *, *, #8574, .F. ) ;
#1469 = PLANE ( 'NONE',  #7975 ) ;
#1470 = CARTESIAN_POINT ( 'NONE',  ( 45.54999999999999005, 10.80000000000000071, 0.5499999999996132427 ) ) ;
#1471 = PLANE ( 'NONE',  #2248 ) ;
#1472 = EDGE_CURVE ( 'NONE', #5371, #2491, #4490, .T. ) ;
#1473 = CARTESIAN_POINT ( 'NONE',  ( 9.550000000000002487, 10.80000000000000071, 35.44999999999961204 ) ) ;
#1474 = CARTESIAN_POINT ( 'NONE',  ( 43.21310312740499882, 18.94972790725422485, 37.78689687259461749 ) ) ;
#1475 = FACE_OUTER_BOUND ( 'NONE', #9280, .T. ) ;
#1476 = VECTOR ( 'NONE', #7895, 1000.000000000000000 ) ;
#1477 = DIRECTION ( 'NONE',  ( -0.8164965809277230369, -0.5773502691896301720, 0.000000000000000000 ) ) ;
#1478 = VERTEX_POINT ( 'NONE', #7024 ) ;
#1479 = EDGE_CURVE ( 'NONE', #7128, #7542, #1486, .T. ) ;
#1480 = LINE ( 'NONE', #8556, #2399 ) ;
#1481 = VECTOR ( 'NONE', #6220, 1000.000000000000000 ) ;
#1482 = DIRECTION ( 'NONE',  ( -0.2657276780299913099, 0.9267025424900799946, 0.2657276780299913099 ) ) ;
#1483 = CARTESIAN_POINT ( 'NONE',  ( 21.93261023597309745, -0.9965637948165171345, -32.06738976402728980 ) ) ;
#1484 = EDGE_LOOP ( 'NONE', ( #4953, #4544, #8418, #1199 ) ) ;
#1485 = ORIENTED_EDGE ( 'NONE', *, *, #6706, .T. ) ;
#1486 = LINE ( 'NONE', #8361, #5704 ) ;
#1487 = DIRECTION ( 'NONE',  ( 0.000000000000000000, 0.000000000000000000, 1.000000000000000000 ) ) ;
#1488 = AXIS2_PLACEMENT_3D ( 'NONE', #6962, #5349, #5399 ) ;
#1489 = VECTOR ( 'NONE', #3100, 1000.000000000000000 ) ;
#1490 = EDGE_LOOP ( 'NONE', ( #1020, #4041, #4197, #482 ) ) ;
#1491 = ADVANCED_FACE ( 'NONE', ( #5258 ), #629, .F. ) ;
#1492 = CARTESIAN_POINT ( 'NONE',  ( 40.07937528197218313, 29.75245638442230955, 4.115470582971382463 ) ) ;
#1493 = EDGE_LOOP ( 'NONE', ( #6685, #2713, #7862, #875 ) ) ;
#1494 = CARTESIAN_POINT ( 'NONE',  ( 61.43449314192414334, 10.49999999999999822, 33.36342533005872468 ) ) ;
#1495 = LINE ( 'NONE', #6930, #456 ) ;
#1496 = ADVANCED_FACE ( 'NONE', ( #3772 ), #7595, .F. ) ;
#1497 = LINE ( 'NONE', #1544, #8869 ) ;
#1498 = AXIS2_PLACEMENT_3D ( 'NONE', #4520, #8292, #4417 ) ;
#1499 = VERTEX_POINT ( 'NONE', #3008 ) ;
#1500 = LINE ( 'NONE', #18, #4491 ) ;
#1501 = VERTEX_POINT ( 'NONE', #6122 ) ;
#1502 = ORIENTED_EDGE ( 'NONE', *, *, #2013, .F. ) ;
#1503 = AXIS2_PLACEMENT_3D ( 'NONE', #4404, #2011, #8279 ) ;
#1504 = DIRECTION ( 'NONE',  ( 0.000000000000000000, -0.000000000000000000, -1.000000000000000000 ) ) ;
#1505 = VECTOR ( 'NONE', #8974, 1000.000000000000000 ) ;
#1506 = CARTESIAN_POINT ( 'NONE',  ( -18.54999999999999716, 10.80000000000000071, -8.450000000000388312 ) ) ;
#1507 = DIRECTION ( 'NONE',  ( -0.000000000000000000, -0.2756373558170040483, -0.9612616959383175619 ) ) ;
#1508 = AXIS2_PLACEMENT_3D ( 'NONE', #5536, #7869, #895 ) ;
#1509 = CARTESIAN_POINT ( 'NONE',  ( -19.19056600552735858, 8.566080860090414362, -25.80943399447301800 ) ) ;
#1510 = DIRECTION ( 'NONE',  ( 0.000000000000000000, -0.9612616959383174509, -0.2756373558170039373 ) ) ;
#1511 = EDGE_CURVE ( 'NONE', #8958, #4531, #773, .T. ) ;
#1512 = PLANE ( 'NONE',  #1239 ) ;
#1513 = ORIENTED_EDGE ( 'NONE', *, *, #1861, .F. ) ;
#1514 = ORIENTED_EDGE ( 'NONE', *, *, #7613, .T. ) ;
#1515 = CARTESIAN_POINT ( 'NONE',  ( -8.449999999999999289, 10.80000000000000071, 35.44999999999961204 ) ) ;
#1516 = ORIENTED_EDGE ( 'NONE', *, *, #9373, .T. ) ;
#1517 = FACE_OUTER_BOUND ( 'NONE', #3820, .T. ) ;
#1518 = EDGE_LOOP ( 'NONE', ( #1301, #7482, #6294, #3998 ) ) ;
#1519 = CARTESIAN_POINT ( 'NONE',  ( 15.62500000000000000, 10.80000000000000071, 0.000000000000000000 ) ) ;
#1520 = LINE ( 'NONE', #4621, #7116 ) ;
#1521 = LINE ( 'NONE', #6203, #8369 ) ;
#1522 = EDGE_CURVE ( 'NONE', #1041, #7741, #3880, .T. ) ;
#1523 = DIRECTION ( 'NONE',  ( 0.000000000000000000, 0.9612616959383180060, -0.2756373558170021054 ) ) ;
#1524 = LINE ( 'NONE', #3092, #1816 ) ;
#1525 = EDGE_CURVE ( 'NONE', #1340, #2925, #2297, .T. ) ;
#1526 = LINE ( 'NONE', #2140, #4165 ) ;
#1527 = CARTESIAN_POINT ( 'NONE',  ( -44.44999999999999574, 10.80000000000000071, -35.45000000000039364 ) ) ;
#1528 = EDGE_LOOP ( 'NONE', ( #2239, #800, #242, #7199 ) ) ;
#1529 = DIRECTION ( 'NONE',  ( 1.000000000000000000, 0.000000000000000000, 3.976443497941104043E-16 ) ) ;
#1530 = CARTESIAN_POINT ( 'NONE',  ( 9.755106286768590707, 10.08470937300060477, 35.24489371323102205 ) ) ;
#1531 = CARTESIAN_POINT ( 'NONE',  ( -17.44999999999999929, 10.80000000000000071, -9.550000000000384404 ) ) ;
#1532 = LINE ( 'NONE', #10044, #7516 ) ;
#1533 = VERTEX_POINT ( 'NONE', #6972 ) ;
#1534 = CARTESIAN_POINT ( 'NONE',  ( 51.62500000000000000, 10.80000000000000426, 33.62500000000000000 ) ) ;
#1535 = EDGE_CURVE ( 'NONE', #6703, #485, #2252, .T. ) ;
#1536 = VECTOR ( 'NONE', #9190, 1000.000000000000000 ) ;
#1537 = DIRECTION ( 'NONE',  ( 0.000000000000000000, 0.000000000000000000, -1.000000000000000000 ) ) ;
#1538 = ORIENTED_EDGE ( 'NONE', *, *, #9092, .F. ) ;
#1539 = PLANE ( 'NONE',  #7122 ) ;
#1540 = ORIENTED_EDGE ( 'NONE', *, *, #4203, .T. ) ;
#1541 = FACE_OUTER_BOUND ( 'NONE', #7948, .T. ) ;
#1542 = DIRECTION ( 'NONE',  ( -0.5001519828512185351, -0.8323926831162089535, -0.2386847610229712591 ) ) ;
#1543 = VECTOR ( 'NONE', #9468, 1000.000000000000000 ) ;
#1544 = CARTESIAN_POINT ( 'NONE',  ( 20.37499999999998934, 7.500000000000000000, 19.49625977300367552 ) ) ;
#1545 = ORIENTED_EDGE ( 'NONE', *, *, #1610, .F. ) ;
#1546 = DIRECTION ( 'NONE',  ( 0.000000000000000000, -0.2756373558170042704, 0.9612616959383174509 ) ) ;
#1547 = ORIENTED_EDGE ( 'NONE', *, *, #3463, .F. ) ;
#1548 = EDGE_LOOP ( 'NONE', ( #7340, #7321, #7850, #4919 ) ) ;
#1549 = LINE ( 'NONE', #1602, #2796 ) ;
#1550 = ADVANCED_FACE ( 'NONE', ( #5410 ), #6922, .F. ) ;
#1551 = VECTOR ( 'NONE', #8164, 999.9999999999998863 ) ;
#1552 = DIRECTION ( 'NONE',  ( 0.000000000000000000, 0.000000000000000000, 1.000000000000000000 ) ) ;
#1553 = ADVANCED_FACE ( 'NONE', ( #4738 ), #9438, .F. ) ;
#1554 = PLANE ( 'NONE',  #6805 ) ;
#1555 = ORIENTED_EDGE ( 'NONE', *, *, #3812, .F. ) ;
#1556 = CARTESIAN_POINT ( 'NONE',  ( -53.45000000000000995, -11.50000000000000000, 35.44999999999996732 ) ) ;
#1557 = CARTESIAN_POINT ( 'NONE',  ( -46.49625977300406277, 7.500000000000000000, -33.62500000000000711 ) ) ;
#1558 = CARTESIAN_POINT ( 'NONE',  ( 15.62500000000000000, 10.80000000000000426, 33.62500000000000000 ) ) ;
#1559 = AXIS2_PLACEMENT_3D ( 'NONE', #9944, #1581, #4684 ) ;
#1560 = VERTEX_POINT ( 'NONE', #1786 ) ;
#1561 = ORIENTED_EDGE ( 'NONE', *, *, #6492, .T. ) ;
#1562 = DIRECTION ( 'NONE',  ( -0.2657276780299913099, 0.9267025424900799946, 0.2657276780299913099 ) ) ;
#1563 = ORIENTED_EDGE ( 'NONE', *, *, #2196, .T. ) ;
#1564 = VERTEX_POINT ( 'NONE', #1063 ) ;
#1565 = LINE ( 'NONE', #4668, #5047 ) ;
#1566 = VECTOR ( 'NONE', #1175, 1000.000000000000114 ) ;
#1567 = DIRECTION ( 'NONE',  ( 3.161696790679823261E-17, -1.102614705486213383E-16, -1.000000000000000000 ) ) ;
#1568 = EDGE_CURVE ( 'NONE', #5628, #2360, #2593, .T. ) ;
#1569 = VECTOR ( 'NONE', #2842, 999.9999999999998863 ) ;
#1570 = CARTESIAN_POINT ( 'NONE',  ( 18.11960549692771139, 12.30096400656398181, 17.88039450307190492 ) ) ;
#1571 = DIRECTION ( 'NONE',  ( -0.2756373558170042704, -0.9612616959383174509, 0.000000000000000000 ) ) ;
#1572 = CARTESIAN_POINT ( 'NONE',  ( -54.49999999999997868, 10.80000000000000426, -36.50000000000038369 ) ) ;
#1573 = AXIS2_PLACEMENT_3D ( 'NONE', #5433, #5382, #76 ) ;
#1574 = LINE ( 'NONE', #4872, #3592 ) ;
#1575 = EDGE_CURVE ( 'NONE', #443, #1533, #207, .T. ) ;
#1576 = LINE ( 'NONE', #150, #286 ) ;
#1577 = ORIENTED_EDGE ( 'NONE', *, *, #9707, .F. ) ;
#1578 = VECTOR ( 'NONE', #8579, 1000.000000000000000 ) ;
#1579 = PLANE ( 'NONE',  #9920 ) ;
#1580 = ADVANCED_FACE ( 'NONE', ( #7172 ), #970, .F. ) ;
#1581 = DIRECTION ( 'NONE',  ( -1.000000000000000000, 0.000000000000000000, 0.000000000000000000 ) ) ;
#1582 = CARTESIAN_POINT ( 'NONE',  ( -35.44999999999999574, 10.80000000000000071, 35.44999999999961204 ) ) ;
#1583 = ORIENTED_EDGE ( 'NONE', *, *, #8630, .F. ) ;
#1584 = VERTEX_POINT ( 'NONE', #6411 ) ;
#1585 = DIRECTION ( 'NONE',  ( -1.000000000000000000, 0.000000000000000000, 0.000000000000000000 ) ) ;
#1586 = VECTOR ( 'NONE', #1128, 1000.000000000000000 ) ;
#1587 = DIRECTION ( 'NONE',  ( 0.9612616959383174509, -0.2756373558170042704, 0.000000000000000000 ) ) ;
#1588 = EDGE_CURVE ( 'NONE', #9715, #2475, #4118, .T. ) ;
#1589 = ORIENTED_EDGE ( 'NONE', *, *, #4882, .F. ) ;
#1590 = DIRECTION ( 'NONE',  ( -1.000000000000000000, -0.000000000000000000, -0.000000000000000000 ) ) ;
#1591 = ORIENTED_EDGE ( 'NONE', *, *, #9849, .T. ) ;
#1592 = VECTOR ( 'NONE', #9038, 1000.000000000000000 ) ;
#1593 = CARTESIAN_POINT ( 'NONE',  ( -52.50374022699593013, 7.500000000000000000, 0.000000000000000000 ) ) ;
#1594 = CARTESIAN_POINT ( 'NONE',  ( 8.449999999999999289, 10.80000000000000071, -27.55000000000038796 ) ) ;
#1595 = VECTOR ( 'NONE', #2671, 1000.000000000000000 ) ;
#1596 = EDGE_CURVE ( 'NONE', #6183, #2167, #8710, .T. ) ;
#1597 = DIRECTION ( 'NONE',  ( 0.000000000000000000, 0.000000000000000000, -1.000000000000000000 ) ) ;
#1598 = ORIENTED_EDGE ( 'NONE', *, *, #6991, .F. ) ;
#1599 = CARTESIAN_POINT ( 'NONE',  ( 1.190566005527234239, 8.566080860090817595, 34.80943399447237852 ) ) ;
#1600 = ORIENTED_EDGE ( 'NONE', *, *, #1668, .F. ) ;
#1601 = EDGE_LOOP ( 'NONE', ( #266, #5307, #5837, #6439 ) ) ;
#1602 = CARTESIAN_POINT ( 'NONE',  ( 39.93261023597310100, -0.9965637948165171345, -32.06738976402728980 ) ) ;
#1603 = AXIS2_PLACEMENT_3D ( 'NONE', #6513, #1889, #7133 ) ;
#1604 = VECTOR ( 'NONE', #4188, 1000.000000000000000 ) ;
#1605 = DIRECTION ( 'NONE',  ( 0.7071067811865474617, 0.000000000000000000, -0.7071067811865474617 ) ) ;
#1606 = DIRECTION ( 'NONE',  ( -0.4999999999999957256, -0.7071067811865535679, -0.4999999999999957256 ) ) ;
#1607 = ORIENTED_EDGE ( 'NONE', *, *, #5029, .F. ) ;
#1608 = DIRECTION ( 'NONE',  ( 1.000000000000000000, 0.000000000000000000, -0.000000000000000000 ) ) ;
#1609 = ADVANCED_FACE ( 'NONE', ( #9530 ), #8758, .F. ) ;
#1610 = EDGE_CURVE ( 'NONE', #157, #7042, #9486, .T. ) ;
#1611 = LINE ( 'NONE', #891, #7385 ) ;
#1612 = VECTOR ( 'NONE', #5705, 1000.000000000000000 ) ;
#1613 = CARTESIAN_POINT ( 'NONE',  ( -21.29710944613220391, 1.219690838746894768, -23.70289055386817267 ) ) ;
#1614 = ORIENTED_EDGE ( 'NONE', *, *, #9047, .T. ) ;
#1615 = ORIENTED_EDGE ( 'NONE', *, *, #6511, .F. ) ;
#1616 = CARTESIAN_POINT ( 'NONE',  ( 0.000000000000000000, 10.80000000000000071, 33.62499999999999289 ) ) ;
#1617 = ORIENTED_EDGE ( 'NONE', *, *, #3363, .F. ) ;
#1618 = ORIENTED_EDGE ( 'NONE', *, *, #5377, .T. ) ;
#1619 = FACE_OUTER_BOUND ( 'NONE', #2168, .T. ) ;
#1620 = CARTESIAN_POINT ( 'NONE',  ( -62.00000000000000000, 7.500000000000000000, 41.00000000000000000 ) ) ;
#1621 = DIRECTION ( 'NONE',  ( -0.5001519828512185351, -0.8323926831162089535, -0.2386847610229712591 ) ) ;
#1622 = EDGE_CURVE ( 'NONE', #7438, #565, #3346, .T. ) ;
#1623 = CARTESIAN_POINT ( 'NONE',  ( 62.00000000000000711, -11.50000000000000000, -33.99999999999998579 ) ) ;
#1624 = EDGE_CURVE ( 'NONE', #495, #5355, #55, .T. ) ;
#1625 = PLANE ( 'NONE',  #5133 ) ;
#1626 = EDGE_CURVE ( 'NONE', #4887, #7128, #5652, .T. ) ;
#1627 = CARTESIAN_POINT ( 'NONE',  ( 0.000000000000000000, 7.500000000000000000, 34.50374022699554644 ) ) ;
#1628 = CARTESIAN_POINT ( 'NONE',  ( -53.44999999999999574, 10.80000000000000071, -27.55000000000038796 ) ) ;
#1629 = ORIENTED_EDGE ( 'NONE', *, *, #9832, .F. ) ;
#1630 = DIRECTION ( 'NONE',  ( -1.000000000000000000, 0.000000000000000000, 0.000000000000000000 ) ) ;
#1631 = CARTESIAN_POINT ( 'NONE',  ( -13.90968028962739034, -0.2227888855198031370, 30.71073385111593268 ) ) ;
#1632 = EDGE_CURVE ( 'NONE', #3617, #1711, #4929, .T. ) ;
#1633 = CARTESIAN_POINT ( 'NONE',  ( -40.07937528197220445, 29.75245638442229534, -31.88452941702864862 ) ) ;
#1634 =( NAMED_UNIT ( * ) PLANE_ANGLE_UNIT ( ) SI_UNIT ( $, .RADIAN. ) );
#1635 = ORIENTED_EDGE ( 'NONE', *, *, #2995, .T. ) ;
#1636 = EDGE_LOOP ( 'NONE', ( #736, #1138, #82, #6838 ) ) ;
#1637 = CARTESIAN_POINT ( 'NONE',  ( 0.000000000000000000, 7.500000000000000000, 34.50374022699554644 ) ) ;
#1638 = CARTESIAN_POINT ( 'NONE',  ( -51.62500000000001421, 7.500000000000000000, 28.49625977300367907 ) ) ;
#1639 = EDGE_CURVE ( 'NONE', #3712, #8470, #919, .T. ) ;
#1640 = ORIENTED_EDGE ( 'NONE', *, *, #1575, .T. ) ;
#1641 = DIRECTION ( 'NONE',  ( -0.2657276780299913099, 0.9267025424900799946, 0.2657276780299913099 ) ) ;
#1642 = VERTEX_POINT ( 'NONE', #2398 ) ;
#1643 = VECTOR ( 'NONE', #7597, 1000.000000000000000 ) ;
#1644 = DIRECTION ( 'NONE',  ( -1.000000000000000000, 0.000000000000000000, 0.000000000000000000 ) ) ;
#1645 = DIRECTION ( 'NONE',  ( 0.000000000000000000, 0.000000000000000000, -1.000000000000000000 ) ) ;
#1646 = CARTESIAN_POINT ( 'NONE',  ( 51.62500000000000000, 7.500000000000000000, -25.50374022699630672 ) ) ;
#1647 = ADVANCED_FACE ( 'NONE', ( #5558 ), #8615, .F. ) ;
#1648 = PLANE ( 'NONE',  #5398 ) ;
#1649 = FACE_BOUND ( 'NONE', #6841, .T. ) ;
#1650 = EDGE_LOOP ( 'NONE', ( #6333, #2963, #9964, #1217 ) ) ;
#1651 = VERTEX_POINT ( 'NONE', #104 ) ;
#1652 = CARTESIAN_POINT ( 'NONE',  ( 28.19056600552723069, 8.566080860090814042, 34.80943399447237141 ) ) ;
#1653 = VECTOR ( 'NONE', #1077, 1000.000000000000000 ) ;
#1654 = EDGE_CURVE ( 'NONE', #4319, #2904, #3200, .T. ) ;
#1655 = LINE ( 'NONE', #7860, #4829 ) ;
#1656 = CARTESIAN_POINT ( 'NONE',  ( 53.44999999999999574, 10.80000000000000071, -26.45000000000038298 ) ) ;
#1657 = ORIENTED_EDGE ( 'NONE', *, *, #4745, .F. ) ;
#1658 = CARTESIAN_POINT ( 'NONE',  ( -18.54999999999999716, 10.80000000000000071, -35.45000000000039364 ) ) ;
#1659 = VECTOR ( 'NONE', #3808, 1000.000000000000000 ) ;
#1660 = VECTOR ( 'NONE', #8660, 1000.000000000000114 ) ;
#1661 = LINE ( 'NONE', #4762, #5613 ) ;
#1662 = ORIENTED_EDGE ( 'NONE', *, *, #9864, .T. ) ;
#1663 = ORIENTED_EDGE ( 'NONE', *, *, #6463, .F. ) ;
#1664 = VERTEX_POINT ( 'NONE', #7894 ) ;
#1665 = CARTESIAN_POINT ( 'NONE',  ( 15.62500000000000000, 10.80000000000000426, -8.450000000000388312 ) ) ;
#1666 = ORIENTED_EDGE ( 'NONE', *, *, #2956, .T. ) ;
#1667 = DIRECTION ( 'NONE',  ( 1.000000000000000000, 0.000000000000000000, 0.000000000000000000 ) ) ;
#1668 = EDGE_CURVE ( 'NONE', #8077, #705, #6367, .T. ) ;
#1669 = AXIS2_PLACEMENT_3D ( 'NONE', #9624, #5845, #1061 ) ;
#1670 = DIRECTION ( 'NONE',  ( 0.000000000000000000, -0.9612616959383174509, 0.2756373558170039373 ) ) ;
#1671 = CARTESIAN_POINT ( 'NONE',  ( 15.62500000000000000, 10.53731005528968723, -33.62500000000000000 ) ) ;
#1672 = CARTESIAN_POINT ( 'NONE',  ( -40.07937528197219734, 29.75245638442231666, 22.88452941702784216 ) ) ;
#1673 = DIRECTION ( 'NONE',  ( -1.000000000000000000, 0.000000000000000000, 0.000000000000000000 ) ) ;
#1674 = CARTESIAN_POINT ( 'NONE',  ( -19.19056600552734793, 8.566080860090398374, -7.809433994473034879 ) ) ;
#1675 = EDGE_CURVE ( 'NONE', #9010, #4786, #4834, .T. ) ;
#1676 = LINE ( 'NONE', #4627, #932 ) ;
#1677 = ADVANCED_FACE ( 'NONE', ( #350 ), #1882, .F. ) ;
#1678 = ORIENTED_EDGE ( 'NONE', *, *, #3185, .T. ) ;
#1679 = LINE ( 'NONE', #3967, #7786 ) ;
#1680 = DIRECTION ( 'NONE',  ( -0.000000000000000000, -0.000000000000000000, 1.000000000000000000 ) ) ;
#1681 = DIRECTION ( 'NONE',  ( 0.000000000000000000, 0.9612616959383174509, -0.2756373558170042704 ) ) ;
#1682 = ORIENTED_EDGE ( 'NONE', *, *, #196, .T. ) ;
#1683 = ORIENTED_EDGE ( 'NONE', *, *, #9116, .F. ) ;
#1684 = DIRECTION ( 'NONE',  ( 0.000000000000000000, -0.9612616959383174509, 0.2756373558170039373 ) ) ;
#1685 = DIRECTION ( 'NONE',  ( -1.000000000000000000, 0.000000000000000000, 0.000000000000000000 ) ) ;
#1686 = ORIENTED_EDGE ( 'NONE', *, *, #9883, .F. ) ;
#1687 = ADVANCED_FACE ( 'NONE', ( #3394 ), #1114, .F. ) ;
#1688 = EDGE_CURVE ( 'NONE', #1533, #8676, #9068, .T. ) ;
#1689 = CARTESIAN_POINT ( 'NONE',  ( -45.62532512953090702, 10.53731005528965525, 33.62499999999999289 ) ) ;
#1690 = ORIENTED_EDGE ( 'NONE', *, *, #9803, .T. ) ;
#1691 = CARTESIAN_POINT ( 'NONE',  ( 55.00000000000000000, -11.50000000000000000, -41.00000000000000000 ) ) ;
#1692 = CARTESIAN_POINT ( 'NONE',  ( 17.44999999999999929, -11.50000000000000000, 35.44999999999998863 ) ) ;
#1693 = EDGE_CURVE ( 'NONE', #926, #1501, #4983, .T. ) ;
#1694 = LINE ( 'NONE', #2456, #9863 ) ;
#1695 = CARTESIAN_POINT ( 'NONE',  ( -9.549999999999995381, 10.80000000000000071, 35.44999999999961204 ) ) ;
#1696 = VECTOR ( 'NONE', #6497, 1000.000000000000000 ) ;
#1697 = DIRECTION ( 'NONE',  ( -0.000000000000000000, -1.000000000000000000, -0.000000000000000000 ) ) ;
#1698 = ORIENTED_EDGE ( 'NONE', *, *, #2147, .F. ) ;
#1699 = ORIENTED_EDGE ( 'NONE', *, *, #716, .T. ) ;
#1700 = DIRECTION ( 'NONE',  ( -0.000000000000000000, 0.9612616959383174509, 0.2756373558170042704 ) ) ;
#1701 = EDGE_CURVE ( 'NONE', #6452, #948, #2794, .T. ) ;
#1702 = DIRECTION ( 'NONE',  ( 0.000000000000000000, -0.2756373558170042704, 0.9612616959383174509 ) ) ;
#1703 = EDGE_CURVE ( 'NONE', #9934, #9454, #9727, .T. ) ;
#1704 = VECTOR ( 'NONE', #9273, 1000.000000000000114 ) ;
#1705 = LINE ( 'NONE', #1082, #1604 ) ;
#1706 = ORIENTED_EDGE ( 'NONE', *, *, #9935, .F. ) ;
#1707 =( NAMED_UNIT ( * ) PLANE_ANGLE_UNIT ( ) SI_UNIT ( $, .RADIAN. ) );
#1708 = DIRECTION ( 'NONE',  ( -1.000000000000000000, 0.000000000000000000, 0.000000000000000000 ) ) ;
#1709 = ORIENTED_EDGE ( 'NONE', *, *, #6271, .F. ) ;
#1710 = EDGE_CURVE ( 'NONE', #3721, #4244, #4322, .T. ) ;
#1711 = VERTEX_POINT ( 'NONE', #6504 ) ;
#1712 = ORIENTED_EDGE ( 'NONE', *, *, #4174, .T. ) ;
#1713 = PLANE ( 'NONE',  #9971 ) ;
#1714 = VERTEX_POINT ( 'NONE', #8301 ) ;
#1715 = VECTOR ( 'NONE', #29, 1000.000000000000114 ) ;
#1716 = LINE ( 'NONE', #4816, #3409 ) ;
#1717 = CARTESIAN_POINT ( 'NONE',  ( 25.80943399447252773, 8.566080860090004023, -34.80943399447290432 ) ) ;
#1718 = EDGE_CURVE ( 'NONE', #9, #3917, #6715, .T. ) ;
#1719 = CARTESIAN_POINT ( 'NONE',  ( 26.48410470708678588, 14.51721864012741214, 36.51589529291281622 ) ) ;
#1720 = VECTOR ( 'NONE', #4700, 1000.000000000000000 ) ;
#1721 = CARTESIAN_POINT ( 'NONE',  ( 36.54999999999999716, 10.80000000000000071, -35.45000000000039364 ) ) ;
#1722 = EDGE_CURVE ( 'NONE', #8289, #9660, #1322, .T. ) ;
#1723 = ORIENTED_EDGE ( 'NONE', *, *, #1834, .F. ) ;
#1724 = LINE ( 'NONE', #5496, #1884 ) ;
#1725 = DIRECTION ( 'NONE',  ( 0.000000000000000000, 0.000000000000000000, -1.000000000000000000 ) ) ;
#1726 = LINE ( 'NONE', #5642, #1853 ) ;
#1727 = LINE ( 'NONE', #6451, #8085 ) ;
#1728 = ORIENTED_EDGE ( 'NONE', *, *, #6831, .F. ) ;
#1729 = LINE ( 'NONE', #4877, #8757 ) ;
#1730 = VECTOR ( 'NONE', #3182, 1000.000000000000000 ) ;
#1731 = EDGE_CURVE ( 'NONE', #9641, #9947, #2638, .T. ) ;
#1732 = EDGE_CURVE ( 'NONE', #3229, #1092, #5082, .T. ) ;
#1733 = LINE ( 'NONE', #1832, #416 ) ;
#1734 = LINE ( 'NONE', #4734, #346 ) ;
#1735 = VERTEX_POINT ( 'NONE', #5846 ) ;
#1736 = ORIENTED_EDGE ( 'NONE', *, *, #6288, .T. ) ;
#1737 = EDGE_CURVE ( 'NONE', #2841, #5534, #6605, .T. ) ;
#1738 = DIRECTION ( 'NONE',  ( -0.2386847610229712591, 0.8323926831162089535, -0.5001519828512186461 ) ) ;
#1739 = VERTEX_POINT ( 'NONE', #8907 ) ;
#1740 = DIRECTION ( 'NONE',  ( 0.2657276780299913099, 0.9267025424900799946, 0.2657276780299913099 ) ) ;
#1741 = VECTOR ( 'NONE', #5585, 1000.000000000000000 ) ;
#1742 = ORIENTED_EDGE ( 'NONE', *, *, #5403, .T. ) ;
#1743 = CARTESIAN_POINT ( 'NONE',  ( 17.45000000000000639, 10.80000000000000071, -9.550000000000384404 ) ) ;
#1744 = ORIENTED_EDGE ( 'NONE', *, *, #9254, .F. ) ;
#1745 = DIRECTION ( 'NONE',  ( 0.4578768884082913826, -0.7620351108204148627, -0.4578768884082914381 ) ) ;
#1746 = CARTESIAN_POINT ( 'NONE',  ( -62.00000000000000000, 7.500000000000000000, 41.00000000000000000 ) ) ;
#1747 = DIRECTION ( 'NONE',  ( 0.000000000000000000, 0.000000000000000000, -1.000000000000000000 ) ) ;
#1748 = ORIENTED_EDGE ( 'NONE', *, *, #6174, .T. ) ;
#1749 = VECTOR ( 'NONE', #6783, 1000.000000000000000 ) ;
#1750 = CARTESIAN_POINT ( 'NONE',  ( -52.80943399447264142, 8.566080860090423243, 10.19056600552696601 ) ) ;
#1751 = ORIENTED_EDGE ( 'NONE', *, *, #10006, .T. ) ;
#1752 = EDGE_LOOP ( 'NONE', ( #609, #5426, #244, #8761 ) ) ;
#1753 = ADVANCED_FACE ( 'NONE', ( #8854 ), #1934, .F. ) ;
#1754 = EDGE_CURVE ( 'NONE', #1333, #8850, #1163, .T. ) ;
#1755 = DIRECTION ( 'NONE',  ( -0.2756373558170042704, 0.9612616959383174509, 0.000000000000000000 ) ) ;
#1756 = PLANE ( 'NONE',  #5162 ) ;
#1757 = VECTOR ( 'NONE', #6143, 1000.000000000000114 ) ;
#1758 = ADVANCED_FACE ( 'NONE', ( #399 ), #3497, .F. ) ;
#1759 = VECTOR ( 'NONE', #5779, 1000.000000000000000 ) ;
#1760 = CARTESIAN_POINT ( 'NONE',  ( -53.44999999999999574, 10.80000000000000071, 35.44999999999961204 ) ) ;
#1761 = ORIENTED_EDGE ( 'NONE', *, *, #9770, .T. ) ;
#1762 = DIRECTION ( 'NONE',  ( -1.000000000000000000, -0.000000000000000000, -0.000000000000000000 ) ) ;
#1763 = CARTESIAN_POINT ( 'NONE',  ( -26.45000000000000284, 10.80000000000000071, 18.54999999999960991 ) ) ;
#1764 = EDGE_LOOP ( 'NONE', ( #2807, #7907, #8228, #9336 ) ) ;
#1765 = ORIENTED_EDGE ( 'NONE', *, *, #1913, .F. ) ;
#1766 = ORIENTED_EDGE ( 'NONE', *, *, #3159, .T. ) ;
#1767 = VERTEX_POINT ( 'NONE', #3553 ) ;
#1768 = FACE_OUTER_BOUND ( 'NONE', #1192, .T. ) ;
#1769 = AXIS2_PLACEMENT_3D ( 'NONE', #3451, #4281, #5854 ) ;
#1770 = ORIENTED_EDGE ( 'NONE', *, *, #3862, .F. ) ;
#1771 = VECTOR ( 'NONE', #5050, 1000.000000000000114 ) ;
#1772 = CARTESIAN_POINT ( 'NONE',  ( -9.549999999999995381, 10.80000000000000071, 35.44999999999961204 ) ) ;
#1773 = DIRECTION ( 'NONE',  ( 0.5001519828512187571, 0.8323926831162092865, -0.2386847610229693439 ) ) ;
#1774 = PLANE ( 'NONE',  #10057 ) ;
#1775 = AXIS2_PLACEMENT_3D ( 'NONE', #7483, #513, #2341 ) ;
#1776 = DIRECTION ( 'NONE',  ( -1.000000000000000000, 0.000000000000000000, -0.000000000000000000 ) ) ;
#1777 = ADVANCED_FACE ( 'NONE', ( #2037 ), #8248, .F. ) ;
#1778 = CARTESIAN_POINT ( 'NONE',  ( -15.62500000000000711, 10.80000000000000426, 0.5499999999996132427 ) ) ;
#1779 = DIRECTION ( 'NONE',  ( -0.2657276780299897001, -0.9267025424900808828, 0.2657276780299897001 ) ) ;
#1780 = EDGE_CURVE ( 'NONE', #6051, #8975, #2946, .T. ) ;
#1781 = CARTESIAN_POINT ( 'NONE',  ( -20.37499999999999645, 10.53731005528969433, 0.6253251295305146673 ) ) ;
#1782 = EDGE_LOOP ( 'NONE', ( #8914, #5524, #6023, #8075 ) ) ;
#1783 = CARTESIAN_POINT ( 'NONE',  ( -33.26428640000786885, 22.25864506693675438, 26.58211138907228843 ) ) ;
#1784 = DIRECTION ( 'NONE',  ( 0.1378445374916336952, -0.9808148484639876985, 0.1378445374916336952 ) ) ;
#1785 = DIRECTION ( 'NONE',  ( 0.000000000000000000, 0.000000000000000000, -1.000000000000000000 ) ) ;
#1786 = CARTESIAN_POINT ( 'NONE',  ( 9.550000000000002487, 10.80000000000000071, -35.45000000000039364 ) ) ;
#1787 = CARTESIAN_POINT ( 'NONE',  ( -20.37499999999999645, 10.80000000000000426, -33.62500000000000711 ) ) ;
#1788 = ADVANCED_FACE ( 'NONE', ( #613 ), #6909, .F. ) ;
#1789 = ORIENTED_EDGE ( 'NONE', *, *, #5817, .F. ) ;
#1790 = CARTESIAN_POINT ( 'NONE',  ( 18.54999999999999005, 7.500000000000000000, -35.45000000000002416 ) ) ;
#1791 = ORIENTED_EDGE ( 'NONE', *, *, #7938, .F. ) ;
#1792 = FACE_BOUND ( 'NONE', #7801, .T. ) ;
#1793 = DIRECTION ( 'NONE',  ( -0.000000000000000000, -0.2756373558170042704, -0.9612616959383174509 ) ) ;
#1794 = CARTESIAN_POINT ( 'NONE',  ( -1.496259773004063209, 7.500000000000000000, -33.62500000000000000 ) ) ;
#1795 = PLANE ( 'NONE',  #5877 ) ;
#1796 = FACE_OUTER_BOUND ( 'NONE', #6549, .T. ) ;
#1797 = ORIENTED_EDGE ( 'NONE', *, *, #2688, .F. ) ;
#1798 = VERTEX_POINT ( 'NONE', #2336 ) ;
#1799 = CARTESIAN_POINT ( 'NONE',  ( 51.62500000000000000, 10.80000000000000426, 17.44999999999961915 ) ) ;
#1800 = EDGE_CURVE ( 'NONE', #3020, #485, #3865, .T. ) ;
#1801 = VECTOR ( 'NONE', #5583, 1000.000000000000114 ) ;
#1802 = CARTESIAN_POINT ( 'NONE',  ( -26.45000000000000284, 10.80000000000000071, -35.45000000000039364 ) ) ;
#1803 = CARTESIAN_POINT ( 'NONE',  ( 1.390607076609480686, 7.868454739437197532, 34.60939292339013207 ) ) ;
#1804 = ORIENTED_EDGE ( 'NONE', *, *, #8534, .F. ) ;
#1805 = ADVANCED_FACE ( 'NONE', ( #7729 ), #6817, .F. ) ;
#1806 = FILL_AREA_STYLE ('',( #7337 ) ) ;
#1807 = CARTESIAN_POINT ( 'NONE',  ( -51.62500000000000711, 10.53731005528969789, 27.62532512953050912 ) ) ;
#1808 = AXIS2_PLACEMENT_3D ( 'NONE', #2313, #6283, #4555 ) ;
#1809 = EDGE_LOOP ( 'NONE', ( #5537, #7671, #2213, #7932 ) ) ;
#1810 = VERTEX_POINT ( 'NONE', #762 ) ;
#1811 = ORIENTED_EDGE ( 'NONE', *, *, #48, .T. ) ;
#1812 = DIRECTION ( 'NONE',  ( 0.5001519828512186461, -0.8323926831162090645, 0.2386847610229710648 ) ) ;
#1813 = ORIENTED_EDGE ( 'NONE', *, *, #3653, .T. ) ;
#1814 = CARTESIAN_POINT ( 'NONE',  ( -26.45000000000000284, 10.80000000000000071, 8.449999999999617373 ) ) ;
#1815 = DIRECTION ( 'NONE',  ( 0.000000000000000000, 0.000000000000000000, -1.000000000000000000 ) ) ;
#1816 = VECTOR ( 'NONE', #6208, 1000.000000000000000 ) ;
#1817 = CARTESIAN_POINT ( 'NONE',  ( 52.80943399447264142, 8.566080860090405480, 0.000000000000000000 ) ) ;
#1818 = AXIS2_PLACEMENT_3D ( 'NONE', #9025, #5857, #8973 ) ;
#1819 = ADVANCED_FACE ( 'NONE', ( #713 ), #3654, .F. ) ;
#1820 = CARTESIAN_POINT ( 'NONE',  ( 61.43449314192414334, 10.49999999999999822, 33.36342533005872468 ) ) ;
#1821 = ORIENTED_EDGE ( 'NONE', *, *, #1334, .F. ) ;
#1822 = ORIENTED_EDGE ( 'NONE', *, *, #7908, .T. ) ;
#1823 = ADVANCED_FACE ( 'NONE', ( #1475 ), #3042, .F. ) ;
#1824 = AXIS2_PLACEMENT_3D ( 'NONE', #6363, #3295, #6410 ) ;
#1825 = DIRECTION ( 'NONE',  ( -0.000000000000000000, -0.2756373558170042704, -0.9612616959383174509 ) ) ;
#1826 = FACE_OUTER_BOUND ( 'NONE', #2650, .T. ) ;
#1827 = CARTESIAN_POINT ( 'NONE',  ( 37.49625977300406987, 7.500000000000000000, 0.000000000000000000 ) ) ;
#1828 = VERTEX_POINT ( 'NONE', #6062 ) ;
#1829 = EDGE_CURVE ( 'NONE', #6731, #2250, #2188, .T. ) ;
#1830 = DIRECTION ( 'NONE',  ( 0.000000000000000000, 0.000000000000000000, -1.000000000000000000 ) ) ;
#1831 = VECTOR ( 'NONE', #8209, 999.9999999999998863 ) ;
#1832 = CARTESIAN_POINT ( 'NONE',  ( 52.42887829972521274, 25.53679663750741469, 34.42887829972480773 ) ) ;
#1833 = CARTESIAN_POINT ( 'NONE',  ( 19.49625977300407342, 7.500000000000000000, 0.000000000000000000 ) ) ;
#1834 = EDGE_CURVE ( 'NONE', #2904, #6160, #561, .T. ) ;
#1835 = DIRECTION ( 'NONE',  ( 0.4999999999999902855, -0.7071067811865670016, 0.4999999999999821254 ) ) ;
#1836 = FACE_OUTER_BOUND ( 'NONE', #7023, .T. ) ;
#1837 = VERTEX_POINT ( 'NONE', #9325 ) ;
#1838 = CARTESIAN_POINT ( 'NONE',  ( 36.62532512953089281, 10.53731005528972631, -33.62500000000000000 ) ) ;
#1839 = VERTEX_POINT ( 'NONE', #5294 ) ;
#1840 = LINE ( 'NONE', #3399, #8531 ) ;
#1841 = LINE ( 'NONE', #4936, #2723 ) ;
#1842 = CARTESIAN_POINT ( 'NONE',  ( 15.62500000000000000, 10.53731005528968723, 8.374674870468716392 ) ) ;
#1843 = DIRECTION ( 'NONE',  ( -1.000000000000000000, -0.000000000000000000, -0.000000000000000000 ) ) ;
#1844 = EDGE_CURVE ( 'NONE', #3186, #3917, #1524, .T. ) ;
#1845 = DIRECTION ( 'NONE',  ( 0.000000000000000000, 0.000000000000000000, -1.000000000000000000 ) ) ;
#1846 = VERTEX_POINT ( 'NONE', #7583 ) ;
#1847 = ORIENTED_EDGE ( 'NONE', *, *, #5965, .T. ) ;
#1848 = CARTESIAN_POINT ( 'NONE',  ( -20.37499999999999645, 10.53731005528968723, -27.62532512953129071 ) ) ;
#1849 = CARTESIAN_POINT ( 'NONE',  ( 0.000000000000000000, 7.500000000000000000, -19.49625977300445356 ) ) ;
#1850 = CARTESIAN_POINT ( 'NONE',  ( -50.70289055386778898, 1.219690838746894768, -23.70289055386817267 ) ) ;
#1851 = ORIENTED_EDGE ( 'NONE', *, *, #3930, .T. ) ;
#1852 = CARTESIAN_POINT ( 'NONE',  ( -19.19056600552735503, 8.566080860090405480, 0.000000000000000000 ) ) ;
#1853 = VECTOR ( 'NONE', #7209, 1000.000000000000000 ) ;
#1854 = CARTESIAN_POINT ( 'NONE',  ( -16.80943399447264497, 8.566080860090417914, -1.272127533929277047E-16 ) ) ;
#1855 = ORIENTED_EDGE ( 'NONE', *, *, #7195, .F. ) ;
#1856 = ADVANCED_FACE ( 'NONE', ( #10084 ), #10036, .F. ) ;
#1857 = ORIENTED_EDGE ( 'NONE', *, *, #8951, .T. ) ;
#1858 = ORIENTED_EDGE ( 'NONE', *, *, #7633, .F. ) ;
#1859 = CARTESIAN_POINT ( 'NONE',  ( -26.45000000000000284, 10.80000000000000071, -27.55000000000038796 ) ) ;
#1860 = ORIENTED_EDGE ( 'NONE', *, *, #8073, .T. ) ;
#1861 = EDGE_CURVE ( 'NONE', #7899, #3712, #5246, .T. ) ;
#1862 = AXIS2_PLACEMENT_3D ( 'NONE', #5287, #9719, #9008 ) ;
#1863 = EDGE_LOOP ( 'NONE', ( #5487, #3471, #300, #9909 ) ) ;
#1864 = PLANE ( 'NONE',  #9395 ) ;
#1865 = CARTESIAN_POINT ( 'NONE',  ( 15.62500000000000000, 10.53731005528969078, -26.37467487046947312 ) ) ;
#1866 = LINE ( 'NONE', #4918, #6563 ) ;
#1867 = VECTOR ( 'NONE', #3354, 1000.000000000000114 ) ;
#1868 = ORIENTED_EDGE ( 'NONE', *, *, #7231, .T. ) ;
#1869 = ORIENTED_EDGE ( 'NONE', *, *, #5584, .F. ) ;
#1870 = CARTESIAN_POINT ( 'NONE',  ( -27.54999999999999361, 10.80000000000000071, -27.55000000000038796 ) ) ;
#1871 = EDGE_CURVE ( 'NONE', #9007, #10024, #7532, .T. ) ;
#1872 = CARTESIAN_POINT ( 'NONE',  ( -16.80943399447264497, 8.566080860090421467, -1.272127533929282717E-16 ) ) ;
#1873 = VECTOR ( 'NONE', #9141, 1000.000000000000114 ) ;
#1874 = CARTESIAN_POINT ( 'NONE',  ( -16.80943399447264497, 8.566080860090428573, 25.80943399447226128 ) ) ;
#1875 = ORIENTED_EDGE ( 'NONE', *, *, #4916, .F. ) ;
#1876 = VECTOR ( 'NONE', #3238, 1000.000000000000000 ) ;
#1877 = ORIENTED_EDGE ( 'NONE', *, *, #2518, .F. ) ;
#1878 = DIRECTION ( 'NONE',  ( 0.000000000000000000, 0.000000000000000000, 1.000000000000000000 ) ) ;
#1879 = CARTESIAN_POINT ( 'NONE',  ( 52.80943399447264142, 8.566080860090407256, 34.80943399447262721 ) ) ;
#1880 = VECTOR ( 'NONE', #784, 1000.000000000000000 ) ;
#1881 = EDGE_CURVE ( 'NONE', #8964, #282, #4528, .T. ) ;
#1882 = PLANE ( 'NONE',  #5872 ) ;
#1883 = CARTESIAN_POINT ( 'NONE',  ( 61.85875721063606392, 9.699999999999974420, 33.78768939877064525 ) ) ;
#1884 = VECTOR ( 'NONE', #8602, 1000.000000000000000 ) ;
#1885 = EDGE_LOOP ( 'NONE', ( #918, #8825, #4211, #6088 ) ) ;
#1886 = PLANE ( 'NONE',  #2582 ) ;
#1887 = ORIENTED_EDGE ( 'NONE', *, *, #971, .F. ) ;
#1888 = CARTESIAN_POINT ( 'NONE',  ( 15.62500000000000000, 10.80000000000000426, -33.62500000000000000 ) ) ;
#1889 = DIRECTION ( 'NONE',  ( 0.9612616959383174509, -0.2756373558170042704, 0.000000000000000000 ) ) ;
#1890 = CARTESIAN_POINT ( 'NONE',  ( -1.190566005527234683, 8.566080860090817595, 34.80943399447237852 ) ) ;
#1891 = LINE ( 'NONE', #7326, #9622 ) ;
#1892 = CARTESIAN_POINT ( 'NONE',  ( -52.60939292339048734, 7.868454739437104273, 1.390607076609126302 ) ) ;
#1893 = EDGE_LOOP ( 'NONE', ( #7347, #737, #9189, #8782, #5736, #5095, #3885, #9390, #6233, #2752, #7288, #2265, #6466, #3493, #695, #10062, #9430, #7336, #4652, #6272, #603, #4246, #8165, #2573, #356, #9929, #2439, #7995, #2572, #8783, #7762, #8011 ) ) ;
#1894 = ORIENTED_EDGE ( 'NONE', *, *, #2364, .T. ) ;
#1895 = CARTESIAN_POINT ( 'NONE',  ( 61.43449314192414334, 9.099999999999983658, 33.36342533005872468 ) ) ;
#1896 = VECTOR ( 'NONE', #5034, 1000.000000000000114 ) ;
#1897 = PLANE ( 'NONE',  #3358 ) ;
#1898 = ADVANCED_FACE ( 'NONE', ( #6014 ), #7636, .F. ) ;
#1899 = CARTESIAN_POINT ( 'NONE',  ( 13.08484749617240084, 14.76483374945124361, 9.586897782955594138 ) ) ;
#1900 = VERTEX_POINT ( 'NONE', #6111 ) ;
#1901 = DIRECTION ( 'NONE',  ( 0.000000000000000000, 0.000000000000000000, 1.000000000000000000 ) ) ;
#1902 = VECTOR ( 'NONE', #8174, 1000.000000000000114 ) ;
#1903 = DIRECTION ( 'NONE',  ( 0.5001519828512187571, 0.8323926831162092865, -0.2386847610229693439 ) ) ;
#1904 = ORIENTED_EDGE ( 'NONE', *, *, #1172, .T. ) ;
#1905 = CARTESIAN_POINT ( 'NONE',  ( 19.19056600552735148, 8.566080860090423243, 10.19056600552696601 ) ) ;
#1906 = VERTEX_POINT ( 'NONE', #9223 ) ;
#1907 = ORIENTED_EDGE ( 'NONE', *, *, #7964, .T. ) ;
#1908 = LINE ( 'NONE', #5011, #2311 ) ;
#1909 = VERTEX_POINT ( 'NONE', #2236 ) ;
#1910 = VECTOR ( 'NONE', #4306, 1000.000000000000000 ) ;
#1911 = VECTOR ( 'NONE', #6404, 1000.000000000000000 ) ;
#1912 = CARTESIAN_POINT ( 'NONE',  ( -15.62500000000000711, 10.53731005528969433, 9.625325129530519774 ) ) ;
#1913 = EDGE_CURVE ( 'NONE', #8212, #5070, #3963, .T. ) ;
#1914 = FACE_OUTER_BOUND ( 'NONE', #8572, .T. ) ;
#1915 = EDGE_CURVE ( 'NONE', #8776, #1499, #811, .T. ) ;
#1916 = CARTESIAN_POINT ( 'NONE',  ( -51.62500000000000711, 10.53731005528969611, 26.37467487046871284 ) ) ;
#1917 = COLOUR_RGB ( '',0.7921568627450980005, 0.8196078431372548767, 0.9333333333333333481 ) ;
#1918 = VECTOR ( 'NONE', #5172, 1000.000000000000114 ) ;
#1919 = ORIENTED_EDGE ( 'NONE', *, *, #10085, .F. ) ;
#1920 = VERTEX_POINT ( 'NONE', #1007 ) ;
#1921 = VERTEX_POINT ( 'NONE', #6402 ) ;
#1922 = CARTESIAN_POINT ( 'NONE',  ( -53.45000000000000284, -11.50000000000000000, -35.45000000000003126 ) ) ;
#1923 = ORIENTED_EDGE ( 'NONE', *, *, #5544, .F. ) ;
#1924 = DIRECTION ( 'NONE',  ( 0.2386847610229712591, 0.8323926831162089535, 0.5001519828512185351 ) ) ;
#1925 = VECTOR ( 'NONE', #2112, 1000.000000000000114 ) ;
#1926 = EDGE_CURVE ( 'NONE', #5528, #4849, #7881, .T. ) ;
#1927 = CARTESIAN_POINT ( 'NONE',  ( -60.00000000000000000, 7.500000000000000000, 8.000000000000000000 ) ) ;
#1928 = EDGE_LOOP ( 'NONE', ( #8487, #2002, #7891, #6307 ) ) ;
#1929 = EDGE_CURVE ( 'NONE', #6017, #4004, #9372, .T. ) ;
#1930 = ORIENTED_EDGE ( 'NONE', *, *, #2133, .T. ) ;
#1931 = CARTESIAN_POINT ( 'NONE',  ( -51.62500000000000711, 10.53731005528969433, -26.37467487046947667 ) ) ;
#1932 = DIRECTION ( 'NONE',  ( 0.000000000000000000, 0.9612616959383180060, -0.2756373558170023830 ) ) ;
#1933 = VECTOR ( 'NONE', #5646, 1000.000000000000000 ) ;
#1934 = PLANE ( 'NONE',  #1002 ) ;
#1935 = CARTESIAN_POINT ( 'NONE',  ( 20.37499999999998934, 7.500000000000000000, 28.49625977300367907 ) ) ;
#1936 = ORIENTED_EDGE ( 'NONE', *, *, #10067, .F. ) ;
#1937 = CARTESIAN_POINT ( 'NONE',  ( 53.44999999999999574, 10.80000000000000071, 9.549999999999611688 ) ) ;
#1938 = VERTEX_POINT ( 'NONE', #8698 ) ;
#1939 = EDGE_CURVE ( 'NONE', #3777, #5424, #7934, .T. ) ;
#1940 = CARTESIAN_POINT ( 'NONE',  ( -6.264286400007872402, 22.25864506693675438, 26.58211138907228843 ) ) ;
#1941 = DIRECTION ( 'NONE',  ( -0.5001519828512186461, 0.8323926831162090645, 0.2386847610229710648 ) ) ;
#1942 = DIRECTION ( 'NONE',  ( -0.000000000000000000, -0.2756373558170021609, -0.9612616959383181170 ) ) ;
#1943 = DIRECTION ( 'NONE',  ( -0.000000000000000000, -1.000000000000000000, -0.000000000000000000 ) ) ;
#1944 = PLANE ( 'NONE',  #5309 ) ;
#1945 = EDGE_LOOP ( 'NONE', ( #2727, #8846, #2486, #9900 ) ) ;
#1946 = ORIENTED_EDGE ( 'NONE', *, *, #6706, .F. ) ;
#1947 = LINE ( 'NONE', #9847, #340 ) ;
#1948 = CARTESIAN_POINT ( 'NONE',  ( -53.44999999999999574, 10.80000000000000071, 26.44999999999961204 ) ) ;
#1949 = CARTESIAN_POINT ( 'NONE',  ( 20.37499999999998934, 7.500000000000000000, 1.496259773003681737 ) ) ;
#1950 = EDGE_LOOP ( 'NONE', ( #6653, #3252, #8799, #706 ) ) ;
#1951 = PLANE ( 'NONE',  #7711 ) ;
#1952 = LINE ( 'NONE', #6789, #5990 ) ;
#1953 = CARTESIAN_POINT ( 'NONE',  ( -53.24489371323137021, 10.08470937300049464, 9.755106286768237212 ) ) ;
#1954 = VERTEX_POINT ( 'NONE', #1674 ) ;
#1955 = DIRECTION ( 'NONE',  ( 1.000000000000000000, 0.000000000000000000, 0.000000000000000000 ) ) ;
#1956 = ORIENTED_EDGE ( 'NONE', *, *, #7656, .T. ) ;
#1957 = EDGE_LOOP ( 'NONE', ( #4400, #497, #6592, #4763 ) ) ;
#1958 = CARTESIAN_POINT ( 'NONE',  ( 20.37499999999998934, 10.53731005528969789, 9.625325129530517998 ) ) ;
#1959 = EDGE_LOOP ( 'NONE', ( #2022, #2418, #2892, #4578 ) ) ;
#1960 = EDGE_CURVE ( 'NONE', #9927, #999, #7060, .T. ) ;
#1961 = VECTOR ( 'NONE', #3881, 1000.000000000000000 ) ;
#1962 = LINE ( 'NONE', #1193, #5328 ) ;
#1963 = DIRECTION ( 'NONE',  ( -0.5001519828512187571, -0.8323926831162092865, -0.2386847610229693439 ) ) ;
#1964 = VECTOR ( 'NONE', #3619, 1000.000000000000114 ) ;
#1965 = CARTESIAN_POINT ( 'NONE',  ( 20.37499999999998934, 10.53731005528972098, -33.62500000000000000 ) ) ;
#1966 = LINE ( 'NONE', #6048, #3845 ) ;
#1967 = EDGE_LOOP ( 'NONE', ( #1813, #3923, #4000, #9056 ) ) ;
#1968 = EDGE_LOOP ( 'NONE', ( #5108, #3398, #547, #5860 ) ) ;
#1969 = ORIENTED_EDGE ( 'NONE', *, *, #1970, .F. ) ;
#1970 = EDGE_CURVE ( 'NONE', #2926, #7253, #243, .T. ) ;
#1971 = CARTESIAN_POINT ( 'NONE',  ( -51.62500000000000711, 10.80000000000000426, 18.54999999999960991 ) ) ;
#1972 = AXIS2_PLACEMENT_3D ( 'NONE', #8961, #8192, #1212 ) ;
#1973 = DIRECTION ( 'NONE',  ( 0.000000000000000000, 0.000000000000000000, 1.000000000000000000 ) ) ;
#1974 = LINE ( 'NONE', #8295, #3868 ) ;
#1975 = VERTEX_POINT ( 'NONE', #3912 ) ;
#1976 = VECTOR ( 'NONE', #1362, 1000.000000000000000 ) ;
#1977 = VECTOR ( 'NONE', #2197, 1000.000000000000114 ) ;
#1978 = ORIENTED_EDGE ( 'NONE', *, *, #1177, .F. ) ;
#1979 = FACE_OUTER_BOUND ( 'NONE', #822, .T. ) ;
#1980 = EDGE_CURVE ( 'NONE', #9440, #5556, #4064, .T. ) ;
#1981 = DIRECTION ( 'NONE',  ( -0.9612616959383175619, -0.2756373558170040483, 0.000000000000000000 ) ) ;
#1982 = EDGE_CURVE ( 'NONE', #652, #8780, #92, .T. ) ;
#1983 = CARTESIAN_POINT ( 'NONE',  ( 51.62500000000000000, 7.500000000000000000, -10.49625977300446067 ) ) ;
#1984 = CARTESIAN_POINT ( 'NONE',  ( 19.49625977300406632, 7.500000000000000000, 0.000000000000000000 ) ) ;
#1985 = VECTOR ( 'NONE', #2715, 1000.000000000000000 ) ;
#1986 = VERTEX_POINT ( 'NONE', #4777 ) ;
#1987 = FACE_OUTER_BOUND ( 'NONE', #6762, .T. ) ;
#1988 = ORIENTED_EDGE ( 'NONE', *, *, #9993, .F. ) ;
#1989 = DIRECTION ( 'NONE',  ( -0.000000000000000000, 1.000000000000000000, -0.000000000000000000 ) ) ;
#1990 = CARTESIAN_POINT ( 'NONE',  ( -53.45000000000000995, 7.500000000000000000, 35.44999999999996732 ) ) ;
#1991 = DIRECTION ( 'NONE',  ( 0.000000000000000000, 0.000000000000000000, -1.000000000000000000 ) ) ;
#1992 = DIRECTION ( 'NONE',  ( 0.2657276780299911434, 0.9267025424900801056, 0.2657276780299911434 ) ) ;
#1993 = DIRECTION ( 'NONE',  ( 1.000000000000000000, 0.000000000000000000, -0.000000000000000000 ) ) ;
#1994 = VERTEX_POINT ( 'NONE', #4014 ) ;
#1995 = VERTEX_POINT ( 'NONE', #1778 ) ;
#1996 = DIRECTION ( 'NONE',  ( -0.000000000000000000, 0.000000000000000000, 1.000000000000000000 ) ) ;
#1997 = CARTESIAN_POINT ( 'NONE',  ( -17.44999999999999929, 10.80000000000000071, -35.45000000000039364 ) ) ;
#1998 = EDGE_CURVE ( 'NONE', #1846, #8150, #7161, .T. ) ;
#1999 = EDGE_CURVE ( 'NONE', #4462, #5631, #1574, .T. ) ;
#2000 = LINE ( 'NONE', #9799, #8422 ) ;
#2001 = LINE ( 'NONE', #8214, #8750 ) ;
#2002 = ORIENTED_EDGE ( 'NONE', *, *, #5584, .T. ) ;
#2003 = DIRECTION ( 'NONE',  ( -0.000000000000000000, -1.000000000000000000, -0.000000000000000000 ) ) ;
#2004 = DIRECTION ( 'NONE',  ( -0.8571673007021116675, 0.5150380749100552658, -8.388988656516919875E-17 ) ) ;
#2005 = DIRECTION ( 'NONE',  ( 0.000000000000000000, -1.628809415300402958E-16, -1.000000000000000000 ) ) ;
#2006 = ORIENTED_EDGE ( 'NONE', *, *, #3873, .F. ) ;
#2007 = VERTEX_POINT ( 'NONE', #2488 ) ;
#2008 = DIRECTION ( 'NONE',  ( -0.5001519828512186461, -0.8323926831162090645, -0.2386847610229710648 ) ) ;
#2009 = ORIENTED_EDGE ( 'NONE', *, *, #439, .T. ) ;
#2010 = ORIENTED_EDGE ( 'NONE', *, *, #6500, .F. ) ;
#2011 = DIRECTION ( 'NONE',  ( -0.000000000000000000, -0.2756373558170042704, -0.9612616959383174509 ) ) ;
#2012 = VERTEX_POINT ( 'NONE', #4726 ) ;
#2013 = EDGE_CURVE ( 'NONE', #4063, #2831, #195, .T. ) ;
#2014 = ADVANCED_FACE ( 'NONE', ( #9425 ), #5547, .F. ) ;
#2015 = DIRECTION ( 'NONE',  ( -0.000000000000000000, -0.000000000000000000, 1.000000000000000000 ) ) ;
#2016 = DIRECTION ( 'NONE',  ( -0.000000000000000000, -0.2756373558170042704, -0.9612616959383174509 ) ) ;
#2017 = CARTESIAN_POINT ( 'NONE',  ( -51.62500000000000711, 10.80000000000000426, -0.5500000000003835154 ) ) ;
#2018 = EDGE_CURVE ( 'NONE', #6090, #6971, #3139, .T. ) ;
#2019 = LINE ( 'NONE', #7621, #3325 ) ;
#2020 = DIRECTION ( 'NONE',  ( 1.000000000000000000, 0.000000000000000000, 0.000000000000000000 ) ) ;
#2021 = ORIENTED_EDGE ( 'NONE', *, *, #1701, .F. ) ;
#2022 = ORIENTED_EDGE ( 'NONE', *, *, #8965, .F. ) ;
#2023 = ORIENTED_EDGE ( 'NONE', *, *, #2364, .F. ) ;
#2024 = EDGE_LOOP ( 'NONE', ( #6742, #1761, #7187, #3152 ) ) ;
#2025 = VECTOR ( 'NONE', #7574, 1000.000000000000000 ) ;
#2026 = CARTESIAN_POINT ( 'NONE',  ( 20.37499999999998934, 10.53731005528968723, -26.37467487046947667 ) ) ;
#2027 = ADVANCED_FACE ( 'NONE', ( #8747 ), #5497, .F. ) ;
#2028 = ORIENTED_EDGE ( 'NONE', *, *, #7416, .F. ) ;
#2029 = DIRECTION ( 'NONE',  ( -0.000000000000000000, -1.000000000000000000, -0.000000000000000000 ) ) ;
#2030 = DIRECTION ( 'NONE',  ( -0.4578768884082914936, -0.7620351108204149737, 0.4578768884082912161 ) ) ;
#2031 = ORIENTED_EDGE ( 'NONE', *, *, #8219, .T. ) ;
#2032 = ADVANCED_FACE ( 'NONE', ( #6354 ), #6256, .F. ) ;
#2033 = VECTOR ( 'NONE', #1421, 1000.000000000000114 ) ;
#2034 = ORIENTED_EDGE ( 'NONE', *, *, #10032, .F. ) ;
#2035 = LINE ( 'NONE', #7530, #260 ) ;
#2036 = FACE_OUTER_BOUND ( 'NONE', #483, .T. ) ;
#2037 = FACE_OUTER_BOUND ( 'NONE', #6029, .T. ) ;
#2038 = AXIS2_PLACEMENT_3D ( 'NONE', #6084, #6837, #8370 ) ;
#2039 = FACE_OUTER_BOUND ( 'NONE', #3932, .T. ) ;
#2040 = ORIENTED_EDGE ( 'NONE', *, *, #6884, .F. ) ;
#2041 = EDGE_CURVE ( 'NONE', #6547, #2716, #6596, .T. ) ;
#2042 = LINE ( 'NONE', #2642, #2101 ) ;
#2043 = ORIENTED_EDGE ( 'NONE', *, *, #4355, .T. ) ;
#2044 = EDGE_CURVE ( 'NONE', #268, #3623, #5786, .T. ) ;
#2045 = LINE ( 'NONE', #2850, #7778 ) ;
#2046 = VECTOR ( 'NONE', #3817, 1000.000000000000000 ) ;
#2047 = CARTESIAN_POINT ( 'NONE',  ( 27.62532512953088570, 10.53731005528972453, -33.62500000000000000 ) ) ;
#2048 = EDGE_CURVE ( 'NONE', #8088, #3441, #8950, .T. ) ;
#2049 = LINE ( 'NONE', #8258, #8802 ) ;
#2050 = LINE ( 'NONE', #9129, #696 ) ;
#2051 = ORIENTED_EDGE ( 'NONE', *, *, #6096, .F. ) ;
#2052 = ORIENTED_EDGE ( 'NONE', *, *, #2179, .T. ) ;
#2053 = CARTESIAN_POINT ( 'NONE',  ( 51.62500000000000000, 10.80000000000000071, 0.000000000000000000 ) ) ;
#2054 = VECTOR ( 'NONE', #9250, 1000.000000000000000 ) ;
#2055 = CARTESIAN_POINT ( 'NONE',  ( -15.33839134370871982, 3.435945472310392379, -11.66160865629166921 ) ) ;
#2056 = VECTOR ( 'NONE', #7478, 1000.000000000000000 ) ;
#2057 = CARTESIAN_POINT ( 'NONE',  ( 25.50374022699593368, 7.500000000000000000, 33.62500000000000000 ) ) ;
#2058 = VERTEX_POINT ( 'NONE', #7471 ) ;
#2059 = DIRECTION ( 'NONE',  ( 0.000000000000000000, 0.000000000000000000, -1.000000000000000000 ) ) ;
#2060 = ORIENTED_EDGE ( 'NONE', *, *, #5541, .F. ) ;
#2061 = LINE ( 'NONE', #420, #6555 ) ;
#2062 = CARTESIAN_POINT ( 'NONE',  ( 51.62500000000000000, 7.500000000000000000, 16.50374022699554644 ) ) ;
#2063 = ADVANCED_FACE ( 'NONE', ( #9768 ), #4921, .F. ) ;
#2064 = CARTESIAN_POINT ( 'NONE',  ( 61.43449314192414334, 7.500000000000000000, 33.36342533005872468 ) ) ;
#2065 = EDGE_CURVE ( 'NONE', #6499, #268, #5127, .T. ) ;
#2066 = ORIENTED_EDGE ( 'NONE', *, *, #9938, .T. ) ;
#2067 = VECTOR ( 'NONE', #9224, 1000.000000000000000 ) ;
#2068 = DIRECTION ( 'NONE',  ( -1.000000000000000000, 0.000000000000000000, 0.000000000000000000 ) ) ;
#2069 = ORIENTED_EDGE ( 'NONE', *, *, #2830, .T. ) ;
#2070 = VERTEX_POINT ( 'NONE', #1971 ) ;
#2071 = DIRECTION ( 'NONE',  ( 0.9612616959383174509, -0.2756373558170042704, 0.000000000000000000 ) ) ;
#2072 = FACE_OUTER_BOUND ( 'NONE', #1165, .T. ) ;
#2073 = VECTOR ( 'NONE', #9271, 1000.000000000000000 ) ;
#2074 = CARTESIAN_POINT ( 'NONE',  ( -5.067389764026899002, -0.9965637948165171345, -32.06738976402728980 ) ) ;
#2075 = CARTESIAN_POINT ( 'NONE',  ( 18.11960549692769007, 12.30096400656400846, 26.88039450307191913 ) ) ;
#2076 = DIRECTION ( 'NONE',  ( 1.000000000000000000, 0.000000000000000000, 0.000000000000000000 ) ) ;
#2077 = ADVANCED_FACE ( 'NONE', ( #5075 ), #7412, .F. ) ;
#2078 = DIRECTION ( 'NONE',  ( 1.000000000000000000, 0.000000000000000000, 0.000000000000000000 ) ) ;
#2079 = VERTEX_POINT ( 'NONE', #339 ) ;
#2080 = ORIENTED_EDGE ( 'NONE', *, *, #289, .F. ) ;
#2081 = ORIENTED_EDGE ( 'NONE', *, *, #3716, .F. ) ;
#2082 = VECTOR ( 'NONE', #528, 1000.000000000000000 ) ;
#2083 = CARTESIAN_POINT ( 'NONE',  ( 45.54999999999999005, 10.80000000000000071, 27.54999999999960991 ) ) ;
#2084 = CARTESIAN_POINT ( 'NONE',  ( -53.44999999999999574, 10.80000000000000071, -26.45000000000038298 ) ) ;
#2085 = CARTESIAN_POINT ( 'NONE',  ( 45.54999999999999005, 10.80000000000000071, -35.45000000000039364 ) ) ;
#2086 = ORIENTED_EDGE ( 'NONE', *, *, #663, .F. ) ;
#2087 = VECTOR ( 'NONE', #6239, 1000.000000000000227 ) ;
#2088 = VECTOR ( 'NONE', #2482, 1000.000000000000000 ) ;
#2089 = EDGE_LOOP ( 'NONE', ( #8668, #1039, #5297, #4365 ) ) ;
#2090 = CARTESIAN_POINT ( 'NONE',  ( -2.584350778096027737E-16, 8.566080860090011129, -34.80943399447291853 ) ) ;
#2091 = DIRECTION ( 'NONE',  ( 0.5001519828512186461, -0.8323926831162090645, 0.2386847610229710648 ) ) ;
#2092 = DIRECTION ( 'NONE',  ( 0.2657276780299913099, -0.9267025424900799946, 0.2657276780299913099 ) ) ;
#2093 = VECTOR ( 'NONE', #1121, 1000.000000000000114 ) ;
#2094 = VECTOR ( 'NONE', #1606, 1000.000000000000227 ) ;
#2095 = ADVANCED_FACE ( 'NONE', ( #8239 ), #9614, .F. ) ;
#2096 = FACE_OUTER_BOUND ( 'NONE', #2024, .T. ) ;
#2097 = ORIENTED_EDGE ( 'NONE', *, *, #1364, .T. ) ;
#2098 = LINE ( 'NONE', #8304, #4694 ) ;
#2099 = ORIENTED_EDGE ( 'NONE', *, *, #2384, .F. ) ;
#2100 = LINE ( 'NONE', #7375, #3377 ) ;
#2101 = VECTOR ( 'NONE', #9073, 1000.000000000000227 ) ;
#2102 = LINE ( 'NONE', #6668, #6582 ) ;
#2103 = DIRECTION ( 'NONE',  ( 1.000000000000000000, 0.000000000000000000, 0.000000000000000000 ) ) ;
#2104 = DIRECTION ( 'NONE',  ( -0.9612616959383175619, -0.2756373558170040483, 0.000000000000000000 ) ) ;
#2105 = ORIENTED_EDGE ( 'NONE', *, *, #8516, .F. ) ;
#2106 = ORIENTED_EDGE ( 'NONE', *, *, #1200, .F. ) ;
#2107 = CARTESIAN_POINT ( 'NONE',  ( -18.54999999999999716, 10.80000000000000071, 26.44999999999961204 ) ) ;
#2108 = EDGE_CURVE ( 'NONE', #7047, #5556, #1203, .T. ) ;
#2109 = CARTESIAN_POINT ( 'NONE',  ( -15.62500000000000711, 10.53731005528968723, -27.62532512953129427 ) ) ;
#2110 = DIRECTION ( 'NONE',  ( 1.000000000000000000, 3.308956663174743341E-16, 2.051382842168411359E-32 ) ) ;
#2111 = ORIENTED_EDGE ( 'NONE', *, *, #2065, .F. ) ;
#2112 = DIRECTION ( 'NONE',  ( 0.2756373558170042704, 0.9612616959383174509, 0.000000000000000000 ) ) ;
#2113 = ORIENTED_EDGE ( 'NONE', *, *, #3373, .F. ) ;
#2114 = LINE ( 'NONE', #8984, #2658 ) ;
#2115 = LINE ( 'NONE', #5212, #4186 ) ;
#2116 = DIRECTION ( 'NONE',  ( 1.000000000000000000, 2.239982309999205560E-16, -6.423045915736408765E-17 ) ) ;
#2117 = ORIENTED_EDGE ( 'NONE', *, *, #8934, .T. ) ;
#2118 = LINE ( 'NONE', #1296, #3833 ) ;
#2119 = ORIENTED_EDGE ( 'NONE', *, *, #4629, .F. ) ;
#2120 = ORIENTED_EDGE ( 'NONE', *, *, #2500, .T. ) ;
#2121 = DIRECTION ( 'NONE',  ( 0.000000000000000000, 0.000000000000000000, -1.000000000000000000 ) ) ;
#2122 = ADVANCED_FACE ( 'NONE', ( #2835 ), #4213, .F. ) ;
#2123 = CARTESIAN_POINT ( 'NONE',  ( -16.50374022699593723, 7.500000000000000000, 0.000000000000000000 ) ) ;
#2124 = CARTESIAN_POINT ( 'NONE',  ( 17.48410470708682141, 14.51721864012731977, 26.48410470708643416 ) ) ;
#2125 = CARTESIAN_POINT ( 'NONE',  ( 0.000000000000000000, 10.80000000000000071, -33.62500000000000711 ) ) ;
#2126 = CARTESIAN_POINT ( 'NONE',  ( 19.19056600552735148, 8.566080860090419691, 19.19056600552696068 ) ) ;
#2127 = DIRECTION ( 'NONE',  ( -0.2657276780299913099, 0.9267025424900799946, 0.2657276780299913099 ) ) ;
#2128 = ORIENTED_EDGE ( 'NONE', *, *, #5938, .F. ) ;
#2129 = ORIENTED_EDGE ( 'NONE', *, *, #6139, .T. ) ;
#2130 = EDGE_LOOP ( 'NONE', ( #7392, #5674, #7400, #1215 ) ) ;
#2131 = FACE_OUTER_BOUND ( 'NONE', #2665, .T. ) ;
#2132 = PLANE ( 'NONE',  #4294 ) ;
#2133 = EDGE_CURVE ( 'NONE', #2242, #6721, #2677, .T. ) ;
#2134 = CARTESIAN_POINT ( 'NONE',  ( -15.62500000000000711, 10.53731005528969789, 33.62500000000000000 ) ) ;
#2135 = VECTOR ( 'NONE', #5489, 1000.000000000000114 ) ;
#2136 = ORIENTED_EDGE ( 'NONE', *, *, #7780, .T. ) ;
#2137 = CARTESIAN_POINT ( 'NONE',  ( 45.54999999999999005, 10.80000000000000071, -18.55000000000037730 ) ) ;
#2138 = AXIS2_PLACEMENT_3D ( 'NONE', #9253, #788, #3893 ) ;
#2139 = CARTESIAN_POINT ( 'NONE',  ( -13.90968028962739389, -0.2227888855198048579, -23.28926614888405311 ) ) ;
#2140 = CARTESIAN_POINT ( 'NONE',  ( 0.000000000000000000, 10.80000000000000071, -33.62500000000000711 ) ) ;
#2141 = ADVANCED_FACE ( 'NONE', ( #6544 ), #445, .F. ) ;
#2142 = ORIENTED_EDGE ( 'NONE', *, *, #7886, .F. ) ;
#2143 = VECTOR ( 'NONE', #6309, 1000.000000000000000 ) ;
#2144 = DIRECTION ( 'NONE',  ( -1.000000000000000000, 0.000000000000000000, -0.000000000000000000 ) ) ;
#2145 = VERTEX_POINT ( 'NONE', #2026 ) ;
#2146 = VECTOR ( 'NONE', #7434, 1000.000000000000000 ) ;
#2147 = EDGE_CURVE ( 'NONE', #6854, #3224, #1054, .T. ) ;
#2148 = DIRECTION ( 'NONE',  ( 1.000000000000000000, 3.308956663174743341E-16, 2.051382842168411359E-32 ) ) ;
#2149 = LINE ( 'NONE', #5253, #5716 ) ;
#2150 = DIRECTION ( 'NONE',  ( 1.000000000000000000, 0.000000000000000000, 0.000000000000000000 ) ) ;
#2151 = ORIENTED_EDGE ( 'NONE', *, *, #8098, .T. ) ;
#2152 = ORIENTED_EDGE ( 'NONE', *, *, #7724, .F. ) ;
#2153 = DIRECTION ( 'NONE',  ( -0.7071067811865452413, -0.000000000000000000, 0.7071067811865497932 ) ) ;
#2154 = VECTOR ( 'NONE', #1139, 1000.000000000000000 ) ;
#2155 = CARTESIAN_POINT ( 'NONE',  ( -19.19056600552735503, 8.566080860090409033, 0.000000000000000000 ) ) ;
#2156 = EDGE_CURVE ( 'NONE', #2614, #5564, #8896, .T. ) ;
#2157 = CARTESIAN_POINT ( 'NONE',  ( 0.5499999999999949374, 10.80000000000000071, -35.45000000000039364 ) ) ;
#2158 = ORIENTED_EDGE ( 'NONE', *, *, #1800, .T. ) ;
#2159 = LINE ( 'NONE', #1492, #3220 ) ;
#2160 = EDGE_LOOP ( 'NONE', ( #9647, #3697, #3484, #2474 ) ) ;
#2161 = LINE ( 'NONE', #5820, #3966 ) ;
#2162 = DIRECTION ( 'NONE',  ( -0.2756373558170042704, 0.9612616959383174509, 0.000000000000000000 ) ) ;
#2163 = EDGE_CURVE ( 'NONE', #284, #4299, #5894, .T. ) ;
#2164 = DIRECTION ( 'NONE',  ( -1.000000000000000000, -0.000000000000000000, -0.000000000000000000 ) ) ;
#2165 = ORIENTED_EDGE ( 'NONE', *, *, #4721, .T. ) ;
#2166 = CARTESIAN_POINT ( 'NONE',  ( 18.54999999999999005, 7.500000000000000000, -35.45000000000002416 ) ) ;
#2167 = VERTEX_POINT ( 'NONE', #1922 ) ;
#2168 = EDGE_LOOP ( 'NONE', ( #3979, #7244, #4446, #9677 ) ) ;
#2169 = DIRECTION ( 'NONE',  ( 0.9612616959383174509, -0.2756373558170042704, 0.000000000000000000 ) ) ;
#2170 = DIRECTION ( 'NONE',  ( 3.161696790679840518E-17, -1.102614705486210178E-16, -1.000000000000000000 ) ) ;
#2171 = FACE_OUTER_BOUND ( 'NONE', #1518, .T. ) ;
#2172 = LINE ( 'NONE', #9818, #4051 ) ;
#2173 = EDGE_CURVE ( 'NONE', #1837, #6188, #5022, .T. ) ;
#2174 = ADVANCED_FACE ( 'NONE', ( #4264 ), #7356, .F. ) ;
#2175 = DIRECTION ( 'NONE',  ( 0.000000000000000000, 0.000000000000000000, -1.000000000000000000 ) ) ;
#2176 = CARTESIAN_POINT ( 'NONE',  ( -44.44999999999999574, 10.80000000000000071, -27.55000000000038796 ) ) ;
#2177 = ORIENTED_EDGE ( 'NONE', *, *, #6342, .F. ) ;
#2178 = VERTEX_POINT ( 'NONE', #753 ) ;
#2179 = EDGE_CURVE ( 'NONE', #763, #7304, #9270, .T. ) ;
#2180 = ORIENTED_EDGE ( 'NONE', *, *, #9085, .T. ) ;
#2181 = VERTEX_POINT ( 'NONE', #5389 ) ;
#2182 = LINE ( 'NONE', #9980, #9471 ) ;
#2183 = CARTESIAN_POINT ( 'NONE',  ( 30.13361562617344092, -27.76612549695436627, -9.133615626173485325 ) ) ;
#2184 = CARTESIAN_POINT ( 'NONE',  ( -20.37499999999999645, 7.500000000000000000, 10.49625977300367907 ) ) ;
#2185 = DIRECTION ( 'NONE',  ( 1.000000000000000000, 0.000000000000000000, 0.000000000000000000 ) ) ;
#2186 = VECTOR ( 'NONE', #6681, 1000.000000000000000 ) ;
#2187 = CARTESIAN_POINT ( 'NONE',  ( 0.000000000000000000, 7.500000000000000000, -10.49625977300446067 ) ) ;
#2188 = LINE ( 'NONE', #8349, #3756 ) ;
#2189 = CARTESIAN_POINT ( 'NONE',  ( -20.37499999999999645, 10.80000000000000071, 0.000000000000000000 ) ) ;
#2190 = VECTOR ( 'NONE', #5685, 1000.000000000000114 ) ;
#2191 = VERTEX_POINT ( 'NONE', #708 ) ;
#2192 = LINE ( 'NONE', #4630, #6161 ) ;
#2193 = ORIENTED_EDGE ( 'NONE', *, *, #48, .F. ) ;
#2194 = ADVANCED_FACE ( 'NONE', ( #7722 ), #10028, .F. ) ;
#2195 = FACE_OUTER_BOUND ( 'NONE', #2856, .T. ) ;
#2196 = EDGE_CURVE ( 'NONE', #1767, #5919, #3750, .T. ) ;
#2197 = DIRECTION ( 'NONE',  ( 0.2657276780299913099, -0.9267025424900799946, 0.2657276780299913099 ) ) ;
#2198 = AXIS2_PLACEMENT_3D ( 'NONE', #8682, #4810, #2472 ) ;
#2199 = LINE ( 'NONE', #6022, #6697 ) ;
#2200 = ORIENTED_EDGE ( 'NONE', *, *, #6711, .F. ) ;
#2201 = CARTESIAN_POINT ( 'NONE',  ( -62.00000000000000000, -11.50000000000000000, 41.00000000000000000 ) ) ;
#2202 = FACE_OUTER_BOUND ( 'NONE', #1650, .T. ) ;
#2203 = ORIENTED_EDGE ( 'NONE', *, *, #2913, .F. ) ;
#2204 = AXIS2_PLACEMENT_3D ( 'NONE', #7433, #3507, #7590 ) ;
#2205 = CARTESIAN_POINT ( 'NONE',  ( -53.44999999999999574, 10.80000000000000071, 17.44999999999961560 ) ) ;
#2206 = ORIENTED_EDGE ( 'NONE', *, *, #1632, .F. ) ;
#2207 = CARTESIAN_POINT ( 'NONE',  ( 19.49625977300406632, 7.500000000000000000, 0.000000000000000000 ) ) ;
#2208 = LINE ( 'NONE', #5466, #8908 ) ;
#2209 = CARTESIAN_POINT ( 'NONE',  ( 15.62500000000000000, 7.500000000000000000, -1.496259773004444904 ) ) ;
#2210 = EDGE_CURVE ( 'NONE', #1906, #9333, #1417, .T. ) ;
#2211 = ORIENTED_EDGE ( 'NONE', *, *, #354, .T. ) ;
#2212 = DIRECTION ( 'NONE',  ( -9.786874335553214321E-17, 0.000000000000000000, 1.000000000000000000 ) ) ;
#2213 = ORIENTED_EDGE ( 'NONE', *, *, #8490, .F. ) ;
#2214 = VERTEX_POINT ( 'NONE', #1311 ) ;
#2215 = CARTESIAN_POINT ( 'NONE',  ( 20.37499999999998934, 10.53731005528969789, 33.62500000000000000 ) ) ;
#2216 = ORIENTED_EDGE ( 'NONE', *, *, #6921, .F. ) ;
#2217 = ADVANCED_FACE ( 'NONE', ( #1517 ), #4619, .F. ) ;
#2218 = PLANE ( 'NONE',  #1085 ) ;
#2219 = AXIS2_PLACEMENT_3D ( 'NONE', #6332, #6181, #8674 ) ;
#2220 = DIRECTION ( 'NONE',  ( 0.000000000000000000, 0.000000000000000000, -1.000000000000000000 ) ) ;
#2221 = LINE ( 'NONE', #7813, #5653 ) ;
#2222 = VECTOR ( 'NONE', #5280, 1000.000000000000114 ) ;
#2223 = PLANE ( 'NONE',  #4797 ) ;
#2224 = DIRECTION ( 'NONE',  ( 0.2657276780299913099, -0.9267025424900799946, 0.2657276780299913099 ) ) ;
#2225 = ORIENTED_EDGE ( 'NONE', *, *, #5679, .F. ) ;
#2226 = EDGE_LOOP ( 'NONE', ( #5019, #656, #2969, #8518 ) ) ;
#2227 = ORIENTED_EDGE ( 'NONE', *, *, #10087, .T. ) ;
#2228 = PLANE ( 'NONE',  #3269 ) ;
#2229 = VECTOR ( 'NONE', #1567, 1000.000000000000000 ) ;
#2230 = EDGE_CURVE ( 'NONE', #4815, #8776, #2182, .T. ) ;
#2231 = LINE ( 'NONE', #6954, #6125 ) ;
#2232 = LINE ( 'NONE', #2990, #6311 ) ;
#2233 = CARTESIAN_POINT ( 'NONE',  ( 29.73571359999212760, 22.25864506693677569, -26.58211138907231330 ) ) ;
#2234 = VECTOR ( 'NONE', #2811, 1000.000000000000114 ) ;
#2235 = DIRECTION ( 'NONE',  ( -1.000000000000000000, 0.000000000000000000, 0.000000000000000000 ) ) ;
#2236 = CARTESIAN_POINT ( 'NONE',  ( -15.62500000000000711, 10.53731005528969078, -0.6253251295312850511 ) ) ;
#2237 = EDGE_CURVE ( 'NONE', #1288, #4299, #10078, .T. ) ;
#2238 = CARTESIAN_POINT ( 'NONE',  ( 16.60939292339049445, 7.868454739437104273, 1.390607076609126302 ) ) ;
#2239 = ORIENTED_EDGE ( 'NONE', *, *, #4535, .F. ) ;
#2240 = VECTOR ( 'NONE', #6389, 1000.000000000000114 ) ;
#2241 = VECTOR ( 'NONE', #5493, 1000.000000000000227 ) ;
#2242 = VERTEX_POINT ( 'NONE', #4467 ) ;
#2243 = CARTESIAN_POINT ( 'NONE',  ( 17.45000000000000639, 10.80000000000000071, 17.44999999999961560 ) ) ;
#2244 = VERTEX_POINT ( 'NONE', #5182 ) ;
#2245 = LINE ( 'NONE', #7840, #254 ) ;
#2246 = VECTOR ( 'NONE', #4889, 1000.000000000000000 ) ;
#2247 = LINE ( 'NONE', #3769, #4255 ) ;
#2248 = AXIS2_PLACEMENT_3D ( 'NONE', #7005, #5441, #9272 ) ;
#2249 = CARTESIAN_POINT ( 'NONE',  ( 0.000000000000000000, 0.000000000000000000, 0.000000000000000000 ) ) ;
#2250 = VERTEX_POINT ( 'NONE', #6755 ) ;
#2251 = ORIENTED_EDGE ( 'NONE', *, *, #294, .F. ) ;
#2252 = LINE ( 'NONE', #8461, #2615 ) ;
#2253 = DIRECTION ( 'NONE',  ( -0.9612616959383175619, -0.2756373558170040483, 0.000000000000000000 ) ) ;
#2254 = ORIENTED_EDGE ( 'NONE', *, *, #3286, .T. ) ;
#2255 = ADVANCED_FACE ( 'NONE', ( #9213 ), #5945, .F. ) ;
#2256 = VECTOR ( 'NONE', #124, 1000.000000000000000 ) ;
#2257 = FACE_OUTER_BOUND ( 'NONE', #9615, .T. ) ;
#2258 = ORIENTED_EDGE ( 'NONE', *, *, #3975, .F. ) ;
#2259 = DIRECTION ( 'NONE',  ( 0.000000000000000000, 0.000000000000000000, 1.000000000000000000 ) ) ;
#2260 = CARTESIAN_POINT ( 'NONE',  ( 18.54999999999998295, 86.52417351671579127, 35.44999999999997442 ) ) ;
#2261 = DIRECTION ( 'NONE',  ( 0.2386847610229712591, -0.8323926831162089535, -0.5001519828512186461 ) ) ;
#2262 = EDGE_LOOP ( 'NONE', ( #9383, #5429, #4260, #3855 ) ) ;
#2263 = CARTESIAN_POINT ( 'NONE',  ( 20.37499999999998934, 10.80000000000000426, 9.549999999999611688 ) ) ;
#2264 = ORIENTED_EDGE ( 'NONE', *, *, #3094, .F. ) ;
#2265 = ORIENTED_EDGE ( 'NONE', *, *, #6548, .F. ) ;
#2266 = LINE ( 'NONE', #3941, #8820 ) ;
#2267 = DIRECTION ( 'NONE',  ( 1.000000000000000000, 0.000000000000000000, 0.000000000000000000 ) ) ;
#2268 = EDGE_CURVE ( 'NONE', #548, #8105, #7628, .T. ) ;
#2269 = LINE ( 'NONE', #9351, #3710 ) ;
#2270 = CARTESIAN_POINT ( 'NONE',  ( 40.07937528197218313, 29.75245638442230600, -13.88452941702862908 ) ) ;
#2271 = CARTESIAN_POINT ( 'NONE',  ( -17.44999999999999929, 10.80000000000000071, 35.44999999999961204 ) ) ;
#2272 = DIRECTION ( 'NONE',  ( 0.9612616959383174509, -0.2756373558170042704, 0.000000000000000000 ) ) ;
#2273 = EDGE_CURVE ( 'NONE', #2475, #4871, #6856, .T. ) ;
#2274 = VERTEX_POINT ( 'NONE', #3645 ) ;
#2275 = EDGE_LOOP ( 'NONE', ( #1375, #3796, #7070, #2808 ) ) ;
#2276 = PLANE ( 'NONE',  #1508 ) ;
#2277 = VERTEX_POINT ( 'NONE', #2987 ) ;
#2278 = DIRECTION ( 'NONE',  ( -1.000000000000000000, 0.000000000000000000, 0.000000000000000000 ) ) ;
#2279 = CARTESIAN_POINT ( 'NONE',  ( 13.90968028962738146, -0.2227888855197979190, 21.71073385111592913 ) ) ;
#2280 = PLANE ( 'NONE',  #451 ) ;
#2281 = CARTESIAN_POINT ( 'NONE',  ( -53.44999999999999574, 10.80000000000000071, 18.54999999999960991 ) ) ;
#2282 = ADVANCED_FACE ( 'NONE', ( #6902 ), #2228, .F. ) ;
#2283 = DIRECTION ( 'NONE',  ( -0.4999999999999978906, -0.7071067811865504593, -0.4999999999999978906 ) ) ;
#2284 = DIRECTION ( 'NONE',  ( 0.000000000000000000, 0.000000000000000000, -1.000000000000000000 ) ) ;
#2285 = ORIENTED_EDGE ( 'NONE', *, *, #1693, .F. ) ;
#2286 = VECTOR ( 'NONE', #6368, 1000.000000000000000 ) ;
#2287 = DIRECTION ( 'NONE',  ( -1.000000000000000000, -6.617913326349485696E-16, 0.000000000000000000 ) ) ;
#2288 = VERTEX_POINT ( 'NONE', #6004 ) ;
#2289 = DIRECTION ( 'NONE',  ( -0.2657276780299894225, 0.9267025424900811048, 0.2657276780299894225 ) ) ;
#2290 = VECTOR ( 'NONE', #3310, 1000.000000000000000 ) ;
#2291 = EDGE_CURVE ( 'NONE', #2662, #5701, #7573, .T. ) ;
#2292 = LINE ( 'NONE', #1530, #4641 ) ;
#2293 = FACE_OUTER_BOUND ( 'NONE', #5087, .T. ) ;
#2294 = CARTESIAN_POINT ( 'NONE',  ( -17.44999999999999929, 10.80000000000000071, -27.55000000000038796 ) ) ;
#2295 = ORIENTED_EDGE ( 'NONE', *, *, #238, .F. ) ;
#2296 = ORIENTED_EDGE ( 'NONE', *, *, #7207, .T. ) ;
#2297 = LINE ( 'NONE', #3723, #9302 ) ;
#2298 = DIRECTION ( 'NONE',  ( -0.000000000000000000, 0.000000000000000000, 1.000000000000000000 ) ) ;
#2299 = VECTOR ( 'NONE', #6449, 1000.000000000000000 ) ;
#2300 = AXIS2_PLACEMENT_3D ( 'NONE', #6422, #9541, #5664 ) ;
#2301 = VERTEX_POINT ( 'NONE', #6151 ) ;
#2302 = FACE_OUTER_BOUND ( 'NONE', #1400, .T. ) ;
#2303 = ORIENTED_EDGE ( 'NONE', *, *, #7257, .F. ) ;
#2304 = DIRECTION ( 'NONE',  ( -0.9612616959383174509, -0.2756373558170042704, 0.000000000000000000 ) ) ;
#2305 = CARTESIAN_POINT ( 'NONE',  ( 27.54999999999999005, 10.80000000000000071, 35.44999999999961204 ) ) ;
#2306 = FACE_OUTER_BOUND ( 'NONE', #8056, .T. ) ;
#2307 = EDGE_LOOP ( 'NONE', ( #9997, #4433, #3319, #6834 ) ) ;
#2308 = LINE ( 'NONE', #5522, #2054 ) ;
#2309 = VERTEX_POINT ( 'NONE', #9113 ) ;
#2310 = ORIENTED_EDGE ( 'NONE', *, *, #4353, .F. ) ;
#2311 = VECTOR ( 'NONE', #8117, 1000.000000000000000 ) ;
#2312 = ADVANCED_FACE ( 'NONE', ( #2131 ), #1469, .F. ) ;
#2313 = CARTESIAN_POINT ( 'NONE',  ( 0.000000000000000000, 7.500000000000000000, 34.50374022699554644 ) ) ;
#2314 = VECTOR ( 'NONE', #2908, 1000.000000000000000 ) ;
#2315 = ORIENTED_EDGE ( 'NONE', *, *, #7765, .F. ) ;
#2316 = FACE_OUTER_BOUND ( 'NONE', #7206, .T. ) ;
#2317 = DIRECTION ( 'NONE',  ( -0.000000000000000000, -0.2756373558170023830, -0.9612616959383180060 ) ) ;
#2318 = ORIENTED_EDGE ( 'NONE', *, *, #9891, .F. ) ;
#2319 = VECTOR ( 'NONE', #7139, 1000.000000000000000 ) ;
#2320 = LINE ( 'NONE', #6944, #1263 ) ;
#2321 = CARTESIAN_POINT ( 'NONE',  ( 55.00000000000000000, 7.500000000000000000, 41.00000000000000000 ) ) ;
#2322 = LINE ( 'NONE', #7715, #8725 ) ;
#2323 = ORIENTED_EDGE ( 'NONE', *, *, #6214, .F. ) ;
#2324 = ORIENTED_EDGE ( 'NONE', *, *, #9907, .F. ) ;
#2325 = ADVANCED_FACE ( 'NONE', ( #6052 ), #9163, .F. ) ;
#2326 = EDGE_CURVE ( 'NONE', #996, #3462, #4865, .T. ) ;
#2327 = CARTESIAN_POINT ( 'NONE',  ( 18.54999999999999005, 7.500000000000007105, -35.45000000000002416 ) ) ;
#2328 = VERTEX_POINT ( 'NONE', #3906 ) ;
#2329 = VERTEX_POINT ( 'NONE', #1772 ) ;
#2330 = LINE ( 'NONE', #138, #5222 ) ;
#2331 = CARTESIAN_POINT ( 'NONE',  ( -8.449999999999999289, 10.80000000000000426, 33.62500000000000000 ) ) ;
#2332 = EDGE_CURVE ( 'NONE', #6232, #5915, #997, .T. ) ;
#2333 = LINE ( 'NONE', #710, #2724 ) ;
#2334 = DIRECTION ( 'NONE',  ( -1.000000000000000000, -0.000000000000000000, -0.000000000000000000 ) ) ;
#2335 = FACE_OUTER_BOUND ( 'NONE', #7077, .T. ) ;
#2336 = CARTESIAN_POINT ( 'NONE',  ( -60.00000000000000000, 8.099999999999999645, 8.000000000000000000 ) ) ;
#2337 = ORIENTED_EDGE ( 'NONE', *, *, #3811, .F. ) ;
#2338 = EDGE_CURVE ( 'NONE', #4786, #2649, #7002, .T. ) ;
#2339 = CARTESIAN_POINT ( 'NONE',  ( 28.19056600552746517, 8.566080860089998694, -34.80943399447291142 ) ) ;
#2340 = ORIENTED_EDGE ( 'NONE', *, *, #7164, .T. ) ;
#2341 = DIRECTION ( 'NONE',  ( -1.000000000000000000, 0.000000000000000000, 0.000000000000000000 ) ) ;
#2342 = CARTESIAN_POINT ( 'NONE',  ( -9.549999999999995381, 10.80000000000000071, -27.55000000000038796 ) ) ;
#2343 = DIRECTION ( 'NONE',  ( -0.000000000000000000, -1.000000000000000000, -0.000000000000000000 ) ) ;
#2344 = VERTEX_POINT ( 'NONE', #4717 ) ;
#2345 = CARTESIAN_POINT ( 'NONE',  ( -15.62500000000000711, 10.80000000000000426, -33.62500000000000000 ) ) ;
#2346 = VECTOR ( 'NONE', #6226, 1000.000000000000227 ) ;
#2347 = LINE ( 'NONE', #6923, #8308 ) ;
#2348 = EDGE_CURVE ( 'NONE', #7124, #7971, #7153, .T. ) ;
#2349 = EDGE_CURVE ( 'NONE', #4871, #8640, #2529, .T. ) ;
#2350 = EDGE_LOOP ( 'NONE', ( #3082, #3788, #6260, #5890 ) ) ;
#2351 = DIRECTION ( 'NONE',  ( -1.000000000000000000, -0.000000000000000000, -0.000000000000000000 ) ) ;
#2352 = VERTEX_POINT ( 'NONE', #3133 ) ;
#2353 = EDGE_CURVE ( 'NONE', #7235, #2540, #3180, .T. ) ;
#2354 = CARTESIAN_POINT ( 'NONE',  ( -53.88039450307227440, 12.30096400656391431, 18.11960549692732769 ) ) ;
#2355 = CARTESIAN_POINT ( 'NONE',  ( -15.62500000000000711, 10.53731005528969611, 26.37467487046871284 ) ) ;
#2356 = VECTOR ( 'NONE', #5395, 1000.000000000000000 ) ;
#2357 = CARTESIAN_POINT ( 'NONE',  ( -61.00000000000000000, 9.899999999999998579, -8.000000000000000000 ) ) ;
#2358 = ORIENTED_EDGE ( 'NONE', *, *, #8586, .F. ) ;
#2359 = LINE ( 'NONE', #2458, #594 ) ;
#2360 = VERTEX_POINT ( 'NONE', #8738 ) ;
#2361 = ORIENTED_EDGE ( 'NONE', *, *, #2545, .F. ) ;
#2362 = CARTESIAN_POINT ( 'NONE',  ( 13.08484749617240261, 14.76483374945124538, -17.41310221704441119 ) ) ;
#2363 = AXIS2_PLACEMENT_3D ( 'NONE', #6527, #1132, #4242 ) ;
#2364 = EDGE_CURVE ( 'NONE', #2309, #78, #2330, .T. ) ;
#2365 = FACE_OUTER_BOUND ( 'NONE', #7548, .T. ) ;
#2366 = FACE_OUTER_BOUND ( 'NONE', #183, .T. ) ;
#2367 = ORIENTED_EDGE ( 'NONE', *, *, #2332, .T. ) ;
#2368 = EDGE_CURVE ( 'NONE', #3631, #443, #9363, .T. ) ;
#2369 = EDGE_CURVE ( 'NONE', #1155, #6530, #3085, .T. ) ;
#2370 = DIRECTION ( 'NONE',  ( 0.000000000000000000, 0.000000000000000000, -1.000000000000000000 ) ) ;
#2371 = CARTESIAN_POINT ( 'NONE',  ( 0.000000000000000000, 7.500000000000000000, 25.50374022699554288 ) ) ;
#2372 = LINE ( 'NONE', #9310, #1078 ) ;
#2373 = AXIS2_PLACEMENT_3D ( 'NONE', #5302, #3099, #8408 ) ;
#2374 = ORIENTED_EDGE ( 'NONE', *, *, #5647, .T. ) ;
#2375 = VERTEX_POINT ( 'NONE', #9316 ) ;
#2376 = FACE_OUTER_BOUND ( 'NONE', #7272, .T. ) ;
#2377 = VERTEX_POINT ( 'NONE', #6396 ) ;
#2378 = ORIENTED_EDGE ( 'NONE', *, *, #9276, .T. ) ;
#2379 = DIRECTION ( 'NONE',  ( 1.000000000000000000, 0.000000000000000000, 0.000000000000000000 ) ) ;
#2380 = VECTOR ( 'NONE', #2509, 1000.000000000000000 ) ;
#2381 = LINE ( 'NONE', #5491, #3513 ) ;
#2382 = VECTOR ( 'NONE', #8704, 1000.000000000000114 ) ;
#2383 = CARTESIAN_POINT ( 'NONE',  ( 13.90968028962737790, -0.2227888855198039975, -3.710733851116682747 ) ) ;
#2384 = EDGE_CURVE ( 'NONE', #9450, #8105, #8689, .T. ) ;
#2385 = LINE ( 'NONE', #2485, #5449 ) ;
#2386 = CARTESIAN_POINT ( 'NONE',  ( 18.11960549692769717, 12.30096400656400668, -18.11960549692807732 ) ) ;
#2387 = VECTOR ( 'NONE', #7367, 1000.000000000000000 ) ;
#2388 = DIRECTION ( 'NONE',  ( -0.2657276780299897001, 0.9267025424900808828, 0.2657276780299897001 ) ) ;
#2389 = DIRECTION ( 'NONE',  ( 1.000000000000000000, 0.000000000000000000, 0.000000000000000000 ) ) ;
#2390 = VERTEX_POINT ( 'NONE', #9463 ) ;
#2391 = VECTOR ( 'NONE', #4961, 1000.000000000000000 ) ;
#2392 = DIRECTION ( 'NONE',  ( 0.000000000000000000, -0.2756373558170042704, 0.9612616959383174509 ) ) ;
#2393 = DIRECTION ( 'NONE',  ( 0.000000000000000000, 0.000000000000000000, -1.000000000000000000 ) ) ;
#2394 = DIRECTION ( 'NONE',  ( 0.000000000000000000, 0.000000000000000000, -1.000000000000000000 ) ) ;
#2395 = EDGE_CURVE ( 'NONE', #1584, #3777, #1565, .T. ) ;
#2396 =( NAMED_UNIT ( * ) SI_UNIT ( $, .STERADIAN. ) SOLID_ANGLE_UNIT ( ) );
#2397 = ORIENTED_EDGE ( 'NONE', *, *, #4099, .F. ) ;
#2398 = CARTESIAN_POINT ( 'NONE',  ( -20.37499999999999645, 10.80000000000000426, 0.5499999999996132427 ) ) ;
#2399 = VECTOR ( 'NONE', #9991, 1000.000000000000000 ) ;
#2400 = VECTOR ( 'NONE', #9452, 1000.000000000000114 ) ;
#2401 = DIRECTION ( 'NONE',  ( 0.5001519828512187571, 0.8323926831162092865, -0.2386847610229695660 ) ) ;
#2402 = ORIENTED_EDGE ( 'NONE', *, *, #7476, .T. ) ;
#2403 = LINE ( 'NONE', #7220, #6812 ) ;
#2404 = VERTEX_POINT ( 'NONE', #7822 ) ;
#2405 = VECTOR ( 'NONE', #6682, 1000.000000000000000 ) ;
#2406 = CARTESIAN_POINT ( 'NONE',  ( 11.73571359999212405, 22.25864506693675793, 26.58211138907229198 ) ) ;
#2407 = DIRECTION ( 'NONE',  ( 1.000000000000000000, 0.000000000000000000, 0.000000000000000000 ) ) ;
#2408 = VECTOR ( 'NONE', #8333, 1000.000000000000000 ) ;
#2409 = CARTESIAN_POINT ( 'NONE',  ( 51.62500000000000000, 10.80000000000000426, -18.55000000000037730 ) ) ;
#2410 = LINE ( 'NONE', #5521, #3108 ) ;
#2411 = ADVANCED_FACE ( 'NONE', ( #1619 ), #850, .F. ) ;
#2412 = LINE ( 'NONE', #5372, #6595 ) ;
#2413 = VERTEX_POINT ( 'NONE', #9417 ) ;
#2414 = CARTESIAN_POINT ( 'NONE',  ( 0.000000000000000000, 7.500000000000000000, -28.49625977300445356 ) ) ;
#2415 = VECTOR ( 'NONE', #8631, 1000.000000000000114 ) ;
#2416 = CARTESIAN_POINT ( 'NONE',  ( 20.37499999999998934, 10.80000000000000426, 17.44999999999961560 ) ) ;
#2417 = DIRECTION ( 'NONE',  ( 0.000000000000000000, 0.000000000000000000, -1.000000000000000000 ) ) ;
#2418 = ORIENTED_EDGE ( 'NONE', *, *, #414, .T. ) ;
#2419 = LINE ( 'NONE', #839, #8744 ) ;
#2420 = LINE ( 'NONE', #5482, #9675 ) ;
#2421 = VECTOR ( 'NONE', #4020, 1000.000000000000114 ) ;
#2422 = ORIENTED_EDGE ( 'NONE', *, *, #318, .F. ) ;
#2423 = EDGE_CURVE ( 'NONE', #8891, #9858, #5538, .T. ) ;
#2424 = ORIENTED_EDGE ( 'NONE', *, *, #8323, .F. ) ;
#2425 = ORIENTED_EDGE ( 'NONE', *, *, #9337, .T. ) ;
#2426 = DIRECTION ( 'NONE',  ( -0.2386847610229712591, 0.8323926831162089535, -0.5001519828512186461 ) ) ;
#2427 = ORIENTED_EDGE ( 'NONE', *, *, #6110, .T. ) ;
#2428 = EDGE_CURVE ( 'NONE', #9756, #9934, #7871, .T. ) ;
#2429 = DIRECTION ( 'NONE',  ( 0.000000000000000000, 0.000000000000000000, -1.000000000000000000 ) ) ;
#2430 = DIRECTION ( 'NONE',  ( 0.000000000000000000, 0.000000000000000000, 1.000000000000000000 ) ) ;
#2431 = PLANE ( 'NONE',  #4036 ) ;
#2432 = CARTESIAN_POINT ( 'NONE',  ( -10.49625977300406454, 7.500000000000000000, 33.62500000000000000 ) ) ;
#2433 = VERTEX_POINT ( 'NONE', #3279 ) ;
#2434 = FACE_OUTER_BOUND ( 'NONE', #3667, .T. ) ;
#2435 = EDGE_CURVE ( 'NONE', #8810, #9305, #1716, .T. ) ;
#2436 = DIRECTION ( 'NONE',  ( 0.000000000000000000, -0.2756373558170042704, 0.9612616959383174509 ) ) ;
#2437 = EDGE_CURVE ( 'NONE', #257, #4154, #953, .T. ) ;
#2438 = DIRECTION ( 'NONE',  ( 0.000000000000000000, -1.628809415300402958E-16, -1.000000000000000000 ) ) ;
#2439 = ORIENTED_EDGE ( 'NONE', *, *, #1079, .F. ) ;
#2440 = DIRECTION ( 'NONE',  ( -0.9612616959383174509, -0.2756373558170042704, 0.000000000000000000 ) ) ;
#2441 = CARTESIAN_POINT ( 'NONE',  ( -28.19056600552746517, 8.566080860090005800, -34.80943399447291853 ) ) ;
#2442 = LINE ( 'NONE', #7215, #6054 ) ;
#2443 = ORIENTED_EDGE ( 'NONE', *, *, #655, .F. ) ;
#2444 = ORIENTED_EDGE ( 'NONE', *, *, #8918, .T. ) ;
#2445 = EDGE_CURVE ( 'NONE', #4182, #6035, #2912, .T. ) ;
#2446 = EDGE_CURVE ( 'NONE', #7099, #378, #233, .T. ) ;
#2447 = CARTESIAN_POINT ( 'NONE',  ( 61.85875721063607102, 9.899999999999975486, 33.78768939877064525 ) ) ;
#2448 = PLANE ( 'NONE',  #3753 ) ;
#2449 = ORIENTED_EDGE ( 'NONE', *, *, #3745, .T. ) ;
#2450 = EDGE_CURVE ( 'NONE', #462, #8911, #3326, .T. ) ;
#2451 = CARTESIAN_POINT ( 'NONE',  ( 20.37499999999998934, 7.500000000000000000, 16.50374022699554644 ) ) ;
#2452 = VERTEX_POINT ( 'NONE', #525 ) ;
#2453 = VECTOR ( 'NONE', #6729, 1000.000000000000000 ) ;
#2454 = CARTESIAN_POINT ( 'NONE',  ( 0.000000000000000000, 10.80000000000000071, 0.000000000000000000 ) ) ;
#2455 = LINE ( 'NONE', #6419, #5343 ) ;
#2456 = CARTESIAN_POINT ( 'NONE',  ( -13.08484749617240972, 14.76483374945124893, 27.58689778295559236 ) ) ;
#2457 = FACE_OUTER_BOUND ( 'NONE', #5387, .T. ) ;
#2458 = CARTESIAN_POINT ( 'NONE',  ( 61.43449314192414334, 10.49999999999999822, -33.36342533005872468 ) ) ;
#2459 = ORIENTED_EDGE ( 'NONE', *, *, #206, .F. ) ;
#2460 = EDGE_LOOP ( 'NONE', ( #574, #2052, #9917, #3361 ) ) ;
#2461 = ADVANCED_FACE ( 'NONE', ( #6441 ), #1385, .F. ) ;
#2462 = DIRECTION ( 'NONE',  ( -0.2657276780299894225, -0.9267025424900811048, 0.2657276780299894225 ) ) ;
#2463 = AXIS2_PLACEMENT_3D ( 'NONE', #7684, #8450, #4475 ) ;
#2464 = AXIS2_PLACEMENT_3D ( 'NONE', #5700, #4984, #2687 ) ;
#2465 = CARTESIAN_POINT ( 'NONE',  ( -15.62500000000000711, 7.500000000000000000, -16.50374022699631382 ) ) ;
#2466 = ADVANCED_FACE ( 'NONE', ( #7494 ), #4391, .F. ) ;
#2467 = LINE ( 'NONE', #1035, #142 ) ;
#2468 = ORIENTED_EDGE ( 'NONE', *, *, #5300, .T. ) ;
#2469 = CARTESIAN_POINT ( 'NONE',  ( -53.44999999999999574, 10.80000000000000071, 35.44999999999961204 ) ) ;
#2470 = VECTOR ( 'NONE', #8494, 1000.000000000000000 ) ;
#2471 = VECTOR ( 'NONE', #3146, 1000.000000000000000 ) ;
#2472 = DIRECTION ( 'NONE',  ( 0.000000000000000000, 0.000000000000000000, -1.000000000000000000 ) ) ;
#2473 = ORIENTED_EDGE ( 'NONE', *, *, #6244, .F. ) ;
#2474 = ORIENTED_EDGE ( 'NONE', *, *, #1622, .T. ) ;
#2475 = VERTEX_POINT ( 'NONE', #9133 ) ;
#2476 = PLANE ( 'NONE',  #5724 ) ;
#2477 = ORIENTED_EDGE ( 'NONE', *, *, #2627, .F. ) ;
#2478 = DIRECTION ( 'NONE',  ( -1.000000000000000000, -0.000000000000000000, -0.000000000000000000 ) ) ;
#2479 = VECTOR ( 'NONE', #6998, 1000.000000000000000 ) ;
#2480 = DIRECTION ( 'NONE',  ( 0.2386847610229712591, 0.8323926831162089535, 0.5001519828512185351 ) ) ;
#2481 = EDGE_CURVE ( 'NONE', #9315, #8812, #2810, .T. ) ;
#2482 = DIRECTION ( 'NONE',  ( -0.5001519828512186461, -0.8323926831162090645, -0.2386847610229710648 ) ) ;
#2483 = PRODUCT_DEFINITION_FORMATION_WITH_SPECIFIED_SOURCE ( 'ANY', '', #5088, .NOT_KNOWN. ) ;
#2484 = ADVANCED_FACE ( 'NONE', ( #5099 ), #8265, .F. ) ;
#2485 = CARTESIAN_POINT ( 'NONE',  ( -40.07937528197220445, 29.75245638442229534, 31.88452941702789190 ) ) ;
#2486 = ORIENTED_EDGE ( 'NONE', *, *, #526, .T. ) ;
#2487 = CARTESIAN_POINT ( 'NONE',  ( 61.43449314192414334, 9.099999999999983658, -33.36342533005872468 ) ) ;
#2488 = CARTESIAN_POINT ( 'NONE',  ( 15.62500000000000000, 10.53731005528968723, -27.62532512953129071 ) ) ;
#2489 = CARTESIAN_POINT ( 'NONE',  ( 0.000000000000000000, 10.80000000000000071, -33.62500000000000000 ) ) ;
#2490 = LINE ( 'NONE', #577, #6607 ) ;
#2491 = VERTEX_POINT ( 'NONE', #7382 ) ;
#2492 = DIRECTION ( 'NONE',  ( -1.000000000000000000, 0.000000000000000000, 0.000000000000000000 ) ) ;
#2493 = EDGE_CURVE ( 'NONE', #5456, #136, #6621, .T. ) ;
#2494 = DIRECTION ( 'NONE',  ( -1.000000000000000000, 0.000000000000000000, 0.000000000000000000 ) ) ;
#2495 = DIRECTION ( 'NONE',  ( -0.2386847610229712591, 0.8323926831162089535, -0.5001519828512186461 ) ) ;
#2496 = ORIENTED_EDGE ( 'NONE', *, *, #285, .F. ) ;
#2497 = VERTEX_POINT ( 'NONE', #415 ) ;
#2498 = CARTESIAN_POINT ( 'NONE',  ( 6.264286400007877731, 22.25864506693676148, 26.58211138907228488 ) ) ;
#2499 = DIRECTION ( 'NONE',  ( -0.000000000000000000, 0.1391731009600706559, -0.9902680687415695848 ) ) ;
#2500 = EDGE_CURVE ( 'NONE', #4373, #3291, #9031, .T. ) ;
#2501 = VERTEX_POINT ( 'NONE', #4492 ) ;
#2502 = PLANE ( 'NONE',  #9744 ) ;
#2503 = EDGE_LOOP ( 'NONE', ( #1209, #7571, #1875, #2818 ) ) ;
#2504 = CARTESIAN_POINT ( 'NONE',  ( 51.62500000000000000, 10.80000000000000426, -33.62500000000000000 ) ) ;
#2505 = DIRECTION ( 'NONE',  ( 1.000000000000000000, 0.000000000000000000, 0.000000000000000000 ) ) ;
#2506 = DIRECTION ( 'NONE',  ( -0.7071067811865452413, 0.000000000000000000, 0.7071067811865497932 ) ) ;
#2507 = CARTESIAN_POINT ( 'NONE',  ( 0.000000000000000000, 7.500000000000000000, 16.50374022699554644 ) ) ;
#2508 = VECTOR ( 'NONE', #8953, 1000.000000000000114 ) ;
#2509 = DIRECTION ( 'NONE',  ( -0.000000000000000000, -0.000000000000000000, 1.000000000000000000 ) ) ;
#2510 = ORIENTED_EDGE ( 'NONE', *, *, #3802, .F. ) ;
#2511 = ORIENTED_EDGE ( 'NONE', *, *, #7360, .T. ) ;
#2512 = DIRECTION ( 'NONE',  ( 0.000000000000000000, 0.000000000000000000, 1.000000000000000000 ) ) ;
#2513 = EDGE_CURVE ( 'NONE', #4275, #284, #9848, .T. ) ;
#2514 = PLANE ( 'NONE',  #3688 ) ;
#2515 = VECTOR ( 'NONE', #213, 1000.000000000000114 ) ;
#2516 = FACE_OUTER_BOUND ( 'NONE', #6287, .T. ) ;
#2517 = ORIENTED_EDGE ( 'NONE', *, *, #3873, .T. ) ;
#2518 = EDGE_CURVE ( 'NONE', #9687, #6506, #473, .T. ) ;
#2519 = CARTESIAN_POINT ( 'NONE',  ( 0.5499999999999949374, 10.80000000000000071, -35.45000000000039364 ) ) ;
#2520 = LINE ( 'NONE', #1854, #88 ) ;
#2521 = ORIENTED_EDGE ( 'NONE', *, *, #9803, .F. ) ;
#2522 = VERTEX_POINT ( 'NONE', #9743 ) ;
#2523 = ORIENTED_EDGE ( 'NONE', *, *, #684, .T. ) ;
#2524 = VERTEX_POINT ( 'NONE', #5973 ) ;
#2525 = LINE ( 'NONE', #5680, #1006 ) ;
#2526 = ORIENTED_EDGE ( 'NONE', *, *, #9182, .T. ) ;
#2527 = EDGE_CURVE ( 'NONE', #8105, #1906, #9084, .T. ) ;
#2528 = AXIS2_PLACEMENT_3D ( 'NONE', #598, #1356, #2175 ) ;
#2529 = LINE ( 'NONE', #6347, #7653 ) ;
#2530 = CARTESIAN_POINT ( 'NONE',  ( 18.54999999999999716, 10.80000000000000071, -0.5500000000003835154 ) ) ;
#2531 = LINE ( 'NONE', #5636, #4187 ) ;
#2532 = VECTOR ( 'NONE', #4037, 1000.000000000000000 ) ;
#2533 = CARTESIAN_POINT ( 'NONE',  ( 0.000000000000000000, 7.500000000000000000, 19.49625977300367552 ) ) ;
#2534 = EDGE_CURVE ( 'NONE', #6877, #494, #1286, .T. ) ;
#2535 = VECTOR ( 'NONE', #10083, 1000.000000000000000 ) ;
#2536 = CARTESIAN_POINT ( 'NONE',  ( 15.62500000000000000, 10.80000000000000071, 0.000000000000000000 ) ) ;
#2537 = VECTOR ( 'NONE', #8803, 1000.000000000000000 ) ;
#2538 = LINE ( 'NONE', #4214, #5176 ) ;
#2539 = CARTESIAN_POINT ( 'NONE',  ( 15.62500000000000000, 7.500000000000000000, -28.49625977300445356 ) ) ;
#2540 = VERTEX_POINT ( 'NONE', #2109 ) ;
#2541 = LINE ( 'NONE', #7838, #1933 ) ;
#2542 = VECTOR ( 'NONE', #843, 1000.000000000000000 ) ;
#2543 = LINE ( 'NONE', #8659, #8394 ) ;
#2544 = CARTESIAN_POINT ( 'NONE',  ( -60.00000000000000000, 7.500000000000000000, 8.000000000000000000 ) ) ;
#2545 = EDGE_CURVE ( 'NONE', #4108, #4144, #5046, .T. ) ;
#2546 = DIRECTION ( 'NONE',  ( -1.000000000000000000, 0.000000000000000000, 0.000000000000000000 ) ) ;
#2547 = CARTESIAN_POINT ( 'NONE',  ( -51.62500000000000711, 10.53731005528969789, 33.62499999999999289 ) ) ;
#2548 = EDGE_CURVE ( 'NONE', #2244, #9607, #1337, .T. ) ;
#2549 = VECTOR ( 'NONE', #6336, 1000.000000000000000 ) ;
#2550 = ORIENTED_EDGE ( 'NONE', *, *, #9110, .F. ) ;
#2551 = LINE ( 'NONE', #1743, #10072 ) ;
#2552 = ORIENTED_EDGE ( 'NONE', *, *, #6355, .T. ) ;
#2553 = DIRECTION ( 'NONE',  ( 0.000000000000000000, -1.628809415300402958E-16, -1.000000000000000000 ) ) ;
#2554 = DIRECTION ( 'NONE',  ( 0.2657276780299913099, -0.9267025424900799946, 0.2657276780299913099 ) ) ;
#2555 = DIRECTION ( 'NONE',  ( 0.000000000000000000, 0.000000000000000000, -1.000000000000000000 ) ) ;
#2556 = CARTESIAN_POINT ( 'NONE',  ( -15.62500000000000711, 10.53731005528969433, 17.37467487046870573 ) ) ;
#2557 = VECTOR ( 'NONE', #9402, 1000.000000000000000 ) ;
#2558 = DIRECTION ( 'NONE',  ( 1.000000000000000000, 2.239982309999205560E-16, -6.423045915736408765E-17 ) ) ;
#2559 = ORIENTED_EDGE ( 'NONE', *, *, #3421, .F. ) ;
#2560 = ORIENTED_EDGE ( 'NONE', *, *, #2291, .F. ) ;
#2561 = CARTESIAN_POINT ( 'NONE',  ( -16.80943399447264497, 8.566080860090417914, 1.190566005526967119 ) ) ;
#2562 = EDGE_CURVE ( 'NONE', #7310, #1284, #7546, .T. ) ;
#2563 = DIRECTION ( 'NONE',  ( 0.000000000000000000, 0.000000000000000000, -1.000000000000000000 ) ) ;
#2564 = VECTOR ( 'NONE', #1901, 1000.000000000000000 ) ;
#2565 = VECTOR ( 'NONE', #9817, 1000.000000000000114 ) ;
#2566 = DIRECTION ( 'NONE',  ( -0.2657276780299913099, 0.9267025424900799946, 0.2657276780299913099 ) ) ;
#2567 = ORIENTED_EDGE ( 'NONE', *, *, #1568, .T. ) ;
#2568 = EDGE_CURVE ( 'NONE', #257, #9600, #3670, .T. ) ;
#2569 = CARTESIAN_POINT ( 'NONE',  ( 61.43449314192414334, 7.500000000000000000, -33.36342533005872468 ) ) ;
#2570 = DIRECTION ( 'NONE',  ( 0.9612616959383180060, -0.2756373558170023830, 0.000000000000000000 ) ) ;
#2571 = VERTEX_POINT ( 'NONE', #1444 ) ;
#2572 = ORIENTED_EDGE ( 'NONE', *, *, #1376, .F. ) ;
#2573 = ORIENTED_EDGE ( 'NONE', *, *, #1881, .F. ) ;
#2574 = DIRECTION ( 'NONE',  ( 0.000000000000000000, 0.000000000000000000, -1.000000000000000000 ) ) ;
#2575 = VECTOR ( 'NONE', #1941, 1000.000000000000000 ) ;
#2576 = VERTEX_POINT ( 'NONE', #3009 ) ;
#2577 = VECTOR ( 'NONE', #418, 1000.000000000000000 ) ;
#2578 = DIRECTION ( 'NONE',  ( -0.000000000000000000, 0.000000000000000000, 1.000000000000000000 ) ) ;
#2579 = ADVANCED_FACE ( 'NONE', ( #2202 ), #6876, .F. ) ;
#2580 = DIRECTION ( 'NONE',  ( 0.000000000000000000, 0.000000000000000000, -1.000000000000000000 ) ) ;
#2581 = CARTESIAN_POINT ( 'NONE',  ( 40.07937528197219734, 29.75245638442229179, -4.115470582972120539 ) ) ;
#2582 = AXIS2_PLACEMENT_3D ( 'NONE', #5144, #6720, #8253 ) ;
#2583 = ADVANCED_FACE ( 'NONE', ( #3823 ), #4541, .F. ) ;
#2584 = CARTESIAN_POINT ( 'NONE',  ( 15.62500000000000000, 7.500000000000000000, 16.50374022699554644 ) ) ;
#2585 = DIRECTION ( 'NONE',  ( -0.2756373558170042704, -0.9612616959383174509, 0.000000000000000000 ) ) ;
#2586 = DIRECTION ( 'NONE',  ( -0.8164965809277101583, 0.5773502691896481576, 0.000000000000000000 ) ) ;
#2587 = DIRECTION ( 'NONE',  ( -0.000000000000000000, 0.9612616959383174509, 0.2756373558170042704 ) ) ;
#2588 = ORIENTED_EDGE ( 'NONE', *, *, #8506, .T. ) ;
#2589 = EDGE_CURVE ( 'NONE', #2847, #3897, #56, .T. ) ;
#2590 = CARTESIAN_POINT ( 'NONE',  ( -54.49999999999997868, 10.79999999999989235, 36.49999999999959499 ) ) ;
#2591 = DIRECTION ( 'NONE',  ( 0.000000000000000000, 0.000000000000000000, 1.000000000000000000 ) ) ;
#2592 = DIRECTION ( 'NONE',  ( 0.000000000000000000, 0.000000000000000000, -1.000000000000000000 ) ) ;
#2593 = LINE ( 'NONE', #869, #8316 ) ;
#2594 = FACE_OUTER_BOUND ( 'NONE', #2460, .T. ) ;
#2595 = ORIENTED_EDGE ( 'NONE', *, *, #6041, .F. ) ;
#2596 = ADVANCED_FACE ( 'NONE', ( #6076 ), #9386, .F. ) ;
#2597 = CARTESIAN_POINT ( 'NONE',  ( -51.62500000000000711, 10.80000000000000071, 0.000000000000000000 ) ) ;
#2598 = ORIENTED_EDGE ( 'NONE', *, *, #667, .F. ) ;
#2599 = DIRECTION ( 'NONE',  ( 0.000000000000000000, 0.000000000000000000, -1.000000000000000000 ) ) ;
#2600 = DIRECTION ( 'NONE',  ( -0.000000000000000000, 1.000000000000000000, -0.000000000000000000 ) ) ;
#2601 = DIRECTION ( 'NONE',  ( -0.000000000000000000, 0.9612616959383174509, 0.2756373558170042704 ) ) ;
#2602 = EDGE_CURVE ( 'NONE', #6879, #2571, #2347, .T. ) ;
#2603 = DIRECTION ( 'NONE',  ( -0.9612616959383175619, -0.2756373558170040483, 0.000000000000000000 ) ) ;
#2604 = CARTESIAN_POINT ( 'NONE',  ( -45.54999999999999005, 10.80000000000000071, -27.55000000000038796 ) ) ;
#2605 = EDGE_LOOP ( 'NONE', ( #1297, #2552, #6558, #2227 ) ) ;
#2606 = LINE ( 'NONE', #4754, #1653 ) ;
#2607 = VECTOR ( 'NONE', #6674, 1000.000000000000114 ) ;
#2608 = LINE ( 'NONE', #7960, #9552 ) ;
#2609 = FACE_OUTER_BOUND ( 'NONE', #9631, .T. ) ;
#2610 = ORIENTED_EDGE ( 'NONE', *, *, #8822, .F. ) ;
#2611 = DIRECTION ( 'NONE',  ( -0.7071067811865474617, 0.000000000000000000, 0.7071067811865474617 ) ) ;
#2612 = DIRECTION ( 'NONE',  ( 0.2657276780299894225, 0.9267025424900811048, 0.2657276780299894225 ) ) ;
#2613 = ADVANCED_FACE ( 'NONE', ( #7744 ), #5363, .F. ) ;
#2614 = VERTEX_POINT ( 'NONE', #3151 ) ;
#2615 = VECTOR ( 'NONE', #4589, 1000.000000000000114 ) ;
#2616 = EDGE_LOOP ( 'NONE', ( #5096, #4259, #794, #5009 ) ) ;
#2617 = ORIENTED_EDGE ( 'NONE', *, *, #2513, .T. ) ;
#2618 = ORIENTED_EDGE ( 'NONE', *, *, #3084, .T. ) ;
#2619 = DIRECTION ( 'NONE',  ( -0.000000000000000000, -1.000000000000000000, 0.000000000000000000 ) ) ;
#2620 = ORIENTED_EDGE ( 'NONE', *, *, #9269, .F. ) ;
#2621 = CARTESIAN_POINT ( 'NONE',  ( -18.54999999999999716, 10.80000000000000071, 0.5499999999996132427 ) ) ;
#2622 = AXIS2_PLACEMENT_3D ( 'NONE', #1627, #2436, #5590 ) ;
#2623 = LINE ( 'NONE', #5733, #292 ) ;
#2624 = VECTOR ( 'NONE', #7954, 1000.000000000000000 ) ;
#2625 = EDGE_CURVE ( 'NONE', #2522, #994, #10000, .T. ) ;
#2626 = CARTESIAN_POINT ( 'NONE',  ( 57.89895923599141980, 9.099999999999983658, 36.89895923599146954 ) ) ;
#2627 = EDGE_CURVE ( 'NONE', #10038, #3237, #6123, .T. ) ;
#2628 = ORIENTED_EDGE ( 'NONE', *, *, #4068, .T. ) ;
#2629 = VERTEX_POINT ( 'NONE', #9237 ) ;
#2630 = VECTOR ( 'NONE', #329, 1000.000000000000000 ) ;
#2631 = DIRECTION ( 'NONE',  ( 1.000000000000000000, 0.000000000000000000, 0.000000000000000000 ) ) ;
#2632 = EDGE_CURVE ( 'NONE', #5701, #2377, #775, .T. ) ;
#2633 = DIRECTION ( 'NONE',  ( -0.1378445374916336952, 0.9808148484639876985, 0.1378445374916336952 ) ) ;
#2634 = CARTESIAN_POINT ( 'NONE',  ( 51.62500000000000000, 10.53731005528968723, -33.62500000000000000 ) ) ;
#2635 = VERTEX_POINT ( 'NONE', #8515 ) ;
#2636 = CARTESIAN_POINT ( 'NONE',  ( 23.06738976402690255, -0.9965637948165171345, -32.06738976402728980 ) ) ;
#2637 = FACE_OUTER_BOUND ( 'NONE', #4173, .T. ) ;
#2638 = LINE ( 'NONE', #3444, #7830 ) ;
#2639 = EDGE_CURVE ( 'NONE', #9766, #2497, #4639, .T. ) ;
#2640 = DIRECTION ( 'NONE',  ( -0.000000000000000000, 0.000000000000000000, 1.000000000000000000 ) ) ;
#2641 = VERTEX_POINT ( 'NONE', #4591 ) ;
#2642 = CARTESIAN_POINT ( 'NONE',  ( 13.90968028962737790, -0.2227888855198039975, -5.289266148884087748 ) ) ;
#2643 = ORIENTED_EDGE ( 'NONE', *, *, #3700, .T. ) ;
#2644 = DIRECTION ( 'NONE',  ( -0.000000000000000000, -0.000000000000000000, 1.000000000000000000 ) ) ;
#2645 = LINE ( 'NONE', #5612, #6467 ) ;
#2646 = DIRECTION ( 'NONE',  ( 0.9612616959383174509, -0.2756373558170042704, 0.000000000000000000 ) ) ;
#2647 = CARTESIAN_POINT ( 'NONE',  ( -53.44999999999999574, 10.80000000000000071, 17.44999999999961560 ) ) ;
#2648 = CARTESIAN_POINT ( 'NONE',  ( -16.80943399447264142, 8.566080860090425020, -16.80943399447302866 ) ) ;
#2649 = VERTEX_POINT ( 'NONE', #725 ) ;
#2650 = EDGE_LOOP ( 'NONE', ( #3786, #2726, #3821, #681 ) ) ;
#2651 = FACE_OUTER_BOUND ( 'NONE', #8937, .T. ) ;
#2652 = EDGE_CURVE ( 'NONE', #8236, #7398, #5512, .T. ) ;
#2653 = ADVANCED_FACE ( 'NONE', ( #5460 ), #9185, .F. ) ;
#2654 = DIRECTION ( 'NONE',  ( 0.000000000000000000, 0.000000000000000000, -1.000000000000000000 ) ) ;
#2655 = CARTESIAN_POINT ( 'NONE',  ( 0.5499999999999949374, 10.80000000000000071, -27.55000000000038796 ) ) ;
#2656 = ORIENTED_EDGE ( 'NONE', *, *, #8139, .T. ) ;
#2657 = LINE ( 'NONE', #5723, #6799 ) ;
#2658 = VECTOR ( 'NONE', #4396, 1000.000000000000000 ) ;
#2659 = DIRECTION ( 'NONE',  ( -1.000000000000000000, 0.000000000000000000, 0.000000000000000000 ) ) ;
#2660 = EDGE_LOOP ( 'NONE', ( #1359, #5071, #692, #5126 ) ) ;
#2661 = CARTESIAN_POINT ( 'NONE',  ( 35.44999999999999574, 10.80000000000000071, 35.44999999999961204 ) ) ;
#2662 = VERTEX_POINT ( 'NONE', #6172 ) ;
#2663 = ORIENTED_EDGE ( 'NONE', *, *, #4937, .T. ) ;
#2664 = CARTESIAN_POINT ( 'NONE',  ( -19.49625977300406632, 7.500000000000000000, 0.000000000000000000 ) ) ;
#2665 = EDGE_LOOP ( 'NONE', ( #8389, #617, #1238, #6040 ) ) ;
#2666 = EDGE_CURVE ( 'NONE', #5628, #5677, #6829, .T. ) ;
#2667 = VECTOR ( 'NONE', #2599, 1000.000000000000000 ) ;
#2668 = EDGE_CURVE ( 'NONE', #7884, #4531, #6222, .T. ) ;
#2669 = FACE_OUTER_BOUND ( 'NONE', #3204, .T. ) ;
#2670 = ADVANCED_FACE ( 'NONE', ( #4692 ), #821, .T. ) ;
#2671 = DIRECTION ( 'NONE',  ( -0.000000000000000000, 0.000000000000000000, 1.000000000000000000 ) ) ;
#2672 = CARTESIAN_POINT ( 'NONE',  ( -35.44999999999999574, 10.80000000000000071, 35.44999999999961204 ) ) ;
#2673 = AXIS2_PLACEMENT_3D ( 'NONE', #177, #3272, #2659 ) ;
#2674 = ORIENTED_EDGE ( 'NONE', *, *, #1479, .F. ) ;
#2675 = VERTEX_POINT ( 'NONE', #306 ) ;
#2676 = ORIENTED_EDGE ( 'NONE', *, *, #8707, .T. ) ;
#2677 = LINE ( 'NONE', #3434, #8152 ) ;
#2678 = LINE ( 'NONE', #8748, #9571 ) ;
#2679 = ADVANCED_FACE ( 'NONE', ( #972 ), #2448, .F. ) ;
#2680 = VECTOR ( 'NONE', #2555, 1000.000000000000000 ) ;
#2681 = DIRECTION ( 'NONE',  ( 0.000000000000000000, 0.000000000000000000, 1.000000000000000000 ) ) ;
#2682 = ORIENTED_EDGE ( 'NONE', *, *, #2446, .T. ) ;
#2683 = VERTEX_POINT ( 'NONE', #7946 ) ;
#2684 = LINE ( 'NONE', #6713, #6435 ) ;
#2685 = CARTESIAN_POINT ( 'NONE',  ( 0.000000000000000000, 7.500000000000000000, -7.503740226996326257 ) ) ;
#2686 = DIRECTION ( 'NONE',  ( 0.000000000000000000, 0.000000000000000000, -1.000000000000000000 ) ) ;
#2687 = DIRECTION ( 'NONE',  ( -0.7071067811865452413, 0.000000000000000000, -0.7071067811865497932 ) ) ;
#2688 = EDGE_CURVE ( 'NONE', #8912, #4226, #208, .T. ) ;
#2689 = VECTOR ( 'NONE', #3307, 1000.000000000000000 ) ;
#2690 = ORIENTED_EDGE ( 'NONE', *, *, #4016, .T. ) ;
#2691 = VECTOR ( 'NONE', #3602, 1000.000000000000000 ) ;
#2692 = CARTESIAN_POINT ( 'NONE',  ( -17.44999999999999929, 10.80000000000000071, 9.549999999999611688 ) ) ;
#2693 = ORIENTED_EDGE ( 'NONE', *, *, #2291, .T. ) ;
#2694 = LINE ( 'NONE', #1940, #3313 ) ;
#2695 = CARTESIAN_POINT ( 'NONE',  ( 54.51589529291317149, 14.51721864012731977, 26.48410470708643416 ) ) ;
#2696 = EDGE_CURVE ( 'NONE', #634, #9010, #9583, .T. ) ;
#2697 = CARTESIAN_POINT ( 'NONE',  ( -20.37499999999999645, 10.80000000000000426, -33.62500000000000711 ) ) ;
#2698 = DIRECTION ( 'NONE',  ( -0.2386847610229712591, 0.8323926831162089535, -0.5001519828512186461 ) ) ;
#2699 = LINE ( 'NONE', #6517, #8658 ) ;
#2700 = ORIENTED_EDGE ( 'NONE', *, *, #8618, .F. ) ;
#2701 = FACE_OUTER_BOUND ( 'NONE', #2275, .T. ) ;
#2702 = VECTOR ( 'NONE', #7533, 1000.000000000000114 ) ;
#2703 = DIRECTION ( 'NONE',  ( 0.9612616959383174509, -0.2756373558170042704, 0.000000000000000000 ) ) ;
#2704 = FACE_OUTER_BOUND ( 'NONE', #3882, .T. ) ;
#2705 = ORIENTED_EDGE ( 'NONE', *, *, #9547, .F. ) ;
#2706 = CARTESIAN_POINT ( 'NONE',  ( -20.37499999999999645, 10.80000000000000426, 33.62499999999999289 ) ) ;
#2707 = CARTESIAN_POINT ( 'NONE',  ( -20.37499999999999645, 10.80000000000000426, -27.55000000000038796 ) ) ;
#2708 = VECTOR ( 'NONE', #1670, 1000.000000000000114 ) ;
#2709 = EDGE_CURVE ( 'NONE', #3054, #6721, #7173, .T. ) ;
#2710 = LINE ( 'NONE', #5625, #9522 ) ;
#2711 = EDGE_LOOP ( 'NONE', ( #9544, #3904, #6002, #8426 ) ) ;
#2712 = DIRECTION ( 'NONE',  ( -0.4999999999999978906, -0.7071067811865504593, 0.4999999999999978906 ) ) ;
#2713 = ORIENTED_EDGE ( 'NONE', *, *, #6567, .T. ) ;
#2714 = ORIENTED_EDGE ( 'NONE', *, *, #526, .F. ) ;
#2715 = DIRECTION ( 'NONE',  ( -0.000000000000000000, 0.000000000000000000, 1.000000000000000000 ) ) ;
#2716 = VERTEX_POINT ( 'NONE', #8856 ) ;
#2717 = VECTOR ( 'NONE', #795, 1000.000000000000114 ) ;
#2718 = AXIS2_PLACEMENT_3D ( 'NONE', #1827, #393, #199 ) ;
#2719 = LINE ( 'NONE', #542, #6602 ) ;
#2720 = CARTESIAN_POINT ( 'NONE',  ( 51.62500000000000000, 7.500000000000000000, -16.50374022699631382 ) ) ;
#2721 = ADVANCED_FACE ( 'NONE', ( #4028 ), #3297, .T. ) ;
#2722 = CARTESIAN_POINT ( 'NONE',  ( 18.54999999999999716, 10.80000000000000071, -18.55000000000037730 ) ) ;
#2723 = VECTOR ( 'NONE', #977, 1000.000000000000114 ) ;
#2724 = VECTOR ( 'NONE', #9366, 1000.000000000000000 ) ;
#2725 = CARTESIAN_POINT ( 'NONE',  ( -19.49625977300406632, 7.500000000000000000, 0.000000000000000000 ) ) ;
#2726 = ORIENTED_EDGE ( 'NONE', *, *, #6750, .T. ) ;
#2727 = ORIENTED_EDGE ( 'NONE', *, *, #2568, .T. ) ;
#2728 = ORIENTED_EDGE ( 'NONE', *, *, #4379, .T. ) ;
#2729 = DIRECTION ( 'NONE',  ( 0.9612616959383175619, -0.2756373558170040483, 0.000000000000000000 ) ) ;
#2730 = FACE_OUTER_BOUND ( 'NONE', #8680, .T. ) ;
#2731 = AXIS2_PLACEMENT_3D ( 'NONE', #8159, #6785, #2758 ) ;
#2732 = LINE ( 'NONE', #5643, #616 ) ;
#2733 = ORIENTED_EDGE ( 'NONE', *, *, #7261, .F. ) ;
#2734 = DIRECTION ( 'NONE',  ( 1.000000000000000000, 0.000000000000000000, 0.000000000000000000 ) ) ;
#2735 = ADVANCED_FACE ( 'NONE', ( #4931 ), #7268, .F. ) ;
#2736 = ADVANCED_FACE ( 'NONE', ( #2594 ), #8759, .F. ) ;
#2737 = PLANE ( 'NONE',  #1669 ) ;
#2738 = VECTOR ( 'NONE', #5994, 1000.000000000000227 ) ;
#2739 = DIRECTION ( 'NONE',  ( 0.7071067811865474617, 0.000000000000000000, -0.7071067811865474617 ) ) ;
#2740 = CARTESIAN_POINT ( 'NONE',  ( 61.43449314192414334, 7.500000000000000000, -33.36342533005872468 ) ) ;
#2741 = ORIENTED_EDGE ( 'NONE', *, *, #9894, .T. ) ;
#2742 = EDGE_LOOP ( 'NONE', ( #9550, #4615, #2559, #3575 ) ) ;
#2743 = CARTESIAN_POINT ( 'NONE',  ( 20.37499999999998934, 10.53731005528969789, 33.62500000000000000 ) ) ;
#2744 = ORIENTED_EDGE ( 'NONE', *, *, #8135, .F. ) ;
#2745 = CARTESIAN_POINT ( 'NONE',  ( 9.550000000000002487, 10.80000000000000071, -33.62500000000000000 ) ) ;
#2746 = FACE_OUTER_BOUND ( 'NONE', #3275, .T. ) ;
#2747 = ADVANCED_FACE ( 'NONE', ( #1836 ), #4789, .F. ) ;
#2748 = CARTESIAN_POINT ( 'NONE',  ( -15.62500000000000711, 7.500000000000000000, -19.49625977300445356 ) ) ;
#2749 = EDGE_CURVE ( 'NONE', #9412, #8110, #6322, .T. ) ;
#2750 = PLANE ( 'NONE',  #1818 ) ;
#2751 = LINE ( 'NONE', #5858, #1505 ) ;
#2752 = ORIENTED_EDGE ( 'NONE', *, *, #3218, .F. ) ;
#2753 = ORIENTED_EDGE ( 'NONE', *, *, #2326, .F. ) ;
#2754 = PLANE ( 'NONE',  #1320 ) ;
#2755 = CARTESIAN_POINT ( 'NONE',  ( 53.44999999999999574, 7.500000000000007105, -35.45000000000003126 ) ) ;
#2756 = ADVANCED_FACE ( 'NONE', ( #4883 ), #159, .F. ) ;
#2757 = CARTESIAN_POINT ( 'NONE',  ( -16.80943399447264852, 8.566080860090416138, -1.190566005527732951 ) ) ;
#2758 = DIRECTION ( 'NONE',  ( -1.000000000000000000, 0.000000000000000000, 0.000000000000000000 ) ) ;
#2759 = ORIENTED_EDGE ( 'NONE', *, *, #1639, .T. ) ;
#2760 = CARTESIAN_POINT ( 'NONE',  ( 17.44999999999999929, 86.52417351671579127, -35.45000000000003126 ) ) ;
#2761 = DIRECTION ( 'NONE',  ( 1.000000000000000000, 0.000000000000000000, 0.000000000000000000 ) ) ;
#2762 = DIRECTION ( 'NONE',  ( 1.000000000000000000, 0.000000000000000000, -0.000000000000000000 ) ) ;
#2763 = EDGE_CURVE ( 'NONE', #785, #8928, #7127, .T. ) ;
#2764 = ORIENTED_EDGE ( 'NONE', *, *, #6026, .F. ) ;
#2765 = FACE_OUTER_BOUND ( 'NONE', #9033, .T. ) ;
#2766 = EDGE_LOOP ( 'NONE', ( #5866, #6536, #2936, #4465, #5461, #3058, #179, #6543, #1430, #8935, #7467, #5510, #7050, #1186, #5030, #8221 ) ) ;
#2767 = ORIENTED_EDGE ( 'NONE', *, *, #5029, .T. ) ;
#2768 = DIRECTION ( 'NONE',  ( 0.000000000000000000, -0.9612616959383174509, -0.2756373558170039373 ) ) ;
#2769 = EDGE_LOOP ( 'NONE', ( #1485, #1617, #4113, #9629 ) ) ;
#2770 = VECTOR ( 'NONE', #1740, 1000.000000000000114 ) ;
#2771 = EDGE_CURVE ( 'NONE', #7534, #1642, #8037, .T. ) ;
#2772 = CARTESIAN_POINT ( 'NONE',  ( 15.33839134370869672, 3.435945472310297788, -15.33839134370907686 ) ) ;
#2773 = CARTESIAN_POINT ( 'NONE',  ( -58.99999999999998579, 10.49999999999999822, 8.000000000000000000 ) ) ;
#2774 = DIRECTION ( 'NONE',  ( 1.000000000000000000, 0.000000000000000000, -0.000000000000000000 ) ) ;
#2775 = VECTOR ( 'NONE', #3822, 1000.000000000000114 ) ;
#2776 = DIRECTION ( 'NONE',  ( -0.4856429311786325531, 0.8741572761215374854, 0.000000000000000000 ) ) ;
#2777 = DIRECTION ( 'NONE',  ( 0.000000000000000000, -0.2756373558170042704, 0.9612616959383174509 ) ) ;
#2778 = ORIENTED_EDGE ( 'NONE', *, *, #1731, .F. ) ;
#2779 = ORIENTED_EDGE ( 'NONE', *, *, #4002, .T. ) ;
#2780 = ORIENTED_EDGE ( 'NONE', *, *, #963, .T. ) ;
#2781 = DIRECTION ( 'NONE',  ( 0.000000000000000000, 0.000000000000000000, 1.000000000000000000 ) ) ;
#2782 = VECTOR ( 'NONE', #9473, 1000.000000000000114 ) ;
#2783 = EDGE_CURVE ( 'NONE', #5305, #6691, #256, .T. ) ;
#2784 = AXIS2_PLACEMENT_3D ( 'NONE', #4686, #5600, #1785 ) ;
#2785 = ADVANCED_FACE ( 'NONE', ( #5655 ), #5747, .F. ) ;
#2786 = CARTESIAN_POINT ( 'NONE',  ( -52.80943399447264852, 8.566080860090419691, 19.19056600552696068 ) ) ;
#2787 = DIRECTION ( 'NONE',  ( -1.000000000000000000, -4.479964619998411121E-16, -1.284609183147281506E-16 ) ) ;
#2788 = ORIENTED_EDGE ( 'NONE', *, *, #3543, .F. ) ;
#2789 = ADVANCED_FACE ( 'NONE', ( #4119 ), #3347, .T. ) ;
#2790 = VECTOR ( 'NONE', #7256, 1000.000000000000000 ) ;
#2791 = VECTOR ( 'NONE', #1681, 1000.000000000000114 ) ;
#2792 = CARTESIAN_POINT ( 'NONE',  ( -51.62500000000001421, 7.500000000000000000, -1.496259773004444904 ) ) ;
#2793 = CARTESIAN_POINT ( 'NONE',  ( 36.54999999999999716, 10.80000000000000071, 35.44999999999961204 ) ) ;
#2794 = LINE ( 'NONE', #509, #4740 ) ;
#2795 = CARTESIAN_POINT ( 'NONE',  ( 0.000000000000000000, 7.500000000000000000, -10.49625977300446067 ) ) ;
#2796 = VECTOR ( 'NONE', #9399, 1000.000000000000114 ) ;
#2797 = EDGE_CURVE ( 'NONE', #5631, #2475, #4273, .T. ) ;
#2798 = ORIENTED_EDGE ( 'NONE', *, *, #4690, .T. ) ;
#2799 = EDGE_CURVE ( 'NONE', #4637, #4140, #4324, .T. ) ;
#2800 = DIRECTION ( 'NONE',  ( -1.000000000000000000, 0.000000000000000000, 0.000000000000000000 ) ) ;
#2801 = VERTEX_POINT ( 'NONE', #9781 ) ;
#2802 = CARTESIAN_POINT ( 'NONE',  ( 55.00000000000000000, 0.000000000000000000, -41.00000000000000000 ) ) ;
#2803 = PLANE ( 'NONE',  #2898 ) ;
#2804 = CARTESIAN_POINT ( 'NONE',  ( -35.44999999999999574, 10.80000000000000071, -35.45000000000039364 ) ) ;
#2805 = CARTESIAN_POINT ( 'NONE',  ( 51.62500000000000000, 10.80000000000000071, 0.000000000000000000 ) ) ;
#2806 = PLANE ( 'NONE',  #3604 ) ;
#2807 = ORIENTED_EDGE ( 'NONE', *, *, #9337, .F. ) ;
#2808 = ORIENTED_EDGE ( 'NONE', *, *, #4163, .F. ) ;
#2809 = DIRECTION ( 'NONE',  ( -0.000000000000000000, 0.9612616959383174509, 0.2756373558170042704 ) ) ;
#2810 = LINE ( 'NONE', #7441, #502 ) ;
#2811 = DIRECTION ( 'NONE',  ( -0.2756373558170042704, -0.9612616959383174509, 0.000000000000000000 ) ) ;
#2812 = ORIENTED_EDGE ( 'NONE', *, *, #4723, .T. ) ;
#2813 = CARTESIAN_POINT ( 'NONE',  ( 0.000000000000000000, 10.80000000000000071, -33.62500000000000000 ) ) ;
#2814 = ORIENTED_EDGE ( 'NONE', *, *, #9589, .T. ) ;
#2815 = CARTESIAN_POINT ( 'NONE',  ( 15.62500000000000000, 10.80000000000000426, 18.54999999999960991 ) ) ;
#2816 = DIRECTION ( 'NONE',  ( 0.000000000000000000, -0.2756373558170042704, 0.9612616959383174509 ) ) ;
#2817 = CARTESIAN_POINT ( 'NONE',  ( 52.80943399447263431, 8.566080860090414362, 0.000000000000000000 ) ) ;
#2818 = ORIENTED_EDGE ( 'NONE', *, *, #2108, .F. ) ;
#2819 = DIRECTION ( 'NONE',  ( 0.2657276780299913099, 0.9267025424900799946, 0.2657276780299913099 ) ) ;
#2820 = ORIENTED_EDGE ( 'NONE', *, *, #8560, .T. ) ;
#2821 = ORIENTED_EDGE ( 'NONE', *, *, #716, .F. ) ;
#2822 = DIRECTION ( 'NONE',  ( -0.000000000000000000, 0.000000000000000000, 1.000000000000000000 ) ) ;
#2823 = ORIENTED_EDGE ( 'NONE', *, *, #9513, .T. ) ;
#2824 = ORIENTED_EDGE ( 'NONE', *, *, #9157, .F. ) ;
#2825 = PLANE ( 'NONE',  #3193 ) ;
#2826 = CARTESIAN_POINT ( 'NONE',  ( 51.62500000000000000, 7.500000000000000000, -19.49625977300445356 ) ) ;
#2827 = DIRECTION ( 'NONE',  ( 0.1378445374916336952, 0.9808148484639876985, 0.1378445374916336952 ) ) ;
#2828 = CARTESIAN_POINT ( 'NONE',  ( -48.79638818434513325, -5.429073061943231693, 3.796388184344751782 ) ) ;
#2829 = DIRECTION ( 'NONE',  ( -0.2386847610229712591, 0.8323926831162089535, -0.5001519828512186461 ) ) ;
#2830 = EDGE_CURVE ( 'NONE', #7128, #1349, #1115, .T. ) ;
#2831 = VERTEX_POINT ( 'NONE', #5847 ) ;
#2832 = VERTEX_POINT ( 'NONE', #9069 ) ;
#2833 = ORIENTED_EDGE ( 'NONE', *, *, #2783, .T. ) ;
#2834 = VECTOR ( 'NONE', #9632, 1000.000000000000114 ) ;
#2835 = FACE_OUTER_BOUND ( 'NONE', #3616, .T. ) ;
#2836 = FACE_OUTER_BOUND ( 'NONE', #427, .T. ) ;
#2837 = DIRECTION ( 'NONE',  ( -1.000000000000000000, -0.000000000000000000, -0.000000000000000000 ) ) ;
#2838 = ORIENTED_EDGE ( 'NONE', *, *, #9157, .T. ) ;
#2839 = VECTOR ( 'NONE', #7406, 1000.000000000000000 ) ;
#2840 = ADVANCED_FACE ( 'NONE', ( #2096 ), #5140, .F. ) ;
#2841 = VERTEX_POINT ( 'NONE', #3656 ) ;
#2842 = DIRECTION ( 'NONE',  ( 0.000000000000000000, -0.9612616959383180060, -0.2756373558170023830 ) ) ;
#2843 = CARTESIAN_POINT ( 'NONE',  ( 9.625325129530914126, 10.53731005528965881, 33.62500000000000000 ) ) ;
#2844 = CARTESIAN_POINT ( 'NONE',  ( 53.44999999999999574, 10.80000000000000071, 26.44999999999961204 ) ) ;
#2845 = AXIS2_PLACEMENT_3D ( 'NONE', #7606, #5213, #585 ) ;
#2846 = CARTESIAN_POINT ( 'NONE',  ( 0.000000000000000000, 10.80000000000000071, 33.62499999999999289 ) ) ;
#2847 = VERTEX_POINT ( 'NONE', #8962 ) ;
#2848 = DIRECTION ( 'NONE',  ( 0.000000000000000000, -1.628809415300402958E-16, -1.000000000000000000 ) ) ;
#2849 = ORIENTED_EDGE ( 'NONE', *, *, #5230, .F. ) ;
#2850 = CARTESIAN_POINT ( 'NONE',  ( 15.62500000000000000, 10.80000000000000071, 0.000000000000000000 ) ) ;
#2851 = VECTOR ( 'NONE', #8524, 1000.000000000000000 ) ;
#2852 = ADVANCED_FACE ( 'NONE', ( #8250 ), #8094, .F. ) ;
#2853 = DIRECTION ( 'NONE',  ( 0.2657276780299913099, -0.9267025424900799946, 0.2657276780299913099 ) ) ;
#2854 = LINE ( 'NONE', #5042, #9965 ) ;
#2855 = LINE ( 'NONE', #5911, #2314 ) ;
#2856 = EDGE_LOOP ( 'NONE', ( #6391, #1614, #6238, #7286 ) ) ;
#2857 = ORIENTED_EDGE ( 'NONE', *, *, #2986, .T. ) ;
#2858 = CARTESIAN_POINT ( 'NONE',  ( 10.49625977300407165, 7.500000000000000000, 33.62500000000000000 ) ) ;
#2859 = VECTOR ( 'NONE', #2008, 1000.000000000000000 ) ;
#2860 = CARTESIAN_POINT ( 'NONE',  ( -38.73571359999213115, 22.25864506693678280, -26.58211138907232041 ) ) ;
#2861 = VECTOR ( 'NONE', #8502, 1000.000000000000000 ) ;
#2862 = FACE_OUTER_BOUND ( 'NONE', #1490, .T. ) ;
#2863 = ORIENTED_EDGE ( 'NONE', *, *, #6095, .F. ) ;
#2864 = CARTESIAN_POINT ( 'NONE',  ( 15.62500000000000000, 10.53731005528966236, 33.62500000000000000 ) ) ;
#2865 = ORIENTED_EDGE ( 'NONE', *, *, #357, .F. ) ;
#2866 = DIRECTION ( 'NONE',  ( 1.000000000000000000, 0.000000000000000000, -0.000000000000000000 ) ) ;
#2867 = PLANE ( 'NONE',  #5001 ) ;
#2868 = PLANE ( 'NONE',  #2038 ) ;
#2869 = ORIENTED_EDGE ( 'NONE', *, *, #5962, .T. ) ;
#2870 = AXIS2_PLACEMENT_3D ( 'NONE', #563, #9676, #1323 ) ;
#2871 = DIRECTION ( 'NONE',  ( 0.2756373558170042704, -0.9612616959383174509, 0.000000000000000000 ) ) ;
#2872 = ORIENTED_EDGE ( 'NONE', *, *, #8199, .T. ) ;
#2873 = EDGE_LOOP ( 'NONE', ( #5447, #2258, #9043, #2318, #6126, #6194, #4313, #8883, #4052, #1255, #5010, #1545, #2468, #1468, #8785, #7639 ) ) ;
#2874 = ADVANCED_FACE ( 'NONE', ( #2039 ), #7316, .F. ) ;
#2875 = LINE ( 'NONE', #9757, #6695 ) ;
#2876 = EDGE_LOOP ( 'NONE', ( #787, #2097, #8613, #7913 ) ) ;
#2877 = PLANE ( 'NONE',  #3857 ) ;
#2878 = AXIS2_PLACEMENT_3D ( 'NONE', #3908, #3134, #6250 ) ;
#2879 = FACE_OUTER_BOUND ( 'NONE', #6939, .T. ) ;
#2880 = LINE ( 'NONE', #6696, #615 ) ;
#2881 = CARTESIAN_POINT ( 'NONE',  ( -20.37499999999999645, 10.80000000000000071, 0.000000000000000000 ) ) ;
#2882 = LINE ( 'NONE', #9820, #271 ) ;
#2883 = ORIENTED_EDGE ( 'NONE', *, *, #94, .F. ) ;
#2884 = EDGE_LOOP ( 'NONE', ( #9029, #156, #4053, #3693 ) ) ;
#2885 = VERTEX_POINT ( 'NONE', #5798 ) ;
#2886 = ORIENTED_EDGE ( 'NONE', *, *, #4737, .F. ) ;
#2887 = VECTOR ( 'NONE', #5918, 1000.000000000000114 ) ;
#2888 = DIRECTION ( 'NONE',  ( 0.000000000000000000, 0.000000000000000000, -1.000000000000000000 ) ) ;
#2889 = FACE_OUTER_BOUND ( 'NONE', #2769, .T. ) ;
#2890 = EDGE_CURVE ( 'NONE', #5706, #9533, #3445, .T. ) ;
#2891 = CARTESIAN_POINT ( 'NONE',  ( -20.37499999999999645, 10.53731005528968723, -33.62500000000000711 ) ) ;
#2892 = ORIENTED_EDGE ( 'NONE', *, *, #7582, .T. ) ;
#2893 = VECTOR ( 'NONE', #8162, 1000.000000000000000 ) ;
#2894 = VECTOR ( 'NONE', #2787, 1000.000000000000000 ) ;
#2895 = DIRECTION ( 'NONE',  ( -1.000000000000000000, 0.000000000000000000, -3.976443497941104043E-16 ) ) ;
#2896 = DIRECTION ( 'NONE',  ( -1.000000000000000000, 0.000000000000000000, 0.000000000000000000 ) ) ;
#2897 = DIRECTION ( 'NONE',  ( -0.000000000000000000, 0.000000000000000000, 1.000000000000000000 ) ) ;
#2898 = AXIS2_PLACEMENT_3D ( 'NONE', #1990, #5197, #8201 ) ;
#2899 = VECTOR ( 'NONE', #8567, 1000.000000000000000 ) ;
#2900 = CARTESIAN_POINT ( 'NONE',  ( -20.37499999999999645, 10.53731005528968545, -26.37467487046947312 ) ) ;
#2901 = ADVANCED_FACE ( 'NONE', ( #402 ), #5083, .F. ) ;
#2902 = VERTEX_POINT ( 'NONE', #3554 ) ;
#2903 = CARTESIAN_POINT ( 'NONE',  ( 0.000000000000000000, 7.500000000000000000, -28.49625977300445356 ) ) ;
#2904 = VERTEX_POINT ( 'NONE', #2900 ) ;
#2905 = VECTOR ( 'NONE', #862, 1000.000000000000114 ) ;
#2906 = CARTESIAN_POINT ( 'NONE',  ( -17.44999999999999929, 10.80000000000000071, 27.54999999999960991 ) ) ;
#2907 = DIRECTION ( 'NONE',  ( -1.000000000000000000, -0.000000000000000000, -0.000000000000000000 ) ) ;
#2908 = DIRECTION ( 'NONE',  ( -0.5001519828512186461, -0.8323926831162090645, -0.2386847610229710648 ) ) ;
#2909 = ORIENTED_EDGE ( 'NONE', *, *, #8836, .T. ) ;
#2910 = ORIENTED_EDGE ( 'NONE', *, *, #2602, .T. ) ;
#2911 = DIRECTION ( 'NONE',  ( -0.9612616959383174509, -0.2756373558170042704, 0.000000000000000000 ) ) ;
#2912 = LINE ( 'NONE', #2860, #9772 ) ;
#2913 = EDGE_CURVE ( 'NONE', #9305, #376, #3498, .T. ) ;
#2914 = EDGE_CURVE ( 'NONE', #5562, #7302, #6659, .T. ) ;
#2915 = DIRECTION ( 'NONE',  ( 0.5001519828512185351, 0.8323926831162089535, -0.2386847610229712591 ) ) ;
#2916 = ORIENTED_EDGE ( 'NONE', *, *, #7745, .F. ) ;
#2917 = DIRECTION ( 'NONE',  ( -0.7071067811865452413, -0.000000000000000000, -0.7071067811865497932 ) ) ;
#2918 = EDGE_LOOP ( 'NONE', ( #7836, #2973, #9018, #4716 ) ) ;
#2919 = ADVANCED_FACE ( 'NONE', ( #8138 ), #6016, .F. ) ;
#2920 = CARTESIAN_POINT ( 'NONE',  ( -15.62500000000000711, 10.53731005528969789, 33.62500000000000000 ) ) ;
#2921 = CARTESIAN_POINT ( 'NONE',  ( -45.54999999999999005, 10.80000000000000071, 35.44999999999961204 ) ) ;
#2922 = LINE ( 'NONE', #423, #7224 ) ;
#2923 = EDGE_LOOP ( 'NONE', ( #1635, #4224, #7123, #3375 ) ) ;
#2924 = CARTESIAN_POINT ( 'NONE',  ( -18.11960549692771849, 12.30096400656391431, 18.11960549692732769 ) ) ;
#2925 = VERTEX_POINT ( 'NONE', #2740 ) ;
#2926 = VERTEX_POINT ( 'NONE', #7425 ) ;
#2927 = CARTESIAN_POINT ( 'NONE',  ( -19.19056600552735858, 8.566080860090414362, -16.80943399447302511 ) ) ;
#2928 = DIRECTION ( 'NONE',  ( -0.2657276780299913099, -0.9267025424900799946, 0.2657276780299913099 ) ) ;
#2929 = FACE_OUTER_BOUND ( 'NONE', #1945, .T. ) ;
#2930 = EDGE_CURVE ( 'NONE', #6851, #8975, #1214, .T. ) ;
#2931 = DIRECTION ( 'NONE',  ( 0.000000000000000000, -0.9612616959383174509, -0.2756373558170042704 ) ) ;
#2932 = CARTESIAN_POINT ( 'NONE',  ( 51.62500000000000000, 10.53731005528968723, -33.62500000000000000 ) ) ;
#2933 = DIRECTION ( 'NONE',  ( -1.000000000000000000, -0.000000000000000000, -0.000000000000000000 ) ) ;
#2934 = ORIENTED_EDGE ( 'NONE', *, *, #5627, .F. ) ;
#2935 = VERTEX_POINT ( 'NONE', #7481 ) ;
#2936 = ORIENTED_EDGE ( 'NONE', *, *, #9001, .F. ) ;
#2937 = ORIENTED_EDGE ( 'NONE', *, *, #5546, .F. ) ;
#2938 = CARTESIAN_POINT ( 'NONE',  ( 20.37499999999998934, 10.80000000000000426, -33.62500000000000000 ) ) ;
#2939 = LINE ( 'NONE', #6055, #2025 ) ;
#2940 = LINE ( 'NONE', #6058, #9247 ) ;
#2941 = AXIS2_PLACEMENT_3D ( 'NONE', #8616, #9335, #7695 ) ;
#2942 = ADVANCED_FACE ( 'NONE', ( #8302 ), #510, .F. ) ;
#2943 = DIRECTION ( 'NONE',  ( 0.000000000000000000, -0.2756373558170040483, 0.9612616959383175619 ) ) ;
#2944 = VECTOR ( 'NONE', #4803, 1000.000000000000114 ) ;
#2945 = EDGE_CURVE ( 'NONE', #4032, #9099, #7686, .T. ) ;
#2946 = LINE ( 'NONE', #4625, #6684 ) ;
#2947 = PLANE ( 'NONE',  #5143 ) ;
#2948 = EDGE_LOOP ( 'NONE', ( #9876, #3248, #8608, #7733 ) ) ;
#2949 = EDGE_CURVE ( 'NONE', #9846, #5323, #665, .T. ) ;
#2950 = VECTOR ( 'NONE', #7844, 1000.000000000000114 ) ;
#2951 = FACE_OUTER_BOUND ( 'NONE', #1198, .T. ) ;
#2952 = ORIENTED_EDGE ( 'NONE', *, *, #4870, .T. ) ;
#2953 = VECTOR ( 'NONE', #7792, 1000.000000000000000 ) ;
#2954 = CARTESIAN_POINT ( 'NONE',  ( 0.5499999999999949374, 10.80000000000000071, 35.44999999999961204 ) ) ;
#2955 = DIRECTION ( 'NONE',  ( 0.5001519828512186461, 0.8323926831162090645, -0.2386847610229710648 ) ) ;
#2956 = EDGE_CURVE ( 'NONE', #8859, #5384, #1428, .T. ) ;
#2957 = FACE_OUTER_BOUND ( 'NONE', #7674, .T. ) ;
#2958 = VERTEX_POINT ( 'NONE', #1371 ) ;
#2959 = ORIENTED_EDGE ( 'NONE', *, *, #4384, .T. ) ;
#2960 = PLANE ( 'NONE',  #7979 ) ;
#2961 = VECTOR ( 'NONE', #2426, 1000.000000000000114 ) ;
#2962 = CARTESIAN_POINT ( 'NONE',  ( 0.000000000000000000, 7.500000000000000000, -25.50374022699630672 ) ) ;
#2963 = ORIENTED_EDGE ( 'NONE', *, *, #5841, .T. ) ;
#2964 = LINE ( 'NONE', #823, #5662 ) ;
#2965 = ORIENTED_EDGE ( 'NONE', *, *, #6977, .T. ) ;
#2966 = CARTESIAN_POINT ( 'NONE',  ( -40.07937528197220445, 29.75245638442229534, 22.11547058297133361 ) ) ;
#2967 = DIRECTION ( 'NONE',  ( 0.2657276780299913099, 0.9267025424900799946, 0.2657276780299913099 ) ) ;
#2968 = DIRECTION ( 'NONE',  ( -1.000000000000000000, 0.000000000000000000, 1.988221748970552022E-16 ) ) ;
#2969 = ORIENTED_EDGE ( 'NONE', *, *, #4535, .T. ) ;
#2970 = EDGE_CURVE ( 'NONE', #3557, #10038, #614, .T. ) ;
#2971 = PLANE ( 'NONE',  #6279 ) ;
#2972 = ORIENTED_EDGE ( 'NONE', *, *, #2156, .F. ) ;
#2973 = ORIENTED_EDGE ( 'NONE', *, *, #5734, .T. ) ;
#2974 = EDGE_CURVE ( 'NONE', #631, #7291, #1526, .T. ) ;
#2975 = DIRECTION ( 'NONE',  ( 0.000000000000000000, -0.2756373558170042704, 0.9612616959383174509 ) ) ;
#2976 = EDGE_LOOP ( 'NONE', ( #3701, #9793, #1615, #3242 ) ) ;
#2977 = DIRECTION ( 'NONE',  ( 0.000000000000000000, 0.000000000000000000, -1.000000000000000000 ) ) ;
#2978 = LINE ( 'NONE', #6093, #3053 ) ;
#2979 = LINE ( 'NONE', #5937, #7631 ) ;
#2980 = LINE ( 'NONE', #4411, #10015 ) ;
#2981 = LINE ( 'NONE', #10073, #6769 ) ;
#2982 = EDGE_CURVE ( 'NONE', #4366, #10038, #6818, .T. ) ;
#2983 = ORIENTED_EDGE ( 'NONE', *, *, #6500, .T. ) ;
#2984 = ORIENTED_EDGE ( 'NONE', *, *, #6440, .T. ) ;
#2985 = ORIENTED_EDGE ( 'NONE', *, *, #2783, .F. ) ;
#2986 = EDGE_CURVE ( 'NONE', #6388, #4319, #6113, .T. ) ;
#2987 = CARTESIAN_POINT ( 'NONE',  ( -53.44999999999999574, 10.80000000000000071, 9.549999999999611688 ) ) ;
#2988 = EDGE_CURVE ( 'NONE', #5376, #6149, #9172, .T. ) ;
#2989 = DIRECTION ( 'NONE',  ( 0.000000000000000000, 0.000000000000000000, 1.000000000000000000 ) ) ;
#2990 = CARTESIAN_POINT ( 'NONE',  ( -17.48410470708676456, 14.51721864012751162, -26.48410470708715536 ) ) ;
#2991 = EDGE_CURVE ( 'NONE', #1954, #3799, #714, .T. ) ;
#2992 = DIRECTION ( 'NONE',  ( -1.000000000000000000, 0.000000000000000000, 0.000000000000000000 ) ) ;
#2993 = VECTOR ( 'NONE', #7163, 1000.000000000000000 ) ;
#2994 = PLANE ( 'NONE',  #5134 ) ;
#2995 = EDGE_CURVE ( 'NONE', #6822, #6899, #7584, .T. ) ;
#2996 = DIRECTION ( 'NONE',  ( 0.000000000000000000, 0.000000000000000000, -1.000000000000000000 ) ) ;
#2997 = DIRECTION ( 'NONE',  ( 1.000000000000000000, 0.000000000000000000, 0.000000000000000000 ) ) ;
#2998 = VECTOR ( 'NONE', #4329, 1000.000000000000000 ) ;
#2999 = ORIENTED_EDGE ( 'NONE', *, *, #777, .F. ) ;
#3000 = DIRECTION ( 'NONE',  ( 0.000000000000000000, -0.9612616959383180060, 0.2756373558170021054 ) ) ;
#3001 = ORIENTED_EDGE ( 'NONE', *, *, #4723, .F. ) ;
#3002 = LINE ( 'NONE', #2342, #7730 ) ;
#3003 = FACE_OUTER_BOUND ( 'NONE', #4533, .T. ) ;
#3004 = VECTOR ( 'NONE', #5995, 1000.000000000000000 ) ;
#3005 = ORIENTED_EDGE ( 'NONE', *, *, #383, .F. ) ;
#3006 = ORIENTED_EDGE ( 'NONE', *, *, #9500, .F. ) ;
#3007 = EDGE_CURVE ( 'NONE', #7239, #10003, #6912, .T. ) ;
#3008 = CARTESIAN_POINT ( 'NONE',  ( 52.80943399447264142, 8.566080860090405480, 28.19056600552696779 ) ) ;
#3009 = CARTESIAN_POINT ( 'NONE',  ( -20.37499999999999645, 10.80000000000000426, 27.54999999999960991 ) ) ;
#3010 = ORIENTED_EDGE ( 'NONE', *, *, #7640, .T. ) ;
#3011 = ADVANCED_FACE ( 'NONE', ( #4577 ), #2947, .F. ) ;
#3012 = VECTOR ( 'NONE', #2148, 1000.000000000000000 ) ;
#3013 = DIRECTION ( 'NONE',  ( 0.000000000000000000, 0.8571673007021116675, 0.5150380749100552658 ) ) ;
#3014 = ORIENTED_EDGE ( 'NONE', *, *, #3311, .F. ) ;
#3015 = DIRECTION ( 'NONE',  ( 0.000000000000000000, 0.000000000000000000, -1.000000000000000000 ) ) ;
#3016 = CARTESIAN_POINT ( 'NONE',  ( -16.50374022699593013, 7.500000000000000000, 0.000000000000000000 ) ) ;
#3017 = DIRECTION ( 'NONE',  ( 0.2657276780299913099, -0.9267025424900799946, 0.2657276780299913099 ) ) ;
#3018 = ORIENTED_EDGE ( 'NONE', *, *, #7572, .F. ) ;
#3019 = CARTESIAN_POINT ( 'NONE',  ( 61.43449314192414334, 10.49999999999999822, -33.36342533005872468 ) ) ;
#3020 = VERTEX_POINT ( 'NONE', #3810 ) ;
#3021 = VERTEX_POINT ( 'NONE', #10037 ) ;
#3022 = VECTOR ( 'NONE', #5396, 1000.000000000000114 ) ;
#3023 = PLANE ( 'NONE',  #9616 ) ;
#3024 = CARTESIAN_POINT ( 'NONE',  ( -16.80943399447264497, 8.566080860090417914, -1.272127533929277047E-16 ) ) ;
#3025 = EDGE_CURVE ( 'NONE', #4966, #4849, #6163, .T. ) ;
#3026 = CARTESIAN_POINT ( 'NONE',  ( 26.45000000000000284, 10.80000000000000071, -27.55000000000038796 ) ) ;
#3027 = DIRECTION ( 'NONE',  ( 0.2657276780299911434, 0.9267025424900801056, 0.2657276780299911434 ) ) ;
#3028 = VECTOR ( 'NONE', #3638, 1000.000000000000114 ) ;
#3029 = CARTESIAN_POINT ( 'NONE',  ( 27.54999999999999005, 10.80000000000000426, -33.62500000000000000 ) ) ;
#3030 = DIRECTION ( 'NONE',  ( 0.000000000000000000, 0.000000000000000000, -1.000000000000000000 ) ) ;
#3031 = EDGE_LOOP ( 'NONE', ( #529, #9004, #7612, #10046 ) ) ;
#3032 = ORIENTED_EDGE ( 'NONE', *, *, #3477, .T. ) ;
#3033 = VERTEX_POINT ( 'NONE', #599 ) ;
#3034 = CARTESIAN_POINT ( 'NONE',  ( -53.45000000000000995, 7.500000000000007105, 35.44999999999996732 ) ) ;
#3035 = VECTOR ( 'NONE', #2430, 1000.000000000000000 ) ;
#3036 = CARTESIAN_POINT ( 'NONE',  ( -15.62500000000000711, 10.80000000000000426, 27.54999999999960991 ) ) ;
#3037 = ADVANCED_FACE ( 'NONE', ( #5999 ), #9054, .F. ) ;
#3038 = DIRECTION ( 'NONE',  ( 0.000000000000000000, -0.2756373558170040483, 0.9612616959383175619 ) ) ;
#3039 = LINE ( 'NONE', #8200, #4135 ) ;
#3040 = AXIS2_PLACEMENT_3D ( 'NONE', #9904, #4728, #2389 ) ;
#3041 = CARTESIAN_POINT ( 'NONE',  ( 0.000000000000000000, 7.500000000000000000, -25.50374022699630672 ) ) ;
#3042 = PLANE ( 'NONE',  #1488 ) ;
#3043 = DIRECTION ( 'NONE',  ( -0.2657276780299913099, -0.9267025424900799946, 0.2657276780299913099 ) ) ;
#3044 = AXIS2_PLACEMENT_3D ( 'NONE', #7464, #4408, #649 ) ;
#3045 = VECTOR ( 'NONE', #6904, 1000.000000000000000 ) ;
#3046 = ORIENTED_EDGE ( 'NONE', *, *, #8489, .T. ) ;
#3047 = LINE ( 'NONE', #6868, #8280 ) ;
#3048 = EDGE_CURVE ( 'NONE', #861, #4548, #1966, .T. ) ;
#3049 = EDGE_CURVE ( 'NONE', #8976, #861, #7407, .T. ) ;
#3050 = CARTESIAN_POINT ( 'NONE',  ( 46.19056600552723069, 8.566080860090821147, 34.80943399447237852 ) ) ;
#3051 = VECTOR ( 'NONE', #3157, 1000.000000000000000 ) ;
#3052 = CARTESIAN_POINT ( 'NONE',  ( -61.00000000000000000, 9.899999999999998579, 8.000000000000000000 ) ) ;
#3053 = VECTOR ( 'NONE', #8581, 1000.000000000000227 ) ;
#3054 = VERTEX_POINT ( 'NONE', #1146 ) ;
#3055 = VERTEX_POINT ( 'NONE', #5178 ) ;
#3056 = FACE_OUTER_BOUND ( 'NONE', #5416, .T. ) ;
#3057 = DIRECTION ( 'NONE',  ( -1.704238669762319663E-16, 0.5150380749100552658, -0.8571673007021116675 ) ) ;
#3058 = ORIENTED_EDGE ( 'NONE', *, *, #8823, .F. ) ;
#3059 = VECTOR ( 'NONE', #6509, 1000.000000000000114 ) ;
#3060 = LINE ( 'NONE', #3931, #6958 ) ;
#3061 = ORIENTED_EDGE ( 'NONE', *, *, #7764, .T. ) ;
#3062 = EDGE_CURVE ( 'NONE', #9490, #6452, #8945, .T. ) ;
#3063 = PLANE ( 'NONE',  #8029 ) ;
#3064 = DIRECTION ( 'NONE',  ( 0.2657276780299911434, 0.9267025424900801056, 0.2657276780299911434 ) ) ;
#3065 = LINE ( 'NONE', #7081, #3174 ) ;
#3066 = ORIENTED_EDGE ( 'NONE', *, *, #31, .F. ) ;
#3067 = DIRECTION ( 'NONE',  ( 0.000000000000000000, -0.2756373558170042704, 0.9612616959383174509 ) ) ;
#3068 = EDGE_LOOP ( 'NONE', ( #7148, #6702, #7867, #1140 ) ) ;
#3069 = ORIENTED_EDGE ( 'NONE', *, *, #141, .T. ) ;
#3070 = PLANE ( 'NONE',  #2138 ) ;
#3071 = VERTEX_POINT ( 'NONE', #6806 ) ;
#3072 = EDGE_CURVE ( 'NONE', #4154, #5741, #546, .T. ) ;
#3073 = DIRECTION ( 'NONE',  ( 0.000000000000000000, -0.9612616959383174509, -0.2756373558170042704 ) ) ;
#3074 = PLANE ( 'NONE',  #3547 ) ;
#3075 = ORIENTED_EDGE ( 'NONE', *, *, #1654, .F. ) ;
#3076 = LINE ( 'NONE', #5430, #6305 ) ;
#3077 = CARTESIAN_POINT ( 'NONE',  ( 10.19056600552723779, 8.566080860090828253, 34.80943399447237141 ) ) ;
#3078 = DIRECTION ( 'NONE',  ( 0.000000000000000000, -0.000000000000000000, 1.000000000000000000 ) ) ;
#3079 = VERTEX_POINT ( 'NONE', #8122 ) ;
#3080 = ORIENTED_EDGE ( 'NONE', *, *, #4791, .T. ) ;
#3081 = LINE ( 'NONE', #9413, #6383 ) ;
#3082 = ORIENTED_EDGE ( 'NONE', *, *, #3713, .T. ) ;
#3083 = ORIENTED_EDGE ( 'NONE', *, *, #3600, .T. ) ;
#3084 = EDGE_CURVE ( 'NONE', #4422, #3770, #7466, .T. ) ;
#3085 = LINE ( 'NONE', #6199, #2135 ) ;
#3086 = FACE_OUTER_BOUND ( 'NONE', #7856, .T. ) ;
#3087 = DIRECTION ( 'NONE',  ( -1.000000000000000000, -0.000000000000000000, -0.000000000000000000 ) ) ;
#3088 = LINE ( 'NONE', #1672, #9843 ) ;
#3089 = CARTESIAN_POINT ( 'NONE',  ( -20.37499999999999645, 10.53731005528968723, -0.6253251295312856062 ) ) ;
#3090 = ADVANCED_FACE ( 'NONE', ( #493 ), #5120, .F. ) ;
#3091 = EDGE_CURVE ( 'NONE', #3291, #2191, #3480, .T. ) ;
#3092 = CARTESIAN_POINT ( 'NONE',  ( 18.54999999999999716, 10.80000000000000071, 17.44999999999961560 ) ) ;
#3093 = VECTOR ( 'NONE', #4103, 1000.000000000000000 ) ;
#3094 = EDGE_CURVE ( 'NONE', #7302, #2214, #8339, .T. ) ;
#3095 = CARTESIAN_POINT ( 'NONE',  ( 0.000000000000000000, 7.500000000000000000, -16.50374022699631382 ) ) ;
#3096 = ORIENTED_EDGE ( 'NONE', *, *, #3390, .T. ) ;
#3097 = DIRECTION ( 'NONE',  ( 0.000000000000000000, 0.000000000000000000, -1.000000000000000000 ) ) ;
#3098 = VECTOR ( 'NONE', #1033, 1000.000000000000000 ) ;
#3099 = DIRECTION ( 'NONE',  ( 0.9612616959383174509, -0.2756373558170042704, 0.000000000000000000 ) ) ;
#3100 = DIRECTION ( 'NONE',  ( 0.000000000000000000, 0.000000000000000000, -1.000000000000000000 ) ) ;
#3101 = VERTEX_POINT ( 'NONE', #6590 ) ;
#3102 = VERTEX_POINT ( 'NONE', #440 ) ;
#3103 = DIRECTION ( 'NONE',  ( 0.000000000000000000, 0.000000000000000000, 1.000000000000000000 ) ) ;
#3104 = CARTESIAN_POINT ( 'NONE',  ( -17.44999999999999929, 10.80000000000000071, 17.44999999999961560 ) ) ;
#3105 = EDGE_CURVE ( 'NONE', #7720, #1308, #8288, .T. ) ;
#3106 = ADVANCED_FACE ( 'NONE', ( #3539 ), #6644, .F. ) ;
#3107 = VECTOR ( 'NONE', #1738, 1000.000000000000114 ) ;
#3108 = VECTOR ( 'NONE', #3357, 1000.000000000000114 ) ;
#3109 = VERTEX_POINT ( 'NONE', #5068 ) ;
#3110 = DIRECTION ( 'NONE',  ( -3.408477339524638833E-16, 0.5150380749100552658, 0.8571673007021116675 ) ) ;
#3111 = ORIENTED_EDGE ( 'NONE', *, *, #7797, .F. ) ;
#3112 = FACE_OUTER_BOUND ( 'NONE', #6247, .T. ) ;
#3113 = DIRECTION ( 'NONE',  ( 0.000000000000000000, 0.000000000000000000, 1.000000000000000000 ) ) ;
#3114 = CARTESIAN_POINT ( 'NONE',  ( 19.19056600552735148, 8.566080860090417914, -1.272127533929277047E-16 ) ) ;
#3115 = ORIENTED_EDGE ( 'NONE', *, *, #9432, .F. ) ;
#3116 = CARTESIAN_POINT ( 'NONE',  ( 47.73571359999212405, 22.25864506693675793, 26.58211138907229198 ) ) ;
#3117 = ORIENTED_EDGE ( 'NONE', *, *, #4839, .T. ) ;
#3118 = VERTEX_POINT ( 'NONE', #8235 ) ;
#3119 = AXIS2_PLACEMENT_3D ( 'NONE', #9359, #8639, #7531 ) ;
#3120 = CARTESIAN_POINT ( 'NONE',  ( -53.44999999999999574, 10.80000000000000071, 17.44999999999961560 ) ) ;
#3121 = EDGE_CURVE ( 'NONE', #6090, #8810, #2882, .T. ) ;
#3122 = PLANE ( 'NONE',  #7596 ) ;
#3123 = CARTESIAN_POINT ( 'NONE',  ( -16.80943399447264497, 8.566080860090426796, 16.80943399447226128 ) ) ;
#3124 = ORIENTED_EDGE ( 'NONE', *, *, #8742, .T. ) ;
#3125 = AXIS2_PLACEMENT_3D ( 'NONE', #1443, #2911, #3103 ) ;
#3126 = CARTESIAN_POINT ( 'NONE',  ( -43.80943399447275510, 8.566080860090814042, 34.80943399447236430 ) ) ;
#3127 = CARTESIAN_POINT ( 'NONE',  ( 9.550000000000002487, 10.80000000000000071, -17.45000000000039009 ) ) ;
#3128 = PLANE ( 'NONE',  #6444 ) ;
#3129 = VERTEX_POINT ( 'NONE', #7518 ) ;
#3130 = ORIENTED_EDGE ( 'NONE', *, *, #8712, .T. ) ;
#3131 = LINE ( 'NONE', #6764, #2961 ) ;
#3132 = ORIENTED_EDGE ( 'NONE', *, *, #8790, .F. ) ;
#3133 = CARTESIAN_POINT ( 'NONE',  ( 55.00000000000000000, 7.500000000000000000, -41.00000000000000000 ) ) ;
#3134 = DIRECTION ( 'NONE',  ( -0.000000000000000000, -0.2756373558170042704, -0.9612616959383174509 ) ) ;
#3135 = LINE ( 'NONE', #1671, #3045 ) ;
#3136 = ADVANCED_FACE ( 'NONE', ( #8178 ), #9764, .F. ) ;
#3137 = CARTESIAN_POINT ( 'NONE',  ( -52.80943399447264852, 8.566080860090409033, -1.190566005527735838 ) ) ;
#3138 = LINE ( 'NONE', #6255, #8061 ) ;
#3139 = LINE ( 'NONE', #3239, #1325 ) ;
#3140 = LINE ( 'NONE', #6259, #8739 ) ;
#3141 = ORIENTED_EDGE ( 'NONE', *, *, #431, .F. ) ;
#3142 = EDGE_CURVE ( 'NONE', #8626, #5384, #5887, .T. ) ;
#3143 = AXIS2_PLACEMENT_3D ( 'NONE', #3596, #554, #3647 ) ;
#3144 = CARTESIAN_POINT ( 'NONE',  ( 56.48474567361831333, 9.499999999999980460, -35.48474567361837018 ) ) ;
#3145 = CARTESIAN_POINT ( 'NONE',  ( -23.70289055386782451, 1.219690838746983141, 32.70289055386743371 ) ) ;
#3146 = DIRECTION ( 'NONE',  ( 0.5001519828512186461, 0.8323926831162090645, -0.2386847610229710648 ) ) ;
#3147 = VERTEX_POINT ( 'NONE', #9926 ) ;
#3148 = ORIENTED_EDGE ( 'NONE', *, *, #8726, .F. ) ;
#3149 = CARTESIAN_POINT ( 'NONE',  ( -15.62500000000000711, 10.53731005528969789, 33.62500000000000000 ) ) ;
#3150 = VECTOR ( 'NONE', #6304, 1000.000000000000000 ) ;
#3151 = CARTESIAN_POINT ( 'NONE',  ( 17.45000000000000639, 10.80000000000000071, 35.44999999999961204 ) ) ;
#3152 = ORIENTED_EDGE ( 'NONE', *, *, #7247, .F. ) ;
#3153 = EDGE_CURVE ( 'NONE', #102, #4986, #1251, .T. ) ;
#3154 = LINE ( 'NONE', #5515, #3883 ) ;
#3155 = ORIENTED_EDGE ( 'NONE', *, *, #7629, .T. ) ;
#3156 = CARTESIAN_POINT ( 'NONE',  ( -19.19056600552735148, 8.566080860090400151, -28.19056600552774583 ) ) ;
#3157 = DIRECTION ( 'NONE',  ( -0.000000000000000000, -1.000000000000000000, -0.000000000000000000 ) ) ;
#3158 = AXIS2_PLACEMENT_3D ( 'NONE', #2533, #4869, #4151 ) ;
#3159 = EDGE_CURVE ( 'NONE', #2301, #726, #10022, .T. ) ;
#3160 = CARTESIAN_POINT ( 'NONE',  ( -5.168701556195976113E-16, 8.566080860090819371, 34.80943399447237141 ) ) ;
#3161 = ORIENTED_EDGE ( 'NONE', *, *, #7404, .T. ) ;
#3162 = LINE ( 'NONE', #7905, #8874 ) ;
#3163 = ORIENTED_EDGE ( 'NONE', *, *, #8957, .T. ) ;
#3164 = ORIENTED_EDGE ( 'NONE', *, *, #3700, .F. ) ;
#3165 = CARTESIAN_POINT ( 'NONE',  ( 0.000000000000000000, 7.500000000000000000, 7.503740226995549101 ) ) ;
#3166 = VECTOR ( 'NONE', #9763, 1000.000000000000114 ) ;
#3167 = CARTESIAN_POINT ( 'NONE',  ( -13.90968028962738856, -0.2227888855198091878, -5.289266148884086860 ) ) ;
#3168 = CARTESIAN_POINT ( 'NONE',  ( 20.37499999999998934, 10.80000000000000426, 33.62500000000000000 ) ) ;
#3169 = ORIENTED_EDGE ( 'NONE', *, *, #7472, .F. ) ;
#3170 = FACE_OUTER_BOUND ( 'NONE', #2976, .T. ) ;
#3171 = DIRECTION ( 'NONE',  ( 0.7071067811865474617, 0.000000000000000000, -0.7071067811865474617 ) ) ;
#3172 = EDGE_CURVE ( 'NONE', #336, #1798, #2322, .T. ) ;
#3173 = DIRECTION ( 'NONE',  ( -1.000000000000000000, -0.000000000000000000, -0.000000000000000000 ) ) ;
#3174 = VECTOR ( 'NONE', #2261, 1000.000000000000114 ) ;
#3175 = ORIENTED_EDGE ( 'NONE', *, *, #5097, .F. ) ;
#3176 = ORIENTED_EDGE ( 'NONE', *, *, #2930, .F. ) ;
#3177 = DIRECTION ( 'NONE',  ( 0.000000000000000000, 1.000000000000000000, 0.000000000000000000 ) ) ;
#3178 = ORIENTED_EDGE ( 'NONE', *, *, #6041, .T. ) ;
#3179 = ORIENTED_EDGE ( 'NONE', *, *, #5622, .T. ) ;
#3180 = LINE ( 'NONE', #8595, #1315 ) ;
#3181 = VECTOR ( 'NONE', #4451, 1000.000000000000000 ) ;
#3182 = DIRECTION ( 'NONE',  ( 0.7071067811865452413, 0.000000000000000000, -0.7071067811865497932 ) ) ;
#3183 = CARTESIAN_POINT ( 'NONE',  ( -8.374674870469084098, 10.53731005528964637, 33.62500000000000000 ) ) ;
#3184 = LINE ( 'NONE', #2432, #4466 ) ;
#3185 = EDGE_CURVE ( 'NONE', #8296, #4603, #9207, .T. ) ;
#3186 = VERTEX_POINT ( 'NONE', #8537 ) ;
#3187 = DIRECTION ( 'NONE',  ( 0.2657276780299897001, -0.9267025424900808828, 0.2657276780299897001 ) ) ;
#3188 = VECTOR ( 'NONE', #6153, 1000.000000000000000 ) ;
#3189 = DIRECTION ( 'NONE',  ( 0.000000000000000000, -0.9612616959383180060, -0.2756373558170023830 ) ) ;
#3190 = EDGE_CURVE ( 'NONE', #7166, #3055, #2372, .T. ) ;
#3191 = LINE ( 'NONE', #9429, #7262 ) ;
#3192 = EDGE_LOOP ( 'NONE', ( #9690, #3006, #8254, #6855, #6434, #5957, #2496, #4300, #3594, #4957, #6970, #5167, #32, #185, #2863, #7672, #9893, #6074, #3491, #2113, #5891, #8290, #3999, #9882, #5157, #8460, #2473, #1253, #9382, #9875, #9005, #9057 ) ) ;
#3193 = AXIS2_PLACEMENT_3D ( 'NONE', #5830, #5778, #5063 ) ;
#3194 = CARTESIAN_POINT ( 'NONE',  ( 51.62500000000000000, 10.80000000000000426, -26.45000000000038298 ) ) ;
#3195 = ADVANCED_FACE ( 'NONE', ( #7045 ), #1512, .F. ) ;
#3196 = CARTESIAN_POINT ( 'NONE',  ( 46.49625977300406277, 7.500000000000000000, 0.000000000000000000 ) ) ;
#3197 = CARTESIAN_POINT ( 'NONE',  ( -19.19056600552735503, 8.566080860090405480, 19.19056600552696423 ) ) ;
#3198 = ORIENTED_EDGE ( 'NONE', *, *, #3391, .T. ) ;
#3199 = EDGE_LOOP ( 'NONE', ( #7049, #8591, #2315, #2177, #1089, #1804, #3001, #4665, #7982, #3610, #4884, #5912, #3396, #7490, #830, #4864, #8412, #6741, #2200, #52, #8819, #4018, #6687, #7754, #8735, #8277, #5606, #6146, #1723, #6792, #8003, #7118 ) ) ;
#3200 = LINE ( 'NONE', #6321, #3425 ) ;
#3201 = VECTOR ( 'NONE', #7014, 1000.000000000000227 ) ;
#3202 = EDGE_CURVE ( 'NONE', #5624, #3837, #2981, .T. ) ;
#3203 = CARTESIAN_POINT ( 'NONE',  ( 0.000000000000000000, 7.500000000000000000, -34.50374022699632093 ) ) ;
#3204 = EDGE_LOOP ( 'NONE', ( #5849, #5988, #6282, #8587 ) ) ;
#3205 = DIRECTION ( 'NONE',  ( -0.8571673007021116675, 0.5150380749100552658, -8.388988656516919875E-17 ) ) ;
#3206 = ORIENTED_EDGE ( 'NONE', *, *, #7204, .T. ) ;
#3207 = ORIENTED_EDGE ( 'NONE', *, *, #5622, .F. ) ;
#3208 = VECTOR ( 'NONE', #5318, 1000.000000000000114 ) ;
#3209 = CARTESIAN_POINT ( 'NONE',  ( -58.99999999999998579, 10.49999999999999822, -8.000000000000000000 ) ) ;
#3210 = CARTESIAN_POINT ( 'NONE',  ( 55.00000000000000000, 0.000000000000000000, 41.00000000000000000 ) ) ;
#3211 = VECTOR ( 'NONE', #5225, 1000.000000000000114 ) ;
#3212 = DIRECTION ( 'NONE',  ( 3.161696790679837436E-17, -1.102614705486210548E-16, -1.000000000000000000 ) ) ;
#3213 = CARTESIAN_POINT ( 'NONE',  ( -58.99999999999998579, 10.49999999999999822, 8.000000000000000000 ) ) ;
#3214 = DIRECTION ( 'NONE',  ( 0.000000000000000000, -0.9612616959383174509, -0.2756373558170039373 ) ) ;
#3215 = ORIENTED_EDGE ( 'NONE', *, *, #4220, .T. ) ;
#3216 = ORIENTED_EDGE ( 'NONE', *, *, #5364, .T. ) ;
#3217 = DIRECTION ( 'NONE',  ( 0.000000000000000000, 0.000000000000000000, 1.000000000000000000 ) ) ;
#3218 = EDGE_CURVE ( 'NONE', #9586, #1564, #6994, .T. ) ;
#3219 = EDGE_CURVE ( 'NONE', #3129, #1735, #744, .T. ) ;
#3220 = VECTOR ( 'NONE', #10002, 1000.000000000000227 ) ;
#3221 = DIRECTION ( 'NONE',  ( -1.000000000000000000, 0.000000000000000000, 0.000000000000000000 ) ) ;
#3222 = ADVANCED_FACE ( 'NONE', ( #6191 ), #8384, .F. ) ;
#3223 = PLANE ( 'NONE',  #8599 ) ;
#3224 = VERTEX_POINT ( 'NONE', #6241 ) ;
#3225 = LINE ( 'NONE', #9204, #8900 ) ;
#3226 = DIRECTION ( 'NONE',  ( 1.000000000000000000, 0.000000000000000000, 0.000000000000000000 ) ) ;
#3227 = AXIS2_PLACEMENT_3D ( 'NONE', #6212, #5452, #2144 ) ;
#3228 = ORIENTED_EDGE ( 'NONE', *, *, #9644, .T. ) ;
#3229 = VERTEX_POINT ( 'NONE', #6293 ) ;
#3230 = ORIENTED_EDGE ( 'NONE', *, *, #42, .F. ) ;
#3231 = DIRECTION ( 'NONE',  ( -1.000000000000000000, 0.000000000000000000, 0.000000000000000000 ) ) ;
#3232 = EDGE_LOOP ( 'NONE', ( #5210, #3878, #4340, #9813 ) ) ;
#3233 = CARTESIAN_POINT ( 'NONE',  ( 0.000000000000000000, 7.500000000000000000, -1.496259773004444904 ) ) ;
#3234 = FACE_OUTER_BOUND ( 'NONE', #2660, .T. ) ;
#3235 = CARTESIAN_POINT ( 'NONE',  ( 45.54999999999999005, 10.80000000000000071, -35.45000000000039364 ) ) ;
#3236 = LINE ( 'NONE', #8600, #3150 ) ;
#3237 = VERTEX_POINT ( 'NONE', #7623 ) ;
#3238 = DIRECTION ( 'NONE',  ( -1.000000000000000000, -4.479964619998411121E-16, -1.284609183147281506E-16 ) ) ;
#3239 = CARTESIAN_POINT ( 'NONE',  ( -40.43188897418603034, -3.212818428379827562, 31.43188897418564665 ) ) ;
#3240 = PLANE ( 'NONE',  #6092 ) ;
#3241 = DIRECTION ( 'NONE',  ( -0.000000000000000000, 0.000000000000000000, 1.000000000000000000 ) ) ;
#3242 = ORIENTED_EDGE ( 'NONE', *, *, #1367, .F. ) ;
#3243 = CARTESIAN_POINT ( 'NONE',  ( 53.24489371323137021, 10.08470937300049464, 9.755106286768237212 ) ) ;
#3244 = EDGE_CURVE ( 'NONE', #7884, #1167, #9975, .T. ) ;
#3245 = DIRECTION ( 'NONE',  ( -0.2657276780299913099, -0.9267025424900799946, 0.2657276780299913099 ) ) ;
#3246 = FACE_OUTER_BOUND ( 'NONE', #6295, .T. ) ;
#3247 = ORIENTED_EDGE ( 'NONE', *, *, #4048, .T. ) ;
#3248 = ORIENTED_EDGE ( 'NONE', *, *, #3121, .T. ) ;
#3249 = VECTOR ( 'NONE', #2578, 1000.000000000000000 ) ;
#3250 = DIRECTION ( 'NONE',  ( 0.2386847610229712591, 0.8323926831162089535, 0.5001519828512185351 ) ) ;
#3251 = CARTESIAN_POINT ( 'NONE',  ( -20.37499999999999645, 10.80000000000000071, 0.000000000000000000 ) ) ;
#3252 = ORIENTED_EDGE ( 'NONE', *, *, #2949, .T. ) ;
#3253 = CARTESIAN_POINT ( 'NONE',  ( -26.45000000000000284, 10.80000000000000071, 17.44999999999961560 ) ) ;
#3254 = ORIENTED_EDGE ( 'NONE', *, *, #3244, .F. ) ;
#3255 = CARTESIAN_POINT ( 'NONE',  ( 18.54999999999998295, -11.50000000000000000, 35.44999999999997442 ) ) ;
#3256 = LINE ( 'NONE', #7079, #8598 ) ;
#3257 = EDGE_CURVE ( 'NONE', #3318, #8890, #5333, .T. ) ;
#3258 = CARTESIAN_POINT ( 'NONE',  ( -30.93261023597304060, -0.9965637948163279525, 32.06738976402657215 ) ) ;
#3259 = FACE_OUTER_BOUND ( 'NONE', #8440, .T. ) ;
#3260 = DIRECTION ( 'NONE',  ( 1.000000000000000000, 0.000000000000000000, 0.000000000000000000 ) ) ;
#3261 = ORIENTED_EDGE ( 'NONE', *, *, #3401, .F. ) ;
#3262 = ORIENTED_EDGE ( 'NONE', *, *, #7681, .T. ) ;
#3263 = DIRECTION ( 'NONE',  ( -1.000000000000000000, -0.000000000000000000, -0.000000000000000000 ) ) ;
#3264 = VECTOR ( 'NONE', #7785, 1000.000000000000000 ) ;
#3265 = FACE_OUTER_BOUND ( 'NONE', #4567, .T. ) ;
#3266 = LINE ( 'NONE', #4046, #790 ) ;
#3267 = EDGE_LOOP ( 'NONE', ( #9507, #9860, #2550, #2165 ) ) ;
#3268 = CARTESIAN_POINT ( 'NONE',  ( -36.54999999999999005, 10.80000000000000071, 35.44999999999961204 ) ) ;
#3269 = AXIS2_PLACEMENT_3D ( 'NONE', #2938, #2888, #6810 ) ;
#3270 = EDGE_CURVE ( 'NONE', #6392, #6160, #9264, .T. ) ;
#3271 = VECTOR ( 'NONE', #9483, 1000.000000000000000 ) ;
#3272 = DIRECTION ( 'NONE',  ( -0.000000000000000000, -0.2756373558170042704, -0.9612616959383174509 ) ) ;
#3273 = ORIENTED_EDGE ( 'NONE', *, *, #971, .T. ) ;
#3274 = ORIENTED_EDGE ( 'NONE', *, *, #7633, .T. ) ;
#3275 = EDGE_LOOP ( 'NONE', ( #9040, #1811, #5721, #219, #9290, #5122, #3902 ) ) ;
#3276 = EDGE_LOOP ( 'NONE', ( #7427, #7660, #328, #2523 ) ) ;
#3277 = DIRECTION ( 'NONE',  ( 0.9612616959383174509, -0.2756373558170042704, 0.000000000000000000 ) ) ;
#3278 = EDGE_LOOP ( 'NONE', ( #4414, #2886, #9815, #3198 ) ) ;
#3279 = CARTESIAN_POINT ( 'NONE',  ( -45.62532512953088570, 10.53731005528972631, -33.62500000000000711 ) ) ;
#3280 = AXIS2_PLACEMENT_3D ( 'NONE', #1833, #1981, #4928 ) ;
#3281 = CARTESIAN_POINT ( 'NONE',  ( -27.62532512953088570, 10.53731005528973164, -33.62500000000000711 ) ) ;
#3282 = DIRECTION ( 'NONE',  ( -0.000000000000000000, -0.2756373558170042704, -0.9612616959383174509 ) ) ;
#3283 = EDGE_CURVE ( 'NONE', #8124, #9586, #9356, .T. ) ;
#3284 = PLANE ( 'NONE',  #241 ) ;
#3285 = ADVANCED_FACE ( 'NONE', ( #1464 ), #3128, .F. ) ;
#3286 = EDGE_CURVE ( 'NONE', #4969, #5434, #4561, .T. ) ;
#3287 = CARTESIAN_POINT ( 'NONE',  ( -15.33839134370874113, 3.435945472310408810, -2.661608656291641672 ) ) ;
#3288 = DIRECTION ( 'NONE',  ( 1.000000000000000000, 0.000000000000000000, 0.000000000000000000 ) ) ;
#3289 = EDGE_CURVE ( 'NONE', #8793, #9748, #4711, .T. ) ;
#3290 = LINE ( 'NONE', #4066, #9889 ) ;
#3291 = VERTEX_POINT ( 'NONE', #6850 ) ;
#3292 = CARTESIAN_POINT ( 'NONE',  ( 53.44999999999999574, 10.80000000000000071, 17.44999999999961560 ) ) ;
#3293 = CARTESIAN_POINT ( 'NONE',  ( 0.000000000000000000, 10.80000000000000071, 33.62500000000000000 ) ) ;
#3294 = EDGE_CURVE ( 'NONE', #9977, #162, #8486, .T. ) ;
#3295 = DIRECTION ( 'NONE',  ( -1.000000000000000000, 0.000000000000000000, 0.000000000000000000 ) ) ;
#3296 = DIRECTION ( 'NONE',  ( -0.2756373558170042704, -0.9612616959383174509, 0.000000000000000000 ) ) ;
#3297 = PLANE ( 'NONE',  #1144 ) ;
#3298 = ORIENTED_EDGE ( 'NONE', *, *, #7108, .F. ) ;
#3299 = DIRECTION ( 'NONE',  ( -0.2657276780299913099, -0.9267025424900799946, 0.2657276780299913099 ) ) ;
#3300 = ORIENTED_EDGE ( 'NONE', *, *, #2369, .F. ) ;
#3301 = LINE ( 'NONE', #9538, #9518 ) ;
#3302 = FACE_OUTER_BOUND ( 'NONE', #2918, .T. ) ;
#3303 = FACE_OUTER_BOUND ( 'NONE', #1968, .T. ) ;
#3304 = ADVANCED_FACE ( 'NONE', ( #798 ), #3900, .F. ) ;
#3305 = DIRECTION ( 'NONE',  ( 1.000000000000000000, 0.000000000000000000, 0.000000000000000000 ) ) ;
#3306 = VECTOR ( 'NONE', #3677, 1000.000000000000000 ) ;
#3307 = DIRECTION ( 'NONE',  ( -9.786874335553214321E-17, 0.000000000000000000, 1.000000000000000000 ) ) ;
#3308 = EDGE_LOOP ( 'NONE', ( #1148, #8708, #4542, #3148 ) ) ;
#3309 = VERTEX_POINT ( 'NONE', #2331 ) ;
#3310 = DIRECTION ( 'NONE',  ( -0.000000000000000000, -0.000000000000000000, 1.000000000000000000 ) ) ;
#3311 = EDGE_CURVE ( 'NONE', #4518, #9412, #2231, .T. ) ;
#3312 = LINE ( 'NONE', #5526, #4519 ) ;
#3313 = VECTOR ( 'NONE', #3558, 1000.000000000000000 ) ;
#3314 = PLANE ( 'NONE',  #6317 ) ;
#3315 = ORIENTED_EDGE ( 'NONE', *, *, #6511, .T. ) ;
#3316 = LINE ( 'NONE', #2519, #5806 ) ;
#3317 = DIRECTION ( 'NONE',  ( 0.000000000000000000, -0.9612616959383180060, -0.2756373558170023830 ) ) ;
#3318 = VERTEX_POINT ( 'NONE', #3036 ) ;
#3319 = ORIENTED_EDGE ( 'NONE', *, *, #8697, .T. ) ;
#3320 = VERTEX_POINT ( 'NONE', #7630 ) ;
#3321 = ORIENTED_EDGE ( 'NONE', *, *, #3294, .F. ) ;
#3322 = DIRECTION ( 'NONE',  ( 0.4578768884082913826, -0.7620351108204148627, -0.4578768884082914381 ) ) ;
#3323 = EDGE_LOOP ( 'NONE', ( #5044, #8195, #325, #5324 ) ) ;
#3324 = ORIENTED_EDGE ( 'NONE', *, *, #1376, .T. ) ;
#3325 = VECTOR ( 'NONE', #5228, 999.9999999999998863 ) ;
#3326 = LINE ( 'NONE', #5259, #4880 ) ;
#3327 = EDGE_CURVE ( 'NONE', #1088, #1412, #5440, .T. ) ;
#3328 = DIRECTION ( 'NONE',  ( -0.7071067811865474617, 0.000000000000000000, 0.7071067811865474617 ) ) ;
#3329 = CARTESIAN_POINT ( 'NONE',  ( -8.449999999999999289, 10.80000000000000071, -27.55000000000038796 ) ) ;
#3330 = VECTOR ( 'NONE', #1028, 1000.000000000000114 ) ;
#3331 = LINE ( 'NONE', #1098, #4947 ) ;
#3332 = ORIENTED_EDGE ( 'NONE', *, *, #4477, .T. ) ;
#3333 = VECTOR ( 'NONE', #933, 1000.000000000000000 ) ;
#3334 = VECTOR ( 'NONE', #8449, 1000.000000000000000 ) ;
#3335 = DIRECTION ( 'NONE',  ( 1.000000000000000000, 0.000000000000000000, 0.000000000000000000 ) ) ;
#3336 = EDGE_CURVE ( 'NONE', #5464, #2540, #1419, .T. ) ;
#3337 = CARTESIAN_POINT ( 'NONE',  ( 18.54999999999999005, 86.52417351671579127, -35.45000000000002416 ) ) ;
#3338 = DIRECTION ( 'NONE',  ( 0.000000000000000000, -0.9612616959383174509, 0.2756373558170042704 ) ) ;
#3339 = ORIENTED_EDGE ( 'NONE', *, *, #9500, .T. ) ;
#3340 = EDGE_CURVE ( 'NONE', #169, #9315, #709, .T. ) ;
#3341 = PLANE ( 'NONE',  #797 ) ;
#3342 = VECTOR ( 'NONE', #8402, 1000.000000000000000 ) ;
#3343 = ORIENTED_EDGE ( 'NONE', *, *, #6056, .T. ) ;
#3344 = CARTESIAN_POINT ( 'NONE',  ( -19.19056600552735503, 8.566080860090409033, 7.809433994472260387 ) ) ;
#3345 = DIRECTION ( 'NONE',  ( 0.000000000000000000, 0.000000000000000000, 1.000000000000000000 ) ) ;
#3346 = LINE ( 'NONE', #8805, #9465 ) ;
#3347 = PLANE ( 'NONE',  #2464 ) ;
#3348 = ORIENTED_EDGE ( 'NONE', *, *, #3373, .T. ) ;
#3349 = AXIS2_PLACEMENT_3D ( 'NONE', #7191, #9501, #3221 ) ;
#3350 = ORIENTED_EDGE ( 'NONE', *, *, #2995, .F. ) ;
#3351 = EDGE_CURVE ( 'NONE', #136, #4812, #3751, .T. ) ;
#3352 = CARTESIAN_POINT ( 'NONE',  ( -16.80943399447264497, 8.566080860090419691, 28.19056600552696423 ) ) ;
#3353 = ORIENTED_EDGE ( 'NONE', *, *, #466, .T. ) ;
#3354 = DIRECTION ( 'NONE',  ( -0.2657276780299913099, -0.9267025424900799946, 0.2657276780299913099 ) ) ;
#3355 = DIRECTION ( 'NONE',  ( 0.000000000000000000, 0.000000000000000000, 1.000000000000000000 ) ) ;
#3356 = LINE ( 'NONE', #215, #5777 ) ;
#3357 = DIRECTION ( 'NONE',  ( 0.2657276780299913099, 0.9267025424900799946, 0.2657276780299913099 ) ) ;
#3358 = AXIS2_PLACEMENT_3D ( 'NONE', #3410, #8317, #2654 ) ;
#3359 = CARTESIAN_POINT ( 'NONE',  ( 44.45000000000000284, 10.80000000000000071, -35.45000000000039364 ) ) ;
#3360 = ORIENTED_EDGE ( 'NONE', *, *, #7833, .F. ) ;
#3361 = ORIENTED_EDGE ( 'NONE', *, *, #9385, .T. ) ;
#3362 = LINE ( 'NONE', #4851, #2290 ) ;
#3363 = EDGE_CURVE ( 'NONE', #8989, #7221, #6903, .T. ) ;
#3364 = LINE ( 'NONE', #3993, #7426 ) ;
#3365 = ADVANCED_FACE ( 'NONE', ( #4569 ), #805, .F. ) ;
#3366 = VECTOR ( 'NONE', #3465, 1000.000000000000114 ) ;
#3367 = VECTOR ( 'NONE', #6860, 1000.000000000000114 ) ;
#3368 = DIRECTION ( 'NONE',  ( 0.7071067811865474617, 0.000000000000000000, -0.7071067811865474617 ) ) ;
#3369 = ORIENTED_EDGE ( 'NONE', *, *, #372, .T. ) ;
#3370 = DIRECTION ( 'NONE',  ( 1.000000000000000000, 0.000000000000000000, 0.000000000000000000 ) ) ;
#3371 = LINE ( 'NONE', #9505, #8863 ) ;
#3372 = VERTEX_POINT ( 'NONE', #9365 ) ;
#3373 = EDGE_CURVE ( 'NONE', #6114, #9454, #6301, .T. ) ;
#3374 = ORIENTED_EDGE ( 'NONE', *, *, #7585, .T. ) ;
#3375 = ORIENTED_EDGE ( 'NONE', *, *, #210, .T. ) ;
#3376 = DIRECTION ( 'NONE',  ( 0.000000000000000000, 0.000000000000000000, 1.000000000000000000 ) ) ;
#3377 = VECTOR ( 'NONE', #4990, 1000.000000000000000 ) ;
#3378 = VECTOR ( 'NONE', #6989, 1000.000000000000114 ) ;
#3379 = DIRECTION ( 'NONE',  ( 0.000000000000000000, 0.000000000000000000, -1.000000000000000000 ) ) ;
#3380 = CARTESIAN_POINT ( 'NONE',  ( -53.45000000000000284, 86.52417351671579127, -35.45000000000003126 ) ) ;
#3381 = VECTOR ( 'NONE', #6966, 1000.000000000000227 ) ;
#3382 = LINE ( 'NONE', #2584, #2190 ) ;
#3383 = ADVANCED_FACE ( 'NONE', ( #3086 ), #3858, .F. ) ;
#3384 = ORIENTED_EDGE ( 'NONE', *, *, #7309, .T. ) ;
#3385 = ORIENTED_EDGE ( 'NONE', *, *, #5531, .T. ) ;
#3386 = DIRECTION ( 'NONE',  ( 0.000000000000000000, 0.000000000000000000, -1.000000000000000000 ) ) ;
#3387 = CARTESIAN_POINT ( 'NONE',  ( 52.42887829972521274, 25.53679663750741469, -34.42887829972561775 ) ) ;
#3388 = CARTESIAN_POINT ( 'NONE',  ( 58.32322330470334748, 9.899999999999975486, -37.32322330470339011 ) ) ;
#3389 = VERTEX_POINT ( 'NONE', #4718 ) ;
#3390 = EDGE_CURVE ( 'NONE', #8215, #4463, #7776, .T. ) ;
#3391 = EDGE_CURVE ( 'NONE', #308, #5314, #5391, .T. ) ;
#3392 = CARTESIAN_POINT ( 'NONE',  ( -51.62500000000000711, 10.80000000000000426, 33.62499999999999289 ) ) ;
#3393 = LINE ( 'NONE', #6714, #352 ) ;
#3394 = FACE_OUTER_BOUND ( 'NONE', #9485, .T. ) ;
#3395 = CARTESIAN_POINT ( 'NONE',  ( 0.000000000000000000, 7.500000000000000000, -25.50374022699630672 ) ) ;
#3396 = ORIENTED_EDGE ( 'NONE', *, *, #8199, .F. ) ;
#3397 = LINE ( 'NONE', #5195, #5833 ) ;
#3398 = ORIENTED_EDGE ( 'NONE', *, *, #5770, .F. ) ;
#3399 = CARTESIAN_POINT ( 'NONE',  ( -35.44999999999999574, 10.80000000000000071, -27.55000000000038796 ) ) ;
#3400 = CARTESIAN_POINT ( 'NONE',  ( 20.37499999999998934, 7.500000000000000000, 7.503740226995549101 ) ) ;
#3401 = EDGE_CURVE ( 'NONE', #5361, #2571, #8497, .T. ) ;
#3402 = PLANE ( 'NONE',  #3992 ) ;
#3403 = DIRECTION ( 'NONE',  ( 0.2756373558170042704, 0.9612616959383174509, 0.000000000000000000 ) ) ;
#3404 = CARTESIAN_POINT ( 'NONE',  ( 20.37499999999998934, 7.500000000000000000, -16.50374022699631382 ) ) ;
#3405 = ORIENTED_EDGE ( 'NONE', *, *, #8087, .F. ) ;
#3406 = EDGE_CURVE ( 'NONE', #9927, #6867, #39, .T. ) ;
#3407 = EDGE_CURVE ( 'NONE', #8060, #375, #10029, .T. ) ;
#3408 = CARTESIAN_POINT ( 'NONE',  ( -0.5499999999999949374, 10.80000000000000071, 35.44999999999961204 ) ) ;
#3409 = VECTOR ( 'NONE', #7925, 1000.000000000000114 ) ;
#3410 = CARTESIAN_POINT ( 'NONE',  ( 25.50374022699593368, 7.500000000000000000, 0.000000000000000000 ) ) ;
#3411 = LINE ( 'NONE', #988, #1271 ) ;
#3412 = ORIENTED_EDGE ( 'NONE', *, *, #746, .T. ) ;
#3413 = DIRECTION ( 'NONE',  ( 0.2657276780299894225, 0.9267025424900811048, 0.2657276780299894225 ) ) ;
#3414 = PLANE ( 'NONE',  #3819 ) ;
#3415 = VECTOR ( 'NONE', #3217, 1000.000000000000000 ) ;
#3416 = ORIENTED_EDGE ( 'NONE', *, *, #4760, .F. ) ;
#3417 = FACE_OUTER_BOUND ( 'NONE', #8346, .T. ) ;
#3418 = ORIENTED_EDGE ( 'NONE', *, *, #3789, .T. ) ;
#3419 = EDGE_LOOP ( 'NONE', ( #5400, #7577, #601, #966 ) ) ;
#3420 = AXIS2_PLACEMENT_3D ( 'NONE', #8711, #6505, #4837 ) ;
#3421 = EDGE_CURVE ( 'NONE', #1116, #7652, #755, .T. ) ;
#3422 = PLANE ( 'NONE',  #5405 ) ;
#3423 = ORIENTED_EDGE ( 'NONE', *, *, #7369, .F. ) ;
#3424 = LINE ( 'NONE', #331, #277 ) ;
#3425 = VECTOR ( 'NONE', #1684, 1000.000000000000114 ) ;
#3426 = CARTESIAN_POINT ( 'NONE',  ( 62.00000000000000000, 7.500000000000000000, 34.00000000000000000 ) ) ;
#3427 = VECTOR ( 'NONE', #7841, 1000.000000000000000 ) ;
#3428 = LINE ( 'NONE', #7205, #6103 ) ;
#3429 = ORIENTED_EDGE ( 'NONE', *, *, #8952, .F. ) ;
#3430 = EDGE_LOOP ( 'NONE', ( #3161, #2080, #1465, #6495 ) ) ;
#3431 = ADVANCED_FACE ( 'NONE', ( #4670 ), #9318, .F. ) ;
#3432 = EDGE_LOOP ( 'NONE', ( #9209, #9146, #6660, #8160 ) ) ;
#3433 = VECTOR ( 'NONE', #5272, 1000.000000000000114 ) ;
#3434 = CARTESIAN_POINT ( 'NONE',  ( 17.44999999999999929, 86.52417351671579127, 35.44999999999998863 ) ) ;
#3435 = ORIENTED_EDGE ( 'NONE', *, *, #1732, .F. ) ;
#3436 = VECTOR ( 'NONE', #8721, 1000.000000000000000 ) ;
#3437 = LINE ( 'NONE', #5691, #2993 ) ;
#3438 = EDGE_CURVE ( 'NONE', #9600, #2375, #2381, .T. ) ;
#3439 = PLANE ( 'NONE',  #6306 ) ;
#3440 = VERTEX_POINT ( 'NONE', #6537 ) ;
#3441 = VERTEX_POINT ( 'NONE', #9562 ) ;
#3442 = FACE_OUTER_BOUND ( 'NONE', #5273, .T. ) ;
#3443 = LINE ( 'NONE', #5744, #5243 ) ;
#3444 = CARTESIAN_POINT ( 'NONE',  ( 40.07937528197219734, 29.75245638442229179, -13.11547058297211521 ) ) ;
#3445 = LINE ( 'NONE', #1164, #106 ) ;
#3446 = ADVANCED_FACE ( 'NONE', ( #7973 ), #6490, .F. ) ;
#3447 = ORIENTED_EDGE ( 'NONE', *, *, #1262, .T. ) ;
#3448 = FACE_OUTER_BOUND ( 'NONE', #8533, .T. ) ;
#3449 = ORIENTED_EDGE ( 'NONE', *, *, #2230, .F. ) ;
#3450 = LINE ( 'NONE', #6559, #1704 ) ;
#3451 = CARTESIAN_POINT ( 'NONE',  ( 0.000000000000000000, 0.000000000000000000, 8.000000000000000000 ) ) ;
#3452 = CARTESIAN_POINT ( 'NONE',  ( 18.54999999999999716, 10.80000000000000071, 8.449999999999617373 ) ) ;
#3453 = DIRECTION ( 'NONE',  ( 1.000000000000000000, 0.000000000000000000, 0.000000000000000000 ) ) ;
#3454 = CARTESIAN_POINT ( 'NONE',  ( 40.07937528197219734, 29.75245638442229179, -22.88452941702865218 ) ) ;
#3455 = ORIENTED_EDGE ( 'NONE', *, *, #1701, .T. ) ;
#3456 = EDGE_LOOP ( 'NONE', ( #8341, #7599, #707, #3124 ) ) ;
#3457 = LINE ( 'NONE', #2053, #3920 ) ;
#3458 = EDGE_CURVE ( 'NONE', #9160, #7447, #5683, .T. ) ;
#3459 = CARTESIAN_POINT ( 'NONE',  ( 15.62500000000000000, 10.53731005528968723, -9.625325129531296042 ) ) ;
#3460 = ORIENTED_EDGE ( 'NONE', *, *, #8054, .T. ) ;
#3461 = LINE ( 'NONE', #2813, #5829 ) ;
#3462 = VERTEX_POINT ( 'NONE', #2530 ) ;
#3463 = EDGE_CURVE ( 'NONE', #1244, #5919, #954, .T. ) ;
#3464 = CARTESIAN_POINT ( 'NONE',  ( 55.00000000000000000, 7.500000000000000000, 41.00000000000000000 ) ) ;
#3465 = DIRECTION ( 'NONE',  ( -0.000000000000000000, 0.9612616959383180060, 0.2756373558170021054 ) ) ;
#3466 = VECTOR ( 'NONE', #7524, 1000.000000000000000 ) ;
#3467 = FACE_OUTER_BOUND ( 'NONE', #7950, .T. ) ;
#3468 = ORIENTED_EDGE ( 'NONE', *, *, #4190, .T. ) ;
#3469 = DIRECTION ( 'NONE',  ( -3.976443497941104043E-16, 0.000000000000000000, 1.000000000000000000 ) ) ;
#3470 = ORIENTED_EDGE ( 'NONE', *, *, #8378, .F. ) ;
#3471 = ORIENTED_EDGE ( 'NONE', *, *, #1731, .T. ) ;
#3472 = FACE_OUTER_BOUND ( 'NONE', #53, .T. ) ;
#3473 = ORIENTED_EDGE ( 'NONE', *, *, #4923, .T. ) ;
#3474 = AXIS2_PLACEMENT_3D ( 'NONE', #2454, #5565, #6418 ) ;
#3475 = LINE ( 'NONE', #3687, #9884 ) ;
#3476 = FACE_OUTER_BOUND ( 'NONE', #9112, .T. ) ;
#3477 = EDGE_CURVE ( 'NONE', #9996, #7519, #9655, .T. ) ;
#3478 = EDGE_CURVE ( 'NONE', #2635, #7101, #4105, .T. ) ;
#3479 = CARTESIAN_POINT ( 'NONE',  ( 56.48474567361831333, 10.49999999999999822, 35.48474567361837018 ) ) ;
#3480 = LINE ( 'NONE', #4412, #4502 ) ;
#3481 = AXIS2_PLACEMENT_3D ( 'NONE', #9053, #3691, #2776 ) ;
#3482 = ORIENTED_EDGE ( 'NONE', *, *, #7537, .F. ) ;
#3483 = ORIENTED_EDGE ( 'NONE', *, *, #1190, .F. ) ;
#3484 = ORIENTED_EDGE ( 'NONE', *, *, #8965, .T. ) ;
#3485 = EDGE_LOOP ( 'NONE', ( #6768, #3704, #8734, #7353 ) ) ;
#3486 = CARTESIAN_POINT ( 'NONE',  ( -25.50374022699593368, 7.500000000000000000, 0.000000000000000000 ) ) ;
#3487 = CARTESIAN_POINT ( 'NONE',  ( 20.37499999999998934, 10.53731005528969433, 8.374674870468716392 ) ) ;
#3488 = VECTOR ( 'NONE', #3212, 1000.000000000000000 ) ;
#3489 = FACE_OUTER_BOUND ( 'NONE', #7149, .T. ) ;
#3490 = EDGE_CURVE ( 'NONE', #6832, #1182, #3424, .T. ) ;
#3491 = ORIENTED_EDGE ( 'NONE', *, *, #3523, .F. ) ;
#3492 = EDGE_CURVE ( 'NONE', #4997, #2902, #5539, .T. ) ;
#3493 = ORIENTED_EDGE ( 'NONE', *, *, #3289, .F. ) ;
#3494 = CARTESIAN_POINT ( 'NONE',  ( 15.62500000000000000, 10.53731005528968545, 0.6253251295305173318 ) ) ;
#3495 = CARTESIAN_POINT ( 'NONE',  ( -36.54999999999999005, 10.80000000000000426, -33.62500000000000711 ) ) ;
#3496 = EDGE_CURVE ( 'NONE', #5181, #2452, #7202, .T. ) ;
#3497 = PLANE ( 'NONE',  #1972 ) ;
#3498 = LINE ( 'NONE', #2846, #606 ) ;
#3499 = VECTOR ( 'NONE', #8922, 1000.000000000000114 ) ;
#3500 = EDGE_LOOP ( 'NONE', ( #6494, #6430, #894, #1904 ) ) ;
#3501 = EDGE_CURVE ( 'NONE', #4142, #5365, #8787, .T. ) ;
#3502 = VECTOR ( 'NONE', #2224, 1000.000000000000114 ) ;
#3503 = DIRECTION ( 'NONE',  ( -1.000000000000000000, 0.000000000000000000, 1.988221748970552022E-16 ) ) ;
#3504 = ORIENTED_EDGE ( 'NONE', *, *, #620, .T. ) ;
#3505 = LINE ( 'NONE', #1220, #2033 ) ;
#3506 = CARTESIAN_POINT ( 'NONE',  ( 51.62500000000000000, 10.80000000000000071, 0.000000000000000000 ) ) ;
#3507 = DIRECTION ( 'NONE',  ( 0.000000000000000000, -0.2756373558170042704, 0.9612616959383174509 ) ) ;
#3508 = DIRECTION ( 'NONE',  ( -1.000000000000000000, -4.479964619998411121E-16, -1.284609183147281506E-16 ) ) ;
#3509 = EDGE_CURVE ( 'NONE', #6035, #9124, #6443, .T. ) ;
#3510 = CARTESIAN_POINT ( 'NONE',  ( 15.62500000000000000, 10.53731005528968723, 26.37467487046871284 ) ) ;
#3511 = ORIENTED_EDGE ( 'NONE', *, *, #5330, .F. ) ;
#3512 = FACE_BOUND ( 'NONE', #4580, .T. ) ;
#3513 = VECTOR ( 'NONE', #2480, 1000.000000000000114 ) ;
#3514 = CARTESIAN_POINT ( 'NONE',  ( 19.49625977300406632, 7.500000000000000000, 0.000000000000000000 ) ) ;
#3515 = CARTESIAN_POINT ( 'NONE',  ( -13.08484749617240439, 14.76483374945125249, -9.586897782956359748 ) ) ;
#3516 = LINE ( 'NONE', #8982, #7445 ) ;
#3517 = ORIENTED_EDGE ( 'NONE', *, *, #1737, .F. ) ;
#3518 = CARTESIAN_POINT ( 'NONE',  ( 58.32322330470334037, 9.699999999999974420, 37.32322330470339011 ) ) ;
#3519 = CARTESIAN_POINT ( 'NONE',  ( 16.80943399447264852, 8.566080860090401927, 25.80943399447225417 ) ) ;
#3520 = VECTOR ( 'NONE', #2563, 1000.000000000000000 ) ;
#3521 = LINE ( 'NONE', #6630, #8548 ) ;
#3522 = ORIENTED_EDGE ( 'NONE', *, *, #8836, .F. ) ;
#3523 = EDGE_CURVE ( 'NONE', #9454, #941, #8740, .T. ) ;
#3524 = LINE ( 'NONE', #2487, #7082 ) ;
#3525 = ORIENTED_EDGE ( 'NONE', *, *, #6331, .F. ) ;
#3526 = ORIENTED_EDGE ( 'NONE', *, *, #1353, .F. ) ;
#3527 = ADVANCED_FACE ( 'NONE', ( #3234 ), #1864, .F. ) ;
#3528 = CARTESIAN_POINT ( 'NONE',  ( -53.45000000000000284, 7.500000000000007105, -35.45000000000003126 ) ) ;
#3529 = EDGE_CURVE ( 'NONE', #4373, #7924, #7873, .T. ) ;
#3530 = VECTOR ( 'NONE', #4049, 1000.000000000000000 ) ;
#3531 = VECTOR ( 'NONE', #3548, 1000.000000000000000 ) ;
#3532 = ORIENTED_EDGE ( 'NONE', *, *, #2666, .F. ) ;
#3533 = CARTESIAN_POINT ( 'NONE',  ( -15.33839134370872159, 3.435945472310388826, 33.33839134370833790 ) ) ;
#3534 = DIRECTION ( 'NONE',  ( 0.2386847610229712591, 0.8323926831162089535, 0.5001519828512185351 ) ) ;
#3535 = CARTESIAN_POINT ( 'NONE',  ( 5.067389764026899002, -0.9965637948165171345, -32.06738976402728980 ) ) ;
#3536 = CARTESIAN_POINT ( 'NONE',  ( 18.54999999999998295, 7.500000000000000000, 35.44999999999997442 ) ) ;
#3537 = VECTOR ( 'NONE', #4125, 1000.000000000000000 ) ;
#3538 = VECTOR ( 'NONE', #2566, 1000.000000000000114 ) ;
#3539 = FACE_OUTER_BOUND ( 'NONE', #9713, .T. ) ;
#3540 = ORIENTED_EDGE ( 'NONE', *, *, #6667, .T. ) ;
#3541 = EDGE_LOOP ( 'NONE', ( #6176, #3216, #824, #981 ) ) ;
#3542 = ORIENTED_EDGE ( 'NONE', *, *, #6884, .T. ) ;
#3543 = EDGE_CURVE ( 'NONE', #7550, #2277, #7104, .T. ) ;
#3544 = CARTESIAN_POINT ( 'NONE',  ( 17.45000000000000639, 10.80000000000000071, 35.44999999999961204 ) ) ;
#3545 = EDGE_CURVE ( 'NONE', #5919, #5624, #1046, .T. ) ;
#3546 = DIRECTION ( 'NONE',  ( -0.000000000000000000, -0.2756373558170023830, -0.9612616959383180060 ) ) ;
#3547 = AXIS2_PLACEMENT_3D ( 'NONE', #4655, #3843, #4558 ) ;
#3548 = DIRECTION ( 'NONE',  ( 0.000000000000000000, 0.000000000000000000, 1.000000000000000000 ) ) ;
#3549 = EDGE_LOOP ( 'NONE', ( #1640, #4079, #549, #8983 ) ) ;
#3550 = ORIENTED_EDGE ( 'NONE', *, *, #4675, .T. ) ;
#3551 = DIRECTION ( 'NONE',  ( -1.000000000000000000, -0.000000000000000000, -0.000000000000000000 ) ) ;
#3552 = DIRECTION ( 'NONE',  ( -0.000000000000000000, -0.2756373558170023830, -0.9612616959383180060 ) ) ;
#3553 = CARTESIAN_POINT ( 'NONE',  ( 52.80943399447263431, 8.566080860090419691, 16.80943399447226128 ) ) ;
#3554 = CARTESIAN_POINT ( 'NONE',  ( 15.62500000000000000, 10.53731005528969078, -17.37467487046947667 ) ) ;
#3555 = ORIENTED_EDGE ( 'NONE', *, *, #4469, .T. ) ;
#3556 = CARTESIAN_POINT ( 'NONE',  ( -51.62500000000000711, 10.80000000000000426, -26.45000000000038298 ) ) ;
#3557 = VERTEX_POINT ( 'NONE', #4866 ) ;
#3558 = DIRECTION ( 'NONE',  ( -0.2386847610229712868, -0.8323926831162090645, 0.5001519828512185351 ) ) ;
#3559 = LINE ( 'NONE', #5090, #9255 ) ;
#3560 = CARTESIAN_POINT ( 'NONE',  ( -19.19056600552735503, 8.566080860090410809, 25.80943399447225417 ) ) ;
#3561 = CARTESIAN_POINT ( 'NONE',  ( -40.07937528197219734, 29.75245638442229179, -22.11547058297210810 ) ) ;
#3562 = DIRECTION ( 'NONE',  ( -0.2657276780299913099, -0.9267025424900799946, 0.2657276780299913099 ) ) ;
#3563 = ORIENTED_EDGE ( 'NONE', *, *, #1248, .T. ) ;
#3564 = VERTEX_POINT ( 'NONE', #1717 ) ;
#3565 = CARTESIAN_POINT ( 'NONE',  ( 13.08484749617240261, 14.76483374945124538, -27.58689778295635264 ) ) ;
#3566 = CARTESIAN_POINT ( 'NONE',  ( -13.90968028962739034, -0.2227888855198031370, -30.71073385111670717 ) ) ;
#3567 = DIRECTION ( 'NONE',  ( 0.7071067811865472397, 0.000000000000000000, 0.7071067811865479058 ) ) ;
#3568 = ORIENTED_EDGE ( 'NONE', *, *, #223, .F. ) ;
#3569 = EDGE_CURVE ( 'NONE', #1501, #5706, #4818, .T. ) ;
#3570 = DIRECTION ( 'NONE',  ( -0.5001519828512187571, 0.8323926831162092865, 0.2386847610229693439 ) ) ;
#3571 = ORIENTED_EDGE ( 'NONE', *, *, #7428, .T. ) ;
#3572 = LINE ( 'NONE', #8161, #7553 ) ;
#3573 = DIRECTION ( 'NONE',  ( -0.5001519828512185351, -0.8323926831162089535, -0.2386847610229712591 ) ) ;
#3574 = DIRECTION ( 'NONE',  ( 0.9612616959383175619, -0.2756373558170040483, 0.000000000000000000 ) ) ;
#3575 = ORIENTED_EDGE ( 'NONE', *, *, #7143, .F. ) ;
#3576 = CARTESIAN_POINT ( 'NONE',  ( -37.19056600552746517, 8.566080860090005800, -34.80943399447291853 ) ) ;
#3577 = VERTEX_POINT ( 'NONE', #3281 ) ;
#3578 = EDGE_LOOP ( 'NONE', ( #8949, #2374, #475, #9979 ) ) ;
#3579 = LINE ( 'NONE', #9705, #9317 ) ;
#3580 = VECTOR ( 'NONE', #1667, 1000.000000000000000 ) ;
#3581 = CARTESIAN_POINT ( 'NONE',  ( 40.07937528197219024, 29.75245638442228824, 13.88452941702789367 ) ) ;
#3582 = EDGE_CURVE ( 'NONE', #4920, #1921, #6397, .T. ) ;
#3583 = CARTESIAN_POINT ( 'NONE',  ( 44.45000000000000284, 10.80000000000000426, 33.62500000000000000 ) ) ;
#3584 = DIRECTION ( 'NONE',  ( 0.9612616959383180060, -0.2756373558170023830, 0.000000000000000000 ) ) ;
#3585 = AXIS2_PLACEMENT_3D ( 'NONE', #3925, #6875, #9998 ) ;
#3586 = DIRECTION ( 'NONE',  ( 0.000000000000000000, 0.000000000000000000, -1.000000000000000000 ) ) ;
#3587 = CARTESIAN_POINT ( 'NONE',  ( -34.50374022699593013, 7.500000000000000000, 33.62499999999999289 ) ) ;
#3588 = ORIENTED_EDGE ( 'NONE', *, *, #107, .T. ) ;
#3589 = ORIENTED_EDGE ( 'NONE', *, *, #6015, .T. ) ;
#3590 = VERTEX_POINT ( 'NONE', #9608 ) ;
#3591 = DIRECTION ( 'NONE',  ( -1.000000000000000000, 0.000000000000000000, 0.000000000000000000 ) ) ;
#3592 = VECTOR ( 'NONE', #7112, 1000.000000000000114 ) ;
#3593 = VERTEX_POINT ( 'NONE', #2621 ) ;
#3594 = ORIENTED_EDGE ( 'NONE', *, *, #4755, .F. ) ;
#3595 = VECTOR ( 'NONE', #2698, 1000.000000000000114 ) ;
#3596 = CARTESIAN_POINT ( 'NONE',  ( 10.49999999999997868, 0.000000000000000000, -10.49999999999997868 ) ) ;
#3597 = EDGE_CURVE ( 'NONE', #1316, #7137, #3475, .T. ) ;
#3598 = LINE ( 'NONE', #9827, #8259 ) ;
#3599 = ORIENTED_EDGE ( 'NONE', *, *, #7404, .F. ) ;
#3600 = EDGE_CURVE ( 'NONE', #2012, #9358, #7563, .T. ) ;
#3601 = AXIS2_PLACEMENT_3D ( 'NONE', #7819, #8589, #846 ) ;
#3602 = DIRECTION ( 'NONE',  ( 1.000000000000000000, 0.000000000000000000, 0.000000000000000000 ) ) ;
#3603 = DIRECTION ( 'NONE',  ( 0.2756373558170042704, 0.9612616959383174509, 0.000000000000000000 ) ) ;
#3604 = AXIS2_PLACEMENT_3D ( 'NONE', #5254, #2150, #8260 ) ;
#3605 = CARTESIAN_POINT ( 'NONE',  ( -17.88039450307227796, 12.30096400656391431, 18.11960549692732769 ) ) ;
#3606 = CARTESIAN_POINT ( 'NONE',  ( 51.62500000000000000, 10.80000000000000426, 33.62500000000000000 ) ) ;
#3607 = VECTOR ( 'NONE', #3263, 1000.000000000000000 ) ;
#3608 = ORIENTED_EDGE ( 'NONE', *, *, #5984, .F. ) ;
#3609 = DIRECTION ( 'NONE',  ( -0.5001519828512187571, -0.8323926831162092865, -0.2386847610229695660 ) ) ;
#3610 = ORIENTED_EDGE ( 'NONE', *, *, #3142, .F. ) ;
#3611 = ADVANCED_FACE ( 'NONE', ( #5116 ), #2877, .F. ) ;
#3612 = CARTESIAN_POINT ( 'NONE',  ( -51.62500000000000711, 10.80000000000000426, 17.44999999999961560 ) ) ;
#3613 = CARTESIAN_POINT ( 'NONE',  ( 27.54999999999999005, 10.80000000000000426, 33.62500000000000000 ) ) ;
#3614 = CARTESIAN_POINT ( 'NONE',  ( 60.72738636073759011, 10.49999999999999822, -32.65631854887216434 ) ) ;
#3615 = CARTESIAN_POINT ( 'NONE',  ( -53.45000000000000284, -11.50000000000000000, -35.45000000000003126 ) ) ;
#3616 = EDGE_LOOP ( 'NONE', ( #4976, #9692, #2105, #9266 ) ) ;
#3617 = VERTEX_POINT ( 'NONE', #1912 ) ;
#3618 = DIRECTION ( 'NONE',  ( -1.000000000000000000, -0.000000000000000000, -0.000000000000000000 ) ) ;
#3619 = DIRECTION ( 'NONE',  ( 0.2386847610229712591, -0.8323926831162089535, -0.5001519828512186461 ) ) ;
#3620 = DIRECTION ( 'NONE',  ( 0.5001519828512187571, 0.8323926831162092865, -0.2386847610229695660 ) ) ;
#3621 = ORIENTED_EDGE ( 'NONE', *, *, #3091, .T. ) ;
#3622 = DIRECTION ( 'NONE',  ( -1.000000000000000000, -6.617913326349485696E-16, 0.000000000000000000 ) ) ;
#3623 = VERTEX_POINT ( 'NONE', #381 ) ;
#3624 = EDGE_CURVE ( 'NONE', #946, #4682, #5015, .T. ) ;
#3625 = LINE ( 'NONE', #9910, #5106 ) ;
#3626 = LINE ( 'NONE', #5105, #8590 ) ;
#3627 = LINE ( 'NONE', #2817, #6751 ) ;
#3628 = EDGE_LOOP ( 'NONE', ( #7616, #5800, #4137, #7918 ) ) ;
#3629 = DIRECTION ( 'NONE',  ( -0.000000000000000000, -0.000000000000000000, 1.000000000000000000 ) ) ;
#3630 = ORIENTED_EDGE ( 'NONE', *, *, #4174, .F. ) ;
#3631 = VERTEX_POINT ( 'NONE', #434 ) ;
#3632 = LINE ( 'NONE', #6743, #524 ) ;
#3633 = ADVANCED_FACE ( 'NONE', ( #9048 ), #5224, .F. ) ;
#3634 = CARTESIAN_POINT ( 'NONE',  ( -1.496259773004063209, 7.500000000000000000, 0.000000000000000000 ) ) ;
#3635 = CARTESIAN_POINT ( 'NONE',  ( 13.90968028962737968, -0.2227888855198057183, 14.28926614888331059 ) ) ;
#3636 = CARTESIAN_POINT ( 'NONE',  ( -15.62500000000000711, 7.500000000000000000, 7.503740226995549101 ) ) ;
#3637 = DIRECTION ( 'NONE',  ( 0.000000000000000000, 0.000000000000000000, 1.000000000000000000 ) ) ;
#3638 = DIRECTION ( 'NONE',  ( -0.2756373558170042704, 0.9612616959383174509, 0.000000000000000000 ) ) ;
#3639 = ORIENTED_EDGE ( 'NONE', *, *, #6482, .F. ) ;
#3640 = ORIENTED_EDGE ( 'NONE', *, *, #5742, .F. ) ;
#3641 = ORIENTED_EDGE ( 'NONE', *, *, #4597, .T. ) ;
#3642 = ORIENTED_EDGE ( 'NONE', *, *, #4790, .T. ) ;
#3643 = EDGE_CURVE ( 'NONE', #9130, #9478, #6801, .T. ) ;
#3644 = VECTOR ( 'NONE', #8797, 1000.000000000000000 ) ;
#3645 = CARTESIAN_POINT ( 'NONE',  ( -7.809433994472758656, 8.566080860090814042, 34.80943399447237141 ) ) ;
#3646 = EDGE_LOOP ( 'NONE', ( #1666, #3901, #8940, #7691 ) ) ;
#3647 = DIRECTION ( 'NONE',  ( 0.7071067811865474617, 0.000000000000000000, 0.7071067811865474617 ) ) ;
#3648 = LINE ( 'NONE', #6008, #4027 ) ;
#3649 = ORIENTED_EDGE ( 'NONE', *, *, #6739, .F. ) ;
#3650 = VECTOR ( 'NONE', #191, 1000.000000000000114 ) ;
#3651 = PLANE ( 'NONE',  #756 ) ;
#3652 = LINE ( 'NONE', #8540, #8496 ) ;
#3653 = EDGE_CURVE ( 'NONE', #6759, #6486, #9708, .T. ) ;
#3654 = PLANE ( 'NONE',  #8141 ) ;
#3655 = VECTOR ( 'NONE', #2116, 1000.000000000000000 ) ;
#3656 = CARTESIAN_POINT ( 'NONE',  ( -51.62500000000000711, 10.53731005528969433, -17.37467487046948023 ) ) ;
#3657 = EDGE_CURVE ( 'NONE', #4969, #1358, #8119, .T. ) ;
#3658 = EDGE_LOOP ( 'NONE', ( #9474, #6382, #6120, #1011, #2069, #7896, #8097, #1332 ) ) ;
#3659 = DIRECTION ( 'NONE',  ( 0.000000000000000000, 0.000000000000000000, -1.000000000000000000 ) ) ;
#3660 = ORIENTED_EDGE ( 'NONE', *, *, #6219, .F. ) ;
#3661 = AXIS2_PLACEMENT_3D ( 'NONE', #6907, #6863, #9169 ) ;
#3662 = VECTOR ( 'NONE', #9634, 1000.000000000000000 ) ;
#3663 = DIRECTION ( 'NONE',  ( -0.2657276780299894225, -0.9267025424900811048, 0.2657276780299894225 ) ) ;
#3664 = LINE ( 'NONE', #7739, #4419 ) ;
#3665 = CARTESIAN_POINT ( 'NONE',  ( -53.44999999999999574, 10.80000000000000071, -18.55000000000037730 ) ) ;
#3666 = ORIENTED_EDGE ( 'NONE', *, *, #5938, .T. ) ;
#3667 = EDGE_LOOP ( 'NONE', ( #8764, #4628, #5968, #262 ) ) ;
#3668 = LINE ( 'NONE', #9795, #6675 ) ;
#3669 = VECTOR ( 'NONE', #1187, 1000.000000000000227 ) ;
#3670 = LINE ( 'NONE', #6782, #985 ) ;
#3671 = ADVANCED_FACE ( 'NONE', ( #2669 ), #2825, .F. ) ;
#3672 = VECTOR ( 'NONE', #3755, 1000.000000000000227 ) ;
#3673 = CARTESIAN_POINT ( 'NONE',  ( 60.02027957955104398, 7.500000000000000000, -31.94921176768562177 ) ) ;
#3674 = ORIENTED_EDGE ( 'NONE', *, *, #8862, .T. ) ;
#3675 = DIRECTION ( 'NONE',  ( -0.5001519828512185351, 0.8323926831162089535, 0.2386847610229712591 ) ) ;
#3676 = ORIENTED_EDGE ( 'NONE', *, *, #1710, .F. ) ;
#3677 = DIRECTION ( 'NONE',  ( -0.000000000000000000, -1.000000000000000000, -0.000000000000000000 ) ) ;
#3678 = CARTESIAN_POINT ( 'NONE',  ( 45.54999999999999005, 10.80000000000000071, -27.55000000000038796 ) ) ;
#3679 = CARTESIAN_POINT ( 'NONE',  ( -36.62532512953090702, 10.53731005528966058, 33.62499999999999289 ) ) ;
#3680 = ORIENTED_EDGE ( 'NONE', *, *, #6204, .F. ) ;
#3681 = VECTOR ( 'NONE', #2127, 1000.000000000000114 ) ;
#3682 = FACE_OUTER_BOUND ( 'NONE', #1967, .T. ) ;
#3683 = ORIENTED_EDGE ( 'NONE', *, *, #4570, .F. ) ;
#3684 = ORIENTED_EDGE ( 'NONE', *, *, #10034, .T. ) ;
#3685 = LINE ( 'NONE', #7458, #9153 ) ;
#3686 = EDGE_CURVE ( 'NONE', #449, #4142, #1141, .T. ) ;
#3687 = CARTESIAN_POINT ( 'NONE',  ( 18.54999999999999716, 10.80000000000000071, -26.45000000000038298 ) ) ;
#3688 = AXIS2_PLACEMENT_3D ( 'NONE', #222, #1702, #7089 ) ;
#3689 = LINE ( 'NONE', #2720, #7267 ) ;
#3690 = CARTESIAN_POINT ( 'NONE',  ( -54.49999999999997868, 10.79999999999989235, -36.50000000000039080 ) ) ;
#3691 = DIRECTION ( 'NONE',  ( 0.8741572761215374854, 0.4856429311786325531, -0.000000000000000000 ) ) ;
#3692 = CARTESIAN_POINT ( 'NONE',  ( -20.37499999999999645, 10.53731005528968723, -33.62500000000000711 ) ) ;
#3693 = ORIENTED_EDGE ( 'NONE', *, *, #6366, .F. ) ;
#3694 = ORIENTED_EDGE ( 'NONE', *, *, #2709, .T. ) ;
#3695 = AXIS2_PLACEMENT_3D ( 'NONE', #2590, #8800, #7065 ) ;
#3696 = ORIENTED_EDGE ( 'NONE', *, *, #5812, .F. ) ;
#3697 = ORIENTED_EDGE ( 'NONE', *, *, #6831, .T. ) ;
#3698 = AXIS2_PLACEMENT_3D ( 'NONE', #6622, #2703, #5814 ) ;
#3699 = CARTESIAN_POINT ( 'NONE',  ( 44.45000000000000284, 10.80000000000000071, 35.44999999999961204 ) ) ;
#3700 = EDGE_CURVE ( 'NONE', #7328, #8964, #7348, .T. ) ;
#3701 = ORIENTED_EDGE ( 'NONE', *, *, #8697, .F. ) ;
#3702 = PLANE ( 'NONE',  #4623 ) ;
#3703 = LINE ( 'NONE', #9167, #4354 ) ;
#3704 = ORIENTED_EDGE ( 'NONE', *, *, #6926, .T. ) ;
#3705 = VECTOR ( 'NONE', #1236, 1000.000000000000000 ) ;
#3706 = AXIS2_PLACEMENT_3D ( 'NONE', #1194, #4305, #9761 ) ;
#3707 = EDGE_CURVE ( 'NONE', #1501, #1837, #2719, .T. ) ;
#3708 = CARTESIAN_POINT ( 'NONE',  ( -53.44999999999999574, 10.80000000000000071, -8.450000000000388312 ) ) ;
#3709 = DIRECTION ( 'NONE',  ( 1.000000000000000000, 0.000000000000000000, 0.000000000000000000 ) ) ;
#3710 = VECTOR ( 'NONE', #10069, 1000.000000000000000 ) ;
#3711 = CARTESIAN_POINT ( 'NONE',  ( -51.62500000000000711, 7.500000000000000000, 16.50374022699554644 ) ) ;
#3712 = VERTEX_POINT ( 'NONE', #4356 ) ;
#3713 = EDGE_CURVE ( 'NONE', #6794, #536, #1962, .T. ) ;
#3714 = CARTESIAN_POINT ( 'NONE',  ( 15.62500000000000000, 10.80000000000000426, -26.45000000000038298 ) ) ;
#3715 = ORIENTED_EDGE ( 'NONE', *, *, #5049, .F. ) ;
#3716 = EDGE_CURVE ( 'NONE', #1994, #2404, #7401, .T. ) ;
#3717 = VECTOR ( 'NONE', #3299, 1000.000000000000114 ) ;
#3718 = CARTESIAN_POINT ( 'NONE',  ( -48.79638818434518299, -5.429073061943163303, -5.203611815655196260 ) ) ;
#3719 = PLANE ( 'NONE',  #1158 ) ;
#3720 = DIRECTION ( 'NONE',  ( 0.000000000000000000, -0.9612616959383180060, -0.2756373558170021054 ) ) ;
#3721 = VERTEX_POINT ( 'NONE', #8996 ) ;
#3722 = ORIENTED_EDGE ( 'NONE', *, *, #5230, .T. ) ;
#3723 = CARTESIAN_POINT ( 'NONE',  ( 61.43449314192414334, 7.500000000000000000, -33.36342533005872468 ) ) ;
#3724 = DIRECTION ( 'NONE',  ( -1.000000000000000000, 0.000000000000000000, 0.000000000000000000 ) ) ;
#3725 = ORIENTED_EDGE ( 'NONE', *, *, #2709, .F. ) ;
#3726 = EDGE_CURVE ( 'NONE', #9228, #6486, #1302, .T. ) ;
#3727 = PLANE ( 'NONE',  #8269 ) ;
#3728 = EDGE_LOOP ( 'NONE', ( #3761, #1851, #8666, #8112 ) ) ;
#3729 = PLANE ( 'NONE',  #64 ) ;
#3730 = FACE_OUTER_BOUND ( 'NONE', #229, .T. ) ;
#3731 = ADVANCED_FACE ( 'NONE', ( #2072 ), #4406, .F. ) ;
#3732 = DIRECTION ( 'NONE',  ( -1.000000000000000000, -6.617913326349485696E-16, 0.000000000000000000 ) ) ;
#3733 = ADVANCED_FACE ( 'NONE', ( #4456 ), #9102, .F. ) ;
#3734 = VERTEX_POINT ( 'NONE', #6940 ) ;
#3735 = DIRECTION ( 'NONE',  ( 0.000000000000000000, 0.000000000000000000, 1.000000000000000000 ) ) ;
#3736 = ORIENTED_EDGE ( 'NONE', *, *, #4495, .F. ) ;
#3737 = EDGE_LOOP ( 'NONE', ( #4715, #3163, #3435, #2397 ) ) ;
#3738 = CARTESIAN_POINT ( 'NONE',  ( 51.62500000000000711, 7.500000000000000000, 7.503740226995549101 ) ) ;
#3739 = ORIENTED_EDGE ( 'NONE', *, *, #6539, .F. ) ;
#3740 = ORIENTED_EDGE ( 'NONE', *, *, #3048, .F. ) ;
#3741 = LINE ( 'NONE', #5427, #4824 ) ;
#3742 = DIRECTION ( 'NONE',  ( 3.161696790679840518E-17, -1.102614705486210178E-16, -1.000000000000000000 ) ) ;
#3743 = CARTESIAN_POINT ( 'NONE',  ( 60.02027957955104398, 9.499999999999980460, -31.94921176768562177 ) ) ;
#3744 = DIRECTION ( 'NONE',  ( 3.161696790679823261E-17, -1.102614705486213383E-16, -1.000000000000000000 ) ) ;
#3745 = EDGE_CURVE ( 'NONE', #5533, #7708, #3790, .T. ) ;
#3746 = DIRECTION ( 'NONE',  ( -0.5001519828512187571, 0.8323926831162092865, 0.2386847610229693439 ) ) ;
#3747 = VERTEX_POINT ( 'NONE', #5327 ) ;
#3748 = ORIENTED_EDGE ( 'NONE', *, *, #6270, .T. ) ;
#3749 = ORIENTED_EDGE ( 'NONE', *, *, #3968, .F. ) ;
#3750 = LINE ( 'NONE', #605, #1156 ) ;
#3751 = LINE ( 'NONE', #7054, #3188 ) ;
#3752 = CARTESIAN_POINT ( 'NONE',  ( -5.168701556195899199E-16, 8.566080860090805160, 34.80943399447237141 ) ) ;
#3753 = AXIS2_PLACEMENT_3D ( 'NONE', #105, #5559, #870 ) ;
#3754 = LINE ( 'NONE', #6861, #8855 ) ;
#3755 = DIRECTION ( 'NONE',  ( -0.2657276780299911434, 0.9267025424900801056, 0.2657276780299911434 ) ) ;
#3756 = VECTOR ( 'NONE', #8400, 1000.000000000000114 ) ;
#3757 = CARTESIAN_POINT ( 'NONE',  ( 9.550000000000002487, 10.80000000000000071, -27.55000000000038796 ) ) ;
#3758 = ORIENTED_EDGE ( 'NONE', *, *, #4455, .F. ) ;
#3759 = ADVANCED_FACE ( 'NONE', ( #2365 ), #10016, .F. ) ;
#3760 = CARTESIAN_POINT ( 'NONE',  ( 58.32322330470334037, 9.699999999999974420, -37.32322330470339011 ) ) ;
#3761 = ORIENTED_EDGE ( 'NONE', *, *, #10020, .T. ) ;
#3762 = ORIENTED_EDGE ( 'NONE', *, *, #9894, .F. ) ;
#3763 = ADVANCED_BREP_SHAPE_REPRESENTATION ( '3 Segment Subtap', ( #6229, #5066 ), #8157 ) ;
#3764 = AXIS2_PLACEMENT_3D ( 'NONE', #4368, #9717, #2781 ) ;
#3765 = CARTESIAN_POINT ( 'NONE',  ( -53.44999999999999574, 10.80000000000000071, -18.55000000000037730 ) ) ;
#3766 = ORIENTED_EDGE ( 'NONE', *, *, #3943, .F. ) ;
#3767 = VECTOR ( 'NONE', #362, 1000.000000000000000 ) ;
#3768 = LINE ( 'NONE', #5357, #7232 ) ;
#3769 = CARTESIAN_POINT ( 'NONE',  ( 61.43449314192414334, 9.099999999999983658, 33.36342533005872468 ) ) ;
#3770 = VERTEX_POINT ( 'NONE', #1506 ) ;
#3771 = EDGE_LOOP ( 'NONE', ( #2477, #9810, #2823, #460 ) ) ;
#3772 = FACE_OUTER_BOUND ( 'NONE', #9063, .T. ) ;
#3773 = ADVANCED_FACE ( 'NONE', ( #4508 ), #3122, .F. ) ;
#3774 = AXIS2_PLACEMENT_3D ( 'NONE', #487, #6581, #8225 ) ;
#3775 = DIRECTION ( 'NONE',  ( -0.2657276780299913099, -0.9267025424900799946, 0.2657276780299913099 ) ) ;
#3776 = VECTOR ( 'NONE', #7540, 1000.000000000000000 ) ;
#3777 = VERTEX_POINT ( 'NONE', #4654 ) ;
#3778 = PLANE ( 'NONE',  #1108 ) ;
#3779 = ORIENTED_EDGE ( 'NONE', *, *, #7388, .F. ) ;
#3780 = DIRECTION ( 'NONE',  ( 0.9612616959383175619, -0.2756373558170040483, 0.000000000000000000 ) ) ;
#3781 = DIRECTION ( 'NONE',  ( -1.000000000000000000, 0.000000000000000000, 1.988221748970552022E-16 ) ) ;
#3782 = CARTESIAN_POINT ( 'NONE',  ( 16.80943399447264852, 8.566080860090398374, 19.19056600552696779 ) ) ;
#3783 = ORIENTED_EDGE ( 'NONE', *, *, #9968, .F. ) ;
#3784 = DIRECTION ( 'NONE',  ( 0.000000000000000000, 0.000000000000000000, 1.000000000000000000 ) ) ;
#3785 = VERTEX_POINT ( 'NONE', #5477 ) ;
#3786 = ORIENTED_EDGE ( 'NONE', *, *, #1999, .F. ) ;
#3787 = DIRECTION ( 'NONE',  ( -0.000000000000000000, 0.000000000000000000, 1.000000000000000000 ) ) ;
#3788 = ORIENTED_EDGE ( 'NONE', *, *, #6095, .T. ) ;
#3789 = EDGE_CURVE ( 'NONE', #1994, #5570, #9349, .T. ) ;
#3790 = LINE ( 'NONE', #4557, #8731 ) ;
#3791 = EDGE_CURVE ( 'NONE', #9963, #9977, #4705, .T. ) ;
#3792 = LINE ( 'NONE', #5527, #9421 ) ;
#3793 = DIRECTION ( 'NONE',  ( -0.000000000000000000, -0.2756373558170042704, -0.9612616959383174509 ) ) ;
#3794 = LINE ( 'NONE', #7814, #7061 ) ;
#3795 = CARTESIAN_POINT ( 'NONE',  ( -51.33839134370868607, 3.435945472310297788, -15.33839134370907686 ) ) ;
#3796 = ORIENTED_EDGE ( 'NONE', *, *, #924, .T. ) ;
#3797 = VERTEX_POINT ( 'NONE', #3942 ) ;
#3798 = ORIENTED_EDGE ( 'NONE', *, *, #8669, .T. ) ;
#3799 = VERTEX_POINT ( 'NONE', #4607 ) ;
#3800 = DIRECTION ( 'NONE',  ( 0.000000000000000000, 0.000000000000000000, 1.000000000000000000 ) ) ;
#3801 = CARTESIAN_POINT ( 'NONE',  ( 51.62500000000000000, 10.53731005528968723, -33.62500000000000000 ) ) ;
#3802 = EDGE_CURVE ( 'NONE', #8958, #1167, #5274, .T. ) ;
#3803 = ADVANCED_FACE ( 'NONE', ( #2316 ), #740, .F. ) ;
#3804 = LINE ( 'NONE', #7105, #6800 ) ;
#3805 = CARTESIAN_POINT ( 'NONE',  ( -17.44999999999999929, 10.80000000000000071, -0.5500000000003835154 ) ) ;
#3806 = AXIS2_PLACEMENT_3D ( 'NONE', #1888, #7132, #7996 ) ;
#3807 = PLANE ( 'NONE',  #8557 ) ;
#3808 = DIRECTION ( 'NONE',  ( 0.5001519828512186461, -0.8323926831162090645, 0.2386847610229710648 ) ) ;
#3809 = ORIENTED_EDGE ( 'NONE', *, *, #3907, .T. ) ;
#3810 = CARTESIAN_POINT ( 'NONE',  ( 15.62500000000000000, 10.80000000000000426, -27.55000000000038796 ) ) ;
#3811 = EDGE_CURVE ( 'NONE', #5915, #7892, #9921, .T. ) ;
#3812 = EDGE_CURVE ( 'NONE', #2629, #5464, #6185, .T. ) ;
#3813 = VECTOR ( 'NONE', #1745, 1000.000000000000227 ) ;
#3814 = ORIENTED_EDGE ( 'NONE', *, *, #9229, .F. ) ;
#3815 = CARTESIAN_POINT ( 'NONE',  ( -53.44999999999999574, 10.80000000000000071, 8.449999999999617373 ) ) ;
#3816 = EDGE_CURVE ( 'NONE', #9109, #7304, #3741, .T. ) ;
#3817 = DIRECTION ( 'NONE',  ( 1.000000000000000000, 3.308956663174743341E-16, 2.051382842168411359E-32 ) ) ;
#3818 = DIRECTION ( 'NONE',  ( 0.2657276780299913099, -0.9267025424900799946, 0.2657276780299913099 ) ) ;
#3819 = AXIS2_PLACEMENT_3D ( 'NONE', #8933, #9601, #4857 ) ;
#3820 = EDGE_LOOP ( 'NONE', ( #428, #2812, #7197, #9484 ) ) ;
#3821 = ORIENTED_EDGE ( 'NONE', *, *, #6417, .T. ) ;
#3822 = DIRECTION ( 'NONE',  ( -0.2657276780299913099, 0.9267025424900799946, 0.2657276780299913099 ) ) ;
#3823 = FACE_OUTER_BOUND ( 'NONE', #6532, .T. ) ;
#3824 = EDGE_CURVE ( 'NONE', #5533, #9160, #6043, .T. ) ;
#3825 = VERTEX_POINT ( 'NONE', #8530 ) ;
#3826 = AXIS2_PLACEMENT_3D ( 'NONE', #6262, #5406, #1436 ) ;
#3827 = CARTESIAN_POINT ( 'NONE',  ( -15.62500000000000711, 10.53731005528972098, -33.62500000000000000 ) ) ;
#3828 = ORIENTED_EDGE ( 'NONE', *, *, #2437, .T. ) ;
#3829 = LINE ( 'NONE', #2354, #5748 ) ;
#3830 = LINE ( 'NONE', #2260, #3051 ) ;
#3831 = ADVANCED_FACE ( 'NONE', ( #7759 ), #791, .T. ) ;
#3832 = DIRECTION ( 'NONE',  ( -0.000000000000000000, 1.000000000000000000, -0.000000000000000000 ) ) ;
#3833 = VECTOR ( 'NONE', #2871, 1000.000000000000114 ) ;
#3834 = EDGE_LOOP ( 'NONE', ( #9332, #3083, #6334, #5516 ) ) ;
#3835 = CARTESIAN_POINT ( 'NONE',  ( -51.62500000000000711, 10.80000000000000426, 8.449999999999617373 ) ) ;
#3836 = ORIENTED_EDGE ( 'NONE', *, *, #9494, .F. ) ;
#3837 = VERTEX_POINT ( 'NONE', #1404 ) ;
#3838 = VECTOR ( 'NONE', #7783, 1000.000000000000000 ) ;
#3839 = CARTESIAN_POINT ( 'NONE',  ( -61.00000000000000000, 10.49999999999999822, 8.000000000000000000 ) ) ;
#3840 = ORIENTED_EDGE ( 'NONE', *, *, #8203, .T. ) ;
#3841 = VECTOR ( 'NONE', #5794, 1000.000000000000114 ) ;
#3842 = DIRECTION ( 'NONE',  ( -0.000000000000000000, -0.2756373558170023830, -0.9612616959383180060 ) ) ;
#3843 = DIRECTION ( 'NONE',  ( -1.000000000000000000, 0.000000000000000000, -9.786874335553214321E-17 ) ) ;
#3844 = CARTESIAN_POINT ( 'NONE',  ( 13.90968028962738146, -0.2227888855197979190, 3.710733851115934012 ) ) ;
#3845 = VECTOR ( 'NONE', #5229, 1000.000000000000000 ) ;
#3846 = ADVANCED_FACE ( 'NONE', ( #7618 ), #647, .F. ) ;
#3847 = ADVANCED_FACE ( 'NONE', ( #6091 ), #2218, .F. ) ;
#3848 = CARTESIAN_POINT ( 'NONE',  ( 20.37499999999998934, 10.53731005528969078, -0.6253251295312850511 ) ) ;
#3849 = CARTESIAN_POINT ( 'NONE',  ( -20.37499999999999645, 7.500000000000000000, -16.50374022699631382 ) ) ;
#3850 = EDGE_LOOP ( 'NONE', ( #3132, #7430, #403, #5306 ) ) ;
#3851 = ORIENTED_EDGE ( 'NONE', *, *, #5024, .T. ) ;
#3852 = EDGE_CURVE ( 'NONE', #1995, #7884, #7040, .T. ) ;
#3853 = LINE ( 'NONE', #7048, #7514 ) ;
#3854 = EDGE_LOOP ( 'NONE', ( #3851, #8243, #7098, #8948 ) ) ;
#3855 = ORIENTED_EDGE ( 'NONE', *, *, #4514, .T. ) ;
#3856 = CARTESIAN_POINT ( 'NONE',  ( 0.000000000000000000, 7.500000000000000000, 25.50374022699554288 ) ) ;
#3857 = AXIS2_PLACEMENT_3D ( 'NONE', #7511, #6693, #7462 ) ;
#3858 = PLANE ( 'NONE',  #921 ) ;
#3859 = LINE ( 'NONE', #8597, #8909 ) ;
#3860 = CARTESIAN_POINT ( 'NONE',  ( 20.37499999999998934, 10.80000000000000426, -18.55000000000037730 ) ) ;
#3861 = VECTOR ( 'NONE', #8751, 1000.000000000000000 ) ;
#3862 = EDGE_CURVE ( 'NONE', #1412, #2675, #2608, .T. ) ;
#3863 = CARTESIAN_POINT ( 'NONE',  ( 19.19056600552734793, 8.566080860090412585, 25.80943399447225772 ) ) ;
#3864 = ADVANCED_FACE ( 'NONE', ( #4090 ), #8824, .F. ) ;
#3865 = LINE ( 'NONE', #3757, #9142 ) ;
#3866 = VECTOR ( 'NONE', #8932, 1000.000000000000114 ) ;
#3867 = ADVANCED_FACE ( 'NONE', ( #121 ), #2514, .F. ) ;
#3868 = VECTOR ( 'NONE', #6651, 1000.000000000000000 ) ;
#3869 = LINE ( 'NONE', #1339, #6617 ) ;
#3870 = EDGE_LOOP ( 'NONE', ( #8661, #1946, #6135, #8064 ) ) ;
#3871 = CARTESIAN_POINT ( 'NONE',  ( -18.54999999999999716, 7.500000000000000000, 35.44999999999998153 ) ) ;
#3872 = DIRECTION ( 'NONE',  ( 1.000000000000000000, 0.000000000000000000, 0.000000000000000000 ) ) ;
#3873 = EDGE_CURVE ( 'NONE', #1241, #5759, #5718, .T. ) ;
#3874 = AXIS2_PLACEMENT_3D ( 'NONE', #7114, #5026, #3288 ) ;
#3875 = LINE ( 'NONE', #7067, #3427 ) ;
#3876 = VECTOR ( 'NONE', #6337, 1000.000000000000000 ) ;
#3877 = APPLICATION_PROTOCOL_DEFINITION ( 'draft international standard', 'automotive_design', 1998, #645 ) ;
#3878 = ORIENTED_EDGE ( 'NONE', *, *, #8447, .T. ) ;
#3879 = ORIENTED_EDGE ( 'NONE', *, *, #3852, .F. ) ;
#3880 = LINE ( 'NONE', #4691, #9779 ) ;
#3881 = DIRECTION ( 'NONE',  ( -0.000000000000000000, -1.000000000000000000, -0.000000000000000000 ) ) ;
#3882 = EDGE_LOOP ( 'NONE', ( #6995, #751, #7410, #1860 ) ) ;
#3883 = VECTOR ( 'NONE', #1641, 1000.000000000000114 ) ;
#3884 = FACE_OUTER_BOUND ( 'NONE', #2766, .T. ) ;
#3885 = ORIENTED_EDGE ( 'NONE', *, *, #5219, .F. ) ;
#3886 = CARTESIAN_POINT ( 'NONE',  ( -20.37499999999999645, 10.53731005528966236, 33.62499999999999289 ) ) ;
#3887 = LINE ( 'NONE', #5369, #4842 ) ;
#3888 = CARTESIAN_POINT ( 'NONE',  ( 62.00000000000000000, 0.000000000000000000, -34.00000000000000000 ) ) ;
#3889 = EDGE_LOOP ( 'NONE', ( #7626, #6541, #1563, #8115 ) ) ;
#3890 = LINE ( 'NONE', #735, #3333 ) ;
#3891 = ORIENTED_EDGE ( 'NONE', *, *, #5459, .F. ) ;
#3892 = ORIENTED_EDGE ( 'NONE', *, *, #8447, .F. ) ;
#3893 = DIRECTION ( 'NONE',  ( 1.000000000000000000, 0.000000000000000000, 3.976443497941104043E-16 ) ) ;
#3894 = ADVANCED_FACE ( 'NONE', ( #3265 ), #1756, .F. ) ;
#3895 = CARTESIAN_POINT ( 'NONE',  ( 55.00000000000000000, 0.000000000000000000, 41.00000000000000000 ) ) ;
#3896 = DIRECTION ( 'NONE',  ( 1.000000000000000000, 0.000000000000000000, 0.000000000000000000 ) ) ;
#3897 = VERTEX_POINT ( 'NONE', #7911 ) ;
#3898 = CARTESIAN_POINT ( 'NONE',  ( 0.6253251295309081303, 10.53731005528965170, 33.62500000000000000 ) ) ;
#3899 = CARTESIAN_POINT ( 'NONE',  ( 16.80943399447264497, 8.566080860090401927, 16.80943399447225417 ) ) ;
#3900 = PLANE ( 'NONE',  #6291 ) ;
#3901 = ORIENTED_EDGE ( 'NONE', *, *, #984, .T. ) ;
#3902 = ORIENTED_EDGE ( 'NONE', *, *, #3968, .T. ) ;
#3903 = LINE ( 'NONE', #801, #2479 ) ;
#3904 = ORIENTED_EDGE ( 'NONE', *, *, #4029, .T. ) ;
#3905 = ORIENTED_EDGE ( 'NONE', *, *, #1939, .T. ) ;
#3906 = CARTESIAN_POINT ( 'NONE',  ( -51.62500000000000711, 10.53731005528969078, -9.625325129531292490 ) ) ;
#3907 = EDGE_CURVE ( 'NONE', #5741, #4637, #8052, .T. ) ;
#3908 = CARTESIAN_POINT ( 'NONE',  ( 0.000000000000000000, 7.500000000000000000, -34.50374022699632093 ) ) ;
#3909 = FACE_OUTER_BOUND ( 'NONE', #8223, .T. ) ;
#3910 = CARTESIAN_POINT ( 'NONE',  ( 17.45000000000000639, 10.80000000000000071, -18.55000000000037730 ) ) ;
#3911 = FACE_OUTER_BOUND ( 'NONE', #6920, .T. ) ;
#3912 = CARTESIAN_POINT ( 'NONE',  ( 1.190566005527469384, 8.566080860089998694, -34.80943399447291142 ) ) ;
#3913 = EDGE_CURVE ( 'NONE', #8095, #1954, #70, .T. ) ;
#3914 = VECTOR ( 'NONE', #3926, 1000.000000000000000 ) ;
#3915 = LINE ( 'NONE', #4017, #4673 ) ;
#3916 = EDGE_CURVE ( 'NONE', #5323, #10011, #7233, .T. ) ;
#3917 = VERTEX_POINT ( 'NONE', #2416 ) ;
#3918 = EDGE_CURVE ( 'NONE', #1828, #2614, #4045, .T. ) ;
#3919 = LINE ( 'NONE', #8754, #2421 ) ;
#3920 = VECTOR ( 'NONE', #1996, 1000.000000000000000 ) ;
#3921 = CARTESIAN_POINT ( 'NONE',  ( -51.62500000000000711, 10.53731005528969433, 8.374674870468716392 ) ) ;
#3922 = CARTESIAN_POINT ( 'NONE',  ( 17.45000000000000639, 10.80000000000000071, -27.55000000000038796 ) ) ;
#3923 = ORIENTED_EDGE ( 'NONE', *, *, #220, .T. ) ;
#3924 = ORIENTED_EDGE ( 'NONE', *, *, #6057, .T. ) ;
#3925 = CARTESIAN_POINT ( 'NONE',  ( -17.45000000000000639, 7.500000000000000000, -35.45000000000002416 ) ) ;
#3926 = DIRECTION ( 'NONE',  ( 0.000000000000000000, 0.000000000000000000, -1.000000000000000000 ) ) ;
#3927 = VECTOR ( 'NONE', #1725, 1000.000000000000000 ) ;
#3928 = VECTOR ( 'NONE', #9945, 1000.000000000000000 ) ;
#3929 = ORIENTED_EDGE ( 'NONE', *, *, #8905, .T. ) ;
#3930 = EDGE_CURVE ( 'NONE', #2885, #9364, #3312, .T. ) ;
#3931 = CARTESIAN_POINT ( 'NONE',  ( 18.54999999999999716, 10.80000000000000071, -27.55000000000038796 ) ) ;
#3932 = EDGE_LOOP ( 'NONE', ( #6898, #9268, #6827, #4403 ) ) ;
#3933 = CARTESIAN_POINT ( 'NONE',  ( -26.45000000000000284, 10.80000000000000071, -35.45000000000039364 ) ) ;
#3934 = CARTESIAN_POINT ( 'NONE',  ( -53.45000000000000284, 7.500000000000007105, -35.45000000000003126 ) ) ;
#3935 = EDGE_CURVE ( 'NONE', #8975, #7239, #937, .T. ) ;
#3936 = DIRECTION ( 'NONE',  ( 0.000000000000000000, -0.9612616959383180060, 0.2756373558170021054 ) ) ;
#3937 = LINE ( 'NONE', #4847, #1328 ) ;
#3938 = CARTESIAN_POINT ( 'NONE',  ( 51.62500000000000000, 10.80000000000000426, 8.449999999999617373 ) ) ;
#3939 = ORIENTED_EDGE ( 'NONE', *, *, #5679, .T. ) ;
#3940 = VECTOR ( 'NONE', #5775, 1000.000000000000114 ) ;
#3941 = CARTESIAN_POINT ( 'NONE',  ( -17.48410470708682141, 14.51721864012731977, 26.48410470708643416 ) ) ;
#3942 = CARTESIAN_POINT ( 'NONE',  ( 19.19056600552735503, 8.566080860090426796, -10.19056600552774228 ) ) ;
#3943 = EDGE_CURVE ( 'NONE', #1739, #9360, #173, .T. ) ;
#3944 = CARTESIAN_POINT ( 'NONE',  ( 0.000000000000000000, 7.500000000000000000, -7.503740226996326257 ) ) ;
#3945 = ORIENTED_EDGE ( 'NONE', *, *, #9229, .T. ) ;
#3946 = PLANE ( 'NONE',  #9896 ) ;
#3947 = DIRECTION ( 'NONE',  ( -1.000000000000000000, -0.000000000000000000, -0.000000000000000000 ) ) ;
#3948 = CARTESIAN_POINT ( 'NONE',  ( 15.62500000000000000, 10.53731005528968723, -33.62500000000000000 ) ) ;
#3949 = EDGE_CURVE ( 'NONE', #3590, #1412, #1655, .T. ) ;
#3950 = EDGE_LOOP ( 'NONE', ( #8374, #2560, #5543, #8492, #3639, #2610, #6580, #6738, #9175, #7160, #2443, #6116, #4862, #5897, #8386, #1728 ) ) ;
#3951 = ORIENTED_EDGE ( 'NONE', *, *, #7359, .F. ) ;
#3952 = LINE ( 'NONE', #81, #38 ) ;
#3953 = ORIENTED_EDGE ( 'NONE', *, *, #2210, .F. ) ;
#3954 = ORIENTED_EDGE ( 'NONE', *, *, #223, .T. ) ;
#3955 = CARTESIAN_POINT ( 'NONE',  ( 45.54999999999999005, 10.80000000000000071, 18.54999999999960991 ) ) ;
#3956 = DIRECTION ( 'NONE',  ( -1.000000000000000000, 0.000000000000000000, 0.000000000000000000 ) ) ;
#3957 = EDGE_CURVE ( 'NONE', #5314, #1739, #5672, .T. ) ;
#3958 = CARTESIAN_POINT ( 'NONE',  ( -20.37499999999999645, 10.53731005528968545, -17.37467487046947667 ) ) ;
#3959 = DIRECTION ( 'NONE',  ( -0.5001519828512185351, -0.8323926831162089535, -0.2386847610229712591 ) ) ;
#3960 = EDGE_CURVE ( 'NONE', #7550, #9755, #3364, .T. ) ;
#3961 = EDGE_LOOP ( 'NONE', ( #8388, #5727, #4855, #10077 ) ) ;
#3962 = CARTESIAN_POINT ( 'NONE',  ( -15.97389213354960447, 5.652200105873706804, -6.973892133549991712 ) ) ;
#3963 = LINE ( 'NONE', #4825, #3264 ) ;
#3964 = DIRECTION ( 'NONE',  ( 1.000000000000000000, 0.000000000000000000, 0.000000000000000000 ) ) ;
#3965 = VERTEX_POINT ( 'NONE', #1802 ) ;
#3966 = VECTOR ( 'NONE', #5265, 1000.000000000000000 ) ;
#3967 = CARTESIAN_POINT ( 'NONE',  ( -51.62500000000000711, 10.53731005528969789, 33.62499999999999289 ) ) ;
#3968 = EDGE_CURVE ( 'NONE', #1900, #4198, #9597, .T. ) ;
#3969 = ADVANCED_FACE ( 'NONE', ( #1034 ), #4133, .F. ) ;
#3970 = CARTESIAN_POINT ( 'NONE',  ( 14.06738976402696117, -0.9965637948163279525, 32.06738976402657215 ) ) ;
#3971 = CARTESIAN_POINT ( 'NONE',  ( 28.49625977300405921, 7.500000000000000000, -33.62500000000000000 ) ) ;
#3972 = DIRECTION ( 'NONE',  ( 0.000000000000000000, -0.9612616959383174509, -0.2756373558170039373 ) ) ;
#3973 = ORIENTED_EDGE ( 'NONE', *, *, #5245, .T. ) ;
#3974 = ORIENTED_EDGE ( 'NONE', *, *, #7866, .T. ) ;
#3975 = EDGE_CURVE ( 'NONE', #2058, #5719, #9032, .T. ) ;
#3976 = DIRECTION ( 'NONE',  ( 0.000000000000000000, -0.2756373558170042704, 0.9612616959383174509 ) ) ;
#3977 = VECTOR ( 'NONE', #7876, 1000.000000000000000 ) ;
#3978 = CARTESIAN_POINT ( 'NONE',  ( 24.26428640000785819, 22.25864506693678280, -26.58211138907231330 ) ) ;
#3979 = ORIENTED_EDGE ( 'NONE', *, *, #6372, .F. ) ;
#3980 = LINE ( 'NONE', #9489, #3717 ) ;
#3981 = ORIENTED_EDGE ( 'NONE', *, *, #7770, .F. ) ;
#3982 = CARTESIAN_POINT ( 'NONE',  ( -3.932610235973094781, -0.9965637948165171345, -32.06738976402728980 ) ) ;
#3983 = CARTESIAN_POINT ( 'NONE',  ( -15.62500000000000711, 7.500000000000000000, -7.503740226996326257 ) ) ;
#3984 = VECTOR ( 'NONE', #535, 1000.000000000000114 ) ;
#3985 = LINE ( 'NONE', #9344, #7890 ) ;
#3986 = CARTESIAN_POINT ( 'NONE',  ( -20.37499999999999645, 10.80000000000000426, -9.550000000000384404 ) ) ;
#3987 = CARTESIAN_POINT ( 'NONE',  ( 20.37499999999998934, 10.80000000000000426, -33.62500000000000000 ) ) ;
#3988 = VERTEX_POINT ( 'NONE', #3459 ) ;
#3989 = ORIENTED_EDGE ( 'NONE', *, *, #9419, .T. ) ;
#3990 = EDGE_CURVE ( 'NONE', #1242, #443, #9086, .T. ) ;
#3991 = LINE ( 'NONE', #5573, #3098 ) ;
#3992 = AXIS2_PLACEMENT_3D ( 'NONE', #6514, #517, #4435 ) ;
#3993 = CARTESIAN_POINT ( 'NONE',  ( -51.62500000000000711, 10.80000000000000071, 0.000000000000000000 ) ) ;
#3994 = CARTESIAN_POINT ( 'NONE',  ( 9.550000000000002487, 10.80000000000000071, 27.54999999999960991 ) ) ;
#3995 = ORIENTED_EDGE ( 'NONE', *, *, #6288, .F. ) ;
#3996 = CARTESIAN_POINT ( 'NONE',  ( -54.96378475451787438, 7.500000000000000000, 36.96378475451749068 ) ) ;
#3997 = DIRECTION ( 'NONE',  ( -1.000000000000000000, -0.000000000000000000, -0.000000000000000000 ) ) ;
#3998 = ORIENTED_EDGE ( 'NONE', *, *, #2534, .T. ) ;
#3999 = ORIENTED_EDGE ( 'NONE', *, *, #3407, .F. ) ;
#4000 = ORIENTED_EDGE ( 'NONE', *, *, #94, .T. ) ;
#4001 = ADVANCED_FACE ( 'NONE', ( #5207 ), #1897, .F. ) ;
#4002 = EDGE_CURVE ( 'NONE', #4850, #4366, #417, .T. ) ;
#4003 = FACE_OUTER_BOUND ( 'NONE', #6524, .T. ) ;
#4004 = VERTEX_POINT ( 'NONE', #4339 ) ;
#4005 = CARTESIAN_POINT ( 'NONE',  ( 0.000000000000000000, 10.80000000000000071, 33.62500000000000000 ) ) ;
#4006 = VECTOR ( 'NONE', #3214, 1000.000000000000114 ) ;
#4007 = CARTESIAN_POINT ( 'NONE',  ( -14.70289055386779253, 1.219690838746894768, -23.70289055386817267 ) ) ;
#4008 = VECTOR ( 'NONE', #4530, 1000.000000000000114 ) ;
#4009 = LINE ( 'NONE', #6302, #4836 ) ;
#4010 = DIRECTION ( 'NONE',  ( 1.000000000000000000, 0.000000000000000000, 0.000000000000000000 ) ) ;
#4011 = EDGE_LOOP ( 'NONE', ( #951, #5264, #9233, #1742 ) ) ;
#4012 = CARTESIAN_POINT ( 'NONE',  ( 54.96378475451788859, 7.500000000000000000, 36.96378475451749068 ) ) ;
#4013 = VECTOR ( 'NONE', #2933, 1000.000000000000000 ) ;
#4014 = CARTESIAN_POINT ( 'NONE',  ( -16.80943399447241404, 8.566080860090812266, 34.80943399447237141 ) ) ;
#4015 = DIRECTION ( 'NONE',  ( -0.000000000000000000, 0.000000000000000000, 1.000000000000000000 ) ) ;
#4016 = EDGE_CURVE ( 'NONE', #5690, #4736, #9745, .T. ) ;
#4017 = CARTESIAN_POINT ( 'NONE',  ( 20.37499999999998934, 7.500000000000000000, 25.50374022699554288 ) ) ;
#4018 = ORIENTED_EDGE ( 'NONE', *, *, #4072, .F. ) ;
#4019 = AXIS2_PLACEMENT_3D ( 'NONE', #3634, #6745, #9866 ) ;
#4020 = DIRECTION ( 'NONE',  ( -0.5001519828512185351, 0.8323926831162089535, 0.2386847610229712591 ) ) ;
#4021 = PLANE ( 'NONE',  #99 ) ;
#4022 = LINE ( 'NONE', #817, #5561 ) ;
#4023 = ORIENTED_EDGE ( 'NONE', *, *, #6853, .F. ) ;
#4024 = ORIENTED_EDGE ( 'NONE', *, *, #4477, .F. ) ;
#4025 = DIRECTION ( 'NONE',  ( 0.000000000000000000, -0.2756373558170021609, 0.9612616959383181170 ) ) ;
#4026 = AXIS2_PLACEMENT_3D ( 'NONE', #6992, #6290, #4761 ) ;
#4027 = VECTOR ( 'NONE', #7632, 1000.000000000000000 ) ;
#4028 = FACE_OUTER_BOUND ( 'NONE', #4351, .T. ) ;
#4029 = EDGE_CURVE ( 'NONE', #8649, #9458, #5000, .T. ) ;
#4030 = ORIENTED_EDGE ( 'NONE', *, *, #1462, .F. ) ;
#4031 = DIRECTION ( 'NONE',  ( 0.000000000000000000, 0.9612616959383180060, -0.2756373558170023830 ) ) ;
#4032 = VERTEX_POINT ( 'NONE', #474 ) ;
#4033 = VECTOR ( 'NONE', #464, 1000.000000000000114 ) ;
#4034 = CARTESIAN_POINT ( 'NONE',  ( -18.54999999999999716, 10.80000000000000071, 8.449999999999617373 ) ) ;
#4035 = DIRECTION ( 'NONE',  ( 0.000000000000000000, 0.9612616959383180060, -0.2756373558170023830 ) ) ;
#4036 = AXIS2_PLACEMENT_3D ( 'NONE', #6202, #900, #4571 ) ;
#4037 = DIRECTION ( 'NONE',  ( 3.161696790679837436E-17, -1.102614705486210548E-16, -1.000000000000000000 ) ) ;
#4038 = FACE_OUTER_BOUND ( 'NONE', #8636, .T. ) ;
#4039 = DIRECTION ( 'NONE',  ( 0.7071067811865474617, 0.000000000000000000, -0.7071067811865474617 ) ) ;
#4040 = ORIENTED_EDGE ( 'NONE', *, *, #1998, .T. ) ;
#4041 = ORIENTED_EDGE ( 'NONE', *, *, #9469, .T. ) ;
#4042 = CARTESIAN_POINT ( 'NONE',  ( 18.54999999999999716, 10.80000000000000071, -8.450000000000388312 ) ) ;
#4043 = AXIS2_PLACEMENT_3D ( 'NONE', #9304, #2220, #5428 ) ;
#4044 = EDGE_CURVE ( 'NONE', #7828, #3590, #2000, .T. ) ;
#4045 = LINE ( 'NONE', #5575, #2557 ) ;
#4046 = CARTESIAN_POINT ( 'NONE',  ( 13.90968028962738146, -0.2227888855197979190, 23.28926614888328928 ) ) ;
#4047 = EDGE_LOOP ( 'NONE', ( #4286, #4811, #6935, #8416 ) ) ;
#4048 = EDGE_CURVE ( 'NONE', #7456, #9131, #4237, .T. ) ;
#4049 = DIRECTION ( 'NONE',  ( -0.000000000000000000, -1.000000000000000000, -0.000000000000000000 ) ) ;
#4050 = CARTESIAN_POINT ( 'NONE',  ( 16.80943399447264497, 8.566080860090400151, 10.19056600552697311 ) ) ;
#4051 = VECTOR ( 'NONE', #9105, 1000.000000000000114 ) ;
#4052 = ORIENTED_EDGE ( 'NONE', *, *, #5607, .F. ) ;
#4053 = ORIENTED_EDGE ( 'NONE', *, *, #1205, .F. ) ;
#4054 = EDGE_LOOP ( 'NONE', ( #9808, #2674, #8132, #6645 ) ) ;
#4055 = ORIENTED_EDGE ( 'NONE', *, *, #3745, .F. ) ;
#4056 = FACE_OUTER_BOUND ( 'NONE', #9741, .T. ) ;
#4057 = ORIENTED_EDGE ( 'NONE', *, *, #5141, .F. ) ;
#4058 = CARTESIAN_POINT ( 'NONE',  ( -44.44999999999999574, 10.80000000000000071, -35.45000000000039364 ) ) ;
#4059 = DIRECTION ( 'NONE',  ( 0.9612616959383174509, -0.2756373558170042704, 0.000000000000000000 ) ) ;
#4060 = CARTESIAN_POINT ( 'NONE',  ( 34.80943399447252062, 8.566080860089995141, -34.80943399447291142 ) ) ;
#4061 = EDGE_CURVE ( 'NONE', #5826, #3224, #5761, .T. ) ;
#4062 = CARTESIAN_POINT ( 'NONE',  ( -20.37499999999999645, 10.53731005528968723, -9.625325129531296042 ) ) ;
#4063 = VERTEX_POINT ( 'NONE', #2757 ) ;
#4064 = LINE ( 'NONE', #7012, #3927 ) ;
#4065 = DIRECTION ( 'NONE',  ( 0.5000000000000154321, 0.7071067811865281438, -0.5000000000000121014 ) ) ;
#4066 = CARTESIAN_POINT ( 'NONE',  ( 17.44999999999999929, 7.500000000000007105, -35.45000000000003126 ) ) ;
#4067 = ORIENTED_EDGE ( 'NONE', *, *, #1703, .F. ) ;
#4068 = EDGE_CURVE ( 'NONE', #6017, #157, #1180, .T. ) ;
#4069 = FACE_OUTER_BOUND ( 'NONE', #3430, .T. ) ;
#4070 = LINE ( 'NONE', #5743, #4973 ) ;
#4071 = LINE ( 'NONE', #1633, #2471 ) ;
#4072 = EDGE_CURVE ( 'NONE', #7741, #8095, #8870, .T. ) ;
#4073 = VECTOR ( 'NONE', #7218, 1000.000000000000000 ) ;
#4074 = DIRECTION ( 'NONE',  ( 1.000000000000000000, 0.000000000000000000, 0.000000000000000000 ) ) ;
#4075 = DIRECTION ( 'NONE',  ( -0.000000000000000000, 1.000000000000000000, 0.000000000000000000 ) ) ;
#4076 = ORIENTED_EDGE ( 'NONE', *, *, #2428, .F. ) ;
#4077 = AXIS2_PLACEMENT_3D ( 'NONE', #9183, #723, #1585 ) ;
#4078 = CARTESIAN_POINT ( 'NONE',  ( -15.62500000000000711, 10.80000000000000426, -27.55000000000038796 ) ) ;
#4079 = ORIENTED_EDGE ( 'NONE', *, *, #1688, .T. ) ;
#4080 = CARTESIAN_POINT ( 'NONE',  ( 15.62500000000000000, 7.500000000000000000, 7.503740226995549101 ) ) ;
#4081 = DIRECTION ( 'NONE',  ( -0.000000000000000000, -0.000000000000000000, 1.000000000000000000 ) ) ;
#4082 = CARTESIAN_POINT ( 'NONE',  ( 35.37467487046907877, 10.53731005528965881, 33.62500000000000000 ) ) ;
#4083 = LINE ( 'NONE', #5615, #9786 ) ;
#4084 = EDGE_CURVE ( 'NONE', #3109, #6232, #7384, .T. ) ;
#4085 = CARTESIAN_POINT ( 'NONE',  ( 42.26428640000786174, 22.25864506693676148, 26.58211138907228488 ) ) ;
#4086 = ORIENTED_EDGE ( 'NONE', *, *, #155, .F. ) ;
#4087 = CARTESIAN_POINT ( 'NONE',  ( -37.49625977300406277, 7.500000000000000000, 33.62499999999999289 ) ) ;
#4088 = VECTOR ( 'NONE', #4787, 1000.000000000000000 ) ;
#4089 = AXIS2_PLACEMENT_3D ( 'NONE', #916, #5555, #154 ) ;
#4090 = FACE_OUTER_BOUND ( 'NONE', #1548, .T. ) ;
#4091 = CARTESIAN_POINT ( 'NONE',  ( 16.80943399447264852, 8.566080860090401927, -34.80943399447266984 ) ) ;
#4092 = VERTEX_POINT ( 'NONE', #5100 ) ;
#4093 = CARTESIAN_POINT ( 'NONE',  ( -20.02610786645035290, 5.652200105873887992, 6.973892133549262518 ) ) ;
#4094 = VECTOR ( 'NONE', #2631, 1000.000000000000000 ) ;
#4095 = VECTOR ( 'NONE', #10076, 1000.000000000000000 ) ;
#4096 = LINE ( 'NONE', #5054, #5121 ) ;
#4097 = VERTEX_POINT ( 'NONE', #4289 ) ;
#4098 = ORIENTED_EDGE ( 'NONE', *, *, #7893, .F. ) ;
#4099 = EDGE_CURVE ( 'NONE', #6547, #3229, #6569, .T. ) ;
#4100 = ORIENTED_EDGE ( 'NONE', *, *, #2273, .T. ) ;
#4101 = VERTEX_POINT ( 'NONE', #7334 ) ;
#4102 = CARTESIAN_POINT ( 'NONE',  ( 10.19056600552747227, 8.566080860090011129, -34.80943399447290432 ) ) ;
#4103 = DIRECTION ( 'NONE',  ( -1.000000000000000000, -0.000000000000000000, -0.000000000000000000 ) ) ;
#4104 = VECTOR ( 'NONE', #10063, 1000.000000000000000 ) ;
#4105 = LINE ( 'NONE', #235, #7255 ) ;
#4106 = PLANE ( 'NONE',  #6460 ) ;
#4107 = CARTESIAN_POINT ( 'NONE',  ( 0.000000000000000000, 7.500000000000000000, 25.50374022699554288 ) ) ;
#4108 = VERTEX_POINT ( 'NONE', #366 ) ;
#4109 = DIRECTION ( 'NONE',  ( -0.2657276780299913099, 0.9267025424900799946, 0.2657276780299913099 ) ) ;
#4110 = ADVANCED_FACE ( 'NONE', ( #9689 ), #5048, .F. ) ;
#4111 = CARTESIAN_POINT ( 'NONE',  ( -51.62500000000000711, 10.53731005528969433, 17.37467487046870573 ) ) ;
#4112 = DIRECTION ( 'NONE',  ( 0.000000000000000000, 0.000000000000000000, 1.000000000000000000 ) ) ;
#4113 = ORIENTED_EDGE ( 'NONE', *, *, #6599, .T. ) ;
#4114 = LINE ( 'NONE', #4730, #1113 ) ;
#4115 = CARTESIAN_POINT ( 'NONE',  ( -45.54999999999999005, 10.80000000000000071, -35.45000000000039364 ) ) ;
#4116 = CARTESIAN_POINT ( 'NONE',  ( -0.5499999999999949374, 10.80000000000000426, -33.62500000000000000 ) ) ;
#4117 = EDGE_CURVE ( 'NONE', #5485, #2070, #8158, .T. ) ;
#4118 = LINE ( 'NONE', #5603, #5552 ) ;
#4119 = FACE_OUTER_BOUND ( 'NONE', #4946, .T. ) ;
#4120 = ORIENTED_EDGE ( 'NONE', *, *, #1718, .T. ) ;
#4121 = EDGE_CURVE ( 'NONE', #73, #495, #4392, .T. ) ;
#4122 = CARTESIAN_POINT ( 'NONE',  ( -20.37499999999999645, 7.500000000000000000, -10.49625977300446067 ) ) ;
#4123 = ORIENTED_EDGE ( 'NONE', *, *, #1588, .T. ) ;
#4124 = PLANE ( 'NONE',  #1368 ) ;
#4125 = DIRECTION ( 'NONE',  ( -1.000000000000000000, -6.617913326349485696E-16, 0.000000000000000000 ) ) ;
#4126 = CARTESIAN_POINT ( 'NONE',  ( 35.44999999999999574, 10.80000000000000426, -33.62500000000000000 ) ) ;
#4127 = LINE ( 'NONE', #1695, #2624 ) ;
#4128 = VECTOR ( 'NONE', #8621, 1000.000000000000000 ) ;
#4129 = CARTESIAN_POINT ( 'NONE',  ( 20.37499999999998934, 10.80000000000000426, -8.450000000000388312 ) ) ;
#4130 = ORIENTED_EDGE ( 'NONE', *, *, #68, .F. ) ;
#4131 = ORIENTED_EDGE ( 'NONE', *, *, #4016, .F. ) ;
#4132 = CARTESIAN_POINT ( 'NONE',  ( 27.54999999999999005, 10.80000000000000071, -35.45000000000039364 ) ) ;
#4133 = PLANE ( 'NONE',  #5808 ) ;
#4134 = ADVANCED_FACE ( 'NONE', ( #2862 ), #5974, .F. ) ;
#4135 = VECTOR ( 'NONE', #5345, 1000.000000000000000 ) ;
#4136 = CARTESIAN_POINT ( 'NONE',  ( 57.89895923599142691, 7.500000000000000000, -36.89895923599147665 ) ) ;
#4137 = ORIENTED_EDGE ( 'NONE', *, *, #5959, .F. ) ;
#4138 = LINE ( 'NONE', #9504, #6615 ) ;
#4139 = DIRECTION ( 'NONE',  ( -1.000000000000000000, -0.000000000000000000, -0.000000000000000000 ) ) ;
#4140 = VERTEX_POINT ( 'NONE', #9375 ) ;
#4141 = ORIENTED_EDGE ( 'NONE', *, *, #5315, .T. ) ;
#4142 = VERTEX_POINT ( 'NONE', #4443 ) ;
#4143 = DIRECTION ( 'NONE',  ( -0.000000000000000000, -0.2756373558170042704, -0.9612616959383174509 ) ) ;
#4144 = VERTEX_POINT ( 'NONE', #8607 ) ;
#4145 = AXIS2_PLACEMENT_3D ( 'NONE', #6993, #6240, #9354 ) ;
#4146 = CARTESIAN_POINT ( 'NONE',  ( 45.54999999999999005, 10.80000000000000071, -9.550000000000384404 ) ) ;
#4147 = EDGE_CURVE ( 'NONE', #9748, #8198, #860, .T. ) ;
#4148 = CARTESIAN_POINT ( 'NONE',  ( 51.62500000000000000, 10.80000000000000071, 0.000000000000000000 ) ) ;
#4149 = EDGE_CURVE ( 'NONE', #162, #3079, #3915, .T. ) ;
#4150 = VECTOR ( 'NONE', #50, 1000.000000000000000 ) ;
#4151 = DIRECTION ( 'NONE',  ( -1.000000000000000000, 0.000000000000000000, 0.000000000000000000 ) ) ;
#4152 = EDGE_CURVE ( 'NONE', #1767, #169, #3869, .T. ) ;
#4153 = ORIENTED_EDGE ( 'NONE', *, *, #5756, .T. ) ;
#4154 = VERTEX_POINT ( 'NONE', #1527 ) ;
#4155 = VECTOR ( 'NONE', #3629, 1000.000000000000000 ) ;
#4156 = VECTOR ( 'NONE', #2283, 1000.000000000000227 ) ;
#4157 = CARTESIAN_POINT ( 'NONE',  ( 18.54999999999999005, -11.50000000000000000, -35.45000000000002416 ) ) ;
#4158 = VECTOR ( 'NONE', #662, 1000.000000000000000 ) ;
#4159 = DIRECTION ( 'NONE',  ( 0.000000000000000000, 0.000000000000000000, 1.000000000000000000 ) ) ;
#4160 = EDGE_CURVE ( 'NONE', #3734, #6759, #909, .T. ) ;
#4161 = CARTESIAN_POINT ( 'NONE',  ( 52.50374022699593013, 7.500000000000000000, 0.000000000000000000 ) ) ;
#4162 = ORIENTED_EDGE ( 'NONE', *, *, #923, .F. ) ;
#4163 = EDGE_CURVE ( 'NONE', #5373, #2452, #7547, .T. ) ;
#4164 = EDGE_CURVE ( 'NONE', #9234, #10003, #1676, .T. ) ;
#4165 = VECTOR ( 'NONE', #2997, 1000.000000000000000 ) ;
#4166 = LINE ( 'NONE', #3293, #2537 ) ;
#4167 = CARTESIAN_POINT ( 'NONE',  ( -51.62500000000000711, 10.80000000000000426, -18.55000000000037730 ) ) ;
#4168 = CARTESIAN_POINT ( 'NONE',  ( -53.45000000000000995, -11.50000000000000000, 35.44999999999996732 ) ) ;
#4169 = CARTESIAN_POINT ( 'NONE',  ( -52.80943399447264142, 8.566080860090426796, -1.272127533929287401E-16 ) ) ;
#4170 = VECTOR ( 'NONE', #8019, 1000.000000000000000 ) ;
#4171 = ORIENTED_EDGE ( 'NONE', *, *, #4597, .F. ) ;
#4172 = CARTESIAN_POINT ( 'NONE',  ( -46.49625977300406277, 7.500000000000000000, 0.000000000000000000 ) ) ;
#4173 = EDGE_LOOP ( 'NONE', ( #8128, #5145, #8411, #6405 ) ) ;
#4174 = EDGE_CURVE ( 'NONE', #8512, #1242, #5550, .T. ) ;
#4175 = DIRECTION ( 'NONE',  ( 0.000000000000000000, 0.000000000000000000, -1.000000000000000000 ) ) ;
#4176 = LINE ( 'NONE', #1692, #5815 ) ;
#4177 = CARTESIAN_POINT ( 'NONE',  ( 8.449999999999999289, 10.80000000000000071, 35.44999999999961204 ) ) ;
#4178 = DIRECTION ( 'NONE',  ( 0.7071067811865452413, 0.000000000000000000, 0.7071067811865497932 ) ) ;
#4179 = VECTOR ( 'NONE', #9135, 1000.000000000000114 ) ;
#4180 = DIRECTION ( 'NONE',  ( 0.000000000000000000, -0.2756373558170023830, 0.9612616959383180060 ) ) ;
#4181 = ORIENTED_EDGE ( 'NONE', *, *, #3172, .F. ) ;
#4182 = VERTEX_POINT ( 'NONE', #6312 ) ;
#4183 = LINE ( 'NONE', #171, #3607 ) ;
#4184 = EDGE_CURVE ( 'NONE', #4244, #4097, #1576, .T. ) ;
#4185 = CARTESIAN_POINT ( 'NONE',  ( 15.62500000000000000, 7.500000000000000000, -25.50374022699630672 ) ) ;
#4186 = VECTOR ( 'NONE', #4293, 1000.000000000000000 ) ;
#4187 = VECTOR ( 'NONE', #6349, 1000.000000000000000 ) ;
#4188 = DIRECTION ( 'NONE',  ( -1.000000000000000000, 0.000000000000000000, 0.000000000000000000 ) ) ;
#4189 = ORIENTED_EDGE ( 'NONE', *, *, #1754, .T. ) ;
#4190 = EDGE_CURVE ( 'NONE', #1133, #726, #2490, .T. ) ;
#4191 =( NAMED_UNIT ( * ) SI_UNIT ( $, .STERADIAN. ) SOLID_ANGLE_UNIT ( ) );
#4192 = ADVANCED_FACE ( 'NONE', ( #8553 ), #6964, .F. ) ;
#4193 = DIRECTION ( 'NONE',  ( 3.161696790679840518E-17, -1.102614705486210178E-16, -1.000000000000000000 ) ) ;
#4194 = EDGE_LOOP ( 'NONE', ( #3176, #6784, #6365, #8113 ) ) ;
#4195 = EDGE_LOOP ( 'NONE', ( #7956, #7773, #7649, #7800 ) ) ;
#4196 = DIRECTION ( 'NONE',  ( 1.000000000000000000, 0.000000000000000000, 0.000000000000000000 ) ) ;
#4197 = ORIENTED_EDGE ( 'NONE', *, *, #5475, .F. ) ;
#4198 = VERTEX_POINT ( 'NONE', #7787 ) ;
#4199 = DIRECTION ( 'NONE',  ( -0.2756373558170042704, 0.9612616959383174509, 0.000000000000000000 ) ) ;
#4200 = VECTOR ( 'NONE', #4015, 1000.000000000000000 ) ;
#4201 = VERTEX_POINT ( 'NONE', #812 ) ;
#4202 = AXIS2_PLACEMENT_3D ( 'NONE', #4807, #7912, #9642 ) ;
#4203 = EDGE_CURVE ( 'NONE', #8911, #1298, #4778, .T. ) ;
#4204 = CARTESIAN_POINT ( 'NONE',  ( 20.66160865629130683, 3.435945472310297788, -15.33839134370907686 ) ) ;
#4205 = CARTESIAN_POINT ( 'NONE',  ( 15.62500000000000000, 7.500000000000000000, -10.49625977300446067 ) ) ;
#4206 = VECTOR ( 'NONE', #2848, 1000.000000000000000 ) ;
#4207 = DIRECTION ( 'NONE',  ( -1.000000000000000000, -4.479964619998411121E-16, -1.284609183147281506E-16 ) ) ;
#4208 = ORIENTED_EDGE ( 'NONE', *, *, #3802, .T. ) ;
#4209 = VERTEX_POINT ( 'NONE', #2157 ) ;
#4210 = ORIENTED_EDGE ( 'NONE', *, *, #7866, .F. ) ;
#4211 = ORIENTED_EDGE ( 'NONE', *, *, #4992, .T. ) ;
#4212 = EDGE_CURVE ( 'NONE', #9755, #8928, #7883, .T. ) ;
#4213 = PLANE ( 'NONE',  #6857 ) ;
#4214 = CARTESIAN_POINT ( 'NONE',  ( 15.97389213354961157, 5.652200105873706804, -6.973892133549991712 ) ) ;
#4215 = FACE_OUTER_BOUND ( 'NONE', #3419, .T. ) ;
#4216 = ORIENTED_EDGE ( 'NONE', *, *, #8118, .F. ) ;
#4217 = ORIENTED_EDGE ( 'NONE', *, *, #4235, .T. ) ;
#4218 = LINE ( 'NONE', #6012, #7088 ) ;
#4219 = FACE_OUTER_BOUND ( 'NONE', #3323, .T. ) ;
#4220 = EDGE_CURVE ( 'NONE', #2635, #6232, #7834, .T. ) ;
#4221 = DIRECTION ( 'NONE',  ( 0.2657276780299894225, -0.9267025424900811048, 0.2657276780299894225 ) ) ;
#4222 = DIRECTION ( 'NONE',  ( 0.000000000000000000, -0.2756373558170042704, 0.9612616959383174509 ) ) ;
#4223 = ADVANCED_FACE ( 'NONE', ( #7732 ), #95, .F. ) ;
#4224 = ORIENTED_EDGE ( 'NONE', *, *, #7752, .T. ) ;
#4225 = FACE_OUTER_BOUND ( 'NONE', #3485, .T. ) ;
#4226 = VERTEX_POINT ( 'NONE', #2339 ) ;
#4227 = DIRECTION ( 'NONE',  ( 0.2386847610229712591, 0.8323926831162089535, 0.5001519828512185351 ) ) ;
#4228 = CARTESIAN_POINT ( 'NONE',  ( 51.62500000000000000, 10.80000000000000426, -0.5500000000003835154 ) ) ;
#4229 = PLANE ( 'NONE',  #9529 ) ;
#4230 = PLANE ( 'NONE',  #190 ) ;
#4231 = LINE ( 'NONE', #363, #6215 ) ;
#4232 = ORIENTED_EDGE ( 'NONE', *, *, #1535, .F. ) ;
#4233 = CARTESIAN_POINT ( 'NONE',  ( 61.43449314192414334, 9.099999999999983658, -33.36342533005872468 ) ) ;
#4234 = EDGE_CURVE ( 'NONE', #7542, #7248, #3191, .T. ) ;
#4235 = EDGE_CURVE ( 'NONE', #994, #2328, #3140, .T. ) ;
#4236 = VECTOR ( 'NONE', #8442, 1000.000000000000000 ) ;
#4237 = LINE ( 'NONE', #7285, #123 ) ;
#4238 = ORIENTED_EDGE ( 'NONE', *, *, #8712, .F. ) ;
#4239 = PLANE ( 'NONE',  #4845 ) ;
#4240 = EDGE_LOOP ( 'NONE', ( #9758, #4697, #9159, #5282 ) ) ;
#4241 = LINE ( 'NONE', #276, #2564 ) ;
#4242 = DIRECTION ( 'NONE',  ( 0.000000000000000000, 0.000000000000000000, 1.000000000000000000 ) ) ;
#4243 = VECTOR ( 'NONE', #2092, 1000.000000000000114 ) ;
#4244 = VERTEX_POINT ( 'NONE', #1057 ) ;
#4245 = LINE ( 'NONE', #7292, #7237 ) ;
#4246 = ORIENTED_EDGE ( 'NONE', *, *, #4553, .F. ) ;
#4247 = ORIENTED_EDGE ( 'NONE', *, *, #2763, .T. ) ;
#4248 = CARTESIAN_POINT ( 'NONE',  ( -61.00000000000000000, 9.899999999999998579, -8.000000000000000000 ) ) ;
#4249 = ORIENTED_EDGE ( 'NONE', *, *, #1053, .T. ) ;
#4250 = ADVANCED_FACE ( 'NONE', ( #3489 ), #4875, .F. ) ;
#4251 = ADVANCED_FACE ( 'NONE', ( #7981 ), #7259, .T. ) ;
#4252 = DIRECTION ( 'NONE',  ( 0.000000000000000000, 0.000000000000000000, -1.000000000000000000 ) ) ;
#4253 = VECTOR ( 'NONE', #7265, 1000.000000000000000 ) ;
#4254 = LINE ( 'NONE', #2581, #9566 ) ;
#4255 = VECTOR ( 'NONE', #6118, 1000.000000000000000 ) ;
#4256 = EDGE_CURVE ( 'NONE', #1241, #3462, #8798, .T. ) ;
#4257 = LINE ( 'NONE', #3479, #2839 ) ;
#4258 = DIRECTION ( 'NONE',  ( 0.000000000000000000, 0.000000000000000000, -1.000000000000000000 ) ) ;
#4259 = ORIENTED_EDGE ( 'NONE', *, *, #1095, .T. ) ;
#4260 = ORIENTED_EDGE ( 'NONE', *, *, #6583, .T. ) ;
#4261 = VERTEX_POINT ( 'NONE', #1781 ) ;
#4262 = ORIENTED_EDGE ( 'NONE', *, *, #8033, .T. ) ;
#4263 = VECTOR ( 'NONE', #1562, 1000.000000000000114 ) ;
#4264 = FACE_OUTER_BOUND ( 'NONE', #1752, .T. ) ;
#4265 = VECTOR ( 'NONE', #5758, 1000.000000000000000 ) ;
#4266 = LINE ( 'NONE', #6811, #2508 ) ;
#4267 = CARTESIAN_POINT ( 'NONE',  ( -20.37499999999999645, 10.80000000000000426, -8.450000000000388312 ) ) ;
#4268 = ORIENTED_EDGE ( 'NONE', *, *, #734, .T. ) ;
#4269 = EDGE_CURVE ( 'NONE', #4097, #1395, #5740, .T. ) ;
#4270 = DIRECTION ( 'NONE',  ( 1.000000000000000000, 0.000000000000000000, 0.000000000000000000 ) ) ;
#4271 = CARTESIAN_POINT ( 'NONE',  ( 0.000000000000000000, 7.500000000000000000, 10.49625977300367907 ) ) ;
#4272 = CARTESIAN_POINT ( 'NONE',  ( 20.37499999999998934, 10.53731005528969789, 33.62500000000000000 ) ) ;
#4273 = LINE ( 'NONE', #458, #914 ) ;
#4274 = ORIENTED_EDGE ( 'NONE', *, *, #7629, .F. ) ;
#4275 = VERTEX_POINT ( 'NONE', #9523 ) ;
#4276 = ADVANCED_FACE ( 'NONE', ( #4827 ), #8130, .F. ) ;
#4277 = CARTESIAN_POINT ( 'NONE',  ( 18.54999999999999005, 86.52417351671579127, -35.45000000000002416 ) ) ;
#4278 = ORIENTED_EDGE ( 'NONE', *, *, #8644, .T. ) ;
#4279 = EDGE_CURVE ( 'NONE', #2242, #3320, #3290, .T. ) ;
#4280 = CARTESIAN_POINT ( 'NONE',  ( -53.45000000000000995, 7.500000000000000000, 35.44999999999996732 ) ) ;
#4281 = DIRECTION ( 'NONE',  ( 0.000000000000000000, 0.000000000000000000, -1.000000000000000000 ) ) ;
#4282 = LINE ( 'NONE', #1279, #4805 ) ;
#4283 = EDGE_CURVE ( 'NONE', #2007, #3020, #1010, .T. ) ;
#4284 = CARTESIAN_POINT ( 'NONE',  ( -5.168701556195976113E-16, 8.566080860090819371, 34.80943399447237141 ) ) ;
#4285 = CARTESIAN_POINT ( 'NONE',  ( -25.80943399447253128, 8.566080860090016458, -34.80943399447291853 ) ) ;
#4286 = ORIENTED_EDGE ( 'NONE', *, *, #8489, .F. ) ;
#4287 = DIRECTION ( 'NONE',  ( 0.7071067811865452413, 0.000000000000000000, 0.7071067811865497932 ) ) ;
#4288 = DIRECTION ( 'NONE',  ( 1.000000000000000000, 0.000000000000000000, 0.000000000000000000 ) ) ;
#4289 = CARTESIAN_POINT ( 'NONE',  ( -15.62500000000000711, 10.53731005528969789, 18.62532512953050912 ) ) ;
#4290 = LINE ( 'NONE', #8871, #7944 ) ;
#4291 = VERTEX_POINT ( 'NONE', #1874 ) ;
#4292 = LINE ( 'NONE', #4498, #6406 ) ;
#4293 = DIRECTION ( 'NONE',  ( 0.000000000000000000, 0.000000000000000000, -1.000000000000000000 ) ) ;
#4294 = AXIS2_PLACEMENT_3D ( 'NONE', #1363, #9114, #5240 ) ;
#4295 = FACE_OUTER_BOUND ( 'NONE', #1083, .T. ) ;
#4296 = EDGE_CURVE ( 'NONE', #3441, #9822, #5790, .T. ) ;
#4297 = ORIENTED_EDGE ( 'NONE', *, *, #6717, .F. ) ;
#4298 = LINE ( 'NONE', #5771, #9214 ) ;
#4299 = VERTEX_POINT ( 'NONE', #6498 ) ;
#4300 = ORIENTED_EDGE ( 'NONE', *, *, #9912, .F. ) ;
#4301 = PLANE ( 'NONE',  #5884 ) ;
#4302 = ORIENTED_EDGE ( 'NONE', *, *, #2974, .T. ) ;
#4303 = AXIS2_PLACEMENT_3D ( 'NONE', #7976, #1196, #1776 ) ;
#4304 = DIRECTION ( 'NONE',  ( 1.000000000000000000, 0.000000000000000000, 0.000000000000000000 ) ) ;
#4305 = DIRECTION ( 'NONE',  ( 0.000000000000000000, -0.2756373558170042704, 0.9612616959383174509 ) ) ;
#4306 = DIRECTION ( 'NONE',  ( 0.000000000000000000, 0.000000000000000000, 1.000000000000000000 ) ) ;
#4307 = DIRECTION ( 'NONE',  ( -0.4578768884082914936, -0.7620351108204149737, 0.4578768884082912161 ) ) ;
#4308 = EDGE_CURVE ( 'NONE', #5281, #6510, #8849, .T. ) ;
#4309 = CARTESIAN_POINT ( 'NONE',  ( 18.54999999999999716, 10.80000000000000071, 27.54999999999960991 ) ) ;
#4310 = VECTOR ( 'NONE', #3226, 1000.000000000000000 ) ;
#4311 = VERTEX_POINT ( 'NONE', #4975 ) ;
#4312 = ORIENTED_EDGE ( 'NONE', *, *, #5300, .F. ) ;
#4313 = ORIENTED_EDGE ( 'NONE', *, *, #1624, .F. ) ;
#4314 = DIRECTION ( 'NONE',  ( -0.9612616959383174509, -0.2756373558170042704, 0.000000000000000000 ) ) ;
#4315 = CARTESIAN_POINT ( 'NONE',  ( -17.45000000000000639, 86.52417351671579127, -35.45000000000002416 ) ) ;
#4316 = VECTOR ( 'NONE', #9248, 999.9999999999998863 ) ;
#4317 = DIRECTION ( 'NONE',  ( 1.000000000000000000, 0.000000000000000000, 0.000000000000000000 ) ) ;
#4318 = EDGE_LOOP ( 'NONE', ( #9181, #3010, #4325, #3981 ) ) ;
#4319 = VERTEX_POINT ( 'NONE', #7210 ) ;
#4320 = DIRECTION ( 'NONE',  ( 0.000000000000000000, 0.000000000000000000, 1.000000000000000000 ) ) ;
#4321 = CARTESIAN_POINT ( 'NONE',  ( -28.49625977300406277, 7.500000000000000000, 0.000000000000000000 ) ) ;
#4322 = LINE ( 'NONE', #3605, #4243 ) ;
#4323 = EDGE_CURVE ( 'NONE', #5283, #9498, #2732, .T. ) ;
#4324 = LINE ( 'NONE', #4429, #2702 ) ;
#4325 = ORIENTED_EDGE ( 'NONE', *, *, #6655, .F. ) ;
#4326 = AXIS2_PLACEMENT_3D ( 'NONE', #2795, #6606, #9730 ) ;
#4327 = LINE ( 'NONE', #9678, #7129 ) ;
#4328 = VERTEX_POINT ( 'NONE', #247 ) ;
#4329 = DIRECTION ( 'NONE',  ( -3.469446951953605354E-14, -1.000000000000000000, 0.000000000000000000 ) ) ;
#4330 = DIRECTION ( 'NONE',  ( 3.161696790679824494E-17, -1.102614705486212890E-16, -1.000000000000000000 ) ) ;
#4331 = LINE ( 'NONE', #7538, #5295 ) ;
#4332 = LINE ( 'NONE', #7488, #2146 ) ;
#4333 = DIRECTION ( 'NONE',  ( 0.5001519828512185351, 0.8323926831162089535, -0.2386847610229712591 ) ) ;
#4334 = ORIENTED_EDGE ( 'NONE', *, *, #8521, .F. ) ;
#4335 = CARTESIAN_POINT ( 'NONE',  ( -15.62500000000000711, 10.80000000000000426, 18.54999999999960991 ) ) ;
#4336 = VECTOR ( 'NONE', #836, 1000.000000000000000 ) ;
#4337 = EDGE_CURVE ( 'NONE', #7253, #1564, #5027, .T. ) ;
#4338 = CARTESIAN_POINT ( 'NONE',  ( -20.37499999999999645, 10.80000000000000426, -33.62500000000000711 ) ) ;
#4339 = CARTESIAN_POINT ( 'NONE',  ( -17.44999999999999929, 10.80000000000000071, -27.55000000000038796 ) ) ;
#4340 = ORIENTED_EDGE ( 'NONE', *, *, #1127, .T. ) ;
#4341 = CARTESIAN_POINT ( 'NONE',  ( -52.80943399447263431, 8.566080860090423243, -19.19056600552773872 ) ) ;
#4342 = ORIENTED_EDGE ( 'NONE', *, *, #4147, .T. ) ;
#4343 = LINE ( 'NONE', #6627, #1202 ) ;
#4344 = LINE ( 'NONE', #5161, #7266 ) ;
#4345 = AXIS2_PLACEMENT_3D ( 'NONE', #7939, #5693, #4112 ) ;
#4346 = LINE ( 'NONE', #4500, #9852 ) ;
#4347 = VERTEX_POINT ( 'NONE', #4267 ) ;
#4348 = ORIENTED_EDGE ( 'NONE', *, *, #4633, .F. ) ;
#4349 = DIRECTION ( 'NONE',  ( -0.9902680687415695848, 0.1391731009600706559, 0.000000000000000000 ) ) ;
#4350 = ORIENTED_EDGE ( 'NONE', *, *, #3501, .F. ) ;
#4351 = EDGE_LOOP ( 'NONE', ( #3178, #9782, #8372, #7152 ) ) ;
#4352 = DIRECTION ( 'NONE',  ( 0.5001519828512185351, -0.8323926831162089535, 0.2386847610229712591 ) ) ;
#4353 = EDGE_CURVE ( 'NONE', #8772, #2288, #8701, .T. ) ;
#4354 = VECTOR ( 'NONE', #7415, 1000.000000000000000 ) ;
#4355 = EDGE_CURVE ( 'NONE', #2501, #763, #1727, .T. ) ;
#4356 = CARTESIAN_POINT ( 'NONE',  ( 57.89895923599141980, 7.500000000000000000, 36.89895923599146954 ) ) ;
#4357 = DIRECTION ( 'NONE',  ( -0.000000000000000000, 0.000000000000000000, 1.000000000000000000 ) ) ;
#4358 = LINE ( 'NONE', #7565, #1910 ) ;
#4359 = DIRECTION ( 'NONE',  ( -0.2657276780299913099, -0.9267025424900799946, 0.2657276780299913099 ) ) ;
#4360 = AXIS2_PLACEMENT_3D ( 'NONE', #8718, #1793, #9444 ) ;
#4361 = ADVANCED_FACE ( 'NONE', ( #4215 ), #3439, .F. ) ;
#4362 = VECTOR ( 'NONE', #8055, 1000.000000000000000 ) ;
#4363 = CARTESIAN_POINT ( 'NONE',  ( 20.37499999999998934, 10.80000000000000426, -33.62500000000000000 ) ) ;
#4364 = ORIENTED_EDGE ( 'NONE', *, *, #7764, .F. ) ;
#4365 = ORIENTED_EDGE ( 'NONE', *, *, #4308, .T. ) ;
#4366 = VERTEX_POINT ( 'NONE', #3388 ) ;
#4367 = VERTEX_POINT ( 'NONE', #6546 ) ;
#4368 = CARTESIAN_POINT ( 'NONE',  ( 20.37499999999998934, 10.80000000000000426, 33.62500000000000000 ) ) ;
#4369 = FACE_OUTER_BOUND ( 'NONE', #7749, .T. ) ;
#4370 = EDGE_CURVE ( 'NONE', #9756, #7508, #9666, .T. ) ;
#4371 = VECTOR ( 'NONE', #2289, 1000.000000000000114 ) ;
#4372 = DIRECTION ( 'NONE',  ( -0.7071067811865497932, 0.000000000000000000, -0.7071067811865452413 ) ) ;
#4373 = VERTEX_POINT ( 'NONE', #5842 ) ;
#4374 = ORIENTED_EDGE ( 'NONE', *, *, #4899, .T. ) ;
#4375 = FACE_OUTER_BOUND ( 'NONE', #3646, .T. ) ;
#4376 = DIRECTION ( 'NONE',  ( 0.9612616959383174509, -0.2756373558170042704, 0.000000000000000000 ) ) ;
#4377 = DIRECTION ( 'NONE',  ( -1.000000000000000000, 0.000000000000000000, 0.000000000000000000 ) ) ;
#4378 = DIRECTION ( 'NONE',  ( 1.000000000000000000, 0.000000000000000000, 0.000000000000000000 ) ) ;
#4379 = EDGE_CURVE ( 'NONE', #1994, #7124, #9881, .T. ) ;
#4380 = ORIENTED_EDGE ( 'NONE', *, *, #7613, .F. ) ;
#4381 = PLANE ( 'NONE',  #8444 ) ;
#4382 = ORIENTED_EDGE ( 'NONE', *, *, #9673, .T. ) ;
#4383 = CARTESIAN_POINT ( 'NONE',  ( 27.62532512953090702, 10.53731005528964637, 33.62500000000000000 ) ) ;
#4384 = EDGE_CURVE ( 'NONE', #5038, #627, #3648, .T. ) ;
#4385 = DIRECTION ( 'NONE',  ( 0.2657276780299897001, -0.9267025424900808828, 0.2657276780299897001 ) ) ;
#4386 = CARTESIAN_POINT ( 'NONE',  ( -16.80943399447264142, 8.566080860090416138, -34.80943399447265563 ) ) ;
#4387 = CARTESIAN_POINT ( 'NONE',  ( 17.45000000000000639, 10.80000000000000071, -18.55000000000037730 ) ) ;
#4388 = ORIENTED_EDGE ( 'NONE', *, *, #1960, .F. ) ;
#4389 = EDGE_LOOP ( 'NONE', ( #5164, #1265, #9698, #1712 ) ) ;
#4390 = CARTESIAN_POINT ( 'NONE',  ( 0.000000000000000000, 7.500000000000000000, 0.000000000000000000 ) ) ;
#4391 = PLANE ( 'NONE',  #4727 ) ;
#4392 = LINE ( 'NONE', #7496, #5338 ) ;
#4393 = ORIENTED_EDGE ( 'NONE', *, *, #7525, .T. ) ;
#4394 = DIRECTION ( 'NONE',  ( -0.4578768884082913271, -0.7620351108204149737, -0.4578768884082913271 ) ) ;
#4395 = ORIENTED_EDGE ( 'NONE', *, *, #4149, .T. ) ;
#4396 = DIRECTION ( 'NONE',  ( -1.000000000000000000, 0.000000000000000000, 0.000000000000000000 ) ) ;
#4397 = CARTESIAN_POINT ( 'NONE',  ( -18.54999999999999716, 10.80000000000000071, -17.45000000000039009 ) ) ;
#4398 = EDGE_CURVE ( 'NONE', #5534, #5305, #8954, .T. ) ;
#4399 = FACE_OUTER_BOUND ( 'NONE', #4195, .T. ) ;
#4400 = ORIENTED_EDGE ( 'NONE', *, *, #4768, .F. ) ;
#4401 = CARTESIAN_POINT ( 'NONE',  ( 52.80943399447264142, 8.566080860090410809, -19.19056600552774583 ) ) ;
#4402 = ORIENTED_EDGE ( 'NONE', *, *, #9494, .T. ) ;
#4403 = ORIENTED_EDGE ( 'NONE', *, *, #5352, .T. ) ;
#4404 = CARTESIAN_POINT ( 'NONE',  ( 0.000000000000000000, 7.500000000000000000, 28.49625977300367907 ) ) ;
#4405 = VECTOR ( 'NONE', #576, 1000.000000000000000 ) ;
#4406 = PLANE ( 'NONE',  #4019 ) ;
#4407 = CARTESIAN_POINT ( 'NONE',  ( 17.44999999999999929, 7.500000000000000000, -35.45000000000003126 ) ) ;
#4408 = DIRECTION ( 'NONE',  ( -1.000000000000000000, 0.000000000000000000, 0.000000000000000000 ) ) ;
#4409 = VECTOR ( 'NONE', #2809, 1000.000000000000114 ) ;
#4410 = EDGE_CURVE ( 'NONE', #9376, #4261, #9115, .T. ) ;
#4411 = CARTESIAN_POINT ( 'NONE',  ( -19.39060707660951266, 7.868454739437104273, 1.390607076609126302 ) ) ;
#4412 = CARTESIAN_POINT ( 'NONE',  ( -17.44999999999999929, 10.80000000000000071, -18.55000000000037730 ) ) ;
#4413 = ORIENTED_EDGE ( 'NONE', *, *, #5219, .T. ) ;
#4414 = ORIENTED_EDGE ( 'NONE', *, *, #9168, .T. ) ;
#4415 = EDGE_CURVE ( 'NONE', #5323, #2524, #9983, .T. ) ;
#4416 = VERTEX_POINT ( 'NONE', #8345 ) ;
#4417 = DIRECTION ( 'NONE',  ( -1.000000000000000000, 0.000000000000000000, 0.000000000000000000 ) ) ;
#4418 = VECTOR ( 'NONE', #7480, 1000.000000000000114 ) ;
#4419 = VECTOR ( 'NONE', #570, 1000.000000000000000 ) ;
#4420 = DIRECTION ( 'NONE',  ( 0.000000000000000000, 0.000000000000000000, 1.000000000000000000 ) ) ;
#4421 = CARTESIAN_POINT ( 'NONE',  ( -17.45000000000001350, 7.500000000000000000, 35.44999999999997442 ) ) ;
#4422 = VERTEX_POINT ( 'NONE', #660 ) ;
#4423 = VECTOR ( 'NONE', #2896, 1000.000000000000000 ) ;
#4424 = CARTESIAN_POINT ( 'NONE',  ( 20.37499999999998934, 10.53731005528969433, 17.37467487046870573 ) ) ;
#4425 = EDGE_CURVE ( 'NONE', #5776, #1767, #1974, .T. ) ;
#4426 = DIRECTION ( 'NONE',  ( -0.9612616959383180060, -0.2756373558170023830, 0.000000000000000000 ) ) ;
#4427 = VECTOR ( 'NONE', #7592, 1000.000000000000000 ) ;
#4428 = DIRECTION ( 'NONE',  ( -1.000000000000000000, 0.000000000000000000, 0.000000000000000000 ) ) ;
#4429 = CARTESIAN_POINT ( 'NONE',  ( -47.73571359999212405, 22.25864506693678280, -26.58211138907232041 ) ) ;
#4430 = VECTOR ( 'NONE', #8314, 999.9999999999998863 ) ;
#4431 = ORIENTED_EDGE ( 'NONE', *, *, #4570, .T. ) ;
#4432 = DIRECTION ( 'NONE',  ( -0.7071067811865475727, 0.000000000000000000, 0.7071067811865475727 ) ) ;
#4433 = ORIENTED_EDGE ( 'NONE', *, *, #5892, .T. ) ;
#4434 = ADVANCED_FACE ( 'NONE', ( #5077 ), #5131, .F. ) ;
#4435 = DIRECTION ( 'NONE',  ( 1.000000000000000000, 0.000000000000000000, -0.000000000000000000 ) ) ;
#4436 = CARTESIAN_POINT ( 'NONE',  ( 53.44999999999999574, 10.80000000000000071, -0.5500000000003835154 ) ) ;
#4437 = DIRECTION ( 'NONE',  ( 1.000000000000000000, 0.000000000000000000, 0.000000000000000000 ) ) ;
#4438 = ORIENTED_EDGE ( 'NONE', *, *, #5634, .T. ) ;
#4439 = ORIENTED_EDGE ( 'NONE', *, *, #6553, .F. ) ;
#4440 = CARTESIAN_POINT ( 'NONE',  ( 61.85875721063606392, 9.699999999999974420, 33.78768939877064525 ) ) ;
#4441 = CARTESIAN_POINT ( 'NONE',  ( 18.54999999999999005, 7.500000000000000000, -35.45000000000002416 ) ) ;
#4442 = ADVANCED_FACE ( 'NONE', ( #8395 ), #1206, .F. ) ;
#4443 = CARTESIAN_POINT ( 'NONE',  ( -0.5499999999999949374, 10.80000000000000071, -35.45000000000039364 ) ) ;
#4444 = EDGE_LOOP ( 'NONE', ( #7717, #1855, #5726, #1309 ) ) ;
#4445 = LINE ( 'NONE', #476, #7779 ) ;
#4446 = ORIENTED_EDGE ( 'NONE', *, *, #7598, .F. ) ;
#4447 = LINE ( 'NONE', #2760, #3306 ) ;
#4448 = CARTESIAN_POINT ( 'NONE',  ( -15.62500000000000711, 7.500000000000000000, -25.50374022699630672 ) ) ;
#4449 = DIRECTION ( 'NONE',  ( 1.000000000000000000, 0.000000000000000000, 0.000000000000000000 ) ) ;
#4450 = ORIENTED_EDGE ( 'NONE', *, *, #945, .F. ) ;
#4451 = DIRECTION ( 'NONE',  ( 1.000000000000000000, 3.308956663174743341E-16, 2.051382842168411359E-32 ) ) ;
#4452 = ORIENTED_EDGE ( 'NONE', *, *, #8892, .F. ) ;
#4453 = EDGE_LOOP ( 'NONE', ( #8541, #3339, #9731, #5871 ) ) ;
#4454 = CARTESIAN_POINT ( 'NONE',  ( -10.49625977300406454, 7.500000000000000000, 0.000000000000000000 ) ) ;
#4455 = EDGE_CURVE ( 'NONE', #1920, #5793, #7576, .T. ) ;
#4456 = FACE_OUTER_BOUND ( 'NONE', #8872, .T. ) ;
#4457 = AXIS2_PLACEMENT_3D ( 'NONE', #7750, #3780, #5517 ) ;
#4458 = CARTESIAN_POINT ( 'NONE',  ( 61.43449314192414334, 10.49999999999999822, 33.36342533005872468 ) ) ;
#4459 = DIRECTION ( 'NONE',  ( -1.000000000000000000, -0.000000000000000000, -0.000000000000000000 ) ) ;
#4460 = PLANE ( 'NONE',  #3481 ) ;
#4461 = DIRECTION ( 'NONE',  ( 0.000000000000000000, -0.2756373558170023830, 0.9612616959383180060 ) ) ;
#4462 = VERTEX_POINT ( 'NONE', #1420 ) ;
#4463 = VERTEX_POINT ( 'NONE', #608 ) ;
#4464 = EDGE_LOOP ( 'NONE', ( #4909, #2952, #1110, #7716 ) ) ;
#4465 = ORIENTED_EDGE ( 'NONE', *, *, #3509, .F. ) ;
#4466 = VECTOR ( 'NONE', #1571, 1000.000000000000114 ) ;
#4467 = CARTESIAN_POINT ( 'NONE',  ( 17.44999999999999929, 7.500000000000000000, 35.44999999999998863 ) ) ;
#4468 = EDGE_CURVE ( 'NONE', #2491, #7542, #9771, .T. ) ;
#4469 = EDGE_CURVE ( 'NONE', #946, #1294, #3703, .T. ) ;
#4470 = CARTESIAN_POINT ( 'NONE',  ( -24.25000000000040146, -24.25000000000006750, -8.000000000000000000 ) ) ;
#4471 = DIRECTION ( 'NONE',  ( -1.000000000000000000, 0.000000000000000000, 0.000000000000000000 ) ) ;
#4472 = ORIENTED_EDGE ( 'NONE', *, *, #2945, .T. ) ;
#4473 = VECTOR ( 'NONE', #7566, 1000.000000000000000 ) ;
#4474 = DIRECTION ( 'NONE',  ( -0.000000000000000000, -0.000000000000000000, 1.000000000000000000 ) ) ;
#4475 = DIRECTION ( 'NONE',  ( 0.7071067811865452413, 0.000000000000000000, -0.7071067811865497932 ) ) ;
#4476 = VECTOR ( 'NONE', #8485, 1000.000000000000000 ) ;
#4477 = EDGE_CURVE ( 'NONE', #726, #4032, #448, .T. ) ;
#4478 = CARTESIAN_POINT ( 'NONE',  ( -18.54999999999999716, 10.80000000000000071, -27.55000000000038796 ) ) ;
#4479 = ADVANCED_FACE ( 'NONE', ( #6814 ), #8242, .F. ) ;
#4480 = ORIENTED_EDGE ( 'NONE', *, *, #7126, .F. ) ;
#4481 = EDGE_CURVE ( 'NONE', #1125, #144, #3598, .T. ) ;
#4482 = CARTESIAN_POINT ( 'NONE',  ( 18.54999999999998295, 7.500000000000007105, 35.44999999999997442 ) ) ;
#4483 = ORIENTED_EDGE ( 'NONE', *, *, #9338, .T. ) ;
#4484 = VECTOR ( 'NONE', #1452, 1000.000000000000000 ) ;
#4485 = DIRECTION ( 'NONE',  ( 0.000000000000000000, -0.9612616959383174509, -0.2756373558170039373 ) ) ;
#4486 = CARTESIAN_POINT ( 'NONE',  ( 13.08484749617240084, 14.76483374945124361, 26.41310221704363315 ) ) ;
#4487 = DIRECTION ( 'NONE',  ( 0.000000000000000000, 0.000000000000000000, -1.000000000000000000 ) ) ;
#4488 = EDGE_LOOP ( 'NONE', ( #7521, #5271, #5234, #66 ) ) ;
#4489 = VERTEX_POINT ( 'NONE', #1314 ) ;
#4490 = LINE ( 'NONE', #7743, #7162 ) ;
#4491 = VECTOR ( 'NONE', #1697, 1000.000000000000000 ) ;
#4492 = CARTESIAN_POINT ( 'NONE',  ( -52.80943399447264142, 8.566080860090423243, -28.19056600552773872 ) ) ;
#4493 = AXIS2_PLACEMENT_3D ( 'NONE', #3196, #5553, #8031 ) ;
#4494 = ORIENTED_EDGE ( 'NONE', *, *, #5301, .F. ) ;
#4495 = EDGE_CURVE ( 'NONE', #9003, #4735, #5948, .T. ) ;
#4496 = CARTESIAN_POINT ( 'NONE',  ( 43.50374022699593723, 7.500000000000000000, 0.000000000000000000 ) ) ;
#4497 = EDGE_LOOP ( 'NONE', ( #2264, #6733, #3321, #7294, #7393, #4120, #8752, #1686, #4076, #8207, #5656, #8877, #9055, #405, #5255, #4802, #9314, #9978, #8452, #1598, #5469, #2449, #293, #1252, #847, #1131, #3740, #5451, #1188, #5713, #8354, #8143, #369, #5686, #1069, #6809, #5051, #5811, #9959, #322, #3736, #8601, #3115, #232, #5689, #1765, #9196, #975, #394, #1343, #4912, #6688, #8116, #2916, #5762, #2910, #3261, #7692, #7269, #6381, #6947, #7702, #1547, #5204, #118, #8473, #9785, #5602, #3953, #6003, #2099, #6815, #721, #9311, #9652, #539, #818, #9554, #1383, #5194, #6635, #7198, #5125, #6031 ) ) ;
#4498 = CARTESIAN_POINT ( 'NONE',  ( -18.54999999999999716, 10.80000000000000071, 26.44999999999961204 ) ) ;
#4499 = CARTESIAN_POINT ( 'NONE',  ( -5.168701556195976113E-16, 8.566080860090819371, 34.80943399447237141 ) ) ;
#4500 = CARTESIAN_POINT ( 'NONE',  ( -17.44999999999999929, 10.80000000000000071, 18.54999999999960991 ) ) ;
#4501 = ORIENTED_EDGE ( 'NONE', *, *, #1722, .F. ) ;
#4502 = VECTOR ( 'NONE', #2020, 1000.000000000000000 ) ;
#4503 = DIRECTION ( 'NONE',  ( 0.000000000000000000, 0.000000000000000000, 1.000000000000000000 ) ) ;
#4504 = ORIENTED_EDGE ( 'NONE', *, *, #1147, .F. ) ;
#4505 = ORIENTED_EDGE ( 'NONE', *, *, #4804, .T. ) ;
#4506 = FACE_OUTER_BOUND ( 'NONE', #3549, .T. ) ;
#4507 = ORIENTED_EDGE ( 'NONE', *, *, #8605, .F. ) ;
#4508 = FACE_OUTER_BOUND ( 'NONE', #3578, .T. ) ;
#4509 = AXIS2_PLACEMENT_3D ( 'NONE', #7664, #6140, #8480 ) ;
#4510 = CARTESIAN_POINT ( 'NONE',  ( 19.19056600552735148, 8.566080860090417914, -1.272127533929277047E-16 ) ) ;
#4511 = PLANE ( 'NONE',  #8107 ) ;
#4512 = PLANE ( 'NONE',  #2528 ) ;
#4513 = CARTESIAN_POINT ( 'NONE',  ( 15.62500000000000000, 10.53731005528968723, -33.62500000000000000 ) ) ;
#4514 = EDGE_CURVE ( 'NONE', #6510, #6392, #2940, .T. ) ;
#4515 = EDGE_LOOP ( 'NONE', ( #8894, #7843, #1540, #2296 ) ) ;
#4516 = EDGE_LOOP ( 'NONE', ( #8716, #7091, #8149, #6928, #1087, #3005, #330, #2620, #1797, #2142, #5904, #353, #7558, #2424, #8237, #9352 ) ) ;
#4517 = VECTOR ( 'NONE', #2931, 1000.000000000000114 ) ;
#4518 = VERTEX_POINT ( 'NONE', #7526 ) ;
#4519 = VECTOR ( 'NONE', #8678, 1000.000000000000000 ) ;
#4520 = CARTESIAN_POINT ( 'NONE',  ( 0.000000000000000000, 7.500000000000000000, 10.49625977300367907 ) ) ;
#4521 = DIRECTION ( 'NONE',  ( 0.000000000000000000, 0.000000000000000000, 1.000000000000000000 ) ) ;
#4522 = CARTESIAN_POINT ( 'NONE',  ( 51.62500000000000000, 10.80000000000000426, -33.62500000000000000 ) ) ;
#4523 = VECTOR ( 'NONE', #7032, 1000.000000000000000 ) ;
#4524 = AXIS2_PLACEMENT_3D ( 'NONE', #3168, #4608, #9259 ) ;
#4525 = CARTESIAN_POINT ( 'NONE',  ( 15.62500000000000000, 10.80000000000000426, 0.5499999999996132427 ) ) ;
#4526 = EDGE_CURVE ( 'NONE', #5765, #10064, #555, .T. ) ;
#4527 = CARTESIAN_POINT ( 'NONE',  ( -17.44999999999999929, 10.80000000000000071, -8.450000000000388312 ) ) ;
#4528 = LINE ( 'NONE', #9887, #7667 ) ;
#4529 = AXIS2_PLACEMENT_3D ( 'NONE', #7651, #10052, #3013 ) ;
#4530 = DIRECTION ( 'NONE',  ( 0.000000000000000000, -0.9612616959383180060, -0.2756373558170021054 ) ) ;
#4531 = VERTEX_POINT ( 'NONE', #40 ) ;
#4532 = CARTESIAN_POINT ( 'NONE',  ( 61.85875721063606392, 9.699999999999974420, 33.78768939877064525 ) ) ;
#4533 = EDGE_LOOP ( 'NONE', ( #5142, #9197, #6753, #2136 ) ) ;
#4534 = VECTOR ( 'NONE', #544, 1000.000000000000000 ) ;
#4535 = EDGE_CURVE ( 'NONE', #7310, #5376, #2232, .T. ) ;
#4536 = PLANE ( 'NONE',  #3826 ) ;
#4537 = CARTESIAN_POINT ( 'NONE',  ( 0.000000000000000000, 7.500000000000000000, -1.496259773004444904 ) ) ;
#4538 = EDGE_LOOP ( 'NONE', ( #8685, #2820, #1413, #4278 ) ) ;
#4539 = VERTEX_POINT ( 'NONE', #6956 ) ;
#4540 = DIRECTION ( 'NONE',  ( -1.000000000000000000, 0.000000000000000000, -0.000000000000000000 ) ) ;
#4541 = PLANE ( 'NONE',  #6844 ) ;
#4542 = ORIENTED_EDGE ( 'NONE', *, *, #8249, .F. ) ;
#4543 = PLANE ( 'NONE',  #4529 ) ;
#4544 = ORIENTED_EDGE ( 'NONE', *, *, #5245, .F. ) ;
#4545 = FACE_OUTER_BOUND ( 'NONE', #3232, .T. ) ;
#4546 = CARTESIAN_POINT ( 'NONE',  ( 18.54999999999999005, -11.50000000000000000, -35.45000000000002416 ) ) ;
#4547 = CARTESIAN_POINT ( 'NONE',  ( 51.62500000000000000, 7.500000000000000000, 10.49625977300367907 ) ) ;
#4548 = VERTEX_POINT ( 'NONE', #87 ) ;
#4549 = VERTEX_POINT ( 'NONE', #3183 ) ;
#4550 = CARTESIAN_POINT ( 'NONE',  ( 20.37499999999998934, 10.80000000000000426, 33.62500000000000000 ) ) ;
#4551 = VERTEX_POINT ( 'NONE', #4720 ) ;
#4552 = ORIENTED_EDGE ( 'NONE', *, *, #7195, .T. ) ;
#4553 = EDGE_CURVE ( 'NONE', #3988, #4032, #3135, .T. ) ;
#4554 = EDGE_CURVE ( 'NONE', #1921, #5765, #4009, .T. ) ;
#4555 = DIRECTION ( 'NONE',  ( 1.000000000000000000, 0.000000000000000000, 0.000000000000000000 ) ) ;
#4556 = ORIENTED_EDGE ( 'NONE', *, *, #7669, .T. ) ;
#4557 = CARTESIAN_POINT ( 'NONE',  ( 20.37499999999998934, 10.80000000000000071, 0.000000000000000000 ) ) ;
#4558 = DIRECTION ( 'NONE',  ( -9.786874335553214321E-17, 0.000000000000000000, 1.000000000000000000 ) ) ;
#4559 = LINE ( 'NONE', #9306, #7930 ) ;
#4560 = FACE_OUTER_BOUND ( 'NONE', #9462, .T. ) ;
#4561 = LINE ( 'NONE', #3795, #425 ) ;
#4562 = ORIENTED_EDGE ( 'NONE', *, *, #8294, .T. ) ;
#4563 = EDGE_LOOP ( 'NONE', ( #8182, #6936, #6, #5838 ) ) ;
#4564 = AXIS2_PLACEMENT_3D ( 'NONE', #9951, #2253, #1487 ) ;
#4565 = ADVANCED_FACE ( 'NONE', ( #5540 ), #6106, .F. ) ;
#4566 = ADVANCED_FACE ( 'NONE', ( #853 ), #2280, .F. ) ;
#4567 = EDGE_LOOP ( 'NONE', ( #5681, #503, #4703, #7967 ) ) ;
#4568 = DIRECTION ( 'NONE',  ( -1.000000000000000000, 0.000000000000000000, 0.000000000000000000 ) ) ;
#4569 = FACE_OUTER_BOUND ( 'NONE', #670, .T. ) ;
#4570 = EDGE_CURVE ( 'NONE', #2576, #3021, #3804, .T. ) ;
#4571 = DIRECTION ( 'NONE',  ( -0.7071067811865452413, 0.000000000000000000, -0.7071067811865497932 ) ) ;
#4572 = DIRECTION ( 'NONE',  ( 0.2756373558170042704, 0.9612616959383174509, 0.000000000000000000 ) ) ;
#4573 = LINE ( 'NONE', #9274, #4156 ) ;
#4574 = VECTOR ( 'NONE', #4676, 1000.000000000000114 ) ;
#4575 = AXIS2_PLACEMENT_3D ( 'NONE', #5093, #314, #5199 ) ;
#4576 = DIRECTION ( 'NONE',  ( -0.000000000000000000, -0.2756373558170042704, -0.9612616959383174509 ) ) ;
#4577 = FACE_OUTER_BOUND ( 'NONE', #1261, .T. ) ;
#4578 = ORIENTED_EDGE ( 'NONE', *, *, #8351, .T. ) ;
#4579 = ADVANCED_FACE ( 'NONE', ( #9218 ), #2431, .T. ) ;
#4580 = EDGE_LOOP ( 'NONE', ( #2427, #4903, #8275, #4934 ) ) ;
#4581 = VECTOR ( 'NONE', #295, 1000.000000000000000 ) ;
#4582 = CARTESIAN_POINT ( 'NONE',  ( 52.80943399447264142, 8.566080860090409033, 10.19056600552696956 ) ) ;
#4583 = VECTOR ( 'NONE', #2907, 1000.000000000000000 ) ;
#4584 = DIRECTION ( 'NONE',  ( 0.9612616959383175619, -0.2756373558170040483, 0.000000000000000000 ) ) ;
#4585 = PLANE ( 'NONE',  #7169 ) ;
#4586 = PRODUCT_CONTEXT ( 'NONE', #9166, 'mechanical' ) ;
#4587 = ORIENTED_EDGE ( 'NONE', *, *, #6139, .F. ) ;
#4588 = EDGE_LOOP ( 'NONE', ( #5078, #2733, #1307, #151 ) ) ;
#4589 = DIRECTION ( 'NONE',  ( 0.2657276780299913099, 0.9267025424900799946, 0.2657276780299913099 ) ) ;
#4590 = VECTOR ( 'NONE', #2768, 1000.000000000000114 ) ;
#4591 = CARTESIAN_POINT ( 'NONE',  ( 20.37499999999998934, 10.53731005528970144, 0.6253251295305121138 ) ) ;
#4592 = EDGE_CURVE ( 'NONE', #8928, #8772, #7679, .T. ) ;
#4593 = ADVANCED_FACE ( 'NONE', ( #3909 ), #1471, .F. ) ;
#4594 = ORIENTED_EDGE ( 'NONE', *, *, #6284, .T. ) ;
#4595 = CARTESIAN_POINT ( 'NONE',  ( 52.80943399447264142, 8.566080860090405480, 0.000000000000000000 ) ) ;
#4596 = ORIENTED_EDGE ( 'NONE', *, *, #1688, .F. ) ;
#4597 = EDGE_CURVE ( 'NONE', #3590, #8470, #2333, .T. ) ;
#4598 = LINE ( 'NONE', #729, #2346 ) ;
#4599 = LINE ( 'NONE', #7803, #950 ) ;
#4600 = LINE ( 'NONE', #8423, #3488 ) ;
#4601 = EDGE_LOOP ( 'NONE', ( #2066, #6481, #1847, #10027 ) ) ;
#4602 = LINE ( 'NONE', #9346, #258 ) ;
#4603 = VERTEX_POINT ( 'NONE', #3958 ) ;
#4604 = EDGE_LOOP ( 'NONE', ( #1770, #5667, #4925, #19 ) ) ;
#4605 = DIRECTION ( 'NONE',  ( -0.000000000000000000, 0.9612616959383174509, 0.2756373558170042704 ) ) ;
#4606 = VERTEX_POINT ( 'NONE', #5393 ) ;
#4607 = CARTESIAN_POINT ( 'NONE',  ( -19.19056600552734793, 8.566080860090398374, -1.190566005527737614 ) ) ;
#4608 = DIRECTION ( 'NONE',  ( -1.000000000000000000, 0.000000000000000000, 0.000000000000000000 ) ) ;
#4609 = ADVANCED_FACE ( 'NONE', ( #8645 ), #9420, .F. ) ;
#4610 = EDGE_CURVE ( 'NONE', #8150, #996, #6154, .T. ) ;
#4611 = DIRECTION ( 'NONE',  ( -1.000000000000000000, -0.000000000000000000, -0.000000000000000000 ) ) ;
#4612 = CARTESIAN_POINT ( 'NONE',  ( -26.45000000000000284, 10.80000000000000071, -26.45000000000038298 ) ) ;
#4613 = CARTESIAN_POINT ( 'NONE',  ( 18.54999999999999716, 10.80000000000000071, 26.44999999999961204 ) ) ;
#4614 = ORIENTED_EDGE ( 'NONE', *, *, #8926, .F. ) ;
#4615 = ORIENTED_EDGE ( 'NONE', *, *, #5316, .T. ) ;
#4616 = DIRECTION ( 'NONE',  ( -0.000000000000000000, -0.000000000000000000, 1.000000000000000000 ) ) ;
#4617 = EDGE_CURVE ( 'NONE', #3147, #3440, #1520, .T. ) ;
#4618 = ORIENTED_EDGE ( 'NONE', *, *, #10006, .F. ) ;
#4619 = PLANE ( 'NONE',  #192 ) ;
#4620 = DIRECTION ( 'NONE',  ( -1.000000000000000000, -0.000000000000000000, -0.000000000000000000 ) ) ;
#4621 = CARTESIAN_POINT ( 'NONE',  ( -51.62500000000000711, 10.80000000000000071, 0.000000000000000000 ) ) ;
#4622 = DIRECTION ( 'NONE',  ( 1.000000000000000000, 0.000000000000000000, 0.000000000000000000 ) ) ;
#4623 = AXIS2_PLACEMENT_3D ( 'NONE', #5840, #6006, #4420 ) ;
#4624 = CARTESIAN_POINT ( 'NONE',  ( 26.45000000000000284, 10.80000000000000426, -33.62500000000000000 ) ) ;
#4625 = CARTESIAN_POINT ( 'NONE',  ( 9.550000000000002487, 10.80000000000000071, 8.449999999999617373 ) ) ;
#4626 = VECTOR ( 'NONE', #2334, 1000.000000000000000 ) ;
#4627 = CARTESIAN_POINT ( 'NONE',  ( 13.08484749617240084, 14.76483374945124361, -0.5868977829563636339 ) ) ;
#4628 = ORIENTED_EDGE ( 'NONE', *, *, #5330, .T. ) ;
#4629 = EDGE_CURVE ( 'NONE', #9228, #5626, #3859, .T. ) ;
#4630 = CARTESIAN_POINT ( 'NONE',  ( -53.45000000000000995, 86.52417351671579127, 35.44999999999996732 ) ) ;
#4631 = CARTESIAN_POINT ( 'NONE',  ( 10.49625977300407165, 7.500000000000000000, 0.000000000000000000 ) ) ;
#4632 = LINE ( 'NONE', #7591, #193 ) ;
#4633 = EDGE_CURVE ( 'NONE', #6114, #3186, #10081, .T. ) ;
#4634 = VECTOR ( 'NONE', #3171, 1000.000000000000114 ) ;
#4635 = APPLICATION_PROTOCOL_DEFINITION ( 'draft international standard', 'automotive_design', 1998, #9166 ) ;
#4636 = ORIENTED_EDGE ( 'NONE', *, *, #6056, .F. ) ;
#4637 = VERTEX_POINT ( 'NONE', #807 ) ;
#4638 = DIRECTION ( 'NONE',  ( 0.000000000000000000, -0.000000000000000000, 1.000000000000000000 ) ) ;
#4639 = LINE ( 'NONE', #8462, #3914 ) ;
#4640 = ORIENTED_EDGE ( 'NONE', *, *, #6978, .F. ) ;
#4641 = VECTOR ( 'NONE', #1482, 1000.000000000000114 ) ;
#4642 = DIRECTION ( 'NONE',  ( -0.000000000000000000, -0.000000000000000000, 1.000000000000000000 ) ) ;
#4643 = VERTEX_POINT ( 'NONE', #7826 ) ;
#4644 = LINE ( 'NONE', #3886, #1536 ) ;
#4645 = CARTESIAN_POINT ( 'NONE',  ( -62.00000000000000000, 7.500000000000000000, 41.00000000000000000 ) ) ;
#4646 = LINE ( 'NONE', #3160, #1880 ) ;
#4647 = VECTOR ( 'NONE', #9859, 1000.000000000000114 ) ;
#4648 = ORIENTED_EDGE ( 'NONE', *, *, #7174, .T. ) ;
#4649 = EDGE_CURVE ( 'NONE', #9732, #3837, #5016, .T. ) ;
#4650 = FACE_BOUND ( 'NONE', #5523, .T. ) ;
#4651 = ORIENTED_EDGE ( 'NONE', *, *, #6739, .T. ) ;
#4652 = ORIENTED_EDGE ( 'NONE', *, *, #9061, .F. ) ;
#4653 = CARTESIAN_POINT ( 'NONE',  ( 16.80943399447264852, 8.566080860090398374, 0.000000000000000000 ) ) ;
#4654 = CARTESIAN_POINT ( 'NONE',  ( -57.99999999999999289, 7.500000000000000000, -8.000000000000000000 ) ) ;
#4655 = CARTESIAN_POINT ( 'NONE',  ( -17.45000000000000639, 86.52417351671579127, -35.45000000000002416 ) ) ;
#4656 = ORIENTED_EDGE ( 'NONE', *, *, #765, .F. ) ;
#4657 = CARTESIAN_POINT ( 'NONE',  ( 46.49625977300406277, 7.500000000000000000, -33.62500000000000000 ) ) ;
#4658 = VECTOR ( 'NONE', #5835, 1000.000000000000000 ) ;
#4659 = FACE_OUTER_BOUND ( 'NONE', #9556, .T. ) ;
#4660 = DIRECTION ( 'NONE',  ( 1.000000000000000000, 0.000000000000000000, -0.000000000000000000 ) ) ;
#4661 = EDGE_CURVE ( 'NONE', #4489, #8993, #2531, .T. ) ;
#4662 = VERTEX_POINT ( 'NONE', #6538 ) ;
#4663 = ORIENTED_EDGE ( 'NONE', *, *, #6629, .T. ) ;
#4664 = LINE ( 'NONE', #1616, #4423 ) ;
#4665 = ORIENTED_EDGE ( 'NONE', *, *, #2450, .F. ) ;
#4666 = ORIENTED_EDGE ( 'NONE', *, *, #7887, .F. ) ;
#4667 = ADVANCED_FACE ( 'NONE', ( #8788 ), #9516, .F. ) ;
#4668 = CARTESIAN_POINT ( 'NONE',  ( -60.00000000000000000, 7.500000000000000000, -8.000000000000000000 ) ) ;
#4669 = VECTOR ( 'NONE', #8885, 1000.000000000000114 ) ;
#4670 = FACE_OUTER_BOUND ( 'NONE', #7179, .T. ) ;
#4671 = DIRECTION ( 'NONE',  ( -0.2657276780299894225, 0.9267025424900811048, 0.2657276780299894225 ) ) ;
#4672 = CARTESIAN_POINT ( 'NONE',  ( 15.62500000000000000, 10.80000000000000071, 0.000000000000000000 ) ) ;
#4673 = VECTOR ( 'NONE', #5594, 1000.000000000000114 ) ;
#4674 = DIRECTION ( 'NONE',  ( 1.000000000000000000, 0.000000000000000000, 0.000000000000000000 ) ) ;
#4675 = EDGE_CURVE ( 'NONE', #5365, #9130, #9656, .T. ) ;
#4676 = DIRECTION ( 'NONE',  ( 0.5001519828512185351, -0.8323926831162089535, 0.2386847610229712591 ) ) ;
#4677 = ORIENTED_EDGE ( 'NONE', *, *, #1295, .T. ) ;
#4678 =( GEOMETRIC_REPRESENTATION_CONTEXT ( 3 ) GLOBAL_UNCERTAINTY_ASSIGNED_CONTEXT ( ( #4770 ) ) GLOBAL_UNIT_ASSIGNED_CONTEXT ( ( #5766, #1707, #4191 ) ) REPRESENTATION_CONTEXT ( 'NONE', 'WORKASPACE' ) );
#4679 = VECTOR ( 'NONE', #1621, 1000.000000000000114 ) ;
#4680 = CARTESIAN_POINT ( 'NONE',  ( 13.08484749617239729, 14.76483374945125071, 8.413102217043649134 ) ) ;
#4681 = EDGE_CURVE ( 'NONE', #8626, #5084, #1097, .T. ) ;
#4682 = VERTEX_POINT ( 'NONE', #4060 ) ;
#4683 = LINE ( 'NONE', #152, #6324 ) ;
#4684 = DIRECTION ( 'NONE',  ( 0.000000000000000000, 0.000000000000000000, 1.000000000000000000 ) ) ;
#4685 = VECTOR ( 'NONE', #6836, 1000.000000000000000 ) ;
#4686 = CARTESIAN_POINT ( 'NONE',  ( -62.00000000000000000, 7.500000000000000000, 41.00000000000000000 ) ) ;
#4687 = VECTOR ( 'NONE', #2351, 1000.000000000000000 ) ;
#4688 = ORIENTED_EDGE ( 'NONE', *, *, #9288, .T. ) ;
#4689 = ORIENTED_EDGE ( 'NONE', *, *, #9669, .F. ) ;
#4690 = EDGE_CURVE ( 'NONE', #9297, #926, #4254, .T. ) ;
#4691 = CARTESIAN_POINT ( 'NONE',  ( -13.90968028962739389, -0.2227888855198048579, -12.71073385111671250 ) ) ;
#4692 = FACE_OUTER_BOUND ( 'NONE', #7303, .T. ) ;
#4693 = ORIENTED_EDGE ( 'NONE', *, *, #8952, .T. ) ;
#4694 = VECTOR ( 'NONE', #5905, 1000.000000000000000 ) ;
#4695 = ADVANCED_FACE ( 'NONE', ( #9609 ), #4106, .F. ) ;
#4696 = DIRECTION ( 'NONE',  ( 1.000000000000000000, 3.308956663174743341E-16, 2.051382842168411359E-32 ) ) ;
#4697 = ORIENTED_EDGE ( 'NONE', *, *, #7833, .T. ) ;
#4698 = DIRECTION ( 'NONE',  ( -0.9612616959383174509, -0.2756373558170042704, 0.000000000000000000 ) ) ;
#4699 = CARTESIAN_POINT ( 'NONE',  ( -18.11960549692766875, 12.30096400656410083, -18.11960549692805245 ) ) ;
#4700 = DIRECTION ( 'NONE',  ( 3.161696790679840518E-17, -1.102614705486210178E-16, -1.000000000000000000 ) ) ;
#4701 = ORIENTED_EDGE ( 'NONE', *, *, #4495, .T. ) ;
#4702 = PLANE ( 'NONE',  #7734 ) ;
#4703 = ORIENTED_EDGE ( 'NONE', *, *, #4951, .T. ) ;
#4704 = LINE ( 'NONE', #9966, #7004 ) ;
#4705 = LINE ( 'NONE', #7810, #4336 ) ;
#4706 = ADVANCED_FACE ( 'NONE', ( #8887 ), #8120, .F. ) ;
#4707 = DIRECTION ( 'NONE',  ( 0.000000000000000000, -0.9612616959383174509, -0.2756373558170042704 ) ) ;
#4708 = ORIENTED_EDGE ( 'NONE', *, *, #496, .T. ) ;
#4709 = CARTESIAN_POINT ( 'NONE',  ( 19.19056600552735503, 8.566080860090423243, 16.80943399447226128 ) ) ;
#4710 = DIRECTION ( 'NONE',  ( -0.5001519828512187571, -0.8323926831162092865, -0.2386847610229695660 ) ) ;
#4711 = LINE ( 'NONE', #3948, #760 ) ;
#4712 = ORIENTED_EDGE ( 'NONE', *, *, #3219, .F. ) ;
#4713 = EDGE_LOOP ( 'NONE', ( #6913, #7638, #3164, #8832 ) ) ;
#4714 = CARTESIAN_POINT ( 'NONE',  ( 51.62500000000000000, 10.53731005528968723, -33.62500000000000000 ) ) ;
#4715 = ORIENTED_EDGE ( 'NONE', *, *, #196, .F. ) ;
#4716 = ORIENTED_EDGE ( 'NONE', *, *, #2797, .T. ) ;
#4717 = CARTESIAN_POINT ( 'NONE',  ( -19.19056600552736214, 8.566080860090412585, -19.19056600552774228 ) ) ;
#4718 = CARTESIAN_POINT ( 'NONE',  ( 19.19056600552735503, 8.566080860090421467, -19.19056600552773872 ) ) ;
#4719 = ADVANCED_FACE ( 'NONE', ( #1914 ), #1774, .F. ) ;
#4720 = CARTESIAN_POINT ( 'NONE',  ( 53.44999999999999574, 10.80000000000000071, -27.55000000000038796 ) ) ;
#4721 = EDGE_CURVE ( 'NONE', #5070, #5851, #2623, .T. ) ;
#4722 = LINE ( 'NONE', #7929, #8694 ) ;
#4723 = EDGE_CURVE ( 'NONE', #8911, #521, #7203, .T. ) ;
#4724 = ORIENTED_EDGE ( 'NONE', *, *, #1014, .T. ) ;
#4725 = LINE ( 'NONE', #9754, #9220 ) ;
#4726 = CARTESIAN_POINT ( 'NONE',  ( 52.80943399447263431, 8.566080860090401927, 7.809433994472259499 ) ) ;
#4727 = AXIS2_PLACEMENT_3D ( 'NONE', #6027, #5682, #8315 ) ;
#4728 = DIRECTION ( 'NONE',  ( 0.000000000000000000, -0.2756373558170042704, 0.9612616959383174509 ) ) ;
#4729 = ORIENTED_EDGE ( 'NONE', *, *, #506, .F. ) ;
#4730 = CARTESIAN_POINT ( 'NONE',  ( -62.00000000000000000, 7.500000000000000000, -41.00000000000000000 ) ) ;
#4731 = EDGE_CURVE ( 'NONE', #3988, #1133, #1143, .T. ) ;
#4732 = VECTOR ( 'NONE', #9902, 1000.000000000000000 ) ;
#4733 = CARTESIAN_POINT ( 'NONE',  ( 52.80943399447263431, 8.566080860090414362, -16.80943399447302511 ) ) ;
#4734 = CARTESIAN_POINT ( 'NONE',  ( -17.44999999999999929, 10.80000000000000071, 8.449999999999617373 ) ) ;
#4735 = VERTEX_POINT ( 'NONE', #3235 ) ;
#4736 = VERTEX_POINT ( 'NONE', #1865 ) ;
#4737 = EDGE_CURVE ( 'NONE', #6948, #9457, #1003, .T. ) ;
#4738 = FACE_OUTER_BOUND ( 'NONE', #9180, .T. ) ;
#4739 = DIRECTION ( 'NONE',  ( 1.000000000000000000, 0.000000000000000000, -0.000000000000000000 ) ) ;
#4740 = VECTOR ( 'NONE', #8091, 1000.000000000000227 ) ;
#4741 = VECTOR ( 'NONE', #2495, 1000.000000000000114 ) ;
#4742 = ORIENTED_EDGE ( 'NONE', *, *, #2353, .T. ) ;
#4743 = CARTESIAN_POINT ( 'NONE',  ( -53.44999999999999574, 10.80000000000000071, 8.449999999999617373 ) ) ;
#4744 = EDGE_LOOP ( 'NONE', ( #9091, #4688, #5595, #3828 ) ) ;
#4745 = EDGE_CURVE ( 'NONE', #5202, #7166, #237, .T. ) ;
#4746 = PLANE ( 'NONE',  #9017 ) ;
#4747 = CARTESIAN_POINT ( 'NONE',  ( -15.33839134370871982, 3.435945472310392379, -20.66160865629166210 ) ) ;
#4748 = DIRECTION ( 'NONE',  ( 1.000000000000000000, 0.000000000000000000, 0.000000000000000000 ) ) ;
#4749 = CARTESIAN_POINT ( 'NONE',  ( -7.809433994472524176, 8.566080860089998694, -34.80943399447291142 ) ) ;
#4750 = PLANE ( 'NONE',  #2219 ) ;
#4751 = EDGE_LOOP ( 'NONE', ( #4395, #8947, #3343, #7805 ) ) ;
#4752 = ORIENTED_EDGE ( 'NONE', *, *, #3600, .F. ) ;
#4753 = VECTOR ( 'NONE', #3603, 1000.000000000000114 ) ;
#4754 = CARTESIAN_POINT ( 'NONE',  ( -20.37499999999999645, 10.80000000000000071, 0.000000000000000000 ) ) ;
#4755 = EDGE_CURVE ( 'NONE', #1182, #3797, #7299, .T. ) ;
#4756 = VECTOR ( 'NONE', #4996, 1000.000000000000114 ) ;
#4757 = DIRECTION ( 'NONE',  ( 0.000000000000000000, 0.000000000000000000, -1.000000000000000000 ) ) ;
#4758 = CARTESIAN_POINT ( 'NONE',  ( 16.80943399447264142, 8.566080860090405480, 0.000000000000000000 ) ) ;
#4759 = VERTEX_POINT ( 'NONE', #5586 ) ;
#4760 = EDGE_CURVE ( 'NONE', #4662, #844, #1047, .T. ) ;
#4761 = DIRECTION ( 'NONE',  ( 0.000000000000000000, 0.000000000000000000, 1.000000000000000000 ) ) ;
#4762 = CARTESIAN_POINT ( 'NONE',  ( -61.00000000000000000, 9.899999999999998579, 8.000000000000000000 ) ) ;
#4763 = ORIENTED_EDGE ( 'NONE', *, *, #2423, .T. ) ;
#4764 = EDGE_LOOP ( 'NONE', ( #2714, #8140, #9411, #6489 ) ) ;
#4765 = VERTEX_POINT ( 'NONE', #3426 ) ;
#4766 = CARTESIAN_POINT ( 'NONE',  ( -17.44999999999999929, 10.80000000000000071, 17.44999999999961560 ) ) ;
#4767 = ORIENTED_EDGE ( 'NONE', *, *, #5627, .T. ) ;
#4768 = EDGE_CURVE ( 'NONE', #1276, #9858, #8692, .T. ) ;
#4769 = DIRECTION ( 'NONE',  ( -0.000000000000000000, -0.000000000000000000, 1.000000000000000000 ) ) ;
#4770 = UNCERTAINTY_MEASURE_WITH_UNIT (LENGTH_MEASURE( 1.000000000000000082E-05 ), #5766, 'distance_accuracy_value', 'NONE');
#4771 = CARTESIAN_POINT ( 'NONE',  ( 34.50374022699593013, 7.500000000000000000, 0.000000000000000000 ) ) ;
#4772 = CARTESIAN_POINT ( 'NONE',  ( -52.50374022699593013, 7.500000000000000000, 0.000000000000000000 ) ) ;
#4773 = CARTESIAN_POINT ( 'NONE',  ( -61.00000000000000000, 10.49999999999999822, -8.000000000000000000 ) ) ;
#4774 = CARTESIAN_POINT ( 'NONE',  ( 0.000000000000000000, 7.500000000000000000, 34.50374022699554644 ) ) ;
#4775 = EDGE_CURVE ( 'NONE', #9947, #8568, #1303, .T. ) ;
#4776 = ADVANCED_FACE ( 'NONE', ( #3476 ), #382, .F. ) ;
#4777 = CARTESIAN_POINT ( 'NONE',  ( 19.19056600552735148, 8.566080860090419691, 28.19056600552696423 ) ) ;
#4778 = LINE ( 'NONE', #6028, #4179 ) ;
#4779 = ORIENTED_EDGE ( 'NONE', *, *, #1610, .T. ) ;
#4780 = VECTOR ( 'NONE', #8272, 1000.000000000000000 ) ;
#4781 = DIRECTION ( 'NONE',  ( -0.000000000000000000, 0.000000000000000000, 1.000000000000000000 ) ) ;
#4782 = CARTESIAN_POINT ( 'NONE',  ( 62.00000000000000711, -11.50000000000000000, -33.99999999999998579 ) ) ;
#4783 = PLANE ( 'NONE',  #1824 ) ;
#4784 = EDGE_CURVE ( 'NONE', #5057, #3320, #6802, .T. ) ;
#4785 = EDGE_LOOP ( 'NONE', ( #307, #8123, #8453, #1467 ) ) ;
#4786 = VERTEX_POINT ( 'NONE', #7513 ) ;
#4787 = DIRECTION ( 'NONE',  ( 9.786874335553214321E-17, 0.000000000000000000, -1.000000000000000000 ) ) ;
#4788 = AXIS2_PLACEMENT_3D ( 'NONE', #8813, #1070, #7431 ) ;
#4789 = PLANE ( 'NONE',  #6356 ) ;
#4790 = EDGE_CURVE ( 'NONE', #689, #7241, #3689, .T. ) ;
#4791 = EDGE_CURVE ( 'NONE', #2309, #4489, #9152, .T. ) ;
#4792 = VERTEX_POINT ( 'NONE', #7349 ) ;
#4793 = DIRECTION ( 'NONE',  ( 0.000000000000000000, 0.000000000000000000, -1.000000000000000000 ) ) ;
#4794 = EDGE_LOOP ( 'NONE', ( #7293, #2361, #452, #1137, #281, #3449, #8012, #2324, #1414, #7387, #9503, #1382, #3511, #7138, #4752, #4162, #1577, #388, #7645, #4640, #7395, #1978, #1159, #3892, #1629, #5859, #2778, #7308, #8387, #5678, #5055, #1657 ) ) ;
#4795 = PLANE ( 'NONE',  #9836 ) ;
#4796 = LINE ( 'NONE', #3400, #4033 ) ;
#4797 = AXIS2_PLACEMENT_3D ( 'NONE', #8435, #492, #3586 ) ;
#4798 = DIRECTION ( 'NONE',  ( -0.2657276780299913099, -0.9267025424900799946, 0.2657276780299913099 ) ) ;
#4799 = DIRECTION ( 'NONE',  ( -0.2657276780299913099, 0.9267025424900799946, 0.2657276780299913099 ) ) ;
#4800 = DIRECTION ( 'NONE',  ( 1.000000000000000000, 0.000000000000000000, 0.000000000000000000 ) ) ;
#4801 = ORIENTED_EDGE ( 'NONE', *, *, #5394, .F. ) ;
#4802 = ORIENTED_EDGE ( 'NONE', *, *, #4256, .F. ) ;
#4803 = DIRECTION ( 'NONE',  ( -0.2756373558170042704, 0.9612616959383174509, 0.000000000000000000 ) ) ;
#4804 = EDGE_CURVE ( 'NONE', #6877, #5765, #5117, .T. ) ;
#4805 = VECTOR ( 'NONE', #4385, 1000.000000000000114 ) ;
#4806 = CARTESIAN_POINT ( 'NONE',  ( 20.02610786645039198, 5.652200105873706804, -6.973892133549991712 ) ) ;
#4807 = CARTESIAN_POINT ( 'NONE',  ( 0.000000000000000000, 7.500000000000000000, 1.496259773003681737 ) ) ;
#4808 = ORIENTED_EDGE ( 'NONE', *, *, #4675, .F. ) ;
#4809 = CARTESIAN_POINT ( 'NONE',  ( 13.90968028962737790, -0.2227888855197961981, 30.71073385111593268 ) ) ;
#4810 = DIRECTION ( 'NONE',  ( 0.9612616959383174509, -0.2756373558170042704, 0.000000000000000000 ) ) ;
#4811 = ORIENTED_EDGE ( 'NONE', *, *, #3190, .T. ) ;
#4812 = VERTEX_POINT ( 'NONE', #8285 ) ;
#4813 = ORIENTED_EDGE ( 'NONE', *, *, #7848, .F. ) ;
#4814 = DIRECTION ( 'NONE',  ( -1.000000000000000000, 0.000000000000000000, 0.000000000000000000 ) ) ;
#4815 = VERTEX_POINT ( 'NONE', #6587 ) ;
#4816 = CARTESIAN_POINT ( 'NONE',  ( -43.50374022699593013, 7.500000000000000000, 33.62499999999999289 ) ) ;
#4817 = AXIS2_PLACEMENT_3D ( 'NONE', #8327, #6036, #2212 ) ;
#4818 = LINE ( 'NONE', #4146, #6781 ) ;
#4819 = VECTOR ( 'NONE', #3746, 1000.000000000000227 ) ;
#4820 = DIRECTION ( 'NONE',  ( -1.000000000000000000, 0.000000000000000000, 0.000000000000000000 ) ) ;
#4821 = ADVANCED_FACE ( 'NONE', ( #2171 ), #6640, .F. ) ;
#4822 = DIRECTION ( 'NONE',  ( -1.000000000000000000, -0.000000000000000000, -0.000000000000000000 ) ) ;
#4823 = ORIENTED_EDGE ( 'NONE', *, *, #4061, .F. ) ;
#4824 = VECTOR ( 'NONE', #2928, 1000.000000000000114 ) ;
#4825 = CARTESIAN_POINT ( 'NONE',  ( 53.44999999999999574, 10.80000000000000071, -18.55000000000037730 ) ) ;
#4826 = CARTESIAN_POINT ( 'NONE',  ( -17.44999999999999929, 10.80000000000000071, -17.45000000000039009 ) ) ;
#4827 = FACE_OUTER_BOUND ( 'NONE', #5413, .T. ) ;
#4828 = ORIENTED_EDGE ( 'NONE', *, *, #6508, .T. ) ;
#4829 = VECTOR ( 'NONE', #6428, 1000.000000000000000 ) ;
#4830 = ADVANCED_FACE ( 'NONE', ( #2929 ), #9710, .F. ) ;
#4831 = CARTESIAN_POINT ( 'NONE',  ( 60.72738636073759011, 10.49999999999999822, -32.65631854887216434 ) ) ;
#4832 = DIRECTION ( 'NONE',  ( -0.2657276780299913099, 0.9267025424900799946, 0.2657276780299913099 ) ) ;
#4833 = DIRECTION ( 'NONE',  ( 1.000000000000000000, 0.000000000000000000, 0.000000000000000000 ) ) ;
#4834 = LINE ( 'NONE', #2844, #4253 ) ;
#4835 = VECTOR ( 'NONE', #2827, 1000.000000000000114 ) ;
#4836 = VECTOR ( 'NONE', #3087, 1000.000000000000000 ) ;
#4837 = DIRECTION ( 'NONE',  ( 0.000000000000000000, 0.000000000000000000, -1.000000000000000000 ) ) ;
#4838 = EDGE_LOOP ( 'NONE', ( #3455, #5135, #9702, #6632 ) ) ;
#4839 = EDGE_CURVE ( 'NONE', #9930, #1241, #5277, .T. ) ;
#4840 = CARTESIAN_POINT ( 'NONE',  ( -51.62500000000000711, 10.53731005528969078, -18.62532512953129427 ) ) ;
#4841 = ORIENTED_EDGE ( 'NONE', *, *, #3907, .F. ) ;
#4842 = VECTOR ( 'NONE', #8421, 1000.000000000000000 ) ;
#4843 = DIRECTION ( 'NONE',  ( 0.000000000000000000, 0.000000000000000000, 1.000000000000000000 ) ) ;
#4844 = CARTESIAN_POINT ( 'NONE',  ( 15.62500000000000000, 10.80000000000000071, 0.000000000000000000 ) ) ;
#4845 = AXIS2_PLACEMENT_3D ( 'NONE', #5865, #7386, #5818 ) ;
#4846 = DIRECTION ( 'NONE',  ( 0.000000000000000000, 0.000000000000000000, 1.000000000000000000 ) ) ;
#4847 = CARTESIAN_POINT ( 'NONE',  ( -17.44999999999999929, 10.80000000000000071, -26.45000000000038298 ) ) ;
#4848 = CARTESIAN_POINT ( 'NONE',  ( 51.62500000000000000, 10.53731005528968012, 0.6253251295305194413 ) ) ;
#4849 = VERTEX_POINT ( 'NONE', #5065 ) ;
#4850 = VERTEX_POINT ( 'NONE', #5883 ) ;
#4851 = CARTESIAN_POINT ( 'NONE',  ( 9.550000000000002487, 10.80000000000000071, -27.55000000000038796 ) ) ;
#4852 = VECTOR ( 'NONE', #4886, 1000.000000000000000 ) ;
#4853 = DIRECTION ( 'NONE',  ( 1.000000000000000000, 0.000000000000000000, 0.000000000000000000 ) ) ;
#4854 = FACE_OUTER_BOUND ( 'NONE', #9210, .T. ) ;
#4855 = ORIENTED_EDGE ( 'NONE', *, *, #5546, .T. ) ;
#4856 = LINE ( 'NONE', #6483, #5336 ) ;
#4857 = DIRECTION ( 'NONE',  ( 0.000000000000000000, 0.000000000000000000, 1.000000000000000000 ) ) ;
#4858 = EDGE_CURVE ( 'NONE', #9249, #6114, #8943, .T. ) ;
#4859 = ADVANCED_FACE ( 'NONE', ( #2879 ), #5936, .F. ) ;
#4860 = ORIENTED_EDGE ( 'NONE', *, *, #4951, .F. ) ;
#4861 = ORIENTED_EDGE ( 'NONE', *, *, #3582, .F. ) ;
#4862 = ORIENTED_EDGE ( 'NONE', *, *, #9723, .F. ) ;
#4863 = DIRECTION ( 'NONE',  ( 1.000000000000000000, 0.000000000000000000, 0.000000000000000000 ) ) ;
#4864 = ORIENTED_EDGE ( 'NONE', *, *, #6289, .F. ) ;
#4865 = LINE ( 'NONE', #7972, #1801 ) ;
#4866 = CARTESIAN_POINT ( 'NONE',  ( 61.85875721063606392, 9.699999999999974420, -33.78768939877064525 ) ) ;
#4867 = DIRECTION ( 'NONE',  ( -1.000000000000000000, -0.000000000000000000, -0.000000000000000000 ) ) ;
#4868 = EDGE_CURVE ( 'NONE', #4662, #7443, #5993, .T. ) ;
#4869 = DIRECTION ( 'NONE',  ( -0.000000000000000000, -0.2756373558170042704, -0.9612616959383174509 ) ) ;
#4870 = EDGE_CURVE ( 'NONE', #7304, #2433, #7463, .T. ) ;
#4871 = VERTEX_POINT ( 'NONE', #3583 ) ;
#4872 = CARTESIAN_POINT ( 'NONE',  ( 34.84860391724589590, 16.73347327369081938, 37.15139608275371330 ) ) ;
#4873 = EDGE_CURVE ( 'NONE', #2214, #1986, #8997, .T. ) ;
#4874 = LINE ( 'NONE', #3337, #6254 ) ;
#4875 = PLANE ( 'NONE',  #4995 ) ;
#4876 = EDGE_LOOP ( 'NONE', ( #8843, #8185, #3676, #1748 ) ) ;
#4877 = CARTESIAN_POINT ( 'NONE',  ( -60.00000000000000000, 7.500000000000000000, -8.000000000000000000 ) ) ;
#4878 = DIRECTION ( 'NONE',  ( 0.8164965809277101583, -0.5773502691896481576, 0.000000000000000000 ) ) ;
#4879 = CARTESIAN_POINT ( 'NONE',  ( -37.49625977300406277, 7.500000000000000000, -33.62500000000000711 ) ) ;
#4880 = VECTOR ( 'NONE', #1179, 1000.000000000000000 ) ;
#4881 = DIRECTION ( 'NONE',  ( 0.2657276780299894225, -0.9267025424900811048, 0.2657276780299894225 ) ) ;
#4882 = EDGE_CURVE ( 'NONE', #5365, #73, #6694, .T. ) ;
#4883 = FACE_OUTER_BOUND ( 'NONE', #9918, .T. ) ;
#4884 = ORIENTED_EDGE ( 'NONE', *, *, #5237, .F. ) ;
#4885 = AXIS2_PLACEMENT_3D ( 'NONE', #1534, #4638, #7945 ) ;
#4886 = DIRECTION ( 'NONE',  ( 0.000000000000000000, 0.000000000000000000, -1.000000000000000000 ) ) ;
#4887 = VERTEX_POINT ( 'NONE', #4458 ) ;
#4888 = FACE_OUTER_BOUND ( 'NONE', #5943, .T. ) ;
#4889 = DIRECTION ( 'NONE',  ( -0.000000000000000000, 0.000000000000000000, 1.000000000000000000 ) ) ;
#4890 = CARTESIAN_POINT ( 'NONE',  ( -15.62500000000000711, 10.80000000000000071, 0.000000000000000000 ) ) ;
#4891 = DIRECTION ( 'NONE',  ( -0.2657276780299911434, -0.9267025424900801056, 0.2657276780299911434 ) ) ;
#4892 = DIRECTION ( 'NONE',  ( -0.000000000000000000, -0.000000000000000000, -1.000000000000000000 ) ) ;
#4893 = ORIENTED_EDGE ( 'NONE', *, *, #5541, .T. ) ;
#4894 = ORIENTED_EDGE ( 'NONE', *, *, #4163, .T. ) ;
#4895 = DIRECTION ( 'NONE',  ( -0.9612616959383174509, -0.2756373558170042704, 0.000000000000000000 ) ) ;
#4896 = AXIS2_PLACEMENT_3D ( 'NONE', #9519, #44, #9569 ) ;
#4897 = ADVANCED_FACE ( 'NONE', ( #7564 ), #595, .F. ) ;
#4898 = VECTOR ( 'NONE', #3508, 1000.000000000000000 ) ;
#4899 = EDGE_CURVE ( 'NONE', #5793, #1986, #837, .T. ) ;
#4900 = CARTESIAN_POINT ( 'NONE',  ( -60.00000000000000000, 7.500000000000000000, 8.000000000000000000 ) ) ;
#4901 = ADVANCED_FACE ( 'NONE', ( #2366 ), #1554, .F. ) ;
#4902 = DIRECTION ( 'NONE',  ( 1.000000000000000000, 0.000000000000000000, 0.000000000000000000 ) ) ;
#4903 = ORIENTED_EDGE ( 'NONE', *, *, #4737, .T. ) ;
#4904 = LINE ( 'NONE', #3268, #938 ) ;
#4905 = VECTOR ( 'NONE', #8032, 1000.000000000000000 ) ;
#4906 = DIRECTION ( 'NONE',  ( 0.000000000000000000, 0.000000000000000000, -1.000000000000000000 ) ) ;
#4907 = ORIENTED_EDGE ( 'NONE', *, *, #9704, .F. ) ;
#4908 = ORIENTED_EDGE ( 'NONE', *, *, #1881, .T. ) ;
#4909 = ORIENTED_EDGE ( 'NONE', *, *, #3816, .T. ) ;
#4910 = VECTOR ( 'NONE', #7379, 1000.000000000000000 ) ;
#4911 = CARTESIAN_POINT ( 'NONE',  ( -51.62500000000000711, 10.53731005528970144, 9.625325129530517998 ) ) ;
#4912 = ORIENTED_EDGE ( 'NONE', *, *, #3569, .F. ) ;
#4913 = AXIS2_PLACEMENT_3D ( 'NONE', #7381, #5760, #5971 ) ;
#4914 = EDGE_CURVE ( 'NONE', #2178, #7253, #7811, .T. ) ;
#4915 = DIRECTION ( 'NONE',  ( 0.2657276780299911434, -0.9267025424900801056, 0.2657276780299911434 ) ) ;
#4916 = EDGE_CURVE ( 'NONE', #5556, #8760, #6286, .T. ) ;
#4917 = CARTESIAN_POINT ( 'NONE',  ( -7.503740226995931017, 7.500000000000000000, 0.000000000000000000 ) ) ;
#4918 = CARTESIAN_POINT ( 'NONE',  ( -5.168701556195899199E-16, 8.566080860090805160, 34.80943399447237141 ) ) ;
#4919 = ORIENTED_EDGE ( 'NONE', *, *, #998, .T. ) ;
#4920 = VERTEX_POINT ( 'NONE', #7665 ) ;
#4921 = PLANE ( 'NONE',  #8978 ) ;
#4922 = DIRECTION ( 'NONE',  ( -0.9612616959383174509, -0.2756373558170042704, 0.000000000000000000 ) ) ;
#4923 = EDGE_CURVE ( 'NONE', #9412, #1125, #698, .T. ) ;
#4924 = CARTESIAN_POINT ( 'NONE',  ( -26.45000000000000284, 10.80000000000000071, -18.55000000000037730 ) ) ;
#4925 = ORIENTED_EDGE ( 'NONE', *, *, #5014, .F. ) ;
#4926 = PLANE ( 'NONE',  #1458 ) ;
#4927 = FACE_OUTER_BOUND ( 'NONE', #3199, .T. ) ;
#4928 = DIRECTION ( 'NONE',  ( 0.000000000000000000, 0.000000000000000000, 1.000000000000000000 ) ) ;
#4929 = LINE ( 'NONE', #3149, #8651 ) ;
#4930 = ORIENTED_EDGE ( 'NONE', *, *, #4117, .F. ) ;
#4931 = FACE_OUTER_BOUND ( 'NONE', #558, .T. ) ;
#4932 = ORIENTED_EDGE ( 'NONE', *, *, #3543, .T. ) ;
#4933 = DIRECTION ( 'NONE',  ( -0.000000000000000000, 0.9612616959383174509, 0.2756373558170039373 ) ) ;
#4934 = ORIENTED_EDGE ( 'NONE', *, *, #9988, .T. ) ;
#4935 = CARTESIAN_POINT ( 'NONE',  ( 19.19056600552735503, 8.566080860090425020, -16.80943399447302866 ) ) ;
#4936 = CARTESIAN_POINT ( 'NONE',  ( 33.26428640000787595, 22.25864506693676148, 26.58211138907228133 ) ) ;
#4937 = EDGE_CURVE ( 'NONE', #4328, #7708, #3792, .T. ) ;
#4938 = CARTESIAN_POINT ( 'NONE',  ( 52.80943399447264852, 8.566080860090400151, -7.809433994473034879 ) ) ;
#4939 = CARTESIAN_POINT ( 'NONE',  ( 57.89895923599141980, 10.49999999999999822, -36.89895923599146954 ) ) ;
#4940 = AXIS2_PLACEMENT_3D ( 'NONE', #2706, #7389, #2866 ) ;
#4941 = LINE ( 'NONE', #3404, #3499 ) ;
#4942 = ORIENTED_EDGE ( 'NONE', *, *, #1117, .F. ) ;
#4943 = EDGE_LOOP ( 'NONE', ( #3642, #1207, #4130, #8781 ) ) ;
#4944 = CARTESIAN_POINT ( 'NONE',  ( 15.62500000000000000, 7.500000000000000000, 25.50374022699554288 ) ) ;
#4945 = DIRECTION ( 'NONE',  ( 0.000000000000000000, -0.2756373558170040483, 0.9612616959383175619 ) ) ;
#4946 = EDGE_LOOP ( 'NONE', ( #9186, #3891, #3274, #511 ) ) ;
#4947 = VECTOR ( 'NONE', #7300, 1000.000000000000000 ) ;
#4948 = LINE ( 'NONE', #8728, #7276 ) ;
#4949 = ORIENTED_EDGE ( 'NONE', *, *, #5770, .T. ) ;
#4950 = LINE ( 'NONE', #1852, #8419 ) ;
#4951 = EDGE_CURVE ( 'NONE', #4092, #2390, #72, .T. ) ;
#4952 = PLANE ( 'NONE',  #739 ) ;
#4953 = ORIENTED_EDGE ( 'NONE', *, *, #4002, .F. ) ;
#4954 = VERTEX_POINT ( 'NONE', #6846 ) ;
#4955 = DIRECTION ( 'NONE',  ( 0.000000000000000000, -0.2756373558170042704, 0.9612616959383174509 ) ) ;
#4956 = ORIENTED_EDGE ( 'NONE', *, *, #2914, .T. ) ;
#4957 = ORIENTED_EDGE ( 'NONE', *, *, #3490, .F. ) ;
#4958 = CARTESIAN_POINT ( 'NONE',  ( -58.99999999999998579, 10.49999999999999822, 8.000000000000000000 ) ) ;
#4959 = VECTOR ( 'NONE', #545, 1000.000000000000000 ) ;
#4960 = UNCERTAINTY_MEASURE_WITH_UNIT (LENGTH_MEASURE( 1.000000000000000082E-05 ), #8458, 'distance_accuracy_value', 'NONE');
#4961 = DIRECTION ( 'NONE',  ( 0.000000000000000000, 0.000000000000000000, -1.000000000000000000 ) ) ;
#4962 = DIRECTION ( 'NONE',  ( 0.000000000000000000, 0.000000000000000000, 1.000000000000000000 ) ) ;
#4963 = VECTOR ( 'NONE', #467, 1000.000000000000000 ) ;
#4964 = EDGE_CURVE ( 'NONE', #9099, #1389, #2269, .T. ) ;
#4965 = FACE_OUTER_BOUND ( 'NONE', #6169, .T. ) ;
#4966 = VERTEX_POINT ( 'NONE', #8433 ) ;
#4967 = ORIENTED_EDGE ( 'NONE', *, *, #8401, .T. ) ;
#4968 = ADVANCED_FACE ( 'NONE', ( #7619 ), #7712, .F. ) ;
#4969 = VERTEX_POINT ( 'NONE', #24 ) ;
#4970 = ORIENTED_EDGE ( 'NONE', *, *, #319, .T. ) ;
#4971 = AXIS2_PLACEMENT_3D ( 'NONE', #9041, #7506, #2068 ) ;
#4972 = CARTESIAN_POINT ( 'NONE',  ( 53.44999999999999574, -11.50000000000000000, -35.45000000000003126 ) ) ;
#4973 = VECTOR ( 'NONE', #6455, 1000.000000000000227 ) ;
#4974 = CARTESIAN_POINT ( 'NONE',  ( 51.62500000000000000, 10.80000000000000071, 0.000000000000000000 ) ) ;
#4975 = CARTESIAN_POINT ( 'NONE',  ( -15.62500000000000711, 10.53731005528969789, 27.62532512953050912 ) ) ;
#4976 = ORIENTED_EDGE ( 'NONE', *, *, #1732, .T. ) ;
#4977 = AXIS2_PLACEMENT_3D ( 'NONE', #4363, #4258, #9712 ) ;
#4978 = ORIENTED_EDGE ( 'NONE', *, *, #3935, .F. ) ;
#4979 = CARTESIAN_POINT ( 'NONE',  ( -15.62500000000000711, 10.80000000000000071, 0.000000000000000000 ) ) ;
#4980 = ADVANCED_FACE ( 'NONE', ( #5478 ), #9970, .F. ) ;
#4981 = ADVANCED_FACE ( 'NONE', ( #6142 ), #3074, .F. ) ;
#4982 = DIRECTION ( 'NONE',  ( -0.2386847610229712591, 0.8323926831162089535, -0.5001519828512186461 ) ) ;
#4983 = LINE ( 'NONE', #1983, #4418 ) ;
#4984 = DIRECTION ( 'NONE',  ( 0.7071067811865497932, -2.453269466693400041E-14, -0.7071067811865452413 ) ) ;
#4985 = VECTOR ( 'NONE', #4620, 1000.000000000000000 ) ;
#4986 = VERTEX_POINT ( 'NONE', #3123 ) ;
#4987 = DIRECTION ( 'NONE',  ( -1.000000000000000000, -4.479964619998411121E-16, -1.284609183147281506E-16 ) ) ;
#4988 = ORIENTED_EDGE ( 'NONE', *, *, #4858, .T. ) ;
#4989 = LINE ( 'NONE', #2802, #5285 ) ;
#4990 = DIRECTION ( 'NONE',  ( 0.000000000000000000, 0.000000000000000000, 1.000000000000000000 ) ) ;
#4991 = LINE ( 'NONE', #9540, #2532 ) ;
#4992 = EDGE_CURVE ( 'NONE', #5305, #5772, #2978, .T. ) ;
#4993 = AXIS2_PLACEMENT_3D ( 'NONE', #461, #5037, #355 ) ;
#4994 = LINE ( 'NONE', #3614, #841 ) ;
#4995 = AXIS2_PLACEMENT_3D ( 'NONE', #1927, #1154, #9619 ) ;
#4996 = DIRECTION ( 'NONE',  ( 0.2657276780299913099, -0.9267025424900799946, 0.2657276780299913099 ) ) ;
#4997 = VERTEX_POINT ( 'NONE', #6943 ) ;
#4998 = DIRECTION ( 'NONE',  ( 0.000000000000000000, 0.000000000000000000, -1.000000000000000000 ) ) ;
#4999 = ADVANCED_FACE ( 'NONE', ( #9203 ), #6187, .F. ) ;
#5000 = LINE ( 'NONE', #3515, #9070 ) ;
#5001 = AXIS2_PLACEMENT_3D ( 'NONE', #7502, #9750, #8985 ) ;
#5002 = VECTOR ( 'NONE', #3534, 1000.000000000000114 ) ;
#5003 = CARTESIAN_POINT ( 'NONE',  ( 7.503740226995931017, 7.500000000000000000, -33.62500000000000000 ) ) ;
#5004 = ORIENTED_EDGE ( 'NONE', *, *, #3496, .F. ) ;
#5005 = SURFACE_STYLE_USAGE ( .BOTH. , #8009 ) ;
#5006 = PLANE ( 'NONE',  #2363 ) ;
#5007 = ORIENTED_EDGE ( 'NONE', *, *, #3509, .T. ) ;
#5008 = CARTESIAN_POINT ( 'NONE',  ( 29.73571359999212760, 22.25864506693675438, 26.58211138907228843 ) ) ;
#5009 = ORIENTED_EDGE ( 'NONE', *, *, #1718, .F. ) ;
#5010 = ORIENTED_EDGE ( 'NONE', *, *, #9217, .F. ) ;
#5011 = CARTESIAN_POINT ( 'NONE',  ( 52.80943399447263431, 8.566080860090414362, 0.000000000000000000 ) ) ;
#5012 = EDGE_LOOP ( 'NONE', ( #9654, #1868, #3694, #5571 ) ) ;
#5013 = AXIS2_PLACEMENT_3D ( 'NONE', #8481, #1507, #741 ) ;
#5014 = EDGE_CURVE ( 'NONE', #5371, #1088, #5329, .T. ) ;
#5015 = LINE ( 'NONE', #8229, #5490 ) ;
#5016 = LINE ( 'NONE', #4148, #1595 ) ;
#5017 = VECTOR ( 'NONE', #3097, 1000.000000000000000 ) ;
#5018 = LINE ( 'NONE', #335, #571 ) ;
#5019 = ORIENTED_EDGE ( 'NONE', *, *, #5475, .T. ) ;
#5020 = ORIENTED_EDGE ( 'NONE', *, *, #5959, .T. ) ;
#5021 = ORIENTED_EDGE ( 'NONE', *, *, #1295, .F. ) ;
#5022 = LINE ( 'NONE', #6649, #9960 ) ;
#5023 = ORIENTED_EDGE ( 'NONE', *, *, #7752, .F. ) ;
#5024 = EDGE_CURVE ( 'NONE', #4548, #8902, #7761, .T. ) ;
#5025 = EDGE_CURVE ( 'NONE', #8995, #1442, #3411, .T. ) ;
#5026 = DIRECTION ( 'NONE',  ( 0.000000000000000000, -0.2756373558170040483, 0.9612616959383175619 ) ) ;
#5027 = LINE ( 'NONE', #342, #5495 ) ;
#5028 = ORIENTED_EDGE ( 'NONE', *, *, #3463, .T. ) ;
#5029 = EDGE_CURVE ( 'NONE', #2413, #6691, #174, .T. ) ;
#5030 = ORIENTED_EDGE ( 'NONE', *, *, #7470, .F. ) ;
#5031 = CARTESIAN_POINT ( 'NONE',  ( 9.550000000000002487, 10.80000000000000071, -18.55000000000037730 ) ) ;
#5032 = CARTESIAN_POINT ( 'NONE',  ( 35.37467487046910009, 10.53731005528972098, -33.62500000000000000 ) ) ;
#5033 = CARTESIAN_POINT ( 'NONE',  ( 0.000000000000000000, 7.500000000000000000, 16.50374022699554644 ) ) ;
#5034 = DIRECTION ( 'NONE',  ( 0.000000000000000000, 0.9612616959383174509, -0.2756373558170042704 ) ) ;
#5035 = ORIENTED_EDGE ( 'NONE', *, *, #5036, .T. ) ;
#5036 = EDGE_CURVE ( 'NONE', #999, #2178, #8827, .T. ) ;
#5037 = DIRECTION ( 'NONE',  ( 0.000000000000000000, 0.000000000000000000, -1.000000000000000000 ) ) ;
#5038 = VERTEX_POINT ( 'NONE', #888 ) ;
#5039 = LINE ( 'NONE', #4280, #7378 ) ;
#5040 = LINE ( 'NONE', #3506, #4200 ) ;
#5041 = CARTESIAN_POINT ( 'NONE',  ( -20.37499999999999645, 10.80000000000000426, 18.54999999999960991 ) ) ;
#5042 = CARTESIAN_POINT ( 'NONE',  ( -34.50374022699593013, 7.500000000000000000, -33.62500000000000711 ) ) ;
#5043 = DIRECTION ( 'NONE',  ( -0.2657276780299913099, -0.9267025424900799946, 0.2657276780299913099 ) ) ;
#5044 = ORIENTED_EDGE ( 'NONE', *, *, #1926, .T. ) ;
#5045 = LINE ( 'NONE', #3565, #4732 ) ;
#5046 = LINE ( 'NONE', #2755, #7663 ) ;
#5047 = VECTOR ( 'NONE', #804, 1000.000000000000000 ) ;
#5048 = PLANE ( 'NONE',  #3698 ) ;
#5049 = EDGE_CURVE ( 'NONE', #5564, #6867, #7861, .T. ) ;
#5050 = DIRECTION ( 'NONE',  ( 0.000000000000000000, 0.9612616959383174509, -0.2756373558170042704 ) ) ;
#5051 = ORIENTED_EDGE ( 'NONE', *, *, #7782, .F. ) ;
#5052 = LINE ( 'NONE', #9093, #2186 ) ;
#5053 = DIRECTION ( 'NONE',  ( 1.000000000000000000, 0.000000000000000000, 0.000000000000000000 ) ) ;
#5054 = CARTESIAN_POINT ( 'NONE',  ( -20.37499999999999645, 7.500000000000000000, -28.49625977300445356 ) ) ;
#5055 = ORIENTED_EDGE ( 'NONE', *, *, #3190, .F. ) ;
#5056 = VECTOR ( 'NONE', #6766, 1000.000000000000227 ) ;
#5057 = VERTEX_POINT ( 'NONE', #4091 ) ;
#5058 = CARTESIAN_POINT ( 'NONE',  ( -15.62500000000000711, 10.53731005528968723, -8.374674870469487331 ) ) ;
#5059 = ORIENTED_EDGE ( 'NONE', *, *, #600, .T. ) ;
#5060 = ORIENTED_EDGE ( 'NONE', *, *, #2041, .T. ) ;
#5061 = LINE ( 'NONE', #7397, #3433 ) ;
#5062 = ORIENTED_EDGE ( 'NONE', *, *, #9128, .T. ) ;
#5063 = DIRECTION ( 'NONE',  ( 0.000000000000000000, 0.000000000000000000, -1.000000000000000000 ) ) ;
#5064 = VECTOR ( 'NONE', #551, 1000.000000000000114 ) ;
#5065 = CARTESIAN_POINT ( 'NONE',  ( -27.62532512953090702, 10.53731005528966058, 33.62499999999999289 ) ) ;
#5066 = AXIS2_PLACEMENT_3D ( 'NONE', #2249, #7069, #4 ) ;
#5067 = CARTESIAN_POINT ( 'NONE',  ( -51.62500000000000711, 10.80000000000000071, 0.000000000000000000 ) ) ;
#5068 = CARTESIAN_POINT ( 'NONE',  ( -53.44999999999999574, 10.80000000000000071, 18.54999999999960991 ) ) ;
#5069 = EDGE_CURVE ( 'NONE', #9802, #5334, #6480, .T. ) ;
#5070 = VERTEX_POINT ( 'NONE', #1656 ) ;
#5071 = ORIENTED_EDGE ( 'NONE', *, *, #10, .T. ) ;
#5072 = EDGE_LOOP ( 'NONE', ( #230, #9845, #9300, #5819 ) ) ;
#5073 = ORIENTED_EDGE ( 'NONE', *, *, #8351, .F. ) ;
#5074 = AXIS2_PLACEMENT_3D ( 'NONE', #4454, #2071, #7559 ) ;
#5075 = FACE_OUTER_BOUND ( 'NONE', #993, .T. ) ;
#5076 = LINE ( 'NONE', #2084, #3466 ) ;
#5077 = FACE_OUTER_BOUND ( 'NONE', #8683, .T. ) ;
#5078 = ORIENTED_EDGE ( 'NONE', *, *, #849, .F. ) ;
#5079 = EDGE_CURVE ( 'NONE', #4209, #3033, #7090, .T. ) ;
#5080 = PLANE ( 'NONE',  #7242 ) ;
#5081 = FACE_OUTER_BOUND ( 'NONE', #586, .T. ) ;
#5082 = LINE ( 'NONE', #7424, #9783 ) ;
#5083 = PLANE ( 'NONE',  #8886 ) ;
#5084 = VERTEX_POINT ( 'NONE', #9502 ) ;
#5085 = ORIENTED_EDGE ( 'NONE', *, *, #6629, .F. ) ;
#5086 = PLANE ( 'NONE',  #1775 ) ;
#5087 = EDGE_LOOP ( 'NONE', ( #4040, #209, #6752, #8352 ) ) ;
#5088 = PRODUCT ( '3 Segment Subtap', '3 Segment Subtap', '', ( #4586 ) ) ;
#5089 = CARTESIAN_POINT ( 'NONE',  ( 15.62500000000000000, 10.53731005528968545, 27.62532512953051267 ) ) ;
#5090 = CARTESIAN_POINT ( 'NONE',  ( -52.80943399447264852, 8.566080860090412585, -1.272127533929272610E-16 ) ) ;
#5091 = ADVANCED_FACE ( 'NONE', ( #2516 ), #3223, .F. ) ;
#5092 = FACE_OUTER_BOUND ( 'NONE', #6414, .T. ) ;
#5093 = CARTESIAN_POINT ( 'NONE',  ( 14.03553390593270578, 0.000000000000000000, -14.03553390593272709 ) ) ;
#5094 = CARTESIAN_POINT ( 'NONE',  ( -53.45000000000000284, 7.500000000000000000, -35.45000000000003126 ) ) ;
#5095 = ORIENTED_EDGE ( 'NONE', *, *, #3477, .F. ) ;
#5096 = ORIENTED_EDGE ( 'NONE', *, *, #8594, .F. ) ;
#5097 = EDGE_CURVE ( 'NONE', #3309, #2683, #1705, .T. ) ;
#5098 = CARTESIAN_POINT ( 'NONE',  ( 20.37499999999998934, 10.80000000000000426, -26.45000000000038298 ) ) ;
#5099 = FACE_OUTER_BOUND ( 'NONE', #9042, .T. ) ;
#5100 = CARTESIAN_POINT ( 'NONE',  ( 15.62500000000000000, 10.53731005528968723, -18.62532512953129071 ) ) ;
#5101 = ORIENTED_EDGE ( 'NONE', *, *, #1596, .T. ) ;
#5102 = DIRECTION ( 'NONE',  ( 1.000000000000000000, 0.000000000000000000, 0.000000000000000000 ) ) ;
#5103 = ORIENTED_EDGE ( 'NONE', *, *, #1829, .F. ) ;
#5104 = LINE ( 'NONE', #7603, #724 ) ;
#5105 = CARTESIAN_POINT ( 'NONE',  ( 37.49625977300406987, 7.500000000000000000, 33.62500000000000000 ) ) ;
#5106 = VECTOR ( 'NONE', #6734, 1000.000000000000114 ) ;
#5107 = LINE ( 'NONE', #1185, #3984 ) ;
#5108 = ORIENTED_EDGE ( 'NONE', *, *, #4234, .T. ) ;
#5109 = EDGE_LOOP ( 'NONE', ( #6990, #1751, #3155, #8375 ) ) ;
#5110 = CARTESIAN_POINT ( 'NONE',  ( 27.54999999999999005, 10.80000000000000071, -27.55000000000038796 ) ) ;
#5111 = ORIENTED_EDGE ( 'NONE', *, *, #5774, .F. ) ;
#5112 = ORIENTED_EDGE ( 'NONE', *, *, #3025, .T. ) ;
#5113 = EDGE_CURVE ( 'NONE', #973, #6874, #7287, .T. ) ;
#5114 = LINE ( 'NONE', #1243, #7176 ) ;
#5115 = VECTOR ( 'NONE', #7078, 1000.000000000000000 ) ;
#5116 = FACE_OUTER_BOUND ( 'NONE', #2605, .T. ) ;
#5117 = LINE ( 'NONE', #9922, #8593 ) ;
#5118 = FACE_OUTER_BOUND ( 'NONE', #7610, .T. ) ;
#5119 = LINE ( 'NONE', #8233, #897 ) ;
#5120 = PLANE ( 'NONE',  #8405 ) ;
#5121 = VECTOR ( 'NONE', #6433, 1000.000000000000114 ) ;
#5122 = ORIENTED_EDGE ( 'NONE', *, *, #459, .T. ) ;
#5123 = ORIENTED_EDGE ( 'NONE', *, *, #7284, .F. ) ;
#5124 = EDGE_CURVE ( 'NONE', #9498, #9007, #8775, .T. ) ;
#5125 = ORIENTED_EDGE ( 'NONE', *, *, #9230, .F. ) ;
#5126 = ORIENTED_EDGE ( 'NONE', *, *, #6457, .T. ) ;
#5127 = LINE ( 'NONE', #4157, #2790 ) ;
#5128 = LINE ( 'NONE', #2183, #9350 ) ;
#5129 = EDGE_CURVE ( 'NONE', #109, #9490, #4948, .T. ) ;
#5130 = VECTOR ( 'NONE', #7376, 1000.000000000000114 ) ;
#5131 = PLANE ( 'NONE',  #5344 ) ;
#5132 = ORIENTED_EDGE ( 'NONE', *, *, #6778, .T. ) ;
#5133 = AXIS2_PLACEMENT_3D ( 'NONE', #1136, #6531, #1673 ) ;
#5134 = AXIS2_PLACEMENT_3D ( 'NONE', #3041, #6109, #2235 ) ;
#5135 = ORIENTED_EDGE ( 'NONE', *, *, #5831, .T. ) ;
#5136 = DIRECTION ( 'NONE',  ( 0.2756373558170042704, -0.9612616959383174509, 0.000000000000000000 ) ) ;
#5137 = CARTESIAN_POINT ( 'NONE',  ( -17.45000000000001350, -11.50000000000000000, 35.44999999999997442 ) ) ;
#5138 = VECTOR ( 'NONE', #2895, 1000.000000000000000 ) ;
#5139 = CARTESIAN_POINT ( 'NONE',  ( -51.62500000000000711, 10.53731005528969789, 33.62499999999999289 ) ) ;
#5140 = PLANE ( 'NONE',  #2870 ) ;
#5141 = EDGE_CURVE ( 'NONE', #6573, #6211, #9453, .T. ) ;
#5142 = ORIENTED_EDGE ( 'NONE', *, *, #7369, .T. ) ;
#5143 = AXIS2_PLACEMENT_3D ( 'NONE', #7637, #5351, #1477 ) ;
#5144 = CARTESIAN_POINT ( 'NONE',  ( 0.000000000000000000, 7.500000000000000000, -19.49625977300445356 ) ) ;
#5145 = ORIENTED_EDGE ( 'NONE', *, *, #3913, .T. ) ;
#5146 = CARTESIAN_POINT ( 'NONE',  ( -5.168701556196016542E-16, 8.566080860090828253, 34.80943399447237852 ) ) ;
#5147 = DIRECTION ( 'NONE',  ( -1.000000000000000000, -6.617913326349485696E-16, 0.000000000000000000 ) ) ;
#5148 = DIRECTION ( 'NONE',  ( 0.2756373558170042704, -0.9612616959383174509, 0.000000000000000000 ) ) ;
#5149 = CARTESIAN_POINT ( 'NONE',  ( -16.50374022699592658, 7.500000000000000000, 0.000000000000000000 ) ) ;
#5150 = EDGE_LOOP ( 'NONE', ( #3273, #8946, #2511, #3262 ) ) ;
#5151 = ORIENTED_EDGE ( 'NONE', *, *, #8033, .F. ) ;
#5152 = CARTESIAN_POINT ( 'NONE',  ( -35.44999999999999574, 10.80000000000000426, 33.62499999999999289 ) ) ;
#5153 = AXIS2_PLACEMENT_3D ( 'NONE', #3895, #9969, #1605 ) ;
#5154 = DIRECTION ( 'NONE',  ( 0.000000000000000000, 0.000000000000000000, -1.000000000000000000 ) ) ;
#5155 = EDGE_CURVE ( 'NONE', #5926, #3054, #2467, .T. ) ;
#5156 = DIRECTION ( 'NONE',  ( 1.000000000000000000, 0.000000000000000000, 0.000000000000000000 ) ) ;
#5157 = ORIENTED_EDGE ( 'NONE', *, *, #5188, .F. ) ;
#5158 = CARTESIAN_POINT ( 'NONE',  ( 16.50374022699593723, 7.500000000000000000, 0.000000000000000000 ) ) ;
#5159 = ORIENTED_EDGE ( 'NONE', *, *, #7108, .T. ) ;
#5160 = CARTESIAN_POINT ( 'NONE',  ( 61.43449314192414334, 9.099999999999983658, -33.36342533005872468 ) ) ;
#5161 = CARTESIAN_POINT ( 'NONE',  ( -62.00000000000000000, -11.50000000000000000, -41.00000000000000000 ) ) ;
#5162 = AXIS2_PLACEMENT_3D ( 'NONE', #1849, #4945, #4853 ) ;
#5163 = DIRECTION ( 'NONE',  ( 0.000000000000000000, 0.000000000000000000, 1.000000000000000000 ) ) ;
#5164 = ORIENTED_EDGE ( 'NONE', *, *, #250, .F. ) ;
#5165 = PLANE ( 'NONE',  #422 ) ;
#5166 = VERTEX_POINT ( 'NONE', #8679 ) ;
#5167 = ORIENTED_EDGE ( 'NONE', *, *, #8139, .F. ) ;
#5168 = DIRECTION ( 'NONE',  ( -0.7071067811865452413, 0.000000000000000000, -0.7071067811865497932 ) ) ;
#5169 = VECTOR ( 'NONE', #3370, 1000.000000000000000 ) ;
#5170 = VECTOR ( 'NONE', #332, 1000.000000000000000 ) ;
#5171 = CARTESIAN_POINT ( 'NONE',  ( -53.44999999999999574, 10.80000000000000071, -9.550000000000384404 ) ) ;
#5172 = DIRECTION ( 'NONE',  ( -0.000000000000000000, 0.9612616959383174509, 0.2756373558170039373 ) ) ;
#5173 = ADVANCED_FACE ( 'NONE', ( #2609 ), #6523, .F. ) ;
#5174 = DIRECTION ( 'NONE',  ( -0.2657276780299913099, 0.9267025424900799946, 0.2657276780299913099 ) ) ;
#5175 = PLANE ( 'NONE',  #6905 ) ;
#5176 = VECTOR ( 'NONE', #1779, 1000.000000000000114 ) ;
#5177 = AXIS2_PLACEMENT_3D ( 'NONE', #7041, #648, #5379 ) ;
#5178 = CARTESIAN_POINT ( 'NONE',  ( 51.62500000000000711, 10.53731005528968723, -27.62532512953129071 ) ) ;
#5179 = ORIENTED_EDGE ( 'NONE', *, *, #6257, .T. ) ;
#5180 = ORIENTED_EDGE ( 'NONE', *, *, #9925, .F. ) ;
#5181 = VERTEX_POINT ( 'NONE', #4136 ) ;
#5182 = CARTESIAN_POINT ( 'NONE',  ( 19.19056600552735503, 8.566080860090416138, -34.80943399447265563 ) ) ;
#5183 = FACE_OUTER_BOUND ( 'NONE', #6193, .T. ) ;
#5184 = VECTOR ( 'NONE', #1529, 1000.000000000000000 ) ;
#5185 = DIRECTION ( 'NONE',  ( 0.000000000000000000, 0.000000000000000000, -1.000000000000000000 ) ) ;
#5186 = EDGE_CURVE ( 'NONE', #1349, #1366, #940, .T. ) ;
#5187 = ORIENTED_EDGE ( 'NONE', *, *, #5315, .F. ) ;
#5188 = EDGE_CURVE ( 'NONE', #3079, #9388, #3266, .T. ) ;
#5189 = DIRECTION ( 'NONE',  ( -0.5150380749100552658, 0.8571673007021116675, 0.000000000000000000 ) ) ;
#5190 = DIRECTION ( 'NONE',  ( 0.000000000000000000, 0.000000000000000000, 1.000000000000000000 ) ) ;
#5191 = ADVANCED_FACE ( 'NONE', ( #4854 ), #3314, .T. ) ;
#5192 = DIRECTION ( 'NONE',  ( -0.7071067811865475727, 0.000000000000000000, -0.7071067811865475727 ) ) ;
#5193 = CARTESIAN_POINT ( 'NONE',  ( 0.000000000000000000, 7.500000000000000000, 7.503740226995549101 ) ) ;
#5194 = ORIENTED_EDGE ( 'NONE', *, *, #2423, .F. ) ;
#5195 = CARTESIAN_POINT ( 'NONE',  ( -13.08484749617240617, 14.76483374945125426, 0.5868977829555878101 ) ) ;
#5196 = ORIENTED_EDGE ( 'NONE', *, *, #3219, .T. ) ;
#5197 = DIRECTION ( 'NONE',  ( -3.408477339524638833E-16, 0.5150380749100552658, 0.8571673007021116675 ) ) ;
#5198 = LINE ( 'NONE', #3718, #5130 ) ;
#5199 = DIRECTION ( 'NONE',  ( 0.7071067811865474617, 0.000000000000000000, 0.7071067811865474617 ) ) ;
#5200 = ADVANCED_FACE ( 'NONE', ( #9599 ), #6625, .F. ) ;
#5201 = LINE ( 'NONE', #625, #1338 ) ;
#5202 = VERTEX_POINT ( 'NONE', #1130 ) ;
#5203 = ORIENTED_EDGE ( 'NONE', *, *, #8790, .T. ) ;
#5204 = ORIENTED_EDGE ( 'NONE', *, *, #7011, .T. ) ;
#5205 = PLANE ( 'NONE',  #22 ) ;
#5206 = DIRECTION ( 'NONE',  ( 0.2386847610229712591, -0.8323926831162089535, -0.5001519828512186461 ) ) ;
#5207 = FACE_OUTER_BOUND ( 'NONE', #960, .T. ) ;
#5208 = ORIENTED_EDGE ( 'NONE', *, *, #1622, .F. ) ;
#5209 = CARTESIAN_POINT ( 'NONE',  ( -15.62500000000000711, 10.53731005528969433, -17.37467487046947667 ) ) ;
#5210 = ORIENTED_EDGE ( 'NONE', *, *, #68, .T. ) ;
#5211 = LINE ( 'NONE', #8931, #9184 ) ;
#5212 = CARTESIAN_POINT ( 'NONE',  ( 35.44999999999999574, 10.80000000000000071, -27.55000000000038796 ) ) ;
#5213 = DIRECTION ( 'NONE',  ( -0.000000000000000000, -0.2756373558170042704, -0.9612616959383174509 ) ) ;
#5214 = ORIENTED_EDGE ( 'NONE', *, *, #3726, .F. ) ;
#5215 = ADVANCED_FACE ( 'NONE', ( #2704 ), #6732, .F. ) ;
#5216 = LINE ( 'NONE', #8991, #5785 ) ;
#5217 = ORIENTED_EDGE ( 'NONE', *, *, #7887, .T. ) ;
#5218 = ORIENTED_EDGE ( 'NONE', *, *, #1117, .T. ) ;
#5219 = EDGE_CURVE ( 'NONE', #6359, #9996, #5920, .T. ) ;
#5220 = PLANE ( 'NONE',  #6201 ) ;
#5221 = ORIENTED_EDGE ( 'NONE', *, *, #6584, .F. ) ;
#5222 = VECTOR ( 'NONE', #9512, 1000.000000000000114 ) ;
#5223 = EDGE_CURVE ( 'NONE', #2058, #6147, #1233, .T. ) ;
#5224 = PLANE ( 'NONE',  #5972 ) ;
#5225 = DIRECTION ( 'NONE',  ( 0.2657276780299913099, -0.9267025424900799946, 0.2657276780299913099 ) ) ;
#5226 = CARTESIAN_POINT ( 'NONE',  ( 15.62500000000000000, 10.80000000000000426, 33.62500000000000000 ) ) ;
#5227 = VECTOR ( 'NONE', #6937, 1000.000000000000000 ) ;
#5228 = DIRECTION ( 'NONE',  ( -0.000000000000000000, 0.9612616959383180060, 0.2756373558170023830 ) ) ;
#5229 = DIRECTION ( 'NONE',  ( 1.000000000000000000, 0.000000000000000000, 0.000000000000000000 ) ) ;
#5230 = EDGE_CURVE ( 'NONE', #7924, #7235, #9691, .T. ) ;
#5231 = ORIENTED_EDGE ( 'NONE', *, *, #6921, .T. ) ;
#5232 = VERTEX_POINT ( 'NONE', #6572 ) ;
#5233 = ORIENTED_EDGE ( 'NONE', *, *, #6482, .T. ) ;
#5234 = ORIENTED_EDGE ( 'NONE', *, *, #2930, .T. ) ;
#5235 = EDGE_CURVE ( 'NONE', #5166, #9130, #3461, .T. ) ;
#5236 = DIRECTION ( 'NONE',  ( 0.000000000000000000, 0.000000000000000000, 1.000000000000000000 ) ) ;
#5237 = EDGE_CURVE ( 'NONE', #378, #8626, #1181, .T. ) ;
#5238 = VECTOR ( 'NONE', #664, 1000.000000000000000 ) ;
#5239 = VECTOR ( 'NONE', #879, 1000.000000000000114 ) ;
#5240 = DIRECTION ( 'NONE',  ( -1.000000000000000000, 0.000000000000000000, -0.000000000000000000 ) ) ;
#5241 = DIRECTION ( 'NONE',  ( 0.000000000000000000, -1.628809415300402958E-16, -1.000000000000000000 ) ) ;
#5242 = ORIENTED_EDGE ( 'NONE', *, *, #4072, .T. ) ;
#5243 = VECTOR ( 'NONE', #4982, 1000.000000000000114 ) ;
#5244 = CARTESIAN_POINT ( 'NONE',  ( 36.54999999999999716, 10.80000000000000071, -27.55000000000038796 ) ) ;
#5245 = EDGE_CURVE ( 'NONE', #9734, #4850, #5977, .T. ) ;
#5246 = LINE ( 'NONE', #9277, #5238 ) ;
#5247 = DIRECTION ( 'NONE',  ( 0.5001519828512187571, -0.8323926831162092865, 0.2386847610229695660 ) ) ;
#5248 = ORIENTED_EDGE ( 'NONE', *, *, #9401, .T. ) ;
#5249 = PRODUCT_DEFINITION ( 'UNKNOWN', '', #2483, #9653 ) ;
#5250 = DIRECTION ( 'NONE',  ( 0.9612616959383174509, -0.2756373558170042704, 0.000000000000000000 ) ) ;
#5251 = ORIENTED_EDGE ( 'NONE', *, *, #4526, .F. ) ;
#5252 = DIRECTION ( 'NONE',  ( 0.7071067811865474617, -0.000000000000000000, 0.7071067811865474617 ) ) ;
#5253 = CARTESIAN_POINT ( 'NONE',  ( -2.735713599992135592, 22.25864506693678280, -26.58211138907231330 ) ) ;
#5254 = CARTESIAN_POINT ( 'NONE',  ( -61.00000000000000000, 9.899999999999998579, 8.000000000000000000 ) ) ;
#5255 = ORIENTED_EDGE ( 'NONE', *, *, #809, .F. ) ;
#5256 = ORIENTED_EDGE ( 'NONE', *, *, #1960, .T. ) ;
#5257 = EDGE_CURVE ( 'NONE', #704, #8655, #4290, .T. ) ;
#5258 = FACE_OUTER_BOUND ( 'NONE', #7879, .T. ) ;
#5259 = CARTESIAN_POINT ( 'NONE',  ( -19.19056600552735503, 8.566080860090405480, 0.000000000000000000 ) ) ;
#5260 = DIRECTION ( 'NONE',  ( 0.000000000000000000, -0.9612616959383174509, -0.2756373558170042704 ) ) ;
#5261 = ORIENTED_EDGE ( 'NONE', *, *, #8848, .T. ) ;
#5262 = ADVANCED_FACE ( 'NONE', ( #1289 ), #4239, .F. ) ;
#5263 = CARTESIAN_POINT ( 'NONE',  ( -35.44999999999999574, 10.80000000000000071, -35.45000000000039364 ) ) ;
#5264 = ORIENTED_EDGE ( 'NONE', *, *, #8018, .T. ) ;
#5265 = DIRECTION ( 'NONE',  ( 0.000000000000000000, 0.000000000000000000, -1.000000000000000000 ) ) ;
#5266 = DIRECTION ( 'NONE',  ( 0.000000000000000000, 0.9612616959383174509, -0.2756373558170039373 ) ) ;
#5267 = LINE ( 'NONE', #4547, #6911 ) ;
#5268 = ORIENTED_EDGE ( 'NONE', *, *, #2428, .T. ) ;
#5269 = DIRECTION ( 'NONE',  ( 0.000000000000000000, -0.2756373558170042704, 0.9612616959383174509 ) ) ;
#5270 = ORIENTED_EDGE ( 'NONE', *, *, #1472, .F. ) ;
#5271 = ORIENTED_EDGE ( 'NONE', *, *, #1060, .T. ) ;
#5272 = DIRECTION ( 'NONE',  ( 0.5001519828512185351, -0.8323926831162089535, 0.2386847610229712591 ) ) ;
#5273 = EDGE_LOOP ( 'NONE', ( #9267, #5402, #6634, #2705 ) ) ;
#5274 = LINE ( 'NONE', #3024, #5321 ) ;
#5275 = EDGE_CURVE ( 'NONE', #6851, #8793, #9747, .T. ) ;
#5276 = VECTOR ( 'NONE', #2633, 1000.000000000000114 ) ;
#5277 = LINE ( 'NONE', #1406, #2408 ) ;
#5278 = DIRECTION ( 'NONE',  ( -0.2657276780299894225, 0.9267025424900811048, 0.2657276780299894225 ) ) ;
#5279 = CARTESIAN_POINT ( 'NONE',  ( -37.19056600552723069, 8.566080860090810489, 34.80943399447237852 ) ) ;
#5280 = DIRECTION ( 'NONE',  ( 0.000000000000000000, -0.9612616959383174509, 0.2756373558170039373 ) ) ;
#5281 = VERTEX_POINT ( 'NONE', #7335 ) ;
#5282 = ORIENTED_EDGE ( 'NONE', *, *, #2384, .T. ) ;
#5283 = VERTEX_POINT ( 'NONE', #368 ) ;
#5284 = ORIENTED_EDGE ( 'NONE', *, *, #7731, .F. ) ;
#5285 = VECTOR ( 'NONE', #1989, 1000.000000000000000 ) ;
#5286 = DIRECTION ( 'NONE',  ( -0.000000000000000000, -0.2756373558170042704, -0.9612616959383174509 ) ) ;
#5287 = CARTESIAN_POINT ( 'NONE',  ( -16.50374022699593013, 7.500000000000000000, 0.000000000000000000 ) ) ;
#5288 = EDGE_CURVE ( 'NONE', #2641, #2079, #8929, .T. ) ;
#5289 = DIRECTION ( 'NONE',  ( -0.5001519828512186461, -0.8323926831162090645, -0.2386847610229710648 ) ) ;
#5290 = VECTOR ( 'NONE', #990, 1000.000000000000227 ) ;
#5291 = EDGE_CURVE ( 'NONE', #565, #1021, #530, .T. ) ;
#5292 = DIRECTION ( 'NONE',  ( -0.2657276780299913099, -0.9267025424900799946, 0.2657276780299913099 ) ) ;
#5293 = CARTESIAN_POINT ( 'NONE',  ( -44.44999999999999574, 10.80000000000000426, 33.62499999999999289 ) ) ;
#5294 = CARTESIAN_POINT ( 'NONE',  ( -15.62500000000000711, 10.80000000000000426, 17.44999999999961560 ) ) ;
#5295 = VECTOR ( 'NONE', #7487, 1000.000000000000114 ) ;
#5296 = DIRECTION ( 'NONE',  ( 0.000000000000000000, 0.000000000000000000, -1.000000000000000000 ) ) ;
#5297 = ORIENTED_EDGE ( 'NONE', *, *, #7572, .T. ) ;
#5298 = CARTESIAN_POINT ( 'NONE',  ( 19.19056600552734793, 8.566080860090412585, -7.809433994473036655 ) ) ;
#5299 = ORIENTED_EDGE ( 'NONE', *, *, #1737, .T. ) ;
#5300 = EDGE_CURVE ( 'NONE', #157, #4792, #3516, .T. ) ;
#5301 = EDGE_CURVE ( 'NONE', #6867, #7519, #2001, .T. ) ;
#5302 = CARTESIAN_POINT ( 'NONE',  ( 43.50374022699593723, 7.500000000000000000, 0.000000000000000000 ) ) ;
#5303 = LINE ( 'NONE', #1379, #7831 ) ;
#5304 = CARTESIAN_POINT ( 'NONE',  ( -15.62500000000000711, 10.80000000000000426, -17.45000000000039009 ) ) ;
#5305 = VERTEX_POINT ( 'NONE', #4341 ) ;
#5306 = ORIENTED_EDGE ( 'NONE', *, *, #7724, .T. ) ;
#5307 = ORIENTED_EDGE ( 'NONE', *, *, #8506, .F. ) ;
#5308 = LINE ( 'NONE', #7, #8478 ) ;
#5309 = AXIS2_PLACEMENT_3D ( 'NONE', #7279, #3260, #9636 ) ;
#5310 = CARTESIAN_POINT ( 'NONE',  ( -37.49625977300406277, 7.500000000000000000, 0.000000000000000000 ) ) ;
#5311 = AXIS2_PLACEMENT_3D ( 'NONE', #3606, #9834, #5956 ) ;
#5312 = EDGE_LOOP ( 'NONE', ( #2693, #7000, #3374, #5437 ) ) ;
#5313 = FACE_OUTER_BOUND ( 'NONE', #4516, .T. ) ;
#5314 = VERTEX_POINT ( 'NONE', #7446 ) ;
#5315 = EDGE_CURVE ( 'NONE', #6128, #1533, #4445, .T. ) ;
#5316 = EDGE_CURVE ( 'NONE', #705, #7652, #9853, .T. ) ;
#5317 = DIRECTION ( 'NONE',  ( -0.000000000000000000, -0.000000000000000000, 1.000000000000000000 ) ) ;
#5318 = DIRECTION ( 'NONE',  ( 0.000000000000000000, -0.9612616959383174509, 0.2756373558170042704 ) ) ;
#5319 = DIRECTION ( 'NONE',  ( -0.7071067811865452413, -0.000000000000000000, -0.7071067811865497932 ) ) ;
#5320 = ORIENTED_EDGE ( 'NONE', *, *, #7416, .T. ) ;
#5321 = VECTOR ( 'NONE', #7709, 1000.000000000000000 ) ;
#5322 = PLANE ( 'NONE',  #7578 ) ;
#5323 = VERTEX_POINT ( 'NONE', #5209 ) ;
#5324 = ORIENTED_EDGE ( 'NONE', *, *, #987, .T. ) ;
#5325 = DIRECTION ( 'NONE',  ( 0.000000000000000000, 0.000000000000000000, -1.000000000000000000 ) ) ;
#5326 = EDGE_CURVE ( 'NONE', #327, #9478, #8319, .T. ) ;
#5327 = CARTESIAN_POINT ( 'NONE',  ( -53.44999999999999574, 10.80000000000000071, 0.5499999999996132427 ) ) ;
#5328 = VECTOR ( 'NONE', #488, 1000.000000000000114 ) ;
#5329 = LINE ( 'NONE', #8532, #2094 ) ;
#5330 = EDGE_CURVE ( 'NONE', #9252, #5776, #2159, .T. ) ;
#5331 = DIRECTION ( 'NONE',  ( -0.000000000000000000, -1.000000000000000000, -0.000000000000000000 ) ) ;
#5332 = PLANE ( 'NONE',  #8700 ) ;
#5333 = LINE ( 'NONE', #6145, #9546 ) ;
#5334 = VERTEX_POINT ( 'NONE', #6127 ) ;
#5335 = ORIENTED_EDGE ( 'NONE', *, *, #654, .T. ) ;
#5336 = VECTOR ( 'NONE', #7965, 1000.000000000000000 ) ;
#5337 = EDGE_LOOP ( 'NONE', ( #3924, #1466, #5949, #5823 ) ) ;
#5338 = VECTOR ( 'NONE', #6730, 1000.000000000000000 ) ;
#5339 = EDGE_CURVE ( 'NONE', #1499, #548, #8417, .T. ) ;
#5340 = DIRECTION ( 'NONE',  ( 0.000000000000000000, 0.000000000000000000, -1.000000000000000000 ) ) ;
#5341 = CARTESIAN_POINT ( 'NONE',  ( 0.000000000000000000, 7.500000000000000000, 10.49625977300367907 ) ) ;
#5342 = DIRECTION ( 'NONE',  ( -0.9612616959383181170, -0.2756373558170021609, 0.000000000000000000 ) ) ;
#5343 = VECTOR ( 'NONE', #9539, 1000.000000000000114 ) ;
#5344 = AXIS2_PLACEMENT_3D ( 'NONE', #1365, #4471, #9062 ) ;
#5345 = DIRECTION ( 'NONE',  ( -1.000000000000000000, 0.000000000000000000, -3.976443497941104043E-16 ) ) ;
#5346 = LINE ( 'NONE', #4527, #6765 ) ;
#5347 = EDGE_CURVE ( 'NONE', #1308, #7821, #2964, .T. ) ;
#5348 = ADVANCED_FACE ( 'NONE', ( #3884 ), #1539, .F. ) ;
#5349 = DIRECTION ( 'NONE',  ( -0.000000000000000000, -0.2756373558170042704, -0.9612616959383174509 ) ) ;
#5350 = VECTOR ( 'NONE', #3570, 1000.000000000000227 ) ;
#5351 = DIRECTION ( 'NONE',  ( -0.5000000000000036637, 0.7071067811865446862, -0.5000000000000006661 ) ) ;
#5352 = EDGE_CURVE ( 'NONE', #144, #861, #3060, .T. ) ;
#5353 = ORIENTED_EDGE ( 'NONE', *, *, #6778, .F. ) ;
#5354 = CARTESIAN_POINT ( 'NONE',  ( -44.44999999999999574, 10.80000000000000426, -33.62500000000000711 ) ) ;
#5355 = VERTEX_POINT ( 'NONE', #7697 ) ;
#5356 = VECTOR ( 'NONE', #4987, 1000.000000000000000 ) ;
#5357 = CARTESIAN_POINT ( 'NONE',  ( -24.26428640000786174, 22.25864506693678280, -26.58211138907232396 ) ) ;
#5358 = LINE ( 'NONE', #8511, #1489 ) ;
#5359 = LINE ( 'NONE', #2294, #527 ) ;
#5360 = EDGE_LOOP ( 'NONE', ( #1683, #8620, #3995, #5875 ) ) ;
#5361 = VERTEX_POINT ( 'NONE', #6833 ) ;
#5362 = CARTESIAN_POINT ( 'NONE',  ( -20.37499999999999645, 7.500000000000000000, 1.496259773003681737 ) ) ;
#5363 = PLANE ( 'NONE',  #2941 ) ;
#5364 = EDGE_CURVE ( 'NONE', #8002, #6090, #6079, .T. ) ;
#5365 = VERTEX_POINT ( 'NONE', #7029 ) ;
#5366 = CARTESIAN_POINT ( 'NONE',  ( -57.99999999999999289, 9.499999999999998224, -8.000000000000000000 ) ) ;
#5367 = ORIENTED_EDGE ( 'NONE', *, *, #8018, .F. ) ;
#5368 = DIRECTION ( 'NONE',  ( -0.000000000000000000, -0.2756373558170040483, -0.9612616959383175619 ) ) ;
#5369 = CARTESIAN_POINT ( 'NONE',  ( 19.19056600552735148, 8.566080860090417914, -1.272127533929277047E-16 ) ) ;
#5370 = DIRECTION ( 'NONE',  ( 0.000000000000000000, -0.2756373558170040483, 0.9612616959383175619 ) ) ;
#5371 = VERTEX_POINT ( 'NONE', #6030 ) ;
#5372 = CARTESIAN_POINT ( 'NONE',  ( 16.60939292339055484, 7.868454739437289902, -1.390607076609836623 ) ) ;
#5373 = VERTEX_POINT ( 'NONE', #1447 ) ;
#5374 = VERTEX_POINT ( 'NONE', #5263 ) ;
#5375 = CARTESIAN_POINT ( 'NONE',  ( 26.45000000000000284, 10.80000000000000071, -35.45000000000039364 ) ) ;
#5376 = VERTEX_POINT ( 'NONE', #58 ) ;
#5377 = EDGE_CURVE ( 'NONE', #7398, #6573, #9137, .T. ) ;
#5378 = DIRECTION ( 'NONE',  ( -0.9612616959383180060, -0.2756373558170023830, 0.000000000000000000 ) ) ;
#5379 = DIRECTION ( 'NONE',  ( 1.000000000000000000, 0.000000000000000000, 0.000000000000000000 ) ) ;
#5380 = DIRECTION ( 'NONE',  ( -1.000000000000000000, 0.000000000000000000, 0.000000000000000000 ) ) ;
#5381 = LINE ( 'NONE', #5431, #4476 ) ;
#5382 = DIRECTION ( 'NONE',  ( -0.9612616959383174509, -0.2756373558170042704, 0.000000000000000000 ) ) ;
#5383 = ORIENTED_EDGE ( 'NONE', *, *, #8184, .T. ) ;
#5384 = VERTEX_POINT ( 'NONE', #682 ) ;
#5385 = VECTOR ( 'NONE', #2640, 1000.000000000000000 ) ;
#5386 = PLANE ( 'NONE',  #3119 ) ;
#5387 = EDGE_LOOP ( 'NONE', ( #6374, #2833, #1607, #6248 ) ) ;
#5388 = EDGE_LOOP ( 'NONE', ( #373, #4086, #9072, #7917 ) ) ;
#5389 = CARTESIAN_POINT ( 'NONE',  ( 52.80943399447264142, 8.566080860090405480, 1.190566005526970894 ) ) ;
#5390 = ADVANCED_FACE ( 'NONE', ( #2257 ), #3727, .F. ) ;
#5391 = LINE ( 'NONE', #7003, #5799 ) ;
#5392 = VECTOR ( 'NONE', #7858, 1000.000000000000114 ) ;
#5393 = CARTESIAN_POINT ( 'NONE',  ( 45.54999999999999005, 10.80000000000000426, 33.62500000000000000 ) ) ;
#5394 = EDGE_CURVE ( 'NONE', #6452, #8296, #7748, .T. ) ;
#5395 = DIRECTION ( 'NONE',  ( -0.000000000000000000, 0.000000000000000000, 1.000000000000000000 ) ) ;
#5396 = DIRECTION ( 'NONE',  ( -0.2657276780299913099, 0.9267025424900799946, 0.2657276780299913099 ) ) ;
#5397 = VECTOR ( 'NONE', #2686, 1000.000000000000000 ) ;
#5398 = AXIS2_PLACEMENT_3D ( 'NONE', #166, #7854, #9591 ) ;
#5399 = DIRECTION ( 'NONE',  ( -1.000000000000000000, 0.000000000000000000, 0.000000000000000000 ) ) ;
#5400 = ORIENTED_EDGE ( 'NONE', *, *, #7581, .T. ) ;
#5401 = DIRECTION ( 'NONE',  ( 0.000000000000000000, -0.9612616959383174509, 0.2756373558170042704 ) ) ;
#5402 = ORIENTED_EDGE ( 'NONE', *, *, #5596, .T. ) ;
#5403 = EDGE_CURVE ( 'NONE', #2277, #1081, #633, .T. ) ;
#5404 = CARTESIAN_POINT ( 'NONE',  ( 0.000000000000000000, 7.500000000000000000, 1.496259773003681737 ) ) ;
#5405 = AXIS2_PLACEMENT_3D ( 'NONE', #2664, #3277, #2574 ) ;
#5406 = DIRECTION ( 'NONE',  ( 0.9612616959383174509, -0.2756373558170042704, 0.000000000000000000 ) ) ;
#5407 = DIRECTION ( 'NONE',  ( -1.000000000000000000, 0.000000000000000000, 0.000000000000000000 ) ) ;
#5408 = VERTEX_POINT ( 'NONE', #727 ) ;
#5409 = ORIENTED_EDGE ( 'NONE', *, *, #8726, .T. ) ;
#5410 = FACE_OUTER_BOUND ( 'NONE', #2503, .T. ) ;
#5411 = VECTOR ( 'NONE', #9198, 1000.000000000000227 ) ;
#5412 = CARTESIAN_POINT ( 'NONE',  ( -40.07937528197219024, 29.75245638442230955, -13.88452941702863086 ) ) ;
#5413 = EDGE_LOOP ( 'NONE', ( #9436, #6320, #103, #10001 ) ) ;
#5414 = ADVANCED_FACE ( 'NONE', ( #5313 ), #4543, .F. ) ;
#5415 = PLANE ( 'NONE',  #9572 ) ;
#5416 = EDGE_LOOP ( 'NONE', ( #5658, #33, #5639, #7719 ) ) ;
#5417 = FACE_OUTER_BOUND ( 'NONE', #2742, .T. ) ;
#5418 = CARTESIAN_POINT ( 'NONE',  ( 52.80943399447263431, 8.566080860090414362, -25.80943399447301800 ) ) ;
#5419 = ADVANCED_FACE ( 'NONE', ( #6175 ), #3778, .F. ) ;
#5420 = CARTESIAN_POINT ( 'NONE',  ( -40.07937528197220445, 29.75245638442229534, -4.115470582972119651 ) ) ;
#5421 = VERTEX_POINT ( 'NONE', #11 ) ;
#5422 = CARTESIAN_POINT ( 'NONE',  ( 0.000000000000000000, 7.500000000000000000, -28.49625977300445356 ) ) ;
#5423 = ORIENTED_EDGE ( 'NONE', *, *, #3478, .F. ) ;
#5424 = VERTEX_POINT ( 'NONE', #5366 ) ;
#5425 = LINE ( 'NONE', #4653, #8501 ) ;
#5426 = ORIENTED_EDGE ( 'NONE', *, *, #792, .T. ) ;
#5427 = CARTESIAN_POINT ( 'NONE',  ( -48.93261023597309389, -0.9965637948165171345, -32.06738976402728980 ) ) ;
#5428 = DIRECTION ( 'NONE',  ( -1.000000000000000000, 0.000000000000000000, -0.000000000000000000 ) ) ;
#5429 = ORIENTED_EDGE ( 'NONE', *, *, #7039, .T. ) ;
#5430 = CARTESIAN_POINT ( 'NONE',  ( -17.44999999999999929, 10.80000000000000071, 26.44999999999961204 ) ) ;
#5431 = CARTESIAN_POINT ( 'NONE',  ( 18.54999999999999716, 10.80000000000000071, 18.54999999999960991 ) ) ;
#5432 = ADVANCED_FACE ( 'NONE', ( #2302 ), #5415, .F. ) ;
#5433 = CARTESIAN_POINT ( 'NONE',  ( -25.50374022699593368, 7.500000000000000000, 0.000000000000000000 ) ) ;
#5434 = VERTEX_POINT ( 'NONE', #9339 ) ;
#5435 = EDGE_LOOP ( 'NONE', ( #2060, #5242, #5, #2934 ) ) ;
#5436 = CARTESIAN_POINT ( 'NONE',  ( -6.973892133549616901, 5.652200105873793845, 33.97389213354923498 ) ) ;
#5437 = ORIENTED_EDGE ( 'NONE', *, *, #5717, .F. ) ;
#5438 = ORIENTED_EDGE ( 'NONE', *, *, #1915, .T. ) ;
#5439 = CARTESIAN_POINT ( 'NONE',  ( 45.54999999999999005, 10.80000000000000071, 35.44999999999961204 ) ) ;
#5440 = LINE ( 'NONE', #8596, #1730 ) ;
#5441 = DIRECTION ( 'NONE',  ( 1.000000000000000000, 0.000000000000000000, 0.000000000000000000 ) ) ;
#5442 = DIRECTION ( 'NONE',  ( 0.000000000000000000, -0.2756373558170042704, 0.9612616959383174509 ) ) ;
#5443 = EDGE_CURVE ( 'NONE', #3917, #9249, #7178, .T. ) ;
#5444 = AXIS2_PLACEMENT_3D ( 'NONE', #1593, #4698, #7802 ) ;
#5445 = PLANE ( 'NONE',  #5970 ) ;
#5446 = DIRECTION ( 'NONE',  ( 0.9612616959383174509, -0.2756373558170042704, 0.000000000000000000 ) ) ;
#5447 = ORIENTED_EDGE ( 'NONE', *, *, #1364, .F. ) ;
#5448 = ADVANCED_FACE ( 'NONE', ( #6274 ), #6415, .F. ) ;
#5449 = VECTOR ( 'NONE', #3959, 1000.000000000000114 ) ;
#5450 = DIRECTION ( 'NONE',  ( -3.469446951953605354E-14, -1.000000000000000000, -0.000000000000000000 ) ) ;
#5451 = ORIENTED_EDGE ( 'NONE', *, *, #5352, .F. ) ;
#5452 = DIRECTION ( 'NONE',  ( 0.000000000000000000, 0.000000000000000000, -1.000000000000000000 ) ) ;
#5453 = CARTESIAN_POINT ( 'NONE',  ( 17.45000000000000639, 10.80000000000000071, 8.449999999999617373 ) ) ;
#5454 = LINE ( 'NONE', #3971, #1660 ) ;
#5455 = VECTOR ( 'NONE', #2005, 1000.000000000000000 ) ;
#5456 = VERTEX_POINT ( 'NONE', #1838 ) ;
#5457 = ORIENTED_EDGE ( 'NONE', *, *, #8707, .F. ) ;
#5458 = LINE ( 'NONE', #5362, #6046 ) ;
#5459 = EDGE_CURVE ( 'NONE', #6080, #4366, #7271, .T. ) ;
#5460 = FACE_OUTER_BOUND ( 'NONE', #2873, .T. ) ;
#5461 = ORIENTED_EDGE ( 'NONE', *, *, #2445, .F. ) ;
#5462 = AXIS2_PLACEMENT_3D ( 'NONE', #7184, #9493, #2506 ) ;
#5463 = CARTESIAN_POINT ( 'NONE',  ( -5.168701556196016542E-16, 8.566080860090828253, 34.80943399447237852 ) ) ;
#5464 = VERTEX_POINT ( 'NONE', #4078 ) ;
#5465 = FACE_OUTER_BOUND ( 'NONE', #6049, .T. ) ;
#5466 = CARTESIAN_POINT ( 'NONE',  ( -42.26428640000786885, 22.25864506693675438, 26.58211138907228488 ) ) ;
#5467 = LINE ( 'NONE', #3888, #902 ) ;
#5468 = VECTOR ( 'NONE', #1124, 1000.000000000000227 ) ;
#5469 = ORIENTED_EDGE ( 'NONE', *, *, #3824, .F. ) ;
#5470 = LINE ( 'NONE', #6134, #4006 ) ;
#5471 = VERTEX_POINT ( 'NONE', #925 ) ;
#5472 = ORIENTED_EDGE ( 'NONE', *, *, #9577, .T. ) ;
#5473 = DIRECTION ( 'NONE',  ( -0.2657276780299913099, -0.9267025424900799946, 0.2657276780299913099 ) ) ;
#5474 = VECTOR ( 'NONE', #4832, 1000.000000000000114 ) ;
#5475 = EDGE_CURVE ( 'NONE', #6149, #1810, #3980, .T. ) ;
#5476 = ORIENTED_EDGE ( 'NONE', *, *, #7780, .F. ) ;
#5477 = CARTESIAN_POINT ( 'NONE',  ( -27.54999999999999361, 10.80000000000000071, 35.44999999999961204 ) ) ;
#5478 = FACE_OUTER_BOUND ( 'NONE', #1950, .T. ) ;
#5479 = ORIENTED_EDGE ( 'NONE', *, *, #2500, .F. ) ;
#5480 = LINE ( 'NONE', #3844, #1757 ) ;
#5481 = VECTOR ( 'NONE', #1357, 1000.000000000000227 ) ;
#5482 = CARTESIAN_POINT ( 'NONE',  ( -40.07937528197219024, 29.75245638442230955, 4.884529417027858145 ) ) ;
#5483 = CARTESIAN_POINT ( 'NONE',  ( -19.49625977300406632, 7.500000000000000000, 0.000000000000000000 ) ) ;
#5484 = ORIENTED_EDGE ( 'NONE', *, *, #4164, .T. ) ;
#5485 = VERTEX_POINT ( 'NONE', #1068 ) ;
#5486 = FACE_OUTER_BOUND ( 'NONE', #4240, .T. ) ;
#5487 = ORIENTED_EDGE ( 'NONE', *, *, #1426, .F. ) ;
#5488 = ORIENTED_EDGE ( 'NONE', *, *, #9217, .T. ) ;
#5489 = DIRECTION ( 'NONE',  ( 0.000000000000000000, -0.9612616959383174509, -0.2756373558170042704 ) ) ;
#5490 = VECTOR ( 'NONE', #6639, 1000.000000000000114 ) ;
#5491 = CARTESIAN_POINT ( 'NONE',  ( -33.26428640000786174, 22.25864506693678280, -26.58211138907232041 ) ) ;
#5492 = EDGE_CURVE ( 'NONE', #6832, #9930, #2403, .T. ) ;
#5493 = DIRECTION ( 'NONE',  ( -0.5001519828512187571, -0.8323926831162092865, -0.2386847610229695660 ) ) ;
#5494 = CARTESIAN_POINT ( 'NONE',  ( -9.625325129530910573, 10.53731005528964992, 33.62500000000000000 ) ) ;
#5495 = VECTOR ( 'NONE', #3338, 1000.000000000000114 ) ;
#5496 = CARTESIAN_POINT ( 'NONE',  ( -53.44999999999999574, 10.80000000000000071, 8.449999999999617373 ) ) ;
#5497 = PLANE ( 'NONE',  #7008 ) ;
#5498 = ADVANCED_FACE ( 'NONE', ( #9389 ), #2502, .F. ) ;
#5499 = ADVANCED_FACE ( 'NONE', ( #7849 ), #8667, .F. ) ;
#5500 = VECTOR ( 'NONE', #5266, 1000.000000000000114 ) ;
#5501 = VECTOR ( 'NONE', #9933, 1000.000000000000000 ) ;
#5502 = DIRECTION ( 'NONE',  ( -0.5001519828512187571, 0.8323926831162092865, 0.2386847610229693439 ) ) ;
#5503 = EDGE_LOOP ( 'NONE', ( #3798, #5488, #8220, #7687 ) ) ;
#5504 = FACE_OUTER_BOUND ( 'NONE', #7570, .T. ) ;
#5505 = CARTESIAN_POINT ( 'NONE',  ( 16.80943399447264497, 8.566080860090405480, -19.19056600552774583 ) ) ;
#5506 = LINE ( 'NONE', #1582, #8484 ) ;
#5507 = AXIS2_PLACEMENT_3D ( 'NONE', #211, #110, #9441 ) ;
#5508 = SHAPE_DEFINITION_REPRESENTATION ( #1024, #3763 ) ;
#5509 = ORIENTED_EDGE ( 'NONE', *, *, #3153, .F. ) ;
#5510 = ORIENTED_EDGE ( 'NONE', *, *, #2179, .F. ) ;
#5511 = DIRECTION ( 'NONE',  ( 0.2657276780299913099, 0.9267025424900799946, 0.2657276780299913099 ) ) ;
#5512 = LINE ( 'NONE', #1638, #172 ) ;
#5513 = VERTEX_POINT ( 'NONE', #1689 ) ;
#5514 = AXIS2_PLACEMENT_3D ( 'NONE', #5695, #7885, #8609 ) ;
#5515 = CARTESIAN_POINT ( 'NONE',  ( 18.11960549692769007, 12.30096400656400846, 35.88039450307191913 ) ) ;
#5516 = ORIENTED_EDGE ( 'NONE', *, *, #7685, .T. ) ;
#5517 = DIRECTION ( 'NONE',  ( 0.000000000000000000, 0.000000000000000000, -1.000000000000000000 ) ) ;
#5518 = CARTESIAN_POINT ( 'NONE',  ( 13.90968028962738501, -0.2227888855197996398, -30.71073385111670717 ) ) ;
#5519 = EDGE_CURVE ( 'NONE', #9511, #7328, #2551, .T. ) ;
#5520 = LINE ( 'NONE', #8469, #4484 ) ;
#5521 = CARTESIAN_POINT ( 'NONE',  ( -12.93261023597304238, -0.9965637948163279525, 32.06738976402657215 ) ) ;
#5522 = CARTESIAN_POINT ( 'NONE',  ( -2.584350778095969559E-16, 8.566080860089988036, -34.80943399447291142 ) ) ;
#5523 = EDGE_LOOP ( 'NONE', ( #6269, #1101, #5557, #3725 ) ) ;
#5524 = ORIENTED_EDGE ( 'NONE', *, *, #7330, .T. ) ;
#5525 = FACE_OUTER_BOUND ( 'NONE', #3456, .T. ) ;
#5526 = CARTESIAN_POINT ( 'NONE',  ( 16.80943399447264852, 8.566080860090398374, 0.000000000000000000 ) ) ;
#5527 = CARTESIAN_POINT ( 'NONE',  ( 18.54999999999999716, 10.80000000000000071, -18.55000000000037730 ) ) ;
#5528 = VERTEX_POINT ( 'NONE', #5657 ) ;
#5529 = CARTESIAN_POINT ( 'NONE',  ( -5.168701556195976113E-16, 8.566080860090819371, 34.80943399447237141 ) ) ;
#5530 = ADVANCED_FACE ( 'NONE', ( #5609 ), #8763, .F. ) ;
#5531 = EDGE_CURVE ( 'NONE', #2070, #6822, #8715, .T. ) ;
#5532 = LINE ( 'NONE', #1557, #1715 ) ;
#5533 = VERTEX_POINT ( 'NONE', #7994 ) ;
#5534 = VERTEX_POINT ( 'NONE', #4840 ) ;
#5535 = ORIENTED_EDGE ( 'NONE', *, *, #8294, .F. ) ;
#5536 = CARTESIAN_POINT ( 'NONE',  ( 0.000000000000000000, 7.500000000000000000, 34.50374022699554644 ) ) ;
#5537 = ORIENTED_EDGE ( 'NONE', *, *, #1129, .F. ) ;
#5538 = LINE ( 'NONE', #8641, #6503 ) ;
#5539 = LINE ( 'NONE', #8642, #2708 ) ;
#5540 = FACE_OUTER_BOUND ( 'NONE', #4011, .T. ) ;
#5541 = EDGE_CURVE ( 'NONE', #7741, #109, #1022, .T. ) ;
#5542 = LINE ( 'NONE', #8647, #8036 ) ;
#5543 = ORIENTED_EDGE ( 'NONE', *, *, #7614, .F. ) ;
#5544 = EDGE_CURVE ( 'NONE', #4063, #8649, #8040, .T. ) ;
#5545 = CARTESIAN_POINT ( 'NONE',  ( 16.80943399447264142, 8.566080860090405480, -25.80943399447301800 ) ) ;
#5546 = EDGE_CURVE ( 'NONE', #5793, #7193, #3154, .T. ) ;
#5547 = PLANE ( 'NONE',  #4896 ) ;
#5548 = VERTEX_POINT ( 'NONE', #4743 ) ;
#5549 = VECTOR ( 'NONE', #7073, 1000.000000000000000 ) ;
#5550 = LINE ( 'NONE', #45, #1749 ) ;
#5551 = CARTESIAN_POINT ( 'NONE',  ( -19.19056600552735503, 8.566080860090405480, 28.19056600552696779 ) ) ;
#5552 = VECTOR ( 'NONE', #5511, 1000.000000000000114 ) ;
#5553 = DIRECTION ( 'NONE',  ( -0.9612616959383174509, -0.2756373558170042704, 0.000000000000000000 ) ) ;
#5554 = EDGE_CURVE ( 'NONE', #5084, #4920, #161, .T. ) ;
#5555 = DIRECTION ( 'NONE',  ( -0.9612616959383175619, -0.2756373558170040483, 0.000000000000000000 ) ) ;
#5556 = VERTEX_POINT ( 'NONE', #6325 ) ;
#5557 = ORIENTED_EDGE ( 'NONE', *, *, #6761, .F. ) ;
#5558 = FACE_OUTER_BOUND ( 'NONE', #8504, .T. ) ;
#5559 = DIRECTION ( 'NONE',  ( 0.000000000000000000, -0.2756373558170042704, 0.9612616959383174509 ) ) ;
#5560 = VECTOR ( 'NONE', #8845, 1000.000000000000000 ) ;
#5561 = VECTOR ( 'NONE', #9579, 1000.000000000000000 ) ;
#5562 = VERTEX_POINT ( 'NONE', #7949 ) ;
#5563 = CARTESIAN_POINT ( 'NONE',  ( 0.000000000000000000, 7.500000000000000000, 34.50374022699554644 ) ) ;
#5564 = VERTEX_POINT ( 'NONE', #261 ) ;
#5565 = DIRECTION ( 'NONE',  ( 0.000000000000000000, -1.000000000000000000, 0.000000000000000000 ) ) ;
#5566 = LINE ( 'NONE', #1071, #7115 ) ;
#5567 = FACE_OUTER_BOUND ( 'NONE', #5791, .T. ) ;
#5568 = CARTESIAN_POINT ( 'NONE',  ( 12.93261023597310277, -0.9965637948165171345, -32.06738976402728980 ) ) ;
#5569 = CARTESIAN_POINT ( 'NONE',  ( 43.80943399447276221, 8.566080860090821147, 34.80943399447237852 ) ) ;
#5570 = VERTEX_POINT ( 'NONE', #3352 ) ;
#5571 = ORIENTED_EDGE ( 'NONE', *, *, #2133, .F. ) ;
#5572 = VECTOR ( 'NONE', #1351, 1000.000000000000000 ) ;
#5573 = CARTESIAN_POINT ( 'NONE',  ( -53.44999999999999574, 10.80000000000000071, -9.550000000000384404 ) ) ;
#5574 = ADVANCED_FACE ( 'NONE', ( #6465 ), #8096, .F. ) ;
#5575 = CARTESIAN_POINT ( 'NONE',  ( 9.550000000000002487, 10.80000000000000071, 35.44999999999961204 ) ) ;
#5576 = DIRECTION ( 'NONE',  ( 0.000000000000000000, 0.000000000000000000, -1.000000000000000000 ) ) ;
#5577 = ORIENTED_EDGE ( 'NONE', *, *, #8644, .F. ) ;
#5578 = PLANE ( 'NONE',  #401 ) ;
#5579 = EDGE_LOOP ( 'NONE', ( #934, #4247, #8635, #337 ) ) ;
#5580 = ORIENTED_EDGE ( 'NONE', *, *, #4283, .T. ) ;
#5581 = ORIENTED_EDGE ( 'NONE', *, *, #5097, .T. ) ;
#5582 = CARTESIAN_POINT ( 'NONE',  ( 15.62500000000000000, 10.80000000000000426, -33.62500000000000000 ) ) ;
#5583 = DIRECTION ( 'NONE',  ( -0.2657276780299897001, 0.9267025424900808828, 0.2657276780299897001 ) ) ;
#5584 = EDGE_CURVE ( 'NONE', #1909, #4063, #3397, .T. ) ;
#5585 = DIRECTION ( 'NONE',  ( -1.000000000000000000, -0.000000000000000000, -0.000000000000000000 ) ) ;
#5586 = CARTESIAN_POINT ( 'NONE',  ( -54.96378475451787438, 7.500000000000000000, -36.96378475451828649 ) ) ;
#5587 = DIRECTION ( 'NONE',  ( 0.4578768884082913826, -0.7620351108204148627, 0.4578768884082915491 ) ) ;
#5588 = ORIENTED_EDGE ( 'NONE', *, *, #8941, .F. ) ;
#5589 = PLANE ( 'NONE',  #9049 ) ;
#5590 = DIRECTION ( 'NONE',  ( 1.000000000000000000, 0.000000000000000000, 0.000000000000000000 ) ) ;
#5591 = ADVANCED_FACE ( 'NONE', ( #3448 ), #5850, .F. ) ;
#5592 = ADVANCED_FACE ( 'NONE', ( #1218 ), #9838, .F. ) ;
#5593 = CARTESIAN_POINT ( 'NONE',  ( -44.44999999999999574, 10.80000000000000071, 35.44999999999961204 ) ) ;
#5594 = DIRECTION ( 'NONE',  ( 0.000000000000000000, -0.9612616959383174509, -0.2756373558170042704 ) ) ;
#5595 = ORIENTED_EDGE ( 'NONE', *, *, #2568, .F. ) ;
#5596 = EDGE_CURVE ( 'NONE', #2641, #8150, #1326, .T. ) ;
#5597 = VECTOR ( 'NONE', #9341, 1000.000000000000114 ) ;
#5598 = DIRECTION ( 'NONE',  ( -0.2386847610229712868, -0.8323926831162090645, 0.5001519828512185351 ) ) ;
#5599 = LINE ( 'NONE', #7942, #2382 ) ;
#5600 = DIRECTION ( 'NONE',  ( 1.000000000000000000, -0.000000000000000000, 0.000000000000000000 ) ) ;
#5601 = EDGE_LOOP ( 'NONE', ( #4274, #2965, #7219, #389 ) ) ;
#5602 = ORIENTED_EDGE ( 'NONE', *, *, #1367, .T. ) ;
#5603 = CARTESIAN_POINT ( 'NONE',  ( 41.06738976402695585, -0.9965637948163279525, 32.06738976402657215 ) ) ;
#5604 = VECTOR ( 'NONE', #4572, 1000.000000000000114 ) ;
#5605 = DIRECTION ( 'NONE',  ( -0.000000000000000000, -0.2756373558170040483, -0.9612616959383175619 ) ) ;
#5606 = ORIENTED_EDGE ( 'NONE', *, *, #6448, .F. ) ;
#5607 = EDGE_CURVE ( 'NONE', #9478, #73, #8142, .T. ) ;
#5608 = ADVANCED_FACE ( 'NONE', ( #8197 ), #6557, .F. ) ;
#5609 = FACE_OUTER_BOUND ( 'NONE', #3192, .T. ) ;
#5610 = ORIENTED_EDGE ( 'NONE', *, *, #1160, .F. ) ;
#5611 = LINE ( 'NONE', #8717, #3813 ) ;
#5612 = CARTESIAN_POINT ( 'NONE',  ( 15.62500000000000000, 7.500000000000000000, 1.496259773003681737 ) ) ;
#5613 = VECTOR ( 'NONE', #7864, 1000.000000000000000 ) ;
#5614 = LINE ( 'NONE', #8719, #10023 ) ;
#5615 = CARTESIAN_POINT ( 'NONE',  ( -48.79638818434513325, -5.429073061943231693, -32.20361181565525044 ) ) ;
#5616 = CARTESIAN_POINT ( 'NONE',  ( -60.00000000000000000, 8.099999999999999645, 8.000000000000000000 ) ) ;
#5617 = ORIENTED_EDGE ( 'NONE', *, *, #8401, .F. ) ;
#5618 = DIRECTION ( 'NONE',  ( 0.000000000000000000, 0.000000000000000000, -1.000000000000000000 ) ) ;
#5619 = VECTOR ( 'NONE', #8146, 1000.000000000000227 ) ;
#5620 = EDGE_CURVE ( 'NONE', #5759, #6832, #2042, .T. ) ;
#5621 = CARTESIAN_POINT ( 'NONE',  ( -54.49999999999997868, 10.80000000000000426, 36.49999999999959499 ) ) ;
#5622 = EDGE_CURVE ( 'NONE', #4311, #6530, #2098, .T. ) ;
#5623 = DIRECTION ( 'NONE',  ( 1.000000000000000000, 0.000000000000000000, 0.000000000000000000 ) ) ;
#5624 = VERTEX_POINT ( 'NONE', #1937 ) ;
#5625 = CARTESIAN_POINT ( 'NONE',  ( -40.07937528197219734, 29.75245638442231666, 4.115470582971380686 ) ) ;
#5626 = VERTEX_POINT ( 'NONE', #3556 ) ;
#5627 = EDGE_CURVE ( 'NONE', #109, #4347, #4327, .T. ) ;
#5628 = VERTEX_POINT ( 'NONE', #2692 ) ;
#5629 = ORIENTED_EDGE ( 'NONE', *, *, #3327, .T. ) ;
#5630 = CARTESIAN_POINT ( 'NONE',  ( -29.73571359999213115, 22.25864506693678635, -26.58211138907232396 ) ) ;
#5631 = VERTEX_POINT ( 'NONE', #6662 ) ;
#5632 = DIRECTION ( 'NONE',  ( 0.000000000000000000, -1.628809415300402958E-16, -1.000000000000000000 ) ) ;
#5633 = DIRECTION ( 'NONE',  ( 1.000000000000000000, 2.239982309999205560E-16, -6.423045915736408765E-17 ) ) ;
#5634 = EDGE_CURVE ( 'NONE', #1920, #310, #8858, .T. ) ;
#5635 = AXIS2_PLACEMENT_3D ( 'NONE', #9107, #4461, #2078 ) ;
#5636 = CARTESIAN_POINT ( 'NONE',  ( -52.80943399447264852, 8.566080860090417914, -1.272127533929277047E-16 ) ) ;
#5637 = PLANE ( 'NONE',  #4303 ) ;
#5638 = ADVANCED_FACE ( 'NONE', ( #9019 ), #1886, .F. ) ;
#5639 = ORIENTED_EDGE ( 'NONE', *, *, #9639, .F. ) ;
#5640 = VECTOR ( 'NONE', #5881, 1000.000000000000114 ) ;
#5641 = CARTESIAN_POINT ( 'NONE',  ( 34.50374022699593013, 7.500000000000000000, -33.62500000000000000 ) ) ;
#5642 = CARTESIAN_POINT ( 'NONE',  ( 52.80943399447264852, 8.566080860090400151, 0.000000000000000000 ) ) ;
#5643 = CARTESIAN_POINT ( 'NONE',  ( 14.70289055386779964, 1.219690838746894768, -23.70289055386817267 ) ) ;
#5644 = ORIENTED_EDGE ( 'NONE', *, *, #1472, .T. ) ;
#5645 = VECTOR ( 'NONE', #9720, 1000.000000000000114 ) ;
#5646 = DIRECTION ( 'NONE',  ( 1.000000000000000000, 0.000000000000000000, 0.000000000000000000 ) ) ;
#5647 = EDGE_CURVE ( 'NONE', #892, #1276, #5801, .T. ) ;
#5648 = ADVANCED_FACE ( 'NONE', ( #4225 ), #4381, .F. ) ;
#5649 = CARTESIAN_POINT ( 'NONE',  ( 18.54999999999999716, 10.80000000000000071, 8.449999999999617373 ) ) ;
#5650 = LINE ( 'NONE', #7171, #2791 ) ;
#5651 = EDGE_CURVE ( 'NONE', #8890, #2404, #6609, .T. ) ;
#5652 = LINE ( 'NONE', #2447, #8801 ) ;
#5653 = VECTOR ( 'NONE', #1461, 1000.000000000000000 ) ;
#5654 = VECTOR ( 'NONE', #955, 1000.000000000000114 ) ;
#5655 = FACE_OUTER_BOUND ( 'NONE', #6338, .T. ) ;
#5656 = ORIENTED_EDGE ( 'NONE', *, *, #8742, .F. ) ;
#5657 = CARTESIAN_POINT ( 'NONE',  ( -27.54999999999999361, 10.80000000000000426, 33.62499999999999289 ) ) ;
#5658 = ORIENTED_EDGE ( 'NONE', *, *, #8779, .F. ) ;
#5659 = VECTOR ( 'NONE', #9075, 1000.000000000000114 ) ;
#5660 = LINE ( 'NONE', #1025, #2834 ) ;
#5661 = DIRECTION ( 'NONE',  ( -1.000000000000000000, -0.000000000000000000, -0.000000000000000000 ) ) ;
#5662 = VECTOR ( 'NONE', #8464, 1000.000000000000000 ) ;
#5663 = DIRECTION ( 'NONE',  ( 1.000000000000000000, 0.000000000000000000, 0.000000000000000000 ) ) ;
#5664 = DIRECTION ( 'NONE',  ( 0.000000000000000000, 0.000000000000000000, -1.000000000000000000 ) ) ;
#5665 = LINE ( 'NONE', #2604, #197 ) ;
#5666 = ORIENTED_EDGE ( 'NONE', *, *, #9419, .F. ) ;
#5667 = ORIENTED_EDGE ( 'NONE', *, *, #3327, .F. ) ;
#5668 = ADVANCED_FACE ( 'NONE', ( #1987 ), #5086, .F. ) ;
#5669 = ADVANCED_FACE ( 'NONE', ( #9892 ), #1579, .F. ) ;
#5670 = CARTESIAN_POINT ( 'NONE',  ( 20.37499999999998934, 10.53731005528969078, -9.625325129531294266 ) ) ;
#5671 = VECTOR ( 'NONE', #6373, 1000.000000000000000 ) ;
#5672 = LINE ( 'NONE', #886, #7760 ) ;
#5673 = CARTESIAN_POINT ( 'NONE',  ( 17.45000000000000639, 10.80000000000000071, 26.44999999999961204 ) ) ;
#5674 = ORIENTED_EDGE ( 'NONE', *, *, #6978, .T. ) ;
#5675 = DIRECTION ( 'NONE',  ( 0.2657276780299894225, -0.9267025424900811048, 0.2657276780299894225 ) ) ;
#5676 = VERTEX_POINT ( 'NONE', #6115 ) ;
#5677 = VERTEX_POINT ( 'NONE', #7735 ) ;
#5678 = ORIENTED_EDGE ( 'NONE', *, *, #734, .F. ) ;
#5679 = EDGE_CURVE ( 'NONE', #6910, #4108, #9227, .T. ) ;
#5680 = CARTESIAN_POINT ( 'NONE',  ( 57.89895923599141980, 7.500000000000000000, -36.89895923599146954 ) ) ;
#5681 = ORIENTED_EDGE ( 'NONE', *, *, #1871, .F. ) ;
#5682 = DIRECTION ( 'NONE',  ( -1.000000000000000000, 0.000000000000000000, 0.000000000000000000 ) ) ;
#5683 = LINE ( 'NONE', #4204, #435 ) ;
#5684 = CARTESIAN_POINT ( 'NONE',  ( 0.000000000000000000, 7.500000000000000000, -34.50374022699632093 ) ) ;
#5685 = DIRECTION ( 'NONE',  ( -0.000000000000000000, 0.9612616959383180060, 0.2756373558170021054 ) ) ;
#5686 = ORIENTED_EDGE ( 'NONE', *, *, #6457, .F. ) ;
#5687 = ADVANCED_FACE ( 'NONE', ( #2951 ), #8353, .F. ) ;
#5688 = CARTESIAN_POINT ( 'NONE',  ( 9.550000000000002487, 10.80000000000000071, 26.44999999999961204 ) ) ;
#5689 = ORIENTED_EDGE ( 'NONE', *, *, #4721, .F. ) ;
#5690 = VERTEX_POINT ( 'NONE', #3714 ) ;
#5691 = CARTESIAN_POINT ( 'NONE',  ( 18.54999999999999716, 10.80000000000000071, -9.550000000000384404 ) ) ;
#5692 = ADVANCED_FACE ( 'NONE', ( #768 ), #7588, .F. ) ;
#5693 = DIRECTION ( 'NONE',  ( 0.9902680687415695848, 0.1391731009600706559, -0.000000000000000000 ) ) ;
#5694 = ORIENTED_EDGE ( 'NONE', *, *, #141, .F. ) ;
#5695 = CARTESIAN_POINT ( 'NONE',  ( 18.54999999999998295, 7.500000000000000000, 35.44999999999997442 ) ) ;
#5696 = CARTESIAN_POINT ( 'NONE',  ( -7.503740226995931017, 7.500000000000000000, 0.000000000000000000 ) ) ;
#5697 = DIRECTION ( 'NONE',  ( 0.000000000000000000, 0.000000000000000000, -1.000000000000000000 ) ) ;
#5698 = VECTOR ( 'NONE', #186, 1000.000000000000000 ) ;
#5699 = CARTESIAN_POINT ( 'NONE',  ( -15.62500000000000711, 10.80000000000000426, 33.62500000000000000 ) ) ;
#5700 = CARTESIAN_POINT ( 'NONE',  ( 61.85875721063606392, 9.699999999999974420, -33.78768939877064525 ) ) ;
#5701 = VERTEX_POINT ( 'NONE', #3871 ) ;
#5702 = EDGE_CURVE ( 'NONE', #2360, #3617, #567, .T. ) ;
#5703 = ORIENTED_EDGE ( 'NONE', *, *, #2771, .F. ) ;
#5704 = VECTOR ( 'NONE', #2153, 1000.000000000000000 ) ;
#5705 = DIRECTION ( 'NONE',  ( 3.161696790679824494E-17, -1.102614705486212890E-16, -1.000000000000000000 ) ) ;
#5706 = VERTEX_POINT ( 'NONE', #7641 ) ;
#5707 = FACE_OUTER_BOUND ( 'NONE', #9703, .T. ) ;
#5708 = LINE ( 'NONE', #4844, #2246 ) ;
#5709 = CARTESIAN_POINT ( 'NONE',  ( -19.39060707660944871, 7.868454739437289902, -1.390607076609836623 ) ) ;
#5710 = CARTESIAN_POINT ( 'NONE',  ( -45.54999999999999005, 10.80000000000000071, 35.44999999999961204 ) ) ;
#5711 = CARTESIAN_POINT ( 'NONE',  ( -17.45000000000000639, 7.500000000000007105, -35.45000000000002416 ) ) ;
#5712 = ORIENTED_EDGE ( 'NONE', *, *, #8574, .T. ) ;
#5713 = ORIENTED_EDGE ( 'NONE', *, *, #4923, .F. ) ;
#5714 = LINE ( 'NONE', #4087, #6704 ) ;
#5715 = VECTOR ( 'NONE', #3250, 1000.000000000000114 ) ;
#5716 = VECTOR ( 'NONE', #8357, 1000.000000000000114 ) ;
#5717 = EDGE_CURVE ( 'NONE', #2662, #6183, #2192, .T. ) ;
#5718 = LINE ( 'NONE', #4806, #2400 ) ;
#5719 = VERTEX_POINT ( 'NONE', #10040 ) ;
#5720 = DIRECTION ( 'NONE',  ( 0.000000000000000000, 0.000000000000000000, -1.000000000000000000 ) ) ;
#5721 = ORIENTED_EDGE ( 'NONE', *, *, #4760, .T. ) ;
#5722 = EDGE_CURVE ( 'NONE', #7343, #1081, #1, .T. ) ;
#5723 = CARTESIAN_POINT ( 'NONE',  ( -54.51589529291317149, 14.51721864012731977, 26.48410470708643416 ) ) ;
#5724 = AXIS2_PLACEMENT_3D ( 'NONE', #5582, #8736, #7245 ) ;
#5725 = CARTESIAN_POINT ( 'NONE',  ( 13.90968028962738146, -0.2227888855197979190, 5.289266148883297269 ) ) ;
#5726 = ORIENTED_EDGE ( 'NONE', *, *, #8176, .F. ) ;
#5727 = ORIENTED_EDGE ( 'NONE', *, *, #4455, .T. ) ;
#5728 = EDGE_LOOP ( 'NONE', ( #1690, #8723, #8554, #3680 ) ) ;
#5729 = VECTOR ( 'NONE', #4892, 1000.000000000000000 ) ;
#5730 = LINE ( 'NONE', #1093, #7017 ) ;
#5731 = EDGE_LOOP ( 'NONE', ( #5218, #8632, #6138, #838 ) ) ;
#5732 = CARTESIAN_POINT ( 'NONE',  ( 16.50374022699593013, 7.500000000000000000, 0.000000000000000000 ) ) ;
#5733 = CARTESIAN_POINT ( 'NONE',  ( 45.54999999999999005, 10.80000000000000071, -26.45000000000038298 ) ) ;
#5734 = EDGE_CURVE ( 'NONE', #9715, #4462, #1480, .T. ) ;
#5735 = LINE ( 'NONE', #2722, #6258 ) ;
#5736 = ORIENTED_EDGE ( 'NONE', *, *, #354, .F. ) ;
#5737 = ORIENTED_EDGE ( 'NONE', *, *, #6719, .F. ) ;
#5738 = DIRECTION ( 'NONE',  ( -0.5001519828512187571, 0.8323926831162092865, 0.2386847610229695660 ) ) ;
#5739 = LINE ( 'NONE', #4974, #7212 ) ;
#5740 = LINE ( 'NONE', #8898, #5645 ) ;
#5741 = VERTEX_POINT ( 'NONE', #5354 ) ;
#5742 = EDGE_CURVE ( 'NONE', #6024, #3129, #618, .T. ) ;
#5743 = CARTESIAN_POINT ( 'NONE',  ( 13.08484749617239729, 14.76483374945124893, 0.5868977829555864778 ) ) ;
#5744 = CARTESIAN_POINT ( 'NONE',  ( 24.26428640000786530, 22.25864506693676148, 26.58211138907227777 ) ) ;
#5745 = ADVANCED_FACE ( 'NONE', ( #6821 ), #8454, .T. ) ;
#5746 = DIRECTION ( 'NONE',  ( 0.2756373558170042704, -0.9612616959383174509, 0.000000000000000000 ) ) ;
#5747 = PLANE ( 'NONE',  #3420 ) ;
#5748 = VECTOR ( 'NONE', #6929, 1000.000000000000114 ) ;
#5749 = ORIENTED_EDGE ( 'NONE', *, *, #9482, .F. ) ;
#5750 = DIRECTION ( 'NONE',  ( 0.7071067811865474617, 0.000000000000000000, 0.7071067811865474617 ) ) ;
#5751 = EDGE_LOOP ( 'NONE', ( #1678, #6626, #2021, #218 ) ) ;
#5752 = CARTESIAN_POINT ( 'NONE',  ( 18.54999999999998295, -11.50000000000000000, 35.44999999999997442 ) ) ;
#5753 = FACE_OUTER_BOUND ( 'NONE', #7015, .T. ) ;
#5754 = DIRECTION ( 'NONE',  ( 0.5001519828512185351, -0.8323926831162089535, 0.2386847610229712591 ) ) ;
#5755 = DIRECTION ( 'NONE',  ( 1.000000000000000000, 0.000000000000000000, 0.000000000000000000 ) ) ;
#5756 = EDGE_CURVE ( 'NONE', #5548, #9755, #6067, .T. ) ;
#5757 = VECTOR ( 'NONE', #8396, 1000.000000000000114 ) ;
#5758 = DIRECTION ( 'NONE',  ( 3.161696790679837436E-17, -1.102614705486210548E-16, -1.000000000000000000 ) ) ;
#5759 = VERTEX_POINT ( 'NONE', #5298 ) ;
#5760 = DIRECTION ( 'NONE',  ( 0.5000000000000058842, -0.7071067811865415775, 0.5000000000000026645 ) ) ;
#5761 = LINE ( 'NONE', #2057, #2234 ) ;
#5762 = ORIENTED_EDGE ( 'NONE', *, *, #9276, .F. ) ;
#5763 = AXIS2_PLACEMENT_3D ( 'NONE', #842, #6945, #1708 ) ;
#5764 = CARTESIAN_POINT ( 'NONE',  ( 51.62500000000000000, 10.80000000000000426, -33.62500000000000000 ) ) ;
#5765 = VERTEX_POINT ( 'NONE', #8406 ) ;
#5766 =( LENGTH_UNIT ( ) NAMED_UNIT ( * ) SI_UNIT ( .MILLI., .METRE. ) );
#5767 = DIRECTION ( 'NONE',  ( 1.000000000000000000, 0.000000000000000000, 0.000000000000000000 ) ) ;
#5768 = ORIENTED_EDGE ( 'NONE', *, *, #3949, .F. ) ;
#5769 = ORIENTED_EDGE ( 'NONE', *, *, #1449, .T. ) ;
#5770 = EDGE_CURVE ( 'NONE', #1349, #7248, #1434, .T. ) ;
#5771 = CARTESIAN_POINT ( 'NONE',  ( 45.54999999999999005, 10.80000000000000071, -27.55000000000038796 ) ) ;
#5772 = VERTEX_POINT ( 'NONE', #3765 ) ;
#5773 = ORIENTED_EDGE ( 'NONE', *, *, #5403, .F. ) ;
#5774 = EDGE_CURVE ( 'NONE', #1735, #9748, #3047, .T. ) ;
#5775 = DIRECTION ( 'NONE',  ( 0.2386847610229712591, -0.8323926831162089535, -0.5001519828512186461 ) ) ;
#5776 = VERTEX_POINT ( 'NONE', #4582 ) ;
#5777 = VECTOR ( 'NONE', #5754, 1000.000000000000114 ) ;
#5778 = DIRECTION ( 'NONE',  ( 0.9612616959383175619, -0.2756373558170040483, 0.000000000000000000 ) ) ;
#5779 = DIRECTION ( 'NONE',  ( -0.000000000000000000, -0.000000000000000000, 1.000000000000000000 ) ) ;
#5780 = VECTOR ( 'NONE', #4798, 1000.000000000000114 ) ;
#5781 = DIRECTION ( 'NONE',  ( 0.000000000000000000, 1.000000000000000000, 0.000000000000000000 ) ) ;
#5782 = ORIENTED_EDGE ( 'NONE', *, *, #5519, .T. ) ;
#5783 = ORIENTED_EDGE ( 'NONE', *, *, #9673, .F. ) ;
#5784 = VERTEX_POINT ( 'NONE', #6914 ) ;
#5785 = VECTOR ( 'NONE', #6086, 1000.000000000000000 ) ;
#5786 = LINE ( 'NONE', #4972, #9621 ) ;
#5787 = ADVANCED_FACE ( 'NONE', ( #6166 ), #9281, .F. ) ;
#5788 = VECTOR ( 'NONE', #3551, 1000.000000000000000 ) ;
#5789 = FACE_OUTER_BOUND ( 'NONE', #7477, .T. ) ;
#5790 = LINE ( 'NONE', #2634, #8251 ) ;
#5791 = EDGE_LOOP ( 'NONE', ( #3542, #77, #922, #6619 ) ) ;
#5792 = VECTOR ( 'NONE', #9000, 1000.000000000000000 ) ;
#5793 = VERTEX_POINT ( 'NONE', #9431 ) ;
#5794 = DIRECTION ( 'NONE',  ( -0.2657276780299913099, 0.9267025424900799946, 0.2657276780299913099 ) ) ;
#5795 = CARTESIAN_POINT ( 'NONE',  ( -51.62500000000001421, 7.500000000000000000, -7.503740226996326257 ) ) ;
#5796 = EDGE_CURVE ( 'NONE', #5624, #5776, #8703, .T. ) ;
#5797 = DIRECTION ( 'NONE',  ( 0.000000000000000000, -0.2756373558170040483, 0.9612616959383175619 ) ) ;
#5798 = CARTESIAN_POINT ( 'NONE',  ( 16.80943399447264852, 8.566080860090398374, 28.19056600552696779 ) ) ;
#5799 = VECTOR ( 'NONE', #9215, 1000.000000000000000 ) ;
#5800 = ORIENTED_EDGE ( 'NONE', *, *, #4296, .T. ) ;
#5801 = LINE ( 'NONE', #1275, #5356 ) ;
#5802 = ORIENTED_EDGE ( 'NONE', *, *, #205, .F. ) ;
#5803 = LINE ( 'NONE', #6157, #7721 ) ;
#5804 = DIRECTION ( 'NONE',  ( -1.000000000000000000, 0.000000000000000000, 0.000000000000000000 ) ) ;
#5805 = PLANE ( 'NONE',  #8706 ) ;
#5806 = VECTOR ( 'NONE', #1762, 1000.000000000000000 ) ;
#5807 = DIRECTION ( 'NONE',  ( 0.000000000000000000, 0.000000000000000000, -1.000000000000000000 ) ) ;
#5808 = AXIS2_PLACEMENT_3D ( 'NONE', #6478, #7442, #8211 ) ;
#5809 = LINE ( 'NONE', #4085, #1566 ) ;
#5810 = ORIENTED_EDGE ( 'NONE', *, *, #9891, .T. ) ;
#5811 = ORIENTED_EDGE ( 'NONE', *, *, #7141, .F. ) ;
#5812 = EDGE_CURVE ( 'NONE', #6874, #1584, #1729, .T. ) ;
#5813 = CARTESIAN_POINT ( 'NONE',  ( -53.44999999999999574, 10.80000000000000071, -9.550000000000384404 ) ) ;
#5814 = DIRECTION ( 'NONE',  ( 0.000000000000000000, 0.000000000000000000, -1.000000000000000000 ) ) ;
#5815 = VECTOR ( 'NONE', #7275, 1000.000000000000000 ) ;
#5816 = VECTOR ( 'NONE', #7974, 1000.000000000000114 ) ;
#5817 = EDGE_CURVE ( 'NONE', #5485, #6899, #1679, .T. ) ;
#5818 = DIRECTION ( 'NONE',  ( 0.000000000000000000, 0.000000000000000000, -1.000000000000000000 ) ) ;
#5819 = ORIENTED_EDGE ( 'NONE', *, *, #5079, .T. ) ;
#5820 = CARTESIAN_POINT ( 'NONE',  ( -15.62500000000000711, 10.80000000000000071, 0.000000000000000000 ) ) ;
#5821 = PLANE ( 'NONE',  #9077 ) ;
#5822 = LINE ( 'NONE', #1038, #7568 ) ;
#5823 = ORIENTED_EDGE ( 'NONE', *, *, #431, .T. ) ;
#5824 = DIRECTION ( 'NONE',  ( -0.000000000000000000, -0.2756373558170021609, -0.9612616959383181170 ) ) ;
#5825 = ORIENTED_EDGE ( 'NONE', *, *, #8455, .F. ) ;
#5826 = VERTEX_POINT ( 'NONE', #7213 ) ;
#5827 = ADVANCED_FACE ( 'NONE', ( #47 ), #3341, .F. ) ;
#5828 = CARTESIAN_POINT ( 'NONE',  ( 17.45000000000000639, 10.80000000000000071, 26.44999999999961204 ) ) ;
#5829 = VECTOR ( 'NONE', #5102, 1000.000000000000000 ) ;
#5830 = CARTESIAN_POINT ( 'NONE',  ( 16.50374022699593013, 7.500000000000000000, 0.000000000000000000 ) ) ;
#5831 = EDGE_CURVE ( 'NONE', #948, #1041, #6360, .T. ) ;
#5832 = DIRECTION ( 'NONE',  ( 0.9612616959383174509, -0.2756373558170042704, 0.000000000000000000 ) ) ;
#5833 = VECTOR ( 'NONE', #3609, 1000.000000000000227 ) ;
#5834 = DIRECTION ( 'NONE',  ( -0.000000000000000000, -0.000000000000000000, 1.000000000000000000 ) ) ;
#5835 = DIRECTION ( 'NONE',  ( -0.000000000000000000, -0.000000000000000000, 1.000000000000000000 ) ) ;
#5836 = VERTEX_POINT ( 'NONE', #5551 ) ;
#5837 = ORIENTED_EDGE ( 'NONE', *, *, #4048, .F. ) ;
#5838 = ORIENTED_EDGE ( 'NONE', *, *, #1401, .T. ) ;
#5839 = DIRECTION ( 'NONE',  ( 0.000000000000000000, 0.000000000000000000, -1.000000000000000000 ) ) ;
#5840 = CARTESIAN_POINT ( 'NONE',  ( 62.00000000000000000, 7.500000000000000000, 41.00000000000000000 ) ) ;
#5841 = EDGE_CURVE ( 'NONE', #8479, #8002, #201, .T. ) ;
#5842 = CARTESIAN_POINT ( 'NONE',  ( -17.44999999999999929, 10.80000000000000071, -26.45000000000038298 ) ) ;
#5843 = ORIENTED_EDGE ( 'NONE', *, *, #987, .F. ) ;
#5844 = DIRECTION ( 'NONE',  ( -1.000000000000000000, 0.000000000000000000, 0.000000000000000000 ) ) ;
#5845 = DIRECTION ( 'NONE',  ( -0.000000000000000000, -0.2756373558170042704, -0.9612616959383174509 ) ) ;
#5846 = CARTESIAN_POINT ( 'NONE',  ( 15.62500000000000000, 10.80000000000000426, 9.549999999999613465 ) ) ;
#5847 = CARTESIAN_POINT ( 'NONE',  ( -17.44999999999999929, 10.80000000000000071, -0.5500000000003835154 ) ) ;
#5848 = ORIENTED_EDGE ( 'NONE', *, *, #5651, .T. ) ;
#5849 = ORIENTED_EDGE ( 'NONE', *, *, #4323, .T. ) ;
#5850 = PLANE ( 'NONE',  #4993 ) ;
#5851 = VERTEX_POINT ( 'NONE', #3194 ) ;
#5852 = ADVANCED_FACE ( 'NONE', ( #4069 ), #7119, .T. ) ;
#5853 = CARTESIAN_POINT ( 'NONE',  ( 61.85875721063606392, 9.699999999999974420, -33.78768939877064525 ) ) ;
#5854 = DIRECTION ( 'NONE',  ( -1.000000000000000000, 0.000000000000000000, -0.000000000000000000 ) ) ;
#5855 = AXIS2_PLACEMENT_3D ( 'NONE', #3203, #7845, #1685 ) ;
#5856 = LINE ( 'NONE', #8309, #9682 ) ;
#5857 = DIRECTION ( 'NONE',  ( 0.8571673007021116675, 0.5150380749100552658, 0.000000000000000000 ) ) ;
#5858 = CARTESIAN_POINT ( 'NONE',  ( -53.44999999999999574, 10.80000000000000071, 0.5499999999996132427 ) ) ;
#5859 = ORIENTED_EDGE ( 'NONE', *, *, #7964, .F. ) ;
#5860 = ORIENTED_EDGE ( 'NONE', *, *, #1479, .T. ) ;
#5861 = FACE_OUTER_BOUND ( 'NONE', #4604, .T. ) ;
#5862 = DIRECTION ( 'NONE',  ( 0.000000000000000000, 0.000000000000000000, 1.000000000000000000 ) ) ;
#5863 = AXIS2_PLACEMENT_3D ( 'NONE', #2345, #8413, #4540 ) ;
#5864 = CARTESIAN_POINT ( 'NONE',  ( 0.000000000000000000, 10.80000000000000071, -33.62500000000000711 ) ) ;
#5865 = CARTESIAN_POINT ( 'NONE',  ( 15.62500000000000000, 10.80000000000000426, -33.62500000000000000 ) ) ;
#5866 = ORIENTED_EDGE ( 'NONE', *, *, #857, .F. ) ;
#5867 = ADVANCED_FACE ( 'NONE', ( #249 ), #814, .F. ) ;
#5868 = CARTESIAN_POINT ( 'NONE',  ( -15.62500000000000711, 10.53731005528969078, -26.37467487046947312 ) ) ;
#5869 = FACE_OUTER_BOUND ( 'NONE', #3541, .T. ) ;
#5870 = PLANE ( 'NONE',  #2845 ) ;
#5871 = ORIENTED_EDGE ( 'NONE', *, *, #251, .F. ) ;
#5872 = AXIS2_PLACEMENT_3D ( 'NONE', #7315, #5797, #6658 ) ;
#5873 = VERTEX_POINT ( 'NONE', #4831 ) ;
#5874 = CARTESIAN_POINT ( 'NONE',  ( -21.93261023597304060, -0.9965637948163279525, 32.06738976402657215 ) ) ;
#5875 = ORIENTED_EDGE ( 'NONE', *, *, #5141, .T. ) ;
#5876 = ORIENTED_EDGE ( 'NONE', *, *, #5756, .F. ) ;
#5877 = AXIS2_PLACEMENT_3D ( 'NONE', #1029, #1224, #5807 ) ;
#5878 = PLANE ( 'NONE',  #1503 ) ;
#5879 = ORIENTED_EDGE ( 'NONE', *, *, #1200, .T. ) ;
#5880 = ADVANCED_FACE ( 'NONE', ( #7167 ), #913, .F. ) ;
#5881 = DIRECTION ( 'NONE',  ( -0.2657276780299913099, 0.9267025424900799946, 0.2657276780299913099 ) ) ;
#5882 = VECTOR ( 'NONE', #9878, 1000.000000000000000 ) ;
#5883 = CARTESIAN_POINT ( 'NONE',  ( 57.89895923599141980, 10.49999999999999822, -36.89895923599146954 ) ) ;
#5884 = AXIS2_PLACEMENT_3D ( 'NONE', #9150, #2169, #8376 ) ;
#5885 = CARTESIAN_POINT ( 'NONE',  ( -13.08484749617240972, 14.76483374945124893, -8.413102217044416520 ) ) ;
#5886 = CARTESIAN_POINT ( 'NONE',  ( 51.62500000000000000, 10.80000000000000426, -33.62500000000000000 ) ) ;
#5887 = LINE ( 'NONE', #3692, #5792 ) ;
#5888 = EDGE_LOOP ( 'NONE', ( #6343, #1043, #1591, #7793 ) ) ;
#5889 = ORIENTED_EDGE ( 'NONE', *, *, #4629, .T. ) ;
#5890 = ORIENTED_EDGE ( 'NONE', *, *, #8348, .T. ) ;
#5891 = ORIENTED_EDGE ( 'NONE', *, *, #4858, .F. ) ;
#5892 = EDGE_CURVE ( 'NONE', #634, #4815, #3919, .T. ) ;
#5893 = AXIS2_PLACEMENT_3D ( 'NONE', #6345, #4143, #3231 ) ;
#5894 = LINE ( 'NONE', #6496, #4094 ) ;
#5895 = DIRECTION ( 'NONE',  ( -0.9612616959383174509, -0.2756373558170042704, 0.000000000000000000 ) ) ;
#5896 = CARTESIAN_POINT ( 'NONE',  ( 15.62500000000000000, 7.500000000000000000, -7.503740226996326257 ) ) ;
#5897 = ORIENTED_EDGE ( 'NONE', *, *, #3025, .F. ) ;
#5898 = ORIENTED_EDGE ( 'NONE', *, *, #7140, .T. ) ;
#5899 = CARTESIAN_POINT ( 'NONE',  ( 0.000000000000000000, 7.500000000000000000, -34.50374022699632093 ) ) ;
#5900 = CARTESIAN_POINT ( 'NONE',  ( -11.73571359999212405, 22.25864506693676148, 26.58211138907227777 ) ) ;
#5901 = EDGE_CURVE ( 'NONE', #8364, #5408, #4683, .T. ) ;
#5902 = DIRECTION ( 'NONE',  ( 1.000000000000000000, 0.000000000000000000, 0.000000000000000000 ) ) ;
#5903 = CARTESIAN_POINT ( 'NONE',  ( 10.49625977300407165, 7.500000000000000000, 0.000000000000000000 ) ) ;
#5904 = ORIENTED_EDGE ( 'NONE', *, *, #7525, .F. ) ;
#5905 = DIRECTION ( 'NONE',  ( 0.000000000000000000, -1.628809415300402958E-16, -1.000000000000000000 ) ) ;
#5906 = ORIENTED_EDGE ( 'NONE', *, *, #6186, .F. ) ;
#5907 = DIRECTION ( 'NONE',  ( -0.000000000000000000, 0.9612616959383174509, 0.2756373558170039373 ) ) ;
#5908 = CARTESIAN_POINT ( 'NONE',  ( 18.54999999999999716, 10.80000000000000071, 0.5499999999996132427 ) ) ;
#5909 = DIRECTION ( 'NONE',  ( 1.000000000000000000, 0.000000000000000000, 0.000000000000000000 ) ) ;
#5910 = FACE_OUTER_BOUND ( 'NONE', #1893, .T. ) ;
#5911 = CARTESIAN_POINT ( 'NONE',  ( -13.08484749617240972, 14.76483374945124893, -17.41310221704441119 ) ) ;
#5912 = ORIENTED_EDGE ( 'NONE', *, *, #2446, .F. ) ;
#5913 = ORIENTED_EDGE ( 'NONE', *, *, #9520, .F. ) ;
#5914 = CARTESIAN_POINT ( 'NONE',  ( 6.264286400007871514, 22.25864506693678280, -26.58211138907231685 ) ) ;
#5915 = VERTEX_POINT ( 'NONE', #7789 ) ;
#5916 = DIRECTION ( 'NONE',  ( -0.9612616959383181170, -0.2756373558170021609, 0.000000000000000000 ) ) ;
#5917 = EDGE_CURVE ( 'NONE', #2675, #5371, #7941, .T. ) ;
#5918 = DIRECTION ( 'NONE',  ( 0.4999999999999902855, -0.7071067811865670016, -0.4999999999999821254 ) ) ;
#5919 = VERTEX_POINT ( 'NONE', #3292 ) ;
#5920 = LINE ( 'NONE', #9035, #8436 ) ;
#5921 = EDGE_LOOP ( 'NONE', ( #1538, #7451, #845, #7373 ) ) ;
#5922 = DIRECTION ( 'NONE',  ( 0.5001519828512185351, 0.8323926831162089535, -0.2386847610229712591 ) ) ;
#5923 = CARTESIAN_POINT ( 'NONE',  ( 0.000000000000000000, 10.80000000000000071, 33.62499999999999289 ) ) ;
#5924 = AXIS2_PLACEMENT_3D ( 'NONE', #9294, #8420, #685 ) ;
#5925 = DIRECTION ( 'NONE',  ( -0.000000000000000000, 0.000000000000000000, 1.000000000000000000 ) ) ;
#5926 = VERTEX_POINT ( 'NONE', #6407 ) ;
#5927 = PLANE ( 'NONE',  #4971 ) ;
#5928 = ORIENTED_EDGE ( 'NONE', *, *, #815, .T. ) ;
#5929 = VERTEX_POINT ( 'NONE', #3144 ) ;
#5930 = PLANE ( 'NONE',  #5074 ) ;
#5931 = ORIENTED_EDGE ( 'NONE', *, *, #8648, .F. ) ;
#5932 = ADVANCED_FACE ( 'NONE', ( #5504 ), #6261, .F. ) ;
#5933 = EDGE_CURVE ( 'NONE', #538, #1298, #2541, .T. ) ;
#5934 = AXIS2_PLACEMENT_3D ( 'NONE', #1820, #9659, #8889 ) ;
#5935 = DIRECTION ( 'NONE',  ( 0.000000000000000000, -1.628809415300402958E-16, -1.000000000000000000 ) ) ;
#5936 = PLANE ( 'NONE',  #3706 ) ;
#5937 = CARTESIAN_POINT ( 'NONE',  ( 51.62500000000000711, 7.500000000000000000, 1.496259773003681737 ) ) ;
#5938 = EDGE_CURVE ( 'NONE', #2352, #2847, #4114, .T. ) ;
#5939 = CARTESIAN_POINT ( 'NONE',  ( -17.45000000000001350, -11.50000000000000000, 35.44999999999997442 ) ) ;
#5940 = CARTESIAN_POINT ( 'NONE',  ( 0.000000000000000000, 7.500000000000000000, 7.503740226995549101 ) ) ;
#5941 = VECTOR ( 'NONE', #637, 1000.000000000000000 ) ;
#5942 = ORIENTED_EDGE ( 'NONE', *, *, #7959, .F. ) ;
#5943 = EDGE_LOOP ( 'NONE', ( #9082, #3766, #7698, #8612 ) ) ;
#5944 = ORIENTED_EDGE ( 'NONE', *, *, #6796, .T. ) ;
#5945 = PLANE ( 'NONE',  #1498 ) ;
#5946 = FACE_OUTER_BOUND ( 'NONE', #7455, .T. ) ;
#5947 = VECTOR ( 'NONE', #9994, 1000.000000000000114 ) ;
#5948 = LINE ( 'NONE', #2085, #5501 ) ;
#5949 = ORIENTED_EDGE ( 'NONE', *, *, #1511, .T. ) ;
#5950 = ADVANCED_FACE ( 'NONE', ( #1304 ), #4511, .F. ) ;
#5951 = VECTOR ( 'NONE', #315, 1000.000000000000000 ) ;
#5952 = LINE ( 'NONE', #9066, #1067 ) ;
#5953 = LINE ( 'NONE', #5436, #4263 ) ;
#5954 = VECTOR ( 'NONE', #6315, 1000.000000000000227 ) ;
#5955 = CARTESIAN_POINT ( 'NONE',  ( 2.735713599992129819, 22.25864506693675793, 26.58211138907229198 ) ) ;
#5956 = DIRECTION ( 'NONE',  ( 1.000000000000000000, 0.000000000000000000, -0.000000000000000000 ) ) ;
#5957 = ORIENTED_EDGE ( 'NONE', *, *, #1754, .F. ) ;
#5958 = VECTOR ( 'NONE', #7670, 1000.000000000000000 ) ;
#5959 = EDGE_CURVE ( 'NONE', #2571, #9822, #2979, .T. ) ;
#5960 = CARTESIAN_POINT ( 'NONE',  ( -11.73571359999213115, 22.25864506693678280, -26.58211138907231330 ) ) ;
#5961 = ORIENTED_EDGE ( 'NONE', *, *, #9567, .F. ) ;
#5962 = EDGE_CURVE ( 'NONE', #486, #4275, #9762, .T. ) ;
#5963 = DIRECTION ( 'NONE',  ( -0.000000000000000000, 0.000000000000000000, 1.000000000000000000 ) ) ;
#5964 = DIRECTION ( 'NONE',  ( -1.000000000000000000, 0.000000000000000000, 0.000000000000000000 ) ) ;
#5965 = EDGE_CURVE ( 'NONE', #4986, #5677, #2880, .T. ) ;
#5966 = CARTESIAN_POINT ( 'NONE',  ( 0.000000000000000000, 7.500000000000000000, -19.49625977300445356 ) ) ;
#5967 = DIRECTION ( 'NONE',  ( 0.000000000000000000, -1.628809415300402958E-16, -1.000000000000000000 ) ) ;
#5968 = ORIENTED_EDGE ( 'NONE', *, *, #5796, .F. ) ;
#5969 = ORIENTED_EDGE ( 'NONE', *, *, #9373, .F. ) ;
#5970 = AXIS2_PLACEMENT_3D ( 'NONE', #8550, #4674, #7880 ) ;
#5971 = DIRECTION ( 'NONE',  ( -0.7071067811865452413, 0.000000000000000000, 0.7071067811865497932 ) ) ;
#5972 = AXIS2_PLACEMENT_3D ( 'NONE', #8332, #593, #4304 ) ;
#5973 = CARTESIAN_POINT ( 'NONE',  ( -15.62500000000000711, 10.53731005528968900, -18.62532512953128716 ) ) ;
#5974 = PLANE ( 'NONE',  #939 ) ;
#5975 = ORIENTED_EDGE ( 'NONE', *, *, #2632, .T. ) ;
#5976 = ADVANCED_FACE ( 'NONE', ( #8998 ), #4926, .F. ) ;
#5977 = LINE ( 'NONE', #581, #632 ) ;
#5978 = VERTEX_POINT ( 'NONE', #6094 ) ;
#5979 = CARTESIAN_POINT ( 'NONE',  ( 52.80943399447263431, 8.566080860090403704, -28.19056600552774583 ) ) ;
#5980 = CARTESIAN_POINT ( 'NONE',  ( -18.54999999999999716, 10.80000000000000071, -26.45000000000038298 ) ) ;
#5981 = VECTOR ( 'NONE', #6522, 1000.000000000000000 ) ;
#5982 = EDGE_CURVE ( 'NONE', #9364, #2242, #8030, .T. ) ;
#5983 = LINE ( 'NONE', #9095, #3655 ) ;
#5984 = EDGE_CURVE ( 'NONE', #1294, #4226, #2172, .T. ) ;
#5985 = VERTEX_POINT ( 'NONE', #2017 ) ;
#5986 = PLANE ( 'NONE',  #9532 ) ;
#5987 = EDGE_LOOP ( 'NONE', ( #160, #2872, #3522, #1283 ) ) ;
#5988 = ORIENTED_EDGE ( 'NONE', *, *, #5124, .T. ) ;
#5989 = DIRECTION ( 'NONE',  ( 3.161696790679840518E-17, -1.102614705486210178E-16, -1.000000000000000000 ) ) ;
#5990 = VECTOR ( 'NONE', #3573, 1000.000000000000114 ) ;
#5991 = VECTOR ( 'NONE', #9868, 1000.000000000000227 ) ;
#5992 = CARTESIAN_POINT ( 'NONE',  ( -51.62500000000000711, 10.53731005528969789, 33.62499999999999289 ) ) ;
#5993 = LINE ( 'NONE', #2773, #9416 ) ;
#5994 = DIRECTION ( 'NONE',  ( 0.4578768884082913826, -0.7620351108204148627, 0.4578768884082915491 ) ) ;
#5995 = DIRECTION ( 'NONE',  ( -0.000000000000000000, 0.000000000000000000, 1.000000000000000000 ) ) ;
#5996 = ADVANCED_FACE ( 'NONE', ( #5118 ), #1195, .F. ) ;
#5997 = VECTOR ( 'NONE', #3781, 1000.000000000000000 ) ;
#5998 = VECTOR ( 'NONE', #6387, 1000.000000000000227 ) ;
#5999 = FACE_OUTER_BOUND ( 'NONE', #1928, .T. ) ;
#6000 = ORIENTED_EDGE ( 'NONE', *, *, #4029, .F. ) ;
#6001 = ORIENTED_EDGE ( 'NONE', *, *, #6967, .T. ) ;
#6002 = ORIENTED_EDGE ( 'NONE', *, *, #6692, .T. ) ;
#6003 = ORIENTED_EDGE ( 'NONE', *, *, #2527, .F. ) ;
#6004 = CARTESIAN_POINT ( 'NONE',  ( -52.80943399447264852, 8.566080860090417914, 1.190566005526967119 ) ) ;
#6005 = ADVANCED_FACE ( 'NONE', ( #7405 ), #6747, .F. ) ;
#6006 = DIRECTION ( 'NONE',  ( -1.000000000000000000, 0.000000000000000000, 0.000000000000000000 ) ) ;
#6007 = VECTOR ( 'NONE', #4933, 1000.000000000000114 ) ;
#6008 = CARTESIAN_POINT ( 'NONE',  ( -51.62500000000000711, 10.80000000000000071, 0.000000000000000000 ) ) ;
#6009 = VERTEX_POINT ( 'NONE', #7515 ) ;
#6010 = EDGE_CURVE ( 'NONE', #9637, #5741, #8335, .T. ) ;
#6011 = EDGE_LOOP ( 'NONE', ( #2128, #7593, #7594, #9117 ) ) ;
#6012 = CARTESIAN_POINT ( 'NONE',  ( 37.49625977300406987, 7.500000000000000000, -33.62500000000000000 ) ) ;
#6013 = DIRECTION ( 'NONE',  ( 1.000000000000000000, 0.000000000000000000, 0.000000000000000000 ) ) ;
#6014 = FACE_OUTER_BOUND ( 'NONE', #9767, .T. ) ;
#6015 = EDGE_CURVE ( 'NONE', #896, #4603, #4358, .T. ) ;
#6016 = PLANE ( 'NONE',  #4326 ) ;
#6017 = VERTEX_POINT ( 'NONE', #437 ) ;
#6018 = CARTESIAN_POINT ( 'NONE',  ( -13.08484749617240617, 14.76483374945125604, 8.413102217043649134 ) ) ;
#6019 = ORIENTED_EDGE ( 'NONE', *, *, #2986, .F. ) ;
#6020 = CARTESIAN_POINT ( 'NONE',  ( 62.00000000000000000, -11.50000000000000000, 34.00000000000000000 ) ) ;
#6021 = LINE ( 'NONE', #1483, #1977 ) ;
#6022 = CARTESIAN_POINT ( 'NONE',  ( -54.96378475451787438, 7.500000000000000000, -36.50000000000039080 ) ) ;
#6023 = ORIENTED_EDGE ( 'NONE', *, *, #1829, .T. ) ;
#6024 = VERTEX_POINT ( 'NONE', #9051 ) ;
#6025 = PLANE ( 'NONE',  #3125 ) ;
#6026 = EDGE_CURVE ( 'NONE', #5784, #4539, #1355, .T. ) ;
#6027 = CARTESIAN_POINT ( 'NONE',  ( -51.62500000000000711, 10.80000000000000426, 33.62499999999999289 ) ) ;
#6028 = CARTESIAN_POINT ( 'NONE',  ( -21.29710944613214707, 1.219690838747078621, 23.70289055386746213 ) ) ;
#6029 = EDGE_LOOP ( 'NONE', ( #4930, #9559, #3350, #7254 ) ) ;
#6030 = CARTESIAN_POINT ( 'NONE',  ( 57.19185245480486657, 10.49999999999999822, 36.19185245480491631 ) ) ;
#6031 = ORIENTED_EDGE ( 'NONE', *, *, #8282, .F. ) ;
#6032 = CARTESIAN_POINT ( 'NONE',  ( 61.85875721063607102, 9.899999999999975486, 33.78768939877064525 ) ) ;
#6033 = CARTESIAN_POINT ( 'NONE',  ( 18.11960549692769007, 12.30096400656400846, 8.880394503071926238 ) ) ;
#6034 = CARTESIAN_POINT ( 'NONE',  ( 54.51589529291322833, 14.51721864012751162, -26.48410470708715536 ) ) ;
#6035 = VERTEX_POINT ( 'NONE', #6641 ) ;
#6036 = DIRECTION ( 'NONE',  ( -1.000000000000000000, 0.000000000000000000, -9.786874335553214321E-17 ) ) ;
#6037 = ORIENTED_EDGE ( 'NONE', *, *, #3363, .T. ) ;
#6038 = ORIENTED_EDGE ( 'NONE', *, *, #2349, .T. ) ;
#6039 = FACE_OUTER_BOUND ( 'NONE', #9211, .T. ) ;
#6040 = ORIENTED_EDGE ( 'NONE', *, *, #2639, .F. ) ;
#6041 = EDGE_CURVE ( 'NONE', #4759, #9360, #596, .T. ) ;
#6042 = AXIS2_PLACEMENT_3D ( 'NONE', #10050, #3057, #8564 ) ;
#6043 = LINE ( 'NONE', #8380, #7755 ) ;
#6044 = CARTESIAN_POINT ( 'NONE',  ( -37.49625977300406277, 7.500000000000000000, 0.000000000000000000 ) ) ;
#6045 = FACE_OUTER_BOUND ( 'NONE', #1863, .T. ) ;
#6046 = VECTOR ( 'NONE', #676, 1000.000000000000114 ) ;
#6047 = DIRECTION ( 'NONE',  ( 0.000000000000000000, 0.000000000000000000, -1.000000000000000000 ) ) ;
#6048 = CARTESIAN_POINT ( 'NONE',  ( 18.54999999999999716, 10.80000000000000071, -27.55000000000038796 ) ) ;
#6049 = EDGE_LOOP ( 'NONE', ( #748, #6889, #3423, #380 ) ) ;
#6050 = ORIENTED_EDGE ( 'NONE', *, *, #2348, .F. ) ;
#6051 = VERTEX_POINT ( 'NONE', #6803 ) ;
#6052 = FACE_OUTER_BOUND ( 'NONE', #8022, .T. ) ;
#6053 = AXIS2_PLACEMENT_3D ( 'NONE', #1017, #255, #7990 ) ;
#6054 = VECTOR ( 'NONE', #6316, 1000.000000000000000 ) ;
#6055 = CARTESIAN_POINT ( 'NONE',  ( -19.19056600552735858, 8.566080860090414362, 0.000000000000000000 ) ) ;
#6056 = EDGE_CURVE ( 'NONE', #9388, #9977, #9923, .T. ) ;
#6057 = EDGE_CURVE ( 'NONE', #2497, #1711, #8286, .T. ) ;
#6058 = CARTESIAN_POINT ( 'NONE',  ( -18.54999999999999716, 10.80000000000000071, -18.55000000000037730 ) ) ;
#6059 = ADVANCED_FACE ( 'NONE', ( #6045 ), #9154, .F. ) ;
#6060 = VECTOR ( 'NONE', #1162, 1000.000000000000114 ) ;
#6061 = LINE ( 'NONE', #1474, #3022 ) ;
#6062 = CARTESIAN_POINT ( 'NONE',  ( 9.550000000000002487, 10.80000000000000071, 35.44999999999961204 ) ) ;
#6063 = CARTESIAN_POINT ( 'NONE',  ( -13.08484749617240972, 14.76483374945124893, -18.58689778295635620 ) ) ;
#6064 = ADVANCED_FACE ( 'NONE', ( #128 ), #7863, .F. ) ;
#6065 = EDGE_CURVE ( 'NONE', #6188, #8655, #26, .T. ) ;
#6066 = ORIENTED_EDGE ( 'NONE', *, *, #7694, .T. ) ;
#6067 = LINE ( 'NONE', #3815, #7460 ) ;
#6068 = VERTEX_POINT ( 'NONE', #3996 ) ;
#6069 = EDGE_CURVE ( 'NONE', #9533, #689, #2419, .T. ) ;
#6070 = CARTESIAN_POINT ( 'NONE',  ( 54.99999999999997868, -11.50000000000000000, 41.00000000000000711 ) ) ;
#6071 = DIRECTION ( 'NONE',  ( -1.000000000000000000, 0.000000000000000000, 0.000000000000000000 ) ) ;
#6072 = FACE_OUTER_BOUND ( 'NONE', #4538, .T. ) ;
#6073 = ORIENTED_EDGE ( 'NONE', *, *, #439, .F. ) ;
#6074 = ORIENTED_EDGE ( 'NONE', *, *, #8404, .F. ) ;
#6075 = CARTESIAN_POINT ( 'NONE',  ( 17.45000000000000639, 10.80000000000000071, -27.55000000000038796 ) ) ;
#6076 = FACE_OUTER_BOUND ( 'NONE', #6425, .T. ) ;
#6077 = EDGE_CURVE ( 'NONE', #1041, #9490, #9353, .T. ) ;
#6078 = ORIENTED_EDGE ( 'NONE', *, *, #49, .T. ) ;
#6079 = LINE ( 'NONE', #5463, #2899 ) ;
#6080 = VERTEX_POINT ( 'NONE', #6189 ) ;
#6081 = CARTESIAN_POINT ( 'NONE',  ( -35.44999999999999574, 10.80000000000000426, -33.62500000000000711 ) ) ;
#6082 = CARTESIAN_POINT ( 'NONE',  ( -17.44999999999999929, 10.80000000000000071, -35.45000000000039364 ) ) ;
#6083 = ADVANCED_FACE ( 'NONE', ( #3170 ), #6893, .F. ) ;
#6084 = CARTESIAN_POINT ( 'NONE',  ( -34.50374022699593013, 7.500000000000000000, 0.000000000000000000 ) ) ;
#6085 = ORIENTED_EDGE ( 'NONE', *, *, #4964, .T. ) ;
#6086 = DIRECTION ( 'NONE',  ( 1.000000000000000000, 0.000000000000000000, 0.000000000000000000 ) ) ;
#6087 = ORIENTED_EDGE ( 'NONE', *, *, #3791, .T. ) ;
#6088 = ORIENTED_EDGE ( 'NONE', *, *, #10042, .T. ) ;
#6089 = DIRECTION ( 'NONE',  ( 0.000000000000000000, 1.000000000000000000, 0.000000000000000000 ) ) ;
#6090 = VERTEX_POINT ( 'NONE', #3126 ) ;
#6091 = FACE_OUTER_BOUND ( 'NONE', #248, .T. ) ;
#6092 = AXIS2_PLACEMENT_3D ( 'NONE', #6357, #6403, #4159 ) ;
#6093 = CARTESIAN_POINT ( 'NONE',  ( -48.79638818434512615, -5.429073061943221035, -23.20361181565524333 ) ) ;
#6094 = CARTESIAN_POINT ( 'NONE',  ( 51.62500000000000000, 10.80000000000000426, -27.55000000000038796 ) ) ;
#6095 = EDGE_CURVE ( 'NONE', #536, #2641, #5480, .T. ) ;
#6096 = EDGE_CURVE ( 'NONE', #1366, #7828, #2320, .T. ) ;
#6097 = DIRECTION ( 'NONE',  ( 0.000000000000000000, 0.000000000000000000, -1.000000000000000000 ) ) ;
#6098 = DIRECTION ( 'NONE',  ( -1.000000000000000000, -0.000000000000000000, -0.000000000000000000 ) ) ;
#6099 = ORIENTED_EDGE ( 'NONE', *, *, #8796, .F. ) ;
#6100 = ORIENTED_EDGE ( 'NONE', *, *, #10032, .T. ) ;
#6101 = ADVANCED_FACE ( 'NONE', ( #10070 ), #8583, .F. ) ;
#6102 = ORIENTED_EDGE ( 'NONE', *, *, #10087, .F. ) ;
#6103 = VECTOR ( 'NONE', #239, 1000.000000000000000 ) ;
#6104 = CARTESIAN_POINT ( 'NONE',  ( -15.62500000000000711, 10.80000000000000071, 0.000000000000000000 ) ) ;
#6105 = DIRECTION ( 'NONE',  ( -1.000000000000000000, 0.000000000000000000, 0.000000000000000000 ) ) ;
#6106 = PLANE ( 'NONE',  #6624 ) ;
#6107 = VECTOR ( 'NONE', #1510, 1000.000000000000114 ) ;
#6108 = LINE ( 'NONE', #1473, #71 ) ;
#6109 = DIRECTION ( 'NONE',  ( -0.000000000000000000, -0.2756373558170040483, -0.9612616959383175619 ) ) ;
#6110 = EDGE_CURVE ( 'NONE', #4759, #6948, #3225, .T. ) ;
#6111 = CARTESIAN_POINT ( 'NONE',  ( -60.00000000000000000, 7.500000000000000000, 8.000000000000000000 ) ) ;
#6112 = VECTOR ( 'NONE', #2853, 1000.000000000000114 ) ;
#6113 = LINE ( 'NONE', #2189, #2067 ) ;
#6114 = VERTEX_POINT ( 'NONE', #4709 ) ;
#6115 = CARTESIAN_POINT ( 'NONE',  ( -52.80943399447263431, 8.566080860090423243, -10.19056600552774405 ) ) ;
#6116 = ORIENTED_EDGE ( 'NONE', *, *, #9445, .F. ) ;
#6117 = PLANE ( 'NONE',  #592 ) ;
#6118 = DIRECTION ( 'NONE',  ( -0.7071067811865452413, -0.000000000000000000, 0.7071067811865497932 ) ) ;
#6119 = PLANE ( 'NONE',  #7018 ) ;
#6120 = ORIENTED_EDGE ( 'NONE', *, *, #8839, .T. ) ;
#6121 = EDGE_LOOP ( 'NONE', ( #5588, #1031, #1119, #1956 ) ) ;
#6122 = CARTESIAN_POINT ( 'NONE',  ( 51.62500000000000000, 10.80000000000000426, -9.550000000000384404 ) ) ;
#6123 = LINE ( 'NONE', #677, #7486 ) ;
#6124 = PRODUCT_RELATED_PRODUCT_CATEGORY ( 'part', '', ( #5088 ) ) ;
#6125 = VECTOR ( 'NONE', #8393, 1000.000000000000114 ) ;
#6126 = ORIENTED_EDGE ( 'NONE', *, *, #344, .F. ) ;
#6127 = CARTESIAN_POINT ( 'NONE',  ( 0.5499999999999949374, 10.80000000000000071, 35.44999999999961204 ) ) ;
#6128 = VERTEX_POINT ( 'NONE', #3898 ) ;
#6129 = CARTESIAN_POINT ( 'NONE',  ( 20.37499999999998934, 10.80000000000000426, 27.54999999999960991 ) ) ;
#6130 = LINE ( 'NONE', #1594, #4685 ) ;
#6131 = CARTESIAN_POINT ( 'NONE',  ( 0.000000000000000000, 7.500000000000000000, -19.49625977300445356 ) ) ;
#6132 = ORIENTED_EDGE ( 'NONE', *, *, #5620, .T. ) ;
#6133 = VECTOR ( 'NONE', #3328, 1000.000000000000114 ) ;
#6134 = CARTESIAN_POINT ( 'NONE',  ( -51.62500000000000711, 7.500000000000000000, -19.49625977300445356 ) ) ;
#6135 = ORIENTED_EDGE ( 'NONE', *, *, #1390, .F. ) ;
#6136 = ORIENTED_EDGE ( 'NONE', *, *, #3257, .F. ) ;
#6137 = FACE_OUTER_BOUND ( 'NONE', #675, .T. ) ;
#6138 = ORIENTED_EDGE ( 'NONE', *, *, #9581, .T. ) ;
#6139 = EDGE_CURVE ( 'NONE', #9458, #486, #2221, .T. ) ;
#6140 = DIRECTION ( 'NONE',  ( -1.000000000000000000, 0.000000000000000000, 0.000000000000000000 ) ) ;
#6141 = VECTOR ( 'NONE', #5156, 1000.000000000000000 ) ;
#6142 = FACE_OUTER_BOUND ( 'NONE', #5728, .T. ) ;
#6143 = DIRECTION ( 'NONE',  ( 0.5001519828512185351, 0.8323926831162089535, -0.2386847610229712591 ) ) ;
#6144 = DIRECTION ( 'NONE',  ( 0.000000000000000000, -0.2756373558170042704, 0.9612616959383174509 ) ) ;
#6145 = CARTESIAN_POINT ( 'NONE',  ( -17.44999999999999929, 10.80000000000000071, 27.54999999999960991 ) ) ;
#6146 = ORIENTED_EDGE ( 'NONE', *, *, #7039, .F. ) ;
#6147 = VERTEX_POINT ( 'NONE', #8482 ) ;
#6148 = VECTOR ( 'NONE', #370, 1000.000000000000000 ) ;
#6149 = VERTEX_POINT ( 'NONE', #1658 ) ;
#6150 = VECTOR ( 'NONE', #4671, 1000.000000000000114 ) ;
#6151 = CARTESIAN_POINT ( 'NONE',  ( 17.45000000000000639, 10.80000000000000071, -8.450000000000388312 ) ) ;
#6152 = EDGE_CURVE ( 'NONE', #4954, #7821, #4559, .T. ) ;
#6153 = DIRECTION ( 'NONE',  ( 1.000000000000000000, 2.239982309999205560E-16, -6.423045915736408765E-17 ) ) ;
#6154 = LINE ( 'NONE', #2383, #2241 ) ;
#6155 = VECTOR ( 'NONE', #4035, 999.9999999999998863 ) ;
#6156 = VECTOR ( 'NONE', #5720, 1000.000000000000000 ) ;
#6157 = CARTESIAN_POINT ( 'NONE',  ( -17.44999999999999929, 10.80000000000000071, 26.44999999999961204 ) ) ;
#6158 = LINE ( 'NONE', #9221, #3334 ) ;
#6159 = CARTESIAN_POINT ( 'NONE',  ( -19.49625977300406632, 7.500000000000000000, 0.000000000000000000 ) ) ;
#6160 = VERTEX_POINT ( 'NONE', #1509 ) ;
#6161 = VECTOR ( 'NONE', #9123, 1000.000000000000000 ) ;
#6162 = ADVANCED_FACE ( 'NONE', ( #701 ), #3946, .F. ) ;
#6163 = LINE ( 'NONE', #9278, #6924 ) ;
#6164 = ORIENTED_EDGE ( 'NONE', *, *, #4337, .F. ) ;
#6165 = ORIENTED_EDGE ( 'NONE', *, *, #8013, .T. ) ;
#6166 = FACE_OUTER_BOUND ( 'NONE', #9976, .T. ) ;
#6167 = LINE ( 'NONE', #7643, #7575 ) ;
#6168 = DIRECTION ( 'NONE',  ( -0.000000000000000000, -0.2756373558170042704, -0.9612616959383174509 ) ) ;
#6169 = EDGE_LOOP ( 'NONE', ( #470, #6351, #5644, #3951 ) ) ;
#6170 = ORIENTED_EDGE ( 'NONE', *, *, #4868, .T. ) ;
#6171 = PLANE ( 'NONE',  #5863 ) ;
#6172 = CARTESIAN_POINT ( 'NONE',  ( -53.45000000000000995, 7.500000000000000000, 35.44999999999996732 ) ) ;
#6173 = ORIENTED_EDGE ( 'NONE', *, *, #9700, .F. ) ;
#6174 = EDGE_CURVE ( 'NONE', #3721, #7228, #3076, .T. ) ;
#6175 = FACE_OUTER_BOUND ( 'NONE', #8687, .T. ) ;
#6176 = ORIENTED_EDGE ( 'NONE', *, *, #1310, .F. ) ;
#6177 = LINE ( 'NONE', #9956, #8194 ) ;
#6178 = CARTESIAN_POINT ( 'NONE',  ( 61.85875721063607102, 9.899999999999975486, -33.78768939877064525 ) ) ;
#6179 = LINE ( 'NONE', #732, #93 ) ;
#6180 = ORIENTED_EDGE ( 'NONE', *, *, #4184, .T. ) ;
#6181 = DIRECTION ( 'NONE',  ( 0.000000000000000000, -1.000000000000000000, 0.000000000000000000 ) ) ;
#6182 = ORIENTED_EDGE ( 'NONE', *, *, #7461, .F. ) ;
#6183 = VERTEX_POINT ( 'NONE', #1556 ) ;
#6184 = LINE ( 'NONE', #3738, #834 ) ;
#6185 = LINE ( 'NONE', #9303, #1578 ) ;
#6186 = EDGE_CURVE ( 'NONE', #8066, #2935, #7043, .T. ) ;
#6187 = PLANE ( 'NONE',  #4043 ) ;
#6188 = VERTEX_POINT ( 'NONE', #9408 ) ;
#6189 = CARTESIAN_POINT ( 'NONE',  ( 61.85875721063607102, 9.899999999999975486, -33.78768939877064525 ) ) ;
#6190 = LINE ( 'NONE', #4612, #1380 ) ;
#6191 = FACE_OUTER_BOUND ( 'NONE', #1959, .T. ) ;
#6192 = EDGE_CURVE ( 'NONE', #9364, #8077, #74, .T. ) ;
#6193 = EDGE_LOOP ( 'NONE', ( #5712, #8303, #9285, #6424 ) ) ;
#6194 = ORIENTED_EDGE ( 'NONE', *, *, #541, .F. ) ;
#6195 = AXIS2_PLACEMENT_3D ( 'NONE', #3514, #5916, #5862 ) ;
#6196 = CARTESIAN_POINT ( 'NONE',  ( 51.62500000000000000, 10.80000000000000426, -17.45000000000039009 ) ) ;
#6197 = ORIENTED_EDGE ( 'NONE', *, *, #372, .F. ) ;
#6198 = EDGE_LOOP ( 'NONE', ( #733, #4189, #1919, #4055 ) ) ;
#6199 = CARTESIAN_POINT ( 'NONE',  ( -15.62500000000000711, 7.500000000000000000, 25.50374022699554288 ) ) ;
#6200 = DIRECTION ( 'NONE',  ( -0.2756373558170042704, -0.9612616959383174509, 0.000000000000000000 ) ) ;
#6201 = AXIS2_PLACEMENT_3D ( 'NONE', #2414, #694, #7038 ) ;
#6202 = CARTESIAN_POINT ( 'NONE',  ( 61.43449314192414334, 7.500000000000000000, -33.36342533005872468 ) ) ;
#6203 = CARTESIAN_POINT ( 'NONE',  ( 18.54999999999999716, 10.80000000000000071, -9.550000000000384404 ) ) ;
#6204 = EDGE_CURVE ( 'NONE', #4792, #5926, #6339, .T. ) ;
#6205 = LINE ( 'NONE', #7728, #7579 ) ;
#6206 = VECTOR ( 'NONE', #3296, 1000.000000000000114 ) ;
#6207 = VECTOR ( 'NONE', #4891, 1000.000000000000227 ) ;
#6208 = DIRECTION ( 'NONE',  ( 1.000000000000000000, 0.000000000000000000, 0.000000000000000000 ) ) ;
#6209 = ORIENTED_EDGE ( 'NONE', *, *, #1172, .F. ) ;
#6210 = DIRECTION ( 'NONE',  ( -0.000000000000000000, -0.2756373558170040483, -0.9612616959383175619 ) ) ;
#6211 = VERTEX_POINT ( 'NONE', #2469 ) ;
#6212 = CARTESIAN_POINT ( 'NONE',  ( 0.000000000000000000, 0.000000000000000000, -8.000000000000000000 ) ) ;
#6213 = AXIS2_PLACEMENT_3D ( 'NONE', #2685, #3552, #6657 ) ;
#6214 = EDGE_CURVE ( 'NONE', #6009, #7541, #4904, .T. ) ;
#6215 = VECTOR ( 'NONE', #3720, 1000.000000000000114 ) ;
#6216 = DIRECTION ( 'NONE',  ( -0.9612616959383174509, -0.2756373558170042704, 0.000000000000000000 ) ) ;
#6217 = CARTESIAN_POINT ( 'NONE',  ( 26.45000000000000284, 10.80000000000000071, 35.44999999999961204 ) ) ;
#6218 = ORIENTED_EDGE ( 'NONE', *, *, #2445, .T. ) ;
#6219 = EDGE_CURVE ( 'NONE', #6211, #78, #7146, .T. ) ;
#6220 = DIRECTION ( 'NONE',  ( 0.000000000000000000, 0.000000000000000000, -1.000000000000000000 ) ) ;
#6221 = VECTOR ( 'NONE', #7331, 1000.000000000000000 ) ;
#6222 = LINE ( 'NONE', #9287, #1643 ) ;
#6223 = ORIENTED_EDGE ( 'NONE', *, *, #7027, .F. ) ;
#6224 = DIRECTION ( 'NONE',  ( 0.000000000000000000, -0.8571673007021116675, 0.5150380749100552658 ) ) ;
#6225 = ORIENTED_EDGE ( 'NONE', *, *, #6463, .T. ) ;
#6226 = DIRECTION ( 'NONE',  ( -0.2657276780299911434, 0.9267025424900801056, 0.2657276780299911434 ) ) ;
#6227 = DIRECTION ( 'NONE',  ( -0.2386847610229712868, -0.8323926831162090645, 0.5001519828512185351 ) ) ;
#6228 = LINE ( 'NONE', #2357, #7068 ) ;
#6229 = MANIFOLD_SOLID_BREP ( 'Boss-Extrude10', #8652 ) ;
#6230 = ORIENTED_EDGE ( 'NONE', *, *, #9061, .T. ) ;
#6231 = DIRECTION ( 'NONE',  ( -0.2386847610229712868, -0.8323926831162090645, 0.5001519828512185351 ) ) ;
#6232 = VERTEX_POINT ( 'NONE', #7194 ) ;
#6233 = ORIENTED_EDGE ( 'NONE', *, *, #944, .F. ) ;
#6234 = EDGE_CURVE ( 'NONE', #9358, #9252, #4241, .T. ) ;
#6235 = PLANE ( 'NONE',  #7495 ) ;
#6236 = DIRECTION ( 'NONE',  ( -1.000000000000000000, -0.000000000000000000, -0.000000000000000000 ) ) ;
#6237 = CARTESIAN_POINT ( 'NONE',  ( 9.550000000000002487, 10.80000000000000071, 18.54999999999960991 ) ) ;
#6238 = ORIENTED_EDGE ( 'NONE', *, *, #1722, .T. ) ;
#6239 = DIRECTION ( 'NONE',  ( 0.5001519828512187571, -0.8323926831162092865, 0.2386847610229695660 ) ) ;
#6240 = DIRECTION ( 'NONE',  ( -0.9612616959383174509, -0.2756373558170042704, 0.000000000000000000 ) ) ;
#6241 = CARTESIAN_POINT ( 'NONE',  ( 26.37467487046908587, 10.53731005528964992, 33.62500000000000000 ) ) ;
#6242 = ORIENTED_EDGE ( 'NONE', *, *, #3496, .T. ) ;
#6243 = ORIENTED_EDGE ( 'NONE', *, *, #4044, .F. ) ;
#6244 = EDGE_CURVE ( 'NONE', #1986, #5562, #8681, .T. ) ;
#6245 = EDGE_CURVE ( 'NONE', #378, #4920, #4138, .T. ) ;
#6246 = LINE ( 'NONE', #4766, #6526 ) ;
#6247 = EDGE_LOOP ( 'NONE', ( #6323, #7870, #4562, #9829 ) ) ;
#6248 = ORIENTED_EDGE ( 'NONE', *, *, #9343, .T. ) ;
#6249 = DIRECTION ( 'NONE',  ( -0.000000000000000000, -1.000000000000000000, -0.000000000000000000 ) ) ;
#6250 = DIRECTION ( 'NONE',  ( -1.000000000000000000, 0.000000000000000000, 0.000000000000000000 ) ) ;
#6251 = EDGE_CURVE ( 'NONE', #9098, #494, #226, .T. ) ;
#6252 = DIRECTION ( 'NONE',  ( 0.000000000000000000, -0.9612616959383174509, 0.2756373558170042704 ) ) ;
#6253 = CARTESIAN_POINT ( 'NONE',  ( 0.000000000000000000, 7.500000000000000000, 34.50374022699554644 ) ) ;
#6254 = VECTOR ( 'NONE', #8129, 1000.000000000000000 ) ;
#6255 = CARTESIAN_POINT ( 'NONE',  ( 20.37499999999998934, 7.500000000000000000, 10.49625977300367907 ) ) ;
#6256 = PLANE ( 'NONE',  #2622 ) ;
#6257 = EDGE_CURVE ( 'NONE', #6678, #5202, #7914, .T. ) ;
#6258 = VECTOR ( 'NONE', #5834, 1000.000000000000000 ) ;
#6259 = CARTESIAN_POINT ( 'NONE',  ( -51.62500000000000711, 10.53731005528969789, 33.62499999999999289 ) ) ;
#6260 = ORIENTED_EDGE ( 'NONE', *, *, #5288, .T. ) ;
#6261 = PLANE ( 'NONE',  #8606 ) ;
#6262 = CARTESIAN_POINT ( 'NONE',  ( 7.503740226995931017, 7.500000000000000000, 0.000000000000000000 ) ) ;
#6263 = LINE ( 'NONE', #6456, #4741 ) ;
#6264 = VECTOR ( 'NONE', #4449, 1000.000000000000000 ) ;
#6265 = ORIENTED_EDGE ( 'NONE', *, *, #4554, .F. ) ;
#6266 = ORIENTED_EDGE ( 'NONE', *, *, #5982, .T. ) ;
#6267 = CARTESIAN_POINT ( 'NONE',  ( 57.89895923599141980, 7.500000000000000000, 36.89895923599146954 ) ) ;
#6268 = CARTESIAN_POINT ( 'NONE',  ( -62.00000000000000000, 7.500000000000000000, -41.00000000000000000 ) ) ;
#6269 = ORIENTED_EDGE ( 'NONE', *, *, #5155, .F. ) ;
#6270 = EDGE_CURVE ( 'NONE', #5784, #4209, #3316, .T. ) ;
#6271 = EDGE_CURVE ( 'NONE', #7124, #2242, #4856, .T. ) ;
#6272 = ORIENTED_EDGE ( 'NONE', *, *, #4964, .F. ) ;
#6273 = VECTOR ( 'NONE', #8815, 1000.000000000000114 ) ;
#6274 = FACE_OUTER_BOUND ( 'NONE', #4794, .T. ) ;
#6275 = ORIENTED_EDGE ( 'NONE', *, *, #6353, .F. ) ;
#6276 = CARTESIAN_POINT ( 'NONE',  ( 17.45000000000000639, 10.80000000000000071, -17.45000000000039009 ) ) ;
#6277 = CARTESIAN_POINT ( 'NONE',  ( -27.54999999999999361, 10.80000000000000426, -33.62500000000000711 ) ) ;
#6278 = DIRECTION ( 'NONE',  ( -0.000000000000000000, -0.000000000000000000, 1.000000000000000000 ) ) ;
#6279 = AXIS2_PLACEMENT_3D ( 'NONE', #9195, #4349, #7806 ) ;
#6280 = PLANE ( 'NONE',  #6689 ) ;
#6281 = DIRECTION ( 'NONE',  ( 0.2657276780299897001, 0.9267025424900808828, 0.2657276780299897001 ) ) ;
#6282 = ORIENTED_EDGE ( 'NONE', *, *, #1871, .T. ) ;
#6283 = DIRECTION ( 'NONE',  ( 0.000000000000000000, -0.2756373558170042704, 0.9612616959383174509 ) ) ;
#6284 = EDGE_CURVE ( 'NONE', #2925, #5373, #6431, .T. ) ;
#6285 = DIRECTION ( 'NONE',  ( 0.000000000000000000, 0.9612616959383174509, -0.2756373558170039373 ) ) ;
#6286 = LINE ( 'NONE', #9406, #3378 ) ;
#6287 = EDGE_LOOP ( 'NONE', ( #4023, #4268, #7968, #7569 ) ) ;
#6288 = EDGE_CURVE ( 'NONE', #6573, #8993, #2657, .T. ) ;
#6289 = EDGE_CURVE ( 'NONE', #2832, #9098, #4950, .T. ) ;
#6290 = DIRECTION ( 'NONE',  ( -0.9612616959383174509, -0.2756373558170042704, 0.000000000000000000 ) ) ;
#6291 = AXIS2_PLACEMENT_3D ( 'NONE', #8443, #852, #3956 ) ;
#6292 = CARTESIAN_POINT ( 'NONE',  ( 53.44999999999999574, 10.80000000000000071, 35.44999999999961204 ) ) ;
#6293 = CARTESIAN_POINT ( 'NONE',  ( -26.45000000000000284, 10.80000000000000071, -33.62500000000000711 ) ) ;
#6294 = ORIENTED_EDGE ( 'NONE', *, *, #1353, .T. ) ;
#6295 = EDGE_LOOP ( 'NONE', ( #7704, #7586, #9251, #5737 ) ) ;
#6296 = CARTESIAN_POINT ( 'NONE',  ( 53.44999999999999574, 10.80000000000000071, -8.450000000000388312 ) ) ;
#6297 = ORIENTED_EDGE ( 'NONE', *, *, #5901, .F. ) ;
#6298 = EDGE_LOOP ( 'NONE', ( #9901, #1907, #9415, #2295 ) ) ;
#6299 = DIRECTION ( 'NONE',  ( 1.000000000000000000, 0.000000000000000000, 0.000000000000000000 ) ) ;
#6300 = AXIS2_PLACEMENT_3D ( 'NONE', #2123, #5378, #1552 ) ;
#6301 = LINE ( 'NONE', #9418, #2229 ) ;
#6302 = CARTESIAN_POINT ( 'NONE',  ( -26.45000000000000284, 10.80000000000000071, 9.549999999999611688 ) ) ;
#6303 = ADVANCED_FACE ( 'NONE', ( #1084 ), #7289, .F. ) ;
#6304 = DIRECTION ( 'NONE',  ( 1.000000000000000000, 0.000000000000000000, 0.000000000000000000 ) ) ;
#6305 = VECTOR ( 'NONE', #8535, 1000.000000000000000 ) ;
#6306 = AXIS2_PLACEMENT_3D ( 'NONE', #4161, #299, #9573 ) ;
#6307 = ORIENTED_EDGE ( 'NONE', *, *, #1160, .T. ) ;
#6308 = DIRECTION ( 'NONE',  ( 0.000000000000000000, -1.628809415300402958E-16, -1.000000000000000000 ) ) ;
#6309 = DIRECTION ( 'NONE',  ( -0.000000000000000000, 0.000000000000000000, 1.000000000000000000 ) ) ;
#6310 = STYLED_ITEM ( 'NONE', ( #176 ), #6229 ) ;
#6311 = VECTOR ( 'NONE', #8499, 1000.000000000000114 ) ;
#6312 = CARTESIAN_POINT ( 'NONE',  ( -35.37467487046910009, 10.53731005528972631, -33.62500000000000711 ) ) ;
#6313 = ORIENTED_EDGE ( 'NONE', *, *, #7782, .T. ) ;
#6314 = DIRECTION ( 'NONE',  ( 1.000000000000000000, 0.000000000000000000, 0.000000000000000000 ) ) ;
#6315 = DIRECTION ( 'NONE',  ( -0.2657276780299911434, -0.9267025424900801056, 0.2657276780299911434 ) ) ;
#6316 = DIRECTION ( 'NONE',  ( 1.000000000000000000, 0.000000000000000000, 0.000000000000000000 ) ) ;
#6317 = AXIS2_PLACEMENT_3D ( 'NONE', #7234, #273, #3368 ) ;
#6318 = ADVANCED_FACE ( 'NONE', ( #5869 ), #7449, .F. ) ;
#6319 = EDGE_LOOP ( 'NONE', ( #9347, #8168, #6182, #6672 ) ) ;
#6320 = ORIENTED_EDGE ( 'NONE', *, *, #2493, .T. ) ;
#6321 = CARTESIAN_POINT ( 'NONE',  ( -20.37499999999999645, 7.500000000000000000, -25.50374022699630672 ) ) ;
#6322 = LINE ( 'NONE', #8665, #1476 ) ;
#6323 = ORIENTED_EDGE ( 'NONE', *, *, #1147, .T. ) ;
#6324 = VECTOR ( 'NONE', #9479, 1000.000000000000000 ) ;
#6325 = CARTESIAN_POINT ( 'NONE',  ( 35.44999999999999574, 10.80000000000000426, 33.62500000000000000 ) ) ;
#6326 = ORIENTED_EDGE ( 'NONE', *, *, #3311, .T. ) ;
#6327 = FACE_BOUND ( 'NONE', #9598, .T. ) ;
#6328 = FACE_OUTER_BOUND ( 'NONE', #1066, .T. ) ;
#6329 = LINE ( 'NONE', #8571, #4316 ) ;
#6330 = PLANE ( 'NONE',  #2300 ) ;
#6331 = EDGE_CURVE ( 'NONE', #9398, #4643, #1393, .T. ) ;
#6332 = CARTESIAN_POINT ( 'NONE',  ( 0.000000000000000000, -11.50000000000000000, 0.000000000000000000 ) ) ;
#6333 = ORIENTED_EDGE ( 'NONE', *, *, #1205, .T. ) ;
#6334 = ORIENTED_EDGE ( 'NONE', *, *, #1129, .T. ) ;
#6335 = CARTESIAN_POINT ( 'NONE',  ( 17.24489371323138087, 10.08470937300049464, 9.755106286768237212 ) ) ;
#6336 = DIRECTION ( 'NONE',  ( -1.000000000000000000, -0.000000000000000000, -0.000000000000000000 ) ) ;
#6337 = DIRECTION ( 'NONE',  ( -0.000000000000000000, 0.000000000000000000, 1.000000000000000000 ) ) ;
#6338 = EDGE_LOOP ( 'NONE', ( #556, #9823, #4024, #1398 ) ) ;
#6339 = LINE ( 'NONE', #8777, #3530 ) ;
#6340 = FACE_OUTER_BOUND ( 'NONE', #6951, .T. ) ;
#6341 = EDGE_LOOP ( 'NONE', ( #2081, #3418, #10025, #5848 ) ) ;
#6342 = EDGE_CURVE ( 'NONE', #5836, #989, #6735, .T. ) ;
#6343 = ORIENTED_EDGE ( 'NONE', *, *, #3458, .T. ) ;
#6344 = ORIENTED_EDGE ( 'NONE', *, *, #205, .T. ) ;
#6345 = CARTESIAN_POINT ( 'NONE',  ( 0.000000000000000000, 7.500000000000000000, 19.49625977300367552 ) ) ;
#6346 = EDGE_LOOP ( 'NONE', ( #5535, #626, #5217, #3929 ) ) ;
#6347 = CARTESIAN_POINT ( 'NONE',  ( 43.50374022699593723, 7.500000000000000000, 33.62500000000000000 ) ) ;
#6348 = CARTESIAN_POINT ( 'NONE',  ( -53.44999999999999574, 10.80000000000000071, 9.549999999999611688 ) ) ;
#6349 = DIRECTION ( 'NONE',  ( 3.161696790679840518E-17, -1.102614705486210178E-16, -1.000000000000000000 ) ) ;
#6350 = FACE_OUTER_BOUND ( 'NONE', #4785, .T. ) ;
#6351 = ORIENTED_EDGE ( 'NONE', *, *, #5917, .T. ) ;
#6352 = CARTESIAN_POINT ( 'NONE',  ( -2.584350778096027737E-16, 8.566080860090011129, -34.80943399447291853 ) ) ;
#6353 = EDGE_CURVE ( 'NONE', #9096, #1994, #421, .T. ) ;
#6354 = FACE_OUTER_BOUND ( 'NONE', #3961, .T. ) ;
#6355 = EDGE_CURVE ( 'NONE', #2540, #6017, #8368, .T. ) ;
#6356 = AXIS2_PLACEMENT_3D ( 'NONE', #1787, #6413, #9531 ) ;
#6357 = CARTESIAN_POINT ( 'NONE',  ( -51.62500000000000711, 10.80000000000000426, 33.62499999999999289 ) ) ;
#6358 = DIRECTION ( 'NONE',  ( 0.5001519828512185351, -0.8323926831162089535, 0.2386847610229712591 ) ) ;
#6359 = VERTEX_POINT ( 'NONE', #3519 ) ;
#6360 = LINE ( 'NONE', #9378, #9101 ) ;
#6361 = AXIS2_PLACEMENT_3D ( 'NONE', #6159, #5446, #2284 ) ;
#6362 = CARTESIAN_POINT ( 'NONE',  ( 18.54999999999999716, 10.80000000000000071, -17.45000000000039009 ) ) ;
#6363 = CARTESIAN_POINT ( 'NONE',  ( 20.37499999999998934, 10.80000000000000426, 33.62500000000000000 ) ) ;
#6364 = ORIENTED_EDGE ( 'NONE', *, *, #1260, .F. ) ;
#6365 = ORIENTED_EDGE ( 'NONE', *, *, #7472, .T. ) ;
#6366 = EDGE_CURVE ( 'NONE', #1308, #7541, #9140, .T. ) ;
#6367 = LINE ( 'NONE', #2498, #3107 ) ;
#6368 = DIRECTION ( 'NONE',  ( 3.161696790679837436E-17, -1.102614705486210548E-16, -1.000000000000000000 ) ) ;
#6369 = VECTOR ( 'NONE', #657, 1000.000000000000000 ) ;
#6370 = VECTOR ( 'NONE', #3453, 1000.000000000000000 ) ;
#6371 = ORIENTED_EDGE ( 'NONE', *, *, #9254, .T. ) ;
#6372 = EDGE_CURVE ( 'NONE', #169, #1244, #6628, .T. ) ;
#6373 = DIRECTION ( 'NONE',  ( -0.7071067811865452413, -0.000000000000000000, -0.7071067811865497932 ) ) ;
#6374 = ORIENTED_EDGE ( 'NONE', *, *, #4992, .F. ) ;
#6375 = VECTOR ( 'NONE', #4333, 1000.000000000000114 ) ;
#6376 = LINE ( 'NONE', #9491, #1867 ) ;
#6377 = CARTESIAN_POINT ( 'NONE',  ( 0.000000000000000000, 7.500000000000000000, 34.50374022699554644 ) ) ;
#6378 = DIRECTION ( 'NONE',  ( 0.2657276780299913099, 0.9267025424900799946, 0.2657276780299913099 ) ) ;
#6379 = CARTESIAN_POINT ( 'NONE',  ( -52.50374022699592302, 7.500000000000000000, 0.000000000000000000 ) ) ;
#6380 = CARTESIAN_POINT ( 'NONE',  ( -15.62500000000000711, 7.500000000000000000, 1.496259773003681737 ) ) ;
#6381 = ORIENTED_EDGE ( 'NONE', *, *, #4649, .T. ) ;
#6382 = ORIENTED_EDGE ( 'NONE', *, *, #3862, .T. ) ;
#6383 = VECTOR ( 'NONE', #9313, 1000.000000000000000 ) ;
#6384 = LINE ( 'NONE', #317, #8004 ) ;
#6385 = CARTESIAN_POINT ( 'NONE',  ( 17.45000000000000639, 10.80000000000000071, 8.449999999999617373 ) ) ;
#6386 = ADVANCED_FACE ( 'NONE', ( #6575 ), #2867, .F. ) ;
#6387 = DIRECTION ( 'NONE',  ( 0.2657276780299911434, -0.9267025424900801056, 0.2657276780299911434 ) ) ;
#6388 = VERTEX_POINT ( 'NONE', #2707 ) ;
#6389 = DIRECTION ( 'NONE',  ( 0.5001519828512185351, 0.8323926831162089535, -0.2386847610229712591 ) ) ;
#6390 = CARTESIAN_POINT ( 'NONE',  ( 44.37467487046910719, 10.53731005528972808, -33.62500000000000000 ) ) ;
#6391 = ORIENTED_EDGE ( 'NONE', *, *, #1281, .T. ) ;
#6392 = VERTEX_POINT ( 'NONE', #5980 ) ;
#6393 = ORIENTED_EDGE ( 'NONE', *, *, #3726, .T. ) ;
#6394 = DIRECTION ( 'NONE',  ( -0.7071067811865524577, -0.7071067811865425767, -0.000000000000000000 ) ) ;
#6395 = ORIENTED_EDGE ( 'NONE', *, *, #8155, .F. ) ;
#6396 = CARTESIAN_POINT ( 'NONE',  ( -18.54999999999999716, 7.500000000000007105, -35.45000000000003837 ) ) ;
#6397 = LINE ( 'NONE', #7249, #8573 ) ;
#6398 = ADVANCED_FACE ( 'NONE', ( #9694 ), #5821, .F. ) ;
#6399 = DIRECTION ( 'NONE',  ( 0.000000000000000000, 0.000000000000000000, 1.000000000000000000 ) ) ;
#6400 = EDGE_CURVE ( 'NONE', #1711, #8958, #1952, .T. ) ;
#6401 = DIRECTION ( 'NONE',  ( 0.000000000000000000, 0.9612616959383180060, -0.2756373558170021054 ) ) ;
#6402 = CARTESIAN_POINT ( 'NONE',  ( -18.54999999999999716, 10.80000000000000071, 9.549999999999611688 ) ) ;
#6403 = DIRECTION ( 'NONE',  ( -1.000000000000000000, 0.000000000000000000, 0.000000000000000000 ) ) ;
#6404 = DIRECTION ( 'NONE',  ( 0.000000000000000000, 0.000000000000000000, -1.000000000000000000 ) ) ;
#6405 = ORIENTED_EDGE ( 'NONE', *, *, #318, .T. ) ;
#6406 = VECTOR ( 'NONE', #1344, 1000.000000000000000 ) ;
#6407 = CARTESIAN_POINT ( 'NONE',  ( -17.45000000000000639, -11.50000000000000000, -35.45000000000002416 ) ) ;
#6408 = EDGE_CURVE ( 'NONE', #1284, #2904, #9094, .T. ) ;
#6409 = DIRECTION ( 'NONE',  ( -0.9612616959383174509, -0.2756373558170042704, 0.000000000000000000 ) ) ;
#6410 = DIRECTION ( 'NONE',  ( 0.000000000000000000, 0.000000000000000000, 1.000000000000000000 ) ) ;
#6411 = CARTESIAN_POINT ( 'NONE',  ( -60.00000000000000000, 7.500000000000000000, -8.000000000000000000 ) ) ;
#6412 = VECTOR ( 'NONE', #9735, 1000.000000000000000 ) ;
#6413 = DIRECTION ( 'NONE',  ( 1.000000000000000000, 0.000000000000000000, 0.000000000000000000 ) ) ;
#6414 = EDGE_LOOP ( 'NONE', ( #2567, #8746, #5898, #3504 ) ) ;
#6415 = PLANE ( 'NONE',  #5507 ) ;
#6416 = ORIENTED_EDGE ( 'NONE', *, *, #1929, .F. ) ;
#6417 = EDGE_CURVE ( 'NONE', #4367, #7047, #3626, .T. ) ;
#6418 = DIRECTION ( 'NONE',  ( 0.000000000000000000, -0.000000000000000000, -1.000000000000000000 ) ) ;
#6419 = CARTESIAN_POINT ( 'NONE',  ( -20.37499999999999645, 7.500000000000000000, 25.50374022699554288 ) ) ;
#6420 = AXIS2_PLACEMENT_3D ( 'NONE', #9039, #5163, #2762 ) ;
#6421 = CARTESIAN_POINT ( 'NONE',  ( -16.80943399447264852, 8.566080860090412585, -7.809433994473036655 ) ) ;
#6422 = CARTESIAN_POINT ( 'NONE',  ( -19.49625977300406632, 7.500000000000000000, 0.000000000000000000 ) ) ;
#6423 = DIRECTION ( 'NONE',  ( -0.000000000000000000, 0.000000000000000000, 1.000000000000000000 ) ) ;
#6424 = ORIENTED_EDGE ( 'NONE', *, *, #7231, .F. ) ;
#6425 = EDGE_LOOP ( 'NONE', ( #8261, #7420, #883, #1360 ) ) ;
#6426 = CARTESIAN_POINT ( 'NONE',  ( 41.06738976402689900, -0.9965637948165171345, -32.06738976402728980 ) ) ;
#6427 = VECTOR ( 'NONE', #9330, 1000.000000000000114 ) ;
#6428 = DIRECTION ( 'NONE',  ( -0.000000000000000000, 1.000000000000000000, -0.000000000000000000 ) ) ;
#6429 = CARTESIAN_POINT ( 'NONE',  ( 61.43449314192414334, 9.099999999999983658, 33.36342533005872468 ) ) ;
#6430 = ORIENTED_EDGE ( 'NONE', *, *, #8618, .T. ) ;
#6431 = LINE ( 'NONE', #2569, #1431 ) ;
#6432 = AXIS2_PLACEMENT_3D ( 'NONE', #4550, #639, #3735 ) ;
#6433 = DIRECTION ( 'NONE',  ( -0.000000000000000000, 0.9612616959383174509, 0.2756373558170042704 ) ) ;
#6434 = ORIENTED_EDGE ( 'NONE', *, *, #9627, .F. ) ;
#6435 = VECTOR ( 'NONE', #6603, 1000.000000000000000 ) ;
#6436 = ORIENTED_EDGE ( 'NONE', *, *, #6655, .T. ) ;
#6437 = ORIENTED_EDGE ( 'NONE', *, *, #4152, .T. ) ;
#6438 = CARTESIAN_POINT ( 'NONE',  ( 34.80943399447275510, 8.566080860090817595, 34.80943399447237852 ) ) ;
#6439 = ORIENTED_EDGE ( 'NONE', *, *, #7512, .T. ) ;
#6440 = EDGE_CURVE ( 'NONE', #3897, #7456, #4344, .T. ) ;
#6441 = FACE_OUTER_BOUND ( 'NONE', #5435, .T. ) ;
#6442 = ORIENTED_EDGE ( 'NONE', *, *, #4353, .T. ) ;
#6443 = LINE ( 'NONE', #139, #9709 ) ;
#6444 = AXIS2_PLACEMENT_3D ( 'NONE', #1558, #3078, #4660 ) ;
#6445 = CARTESIAN_POINT ( 'NONE',  ( -20.37499999999999645, 7.500000000000000000, 16.50374022699554644 ) ) ;
#6446 = DIRECTION ( 'NONE',  ( 1.000000000000000000, 3.308956663174743341E-16, 2.051382842168411359E-32 ) ) ;
#6447 = AXIS2_PLACEMENT_3D ( 'NONE', #5732, #287, #2580 ) ;
#6448 = EDGE_CURVE ( 'NONE', #2344, #896, #1345, .T. ) ;
#6449 = DIRECTION ( 'NONE',  ( 1.000000000000000000, 0.000000000000000000, 0.000000000000000000 ) ) ;
#6450 = CARTESIAN_POINT ( 'NONE',  ( 18.54999999999998295, 7.500000000000000000, 35.44999999999997442 ) ) ;
#6451 = CARTESIAN_POINT ( 'NONE',  ( -52.80943399447264852, 8.566080860090417914, -1.272127533929277047E-16 ) ) ;
#6452 = VERTEX_POINT ( 'NONE', #4397 ) ;
#6453 = VECTOR ( 'NONE', #8927, 1000.000000000000114 ) ;
#6454 = DIRECTION ( 'NONE',  ( 0.000000000000000000, -1.628809415300402958E-16, -1.000000000000000000 ) ) ;
#6455 = DIRECTION ( 'NONE',  ( -0.5001519828512187571, 0.8323926831162092865, 0.2386847610229695660 ) ) ;
#6456 = CARTESIAN_POINT ( 'NONE',  ( -29.73571359999212760, 22.25864506693676148, 26.58211138907228133 ) ) ;
#6457 = EDGE_CURVE ( 'NONE', #8780, #946, #2115, .T. ) ;
#6458 = CARTESIAN_POINT ( 'NONE',  ( -1.496259773004063209, 7.500000000000000000, 33.62500000000000000 ) ) ;
#6459 = AXIS2_PLACEMENT_3D ( 'NONE', #9261, #7092, #5380 ) ;
#6460 = AXIS2_PLACEMENT_3D ( 'NONE', #189, #9563, #8741 ) ;
#6461 = CARTESIAN_POINT ( 'NONE',  ( -54.49999999999997868, 10.79999999999989235, -36.50000000000039080 ) ) ;
#6462 = EDGE_CURVE ( 'NONE', #78, #376, #8322, .T. ) ;
#6463 = EDGE_CURVE ( 'NONE', #7235, #2629, #9805, .T. ) ;
#6464 = ORIENTED_EDGE ( 'NONE', *, *, #10034, .F. ) ;
#6465 = FACE_OUTER_BOUND ( 'NONE', #1601, .T. ) ;
#6466 = ORIENTED_EDGE ( 'NONE', *, *, #4147, .F. ) ;
#6467 = VECTOR ( 'NONE', #164, 1000.000000000000114 ) ;
#6468 = CARTESIAN_POINT ( 'NONE',  ( -53.44999999999999574, 10.80000000000000071, -27.55000000000038796 ) ) ;
#6469 = PLANE ( 'NONE',  #4360 ) ;
#6470 = VECTOR ( 'NONE', #1590, 1000.000000000000000 ) ;
#6471 = LINE ( 'NONE', #1794, #3330 ) ;
#6472 = LINE ( 'NONE', #8624, #6207 ) ;
#6473 = LINE ( 'NONE', #3454, #5951 ) ;
#6474 = ORIENTED_EDGE ( 'NONE', *, *, #7528, .F. ) ;
#6475 = DIRECTION ( 'NONE',  ( 0.000000000000000000, 0.9612616959383174509, -0.2756373558170039373 ) ) ;
#6476 = EDGE_CURVE ( 'NONE', #4735, #8066, #7552, .T. ) ;
#6477 = VECTOR ( 'NONE', #7076, 1000.000000000000000 ) ;
#6478 = CARTESIAN_POINT ( 'NONE',  ( -15.62500000000000711, 10.80000000000000426, 33.62500000000000000 ) ) ;
#6479 = ORIENTED_EDGE ( 'NONE', *, *, #579, .F. ) ;
#6480 = LINE ( 'NONE', #1803, #3538 ) ;
#6481 = ORIENTED_EDGE ( 'NONE', *, *, #3153, .T. ) ;
#6482 = EDGE_CURVE ( 'NONE', #5513, #2309, #2208, .T. ) ;
#6483 = CARTESIAN_POINT ( 'NONE',  ( -17.45000000000001350, 7.500000000000007105, 35.44999999999997442 ) ) ;
#6484 = LINE ( 'NONE', #1953, #1213 ) ;
#6485 = ORIENTED_EDGE ( 'NONE', *, *, #2639, .T. ) ;
#6486 = VERTEX_POINT ( 'NONE', #636 ) ;
#6487 = ORIENTED_EDGE ( 'NONE', *, *, #361, .F. ) ;
#6488 = CARTESIAN_POINT ( 'NONE',  ( 18.54999999999999716, 10.80000000000000071, -27.55000000000038796 ) ) ;
#6489 = ORIENTED_EDGE ( 'NONE', *, *, #2974, .F. ) ;
#6490 = PLANE ( 'NONE',  #6447 ) ;
#6491 = DIRECTION ( 'NONE',  ( -0.9612616959383174509, -0.2756373558170042704, 0.000000000000000000 ) ) ;
#6492 = EDGE_CURVE ( 'NONE', #9398, #536, #3887, .T. ) ;
#6493 = FACE_OUTER_BOUND ( 'NONE', #6319, .T. ) ;
#6494 = ORIENTED_EDGE ( 'NONE', *, *, #8135, .T. ) ;
#6495 = ORIENTED_EDGE ( 'NONE', *, *, #3957, .T. ) ;
#6496 = CARTESIAN_POINT ( 'NONE',  ( -17.44999999999999929, 10.80000000000000071, -9.550000000000384404 ) ) ;
#6497 = DIRECTION ( 'NONE',  ( 1.000000000000000000, 0.000000000000000000, 0.000000000000000000 ) ) ;
#6498 = CARTESIAN_POINT ( 'NONE',  ( -15.62500000000000711, 10.80000000000000426, -9.550000000000384404 ) ) ;
#6499 = VERTEX_POINT ( 'NONE', #4546 ) ;
#6500 = EDGE_CURVE ( 'NONE', #6359, #999, #9957, .T. ) ;
#6501 = DIRECTION ( 'NONE',  ( -0.5000000000000154321, -0.7071067811865281438, -0.5000000000000121014 ) ) ;
#6502 = CARTESIAN_POINT ( 'NONE',  ( -18.54999999999999716, 10.80000000000000071, 35.44999999999961204 ) ) ;
#6503 = VECTOR ( 'NONE', #4769, 1000.000000000000000 ) ;
#6504 = CARTESIAN_POINT ( 'NONE',  ( -15.62500000000000711, 10.53731005528969433, 8.374674870468716392 ) ) ;
#6505 = DIRECTION ( 'NONE',  ( 1.000000000000000000, 0.000000000000000000, 0.000000000000000000 ) ) ;
#6506 = VERTEX_POINT ( 'NONE', #6082 ) ;
#6507 = VECTOR ( 'NONE', #7909, 1000.000000000000000 ) ;
#6508 = EDGE_CURVE ( 'NONE', #8890, #5570, #4599, .T. ) ;
#6509 = DIRECTION ( 'NONE',  ( 0.2657276780299913099, 0.9267025424900799946, 0.2657276780299913099 ) ) ;
#6510 = VERTEX_POINT ( 'NONE', #7751 ) ;
#6511 = EDGE_CURVE ( 'NONE', #9333, #8776, #61, .T. ) ;
#6512 = PLANE ( 'NONE',  #3806 ) ;
#6513 = CARTESIAN_POINT ( 'NONE',  ( -10.49625977300406454, 7.500000000000000000, 0.000000000000000000 ) ) ;
#6514 = CARTESIAN_POINT ( 'NONE',  ( -20.37499999999999645, 10.80000000000000426, 33.62499999999999289 ) ) ;
#6515 = ADVANCED_FACE ( 'NONE', ( #3730 ), #8622, .F. ) ;
#6516 = LINE ( 'NONE', #8865, #3595 ) ;
#6517 = CARTESIAN_POINT ( 'NONE',  ( -2.584350778095989280E-16, 8.566080860089995141, -34.80943399447291142 ) ) ;
#6518 = EDGE_LOOP ( 'NONE', ( #2285, #9714, #6919, #1327 ) ) ;
#6519 = LINE ( 'NONE', #6335, #1013 ) ;
#6520 = VECTOR ( 'NONE', #5738, 1000.000000000000227 ) ;
#6521 = VECTOR ( 'NONE', #9232, 1000.000000000000000 ) ;
#6522 = DIRECTION ( 'NONE',  ( 3.161696790679840518E-17, -1.102614705486210178E-16, -1.000000000000000000 ) ) ;
#6523 = PLANE ( 'NONE',  #4202 ) ;
#6524 = EDGE_LOOP ( 'NONE', ( #9497, #3722, #6225, #8226 ) ) ;
#6525 = CARTESIAN_POINT ( 'NONE',  ( 0.000000000000000000, 7.500000000000000000, -1.496259773004444904 ) ) ;
#6526 = VECTOR ( 'NONE', #6013, 1000.000000000000000 ) ;
#6527 = CARTESIAN_POINT ( 'NONE',  ( -16.50374022699593013, 7.500000000000000000, 0.000000000000000000 ) ) ;
#6528 = EDGE_CURVE ( 'NONE', #2377, #3101, #9342, .T. ) ;
#6529 = ORIENTED_EDGE ( 'NONE', *, *, #912, .F. ) ;
#6530 = VERTEX_POINT ( 'NONE', #2355 ) ;
#6531 = DIRECTION ( 'NONE',  ( -0.000000000000000000, -0.2756373558170042704, -0.9612616959383174509 ) ) ;
#6532 = EDGE_LOOP ( 'NONE', ( #9839, #3412, #3447, #6999 ) ) ;
#6533 = ORIENTED_EDGE ( 'NONE', *, *, #155, .T. ) ;
#6534 = PLANE ( 'NONE',  #9628 ) ;
#6535 = ORIENTED_EDGE ( 'NONE', *, *, #3852, .T. ) ;
#6536 = ORIENTED_EDGE ( 'NONE', *, *, #8957, .F. ) ;
#6537 = CARTESIAN_POINT ( 'NONE',  ( -51.62500000000000711, 10.80000000000000426, -9.550000000000384404 ) ) ;
#6538 = CARTESIAN_POINT ( 'NONE',  ( -58.99999999999998579, 10.49999999999999822, 8.000000000000000000 ) ) ;
#6539 = EDGE_CURVE ( 'NONE', #6147, #5784, #6130, .T. ) ;
#6540 = CARTESIAN_POINT ( 'NONE',  ( 17.45000000000000639, 10.80000000000000071, -0.5500000000003835154 ) ) ;
#6541 = ORIENTED_EDGE ( 'NONE', *, *, #4425, .T. ) ;
#6542 = ORIENTED_EDGE ( 'NONE', *, *, #4355, .F. ) ;
#6543 = ORIENTED_EDGE ( 'NONE', *, *, #9288, .F. ) ;
#6544 = FACE_OUTER_BOUND ( 'NONE', #259, .T. ) ;
#6545 = CARTESIAN_POINT ( 'NONE',  ( 1.496259773004063209, 7.500000000000000000, 0.000000000000000000 ) ) ;
#6546 = CARTESIAN_POINT ( 'NONE',  ( 36.62532512953091413, 10.53731005528965170, 33.62500000000000000 ) ) ;
#6547 = VERTEX_POINT ( 'NONE', #6277 ) ;
#6548 = EDGE_CURVE ( 'NONE', #8198, #8124, #8468, .T. ) ;
#6549 = EDGE_LOOP ( 'NONE', ( #4450, #8448, #6165, #2378 ) ) ;
#6550 = CARTESIAN_POINT ( 'NONE',  ( -6.264286400007866185, 22.25864506693677569, -26.58211138907231330 ) ) ;
#6551 = DIRECTION ( 'NONE',  ( -1.000000000000000000, 0.000000000000000000, 0.000000000000000000 ) ) ;
#6552 = DIRECTION ( 'NONE',  ( 0.000000000000000000, -1.628809415300402958E-16, -1.000000000000000000 ) ) ;
#6553 = EDGE_CURVE ( 'NONE', #9734, #6080, #10005, .T. ) ;
#6554 = DIRECTION ( 'NONE',  ( 0.000000000000000000, 0.000000000000000000, 1.000000000000000000 ) ) ;
#6555 = VECTOR ( 'NONE', #7551, 1000.000000000000000 ) ;
#6556 = VERTEX_POINT ( 'NONE', #730 ) ;
#6557 = PLANE ( 'NONE',  #465 ) ;
#6558 = ORIENTED_EDGE ( 'NONE', *, *, #1929, .T. ) ;
#6559 = CARTESIAN_POINT ( 'NONE',  ( 51.62500000000000711, 7.500000000000000000, 19.49625977300367552 ) ) ;
#6560 = DIRECTION ( 'NONE',  ( -1.000000000000000000, -4.479964619998411121E-16, -1.284609183147281506E-16 ) ) ;
#6561 = DIRECTION ( 'NONE',  ( 0.000000000000000000, 0.000000000000000000, -1.000000000000000000 ) ) ;
#6562 = DIRECTION ( 'NONE',  ( 0.000000000000000000, -0.2756373558170040483, 0.9612616959383175619 ) ) ;
#6563 = VECTOR ( 'NONE', #4207, 1000.000000000000000 ) ;
#6564 = FACE_OUTER_BOUND ( 'NONE', #8125, .T. ) ;
#6565 = ORIENTED_EDGE ( 'NONE', *, *, #9669, .T. ) ;
#6566 = LINE ( 'NONE', #6780, #4409 ) ;
#6567 = EDGE_CURVE ( 'NONE', #6910, #7417, #3830, .T. ) ;
#6568 = EDGE_CURVE ( 'NONE', #1442, #3897, #1495, .T. ) ;
#6569 = LINE ( 'NONE', #5864, #6141 ) ;
#6570 = ORIENTED_EDGE ( 'NONE', *, *, #2435, .F. ) ;
#6571 = VECTOR ( 'NONE', #4139, 1000.000000000000000 ) ;
#6572 = CARTESIAN_POINT ( 'NONE',  ( 57.19185245480485946, 10.49999999999999822, -36.19185245480490920 ) ) ;
#6573 = VERTEX_POINT ( 'NONE', #10056 ) ;
#6574 = CARTESIAN_POINT ( 'NONE',  ( 17.45000000000000639, 10.80000000000000071, 0.5499999999996132427 ) ) ;
#6575 = FACE_OUTER_BOUND ( 'NONE', #7642, .T. ) ;
#6576 = CARTESIAN_POINT ( 'NONE',  ( 14.06738976402690788, -0.9965637948165171345, -32.06738976402728980 ) ) ;
#6577 = ORIENTED_EDGE ( 'NONE', *, *, #3643, .T. ) ;
#6578 = DIRECTION ( 'NONE',  ( 1.000000000000000000, 0.000000000000000000, 3.976443497941104043E-16 ) ) ;
#6579 = ORIENTED_EDGE ( 'NONE', *, *, #4592, .F. ) ;
#6580 = ORIENTED_EDGE ( 'NONE', *, *, #3121, .F. ) ;
#6581 = DIRECTION ( 'NONE',  ( 0.9612616959383174509, -0.2756373558170042704, 0.000000000000000000 ) ) ;
#6582 = VECTOR ( 'NONE', #5147, 1000.000000000000000 ) ;
#6583 = EDGE_CURVE ( 'NONE', #2344, #6510, #9392, .T. ) ;
#6584 = EDGE_CURVE ( 'NONE', #1664, #3291, #8570, .T. ) ;
#6585 = DIRECTION ( 'NONE',  ( 0.2756373558170042704, -0.9612616959383174509, 0.000000000000000000 ) ) ;
#6586 = EDGE_CURVE ( 'NONE', #9858, #9440, #6980, .T. ) ;
#6587 = CARTESIAN_POINT ( 'NONE',  ( 51.62500000000000711, 10.53731005528968723, 26.37467487046871284 ) ) ;
#6588 = AXIS2_PLACEMENT_3D ( 'NONE', #4631, #6216, #1878 ) ;
#6589 = CARTESIAN_POINT ( 'NONE',  ( -17.44999999999999929, 10.80000000000000071, 0.5499999999996132427 ) ) ;
#6590 = CARTESIAN_POINT ( 'NONE',  ( -53.45000000000000284, 7.500000000000000000, -35.45000000000003126 ) ) ;
#6591 = EDGE_LOOP ( 'NONE', ( #3247, #6066, #8684, #10051, #8792, #2984 ) ) ;
#6592 = ORIENTED_EDGE ( 'NONE', *, *, #1216, .T. ) ;
#6593 = VERTEX_POINT ( 'NONE', #5418 ) ;
#6594 = VERTEX_POINT ( 'NONE', #15 ) ;
#6595 = VECTOR ( 'NONE', #6281, 1000.000000000000114 ) ;
#6596 = LINE ( 'NONE', #1870, #8325 ) ;
#6597 = VECTOR ( 'NONE', #9121, 1000.000000000000000 ) ;
#6598 = DIRECTION ( 'NONE',  ( -1.000000000000000000, 0.000000000000000000, 0.000000000000000000 ) ) ;
#6599 = EDGE_CURVE ( 'NONE', #8989, #1442, #828, .T. ) ;
#6600 = DIRECTION ( 'NONE',  ( -0.000000000000000000, -0.000000000000000000, 1.000000000000000000 ) ) ;
#6601 = ORIENTED_EDGE ( 'NONE', *, *, #7164, .F. ) ;
#6602 = VECTOR ( 'NONE', #8283, 1000.000000000000000 ) ;
#6603 = DIRECTION ( 'NONE',  ( 0.5001519828512186461, 0.8323926831162090645, -0.2386847610229710648 ) ) ;
#6604 = LINE ( 'NONE', #5137, #6862 ) ;
#6605 = LINE ( 'NONE', #5139, #8966 ) ;
#6606 = DIRECTION ( 'NONE',  ( 0.000000000000000000, -0.2756373558170040483, 0.9612616959383175619 ) ) ;
#6607 = VECTOR ( 'NONE', #3241, 1000.000000000000000 ) ;
#6608 = ORIENTED_EDGE ( 'NONE', *, *, #2771, .T. ) ;
#6609 = LINE ( 'NONE', #9733, #9580 ) ;
#6610 = ORIENTED_EDGE ( 'NONE', *, *, #6977, .F. ) ;
#6611 = LINE ( 'NONE', #5853, #2998 ) ;
#6612 = LINE ( 'NONE', #7485, #2093 ) ;
#6613 = EDGE_CURVE ( 'NONE', #8902, #8976, #8523, .T. ) ;
#6614 = CARTESIAN_POINT ( 'NONE',  ( -18.75510628676862268, 10.08470937300049464, 9.755106286768237212 ) ) ;
#6615 = VECTOR ( 'NONE', #3413, 1000.000000000000114 ) ;
#6616 = LINE ( 'NONE', #2805, #7010 ) ;
#6617 = VECTOR ( 'NONE', #5502, 1000.000000000000227 ) ;
#6618 = LINE ( 'NONE', #3665, #4427 ) ;
#6619 = ORIENTED_EDGE ( 'NONE', *, *, #2527, .T. ) ;
#6620 = FACE_BOUND ( 'NONE', #9136, .T. ) ;
#6621 = LINE ( 'NONE', #9560, #1964 ) ;
#6622 = CARTESIAN_POINT ( 'NONE',  ( 16.50374022699593723, 7.500000000000000000, 0.000000000000000000 ) ) ;
#6623 = VECTOR ( 'NONE', #2600, 1000.000000000000000 ) ;
#6624 = AXIS2_PLACEMENT_3D ( 'NONE', #4772, #5342, #7725 ) ;
#6625 = PLANE ( 'NONE',  #9257 ) ;
#6626 = ORIENTED_EDGE ( 'NONE', *, *, #1377, .T. ) ;
#6627 = CARTESIAN_POINT ( 'NONE',  ( 53.44999999999999574, 86.52417351671579127, 35.44999999999998863 ) ) ;
#6628 = LINE ( 'NONE', #2062, #3366 ) ;
#6629 = EDGE_CURVE ( 'NONE', #5038, #4969, #9633, .T. ) ;
#6630 = CARTESIAN_POINT ( 'NONE',  ( -17.44999999999999929, 10.80000000000000071, -17.45000000000039009 ) ) ;
#6631 = ORIENTED_EDGE ( 'NONE', *, *, #3523, .T. ) ;
#6632 = ORIENTED_EDGE ( 'NONE', *, *, #3062, .T. ) ;
#6633 = CARTESIAN_POINT ( 'NONE',  ( -5.168701556196016542E-16, 8.566080860090828253, 34.80943399447237852 ) ) ;
#6634 = ORIENTED_EDGE ( 'NONE', *, *, #1998, .F. ) ;
#6635 = ORIENTED_EDGE ( 'NONE', *, *, #9144, .T. ) ;
#6636 = LINE ( 'NONE', #590, #4590 ) ;
#6637 = ORIENTED_EDGE ( 'NONE', *, *, #2688, .T. ) ;
#6638 = VECTOR ( 'NONE', #224, 1000.000000000000227 ) ;
#6639 = DIRECTION ( 'NONE',  ( -0.2657276780299913099, -0.9267025424900799946, 0.2657276780299913099 ) ) ;
#6640 = PLANE ( 'NONE',  #9898 ) ;
#6641 = CARTESIAN_POINT ( 'NONE',  ( -34.80943399447252062, 8.566080860090011129, -34.80943399447291142 ) ) ;
#6642 = ADVANCED_FACE ( 'NONE', ( #7223 ), #214, .F. ) ;
#6643 = CARTESIAN_POINT ( 'NONE',  ( -15.33839134370868962, 3.435945472310297788, -15.33839134370907686 ) ) ;
#6644 = PLANE ( 'NONE',  #4977 ) ;
#6645 = ORIENTED_EDGE ( 'NONE', *, *, #7359, .T. ) ;
#6646 = ORIENTED_EDGE ( 'NONE', *, *, #8173, .F. ) ;
#6647 = ADVANCED_FACE ( 'NONE', ( #3302 ), #7901, .F. ) ;
#6648 = ORIENTED_EDGE ( 'NONE', *, *, #8086, .T. ) ;
#6649 = CARTESIAN_POINT ( 'NONE',  ( 51.62500000000000711, 7.500000000000000000, -7.503740226996326257 ) ) ;
#6650 = CARTESIAN_POINT ( 'NONE',  ( -19.19056600552735503, 8.566080860090409033, 10.19056600552696956 ) ) ;
#6651 = DIRECTION ( 'NONE',  ( -0.000000000000000000, 0.000000000000000000, 1.000000000000000000 ) ) ;
#6652 = ORIENTED_EDGE ( 'NONE', *, *, #7457, .F. ) ;
#6653 = ORIENTED_EDGE ( 'NONE', *, *, #7933, .T. ) ;
#6654 = LINE ( 'NONE', #6550, #7737 ) ;
#6655 = EDGE_CURVE ( 'NONE', #7505, #9234, #2645, .T. ) ;
#6656 = EDGE_CURVE ( 'NONE', #521, #538, #2455, .T. ) ;
#6657 = DIRECTION ( 'NONE',  ( -1.000000000000000000, 0.000000000000000000, 0.000000000000000000 ) ) ;
#6658 = DIRECTION ( 'NONE',  ( 1.000000000000000000, 0.000000000000000000, 0.000000000000000000 ) ) ;
#6659 = LINE ( 'NONE', #1935, #1896 ) ;
#6660 = ORIENTED_EDGE ( 'NONE', *, *, #2349, .F. ) ;
#6661 = ORIENTED_EDGE ( 'NONE', *, *, #7330, .F. ) ;
#6662 = CARTESIAN_POINT ( 'NONE',  ( 36.54999999999999716, 10.80000000000000071, 35.44999999999961204 ) ) ;
#6663 = EDGE_LOOP ( 'NONE', ( #9650, #5248, #2983, #5035 ) ) ;
#6664 = LINE ( 'NONE', #9021, #9670 ) ;
#6665 = DIRECTION ( 'NONE',  ( -0.000000000000000000, -0.2756373558170023830, -0.9612616959383180060 ) ) ;
#6666 = VECTOR ( 'NONE', #630, 1000.000000000000000 ) ;
#6667 = EDGE_CURVE ( 'NONE', #5374, #6035, #3256, .T. ) ;
#6668 = CARTESIAN_POINT ( 'NONE',  ( -20.37499999999999645, 10.53731005528966236, 33.62499999999999289 ) ) ;
#6669 = CARTESIAN_POINT ( 'NONE',  ( 0.000000000000000000, 10.80000000000000071, -33.62500000000000000 ) ) ;
#6670 = DIRECTION ( 'NONE',  ( 0.000000000000000000, -0.000000000000000000, 1.000000000000000000 ) ) ;
#6671 = EDGE_LOOP ( 'NONE', ( #9940, #2798, #6852, #722 ) ) ;
#6672 = ORIENTED_EDGE ( 'NONE', *, *, #4914, .T. ) ;
#6673 = DIRECTION ( 'NONE',  ( -0.2756373558170042704, 0.9612616959383174509, 0.000000000000000000 ) ) ;
#6674 = DIRECTION ( 'NONE',  ( -0.5001519828512185351, 0.8323926831162089535, 0.2386847610229712591 ) ) ;
#6675 = VECTOR ( 'NONE', #1335, 1000.000000000000114 ) ;
#6676 = ADVANCED_FACE ( 'NONE', ( #5753 ), #8861, .F. ) ;
#6677 = DIRECTION ( 'NONE',  ( 0.000000000000000000, 0.000000000000000000, 1.000000000000000000 ) ) ;
#6678 = VERTEX_POINT ( 'NONE', #877 ) ;
#6679 = CARTESIAN_POINT ( 'NONE',  ( -18.54999999999999716, 10.80000000000000071, 35.44999999999961204 ) ) ;
#6680 = ORIENTED_EDGE ( 'NONE', *, *, #9403, .T. ) ;
#6681 = DIRECTION ( 'NONE',  ( -0.000000000000000000, -0.000000000000000000, -1.000000000000000000 ) ) ;
#6682 = DIRECTION ( 'NONE',  ( 0.000000000000000000, 0.000000000000000000, -1.000000000000000000 ) ) ;
#6683 = LINE ( 'NONE', #8218, #246 ) ;
#6684 = VECTOR ( 'NONE', #9171, 1000.000000000000000 ) ;
#6685 = ORIENTED_EDGE ( 'NONE', *, *, #752, .T. ) ;
#6686 = CARTESIAN_POINT ( 'NONE',  ( 20.37499999999998934, 10.53731005528972098, -33.62500000000000000 ) ) ;
#6687 = ORIENTED_EDGE ( 'NONE', *, *, #1522, .F. ) ;
#6688 = ORIENTED_EDGE ( 'NONE', *, *, #3707, .T. ) ;
#6689 = AXIS2_PLACEMENT_3D ( 'NONE', #2507, #9394, #931 ) ;
#6690 = DIRECTION ( 'NONE',  ( -1.000000000000000000, -0.000000000000000000, -0.000000000000000000 ) ) ;
#6691 = VERTEX_POINT ( 'NONE', #928 ) ;
#6692 = EDGE_CURVE ( 'NONE', #9458, #1288, #8766, .T. ) ;
#6693 = DIRECTION ( 'NONE',  ( 0.000000000000000000, -0.2756373558170042704, 0.9612616959383174509 ) ) ;
#6694 = LINE ( 'NONE', #2074, #3211 ) ;
#6695 = VECTOR ( 'NONE', #5168, 1000.000000000000000 ) ;
#6696 = CARTESIAN_POINT ( 'NONE',  ( -15.33839134370873580, 3.435945472310412363, 15.33839134370835389 ) ) ;
#6697 = VECTOR ( 'NONE', #7437, 1000.000000000000000 ) ;
#6698 = FACE_OUTER_BOUND ( 'NONE', #5360, .T. ) ;
#6699 = DIRECTION ( 'NONE',  ( 0.000000000000000000, 0.000000000000000000, -1.000000000000000000 ) ) ;
#6700 = ORIENTED_EDGE ( 'NONE', *, *, #459, .F. ) ;
#6701 = ORIENTED_EDGE ( 'NONE', *, *, #4410, .T. ) ;
#6702 = ORIENTED_EDGE ( 'NONE', *, *, #6353, .T. ) ;
#6703 = VERTEX_POINT ( 'NONE', #113 ) ;
#6704 = VECTOR ( 'NONE', #7087, 1000.000000000000114 ) ;
#6705 = DIRECTION ( 'NONE',  ( 1.000000000000000000, 0.000000000000000000, 0.000000000000000000 ) ) ;
#6706 = EDGE_CURVE ( 'NONE', #8995, #7221, #312, .T. ) ;
#6707 = ADVANCED_FACE ( 'NONE', ( #6328 ), #6469, .F. ) ;
#6708 = LINE ( 'NONE', #9060, #9514 ) ;
#6709 = CARTESIAN_POINT ( 'NONE',  ( 58.32322330470334748, 9.899999999999975486, 37.32322330470339011 ) ) ;
#6710 = ORIENTED_EDGE ( 'NONE', *, *, #6010, .T. ) ;
#6711 = EDGE_CURVE ( 'NONE', #3799, #9376, #5566, .T. ) ;
#6712 = ORIENTED_EDGE ( 'NONE', *, *, #6864, .T. ) ;
#6713 = CARTESIAN_POINT ( 'NONE',  ( -40.07937528197220445, 29.75245638442229534, -22.88452941702865573 ) ) ;
#6714 = CARTESIAN_POINT ( 'NONE',  ( -15.62500000000000711, 10.53731005528972098, -33.62500000000000000 ) ) ;
#6715 = LINE ( 'NONE', #9015, #5397 ) ;
#6716 = DIRECTION ( 'NONE',  ( -0.9612616959383174509, -0.2756373558170042704, 0.000000000000000000 ) ) ;
#6717 = EDGE_CURVE ( 'NONE', #3020, #5690, #5708, .T. ) ;
#6718 = EDGE_LOOP ( 'NONE', ( #9357, #2129, #9397, #6887 ) ) ;
#6719 = EDGE_CURVE ( 'NONE', #2847, #8989, #8814, .T. ) ;
#6720 = DIRECTION ( 'NONE',  ( 0.000000000000000000, -0.2756373558170040483, 0.9612616959383175619 ) ) ;
#6721 = VERTEX_POINT ( 'NONE', #7997 ) ;
#6722 = LINE ( 'NONE', #7323, #2575 ) ;
#6723 = LINE ( 'NONE', #9841, #6112 ) ;
#6724 = CARTESIAN_POINT ( 'NONE',  ( 20.37499999999998934, 10.80000000000000426, 26.44999999999961204 ) ) ;
#6725 = FACE_OUTER_BOUND ( 'NONE', #5337, .T. ) ;
#6726 = ORIENTED_EDGE ( 'NONE', *, *, #1844, .T. ) ;
#6727 = ORIENTED_EDGE ( 'NONE', *, *, #8822, .T. ) ;
#6728 = FACE_OUTER_BOUND ( 'NONE', #867, .T. ) ;
#6729 = DIRECTION ( 'NONE',  ( -0.000000000000000000, -0.000000000000000000, 1.000000000000000000 ) ) ;
#6730 = DIRECTION ( 'NONE',  ( 1.000000000000000000, 2.239982309999205560E-16, -6.423045915736408765E-17 ) ) ;
#6731 = VERTEX_POINT ( 'NONE', #8671 ) ;
#6732 = PLANE ( 'NONE',  #2731 ) ;
#6733 = ORIENTED_EDGE ( 'NONE', *, *, #1230, .T. ) ;
#6734 = DIRECTION ( 'NONE',  ( 0.000000000000000000, 0.9612616959383180060, -0.2756373558170021054 ) ) ;
#6735 = LINE ( 'NONE', #8217, #9565 ) ;
#6736 = VECTOR ( 'NONE', #149, 1000.000000000000000 ) ;
#6737 = DIRECTION ( 'NONE',  ( -0.7071067811865452413, -0.000000000000000000, 0.7071067811865497932 ) ) ;
#6738 = ORIENTED_EDGE ( 'NONE', *, *, #5364, .F. ) ;
#6739 = EDGE_CURVE ( 'NONE', #4549, #7673, #1026, .T. ) ;
#6740 = LINE ( 'NONE', #9962, #2859 ) ;
#6741 = ORIENTED_EDGE ( 'NONE', *, *, #4410, .F. ) ;
#6742 = ORIENTED_EDGE ( 'NONE', *, *, #2545, .T. ) ;
#6743 = CARTESIAN_POINT ( 'NONE',  ( 19.19056600552735148, 8.566080860090417914, -1.272127533929277047E-16 ) ) ;
#6744 = VECTOR ( 'NONE', #1170, 1000.000000000000114 ) ;
#6745 = DIRECTION ( 'NONE',  ( 0.9612616959383174509, -0.2756373558170042704, 0.000000000000000000 ) ) ;
#6746 = DIRECTION ( 'NONE',  ( 0.000000000000000000, -0.2756373558170042704, 0.9612616959383174509 ) ) ;
#6747 = PLANE ( 'NONE',  #450 ) ;
#6748 = LINE ( 'NONE', #2881, #3004 ) ;
#6749 = DIRECTION ( 'NONE',  ( 1.000000000000000000, 0.000000000000000000, 0.000000000000000000 ) ) ;
#6750 = EDGE_CURVE ( 'NONE', #4462, #4367, #1841, .T. ) ;
#6751 = VECTOR ( 'NONE', #5925, 1000.000000000000000 ) ;
#6752 = ORIENTED_EDGE ( 'NONE', *, *, #2326, .T. ) ;
#6753 = ORIENTED_EDGE ( 'NONE', *, *, #4117, .T. ) ;
#6754 = ORIENTED_EDGE ( 'NONE', *, *, #6372, .T. ) ;
#6755 = CARTESIAN_POINT ( 'NONE',  ( 8.449999999999999289, 10.80000000000000071, 35.44999999999961204 ) ) ;
#6756 = LINE ( 'NONE', #4470, #8844 ) ;
#6757 = VECTOR ( 'NONE', #2601, 1000.000000000000114 ) ;
#6758 = DIRECTION ( 'NONE',  ( 0.000000000000000000, -0.9612616959383180060, 0.2756373558170021054 ) ) ;
#6759 = VERTEX_POINT ( 'NONE', #8043 ) ;
#6760 = VECTOR ( 'NONE', #9496, 1000.000000000000114 ) ;
#6761 = EDGE_CURVE ( 'NONE', #6721, #7971, #4176, .T. ) ;
#6762 = EDGE_LOOP ( 'NONE', ( #4249, #7380, #8831, #6313 ) ) ;
#6763 = CARTESIAN_POINT ( 'NONE',  ( 53.44999999999999574, -11.50000000000000000, 35.44999999999998863 ) ) ;
#6764 = CARTESIAN_POINT ( 'NONE',  ( -38.73571359999211694, 22.25864506693676148, 26.58211138907227777 ) ) ;
#6765 = VECTOR ( 'NONE', #43, 1000.000000000000000 ) ;
#6766 = DIRECTION ( 'NONE',  ( 0.2657276780299911434, 0.9267025424900801056, 0.2657276780299911434 ) ) ;
#6767 = DIRECTION ( 'NONE',  ( 1.000000000000000000, 0.000000000000000000, 0.000000000000000000 ) ) ;
#6768 = ORIENTED_EDGE ( 'NONE', *, *, #8323, .T. ) ;
#6769 = VECTOR ( 'NONE', #8585, 1000.000000000000000 ) ;
#6770 = DIRECTION ( 'NONE',  ( 1.000000000000000000, 0.000000000000000000, 0.000000000000000000 ) ) ;
#6771 = ORIENTED_EDGE ( 'NONE', *, *, #7095, .F. ) ;
#6772 = EDGE_CURVE ( 'NONE', #7508, #7036, #4796, .T. ) ;
#6773 = DIRECTION ( 'NONE',  ( -1.000000000000000000, -0.000000000000000000, -0.000000000000000000 ) ) ;
#6774 = CARTESIAN_POINT ( 'NONE',  ( 0.000000000000000000, 7.500000000000000000, 28.49625977300367907 ) ) ;
#6775 = CARTESIAN_POINT ( 'NONE',  ( 0.000000000000000000, 7.500000000000000000, 7.503740226995549101 ) ) ;
#6776 = ORIENTED_EDGE ( 'NONE', *, *, #7669, .F. ) ;
#6777 = ORIENTED_EDGE ( 'NONE', *, *, #7614, .T. ) ;
#6778 = EDGE_CURVE ( 'NONE', #7794, #2522, #3559, .T. ) ;
#6779 = EDGE_CURVE ( 'NONE', #282, #3988, #6722, .T. ) ;
#6780 = CARTESIAN_POINT ( 'NONE',  ( -20.37499999999999645, 7.500000000000000000, 7.503740226995549101 ) ) ;
#6781 = VECTOR ( 'NONE', #7154, 1000.000000000000000 ) ;
#6782 = CARTESIAN_POINT ( 'NONE',  ( -39.93261023597309389, -0.9965637948165171345, -32.06738976402728980 ) ) ;
#6783 = DIRECTION ( 'NONE',  ( 1.000000000000000000, 0.000000000000000000, 0.000000000000000000 ) ) ;
#6784 = ORIENTED_EDGE ( 'NONE', *, *, #5275, .T. ) ;
#6785 = DIRECTION ( 'NONE',  ( -0.000000000000000000, -0.2756373558170040483, -0.9612616959383175619 ) ) ;
#6786 = ORIENTED_EDGE ( 'NONE', *, *, #4681, .F. ) ;
#6787 = AXIS2_PLACEMENT_3D ( 'NONE', #2903, #1374, #6770 ) ;
#6788 = CARTESIAN_POINT ( 'NONE',  ( 51.62500000000000000, 10.53731005528969078, -17.37467487046947667 ) ) ;
#6789 = CARTESIAN_POINT ( 'NONE',  ( -13.08484749617240972, 14.76483374945124893, 9.586897782955595915 ) ) ;
#6790 = VECTOR ( 'NONE', #5260, 1000.000000000000114 ) ;
#6791 = LINE ( 'NONE', #6034, #1873 ) ;
#6792 = ORIENTED_EDGE ( 'NONE', *, *, #6408, .F. ) ;
#6793 = PLANE ( 'NONE',  #4817 ) ;
#6794 = VERTEX_POINT ( 'NONE', #5908 ) ;
#6795 = ORIENTED_EDGE ( 'NONE', *, *, #8614, .T. ) ;
#6796 = EDGE_CURVE ( 'NONE', #5424, #4101, #9840, .T. ) ;
#6797 = ADVANCED_FACE ( 'NONE', ( #2746 ), #1171, .F. ) ;
#6798 = DIRECTION ( 'NONE',  ( 0.2657276780299897001, 0.9267025424900808828, 0.2657276780299897001 ) ) ;
#6799 = VECTOR ( 'NONE', #8829, 1000.000000000000114 ) ;
#6800 = VECTOR ( 'NONE', #6252, 1000.000000000000114 ) ;
#6801 = LINE ( 'NONE', #1245, #1246 ) ;
#6802 = LINE ( 'NONE', #4407, #5991 ) ;
#6803 = CARTESIAN_POINT ( 'NONE',  ( 15.62500000000000000, 10.80000000000000426, 8.449999999999617373 ) ) ;
#6804 = LINE ( 'NONE', #9106, #9200 ) ;
#6805 = AXIS2_PLACEMENT_3D ( 'NONE', #3944, #2317, #6892 ) ;
#6806 = CARTESIAN_POINT ( 'NONE',  ( -17.44999999999999929, 10.80000000000000071, -8.450000000000388312 ) ) ;
#6807 = EDGE_LOOP ( 'NONE', ( #9194, #6180, #619, #4967 ) ) ;
#6808 = ORIENTED_EDGE ( 'NONE', *, *, #3657, .F. ) ;
#6809 = ORIENTED_EDGE ( 'NONE', *, *, #9216, .F. ) ;
#6810 = DIRECTION ( 'NONE',  ( -1.000000000000000000, 0.000000000000000000, -0.000000000000000000 ) ) ;
#6811 = CARTESIAN_POINT ( 'NONE',  ( 48.93261023597309389, -0.9965637948165171345, -32.06738976402728980 ) ) ;
#6812 = VECTOR ( 'NONE', #4031, 999.9999999999998863 ) ;
#6813 = EDGE_CURVE ( 'NONE', #4299, #486, #6612, .T. ) ;
#6814 = FACE_OUTER_BOUND ( 'NONE', #8675, .T. ) ;
#6815 = ORIENTED_EDGE ( 'NONE', *, *, #8086, .F. ) ;
#6816 = LINE ( 'NONE', #9936, #3838 ) ;
#6817 = PLANE ( 'NONE',  #2463 ) ;
#6818 = LINE ( 'NONE', #3760, #7250 ) ;
#6819 = ADVANCED_FACE ( 'NONE', ( #515 ), #8145, .F. ) ;
#6820 = EDGE_LOOP ( 'NONE', ( #6243, #7817, #2759, #4171 ) ) ;
#6821 = FACE_OUTER_BOUND ( 'NONE', #8305, .T. ) ;
#6822 = VERTEX_POINT ( 'NONE', #3612 ) ;
#6823 = PLANE ( 'NONE',  #1559 ) ;
#6824 = CARTESIAN_POINT ( 'NONE',  ( 51.62500000000000000, 10.53731005528966236, 33.62500000000000000 ) ) ;
#6825 = LINE ( 'NONE', #5094, #9475 ) ;
#6826 = ORIENTED_EDGE ( 'NONE', *, *, #3960, .T. ) ;
#6827 = ORIENTED_EDGE ( 'NONE', *, *, #333, .F. ) ;
#6828 = CARTESIAN_POINT ( 'NONE',  ( 60.02027957955104398, 9.499999999999980460, 31.94921176768562177 ) ) ;
#6829 = LINE ( 'NONE', #3104, #6666 ) ;
#6830 = EDGE_CURVE ( 'NONE', #6051, #1735, #2045, .T. ) ;
#6831 = EDGE_CURVE ( 'NONE', #989, #3372, #9736, .T. ) ;
#6832 = VERTEX_POINT ( 'NONE', #8970 ) ;
#6833 = CARTESIAN_POINT ( 'NONE',  ( 53.44999999999999574, 10.80000000000000071, 0.5499999999996132427 ) ) ;
#6834 = ORIENTED_EDGE ( 'NONE', *, *, #8307, .T. ) ;
#6835 = FACE_OUTER_BOUND ( 'NONE', #3267, .T. ) ;
#6836 = DIRECTION ( 'NONE',  ( 0.000000000000000000, 0.000000000000000000, -1.000000000000000000 ) ) ;
#6837 = DIRECTION ( 'NONE',  ( -0.9612616959383174509, -0.2756373558170042704, 0.000000000000000000 ) ) ;
#6838 = ORIENTED_EDGE ( 'NONE', *, *, #167, .F. ) ;
#6839 = CARTESIAN_POINT ( 'NONE',  ( 44.45000000000000284, 10.80000000000000426, -33.62500000000000000 ) ) ;
#6840 = EDGE_LOOP ( 'NONE', ( #7536, #531, #2526, #10047 ) ) ;
#6841 = EDGE_LOOP ( 'NONE', ( #2034, #8582, #8539, #9407 ) ) ;
#6842 = CARTESIAN_POINT ( 'NONE',  ( 17.45000000000000639, 10.80000000000000071, -35.45000000000039364 ) ) ;
#6843 = ORIENTED_EDGE ( 'NONE', *, *, #3916, .F. ) ;
#6844 = AXIS2_PLACEMENT_3D ( 'NONE', #2962, #7648, #3724 ) ;
#6845 = DIRECTION ( 'NONE',  ( 1.000000000000000000, 0.000000000000000000, 0.000000000000000000 ) ) ;
#6846 = CARTESIAN_POINT ( 'NONE',  ( -34.80943399447275510, 8.566080860090824700, 34.80943399447236430 ) ) ;
#6847 = DIRECTION ( 'NONE',  ( 0.5000000000000058842, -0.7071067811865415775, -0.5000000000000026645 ) ) ;
#6848 = AXIS2_PLACEMENT_3D ( 'NONE', #1370, #4576, #4428 ) ;
#6849 = LINE ( 'NONE', #9819, #7878 ) ;
#6850 = CARTESIAN_POINT ( 'NONE',  ( -17.44999999999999929, 10.80000000000000071, -18.55000000000037730 ) ) ;
#6851 = VERTEX_POINT ( 'NONE', #1221 ) ;
#6852 = ORIENTED_EDGE ( 'NONE', *, *, #1693, .T. ) ;
#6853 = EDGE_CURVE ( 'NONE', #3055, #5978, #9681, .T. ) ;
#6854 = VERTEX_POINT ( 'NONE', #4383 ) ;
#6855 = ORIENTED_EDGE ( 'NONE', *, *, #815, .F. ) ;
#6856 = LINE ( 'NONE', #3699, #6369 ) ;
#6857 = AXIS2_PLACEMENT_3D ( 'NONE', #3486, #4314, #8079 ) ;
#6858 = VECTOR ( 'NONE', #2394, 1000.000000000000000 ) ;
#6859 = DIRECTION ( 'NONE',  ( -1.000000000000000000, 0.000000000000000000, 0.000000000000000000 ) ) ;
#6860 = DIRECTION ( 'NONE',  ( 0.4999999999999902855, -0.7071067811865670016, 0.4999999999999821254 ) ) ;
#6861 = CARTESIAN_POINT ( 'NONE',  ( 0.000000000000000000, 10.80000000000000071, 33.62500000000000000 ) ) ;
#6862 = VECTOR ( 'NONE', #8853, 1000.000000000000000 ) ;
#6863 = DIRECTION ( 'NONE',  ( 0.000000000000000000, -0.000000000000000000, 1.000000000000000000 ) ) ;
#6864 = EDGE_CURVE ( 'NONE', #2007, #4736, #2100, .T. ) ;
#6865 = CARTESIAN_POINT ( 'NONE',  ( 15.62500000000000000, 10.80000000000000426, -33.62500000000000000 ) ) ;
#6866 = CARTESIAN_POINT ( 'NONE',  ( 61.85875721063606392, 9.699999999999974420, -33.78768939877064525 ) ) ;
#6867 = VERTEX_POINT ( 'NONE', #407 ) ;
#6868 = CARTESIAN_POINT ( 'NONE',  ( 15.62500000000000000, 7.500000000000000000, 10.49625977300367907 ) ) ;
#6869 = ORIENTED_EDGE ( 'NONE', *, *, #6186, .T. ) ;
#6870 = FACE_OUTER_BOUND ( 'NONE', #2262, .T. ) ;
#6871 = CARTESIAN_POINT ( 'NONE',  ( -45.54999999999999005, 10.80000000000000426, 33.62499999999999289 ) ) ;
#6872 = ADVANCED_FACE ( 'NONE', ( #1277 ), #2803, .F. ) ;
#6873 = EDGE_LOOP ( 'NONE', ( #5802, #225, #8342, #9081 ) ) ;
#6874 = VERTEX_POINT ( 'NONE', #8306 ) ;
#6875 = DIRECTION ( 'NONE',  ( -0.8571673007021116675, 0.5150380749100552658, -8.388988656516919875E-17 ) ) ;
#6876 = PLANE ( 'NONE',  #8955 ) ;
#6877 = VERTEX_POINT ( 'NONE', #8100 ) ;
#6878 = DIRECTION ( 'NONE',  ( 1.000000000000000000, 0.000000000000000000, 0.000000000000000000 ) ) ;
#6879 = VERTEX_POINT ( 'NONE', #4228 ) ;
#6880 = PLANE ( 'NONE',  #6891 ) ;
#6881 = CARTESIAN_POINT ( 'NONE',  ( 16.80943399447264497, 8.566080860090400151, 0.000000000000000000 ) ) ;
#6882 = CARTESIAN_POINT ( 'NONE',  ( -51.62500000000000711, 10.80000000000000071, 0.000000000000000000 ) ) ;
#6883 = ORIENTED_EDGE ( 'NONE', *, *, #210, .F. ) ;
#6884 = EDGE_CURVE ( 'NONE', #1906, #1499, #359, .T. ) ;
#6885 = FACE_OUTER_BOUND ( 'NONE', #4453, .T. ) ;
#6886 = ORIENTED_EDGE ( 'NONE', *, *, #3492, .F. ) ;
#6887 = ORIENTED_EDGE ( 'NONE', *, *, #2237, .F. ) ;
#6888 = LINE ( 'NONE', #2362, #5227 ) ;
#6889 = ORIENTED_EDGE ( 'NONE', *, *, #3478, .T. ) ;
#6890 = CARTESIAN_POINT ( 'NONE',  ( -16.80943399447264497, 8.566080860090417914, -1.272127533929277047E-16 ) ) ;
#6891 = AXIS2_PLACEMENT_3D ( 'NONE', #2207, #2304, #2259 ) ;
#6892 = DIRECTION ( 'NONE',  ( -1.000000000000000000, 0.000000000000000000, 0.000000000000000000 ) ) ;
#6893 = PLANE ( 'NONE',  #10054 ) ;
#6894 = LINE ( 'NONE', #3127, #7882 ) ;
#6895 = DIRECTION ( 'NONE',  ( 0.2657276780299911434, -0.9267025424900801056, 0.2657276780299911434 ) ) ;
#6896 = EDGE_CURVE ( 'NONE', #5978, #5851, #5040, .T. ) ;
#6897 = ORIENTED_EDGE ( 'NONE', *, *, #6719, .T. ) ;
#6898 = ORIENTED_EDGE ( 'NONE', *, *, #3049, .F. ) ;
#6899 = VERTEX_POINT ( 'NONE', #4111 ) ;
#6900 = VECTOR ( 'NONE', #6097, 1000.000000000000000 ) ;
#6901 = ADVANCED_FACE ( 'NONE', ( #5789 ), #245, .F. ) ;
#6902 = FACE_OUTER_BOUND ( 'NONE', #1636, .T. ) ;
#6903 = LINE ( 'NONE', #1620, #2073 ) ;
#6904 = DIRECTION ( 'NONE',  ( 0.000000000000000000, 0.000000000000000000, 1.000000000000000000 ) ) ;
#6905 = AXIS2_PLACEMENT_3D ( 'NONE', #8287, #7517, #3637 ) ;
#6906 = LINE ( 'NONE', #10031, #5757 ) ;
#6907 = CARTESIAN_POINT ( 'NONE',  ( 51.62500000000000000, 10.80000000000000426, 33.62500000000000000 ) ) ;
#6908 = EDGE_CURVE ( 'NONE', #4539, #2058, #2678, .T. ) ;
#6909 = PLANE ( 'NONE',  #6848 ) ;
#6910 = VERTEX_POINT ( 'NONE', #6450 ) ;
#6911 = VECTOR ( 'NONE', #3936, 1000.000000000000114 ) ;
#6912 = LINE ( 'NONE', #2238, #9879 ) ;
#6913 = ORIENTED_EDGE ( 'NONE', *, *, #3492, .T. ) ;
#6914 = CARTESIAN_POINT ( 'NONE',  ( 8.449999999999999289, 10.80000000000000071, -35.45000000000039364 ) ) ;
#6915 = VECTOR ( 'NONE', #9578, 1000.000000000000000 ) ;
#6916 = CARTESIAN_POINT ( 'NONE',  ( -16.80943399447264852, 8.566080860090423243, 7.809433994472263940 ) ) ;
#6917 = CARTESIAN_POINT ( 'NONE',  ( -26.45000000000000284, 10.80000000000000071, -8.450000000000388312 ) ) ;
#6918 = CARTESIAN_POINT ( 'NONE',  ( -28.49625977300406277, 7.500000000000000000, 0.000000000000000000 ) ) ;
#6919 = ORIENTED_EDGE ( 'NONE', *, *, #2173, .F. ) ;
#6920 = EDGE_LOOP ( 'NONE', ( #8298, #7408, #4823, #8441 ) ) ;
#6921 = EDGE_CURVE ( 'NONE', #2301, #9099, #2538, .T. ) ;
#6922 = PLANE ( 'NONE',  #4885 ) ;
#6923 = CARTESIAN_POINT ( 'NONE',  ( 51.62500000000000000, 10.80000000000000071, 0.000000000000000000 ) ) ;
#6924 = VECTOR ( 'NONE', #2287, 1000.000000000000000 ) ;
#6925 = ORIENTED_EDGE ( 'NONE', *, *, #5223, .T. ) ;
#6926 = EDGE_CURVE ( 'NONE', #9607, #6499, #4874, .T. ) ;
#6927 = DIRECTION ( 'NONE',  ( -1.704238669762319663E-16, 0.5150380749100552658, -0.8571673007021116675 ) ) ;
#6928 = ORIENTED_EDGE ( 'NONE', *, *, #3351, .F. ) ;
#6929 = DIRECTION ( 'NONE',  ( 0.2657276780299913099, -0.9267025424900799946, 0.2657276780299913099 ) ) ;
#6930 = CARTESIAN_POINT ( 'NONE',  ( -62.00000000000000000, -11.50000000000000000, 41.00000000000000000 ) ) ;
#6931 = DIRECTION ( 'NONE',  ( -0.5001519828512185351, 0.8323926831162089535, 0.2386847610229712591 ) ) ;
#6932 = ORIENTED_EDGE ( 'NONE', *, *, #4234, .F. ) ;
#6933 = VECTOR ( 'NONE', #1352, 1000.000000000000227 ) ;
#6934 = DIRECTION ( 'NONE',  ( 0.5001519828512185351, -0.8323926831162089535, 0.2386847610229712591 ) ) ;
#6935 = ORIENTED_EDGE ( 'NONE', *, *, #6853, .T. ) ;
#6936 = ORIENTED_EDGE ( 'NONE', *, *, #8474, .T. ) ;
#6937 = DIRECTION ( 'NONE',  ( -0.5001519828512186461, 0.8323926831162090645, 0.2386847610229710648 ) ) ;
#6938 = ORIENTED_EDGE ( 'NONE', *, *, #3094, .T. ) ;
#6939 = EDGE_LOOP ( 'NONE', ( #2010, #4413, #1455, #5256 ) ) ;
#6940 = CARTESIAN_POINT ( 'NONE',  ( -53.44999999999999574, 10.80000000000000071, -27.55000000000038796 ) ) ;
#6941 = VECTOR ( 'NONE', #2587, 1000.000000000000114 ) ;
#6942 = ADVANCED_FACE ( 'NONE', ( #8897 ), #7306, .F. ) ;
#6943 = CARTESIAN_POINT ( 'NONE',  ( 15.62500000000000000, 10.80000000000000426, -17.45000000000039009 ) ) ;
#6944 = CARTESIAN_POINT ( 'NONE',  ( 61.43449314192414334, 7.500000000000000000, 33.36342533005872468 ) ) ;
#6945 = DIRECTION ( 'NONE',  ( -0.000000000000000000, -0.2756373558170040483, -0.9612616959383175619 ) ) ;
#6946 = CARTESIAN_POINT ( 'NONE',  ( 13.08484749617239729, 14.76483374945125071, 18.58689778295557815 ) ) ;
#6947 = ORIENTED_EDGE ( 'NONE', *, *, #3202, .F. ) ;
#6948 = VERTEX_POINT ( 'NONE', #7980 ) ;
#6949 = CARTESIAN_POINT ( 'NONE',  ( 19.49625977300405921, 7.500000000000000000, 0.000000000000000000 ) ) ;
#6950 = VECTOR ( 'NONE', #5174, 1000.000000000000114 ) ;
#6951 = EDGE_LOOP ( 'NONE', ( #766, #8048, #5472, #4708 ) ) ;
#6952 = VECTOR ( 'NONE', #8020, 1000.000000000000000 ) ;
#6953 = DIRECTION ( 'NONE',  ( 0.000000000000000000, -0.2756373558170042704, 0.9612616959383174509 ) ) ;
#6954 = CARTESIAN_POINT ( 'NONE',  ( 25.50374022699593368, 7.500000000000000000, -33.62500000000000000 ) ) ;
#6955 = EDGE_CURVE ( 'NONE', #4986, #2360, #964, .T. ) ;
#6956 = CARTESIAN_POINT ( 'NONE',  ( 7.809433994472525065, 8.566080860089998694, -34.80943399447291142 ) ) ;
#6957 = VECTOR ( 'NONE', #7700, 1000.000000000000114 ) ;
#6958 = VECTOR ( 'NONE', #9954, 1000.000000000000000 ) ;
#6959 = DIRECTION ( 'NONE',  ( -0.9612616959383174509, -0.2756373558170042704, 0.000000000000000000 ) ) ;
#6960 = ADVANCED_FACE ( 'NONE', ( #1008 ), #3240, .F. ) ;
#6961 = CARTESIAN_POINT ( 'NONE',  ( 51.62500000000000000, 10.80000000000000426, 27.54999999999960991 ) ) ;
#6962 = CARTESIAN_POINT ( 'NONE',  ( 0.000000000000000000, 7.500000000000000000, -34.50374022699632093 ) ) ;
#6963 = AXIS2_PLACEMENT_3D ( 'NONE', #4172, #7130, #9536 ) ;
#6964 = PLANE ( 'NONE',  #3040 ) ;
#6965 = ORIENTED_EDGE ( 'NONE', *, *, #7848, .T. ) ;
#6966 = DIRECTION ( 'NONE',  ( 0.5001519828512187571, 0.8323926831162092865, -0.2386847610229693439 ) ) ;
#6967 = EDGE_CURVE ( 'NONE', #449, #3033, #9476, .T. ) ;
#6968 = CARTESIAN_POINT ( 'NONE',  ( 16.80943399447264142, 8.566080860090405480, -16.80943399447302511 ) ) ;
#6969 = LINE ( 'NONE', #9283, #8153 ) ;
#6970 = ORIENTED_EDGE ( 'NONE', *, *, #5620, .F. ) ;
#6971 = VERTEX_POINT ( 'NONE', #5593 ) ;
#6972 = CARTESIAN_POINT ( 'NONE',  ( -0.6253251295309063540, 10.53731005528965881, 33.62500000000000000 ) ) ;
#6973 = CARTESIAN_POINT ( 'NONE',  ( -18.54999999999999716, 7.500000000000007105, -35.45000000000003837 ) ) ;
#6974 = EDGE_LOOP ( 'NONE', ( #9821, #4779, #9111, #347 ) ) ;
#6975 = DIRECTION ( 'NONE',  ( 0.000000000000000000, 0.8571673007021116675, 0.5150380749100552658 ) ) ;
#6976 = ORIENTED_EDGE ( 'NONE', *, *, #7492, .F. ) ;
#6977 = EDGE_CURVE ( 'NONE', #1478, #498, #9521, .T. ) ;
#6978 = EDGE_CURVE ( 'NONE', #8655, #8088, #1726, .T. ) ;
#6979 = LINE ( 'NONE', #1494, #4128 ) ;
#6980 = LINE ( 'NONE', #2305, #7273 ) ;
#6981 = LINE ( 'NONE', #687, #8552 ) ;
#6982 = ORIENTED_EDGE ( 'NONE', *, *, #7492, .T. ) ;
#6983 = DIRECTION ( 'NONE',  ( -0.2657276780299913099, -0.9267025424900799946, 0.2657276780299913099 ) ) ;
#6984 = VERTEX_POINT ( 'NONE', #4826 ) ;
#6985 = ORIENTED_EDGE ( 'NONE', *, *, #236, .T. ) ;
#6986 = LINE ( 'NONE', #21, #5411 ) ;
#6987 = ADVANCED_FACE ( 'NONE', ( #9570 ), #7935, .T. ) ;
#6988 = CARTESIAN_POINT ( 'NONE',  ( 15.62500000000000000, 10.80000000000000426, -33.62500000000000000 ) ) ;
#6989 = DIRECTION ( 'NONE',  ( -0.2756373558170042704, -0.9612616959383174509, 0.000000000000000000 ) ) ;
#6990 = ORIENTED_EDGE ( 'NONE', *, *, #9935, .T. ) ;
#6991 = EDGE_CURVE ( 'NONE', #9160, #889, #3437, .T. ) ;
#6992 = CARTESIAN_POINT ( 'NONE',  ( 28.49625977300405921, 7.500000000000000000, 0.000000000000000000 ) ) ;
#6993 = CARTESIAN_POINT ( 'NONE',  ( 28.49625977300405921, 7.500000000000000000, 0.000000000000000000 ) ) ;
#6994 = LINE ( 'NONE', #4513, #2542 ) ;
#6995 = ORIENTED_EDGE ( 'NONE', *, *, #1654, .T. ) ;
#6996 = ORIENTED_EDGE ( 'NONE', *, *, #1401, .F. ) ;
#6997 = VECTOR ( 'NONE', #8363, 1000.000000000000000 ) ;
#6998 = DIRECTION ( 'NONE',  ( -0.000000000000000000, -0.000000000000000000, -1.000000000000000000 ) ) ;
#6999 = ORIENTED_EDGE ( 'NONE', *, *, #3597, .T. ) ;
#7000 = ORIENTED_EDGE ( 'NONE', *, *, #7027, .T. ) ;
#7001 = ADVANCED_FACE ( 'NONE', ( #1826 ), #198, .F. ) ;
#7002 = LINE ( 'NONE', #3955, #3093 ) ;
#7003 = CARTESIAN_POINT ( 'NONE',  ( 54.49999999999999289, 10.80000000000000426, 36.49999999999959499 ) ) ;
#7004 = VECTOR ( 'NONE', #6089, 1000.000000000000000 ) ;
#7005 = CARTESIAN_POINT ( 'NONE',  ( -20.37499999999999645, 10.80000000000000426, -33.62500000000000711 ) ) ;
#7006 = DIRECTION ( 'NONE',  ( 0.000000000000000000, 0.000000000000000000, -1.000000000000000000 ) ) ;
#7007 = CARTESIAN_POINT ( 'NONE',  ( 52.80943399447263431, 8.566080860090414362, -10.19056600552774583 ) ) ;
#7008 = AXIS2_PLACEMENT_3D ( 'NONE', #8604, #7208, #3335 ) ;
#7009 = EDGE_CURVE ( 'NONE', #6948, #308, #296, .T. ) ;
#7010 = VECTOR ( 'NONE', #9739, 1000.000000000000000 ) ;
#7011 = EDGE_CURVE ( 'NONE', #1244, #2649, #5739, .T. ) ;
#7012 = CARTESIAN_POINT ( 'NONE',  ( 35.44999999999999574, 10.80000000000000071, 35.44999999999961204 ) ) ;
#7013 = ADVANCED_FACE ( 'NONE', ( #1107 ), #341, .F. ) ;
#7014 = DIRECTION ( 'NONE',  ( 0.5001519828512187571, -0.8323926831162092865, 0.2386847610229693439 ) ) ;
#7015 = EDGE_LOOP ( 'NONE', ( #2883, #2043, #4452, #6982 ) ) ;
#7016 = CARTESIAN_POINT ( 'NONE',  ( 19.49625977300406632, 7.500000000000000000, 0.000000000000000000 ) ) ;
#7017 = VECTOR ( 'NONE', #4199, 1000.000000000000114 ) ;
#7018 = AXIS2_PLACEMENT_3D ( 'NONE', #6918, #7740, #1440 ) ;
#7019 = CARTESIAN_POINT ( 'NONE',  ( -52.80943399447264852, 8.566080860090419691, 28.19056600552696068 ) ) ;
#7020 = LINE ( 'NONE', #969, #6858 ) ;
#7021 = ADVANCED_FACE ( 'NONE', ( #5946 ), #7358, .F. ) ;
#7022 = ORIENTED_EDGE ( 'NONE', *, *, #6408, .T. ) ;
#7023 = EDGE_LOOP ( 'NONE', ( #8472, #7022, #3075, #6019 ) ) ;
#7024 = CARTESIAN_POINT ( 'NONE',  ( -51.62500000000000711, 10.53731005528968367, 0.6253251295305186641 ) ) ;
#7025 = CARTESIAN_POINT ( 'NONE',  ( 61.43449314192414334, 10.49999999999999822, -33.36342533005872468 ) ) ;
#7026 = ADVANCED_FACE ( 'NONE', ( #8241 ), #392, .F. ) ;
#7027 = EDGE_CURVE ( 'NONE', #5701, #4463, #6708, .T. ) ;
#7028 = ORIENTED_EDGE ( 'NONE', *, *, #6026, .T. ) ;
#7029 = CARTESIAN_POINT ( 'NONE',  ( -8.449999999999999289, 10.80000000000000071, -35.45000000000039364 ) ) ;
#7030 = ORIENTED_EDGE ( 'NONE', *, *, #5519, .F. ) ;
#7031 = DIRECTION ( 'NONE',  ( -1.000000000000000000, -0.000000000000000000, -0.000000000000000000 ) ) ;
#7032 = DIRECTION ( 'NONE',  ( -0.000000000000000000, -1.000000000000000000, -0.000000000000000000 ) ) ;
#7033 = LINE ( 'NONE', #6882, #1062 ) ;
#7034 = DIRECTION ( 'NONE',  ( 0.000000000000000000, 0.000000000000000000, 1.000000000000000000 ) ) ;
#7035 = CARTESIAN_POINT ( 'NONE',  ( 0.000000000000000000, 7.500000000000000000, 34.50374022699554644 ) ) ;
#7036 = VERTEX_POINT ( 'NONE', #3487 ) ;
#7037 = ORIENTED_EDGE ( 'NONE', *, *, #516, .F. ) ;
#7038 = DIRECTION ( 'NONE',  ( 1.000000000000000000, 0.000000000000000000, 0.000000000000000000 ) ) ;
#7039 = EDGE_CURVE ( 'NONE', #6160, #2344, #2939, .T. ) ;
#7040 = LINE ( 'NONE', #986, #2549 ) ;
#7041 = CARTESIAN_POINT ( 'NONE',  ( 0.000000000000000000, 7.500000000000000000, -10.49625977300446067 ) ) ;
#7042 = VERTEX_POINT ( 'NONE', #1153 ) ;
#7043 = LINE ( 'NONE', #4657, #2717 ) ;
#7044 = FACE_OUTER_BOUND ( 'NONE', #2307, .T. ) ;
#7045 = FACE_OUTER_BOUND ( 'NONE', #2226, .T. ) ;
#7046 = ORIENTED_EDGE ( 'NONE', *, *, #1001, .F. ) ;
#7047 = VERTEX_POINT ( 'NONE', #1258 ) ;
#7048 = CARTESIAN_POINT ( 'NONE',  ( 40.07937528197219734, 29.75245638442229179, -31.88452941702864862 ) ) ;
#7049 = ORIENTED_EDGE ( 'NONE', *, *, #7470, .T. ) ;
#7050 = ORIENTED_EDGE ( 'NONE', *, *, #9989, .T. ) ;
#7051 = CARTESIAN_POINT ( 'NONE',  ( -53.44999999999999574, 10.80000000000000071, 26.44999999999961204 ) ) ;
#7052 = EDGE_CURVE ( 'NONE', #5929, #5232, #5128, .T. ) ;
#7053 = VECTOR ( 'NONE', #9769, 1000.000000000000000 ) ;
#7054 = CARTESIAN_POINT ( 'NONE',  ( -2.584350778095969559E-16, 8.566080860089988036, -34.80943399447291142 ) ) ;
#7055 = CARTESIAN_POINT ( 'NONE',  ( 0.000000000000000000, 7.500000000000000000, 1.496259773003681737 ) ) ;
#7056 = EDGE_CURVE ( 'NONE', #8828, #4765, #1313, .T. ) ;
#7057 = DIRECTION ( 'NONE',  ( -1.020425574104004246E-16, 0.000000000000000000, 1.000000000000000000 ) ) ;
#7058 = VECTOR ( 'NONE', #8383, 1000.000000000000227 ) ;
#7059 = DIRECTION ( 'NONE',  ( -0.2386847610229712868, -0.8323926831162090645, 0.5001519828512185351 ) ) ;
#7060 = LINE ( 'NONE', #5688, #2299 ) ;
#7061 = VECTOR ( 'NONE', #9309, 1000.000000000000000 ) ;
#7062 = DIRECTION ( 'NONE',  ( -0.2657276780299913099, 0.9267025424900799946, 0.2657276780299913099 ) ) ;
#7063 = ORIENTED_EDGE ( 'NONE', *, *, #8768, .F. ) ;
#7064 = ADVANCED_FACE ( 'NONE', ( #2730 ), #3702, .F. ) ;
#7065 = DIRECTION ( 'NONE',  ( -1.000000000000000000, 0.000000000000000000, 0.000000000000000000 ) ) ;
#7066 = FACE_OUTER_BOUND ( 'NONE', #180, .T. ) ;
#7067 = CARTESIAN_POINT ( 'NONE',  ( 20.37499999999998934, 10.53731005528972098, -33.62500000000000000 ) ) ;
#7068 = VECTOR ( 'NONE', #7701, 1000.000000000000000 ) ;
#7069 = DIRECTION ( 'NONE',  ( 0.000000000000000000, 0.000000000000000000, 1.000000000000000000 ) ) ;
#7070 = ORIENTED_EDGE ( 'NONE', *, *, #1135, .F. ) ;
#7071 = ORIENTED_EDGE ( 'NONE', *, *, #2163, .T. ) ;
#7072 = DIRECTION ( 'NONE',  ( 1.000000000000000000, 0.000000000000000000, 0.000000000000000000 ) ) ;
#7073 = DIRECTION ( 'NONE',  ( 0.000000000000000000, 0.000000000000000000, 1.000000000000000000 ) ) ;
#7074 = ORIENTED_EDGE ( 'NONE', *, *, #5607, .T. ) ;
#7075 = EDGE_CURVE ( 'NONE', #4735, #6678, #4266, .T. ) ;
#7076 = DIRECTION ( 'NONE',  ( 1.000000000000000000, 0.000000000000000000, 0.000000000000000000 ) ) ;
#7077 = EDGE_LOOP ( 'NONE', ( #9661, #9961, #3683, #7046 ) ) ;
#7078 = DIRECTION ( 'NONE',  ( 9.786874335553214321E-17, 0.000000000000000000, -1.000000000000000000 ) ) ;
#7079 = CARTESIAN_POINT ( 'NONE',  ( -32.06738976402689190, -0.9965637948165171345, -32.06738976402728980 ) ) ;
#7080 = ADVANCED_FACE ( 'NONE', ( #2836 ), #7473, .F. ) ;
#7081 = CARTESIAN_POINT ( 'NONE',  ( 42.26428640000786174, 22.25864506693678280, -26.58211138907231685 ) ) ;
#7082 = VECTOR ( 'NONE', #2712, 1000.000000000000227 ) ;
#7083 = DIRECTION ( 'NONE',  ( 0.000000000000000000, 0.000000000000000000, -1.000000000000000000 ) ) ;
#7084 = LINE ( 'NONE', #5711, #2689 ) ;
#7085 = ORIENTED_EDGE ( 'NONE', *, *, #10085, .T. ) ;
#7086 = ORIENTED_EDGE ( 'NONE', *, *, #9328, .F. ) ;
#7087 = DIRECTION ( 'NONE',  ( -0.2756373558170042704, -0.9612616959383174509, 0.000000000000000000 ) ) ;
#7088 = VECTOR ( 'NONE', #5136, 1000.000000000000114 ) ;
#7089 = DIRECTION ( 'NONE',  ( 1.000000000000000000, 0.000000000000000000, 0.000000000000000000 ) ) ;
#7090 = LINE ( 'NONE', #2655, #2256 ) ;
#7091 = ORIENTED_EDGE ( 'NONE', *, *, #9589, .F. ) ;
#7092 = DIRECTION ( 'NONE',  ( -0.000000000000000000, -0.2756373558170040483, -0.9612616959383175619 ) ) ;
#7093 = VECTOR ( 'NONE', #5296, 1000.000000000000000 ) ;
#7094 = PLANE ( 'NONE',  #4145 ) ;
#7095 = EDGE_CURVE ( 'NONE', #5626, #2413, #5076, .T. ) ;
#7096 = ADVANCED_FACE ( 'NONE', ( #5183 ), #607, .F. ) ;
#7097 = EDGE_LOOP ( 'NONE', ( #7037, #3179, #3300, #4210 ) ) ;
#7098 = ORIENTED_EDGE ( 'NONE', *, *, #3049, .T. ) ;
#7099 = VERTEX_POINT ( 'NONE', #6650 ) ;
#7100 = FACE_OUTER_BOUND ( 'NONE', #9173, .T. ) ;
#7101 = VERTEX_POINT ( 'NONE', #2786 ) ;
#7102 = DIRECTION ( 'NONE',  ( 1.000000000000000000, 0.000000000000000000, 0.000000000000000000 ) ) ;
#7103 = VECTOR ( 'NONE', #7297, 1000.000000000000000 ) ;
#7104 = LINE ( 'NONE', #6348, #4170 ) ;
#7105 = CARTESIAN_POINT ( 'NONE',  ( -20.37499999999999645, 7.500000000000000000, 28.49625977300367907 ) ) ;
#7106 = ADVANCED_FACE ( 'NONE', ( #4369 ), #8293, .T. ) ;
#7107 = LINE ( 'NONE', #1623, #8205 ) ;
#7108 = EDGE_CURVE ( 'NONE', #7443, #5424, #6756, .T. ) ;
#7109 = VECTOR ( 'NONE', #3027, 1000.000000000000227 ) ;
#7110 = VECTOR ( 'NONE', #3964, 1000.000000000000000 ) ;
#7111 = FACE_OUTER_BOUND ( 'NONE', #3068, .T. ) ;
#7112 = DIRECTION ( 'NONE',  ( -0.2657276780299913099, 0.9267025424900799946, 0.2657276780299913099 ) ) ;
#7113 = ADVANCED_FACE ( 'NONE', ( #2889 ), #2132, .F. ) ;
#7114 = CARTESIAN_POINT ( 'NONE',  ( 0.000000000000000000, 7.500000000000000000, -10.49625977300446067 ) ) ;
#7115 = VECTOR ( 'NONE', #7952, 1000.000000000000227 ) ;
#7116 = VECTOR ( 'NONE', #757, 1000.000000000000000 ) ;
#7117 = DIRECTION ( 'NONE',  ( -0.7071067811865452413, -0.000000000000000000, -0.7071067811865497932 ) ) ;
#7118 = ORIENTED_EDGE ( 'NONE', *, *, #7963, .F. ) ;
#7119 = PLANE ( 'NONE',  #3695 ) ;
#7120 = CARTESIAN_POINT ( 'NONE',  ( 15.62500000000000000, 10.53731005528968723, -0.6253251295312856062 ) ) ;
#7121 = CARTESIAN_POINT ( 'NONE',  ( -1.190566005527469606, 8.566080860089995141, -34.80943399447291142 ) ) ;
#7122 = AXIS2_PLACEMENT_3D ( 'NONE', #7799, #6927, #6975 ) ;
#7123 = ORIENTED_EDGE ( 'NONE', *, *, #5722, .T. ) ;
#7124 = VERTEX_POINT ( 'NONE', #8344 ) ;
#7125 = CARTESIAN_POINT ( 'NONE',  ( -2.584350778095989280E-16, 8.566080860089995141, -34.80943399447291142 ) ) ;
#7126 = EDGE_CURVE ( 'NONE', #4097, #102, #9804, .T. ) ;
#7127 = LINE ( 'NONE', #2547, #4073 ) ;
#7128 = VERTEX_POINT ( 'NONE', #6032 ) ;
#7129 = VECTOR ( 'NONE', #309, 1000.000000000000000 ) ;
#7130 = DIRECTION ( 'NONE',  ( 0.9612616959383174509, -0.2756373558170042704, 0.000000000000000000 ) ) ;
#7131 = ORIENTED_EDGE ( 'NONE', *, *, #4308, .F. ) ;
#7132 = DIRECTION ( 'NONE',  ( 1.000000000000000000, 0.000000000000000000, 0.000000000000000000 ) ) ;
#7133 = DIRECTION ( 'NONE',  ( 0.000000000000000000, 0.000000000000000000, -1.000000000000000000 ) ) ;
#7134 = LINE ( 'NONE', #9590, #9046 ) ;
#7135 = CARTESIAN_POINT ( 'NONE',  ( 20.37499999999998934, 10.80000000000000426, 18.54999999999960991 ) ) ;
#7136 = LINE ( 'NONE', #1030, #5468 ) ;
#7137 = VERTEX_POINT ( 'NONE', #9139 ) ;
#7138 = ORIENTED_EDGE ( 'NONE', *, *, #6234, .F. ) ;
#7139 = DIRECTION ( 'NONE',  ( 1.000000000000000000, 0.000000000000000000, 0.000000000000000000 ) ) ;
#7140 = EDGE_CURVE ( 'NONE', #3617, #9766, #3625, .T. ) ;
#7141 = EDGE_CURVE ( 'NONE', #9660, #9874, #9855, .T. ) ;
#7142 = DIRECTION ( 'NONE',  ( 0.4999999999999957256, 0.7071067811865535679, 0.4999999999999957256 ) ) ;
#7143 = EDGE_CURVE ( 'NONE', #1714, #1116, #2114, .T. ) ;
#7144 = DIRECTION ( 'NONE',  ( -0.5001519828512185351, -0.8323926831162089535, -0.2386847610229712591 ) ) ;
#7145 = ORIENTED_EDGE ( 'NONE', *, *, #3686, .T. ) ;
#7146 = LINE ( 'NONE', #9551, #5169 ) ;
#7147 = LINE ( 'NONE', #6576, #7726 ) ;
#7148 = ORIENTED_EDGE ( 'NONE', *, *, #107, .F. ) ;
#7149 = EDGE_LOOP ( 'NONE', ( #430, #7560, #6700, #2741 ) ) ;
#7150 = ORIENTED_EDGE ( 'NONE', *, *, #6245, .T. ) ;
#7151 = CARTESIAN_POINT ( 'NONE',  ( -20.37499999999999645, 10.80000000000000426, -33.62500000000000711 ) ) ;
#7152 = ORIENTED_EDGE ( 'NONE', *, *, #6110, .F. ) ;
#7153 = LINE ( 'NONE', #8544, #8789 ) ;
#7154 = DIRECTION ( 'NONE',  ( 1.000000000000000000, 0.000000000000000000, 0.000000000000000000 ) ) ;
#7155 = ADVANCED_FACE ( 'NONE', ( #7501 ), #532, .F. ) ;
#7156 = DIRECTION ( 'NONE',  ( -1.000000000000000000, 0.000000000000000000, 1.988221748970552022E-16 ) ) ;
#7157 = VECTOR ( 'NONE', #8980, 1000.000000000000227 ) ;
#7158 = LINE ( 'NONE', #143, #3650 ) ;
#7159 = EDGE_CURVE ( 'NONE', #1133, #9511, #2061, .T. ) ;
#7160 = ORIENTED_EDGE ( 'NONE', *, *, #7329, .F. ) ;
#7161 = LINE ( 'NONE', #147, #7985 ) ;
#7162 = VECTOR ( 'NONE', #8514, 1000.000000000000114 ) ;
#7163 = DIRECTION ( 'NONE',  ( -0.000000000000000000, -0.000000000000000000, 1.000000000000000000 ) ) ;
#7164 = EDGE_CURVE ( 'NONE', #10011, #2191, #2161, .T. ) ;
#7165 = CARTESIAN_POINT ( 'NONE',  ( 20.37499999999998934, 10.80000000000000071, 0.000000000000000000 ) ) ;
#7166 = VERTEX_POINT ( 'NONE', #5979 ) ;
#7167 = FACE_OUTER_BOUND ( 'NONE', #6840, .T. ) ;
#7168 = VECTOR ( 'NONE', #9582, 1000.000000000000000 ) ;
#7169 = AXIS2_PLACEMENT_3D ( 'NONE', #7690, #6168, #5407 ) ;
#7170 = PLANE ( 'NONE',  #4493 ) ;
#7171 = CARTESIAN_POINT ( 'NONE',  ( -15.62500000000000711, 7.500000000000000000, 28.49625977300367907 ) ) ;
#7172 = FACE_OUTER_BOUND ( 'NONE', #7468, .T. ) ;
#7173 = LINE ( 'NONE', #9487, #5549 ) ;
#7174 = EDGE_CURVE ( 'NONE', #5873, #5471, #5211, .T. ) ;
#7175 = AXIS2_PLACEMENT_3D ( 'NONE', #1104, #8794, #7305 ) ;
#7176 = VECTOR ( 'NONE', #4352, 1000.000000000000114 ) ;
#7177 = ORIENTED_EDGE ( 'NONE', *, *, #7075, .T. ) ;
#7178 = LINE ( 'NONE', #2451, #9089 ) ;
#7179 = EDGE_LOOP ( 'NONE', ( #3540, #5007, #7469, #433 ) ) ;
#7180 = AXIS2_PLACEMENT_3D ( 'NONE', #8410, #6670, #1993 ) ;
#7181 = FACE_OUTER_BOUND ( 'NONE', #1415, .T. ) ;
#7182 = CARTESIAN_POINT ( 'NONE',  ( -53.44999999999999574, 10.80000000000000071, -17.45000000000039009 ) ) ;
#7183 = ADVANCED_FACE ( 'NONE', ( #8321 ), #1951, .F. ) ;
#7184 = CARTESIAN_POINT ( 'NONE',  ( 61.85875721063606392, 9.699999999999974420, 33.78768939877064525 ) ) ;
#7185 = LINE ( 'NONE', #8816, #5239 ) ;
#7186 = LINE ( 'NONE', #8866, #3436 ) ;
#7187 = ORIENTED_EDGE ( 'NONE', *, *, #2044, .T. ) ;
#7188 = ORIENTED_EDGE ( 'NONE', *, *, #5965, .F. ) ;
#7189 = VECTOR ( 'NONE', #3618, 1000.000000000000000 ) ;
#7190 = LINE ( 'NONE', #936, #991 ) ;
#7191 = CARTESIAN_POINT ( 'NONE',  ( 0.000000000000000000, 7.500000000000000000, -7.503740226996326257 ) ) ;
#7192 = DIRECTION ( 'NONE',  ( -0.000000000000000000, -0.000000000000000000, 1.000000000000000000 ) ) ;
#7193 = VERTEX_POINT ( 'NONE', #583 ) ;
#7194 = CARTESIAN_POINT ( 'NONE',  ( -53.44999999999999574, 10.80000000000000071, 26.44999999999961204 ) ) ;
#7195 = EDGE_CURVE ( 'NONE', #336, #973, #5052, .T. ) ;
#7196 = LINE ( 'NONE', #227, #9367 ) ;
#7197 = ORIENTED_EDGE ( 'NONE', *, *, #6656, .T. ) ;
#7198 = ORIENTED_EDGE ( 'NONE', *, *, #1449, .F. ) ;
#7199 = ORIENTED_EDGE ( 'NONE', *, *, #8475, .T. ) ;
#7200 = LINE ( 'NONE', #7295, #1166 ) ;
#7201 = DIRECTION ( 'NONE',  ( -1.000000000000000000, 0.000000000000000000, 0.000000000000000000 ) ) ;
#7202 = LINE ( 'NONE', #7927, #6133 ) ;
#7203 = LINE ( 'NONE', #8840, #5654 ) ;
#7204 = EDGE_CURVE ( 'NONE', #2433, #4637, #3572, .T. ) ;
#7205 = CARTESIAN_POINT ( 'NONE',  ( -15.62500000000000711, 10.80000000000000071, 0.000000000000000000 ) ) ;
#7206 = EDGE_LOOP ( 'NONE', ( #5261, #8067, #573, #1516 ) ) ;
#7207 = EDGE_CURVE ( 'NONE', #1298, #6594, #4292, .T. ) ;
#7208 = DIRECTION ( 'NONE',  ( 0.000000000000000000, -0.2756373558170021609, 0.9612616959383181170 ) ) ;
#7209 = DIRECTION ( 'NONE',  ( -0.000000000000000000, 0.000000000000000000, 1.000000000000000000 ) ) ;
#7210 = CARTESIAN_POINT ( 'NONE',  ( -20.37499999999999645, 10.80000000000000426, -26.45000000000038298 ) ) ;
#7211 = ORIENTED_EDGE ( 'NONE', *, *, #2338, .T. ) ;
#7212 = VECTOR ( 'NONE', #8080, 1000.000000000000000 ) ;
#7213 = CARTESIAN_POINT ( 'NONE',  ( 26.45000000000000284, 10.80000000000000426, 33.62500000000000000 ) ) ;
#7214 = FACE_OUTER_BOUND ( 'NONE', #4054, .T. ) ;
#7215 = CARTESIAN_POINT ( 'NONE',  ( 9.550000000000002487, 10.80000000000000071, -0.5500000000003835154 ) ) ;
#7216 = DIRECTION ( 'NONE',  ( 0.000000000000000000, 0.000000000000000000, 1.000000000000000000 ) ) ;
#7217 = AXIS2_PLACEMENT_3D ( 'NONE', #7781, #6959, #808 ) ;
#7218 = DIRECTION ( 'NONE',  ( 0.000000000000000000, -1.628809415300402958E-16, -1.000000000000000000 ) ) ;
#7219 = ORIENTED_EDGE ( 'NONE', *, *, #9275, .F. ) ;
#7220 = CARTESIAN_POINT ( 'NONE',  ( 20.37499999999998934, 7.500000000000000000, -7.503740226996326257 ) ) ;
#7221 = VERTEX_POINT ( 'NONE', #3464 ) ;
#7222 = DIRECTION ( 'NONE',  ( -0.9612616959383174509, -0.2756373558170042704, 0.000000000000000000 ) ) ;
#7223 = FACE_OUTER_BOUND ( 'NONE', #9449, .T. ) ;
#7224 = VECTOR ( 'NONE', #3732, 1000.000000000000000 ) ;
#7225 = CARTESIAN_POINT ( 'NONE',  ( 51.62500000000000000, 10.53731005528968012, 27.62532512953051267 ) ) ;
#7226 = LINE ( 'NONE', #3213, #8979 ) ;
#7227 = CARTESIAN_POINT ( 'NONE',  ( 18.54999999999999716, 10.80000000000000071, 9.549999999999611688 ) ) ;
#7228 = VERTEX_POINT ( 'NONE', #9749 ) ;
#7229 = ORIENTED_EDGE ( 'NONE', *, *, #2799, .T. ) ;
#7230 = CARTESIAN_POINT ( 'NONE',  ( -20.37499999999999645, 10.53731005528968723, -33.62500000000000711 ) ) ;
#7231 = EDGE_CURVE ( 'NONE', #3320, #3054, #4447, .T. ) ;
#7232 = VECTOR ( 'NONE', #8456, 1000.000000000000114 ) ;
#7233 = LINE ( 'NONE', #2465, #9724 ) ;
#7234 = CARTESIAN_POINT ( 'NONE',  ( 10.49999999999997868, 0.000000000000000000, 10.49999999999997868 ) ) ;
#7235 = VERTEX_POINT ( 'NONE', #5868 ) ;
#7236 = DIRECTION ( 'NONE',  ( 0.2657276780299913099, 0.9267025424900799946, 0.2657276780299913099 ) ) ;
#7237 = VECTOR ( 'NONE', #326, 1000.000000000000000 ) ;
#7238 = FACE_OUTER_BOUND ( 'NONE', #691, .T. ) ;
#7239 = VERTEX_POINT ( 'NONE', #6574 ) ;
#7240 = ORIENTED_EDGE ( 'NONE', *, *, #3218, .T. ) ;
#7241 = VERTEX_POINT ( 'NONE', #6788 ) ;
#7242 = AXIS2_PLACEMENT_3D ( 'NONE', #5899, #8190, #453 ) ;
#7243 = ORIENTED_EDGE ( 'NONE', *, *, #3811, .T. ) ;
#7244 = ORIENTED_EDGE ( 'NONE', *, *, #3340, .T. ) ;
#7245 = DIRECTION ( 'NONE',  ( 0.000000000000000000, 0.000000000000000000, -1.000000000000000000 ) ) ;
#7246 = ORIENTED_EDGE ( 'NONE', *, *, #4269, .F. ) ;
#7247 = EDGE_CURVE ( 'NONE', #4108, #3623, #4343, .T. ) ;
#7248 = VERTEX_POINT ( 'NONE', #3518 ) ;
#7249 = CARTESIAN_POINT ( 'NONE',  ( -18.54999999999999716, 10.80000000000000071, 17.44999999999961560 ) ) ;
#7250 = VECTOR ( 'NONE', #8451, 1000.000000000000000 ) ;
#7251 = DIRECTION ( 'NONE',  ( -1.988221748970552022E-16, 0.000000000000000000, -1.000000000000000000 ) ) ;
#7252 = DIRECTION ( 'NONE',  ( -0.2756373558170042704, -0.9612616959383174509, 0.000000000000000000 ) ) ;
#7253 = VERTEX_POINT ( 'NONE', #2815 ) ;
#7254 = ORIENTED_EDGE ( 'NONE', *, *, #5531, .F. ) ;
#7255 = VECTOR ( 'NONE', #187, 1000.000000000000000 ) ;
#7256 = DIRECTION ( 'NONE',  ( 1.000000000000000000, 0.000000000000000000, -1.988221748970552022E-16 ) ) ;
#7257 = EDGE_CURVE ( 'NONE', #1167, #2958, #5104, .T. ) ;
#7258 = DIRECTION ( 'NONE',  ( 0.000000000000000000, 0.000000000000000000, 1.000000000000000000 ) ) ;
#7259 = PLANE ( 'NONE',  #4345 ) ;
#7260 = ORIENTED_EDGE ( 'NONE', *, *, #9455, .F. ) ;
#7261 = EDGE_CURVE ( 'NONE', #1340, #3237, #9037, .T. ) ;
#7262 = VECTOR ( 'NONE', #5450, 1000.000000000000000 ) ;
#7263 = CARTESIAN_POINT ( 'NONE',  ( 61.85875721063607102, 9.899999999999975486, 33.78768939877064525 ) ) ;
#7264 = FACE_OUTER_BOUND ( 'NONE', #5987, .T. ) ;
#7265 = DIRECTION ( 'NONE',  ( 0.000000000000000000, 0.000000000000000000, -1.000000000000000000 ) ) ;
#7266 = VECTOR ( 'NONE', #5053, 1000.000000000000000 ) ;
#7267 = VECTOR ( 'NONE', #436, 1000.000000000000114 ) ;
#7268 = PLANE ( 'NONE',  #671 ) ;
#7269 = ORIENTED_EDGE ( 'NONE', *, *, #7685, .F. ) ;
#7270 = ADVANCED_FACE ( 'NONE', ( #1291 ), #4746, .F. ) ;
#7271 = LINE ( 'NONE', #874, #5671 ) ;
#7272 = EDGE_LOOP ( 'NONE', ( #6869, #604, #1103, #8520 ) ) ;
#7273 = VECTOR ( 'NONE', #2407, 1000.000000000000000 ) ;
#7274 = PLANE ( 'NONE',  #3474 ) ;
#7275 = DIRECTION ( 'NONE',  ( -1.000000000000000000, 0.000000000000000000, -3.976443497941104043E-16 ) ) ;
#7276 = VECTOR ( 'NONE', #4902, 1000.000000000000000 ) ;
#7277 = PLANE ( 'NONE',  #8051 ) ;
#7278 = LINE ( 'NONE', #6669, #6370 ) ;
#7279 = CARTESIAN_POINT ( 'NONE',  ( -18.54999999999999716, 86.52417351671579127, -35.45000000000003837 ) ) ;
#7280 = ORIENTED_EDGE ( 'NONE', *, *, #6908, .T. ) ;
#7281 = ORIENTED_EDGE ( 'NONE', *, *, #1248, .F. ) ;
#7282 = CARTESIAN_POINT ( 'NONE',  ( -7.503740226995931017, 7.500000000000000000, 33.62500000000000000 ) ) ;
#7283 = AXIS2_PLACEMENT_3D ( 'NONE', #9630, #4432, #5750 ) ;
#7284 = EDGE_CURVE ( 'NONE', #9305, #6971, #6177, .T. ) ;
#7285 = CARTESIAN_POINT ( 'NONE',  ( 55.00000000000000000, -11.50000000000000000, -41.00000000000000000 ) ) ;
#7286 = ORIENTED_EDGE ( 'NONE', *, *, #7141, .T. ) ;
#7287 = LINE ( 'NONE', #321, #9263 ) ;
#7288 = ORIENTED_EDGE ( 'NONE', *, *, #3283, .F. ) ;
#7289 = PLANE ( 'NONE',  #780 ) ;
#7290 = LINE ( 'NONE', #324, #84 ) ;
#7291 = VERTEX_POINT ( 'NONE', #6081 ) ;
#7292 = CARTESIAN_POINT ( 'NONE',  ( 20.37499999999998934, 10.80000000000000071, 0.000000000000000000 ) ) ;
#7293 = ORIENTED_EDGE ( 'NONE', *, *, #806, .T. ) ;
#7294 = ORIENTED_EDGE ( 'NONE', *, *, #3791, .F. ) ;
#7295 = CARTESIAN_POINT ( 'NONE',  ( 53.44999999999999574, 7.500000000000000000, -35.45000000000003126 ) ) ;
#7296 = ORIENTED_EDGE ( 'NONE', *, *, #9343, .F. ) ;
#7297 = DIRECTION ( 'NONE',  ( 1.000000000000000000, 0.000000000000000000, 0.000000000000000000 ) ) ;
#7298 = ADVANCED_FACE ( 'NONE', ( #5417 ), #60, .F. ) ;
#7299 = LINE ( 'NONE', #9466, #2088 ) ;
#7300 = DIRECTION ( 'NONE',  ( -0.000000000000000000, -0.000000000000000000, -1.000000000000000000 ) ) ;
#7301 = ADVANCED_FACE ( 'NONE', ( #3112 ), #3063, .F. ) ;
#7302 = VERTEX_POINT ( 'NONE', #6129 ) ;
#7303 = EDGE_LOOP ( 'NONE', ( #3066, #6533, #4382, #3973 ) ) ;
#7304 = VERTEX_POINT ( 'NONE', #10055 ) ;
#7305 = DIRECTION ( 'NONE',  ( 0.000000000000000000, 0.000000000000000000, -1.000000000000000000 ) ) ;
#7306 = PLANE ( 'NONE',  #7545 ) ;
#7307 = DIRECTION ( 'NONE',  ( 0.000000000000000000, 0.000000000000000000, -1.000000000000000000 ) ) ;
#7308 = ORIENTED_EDGE ( 'NONE', *, *, #792, .F. ) ;
#7309 = EDGE_CURVE ( 'NONE', #8993, #8236, #1450, .T. ) ;
#7310 = VERTEX_POINT ( 'NONE', #3156 ) ;
#7311 = ADVANCED_FACE ( 'NONE', ( #4545 ), #8522, .F. ) ;
#7312 = CARTESIAN_POINT ( 'NONE',  ( 51.62500000000000000, 10.53731005528968367, 9.625325129530521551 ) ) ;
#7313 = DIRECTION ( 'NONE',  ( 0.9612616959383174509, -0.2756373558170042704, 0.000000000000000000 ) ) ;
#7314 = VECTOR ( 'NONE', #7201, 1000.000000000000000 ) ;
#7315 = CARTESIAN_POINT ( 'NONE',  ( 0.000000000000000000, 7.500000000000000000, -10.49625977300446067 ) ) ;
#7316 = PLANE ( 'NONE',  #1418 ) ;
#7317 = ORIENTED_EDGE ( 'NONE', *, *, #9993, .T. ) ;
#7318 = ORIENTED_EDGE ( 'NONE', *, *, #4514, .F. ) ;
#7319 = VECTOR ( 'NONE', #4998, 1000.000000000000000 ) ;
#7320 = DIRECTION ( 'NONE',  ( 0.000000000000000000, 0.000000000000000000, 1.000000000000000000 ) ) ;
#7321 = ORIENTED_EDGE ( 'NONE', *, *, #6065, .T. ) ;
#7322 = CARTESIAN_POINT ( 'NONE',  ( -14.06738976402690078, -0.9965637948165171345, -32.06738976402728980 ) ) ;
#7323 = CARTESIAN_POINT ( 'NONE',  ( 13.08484749617240261, 14.76483374945124538, -8.413102217044416520 ) ) ;
#7324 = ADVANCED_FACE ( 'NONE', ( #6835 ), #3729, .F. ) ;
#7325 = LINE ( 'NONE', #978, #5780 ) ;
#7326 = CARTESIAN_POINT ( 'NONE',  ( -28.49625977300406277, 7.500000000000000000, -33.62500000000000711 ) ) ;
#7327 = LINE ( 'NONE', #217, #2380 ) ;
#7328 = VERTEX_POINT ( 'NONE', #6276 ) ;
#7329 = EDGE_CURVE ( 'NONE', #7720, #8479, #4644, .T. ) ;
#7330 = EDGE_CURVE ( 'NONE', #7652, #6731, #8467, .T. ) ;
#7331 = DIRECTION ( 'NONE',  ( 0.5001519828512186461, -0.8323926831162090645, 0.2386847610229710648 ) ) ;
#7332 = AXIS2_PLACEMENT_3D ( 'NONE', #1637, #3976, #7072 ) ;
#7333 = VECTOR ( 'NONE', #8103, 1000.000000000000114 ) ;
#7334 = CARTESIAN_POINT ( 'NONE',  ( -57.99999999999999289, 9.499999999999998224, 8.000000000000000000 ) ) ;
#7335 = CARTESIAN_POINT ( 'NONE',  ( -20.37499999999999645, 10.80000000000000426, -18.55000000000037730 ) ) ;
#7336 = ORIENTED_EDGE ( 'NONE', *, *, #7640, .F. ) ;
#7337 = FILL_AREA_STYLE_COLOUR ( '', #1917 ) ;
#7338 = AXIS2_PLACEMENT_3D ( 'NONE', #4271, #454, #6551 ) ;
#7339 = CARTESIAN_POINT ( 'NONE',  ( -18.54999999999999716, -11.50000000000000000, -35.45000000000003837 ) ) ;
#7340 = ORIENTED_EDGE ( 'NONE', *, *, #2173, .T. ) ;
#7341 = PLANE ( 'NONE',  #754 ) ;
#7342 = ORIENTED_EDGE ( 'NONE', *, *, #3812, .T. ) ;
#7343 = VERTEX_POINT ( 'NONE', #9245 ) ;
#7344 = VECTOR ( 'NONE', #4487, 1000.000000000000000 ) ;
#7345 = ADVANCED_FACE ( 'NONE', ( #1541 ), #6880, .F. ) ;
#7346 = CARTESIAN_POINT ( 'NONE',  ( 51.62500000000000000, 10.53731005528968723, -9.625325129531296042 ) ) ;
#7347 = ORIENTED_EDGE ( 'NONE', *, *, #4784, .T. ) ;
#7348 = LINE ( 'NONE', #2772, #6933 ) ;
#7349 = CARTESIAN_POINT ( 'NONE',  ( -17.45000000000000639, 7.500000000000000000, -35.45000000000002416 ) ) ;
#7350 = PLANE ( 'NONE',  #1050 ) ;
#7351 = CARTESIAN_POINT ( 'NONE',  ( 18.11960549692769007, 12.30096400656400846, -27.11960549692808087 ) ) ;
#7352 = EDGE_LOOP ( 'NONE', ( #7085, #10059, #4483, #2663 ) ) ;
#7353 = ORIENTED_EDGE ( 'NONE', *, *, #9770, .F. ) ;
#7354 = EDGE_LOOP ( 'NONE', ( #3416, #6170, #4556, #4656 ) ) ;
#7355 = ORIENTED_EDGE ( 'NONE', *, *, #9707, .T. ) ;
#7356 = PLANE ( 'NONE',  #688 ) ;
#7357 = ORIENTED_EDGE ( 'NONE', *, *, #4681, .T. ) ;
#7358 = PLANE ( 'NONE',  #234 ) ;
#7359 = EDGE_CURVE ( 'NONE', #4887, #2491, #6979, .T. ) ;
#7360 = EDGE_CURVE ( 'NONE', #3797, #889, #4598, .T. ) ;
#7361 = CARTESIAN_POINT ( 'NONE',  ( -52.80943399447264852, 8.566080860090417914, -1.272127533929277047E-16 ) ) ;
#7362 = ORIENTED_EDGE ( 'NONE', *, *, #3407, .T. ) ;
#7363 = ORIENTED_EDGE ( 'NONE', *, *, #9520, .T. ) ;
#7364 = DIRECTION ( 'NONE',  ( 1.000000000000000000, 2.239982309999205560E-16, -6.423045915736408765E-17 ) ) ;
#7365 = LINE ( 'NONE', #5900, #851 ) ;
#7366 = DIRECTION ( 'NONE',  ( 0.000000000000000000, -1.628809415300402958E-16, -1.000000000000000000 ) ) ;
#7367 = DIRECTION ( 'NONE',  ( -3.469446951953605354E-14, -1.000000000000000000, -0.000000000000000000 ) ) ;
#7368 = EDGE_LOOP ( 'NONE', ( #5059, #5810, #2764, #3748 ) ) ;
#7369 = EDGE_CURVE ( 'NONE', #3109, #7101, #3829, .T. ) ;
#7370 = AXIS2_PLACEMENT_3D ( 'NONE', #9617, #4065, #2586 ) ;
#7371 = ORIENTED_EDGE ( 'NONE', *, *, #1639, .F. ) ;
#7372 = DIRECTION ( 'NONE',  ( 0.2386847610229712591, -0.8323926831162089535, -0.5001519828512186461 ) ) ;
#7373 = ORIENTED_EDGE ( 'NONE', *, *, #3918, .T. ) ;
#7374 = CARTESIAN_POINT ( 'NONE',  ( -51.62500000000000711, 10.80000000000000426, 9.549999999999611688 ) ) ;
#7375 = CARTESIAN_POINT ( 'NONE',  ( 15.62500000000000000, 10.53731005528968723, -33.62500000000000000 ) ) ;
#7376 = DIRECTION ( 'NONE',  ( -0.2657276780299897001, 0.9267025424900808828, 0.2657276780299897001 ) ) ;
#7377 = FACE_OUTER_BOUND ( 'NONE', #7352, .T. ) ;
#7378 = VECTOR ( 'NONE', #9984, 1000.000000000000114 ) ;
#7379 = DIRECTION ( 'NONE',  ( 1.000000000000000000, 0.000000000000000000, -1.988221748970552022E-16 ) ) ;
#7380 = ORIENTED_EDGE ( 'NONE', *, *, #3351, .T. ) ;
#7381 = CARTESIAN_POINT ( 'NONE',  ( 60.72738636073759011, 10.49999999999999822, 32.65631854887217145 ) ) ;
#7382 = CARTESIAN_POINT ( 'NONE',  ( 57.89895923599141980, 10.49999999999999822, 36.89895923599146954 ) ) ;
#7383 = ADVANCED_FACE ( 'NONE', ( #5465 ), #8569, .F. ) ;
#7384 = LINE ( 'NONE', #1948, #1586 ) ;
#7385 = VECTOR ( 'NONE', #8634, 1000.000000000000000 ) ;
#7386 = DIRECTION ( 'NONE',  ( 1.000000000000000000, 0.000000000000000000, 0.000000000000000000 ) ) ;
#7387 = ORIENTED_EDGE ( 'NONE', *, *, #3340, .F. ) ;
#7388 = EDGE_CURVE ( 'NONE', #6149, #3965, #827, .T. ) ;
#7389 = DIRECTION ( 'NONE',  ( 0.000000000000000000, -0.000000000000000000, 1.000000000000000000 ) ) ;
#7390 = CARTESIAN_POINT ( 'NONE',  ( 0.000000000000000000, 7.500000000000000000, 34.50374022699554644 ) ) ;
#7391 = CARTESIAN_POINT ( 'NONE',  ( -26.45000000000000284, 10.80000000000000071, 35.44999999999961204 ) ) ;
#7392 = ORIENTED_EDGE ( 'NONE', *, *, #5257, .T. ) ;
#7393 = ORIENTED_EDGE ( 'NONE', *, *, #8126, .F. ) ;
#7394 = CARTESIAN_POINT ( 'NONE',  ( -18.54999999999999716, 10.80000000000000071, -9.550000000000384404 ) ) ;
#7395 = ORIENTED_EDGE ( 'NONE', *, *, #6065, .F. ) ;
#7396 = EDGE_LOOP ( 'NONE', ( #8709, #96, #4956, #6938 ) ) ;
#7397 = CARTESIAN_POINT ( 'NONE',  ( 13.08484749617240084, 14.76483374945124361, 17.41310221704363315 ) ) ;
#7398 = VERTEX_POINT ( 'NONE', #311 ) ;
#7399 = VECTOR ( 'NONE', #3017, 1000.000000000000114 ) ;
#7400 = ORIENTED_EDGE ( 'NONE', *, *, #945, .T. ) ;
#7401 = LINE ( 'NONE', #3533, #5640 ) ;
#7402 = CARTESIAN_POINT ( 'NONE',  ( -42.26428640000786174, 22.25864506693678280, -26.58211138907232041 ) ) ;
#7403 = ADVANCED_FACE ( 'NONE', ( #7181 ), #6512, .F. ) ;
#7404 = EDGE_CURVE ( 'NONE', #1739, #6068, #5660, .T. ) ;
#7405 = FACE_OUTER_BOUND ( 'NONE', #5388, .T. ) ;
#7406 = DIRECTION ( 'NONE',  ( -0.000000000000000000, 1.000000000000000000, -0.000000000000000000 ) ) ;
#7407 = LINE ( 'NONE', #7351, #3681 ) ;
#7408 = ORIENTED_EDGE ( 'NONE', *, *, #2147, .T. ) ;
#7409 = VERTEX_POINT ( 'NONE', #7851 ) ;
#7410 = ORIENTED_EDGE ( 'NONE', *, *, #3270, .F. ) ;
#7411 = ORIENTED_EDGE ( 'NONE', *, *, #6284, .F. ) ;
#7412 = PLANE ( 'NONE',  #3764 ) ;
#7413 = VECTOR ( 'NONE', #658, 1000.000000000000114 ) ;
#7414 = DIRECTION ( 'NONE',  ( -1.988221748970552022E-16, 0.000000000000000000, -1.000000000000000000 ) ) ;
#7415 = DIRECTION ( 'NONE',  ( -1.000000000000000000, -0.000000000000000000, -0.000000000000000000 ) ) ;
#7416 = EDGE_CURVE ( 'NONE', #5374, #7291, #1840, .T. ) ;
#7417 = VERTEX_POINT ( 'NONE', #5752 ) ;
#7418 = ADVANCED_FACE ( 'NONE', ( #8670 ), #4795, .F. ) ;
#7419 = VECTOR ( 'NONE', #2015, 1000.000000000000000 ) ;
#7420 = ORIENTED_EDGE ( 'NONE', *, *, #9321, .T. ) ;
#7421 = LINE ( 'NONE', #2137, #2691 ) ;
#7422 = LINE ( 'NONE', #398, #4905 ) ;
#7423 = ADVANCED_FACE ( 'NONE', ( #8860 ), #4124, .F. ) ;
#7424 = CARTESIAN_POINT ( 'NONE',  ( -25.50374022699593368, 7.500000000000000000, -33.62500000000000711 ) ) ;
#7425 = CARTESIAN_POINT ( 'NONE',  ( 15.62500000000000000, 10.80000000000000426, 17.44999999999961915 ) ) ;
#7426 = VECTOR ( 'NONE', #8727, 1000.000000000000000 ) ;
#7427 = ORIENTED_EDGE ( 'NONE', *, *, #9275, .T. ) ;
#7428 = EDGE_CURVE ( 'NONE', #4142, #495, #263, .T. ) ;
#7429 = CARTESIAN_POINT ( 'NONE',  ( -51.62500000000000711, 10.80000000000000426, 33.62499999999999289 ) ) ;
#7430 = ORIENTED_EDGE ( 'NONE', *, *, #6711, .T. ) ;
#7431 = DIRECTION ( 'NONE',  ( -9.786874335553214321E-17, 0.000000000000000000, 1.000000000000000000 ) ) ;
#7432 = CARTESIAN_POINT ( 'NONE',  ( 51.62500000000000711, 7.500000000000000000, -28.49625977300445356 ) ) ;
#7433 = CARTESIAN_POINT ( 'NONE',  ( 0.000000000000000000, 7.500000000000000000, 34.50374022699554644 ) ) ;
#7434 = DIRECTION ( 'NONE',  ( -1.000000000000000000, -0.000000000000000000, -0.000000000000000000 ) ) ;
#7435 = VECTOR ( 'NONE', #288, 1000.000000000000114 ) ;
#7436 = EDGE_CURVE ( 'NONE', #7417, #6499, #163, .T. ) ;
#7437 = DIRECTION ( 'NONE',  ( 0.000000000000000000, 0.000000000000000000, -1.000000000000000000 ) ) ;
#7438 = VERTEX_POINT ( 'NONE', #976 ) ;
#7439 = ORIENTED_EDGE ( 'NONE', *, *, #6245, .F. ) ;
#7440 = LINE ( 'NONE', #472, #7189 ) ;
#7441 = CARTESIAN_POINT ( 'NONE',  ( 40.07937528197219024, 29.75245638442228824, 13.11547058297133184 ) ) ;
#7442 = DIRECTION ( 'NONE',  ( -1.000000000000000000, 0.000000000000000000, 0.000000000000000000 ) ) ;
#7443 = VERTEX_POINT ( 'NONE', #3209 ) ;
#7444 = VECTOR ( 'NONE', #9246, 1000.000000000000000 ) ;
#7445 = VECTOR ( 'NONE', #4394, 1000.000000000000114 ) ;
#7446 = CARTESIAN_POINT ( 'NONE',  ( 54.49999999999999289, 10.80000000000000426, 36.49999999999959499 ) ) ;
#7447 = VERTEX_POINT ( 'NONE', #4935 ) ;
#7448 = DIRECTION ( 'NONE',  ( 0.000000000000000000, -0.2756373558170040483, 0.9612616959383175619 ) ) ;
#7449 = PLANE ( 'NONE',  #8257 ) ;
#7450 = PLANE ( 'NONE',  #1056 ) ;
#7451 = ORIENTED_EDGE ( 'NONE', *, *, #6192, .T. ) ;
#7452 = ORIENTED_EDGE ( 'NONE', *, *, #7543, .F. ) ;
#7453 = ADVANCED_FACE ( 'NONE', ( #6327, #1792, #9443, #4888 ), #7274, .F. ) ;
#7454 = FACE_OUTER_BOUND ( 'NONE', #269, .T. ) ;
#7455 = EDGE_LOOP ( 'NONE', ( #3332, #4472, #2216, #1766 ) ) ;
#7456 = VERTEX_POINT ( 'NONE', #1691 ) ;
#7457 = EDGE_CURVE ( 'NONE', #494, #3593, #927, .T. ) ;
#7458 = CARTESIAN_POINT ( 'NONE',  ( -27.54999999999999361, 10.80000000000000071, 35.44999999999961204 ) ) ;
#7459 = ORIENTED_EDGE ( 'NONE', *, *, #4617, .T. ) ;
#7460 = VECTOR ( 'NONE', #9174, 1000.000000000000000 ) ;
#7461 = EDGE_CURVE ( 'NONE', #2178, #8561, #6376, .T. ) ;
#7462 = DIRECTION ( 'NONE',  ( 1.000000000000000000, 0.000000000000000000, 0.000000000000000000 ) ) ;
#7463 = LINE ( 'NONE', #7402, #5002 ) ;
#7464 = CARTESIAN_POINT ( 'NONE',  ( -51.62500000000000711, 10.80000000000000426, 33.62499999999999289 ) ) ;
#7465 = FACE_OUTER_BOUND ( 'NONE', #4488, .T. ) ;
#7466 = LINE ( 'NONE', #7567, #8399 ) ;
#7467 = ORIENTED_EDGE ( 'NONE', *, *, #4870, .F. ) ;
#7468 = EDGE_LOOP ( 'NONE', ( #7188, #274, #7529, #8049 ) ) ;
#7469 = ORIENTED_EDGE ( 'NONE', *, *, #9428, .F. ) ;
#7470 = EDGE_CURVE ( 'NONE', #1810, #2377, #5611, .T. ) ;
#7471 = CARTESIAN_POINT ( 'NONE',  ( 8.374674870469108967, 10.53731005528972808, -33.62500000000000000 ) ) ;
#7472 = EDGE_CURVE ( 'NONE', #8793, #6051, #7951, .T. ) ;
#7473 = PLANE ( 'NONE',  #9663 ) ;
#7474 = DIRECTION ( 'NONE',  ( -0.7071067811865452413, 0.000000000000000000, 0.7071067811865497932 ) ) ;
#7475 = ORIENTED_EDGE ( 'NONE', *, *, #8475, .F. ) ;
#7476 = EDGE_CURVE ( 'NONE', #5562, #3079, #3301, .T. ) ;
#7477 = EDGE_LOOP ( 'NONE', ( #7798, #2869, #2617, #7071 ) ) ;
#7478 = DIRECTION ( 'NONE',  ( 1.000000000000000000, 0.000000000000000000, 0.000000000000000000 ) ) ;
#7479 = CARTESIAN_POINT ( 'NONE',  ( 25.50374022699593368, 7.500000000000000000, 0.000000000000000000 ) ) ;
#7480 = DIRECTION ( 'NONE',  ( -0.000000000000000000, 0.9612616959383174509, 0.2756373558170039373 ) ) ;
#7481 = CARTESIAN_POINT ( 'NONE',  ( 45.62532512953088570, 10.53731005528972986, -33.62500000000000000 ) ) ;
#7482 = ORIENTED_EDGE ( 'NONE', *, *, #9164, .T. ) ;
#7483 = CARTESIAN_POINT ( 'NONE',  ( 0.000000000000000000, 7.500000000000000000, -34.50374022699632093 ) ) ;
#7484 = ORIENTED_EDGE ( 'NONE', *, *, #7694, .F. ) ;
#7485 = CARTESIAN_POINT ( 'NONE',  ( -15.62500000000000711, 7.500000000000000000, -10.49625977300446067 ) ) ;
#7486 = VECTOR ( 'NONE', #7796, 1000.000000000000227 ) ;
#7487 = DIRECTION ( 'NONE',  ( 0.2657276780299913099, 0.9267025424900799946, 0.2657276780299913099 ) ) ;
#7488 = CARTESIAN_POINT ( 'NONE',  ( -26.45000000000000284, 10.80000000000000071, 0.5499999999996132427 ) ) ;
#7489 = CARTESIAN_POINT ( 'NONE',  ( 18.54999999999999716, 10.80000000000000071, 18.54999999999960991 ) ) ;
#7490 = ORIENTED_EDGE ( 'NONE', *, *, #1142, .F. ) ;
#7491 = ORIENTED_EDGE ( 'NONE', *, *, #1001, .T. ) ;
#7492 = EDGE_CURVE ( 'NONE', #582, #3734, #8765, .T. ) ;
#7493 = LINE ( 'NONE', #8106, #4430 ) ;
#7494 = FACE_OUTER_BOUND ( 'NONE', #5579, .T. ) ;
#7495 = AXIS2_PLACEMENT_3D ( 'NONE', #7808, #9301, #5325 ) ;
#7496 = CARTESIAN_POINT ( 'NONE',  ( -2.584350778095989280E-16, 8.566080860089995141, -34.80943399447291142 ) ) ;
#7497 = ORIENTED_EDGE ( 'NONE', *, *, #8905, .F. ) ;
#7498 = ADVANCED_FACE ( 'NONE', ( #5707 ), #8042, .F. ) ;
#7499 = DIRECTION ( 'NONE',  ( 0.000000000000000000, -0.9612616959383174509, 0.2756373558170042704 ) ) ;
#7500 = VERTEX_POINT ( 'NONE', #2745 ) ;
#7501 = FACE_OUTER_BOUND ( 'NONE', #2884, .T. ) ;
#7502 = CARTESIAN_POINT ( 'NONE',  ( 19.49625977300406632, 7.500000000000000000, 0.000000000000000000 ) ) ;
#7503 = CARTESIAN_POINT ( 'NONE',  ( -53.44999999999999574, 10.80000000000000071, -8.450000000000388312 ) ) ;
#7504 = VECTOR ( 'NONE', #2585, 1000.000000000000114 ) ;
#7505 = VERTEX_POINT ( 'NONE', #4525 ) ;
#7506 = DIRECTION ( 'NONE',  ( -0.000000000000000000, -0.2756373558170021609, -0.9612616959383181170 ) ) ;
#7507 = ORIENTED_EDGE ( 'NONE', *, *, #5774, .T. ) ;
#7508 = VERTEX_POINT ( 'NONE', #1120 ) ;
#7509 = VECTOR ( 'NONE', #7999, 1000.000000000000114 ) ;
#7510 = CARTESIAN_POINT ( 'NONE',  ( -51.62500000000000711, 10.53731005528968367, -8.374674870469483778 ) ) ;
#7511 = CARTESIAN_POINT ( 'NONE',  ( 0.000000000000000000, 7.500000000000000000, -28.49625977300445356 ) ) ;
#7512 = EDGE_CURVE ( 'NONE', #7456, #2352, #4989, .T. ) ;
#7513 = CARTESIAN_POINT ( 'NONE',  ( 53.44999999999999574, 10.80000000000000071, 18.54999999999960991 ) ) ;
#7514 = VECTOR ( 'NONE', #2091, 1000.000000000000000 ) ;
#7515 = CARTESIAN_POINT ( 'NONE',  ( -36.54999999999999005, 10.80000000000000071, 35.44999999999961204 ) ) ;
#7516 = VECTOR ( 'NONE', #3972, 1000.000000000000114 ) ;
#7517 = DIRECTION ( 'NONE',  ( -0.9612616959383174509, -0.2756373558170042704, 0.000000000000000000 ) ) ;
#7518 = CARTESIAN_POINT ( 'NONE',  ( 17.45000000000000639, 10.80000000000000071, 9.549999999999611688 ) ) ;
#7519 = VERTEX_POINT ( 'NONE', #5089 ) ;
#7520 = EDGE_LOOP ( 'NONE', ( #2937, #4374, #316, #386 ) ) ;
#7521 = ORIENTED_EDGE ( 'NONE', *, *, #3007, .T. ) ;
#7522 = VECTOR ( 'NONE', #8628, 1000.000000000000000 ) ;
#7523 = CARTESIAN_POINT ( 'NONE',  ( 50.06738976402694874, -0.9965637948163279525, 32.06738976402657215 ) ) ;
#7524 = DIRECTION ( 'NONE',  ( -1.000000000000000000, -0.000000000000000000, -0.000000000000000000 ) ) ;
#7525 = EDGE_CURVE ( 'NONE', #3564, #4518, #8969, .T. ) ;
#7526 = CARTESIAN_POINT ( 'NONE',  ( 26.37467487046910719, 10.53731005528972098, -33.62500000000000000 ) ) ;
#7527 = ORIENTED_EDGE ( 'NONE', *, *, #9912, .T. ) ;
#7528 = EDGE_CURVE ( 'NONE', #327, #5166, #463, .T. ) ;
#7529 = ORIENTED_EDGE ( 'NONE', *, *, #1568, .F. ) ;
#7530 = CARTESIAN_POINT ( 'NONE',  ( 18.54999999999999716, 10.80000000000000071, 35.44999999999961204 ) ) ;
#7531 = DIRECTION ( 'NONE',  ( -1.000000000000000000, 0.000000000000000000, 0.000000000000000000 ) ) ;
#7532 = LINE ( 'NONE', #8503, #5056 ) ;
#7533 = DIRECTION ( 'NONE',  ( 0.2386847610229712591, -0.8323926831162089535, -0.5001519828512186461 ) ) ;
#7534 = VERTEX_POINT ( 'NONE', #711 ) ;
#7535 = DIRECTION ( 'NONE',  ( -0.000000000000000000, -0.2756373558170042704, -0.9612616959383174509 ) ) ;
#7536 = ORIENTED_EDGE ( 'NONE', *, *, #2369, .T. ) ;
#7537 = EDGE_CURVE ( 'NONE', #7228, #1155, #5803, .T. ) ;
#7538 = CARTESIAN_POINT ( 'NONE',  ( 32.06738976402694874, -0.9965637948163279525, 32.06738976402657215 ) ) ;
#7539 = CARTESIAN_POINT ( 'NONE',  ( -36.54999999999999005, 10.80000000000000071, -35.45000000000039364 ) ) ;
#7540 = DIRECTION ( 'NONE',  ( -0.000000000000000000, 0.000000000000000000, 1.000000000000000000 ) ) ;
#7541 = VERTEX_POINT ( 'NONE', #8144 ) ;
#7542 = VERTEX_POINT ( 'NONE', #8915 ) ;
#7543 = EDGE_CURVE ( 'NONE', #3071, #2831, #8099, .T. ) ;
#7544 = LINE ( 'NONE', #5914, #534 ) ;
#7545 = AXIS2_PLACEMENT_3D ( 'NONE', #6545, #4922, #8847 ) ;
#7546 = LINE ( 'NONE', #3566, #2607 ) ;
#7547 = LINE ( 'NONE', #3673, #9561 ) ;
#7548 = EDGE_LOOP ( 'NONE', ( #7246, #8403, #9602, #83 ) ) ;
#7549 = DIRECTION ( 'NONE',  ( 0.9612616959383174509, -0.2756373558170042704, 0.000000000000000000 ) ) ;
#7550 = VERTEX_POINT ( 'NONE', #7374 ) ;
#7551 = DIRECTION ( 'NONE',  ( 1.000000000000000000, 0.000000000000000000, 0.000000000000000000 ) ) ;
#7552 = LINE ( 'NONE', #3678, #1099 ) ;
#7553 = VECTOR ( 'NONE', #1392, 1000.000000000000000 ) ;
#7554 = LINE ( 'NONE', #8987, #5455 ) ;
#7555 = ORIENTED_EDGE ( 'NONE', *, *, #7561, .F. ) ;
#7556 = LINE ( 'NONE', #537, #9377 ) ;
#7557 = ORIENTED_EDGE ( 'NONE', *, *, #8073, .F. ) ;
#7558 = ORIENTED_EDGE ( 'NONE', *, *, #2548, .T. ) ;
#7559 = DIRECTION ( 'NONE',  ( 0.000000000000000000, 0.000000000000000000, -1.000000000000000000 ) ) ;
#7560 = ORIENTED_EDGE ( 'NONE', *, *, #7877, .F. ) ;
#7561 = EDGE_CURVE ( 'NONE', #6506, #157, #9788, .T. ) ;
#7562 = VECTOR ( 'NONE', #5907, 1000.000000000000114 ) ;
#7563 = LINE ( 'NONE', #3581, #4669 ) ;
#7564 = FACE_OUTER_BOUND ( 'NONE', #1764, .T. ) ;
#7565 = CARTESIAN_POINT ( 'NONE',  ( -20.37499999999999645, 10.53731005528968723, -33.62500000000000711 ) ) ;
#7566 = DIRECTION ( 'NONE',  ( -0.000000000000000000, 0.000000000000000000, 1.000000000000000000 ) ) ;
#7567 = CARTESIAN_POINT ( 'NONE',  ( -18.54999999999999716, 10.80000000000000071, -0.5500000000003835154 ) ) ;
#7568 = VECTOR ( 'NONE', #8010, 1000.000000000000000 ) ;
#7569 = ORIENTED_EDGE ( 'NONE', *, *, #6896, .F. ) ;
#7570 = EDGE_LOOP ( 'NONE', ( #111, #1290, #2824, #591 ) ) ;
#7571 = ORIENTED_EDGE ( 'NONE', *, *, #357, .T. ) ;
#7572 = EDGE_CURVE ( 'NONE', #896, #5281, #9219, .T. ) ;
#7573 = LINE ( 'NONE', #3034, #4236 ) ;
#7574 = DIRECTION ( 'NONE',  ( -0.000000000000000000, 0.000000000000000000, 1.000000000000000000 ) ) ;
#7575 = VECTOR ( 'NONE', #769, 1000.000000000000000 ) ;
#7576 = LINE ( 'NONE', #3752, #2894 ) ;
#7577 = ORIENTED_EDGE ( 'NONE', *, *, #9907, .T. ) ;
#7578 = AXIS2_PLACEMENT_3D ( 'NONE', #9916, #5269, #9809 ) ;
#7579 = VECTOR ( 'NONE', #9324, 1000.000000000000000 ) ;
#7580 = PLANE ( 'NONE',  #3661 ) ;
#7581 = EDGE_CURVE ( 'NONE', #4786, #8812, #7634, .T. ) ;
#7582 = EDGE_CURVE ( 'NONE', #4966, #17, #6906, .T. ) ;
#7583 = CARTESIAN_POINT ( 'NONE',  ( 20.37499999999998934, 10.80000000000000426, -0.5500000000003835154 ) ) ;
#7584 = LINE ( 'NONE', #3711, #4008 ) ;
#7585 = EDGE_CURVE ( 'NONE', #4463, #6183, #3039, .T. ) ;
#7586 = ORIENTED_EDGE ( 'NONE', *, *, #6568, .F. ) ;
#7587 = VECTOR ( 'NONE', #4521, 1000.000000000000000 ) ;
#7588 = PLANE ( 'NONE',  #148 ) ;
#7589 = VERTEX_POINT ( 'NONE', #9680 ) ;
#7590 = DIRECTION ( 'NONE',  ( 1.000000000000000000, 0.000000000000000000, 0.000000000000000000 ) ) ;
#7591 = CARTESIAN_POINT ( 'NONE',  ( -18.54999999999999716, 86.52417351671579127, -35.45000000000003837 ) ) ;
#7592 = DIRECTION ( 'NONE',  ( 1.000000000000000000, 0.000000000000000000, 0.000000000000000000 ) ) ;
#7593 = ORIENTED_EDGE ( 'NONE', *, *, #7512, .F. ) ;
#7594 = ORIENTED_EDGE ( 'NONE', *, *, #6440, .F. ) ;
#7595 = PLANE ( 'NONE',  #3585 ) ;
#7596 = AXIS2_PLACEMENT_3D ( 'NONE', #9151, #8432, #2267 ) ;
#7597 = DIRECTION ( 'NONE',  ( -0.000000000000000000, -0.000000000000000000, 1.000000000000000000 ) ) ;
#7598 = EDGE_CURVE ( 'NONE', #2649, #9315, #3450, .T. ) ;
#7599 = ORIENTED_EDGE ( 'NONE', *, *, #8244, .T. ) ;
#7600 = CARTESIAN_POINT ( 'NONE',  ( -26.45000000000000284, 10.80000000000000071, -17.45000000000039009 ) ) ;
#7601 = ORIENTED_EDGE ( 'NONE', *, *, #8264, .F. ) ;
#7602 = VECTOR ( 'NONE', #8231, 1000.000000000000000 ) ;
#7603 = CARTESIAN_POINT ( 'NONE',  ( -13.08484749617240972, 14.76483374945124893, -0.5868977829563649662 ) ) ;
#7604 = CARTESIAN_POINT ( 'NONE',  ( -53.45000000000000284, 7.500000000000000000, -35.45000000000003126 ) ) ;
#7605 = VECTOR ( 'NONE', #2030, 1000.000000000000114 ) ;
#7606 = CARTESIAN_POINT ( 'NONE',  ( 0.000000000000000000, 7.500000000000000000, 1.496259773003681737 ) ) ;
#7607 = ORIENTED_EDGE ( 'NONE', *, *, #5235, .F. ) ;
#7608 = PLANE ( 'NONE',  #6432 ) ;
#7609 = ORIENTED_EDGE ( 'NONE', *, *, #5014, .T. ) ;
#7610 = EDGE_LOOP ( 'NONE', ( #2119, #6393, #8713, #2358 ) ) ;
#7611 = CARTESIAN_POINT ( 'NONE',  ( -26.37467487046911074, 10.53731005528972986, -33.62500000000000711 ) ) ;
#7612 = ORIENTED_EDGE ( 'NONE', *, *, #6251, .T. ) ;
#7613 = EDGE_CURVE ( 'NONE', #7673, #9096, #2694, .T. ) ;
#7614 = EDGE_CURVE ( 'NONE', #4489, #2662, #5039, .T. ) ;
#7615 = AXIS2_PLACEMENT_3D ( 'NONE', #6377, #264, #2505 ) ;
#7616 = ORIENTED_EDGE ( 'NONE', *, *, #8013, .F. ) ;
#7617 = VECTOR ( 'NONE', #1354, 1000.000000000000000 ) ;
#7618 = FACE_OUTER_BOUND ( 'NONE', #8252, .T. ) ;
#7619 = FACE_OUTER_BOUND ( 'NONE', #8588, .T. ) ;
#7620 = CARTESIAN_POINT ( 'NONE',  ( 17.44999999999999929, 7.500000000000000000, 35.44999999999998863 ) ) ;
#7621 = CARTESIAN_POINT ( 'NONE',  ( 51.62500000000000711, 7.500000000000000000, -1.496259773004444904 ) ) ;
#7622 = VECTOR ( 'NONE', #9090, 1000.000000000000000 ) ;
#7623 = CARTESIAN_POINT ( 'NONE',  ( 57.89895923599141980, 9.099999999999983658, -36.89895923599146954 ) ) ;
#7624 = ORIENTED_EDGE ( 'NONE', *, *, #6667, .F. ) ;
#7625 = ORIENTED_EDGE ( 'NONE', *, *, #6528, .T. ) ;
#7626 = ORIENTED_EDGE ( 'NONE', *, *, #5796, .T. ) ;
#7627 = EDGE_LOOP ( 'NONE', ( #8771, #4651, #10012, #3175 ) ) ;
#7628 = LINE ( 'NONE', #7523, #5064 ) ;
#7629 = EDGE_CURVE ( 'NONE', #1478, #1102, #3505, .T. ) ;
#7630 = CARTESIAN_POINT ( 'NONE',  ( 17.44999999999999929, 7.500000000000007105, -35.45000000000003126 ) ) ;
#7631 = VECTOR ( 'NONE', #1249, 1000.000000000000114 ) ;
#7632 = DIRECTION ( 'NONE',  ( 0.000000000000000000, 0.000000000000000000, -1.000000000000000000 ) ) ;
#7633 = EDGE_CURVE ( 'NONE', #6080, #3557, #6611, .T. ) ;
#7634 = LINE ( 'NONE', #358, #8543 ) ;
#7635 = LINE ( 'NONE', #2386, #3672 ) ;
#7636 = PLANE ( 'NONE',  #678 ) ;
#7637 = CARTESIAN_POINT ( 'NONE',  ( 61.43449314192414334, 9.099999999999983658, 33.36342533005872468 ) ) ;
#7638 = ORIENTED_EDGE ( 'NONE', *, *, #885, .T. ) ;
#7639 = ORIENTED_EDGE ( 'NONE', *, *, #8474, .F. ) ;
#7640 = EDGE_CURVE ( 'NONE', #9065, #9234, #6664, .T. ) ;
#7641 = CARTESIAN_POINT ( 'NONE',  ( 53.44999999999999574, 10.80000000000000071, -9.550000000000384404 ) ) ;
#7642 = EDGE_LOOP ( 'NONE', ( #3525, #1561, #813, #5062 ) ) ;
#7643 = CARTESIAN_POINT ( 'NONE',  ( 9.550000000000002487, 10.80000000000000071, 0.5499999999996132427 ) ) ;
#7644 = CARTESIAN_POINT ( 'NONE',  ( 16.80943399447264142, 8.566080860090412585, -10.19056600552774938 ) ) ;
#7645 = ORIENTED_EDGE ( 'NONE', *, *, #2048, .F. ) ;
#7646 = ORIENTED_EDGE ( 'NONE', *, *, #6400, .F. ) ;
#7647 = LINE ( 'NONE', #6075, #1481 ) ;
#7648 = DIRECTION ( 'NONE',  ( -0.000000000000000000, -0.2756373558170040483, -0.9612616959383175619 ) ) ;
#7649 = ORIENTED_EDGE ( 'NONE', *, *, #3105, .T. ) ;
#7650 = EDGE_CURVE ( 'NONE', #4606, #4871, #3754, .T. ) ;
#7651 = CARTESIAN_POINT ( 'NONE',  ( 53.44999999999999574, 7.500000000000000000, -35.45000000000003126 ) ) ;
#7652 = VERTEX_POINT ( 'NONE', #8446 ) ;
#7653 = VECTOR ( 'NONE', #7775, 1000.000000000000114 ) ;
#7654 = CARTESIAN_POINT ( 'NONE',  ( 0.000000000000000000, 7.500000000000000000, -25.50374022699630672 ) ) ;
#7655 = CARTESIAN_POINT ( 'NONE',  ( 14.70289055386786004, 1.219690838747078621, 23.70289055386746213 ) ) ;
#7656 = EDGE_CURVE ( 'NONE', #1714, #1828, #6108, .T. ) ;
#7657 = DIRECTION ( 'NONE',  ( 0.000000000000000000, 0.000000000000000000, 1.000000000000000000 ) ) ;
#7658 = ORIENTED_EDGE ( 'NONE', *, *, #6462, .F. ) ;
#7659 = LINE ( 'NONE', #2924, #4647 ) ;
#7660 = ORIENTED_EDGE ( 'NONE', *, *, #8172, .T. ) ;
#7661 = EDGE_LOOP ( 'NONE', ( #3840, #7757, #10088, #8968 ) ) ;
#7662 = PLANE ( 'NONE',  #9806 ) ;
#7663 = VECTOR ( 'NONE', #8210, 1000.000000000000000 ) ;
#7664 = CARTESIAN_POINT ( 'NONE',  ( -15.62500000000000711, 10.80000000000000426, 33.62500000000000000 ) ) ;
#7665 = CARTESIAN_POINT ( 'NONE',  ( -18.54999999999999716, 10.80000000000000071, 17.44999999999961560 ) ) ;
#7666 = DIRECTION ( 'NONE',  ( -0.2657276780299913099, 0.9267025424900799946, 0.2657276780299913099 ) ) ;
#7667 = VECTOR ( 'NONE', #2897, 1000.000000000000000 ) ;
#7668 = CARTESIAN_POINT ( 'NONE',  ( -16.80943399447264142, 8.566080860090425020, -25.80943399447302156 ) ) ;
#7669 = EDGE_CURVE ( 'NONE', #7443, #7409, #8549, .T. ) ;
#7670 = DIRECTION ( 'NONE',  ( -1.000000000000000000, -0.000000000000000000, -0.000000000000000000 ) ) ;
#7671 = ORIENTED_EDGE ( 'NONE', *, *, #6234, .T. ) ;
#7672 = ORIENTED_EDGE ( 'NONE', *, *, #6492, .F. ) ;
#7673 = VERTEX_POINT ( 'NONE', #5494 ) ;
#7674 = EDGE_LOOP ( 'NONE', ( #8017, #5112, #9241, #2086 ) ) ;
#7675 = CARTESIAN_POINT ( 'NONE',  ( -2.584350778096027737E-16, 8.566080860090011129, -34.80943399447291853 ) ) ;
#7676 = AXIS2_PLACEMENT_3D ( 'NONE', #8343, #5286, #2278 ) ;
#7677 = VECTOR ( 'NONE', #1943, 1000.000000000000000 ) ;
#7678 = DIRECTION ( 'NONE',  ( -0.000000000000000000, 0.000000000000000000, 1.000000000000000000 ) ) ;
#7679 = LINE ( 'NONE', #8445, #4679 ) ;
#7680 = CARTESIAN_POINT ( 'NONE',  ( -10.49625977300406454, 7.500000000000000000, -33.62500000000000000 ) ) ;
#7681 = EDGE_CURVE ( 'NONE', #889, #1651, #1521, .T. ) ;
#7682 = VECTOR ( 'NONE', #9886, 1000.000000000000000 ) ;
#7683 = FACE_OUTER_BOUND ( 'NONE', #6873, .T. ) ;
#7684 = CARTESIAN_POINT ( 'NONE',  ( 60.02027957955104398, 10.49999999999999822, 31.94921176768562177 ) ) ;
#7685 = EDGE_CURVE ( 'NONE', #9732, #2801, #3236, .T. ) ;
#7686 = LINE ( 'NONE', #8505, #8069 ) ;
#7687 = ORIENTED_EDGE ( 'NONE', *, *, #8972, .T. ) ;
#7688 = CARTESIAN_POINT ( 'NONE',  ( 0.000000000000000000, 7.500000000000000000, -34.50374022699632093 ) ) ;
#7689 = DIRECTION ( 'NONE',  ( 0.000000000000000000, 0.000000000000000000, -1.000000000000000000 ) ) ;
#7690 = CARTESIAN_POINT ( 'NONE',  ( 0.000000000000000000, 7.500000000000000000, 19.49625977300367552 ) ) ;
#7691 = ORIENTED_EDGE ( 'NONE', *, *, #8264, .T. ) ;
#7692 = ORIENTED_EDGE ( 'NONE', *, *, #496, .F. ) ;
#7693 = FACE_OUTER_BOUND ( 'NONE', #3771, .T. ) ;
#7694 = EDGE_CURVE ( 'NONE', #9131, #8828, #7107, .T. ) ;
#7695 = DIRECTION ( 'NONE',  ( 0.000000000000000000, 0.000000000000000000, -1.000000000000000000 ) ) ;
#7696 = ORIENTED_EDGE ( 'NONE', *, *, #7707, .T. ) ;
#7697 = CARTESIAN_POINT ( 'NONE',  ( -0.6253251295308885904, 10.53731005528972098, -33.62500000000000000 ) ) ;
#7698 = ORIENTED_EDGE ( 'NONE', *, *, #3957, .F. ) ;
#7699 = DIRECTION ( 'NONE',  ( -0.2386847610229712868, -0.8323926831162090645, 0.5001519828512185351 ) ) ;
#7700 = DIRECTION ( 'NONE',  ( 0.4999999999999902855, -0.7071067811865670016, -0.4999999999999821254 ) ) ;
#7701 = DIRECTION ( 'NONE',  ( -0.000000000000000000, -1.000000000000000000, -0.000000000000000000 ) ) ;
#7702 = ORIENTED_EDGE ( 'NONE', *, *, #3545, .F. ) ;
#7703 = FACE_OUTER_BOUND ( 'NONE', #2160, .T. ) ;
#7704 = ORIENTED_EDGE ( 'NONE', *, *, #2589, .T. ) ;
#7705 = ORIENTED_EDGE ( 'NONE', *, *, #6366, .T. ) ;
#7706 = CARTESIAN_POINT ( 'NONE',  ( -18.54999999999999716, 10.80000000000000071, 27.54999999999960991 ) ) ;
#7707 = EDGE_CURVE ( 'NONE', #2683, #7673, #3184, .T. ) ;
#7708 = VERTEX_POINT ( 'NONE', #3860 ) ;
#7709 = DIRECTION ( 'NONE',  ( 3.161696790679840518E-17, -1.102614705486210178E-16, -1.000000000000000000 ) ) ;
#7710 = ADVANCED_FACE ( 'NONE', ( #6350 ), #9368, .F. ) ;
#7711 = AXIS2_PLACEMENT_3D ( 'NONE', #1235, #7448, #478 ) ;
#7712 = PLANE ( 'NONE',  #5177 ) ;
#7713 = CARTESIAN_POINT ( 'NONE',  ( 0.000000000000000000, 7.500000000000000000, -34.50374022699632093 ) ) ;
#7714 = CARTESIAN_POINT ( 'NONE',  ( 19.19056600552734793, 8.566080860090412585, -1.272127533929272610E-16 ) ) ;
#7715 = CARTESIAN_POINT ( 'NONE',  ( -60.00000000000000000, 8.099999999999999645, 8.000000000000000000 ) ) ;
#7716 = ORIENTED_EDGE ( 'NONE', *, *, #9925, .T. ) ;
#7717 = ORIENTED_EDGE ( 'NONE', *, *, #8605, .T. ) ;
#7718 = FACE_OUTER_BOUND ( 'NONE', #279, .T. ) ;
#7719 = ORIENTED_EDGE ( 'NONE', *, *, #6967, .F. ) ;
#7720 = VERTEX_POINT ( 'NONE', #7727 ) ;
#7721 = VECTOR ( 'NONE', #2185, 1000.000000000000000 ) ;
#7722 = FACE_OUTER_BOUND ( 'NONE', #6974, .T. ) ;
#7723 = DIRECTION ( 'NONE',  ( 0.5001519828512185351, 0.8323926831162089535, -0.2386847610229712591 ) ) ;
#7724 = EDGE_CURVE ( 'NONE', #7534, #4422, #958, .T. ) ;
#7725 = DIRECTION ( 'NONE',  ( 0.000000000000000000, 0.000000000000000000, 1.000000000000000000 ) ) ;
#7726 = VECTOR ( 'NONE', #8778, 1000.000000000000114 ) ;
#7727 = CARTESIAN_POINT ( 'NONE',  ( -35.37467487046907877, 10.53731005528965170, 33.62499999999999289 ) ) ;
#7728 = CARTESIAN_POINT ( 'NONE',  ( -17.44999999999999929, 10.80000000000000071, -27.55000000000038796 ) ) ;
#7729 = FACE_OUTER_BOUND ( 'NONE', #1373, .T. ) ;
#7730 = VECTOR ( 'NONE', #2393, 1000.000000000000000 ) ;
#7731 = EDGE_CURVE ( 'NONE', #10024, #5283, #10082, .T. ) ;
#7732 = FACE_OUTER_BOUND ( 'NONE', #4713, .T. ) ;
#7733 = ORIENTED_EDGE ( 'NONE', *, *, #7284, .T. ) ;
#7734 = AXIS2_PLACEMENT_3D ( 'NONE', #7035, #3067, #4800 ) ;
#7735 = CARTESIAN_POINT ( 'NONE',  ( -17.44999999999999929, 10.80000000000000071, 17.44999999999961560 ) ) ;
#7736 = EDGE_CURVE ( 'NONE', #785, #7550, #4722, .T. ) ;
#7737 = VECTOR ( 'NONE', #8903, 1000.000000000000114 ) ;
#7738 = LINE ( 'NONE', #3145, #5947 ) ;
#7739 = CARTESIAN_POINT ( 'NONE',  ( -54.49999999999997868, 7.500000000000000000, 36.96378475451749068 ) ) ;
#7740 = DIRECTION ( 'NONE',  ( 0.9612616959383174509, -0.2756373558170042704, 0.000000000000000000 ) ) ;
#7741 = VERTEX_POINT ( 'NONE', #4062 ) ;
#7742 = ORIENTED_EDGE ( 'NONE', *, *, #663, .T. ) ;
#7743 = CARTESIAN_POINT ( 'NONE',  ( 57.89895923599141980, 10.49999999999999822, 36.89895923599146954 ) ) ;
#7744 = FACE_OUTER_BOUND ( 'NONE', #5012, .T. ) ;
#7745 = EDGE_CURVE ( 'NONE', #280, #704, #5542, .T. ) ;
#7746 = VECTOR ( 'NONE', #1272, 1000.000000000000114 ) ;
#7747 = ORIENTED_EDGE ( 'NONE', *, *, #2237, .T. ) ;
#7748 = LINE ( 'NONE', #7600, #6470 ) ;
#7749 = EDGE_LOOP ( 'NONE', ( #5270, #7609, #4813, #7371, #1513, #9568, #6932, #1435 ) ) ;
#7750 = CARTESIAN_POINT ( 'NONE',  ( 52.50374022699592302, 7.500000000000000000, 0.000000000000000000 ) ) ;
#7751 = CARTESIAN_POINT ( 'NONE',  ( -18.54999999999999716, 10.80000000000000071, -18.55000000000037730 ) ) ;
#7752 = EDGE_CURVE ( 'NONE', #6899, #7343, #3088, .T. ) ;
#7753 = CARTESIAN_POINT ( 'NONE',  ( -23.06738976402690255, -0.9965637948165171345, -32.06738976402728980 ) ) ;
#7754 = ORIENTED_EDGE ( 'NONE', *, *, #5831, .F. ) ;
#7755 = VECTOR ( 'NONE', #6236, 1000.000000000000000 ) ;
#7756 = DIRECTION ( 'NONE',  ( 1.000000000000000000, 0.000000000000000000, 0.000000000000000000 ) ) ;
#7757 = ORIENTED_EDGE ( 'NONE', *, *, #480, .T. ) ;
#7758 = CARTESIAN_POINT ( 'NONE',  ( -51.62500000000000711, 10.80000000000000426, 0.5499999999996132427 ) ) ;
#7759 = FACE_OUTER_BOUND ( 'NONE', #3870, .T. ) ;
#7760 = VECTOR ( 'NONE', #272, 1000.000000000000000 ) ;
#7761 = LINE ( 'NONE', #793, #457 ) ;
#7762 = ORIENTED_EDGE ( 'NONE', *, *, #8614, .F. ) ;
#7763 = DIRECTION ( 'NONE',  ( 1.000000000000000000, 0.000000000000000000, 0.000000000000000000 ) ) ;
#7764 = EDGE_CURVE ( 'NONE', #7892, #2635, #2385, .T. ) ;
#7765 = EDGE_CURVE ( 'NONE', #989, #5701, #758, .T. ) ;
#7766 = FACE_OUTER_BOUND ( 'NONE', #4943, .T. ) ;
#7767 = DIRECTION ( 'NONE',  ( 0.4856429311786325531, -0.8741572761215374854, -0.000000000000000000 ) ) ;
#7768 = ORIENTED_EDGE ( 'NONE', *, *, #8560, .F. ) ;
#7769 = ORIENTED_EDGE ( 'NONE', *, *, #643, .F. ) ;
#7770 = EDGE_CURVE ( 'NONE', #6556, #7505, #8500, .T. ) ;
#7771 = CARTESIAN_POINT ( 'NONE',  ( -52.80943399447264852, 8.566080860090416138, -34.80943399447266273 ) ) ;
#7772 = VECTOR ( 'NONE', #584, 1000.000000000000000 ) ;
#7773 = ORIENTED_EDGE ( 'NONE', *, *, #655, .T. ) ;
#7774 = AXIS2_PLACEMENT_3D ( 'NONE', #8175, #2016, #8381 ) ;
#7775 = DIRECTION ( 'NONE',  ( -0.2756373558170042704, -0.9612616959383174509, 0.000000000000000000 ) ) ;
#7776 = LINE ( 'NONE', #7824, #3035 ) ;
#7777 = DIRECTION ( 'NONE',  ( -0.000000000000000000, -0.2756373558170042704, -0.9612616959383174509 ) ) ;
#7778 = VECTOR ( 'NONE', #5963, 1000.000000000000000 ) ;
#7779 = VECTOR ( 'NONE', #3622, 1000.000000000000000 ) ;
#7780 = EDGE_CURVE ( 'NONE', #2070, #3109, #8693, .T. ) ;
#7781 = CARTESIAN_POINT ( 'NONE',  ( 1.496259773004063209, 7.500000000000000000, 0.000000000000000000 ) ) ;
#7782 = EDGE_CURVE ( 'NONE', #9874, #5421, #41, .T. ) ;
#7783 = DIRECTION ( 'NONE',  ( -1.000000000000000000, -0.000000000000000000, -0.000000000000000000 ) ) ;
#7784 = ADVANCED_FACE ( 'NONE', ( #903 ), #3284, .F. ) ;
#7785 = DIRECTION ( 'NONE',  ( 0.000000000000000000, 0.000000000000000000, -1.000000000000000000 ) ) ;
#7786 = VECTOR ( 'NONE', #6454, 1000.000000000000000 ) ;
#7787 = CARTESIAN_POINT ( 'NONE',  ( -57.99999999999999289, 7.500000000000000000, 8.000000000000000000 ) ) ;
#7788 = ORIENTED_EDGE ( 'NONE', *, *, #6174, .F. ) ;
#7789 = CARTESIAN_POINT ( 'NONE',  ( -51.62500000000000711, 10.80000000000000426, 26.44999999999961204 ) ) ;
#7790 = PLANE ( 'NONE',  #2373 ) ;
#7791 = EDGE_CURVE ( 'NONE', #3770, #1954, #7158, .T. ) ;
#7792 = DIRECTION ( 'NONE',  ( -0.000000000000000000, -1.000000000000000000, -0.000000000000000000 ) ) ;
#7793 = ORIENTED_EDGE ( 'NONE', *, *, #3824, .T. ) ;
#7794 = VERTEX_POINT ( 'NONE', #3137 ) ;
#7795 = DIRECTION ( 'NONE',  ( 0.8164965809277230369, 0.5773502691896301720, 0.000000000000000000 ) ) ;
#7796 = DIRECTION ( 'NONE',  ( -0.4999999999999978906, -0.7071067811865504593, 0.4999999999999978906 ) ) ;
#7797 = EDGE_CURVE ( 'NONE', #5793, #6910, #8791, .T. ) ;
#7798 = ORIENTED_EDGE ( 'NONE', *, *, #6813, .T. ) ;
#7799 = CARTESIAN_POINT ( 'NONE',  ( -18.54999999999999716, 7.500000000000000000, -35.45000000000003837 ) ) ;
#7800 = ORIENTED_EDGE ( 'NONE', *, *, #5347, .T. ) ;
#7801 = EDGE_LOOP ( 'NONE', ( #6136, #3974, #3482, #7788, #5617, #2180, #2598, #3532, #8318, #6485, #3141, #848, #3879, #5409, #5610, #7452, #7086, #7747, #8179, #5577, #8880, #2340, #1234, #5479, #3230, #7342, #6102, #5666, #1877, #8542, #364, #4808, #4350, #412, #6001, #338, #8326, #3739, #1857, #602, #6996, #4030, #1347, #125, #9679, #5284, #8528, #7317, #3405, #7030, #57, #3468, #1150, #5021, #1075, #9327, #3429, #4978, #9147, #1324, #4712, #3640, #7497, #8477, #504, #917, #4388, #1227, #3715, #2972, #1226, #907, #910, #6099, #7281, #4614, #8083, #8695, #3630, #2821, #5581, #8023, #4216, #9459 ) ) ;
#7802 = DIRECTION ( 'NONE',  ( 0.000000000000000000, 0.000000000000000000, 1.000000000000000000 ) ) ;
#7803 = CARTESIAN_POINT ( 'NONE',  ( -18.51589529291317859, 14.51721864012731977, 26.48410470708643416 ) ) ;
#7804 = LINE ( 'NONE', #114, #1387 ) ;
#7805 = ORIENTED_EDGE ( 'NONE', *, *, #3294, .T. ) ;
#7806 = DIRECTION ( 'NONE',  ( 0.000000000000000000, 0.000000000000000000, -1.000000000000000000 ) ) ;
#7807 = ORIENTED_EDGE ( 'NONE', *, *, #5347, .F. ) ;
#7808 = CARTESIAN_POINT ( 'NONE',  ( -1.496259773004063209, 7.500000000000000000, 0.000000000000000000 ) ) ;
#7809 = ADVANCED_FACE ( 'NONE', ( #4965 ), #9517, .F. ) ;
#7810 = CARTESIAN_POINT ( 'NONE',  ( 18.54999999999999716, 10.80000000000000071, 26.44999999999961204 ) ) ;
#7811 = LINE ( 'NONE', #6237, #298 ) ;
#7812 = EDGE_LOOP ( 'NONE', ( #2151, #8525, #3470, #3666, #6897, #6037 ) ) ;
#7813 = CARTESIAN_POINT ( 'NONE',  ( -15.62500000000000711, 10.53731005528969789, 33.62500000000000000 ) ) ;
#7814 = CARTESIAN_POINT ( 'NONE',  ( 45.54999999999999005, 10.80000000000000071, 35.44999999999961204 ) ) ;
#7815 = DIRECTION ( 'NONE',  ( -0.5001519828512185351, 0.8323926831162089535, 0.2386847610229712591 ) ) ;
#7816 = ORIENTED_EDGE ( 'NONE', *, *, #4415, .F. ) ;
#7817 = ORIENTED_EDGE ( 'NONE', *, *, #8455, .T. ) ;
#7818 = AXIS2_PLACEMENT_3D ( 'NONE', #85, #6299, #2429 ) ;
#7819 = CARTESIAN_POINT ( 'NONE',  ( 46.49625977300406277, 7.500000000000000000, 0.000000000000000000 ) ) ;
#7820 = ORIENTED_EDGE ( 'NONE', *, *, #7736, .T. ) ;
#7821 = VERTEX_POINT ( 'NONE', #2672 ) ;
#7822 = CARTESIAN_POINT ( 'NONE',  ( -17.44999999999999929, 10.80000000000000071, 35.44999999999961204 ) ) ;
#7823 = ADVANCED_FACE ( 'NONE', ( #6493 ), #8743, .F. ) ;
#7824 = CARTESIAN_POINT ( 'NONE',  ( -18.54999999999999716, -11.50000000000000000, -35.45000000000003837 ) ) ;
#7825 = VECTOR ( 'NONE', #1700, 1000.000000000000114 ) ;
#7826 = CARTESIAN_POINT ( 'NONE',  ( 18.54999999999999716, 10.80000000000000071, 8.449999999999617373 ) ) ;
#7827 = DIRECTION ( 'NONE',  ( 0.000000000000000000, 0.000000000000000000, -1.000000000000000000 ) ) ;
#7828 = VERTEX_POINT ( 'NONE', #8841 ) ;
#7829 = DIRECTION ( 'NONE',  ( -0.2657276780299913099, -0.9267025424900799946, 0.2657276780299913099 ) ) ;
#7830 = VECTOR ( 'NONE', #305, 1000.000000000000000 ) ;
#7831 = VECTOR ( 'NONE', #3818, 1000.000000000000114 ) ;
#7832 = CARTESIAN_POINT ( 'NONE',  ( 40.07937528197219024, 29.75245638442228824, 22.11547058297133361 ) ) ;
#7833 = EDGE_CURVE ( 'NONE', #548, #9020, #1866, .T. ) ;
#7834 = LINE ( 'NONE', #8507, #8580 ) ;
#7835 = ADVANCED_FACE ( 'NONE', ( #8021 ), #5637, .F. ) ;
#7836 = ORIENTED_EDGE ( 'NONE', *, *, #1588, .F. ) ;
#7837 = EDGE_CURVE ( 'NONE', #376, #5513, #8177, .T. ) ;
#7838 = CARTESIAN_POINT ( 'NONE',  ( -26.45000000000000284, 10.80000000000000071, 26.44999999999961204 ) ) ;
#7839 = AXIS2_PLACEMENT_3D ( 'NONE', #4321, #7313, #2592 ) ;
#7840 = CARTESIAN_POINT ( 'NONE',  ( 0.000000000000000000, 10.80000000000000071, -33.62500000000000000 ) ) ;
#7841 = DIRECTION ( 'NONE',  ( 1.000000000000000000, 3.308956663174743341E-16, 2.051382842168411359E-32 ) ) ;
#7842 = VERTEX_POINT ( 'NONE', #6540 ) ;
#7843 = ORIENTED_EDGE ( 'NONE', *, *, #2450, .T. ) ;
#7844 = DIRECTION ( 'NONE',  ( -0.7071067811865474617, 0.000000000000000000, -0.7071067811865474617 ) ) ;
#7845 = DIRECTION ( 'NONE',  ( -0.000000000000000000, -0.2756373558170042704, -0.9612616959383174509 ) ) ;
#7846 = ORIENTED_EDGE ( 'NONE', *, *, #1334, .T. ) ;
#7847 = EDGE_CURVE ( 'NONE', #8760, #892, #9564, .T. ) ;
#7848 = EDGE_CURVE ( 'NONE', #8470, #1088, #4257, .T. ) ;
#7849 = FACE_OUTER_BOUND ( 'NONE', #9828, .T. ) ;
#7850 = ORIENTED_EDGE ( 'NONE', *, *, #5257, .F. ) ;
#7851 = CARTESIAN_POINT ( 'NONE',  ( -61.00000000000000000, 10.49999999999999822, -8.000000000000000000 ) ) ;
#7852 = CARTESIAN_POINT ( 'NONE',  ( -52.50374022699593013, 7.500000000000000000, 0.000000000000000000 ) ) ;
#7853 = CARTESIAN_POINT ( 'NONE',  ( -8.449999999999999289, 10.80000000000000071, 35.44999999999961204 ) ) ;
#7854 = DIRECTION ( 'NONE',  ( 0.000000000000000000, 0.000000000000000000, -1.000000000000000000 ) ) ;
#7855 = DIRECTION ( 'NONE',  ( -0.2756373558170042704, 0.9612616959383174509, 0.000000000000000000 ) ) ;
#7856 = EDGE_LOOP ( 'NONE', ( #7857, #2402, #9649, #7920 ) ) ;
#7857 = ORIENTED_EDGE ( 'NONE', *, *, #2914, .F. ) ;
#7858 = DIRECTION ( 'NONE',  ( -0.2657276780299913099, -0.9267025424900799946, 0.2657276780299913099 ) ) ;
#7859 = ADVANCED_FACE ( 'NONE', ( #8121 ), #7350, .F. ) ;
#7860 = CARTESIAN_POINT ( 'NONE',  ( 60.02027957955104398, 10.49999999999999822, 31.94921176768562177 ) ) ;
#7861 = LINE ( 'NONE', #3994, #4362 ) ;
#7862 = ORIENTED_EDGE ( 'NONE', *, *, #7436, .T. ) ;
#7863 = PLANE ( 'NONE',  #4026 ) ;
#7864 = DIRECTION ( 'NONE',  ( -0.000000000000000000, -1.000000000000000000, -0.000000000000000000 ) ) ;
#7865 = ORIENTED_EDGE ( 'NONE', *, *, #8025, .F. ) ;
#7866 = EDGE_CURVE ( 'NONE', #3318, #1155, #3428, .T. ) ;
#7867 = ORIENTED_EDGE ( 'NONE', *, *, #3716, .T. ) ;
#7868 = EDGE_LOOP ( 'NONE', ( #182, #7527, #8722, #8377 ) ) ;
#7869 = DIRECTION ( 'NONE',  ( 0.000000000000000000, -0.2756373558170042704, 0.9612616959383174509 ) ) ;
#7870 = ORIENTED_EDGE ( 'NONE', *, *, #6548, .T. ) ;
#7871 = LINE ( 'NONE', #898, #9293 ) ;
#7872 = AXIS2_PLACEMENT_3D ( 'NONE', #8026, #1055, #7258 ) ;
#7873 = LINE ( 'NONE', #4007, #9226 ) ;
#7874 = EDGE_CURVE ( 'NONE', #5373, #5471, #9711, .T. ) ;
#7875 = DIRECTION ( 'NONE',  ( -1.000000000000000000, 0.000000000000000000, 0.000000000000000000 ) ) ;
#7876 = DIRECTION ( 'NONE',  ( -1.000000000000000000, -0.000000000000000000, -0.000000000000000000 ) ) ;
#7877 = EDGE_CURVE ( 'NONE', #1900, #1584, #3331, .T. ) ;
#7878 = VECTOR ( 'NONE', #1463, 1000.000000000000114 ) ;
#7879 = EDGE_LOOP ( 'NONE', ( #2254, #6371, #7846, #4663 ) ) ;
#7880 = DIRECTION ( 'NONE',  ( 0.000000000000000000, 0.000000000000000000, -1.000000000000000000 ) ) ;
#7881 = LINE ( 'NONE', #7978, #7504 ) ;
#7882 = VECTOR ( 'NONE', #3997, 1000.000000000000000 ) ;
#7883 = LINE ( 'NONE', #10086, #6790 ) ;
#7884 = VERTEX_POINT ( 'NONE', #6589 ) ;
#7885 = DIRECTION ( 'NONE',  ( -3.408477339524638833E-16, 0.5150380749100552658, 0.8571673007021116675 ) ) ;
#7886 = EDGE_CURVE ( 'NONE', #4518, #8912, #9611, .T. ) ;
#7887 = EDGE_CURVE ( 'NONE', #9586, #2926, #3382, .T. ) ;
#7888 = LINE ( 'NONE', #5649, #908 ) ;
#7889 = CARTESIAN_POINT ( 'NONE',  ( 15.62500000000000000, 10.53731005528968723, -33.62500000000000000 ) ) ;
#7890 = VECTOR ( 'NONE', #6278, 1000.000000000000000 ) ;
#7891 = ORIENTED_EDGE ( 'NONE', *, *, #2013, .T. ) ;
#7892 = VERTEX_POINT ( 'NONE', #1916 ) ;
#7893 = EDGE_CURVE ( 'NONE', #4765, #3102, #5018, .T. ) ;
#7894 = CARTESIAN_POINT ( 'NONE',  ( -16.80943399447264497, 8.566080860090423243, -19.19056600552773872 ) ) ;
#7895 = DIRECTION ( 'NONE',  ( 1.000000000000000000, 0.000000000000000000, 0.000000000000000000 ) ) ;
#7896 = ORIENTED_EDGE ( 'NONE', *, *, #5186, .T. ) ;
#7897 = VECTOR ( 'NONE', #3245, 1000.000000000000114 ) ;
#7898 = DIRECTION ( 'NONE',  ( -0.5150380749100552658, -0.8571673007021116675, 0.000000000000000000 ) ) ;
#7899 = VERTEX_POINT ( 'NONE', #2626 ) ;
#7900 = DIRECTION ( 'NONE',  ( 1.000000000000000000, 0.000000000000000000, 0.000000000000000000 ) ) ;
#7901 = PLANE ( 'NONE',  #7615 ) ;
#7902 = PLANE ( 'NONE',  #5462 ) ;
#7903 = AXIS2_PLACEMENT_3D ( 'NONE', #3987, #9448, #8575 ) ;
#7904 = LINE ( 'NONE', #5568, #7509 ) ;
#7905 = CARTESIAN_POINT ( 'NONE',  ( 40.07937528197219024, 29.75245638442228824, -4.884529417028662834 ) ) ;
#7906 = ORIENTED_EDGE ( 'NONE', *, *, #2210, .T. ) ;
#7907 = ORIENTED_EDGE ( 'NONE', *, *, #8404, .T. ) ;
#7908 = EDGE_CURVE ( 'NONE', #7137, #4328, #5735, .T. ) ;
#7909 = DIRECTION ( 'NONE',  ( 0.000000000000000000, 0.000000000000000000, 1.000000000000000000 ) ) ;
#7910 = VECTOR ( 'NONE', #6098, 1000.000000000000000 ) ;
#7911 = CARTESIAN_POINT ( 'NONE',  ( -62.00000000000000000, -11.50000000000000000, -41.00000000000000000 ) ) ;
#7912 = DIRECTION ( 'NONE',  ( -0.000000000000000000, -0.2756373558170042704, -0.9612616959383174509 ) ) ;
#7913 = ORIENTED_EDGE ( 'NONE', *, *, #1157, .T. ) ;
#7914 = LINE ( 'NONE', #8730, #122 ) ;
#7915 = AXIS2_PLACEMENT_3D ( 'NONE', #5341, #8545, #6859 ) ;
#7916 = DIRECTION ( 'NONE',  ( 1.000000000000000000, 0.000000000000000000, 0.000000000000000000 ) ) ;
#7917 = ORIENTED_EDGE ( 'NONE', *, *, #924, .F. ) ;
#7918 = ORIENTED_EDGE ( 'NONE', *, *, #2602, .F. ) ;
#7919 = ORIENTED_EDGE ( 'NONE', *, *, #2949, .F. ) ;
#7920 = ORIENTED_EDGE ( 'NONE', *, *, #1230, .F. ) ;
#7921 = EDGE_CURVE ( 'NONE', #1102, #5985, #8944, .T. ) ;
#7922 = LINE ( 'NONE', #184, #2154 ) ;
#7923 = ORIENTED_EDGE ( 'NONE', *, *, #3084, .F. ) ;
#7924 = VERTEX_POINT ( 'NONE', #7668 ) ;
#7925 = DIRECTION ( 'NONE',  ( -0.2756373558170042704, 0.9612616959383174509, 0.000000000000000000 ) ) ;
#7926 = VECTOR ( 'NONE', #1287, 1000.000000000000114 ) ;
#7927 = CARTESIAN_POINT ( 'NONE',  ( 57.89895923599141980, 7.500000000000000000, -36.89895923599146954 ) ) ;
#7928 = DIRECTION ( 'NONE',  ( -0.5001519828512186461, 0.8323926831162090645, 0.2386847610229710648 ) ) ;
#7929 = CARTESIAN_POINT ( 'NONE',  ( -51.62500000000000711, 7.500000000000000000, 10.49625977300367907 ) ) ;
#7930 = VECTOR ( 'NONE', #7666, 1000.000000000000114 ) ;
#7931 = AXIS2_PLACEMENT_3D ( 'NONE', #3380, #7251, #7156 ) ;
#7932 = ORIENTED_EDGE ( 'NONE', *, *, #4649, .F. ) ;
#7933 = EDGE_CURVE ( 'NONE', #6984, #9846, #702, .T. ) ;
#7934 = LINE ( 'NONE', #859, #27 ) ;
#7935 = PLANE ( 'NONE',  #7370 ) ;
#7936 = VECTOR ( 'NONE', #4081, 1000.000000000000000 ) ;
#7937 = AXIS2_PLACEMENT_3D ( 'NONE', #10030, #3038, #9319 ) ;
#7938 = EDGE_CURVE ( 'NONE', #7101, #5485, #6849, .T. ) ;
#7939 = CARTESIAN_POINT ( 'NONE',  ( 54.49999999999999289, 10.79999999999989235, 36.49999999999959499 ) ) ;
#7940 = ORIENTED_EDGE ( 'NONE', *, *, #9988, .F. ) ;
#7941 = LINE ( 'NONE', #1012, #303 ) ;
#7942 = CARTESIAN_POINT ( 'NONE',  ( -13.90968028962739034, -0.2227888855198031370, 5.289266148883295493 ) ) ;
#7943 = CARTESIAN_POINT ( 'NONE',  ( -18.54999999999999716, 10.80000000000000071, 8.449999999999617373 ) ) ;
#7944 = VECTOR ( 'NONE', #8270, 1000.000000000000114 ) ;
#7945 = DIRECTION ( 'NONE',  ( 1.000000000000000000, 0.000000000000000000, -0.000000000000000000 ) ) ;
#7946 = CARTESIAN_POINT ( 'NONE',  ( -9.549999999999995381, 10.80000000000000426, 33.62500000000000000 ) ) ;
#7947 = ADVANCED_FACE ( 'NONE', ( #4560 ), #4460, .F. ) ;
#7948 = EDGE_LOOP ( 'NONE', ( #4636, #4724, #5151, #6087 ) ) ;
#7949 = CARTESIAN_POINT ( 'NONE',  ( 20.37499999999998934, 10.53731005528971032, 27.62532512953050556 ) ) ;
#7950 = EDGE_LOOP ( 'NONE', ( #6843, #10075, #9706, #6601 ) ) ;
#7951 = LINE ( 'NONE', #4080, #2515 ) ;
#7952 = DIRECTION ( 'NONE',  ( -0.5001519828512187571, 0.8323926831162092865, 0.2386847610229695660 ) ) ;
#7953 = DIRECTION ( 'NONE',  ( -0.5001519828512185351, -0.8323926831162089535, -0.2386847610229712591 ) ) ;
#7954 = DIRECTION ( 'NONE',  ( 0.000000000000000000, 0.000000000000000000, -1.000000000000000000 ) ) ;
#7955 = CARTESIAN_POINT ( 'NONE',  ( 19.19056600552735503, 8.566080860090426796, -1.272127533929287401E-16 ) ) ;
#7956 = ORIENTED_EDGE ( 'NONE', *, *, #6152, .F. ) ;
#7957 = ORIENTED_EDGE ( 'NONE', *, *, #10020, .F. ) ;
#7958 = CARTESIAN_POINT ( 'NONE',  ( -17.44999999999999929, 10.80000000000000071, -0.5500000000003835154 ) ) ;
#7959 = EDGE_CURVE ( 'NONE', #7500, #5719, #6804, .T. ) ;
#7960 = CARTESIAN_POINT ( 'NONE',  ( 60.72738636073759722, 10.49999999999999822, 32.65631854887216434 ) ) ;
#7961 = DIRECTION ( 'NONE',  ( 1.000000000000000000, 0.000000000000000000, -1.988221748970552022E-16 ) ) ;
#7962 = ORIENTED_EDGE ( 'NONE', *, *, #5984, .T. ) ;
#7963 = EDGE_CURVE ( 'NONE', #1810, #7310, #1410, .T. ) ;
#7964 = EDGE_CURVE ( 'NONE', #9947, #7241, #8999, .T. ) ;
#7965 = DIRECTION ( 'NONE',  ( 1.000000000000000000, 0.000000000000000000, 3.976443497941104043E-16 ) ) ;
#7966 = FACE_OUTER_BOUND ( 'NONE', #4876, .T. ) ;
#7967 = ORIENTED_EDGE ( 'NONE', *, *, #9260, .T. ) ;
#7968 = ORIENTED_EDGE ( 'NONE', *, *, #8627, .F. ) ;
#7969 = ORIENTED_EDGE ( 'NONE', *, *, #8172, .F. ) ;
#7970 = DIRECTION ( 'NONE',  ( 0.000000000000000000, 0.000000000000000000, -1.000000000000000000 ) ) ;
#7971 = VERTEX_POINT ( 'NONE', #5939 ) ;
#7972 = CARTESIAN_POINT ( 'NONE',  ( 18.11960549692770073, 12.30096400656398359, -0.1196054969280864189 ) ) ;
#7973 = FACE_OUTER_BOUND ( 'NONE', #9752, .T. ) ;
#7974 = DIRECTION ( 'NONE',  ( -0.000000000000000000, 0.9612616959383174509, 0.2756373558170039373 ) ) ;
#7975 = AXIS2_PLACEMENT_3D ( 'NONE', #9931, #4568, #5236 ) ;
#7976 = CARTESIAN_POINT ( 'NONE',  ( -51.62500000000000711, 10.80000000000000426, -33.62500000000000711 ) ) ;
#7977 = ORIENTED_EDGE ( 'NONE', *, *, #9814, .F. ) ;
#7978 = CARTESIAN_POINT ( 'NONE',  ( -28.49625977300406277, 7.500000000000000000, 33.62499999999999289 ) ) ;
#7979 = AXIS2_PLACEMENT_3D ( 'NONE', #9334, #9132, #7795 ) ;
#7980 = CARTESIAN_POINT ( 'NONE',  ( 54.96378475451788859, 7.500000000000000000, -36.96378475451828649 ) ) ;
#7981 = FACE_OUTER_BOUND ( 'NONE', #3278, .T. ) ;
#7982 = ORIENTED_EDGE ( 'NONE', *, *, #984, .F. ) ;
#7983 = EDGE_CURVE ( 'NONE', #8772, #5548, #9974, .T. ) ;
#7984 = DIRECTION ( 'NONE',  ( -0.000000000000000000, -0.2756373558170042704, -0.9612616959383174509 ) ) ;
#7985 = VECTOR ( 'NONE', #3189, 999.9999999999998863 ) ;
#7986 = VECTOR ( 'NONE', #1992, 1000.000000000000227 ) ;
#7987 = DIRECTION ( 'NONE',  ( 0.2657276780299913099, 0.9267025424900799946, 0.2657276780299913099 ) ) ;
#7988 = LINE ( 'NONE', #7889, #9148 ) ;
#7989 = ADVANCED_FACE ( 'NONE', ( #1305 ), #5332, .F. ) ;
#7990 = DIRECTION ( 'NONE',  ( 0.000000000000000000, 0.000000000000000000, 1.000000000000000000 ) ) ;
#7991 = DIRECTION ( 'NONE',  ( 0.000000000000000000, 0.000000000000000000, -1.000000000000000000 ) ) ;
#7992 = VECTOR ( 'NONE', #1812, 1000.000000000000000 ) ;
#7993 = ORIENTED_EDGE ( 'NONE', *, *, #5492, .F. ) ;
#7994 = CARTESIAN_POINT ( 'NONE',  ( 20.37499999999998934, 10.80000000000000426, -17.45000000000039009 ) ) ;
#7995 = ORIENTED_EDGE ( 'NONE', *, *, #5124, .F. ) ;
#7996 = DIRECTION ( 'NONE',  ( 0.000000000000000000, 0.000000000000000000, -1.000000000000000000 ) ) ;
#7997 = CARTESIAN_POINT ( 'NONE',  ( 17.44999999999999929, -11.50000000000000000, 35.44999999999998863 ) ) ;
#7998 = LINE ( 'NONE', #3452, #1222 ) ;
#7999 = DIRECTION ( 'NONE',  ( 0.2657276780299913099, -0.9267025424900799946, 0.2657276780299913099 ) ) ;
#8000 = ADVANCED_FACE ( 'NONE', ( #9872 ), #4512, .F. ) ;
#8001 = CARTESIAN_POINT ( 'NONE',  ( 50.06738976402689190, -0.9965637948165171345, -32.06738976402728980 ) ) ;
#8002 = VERTEX_POINT ( 'NONE', #5279 ) ;
#8003 = ORIENTED_EDGE ( 'NONE', *, *, #2562, .F. ) ;
#8004 = VECTOR ( 'NONE', #6475, 1000.000000000000114 ) ;
#8005 = CARTESIAN_POINT ( 'NONE',  ( -15.62500000000000711, 10.80000000000000426, -8.450000000000388312 ) ) ;
#8006 = DIRECTION ( 'NONE',  ( 1.000000000000000000, 0.000000000000000000, 0.000000000000000000 ) ) ;
#8007 = DIRECTION ( 'NONE',  ( 0.4856429311786325531, -0.8741572761215374854, -0.000000000000000000 ) ) ;
#8008 = ORIENTED_EDGE ( 'NONE', *, *, #963, .F. ) ;
#8009 = SURFACE_SIDE_STYLE ('',( #8873 ) ) ;
#8010 = DIRECTION ( 'NONE',  ( -0.000000000000000000, -0.000000000000000000, 1.000000000000000000 ) ) ;
#8011 = ORIENTED_EDGE ( 'NONE', *, *, #480, .F. ) ;
#8012 = ORIENTED_EDGE ( 'NONE', *, *, #5892, .F. ) ;
#8013 = EDGE_CURVE ( 'NONE', #3441, #6879, #2019, .T. ) ;
#8014 = ORIENTED_EDGE ( 'NONE', *, *, #396, .T. ) ;
#8015 = EDGE_LOOP ( 'NONE', ( #9990, #2211, #7957, #8167 ) ) ;
#8016 = LINE ( 'NONE', #5630, #3940 ) ;
#8017 = ORIENTED_EDGE ( 'NONE', *, *, #7582, .F. ) ;
#8018 = EDGE_CURVE ( 'NONE', #7343, #9915, #9206, .T. ) ;
#8019 = DIRECTION ( 'NONE',  ( -1.000000000000000000, -0.000000000000000000, -0.000000000000000000 ) ) ;
#8020 = DIRECTION ( 'NONE',  ( -0.000000000000000000, 0.000000000000000000, 1.000000000000000000 ) ) ;
#8021 = FACE_OUTER_BOUND ( 'NONE', #4764, .T. ) ;
#8022 = EDGE_LOOP ( 'NONE', ( #9668, #6230, #8637, #9851 ) ) ;
#8023 = ORIENTED_EDGE ( 'NONE', *, *, #49, .F. ) ;
#8024 = CARTESIAN_POINT ( 'NONE',  ( 0.000000000000000000, 7.500000000000000000, 16.50374022699554644 ) ) ;
#8025 = EDGE_CURVE ( 'NONE', #3593, #2832, #2980, .T. ) ;
#8026 = CARTESIAN_POINT ( 'NONE',  ( 37.49625977300406987, 7.500000000000000000, 0.000000000000000000 ) ) ;
#8027 = DIRECTION ( 'NONE',  ( -0.2657276780299911434, -0.9267025424900801056, 0.2657276780299911434 ) ) ;
#8028 = EDGE_LOOP ( 'NONE', ( #7243, #3061, #3215, #2367 ) ) ;
#8029 = AXIS2_PLACEMENT_3D ( 'NONE', #9391, #635, #3015 ) ;
#8030 = LINE ( 'NONE', #7620, #2738 ) ;
#8031 = DIRECTION ( 'NONE',  ( 0.000000000000000000, 0.000000000000000000, 1.000000000000000000 ) ) ;
#8032 = DIRECTION ( 'NONE',  ( -1.000000000000000000, -0.000000000000000000, -0.000000000000000000 ) ) ;
#8033 = EDGE_CURVE ( 'NONE', #9963, #8060, #5119, .T. ) ;
#8034 = ADVANCED_FACE ( 'NONE', ( #7465 ), #2223, .F. ) ;
#8035 = CARTESIAN_POINT ( 'NONE',  ( 0.000000000000000000, 7.500000000000000000, 16.50374022699554644 ) ) ;
#8036 = VECTOR ( 'NONE', #7827, 1000.000000000000000 ) ;
#8037 = LINE ( 'NONE', #3251, #5385 ) ;
#8038 = ORIENTED_EDGE ( 'NONE', *, *, #7921, .T. ) ;
#8039 = ADVANCED_FACE ( 'NONE', ( #6698 ), #5175, .F. ) ;
#8040 = LINE ( 'NONE', #8619, #1612 ) ;
#8041 = ORIENTED_EDGE ( 'NONE', *, *, #6796, .F. ) ;
#8042 = PLANE ( 'NONE',  #4788 ) ;
#8043 = CARTESIAN_POINT ( 'NONE',  ( -51.62500000000000711, 10.80000000000000426, -27.55000000000038796 ) ) ;
#8044 = VECTOR ( 'NONE', #6737, 1000.000000000000000 ) ;
#8045 = LINE ( 'NONE', #930, #6757 ) ;
#8046 = DIRECTION ( 'NONE',  ( -0.7071067811865426878, 0.7071067811865524577, -0.000000000000000000 ) ) ;
#8047 = DIRECTION ( 'NONE',  ( 1.000000000000000000, 0.000000000000000000, 0.000000000000000000 ) ) ;
#8048 = ORIENTED_EDGE ( 'NONE', *, *, #923, .T. ) ;
#8049 = ORIENTED_EDGE ( 'NONE', *, *, #2666, .T. ) ;
#8050 = LINE ( 'NONE', #982, #6507 ) ;
#8051 = AXIS2_PLACEMENT_3D ( 'NONE', #8672, #360, #4846 ) ;
#8052 = LINE ( 'NONE', #1080, #774 ) ;
#8053 = ORIENTED_EDGE ( 'NONE', *, *, #3062, .F. ) ;
#8054 = EDGE_CURVE ( 'NONE', #5281, #8296, #6748, .T. ) ;
#8055 = DIRECTION ( 'NONE',  ( -1.000000000000000000, -0.000000000000000000, -0.000000000000000000 ) ) ;
#8056 = EDGE_LOOP ( 'NONE', ( #3674, #3684, #9312, #3621 ) ) ;
#8057 = DIRECTION ( 'NONE',  ( -0.000000000000000000, 0.000000000000000000, 1.000000000000000000 ) ) ;
#8058 = VECTOR ( 'NONE', #9648, 1000.000000000000000 ) ;
#8059 = LINE ( 'NONE', #9696, #5290 ) ;
#8060 = VERTEX_POINT ( 'NONE', #2126 ) ;
#8061 = VECTOR ( 'NONE', #1523, 1000.000000000000114 ) ;
#8062 = CARTESIAN_POINT ( 'NONE',  ( 53.44999999999999574, 10.80000000000000071, -17.45000000000039009 ) ) ;
#8063 = ORIENTED_EDGE ( 'NONE', *, *, #7983, .F. ) ;
#8064 = ORIENTED_EDGE ( 'NONE', *, *, #7056, .T. ) ;
#8065 = CARTESIAN_POINT ( 'NONE',  ( 18.54999999999999716, 10.80000000000000071, -9.550000000000384404 ) ) ;
#8066 = VERTEX_POINT ( 'NONE', #8338 ) ;
#8067 = ORIENTED_EDGE ( 'NONE', *, *, #2625, .T. ) ;
#8068 = CARTESIAN_POINT ( 'NONE',  ( 45.54999999999999005, 10.80000000000000071, 17.44999999999961560 ) ) ;
#8069 = VECTOR ( 'NONE', #5247, 1000.000000000000227 ) ;
#8070 = ADVANCED_FACE ( 'NONE', ( #6340 ), #9456, .F. ) ;
#8071 = ADVANCED_FACE ( 'NONE', ( #7766 ), #8584, .F. ) ;
#8072 = CARTESIAN_POINT ( 'NONE',  ( -61.00000000000000000, 10.49999999999999822, 8.000000000000000000 ) ) ;
#8073 = EDGE_CURVE ( 'NONE', #6392, #4319, #6190, .T. ) ;
#8074 = CARTESIAN_POINT ( 'NONE',  ( 38.73571359999211694, 22.25864506693675793, 26.58211138907229198 ) ) ;
#8075 = ORIENTED_EDGE ( 'NONE', *, *, #8796, .T. ) ;
#8076 = ORIENTED_EDGE ( 'NONE', *, *, #8826, .F. ) ;
#8077 = VERTEX_POINT ( 'NONE', #3077 ) ;
#8078 = VECTOR ( 'NONE', #3073, 1000.000000000000114 ) ;
#8079 = DIRECTION ( 'NONE',  ( 0.000000000000000000, 0.000000000000000000, 1.000000000000000000 ) ) ;
#8080 = DIRECTION ( 'NONE',  ( -0.000000000000000000, 0.000000000000000000, 1.000000000000000000 ) ) ;
#8081 = ADVANCED_FACE ( 'NONE', ( #7044 ), #5578, .F. ) ;
#8082 = DIRECTION ( 'NONE',  ( 3.161696790679840518E-17, -1.102614705486210178E-16, -1.000000000000000000 ) ) ;
#8083 = ORIENTED_EDGE ( 'NONE', *, *, #2368, .T. ) ;
#8084 = VECTOR ( 'NONE', #5598, 1000.000000000000000 ) ;
#8085 = VECTOR ( 'NONE', #1109, 1000.000000000000000 ) ;
#8086 = EDGE_CURVE ( 'NONE', #4606, #9450, #3794, .T. ) ;
#8087 = EDGE_CURVE ( 'NONE', #7328, #4997, #6894, .T. ) ;
#8088 = VERTEX_POINT ( 'NONE', #10021 ) ;
#8089 = LINE ( 'NONE', #3970, #597 ) ;
#8090 = CARTESIAN_POINT ( 'NONE',  ( -53.44999999999999574, 10.80000000000000071, -35.45000000000039364 ) ) ;
#8091 = DIRECTION ( 'NONE',  ( -0.2657276780299911434, -0.9267025424900801056, 0.2657276780299911434 ) ) ;
#8092 = PRESENTATION_LAYER_ASSIGNMENT (  '', '', ( #6310 ) ) ;
#8093 = VECTOR ( 'NONE', #1963, 1000.000000000000227 ) ;
#8094 = PLANE ( 'NONE',  #8565 ) ;
#8095 = VERTEX_POINT ( 'NONE', #10071 ) ;
#8096 = PLANE ( 'NONE',  #7283 ) ;
#8097 = ORIENTED_EDGE ( 'NONE', *, *, #6096, .T. ) ;
#8098 = EDGE_CURVE ( 'NONE', #7221, #4765, #75, .T. ) ;
#8099 = LINE ( 'NONE', #3805, #6412 ) ;
#8100 = CARTESIAN_POINT ( 'NONE',  ( -20.37499999999999645, 10.80000000000000426, 8.449999999999617373 ) ) ;
#8101 = VECTOR ( 'NONE', #2417, 1000.000000000000000 ) ;
#8102 = LINE ( 'NONE', #4890, #2680 ) ;
#8103 = DIRECTION ( 'NONE',  ( -0.5001519828512185351, -0.8323926831162089535, -0.2386847610229712591 ) ) ;
#8104 = LINE ( 'NONE', #5616, #5729 ) ;
#8105 = VERTEX_POINT ( 'NONE', #6292 ) ;
#8106 = CARTESIAN_POINT ( 'NONE',  ( -20.37499999999999645, 7.500000000000000000, -1.496259773004444904 ) ) ;
#8107 = AXIS2_PLACEMENT_3D ( 'NONE', #9972, #3584, #1830 ) ;
#8108 = CARTESIAN_POINT ( 'NONE',  ( -20.37499999999999645, 10.53731005528968723, -33.62500000000000711 ) ) ;
#8109 = CARTESIAN_POINT ( 'NONE',  ( -13.90968028962738856, -0.2227888855198109364, 14.28926614888330882 ) ) ;
#8110 = VERTEX_POINT ( 'NONE', #3029 ) ;
#8111 = CARTESIAN_POINT ( 'NONE',  ( 18.54999999999999005, 7.500000000000007105, -35.45000000000002416 ) ) ;
#8112 = ORIENTED_EDGE ( 'NONE', *, *, #2156, .T. ) ;
#8113 = ORIENTED_EDGE ( 'NONE', *, *, #1780, .T. ) ;
#8114 = CARTESIAN_POINT ( 'NONE',  ( 0.000000000000000000, 7.500000000000000000, 10.49625977300367907 ) ) ;
#8115 = ORIENTED_EDGE ( 'NONE', *, *, #3545, .T. ) ;
#8116 = ORIENTED_EDGE ( 'NONE', *, *, #998, .F. ) ;
#8117 = DIRECTION ( 'NONE',  ( -0.000000000000000000, 0.000000000000000000, 1.000000000000000000 ) ) ;
#8118 = EDGE_CURVE ( 'NONE', #2404, #2329, #9262, .T. ) ;
#8119 = LINE ( 'NONE', #5171, #7419 ) ;
#8120 = PLANE ( 'NONE',  #8745 ) ;
#8121 = FACE_OUTER_BOUND ( 'NONE', #8028, .T. ) ;
#8122 = CARTESIAN_POINT ( 'NONE',  ( 20.37499999999998934, 10.53731005528969611, 26.37467487046871284 ) ) ;
#8123 = ORIENTED_EDGE ( 'NONE', *, *, #206, .T. ) ;
#8124 = VERTEX_POINT ( 'NONE', #3899 ) ;
#8125 = EDGE_LOOP ( 'NONE', ( #5975, #4970, #3096, #6223 ) ) ;
#8126 = EDGE_CURVE ( 'NONE', #9, #9963, #5381, .T. ) ;
#8127 = DIRECTION ( 'NONE',  ( -0.000000000000000000, -1.000000000000000000, -0.000000000000000000 ) ) ;
#8128 = ORIENTED_EDGE ( 'NONE', *, *, #8517, .T. ) ;
#8129 = DIRECTION ( 'NONE',  ( -0.000000000000000000, -1.000000000000000000, -0.000000000000000000 ) ) ;
#8130 = PLANE ( 'NONE',  #2718 ) ;
#8131 = ORIENTED_EDGE ( 'NONE', *, *, #8371, .F. ) ;
#8132 = ORIENTED_EDGE ( 'NONE', *, *, #1626, .F. ) ;
#8133 = LINE ( 'NONE', #1161, #9052 ) ;
#8134 = PLANE ( 'NONE',  #7839 ) ;
#8135 = EDGE_CURVE ( 'NONE', #3440, #2328, #796, .T. ) ;
#8136 = VECTOR ( 'NONE', #5154, 1000.000000000000000 ) ;
#8137 = DIRECTION ( 'NONE',  ( 0.000000000000000000, -0.2756373558170021609, 0.9612616959383181170 ) ) ;
#8138 = FACE_OUTER_BOUND ( 'NONE', #3500, .T. ) ;
#8139 = EDGE_CURVE ( 'NONE', #996, #5759, #9409, .T. ) ;
#8140 = ORIENTED_EDGE ( 'NONE', *, *, #8823, .T. ) ;
#8141 = AXIS2_PLACEMENT_3D ( 'NONE', #1427, #9937, #9120 ) ;
#8142 = LINE ( 'NONE', #5960, #1278 ) ;
#8143 = ORIENTED_EDGE ( 'NONE', *, *, #9644, .F. ) ;
#8144 = CARTESIAN_POINT ( 'NONE',  ( -36.54999999999999005, 10.80000000000000426, 33.62499999999999289 ) ) ;
#8145 = PLANE ( 'NONE',  #8749 ) ;
#8146 = DIRECTION ( 'NONE',  ( 0.4578768884082913826, -0.7620351108204148627, 0.4578768884082915491 ) ) ;
#8147 = FACE_OUTER_BOUND ( 'NONE', #3658, .T. ) ;
#8148 = CARTESIAN_POINT ( 'NONE',  ( 0.000000000000000000, 7.500000000000000000, -1.496259773004444904 ) ) ;
#8149 = ORIENTED_EDGE ( 'NONE', *, *, #9047, .F. ) ;
#8150 = VERTEX_POINT ( 'NONE', #3848 ) ;
#8151 = CARTESIAN_POINT ( 'NONE',  ( 16.80943399447265207, 8.566080860090387716, -1.190566005527740723 ) ) ;
#8152 = VECTOR ( 'NONE', #8127, 1000.000000000000000 ) ;
#8153 = VECTOR ( 'NONE', #2955, 1000.000000000000000 ) ;
#8154 = CARTESIAN_POINT ( 'NONE',  ( -17.44999999999999929, 10.80000000000000071, -18.55000000000037730 ) ) ;
#8155 = EDGE_CURVE ( 'NONE', #2433, #9637, #5532, .T. ) ;
#8156 = ADVANCED_FACE ( 'NONE', ( #4659 ), #7094, .F. ) ;
#8157 =( GEOMETRIC_REPRESENTATION_CONTEXT ( 3 ) GLOBAL_UNCERTAINTY_ASSIGNED_CONTEXT ( ( #4960 ) ) GLOBAL_UNIT_ASSIGNED_CONTEXT ( ( #8458, #1634, #2396 ) ) REPRESENTATION_CONTEXT ( 'NONE', 'WORKASPACE' ) );
#8158 = LINE ( 'NONE', #8981, #7926 ) ;
#8159 = CARTESIAN_POINT ( 'NONE',  ( 0.000000000000000000, 7.500000000000000000, -25.50374022699630672 ) ) ;
#8160 = ORIENTED_EDGE ( 'NONE', *, *, #7650, .F. ) ;
#8161 = CARTESIAN_POINT ( 'NONE',  ( -51.62500000000000711, 10.53731005528972098, -33.62500000000000711 ) ) ;
#8162 = DIRECTION ( 'NONE',  ( -0.5001519828512186461, 0.8323926831162090645, 0.2386847610229710648 ) ) ;
#8163 = VECTOR ( 'NONE', #1319, 1000.000000000000000 ) ;
#8164 = DIRECTION ( 'NONE',  ( -0.000000000000000000, 0.9612616959383180060, 0.2756373558170023830 ) ) ;
#8165 = ORIENTED_EDGE ( 'NONE', *, *, #6779, .F. ) ;
#8166 = LINE ( 'NONE', #6352, #8058 ) ;
#8167 = ORIENTED_EDGE ( 'NONE', *, *, #5049, .T. ) ;
#8168 = ORIENTED_EDGE ( 'NONE', *, *, #944, .T. ) ;
#8169 = AXIS2_PLACEMENT_3D ( 'NONE', #5149, #2104, #9899 ) ;
#8170 = FACE_OUTER_BOUND ( 'NONE', #6663, .T. ) ;
#8171 = ORIENTED_EDGE ( 'NONE', *, *, #3257, .T. ) ;
#8172 = EDGE_CURVE ( 'NONE', #498, #7794, #2420, .T. ) ;
#8173 = EDGE_CURVE ( 'NONE', #2958, #1909, #1611, .T. ) ;
#8174 = DIRECTION ( 'NONE',  ( 0.000000000000000000, -0.9612616959383174509, -0.2756373558170042704 ) ) ;
#8175 = CARTESIAN_POINT ( 'NONE',  ( 0.000000000000000000, 7.500000000000000000, 28.49625977300367907 ) ) ;
#8176 = EDGE_CURVE ( 'NONE', #844, #336, #1661, .T. ) ;
#8177 = LINE ( 'NONE', #384, #9362 ) ;
#8178 = FACE_OUTER_BOUND ( 'NONE', #3834, .T. ) ;
#8179 = ORIENTED_EDGE ( 'NONE', *, *, #2163, .F. ) ;
#8180 = ORIENTED_EDGE ( 'NONE', *, *, #7543, .T. ) ;
#8181 = VERTEX_POINT ( 'NONE', #129 ) ;
#8182 = ORIENTED_EDGE ( 'NONE', *, *, #80, .T. ) ;
#8183 = DIRECTION ( 'NONE',  ( 0.000000000000000000, -0.2756373558170021609, 0.9612616959383181170 ) ) ;
#8184 = EDGE_CURVE ( 'NONE', #2277, #9915, #6484, .T. ) ;
#8185 = ORIENTED_EDGE ( 'NONE', *, *, #8297, .T. ) ;
#8186 = DIRECTION ( 'NONE',  ( 0.000000000000000000, 0.000000000000000000, 1.000000000000000000 ) ) ;
#8187 = CARTESIAN_POINT ( 'NONE',  ( -40.07937528197220445, 29.75245638442229534, -13.11547058297211343 ) ) ;
#8188 = EDGE_LOOP ( 'NONE', ( #5383, #2031, #7820, #4932 ) ) ;
#8189 = ADVANCED_FACE ( 'NONE', ( #3467 ), #3414, .F. ) ;
#8190 = DIRECTION ( 'NONE',  ( -0.000000000000000000, -0.2756373558170042704, -0.9612616959383174509 ) ) ;
#8191 = CARTESIAN_POINT ( 'NONE',  ( 52.80943399447263431, 8.566080860090423243, 25.80943399447226128 ) ) ;
#8192 = DIRECTION ( 'NONE',  ( 1.000000000000000000, 0.000000000000000000, 0.000000000000000000 ) ) ;
#8193 = DIRECTION ( 'NONE',  ( -1.000000000000000000, 0.000000000000000000, 0.000000000000000000 ) ) ;
#8194 = VECTOR ( 'NONE', #5317, 1000.000000000000000 ) ;
#8195 = ORIENTED_EDGE ( 'NONE', *, *, #9723, .T. ) ;
#8196 = ADVANCED_FACE ( 'NONE', ( #7966 ), #5006, .F. ) ;
#8197 = FACE_OUTER_BOUND ( 'NONE', #4318, .T. ) ;
#8198 = VERTEX_POINT ( 'NONE', #4050 ) ;
#8199 = EDGE_CURVE ( 'NONE', #10064, #7099, #8059, .T. ) ;
#8200 = CARTESIAN_POINT ( 'NONE',  ( -18.54999999999999716, -11.50000000000000000, 35.44999999999998153 ) ) ;
#8201 = DIRECTION ( 'NONE',  ( 0.000000000000000000, -0.8571673007021116675, 0.5150380749100552658 ) ) ;
#8202 = CARTESIAN_POINT ( 'NONE',  ( 0.000000000000000000, 7.500000000000000000, 10.49625977300367907 ) ) ;
#8203 = EDGE_CURVE ( 'NONE', #1134, #5057, #7147, .T. ) ;
#8204 = LINE ( 'NONE', #3561, #7333 ) ;
#8205 = VECTOR ( 'NONE', #7057, 1000.000000000000000 ) ;
#8206 = LINE ( 'NONE', #3615, #4910 ) ;
#8207 = ORIENTED_EDGE ( 'NONE', *, *, #4370, .T. ) ;
#8208 = ORIENTED_EDGE ( 'NONE', *, *, #3501, .T. ) ;
#8209 = DIRECTION ( 'NONE',  ( -0.7071067811865483499, 0.000000000000000000, 0.7071067811865467956 ) ) ;
#8210 = DIRECTION ( 'NONE',  ( 0.000000000000000000, 0.000000000000000000, -1.000000000000000000 ) ) ;
#8211 = DIRECTION ( 'NONE',  ( 0.000000000000000000, 0.000000000000000000, 1.000000000000000000 ) ) ;
#8212 = VERTEX_POINT ( 'NONE', #1086 ) ;
#8213 = VECTOR ( 'NONE', #743, 1000.000000000000000 ) ;
#8214 = CARTESIAN_POINT ( 'NONE',  ( 15.62500000000000000, 7.500000000000000000, 28.49625977300367907 ) ) ;
#8215 = VERTEX_POINT ( 'NONE', #7339 ) ;
#8216 = CARTESIAN_POINT ( 'NONE',  ( 44.45000000000000284, 10.80000000000000071, -27.55000000000038796 ) ) ;
#8217 = CARTESIAN_POINT ( 'NONE',  ( -19.19056600552735503, 8.566080860090405480, 0.000000000000000000 ) ) ;
#8218 = CARTESIAN_POINT ( 'NONE',  ( 18.54999999999999716, 10.80000000000000071, 0.5499999999996132427 ) ) ;
#8219 = EDGE_CURVE ( 'NONE', #9915, #785, #2710, .T. ) ;
#8220 = ORIENTED_EDGE ( 'NONE', *, *, #7528, .T. ) ;
#8221 = ORIENTED_EDGE ( 'NONE', *, *, #9469, .F. ) ;
#8222 = FACE_OUTER_BOUND ( 'NONE', #1493, .T. ) ;
#8223 = EDGE_LOOP ( 'NONE', ( #3526, #9524, #5251, #35 ) ) ;
#8224 = ORIENTED_EDGE ( 'NONE', *, *, #8586, .T. ) ;
#8225 = DIRECTION ( 'NONE',  ( 0.000000000000000000, 0.000000000000000000, -1.000000000000000000 ) ) ;
#8226 = ORIENTED_EDGE ( 'NONE', *, *, #42, .T. ) ;
#8227 = VECTOR ( 'NONE', #4485, 1000.000000000000114 ) ;
#8228 = ORIENTED_EDGE ( 'NONE', *, *, #6772, .F. ) ;
#8229 = CARTESIAN_POINT ( 'NONE',  ( 32.06738976402689190, -0.9965637948165171345, -32.06738976402728980 ) ) ;
#8230 = DIRECTION ( 'NONE',  ( 0.000000000000000000, 0.000000000000000000, -1.000000000000000000 ) ) ;
#8231 = DIRECTION ( 'NONE',  ( 1.000000000000000000, 0.000000000000000000, 0.000000000000000000 ) ) ;
#8232 = AXIS2_PLACEMENT_3D ( 'NONE', #8299, #397, #5189 ) ;
#8233 = CARTESIAN_POINT ( 'NONE',  ( 18.11960549692771849, 12.30096400656391431, 18.11960549692732769 ) ) ;
#8234 = EDGE_CURVE ( 'NONE', #1284, #6388, #4096, .T. ) ;
#8235 = CARTESIAN_POINT ( 'NONE',  ( -20.37499999999999645, 10.53731005528968723, 8.374674870468716392 ) ) ;
#8236 = VERTEX_POINT ( 'NONE', #1807 ) ;
#8237 = ORIENTED_EDGE ( 'NONE', *, *, #806, .F. ) ;
#8238 = ORIENTED_EDGE ( 'NONE', *, *, #1522, .T. ) ;
#8239 = FACE_OUTER_BOUND ( 'NONE', #9942, .T. ) ;
#8240 = VECTOR ( 'NONE', #651, 1000.000000000000227 ) ;
#8241 = FACE_OUTER_BOUND ( 'NONE', #6341, .T. ) ;
#8242 = PLANE ( 'NONE',  #9079 ) ;
#8243 = ORIENTED_EDGE ( 'NONE', *, *, #6613, .T. ) ;
#8244 = EDGE_CURVE ( 'NONE', #7036, #9398, #8732, .T. ) ;
#8245 = VECTOR ( 'NONE', #7678, 1000.000000000000000 ) ;
#8246 = LINE ( 'NONE', #5031, #2056 ) ;
#8247 = CARTESIAN_POINT ( 'NONE',  ( -20.37499999999999645, 10.80000000000000426, 26.44999999999961204 ) ) ;
#8248 = PLANE ( 'NONE',  #512 ) ;
#8249 = EDGE_CURVE ( 'NONE', #7589, #1909, #7196, .T. ) ;
#8250 = FACE_OUTER_BOUND ( 'NONE', #8439, .T. ) ;
#8251 = VECTOR ( 'NONE', #2681, 1000.000000000000000 ) ;
#8252 = EDGE_LOOP ( 'NONE', ( #4860, #424, #6886, #1988 ) ) ;
#8253 = DIRECTION ( 'NONE',  ( 1.000000000000000000, 0.000000000000000000, 0.000000000000000000 ) ) ;
#8254 = ORIENTED_EDGE ( 'NONE', *, *, #746, .F. ) ;
#8255 = DIRECTION ( 'NONE',  ( 0.000000000000000000, 0.000000000000000000, 1.000000000000000000 ) ) ;
#8256 = LINE ( 'NONE', #6614, #408 ) ;
#8257 = AXIS2_PLACEMENT_3D ( 'NONE', #7390, #2816, #2761 ) ;
#8258 = CARTESIAN_POINT ( 'NONE',  ( -3.932610235973041046, -0.9965637948163279525, 32.06738976402657215 ) ) ;
#8259 = VECTOR ( 'NONE', #2837, 1000.000000000000000 ) ;
#8260 = DIRECTION ( 'NONE',  ( 0.000000000000000000, 0.000000000000000000, -1.000000000000000000 ) ) ;
#8261 = ORIENTED_EDGE ( 'NONE', *, *, #9865, .F. ) ;
#8262 = EDGE_LOOP ( 'NONE', ( #7625, #3954, #6100, #12 ) ) ;
#8263 = CARTESIAN_POINT ( 'NONE',  ( 62.00000000000000000, -11.50000000000000000, 34.00000000000000000 ) ) ;
#8264 = EDGE_CURVE ( 'NONE', #6594, #8859, #943, .T. ) ;
#8265 = PLANE ( 'NONE',  #6195 ) ;
#8266 = CARTESIAN_POINT ( 'NONE',  ( -15.62500000000000711, 10.53731005528972098, -33.62500000000000000 ) ) ;
#8267 = ORIENTED_EDGE ( 'NONE', *, *, #3529, .F. ) ;
#8268 = VECTOR ( 'NONE', #8255, 1000.000000000000000 ) ;
#8269 = AXIS2_PLACEMENT_3D ( 'NONE', #4496, #9188, #8365 ) ;
#8270 = DIRECTION ( 'NONE',  ( -0.2657276780299897001, -0.9267025424900808828, 0.2657276780299897001 ) ) ;
#8271 = ORIENTED_EDGE ( 'NONE', *, *, #4256, .T. ) ;
#8272 = DIRECTION ( 'NONE',  ( -0.7071067811865452413, -0.000000000000000000, -0.7071067811865497932 ) ) ;
#8273 = DIRECTION ( 'NONE',  ( 1.000000000000000000, 0.000000000000000000, 0.000000000000000000 ) ) ;
#8274 = FACE_OUTER_BOUND ( 'NONE', #4838, .T. ) ;
#8275 = ORIENTED_EDGE ( 'NONE', *, *, #289, .T. ) ;
#8276 = CARTESIAN_POINT ( 'NONE',  ( -45.54999999999999005, 10.80000000000000426, -33.62500000000000711 ) ) ;
#8277 = ORIENTED_EDGE ( 'NONE', *, *, #6015, .F. ) ;
#8278 = ORIENTED_EDGE ( 'NONE', *, *, #6010, .F. ) ;
#8279 = DIRECTION ( 'NONE',  ( -1.000000000000000000, 0.000000000000000000, 0.000000000000000000 ) ) ;
#8280 = VECTOR ( 'NONE', #3000, 1000.000000000000114 ) ;
#8281 = ADVANCED_FACE ( 'NONE', ( #9646 ), #4952, .F. ) ;
#8282 = EDGE_CURVE ( 'NONE', #2214, #7193, #5822, .T. ) ;
#8283 = DIRECTION ( 'NONE',  ( -0.000000000000000000, 0.000000000000000000, 1.000000000000000000 ) ) ;
#8284 = ADVANCED_FACE ( 'NONE', ( #7238 ), #278, .F. ) ;
#8285 = CARTESIAN_POINT ( 'NONE',  ( 43.80943399447252773, 8.566080860089998694, -34.80943399447291142 ) ) ;
#8286 = LINE ( 'NONE', #3636, #4517 ) ;
#8287 = CARTESIAN_POINT ( 'NONE',  ( -52.50374022699593013, 7.500000000000000000, 0.000000000000000000 ) ) ;
#8288 = LINE ( 'NONE', #3587, #3028 ) ;
#8289 = VERTEX_POINT ( 'NONE', #6390 ) ;
#8290 = ORIENTED_EDGE ( 'NONE', *, *, #1095, .F. ) ;
#8291 = EDGE_LOOP ( 'NONE', ( #1821, #5299, #6173, #9256 ) ) ;
#8292 = DIRECTION ( 'NONE',  ( -0.000000000000000000, -0.2756373558170021609, -0.9612616959383181170 ) ) ;
#8293 = PLANE ( 'NONE',  #3143 ) ;
#8294 = EDGE_CURVE ( 'NONE', #8124, #6024, #3371, .T. ) ;
#8295 = CARTESIAN_POINT ( 'NONE',  ( 52.80943399447264142, 8.566080860090409033, 0.000000000000000000 ) ) ;
#8296 = VERTEX_POINT ( 'NONE', #8830 ) ;
#8297 = EDGE_CURVE ( 'NONE', #4291, #4244, #2520, .T. ) ;
#8298 = ORIENTED_EDGE ( 'NONE', *, *, #1216, .F. ) ;
#8299 = CARTESIAN_POINT ( 'NONE',  ( -18.54999999999999716, 7.500000000000000000, 35.44999999999998153 ) ) ;
#8300 = LINE ( 'NONE', #2327, #8163 ) ;
#8301 = CARTESIAN_POINT ( 'NONE',  ( 9.550000000000002487, 10.80000000000000426, 33.62500000000000000 ) ) ;
#8302 = FACE_OUTER_BOUND ( 'NONE', #3432, .T. ) ;
#8303 = ORIENTED_EDGE ( 'NONE', *, *, #6204, .T. ) ;
#8304 = CARTESIAN_POINT ( 'NONE',  ( -15.62500000000000711, 10.53731005528969789, 33.62500000000000000 ) ) ;
#8305 = EDGE_LOOP ( 'NONE', ( #6776, #5159, #666, #1091, #3696, #904, #4507 ) ) ;
#8306 = CARTESIAN_POINT ( 'NONE',  ( -60.00000000000000000, 8.099999999999999645, -8.000000000000000000 ) ) ;
#8307 = EDGE_CURVE ( 'NONE', #8878, #9010, #7290, .T. ) ;
#8308 = VECTOR ( 'NONE', #2298, 1000.000000000000000 ) ;
#8309 = CARTESIAN_POINT ( 'NONE',  ( 61.43449314192414334, 10.49999999999999822, 33.36342533005872468 ) ) ;
#8310 = CARTESIAN_POINT ( 'NONE',  ( 53.44999999999999574, -11.50000000000000000, -35.45000000000003126 ) ) ;
#8311 = CARTESIAN_POINT ( 'NONE',  ( 18.54999999999999716, 10.80000000000000071, 26.44999999999961204 ) ) ;
#8312 = ORIENTED_EDGE ( 'NONE', *, *, #2625, .F. ) ;
#8313 = ORIENTED_EDGE ( 'NONE', *, *, #7886, .T. ) ;
#8314 = DIRECTION ( 'NONE',  ( -0.000000000000000000, 0.9612616959383180060, 0.2756373558170023830 ) ) ;
#8315 = DIRECTION ( 'NONE',  ( 0.000000000000000000, 0.000000000000000000, 1.000000000000000000 ) ) ;
#8316 = VECTOR ( 'NONE', #4881, 1000.000000000000114 ) ;
#8317 = DIRECTION ( 'NONE',  ( 0.9612616959383174509, -0.2756373558170042704, 0.000000000000000000 ) ) ;
#8318 = ORIENTED_EDGE ( 'NONE', *, *, #620, .F. ) ;
#8319 = LINE ( 'NONE', #3827, #1446 ) ;
#8320 = ORIENTED_EDGE ( 'NONE', *, *, #2041, .F. ) ;
#8321 = FACE_OUTER_BOUND ( 'NONE', #2089, .T. ) ;
#8322 = LINE ( 'NONE', #2921, #2405 ) ;
#8323 = EDGE_CURVE ( 'NONE', #4144, #9607, #8876, .T. ) ;
#8324 = LINE ( 'NONE', #1346, #6264 ) ;
#8325 = VECTOR ( 'NONE', #5839, 1000.000000000000000 ) ;
#8326 = ORIENTED_EDGE ( 'NONE', *, *, #6270, .F. ) ;
#8327 = CARTESIAN_POINT ( 'NONE',  ( 18.54999999999999005, 86.52417351671579127, -35.45000000000002416 ) ) ;
#8328 = ORIENTED_EDGE ( 'NONE', *, *, #2652, .F. ) ;
#8329 = EDGE_LOOP ( 'NONE', ( #4431, #2117, #4942, #1317 ) ) ;
#8330 = VECTOR ( 'NONE', #623, 1000.000000000000114 ) ;
#8331 = LINE ( 'NONE', #377, #202 ) ;
#8332 = CARTESIAN_POINT ( 'NONE',  ( 0.000000000000000000, 7.500000000000000000, -1.496259773004444904 ) ) ;
#8333 = DIRECTION ( 'NONE',  ( -1.000000000000000000, -0.000000000000000000, -0.000000000000000000 ) ) ;
#8334 = VECTOR ( 'NONE', #349, 1000.000000000000000 ) ;
#8335 = LINE ( 'NONE', #2125, #7602 ) ;
#8336 = ADVANCED_FACE ( 'NONE', ( #1237 ), #9958, .F. ) ;
#8337 = ADVANCED_FACE ( 'NONE', ( #4399 ), #2868, .F. ) ;
#8338 = CARTESIAN_POINT ( 'NONE',  ( 45.54999999999999005, 10.80000000000000071, -33.62500000000000000 ) ) ;
#8339 = LINE ( 'NONE', #4309, #4013 ) ;
#8340 = ORIENTED_EDGE ( 'NONE', *, *, #9968, .T. ) ;
#8341 = ORIENTED_EDGE ( 'NONE', *, *, #6772, .T. ) ;
#8342 = ORIENTED_EDGE ( 'NONE', *, *, #4731, .T. ) ;
#8343 = CARTESIAN_POINT ( 'NONE',  ( 0.000000000000000000, 7.500000000000000000, -34.50374022699632093 ) ) ;
#8344 = CARTESIAN_POINT ( 'NONE',  ( -17.45000000000001350, 7.500000000000000000, 35.44999999999997442 ) ) ;
#8345 = CARTESIAN_POINT ( 'NONE',  ( 36.54999999999999716, 10.80000000000000426, -33.62500000000000000 ) ) ;
#8346 = EDGE_LOOP ( 'NONE', ( #1254, #1930, #779, #6050 ) ) ;
#8347 = DIRECTION ( 'NONE',  ( 1.000000000000000000, 0.000000000000000000, 0.000000000000000000 ) ) ;
#8348 = EDGE_CURVE ( 'NONE', #2079, #6794, #6683, .T. ) ;
#8349 = CARTESIAN_POINT ( 'NONE',  ( 5.067389764026953181, -0.9965637948163279525, 32.06738976402657215 ) ) ;
#8350 = CARTESIAN_POINT ( 'NONE',  ( -19.19056600552735148, 8.566080860090400151, 0.000000000000000000 ) ) ;
#8351 = EDGE_CURVE ( 'NONE', #17, #7438, #9913, .T. ) ;
#8352 = ORIENTED_EDGE ( 'NONE', *, *, #809, .T. ) ;
#8353 = PLANE ( 'NONE',  #6787 ) ;
#8354 = ORIENTED_EDGE ( 'NONE', *, *, #2749, .T. ) ;
#8355 = EDGE_CURVE ( 'NONE', #9065, #6556, #9193, .T. ) ;
#8356 = CARTESIAN_POINT ( 'NONE',  ( 20.37499999999998934, 10.53731005528968900, -18.62532512953128716 ) ) ;
#8357 = DIRECTION ( 'NONE',  ( 0.2386847610229712591, -0.8323926831162089535, -0.5001519828512186461 ) ) ;
#8358 = PLANE ( 'NONE',  #8169 ) ;
#8359 = ORIENTED_EDGE ( 'NONE', *, *, #8951, .F. ) ;
#8360 = ORIENTED_EDGE ( 'NONE', *, *, #4068, .F. ) ;
#8361 = CARTESIAN_POINT ( 'NONE',  ( 61.85875721063607102, 9.899999999999975486, 33.78768939877064525 ) ) ;
#8362 = VECTOR ( 'NONE', #7699, 1000.000000000000000 ) ;
#8363 = DIRECTION ( 'NONE',  ( -1.000000000000000000, -0.000000000000000000, -0.000000000000000000 ) ) ;
#8364 = VERTEX_POINT ( 'NONE', #7503 ) ;
#8365 = DIRECTION ( 'NONE',  ( 0.000000000000000000, 0.000000000000000000, -1.000000000000000000 ) ) ;
#8366 = ORIENTED_EDGE ( 'NONE', *, *, #5377, .F. ) ;
#8367 = DIRECTION ( 'NONE',  ( -0.4999999999999957256, -0.7071067811865535679, 0.4999999999999957256 ) ) ;
#8368 = LINE ( 'NONE', #1292, #9244 ) ;
#8369 = VECTOR ( 'NONE', #4622, 1000.000000000000000 ) ;
#8370 = DIRECTION ( 'NONE',  ( 0.000000000000000000, 0.000000000000000000, 1.000000000000000000 ) ) ;
#8371 = EDGE_CURVE ( 'NONE', #4201, #8640, #2922, .T. ) ;
#8372 = ORIENTED_EDGE ( 'NONE', *, *, #7009, .F. ) ;
#8373 = FACE_OUTER_BOUND ( 'NONE', #200, .T. ) ;
#8374 = ORIENTED_EDGE ( 'NONE', *, *, #7765, .T. ) ;
#8375 = ORIENTED_EDGE ( 'NONE', *, *, #10067, .T. ) ;
#8376 = DIRECTION ( 'NONE',  ( 0.000000000000000000, 0.000000000000000000, -1.000000000000000000 ) ) ;
#8377 = ORIENTED_EDGE ( 'NONE', *, *, #6991, .T. ) ;
#8378 = EDGE_CURVE ( 'NONE', #2352, #3102, #5107, .T. ) ;
#8379 = VECTOR ( 'NONE', #2968, 1000.000000000000000 ) ;
#8380 = CARTESIAN_POINT ( 'NONE',  ( 18.54999999999999716, 10.80000000000000071, -17.45000000000039009 ) ) ;
#8381 = DIRECTION ( 'NONE',  ( -1.000000000000000000, 0.000000000000000000, 0.000000000000000000 ) ) ;
#8382 = CARTESIAN_POINT ( 'NONE',  ( 0.000000000000000000, 7.500000000000000000, -19.49625977300445356 ) ) ;
#8383 = DIRECTION ( 'NONE',  ( 0.2657276780299911434, -0.9267025424900801056, 0.2657276780299911434 ) ) ;
#8384 = PLANE ( 'NONE',  #1573 ) ;
#8385 = VECTOR ( 'NONE', #6378, 1000.000000000000114 ) ;
#8386 = ORIENTED_EDGE ( 'NONE', *, *, #414, .F. ) ;
#8387 = ORIENTED_EDGE ( 'NONE', *, *, #680, .F. ) ;
#8388 = ORIENTED_EDGE ( 'NONE', *, *, #5634, .F. ) ;
#8389 = ORIENTED_EDGE ( 'NONE', *, *, #7140, .F. ) ;
#8390 = DIRECTION ( 'NONE',  ( 0.2657276780299894225, 0.9267025424900811048, 0.2657276780299894225 ) ) ;
#8391 = ADVANCED_FACE ( 'NONE', ( #4295 ), #5870, .F. ) ;
#8392 = EDGE_CURVE ( 'NONE', #10011, #6984, #3521, .T. ) ;
#8393 = DIRECTION ( 'NONE',  ( 0.2756373558170042704, 0.9612616959383174509, 0.000000000000000000 ) ) ;
#8394 = VECTOR ( 'NONE', #968, 1000.000000000000114 ) ;
#8395 = FACE_OUTER_BOUND ( 'NONE', #1809, .T. ) ;
#8396 = DIRECTION ( 'NONE',  ( -0.2756373558170042704, 0.9612616959383174509, 0.000000000000000000 ) ) ;
#8397 = VECTOR ( 'NONE', #5043, 1000.000000000000114 ) ;
#8398 = LINE ( 'NONE', #712, #9379 ) ;
#8399 = VECTOR ( 'NONE', #1306, 1000.000000000000000 ) ;
#8400 = DIRECTION ( 'NONE',  ( 0.2657276780299913099, 0.9267025424900799946, 0.2657276780299913099 ) ) ;
#8401 = EDGE_CURVE ( 'NONE', #1395, #3721, #4346, .T. ) ;
#8402 = DIRECTION ( 'NONE',  ( -0.000000000000000000, 0.000000000000000000, 1.000000000000000000 ) ) ;
#8403 = ORIENTED_EDGE ( 'NONE', *, *, #7126, .T. ) ;
#8404 = EDGE_CURVE ( 'NONE', #941, #7036, #7554, .T. ) ;
#8405 = AXIS2_PLACEMENT_3D ( 'NONE', #2725, #385, #6699 ) ;
#8406 = CARTESIAN_POINT ( 'NONE',  ( -20.37499999999999645, 10.80000000000000426, 9.549999999999608136 ) ) ;
#8407 = ORIENTED_EDGE ( 'NONE', *, *, #8054, .F. ) ;
#8408 = DIRECTION ( 'NONE',  ( 0.000000000000000000, 0.000000000000000000, -1.000000000000000000 ) ) ;
#8409 = LINE ( 'NONE', #6824, #3928 ) ;
#8410 = CARTESIAN_POINT ( 'NONE',  ( -20.37499999999999645, 10.80000000000000426, 33.62499999999999289 ) ) ;
#8411 = ORIENTED_EDGE ( 'NONE', *, *, #7791, .F. ) ;
#8412 = ORIENTED_EDGE ( 'NONE', *, *, #8688, .F. ) ;
#8413 = DIRECTION ( 'NONE',  ( 0.000000000000000000, 0.000000000000000000, -1.000000000000000000 ) ) ;
#8414 = VECTOR ( 'NONE', #5935, 1000.000000000000000 ) ;
#8415 = DIRECTION ( 'NONE',  ( 0.000000000000000000, 0.000000000000000000, -1.000000000000000000 ) ) ;
#8416 = ORIENTED_EDGE ( 'NONE', *, *, #9432, .T. ) ;
#8417 = LINE ( 'NONE', #4595, #10066 ) ;
#8418 = ORIENTED_EDGE ( 'NONE', *, *, #6553, .T. ) ;
#8419 = VECTOR ( 'NONE', #8057, 1000.000000000000000 ) ;
#8420 = DIRECTION ( 'NONE',  ( 0.000000000000000000, -0.000000000000000000, 1.000000000000000000 ) ) ;
#8421 = DIRECTION ( 'NONE',  ( 3.161696790679840518E-17, -1.102614705486210178E-16, -1.000000000000000000 ) ) ;
#8422 = VECTOR ( 'NONE', #9850, 1000.000000000000114 ) ;
#8423 = CARTESIAN_POINT ( 'NONE',  ( -16.80943399447264142, 8.566080860090426796, -1.272127533929287401E-16 ) ) ;
#8424 = ORIENTED_EDGE ( 'NONE', *, *, #4323, .F. ) ;
#8425 = CARTESIAN_POINT ( 'NONE',  ( -16.50374022699592658, 7.500000000000000000, 0.000000000000000000 ) ) ;
#8426 = ORIENTED_EDGE ( 'NONE', *, *, #9328, .T. ) ;
#8427 = ORIENTED_EDGE ( 'NONE', *, *, #220, .F. ) ;
#8428 = DIRECTION ( 'NONE',  ( 1.000000000000000000, 0.000000000000000000, 0.000000000000000000 ) ) ;
#8429 = VECTOR ( 'NONE', #5661, 1000.000000000000000 ) ;
#8430 = ORIENTED_EDGE ( 'NONE', *, *, #2196, .F. ) ;
#8431 = VECTOR ( 'NONE', #9009, 999.9999999999998863 ) ;
#8432 = DIRECTION ( 'NONE',  ( 0.000000000000000000, -0.2756373558170042704, 0.9612616959383174509 ) ) ;
#8433 = CARTESIAN_POINT ( 'NONE',  ( -26.37467487046908943, 10.53731005528965881, 33.62499999999999289 ) ) ;
#8434 = DIRECTION ( 'NONE',  ( 0.000000000000000000, -0.2756373558170040483, 0.9612616959383175619 ) ) ;
#8435 = CARTESIAN_POINT ( 'NONE',  ( 16.50374022699593723, 7.500000000000000000, 0.000000000000000000 ) ) ;
#8436 = VECTOR ( 'NONE', #3675, 1000.000000000000114 ) ;
#8437 = CARTESIAN_POINT ( 'NONE',  ( 9.550000000000002487, 10.80000000000000071, -8.450000000000388312 ) ) ;
#8438 = ADVANCED_FACE ( 'NONE', ( #8274 ), #7450, .F. ) ;
#8439 = EDGE_LOOP ( 'NONE', ( #8818, #1052, #935, #4153 ) ) ;
#8440 = EDGE_LOOP ( 'NONE', ( #3018, #3589, #9143, #8407 ) ) ;
#8441 = ORIENTED_EDGE ( 'NONE', *, *, #9144, .F. ) ;
#8442 = DIRECTION ( 'NONE',  ( 1.000000000000000000, 0.000000000000000000, 3.976443497941104043E-16 ) ) ;
#8443 = CARTESIAN_POINT ( 'NONE',  ( 0.000000000000000000, 7.500000000000000000, -16.50374022699631382 ) ) ;
#8444 = AXIS2_PLACEMENT_3D ( 'NONE', #4277, #404, #3503 ) ;
#8445 = CARTESIAN_POINT ( 'NONE',  ( -40.07937528197220445, 29.75245638442229534, 13.88452941702789367 ) ) ;
#8446 = CARTESIAN_POINT ( 'NONE',  ( 8.374674870469087651, 10.53731005528965881, 33.62500000000000000 ) ) ;
#8447 = EDGE_CURVE ( 'NONE', #8938, #9297, #3627, .T. ) ;
#8448 = ORIENTED_EDGE ( 'NONE', *, *, #2048, .T. ) ;
#8449 = DIRECTION ( 'NONE',  ( -0.000000000000000000, 0.000000000000000000, 1.000000000000000000 ) ) ;
#8450 = DIRECTION ( 'NONE',  ( 0.7071067811865497932, 0.000000000000000000, 0.7071067811865452413 ) ) ;
#8451 = DIRECTION ( 'NONE',  ( -3.469446951953605354E-14, -1.000000000000000000, 0.000000000000000000 ) ) ;
#8452 = ORIENTED_EDGE ( 'NONE', *, *, #7681, .F. ) ;
#8453 = ORIENTED_EDGE ( 'NONE', *, *, #9774, .T. ) ;
#8454 = PLANE ( 'NONE',  #3227 ) ;
#8455 = EDGE_CURVE ( 'NONE', #7828, #3712, #1293, .T. ) ;
#8456 = DIRECTION ( 'NONE',  ( 0.2386847610229712591, 0.8323926831162089535, 0.5001519828512185351 ) ) ;
#8457 = FACE_OUTER_BOUND ( 'NONE', #7396, .T. ) ;
#8458 =( LENGTH_UNIT ( ) NAMED_UNIT ( * ) SI_UNIT ( .MILLI., .METRE. ) );
#8459 = ORIENTED_EDGE ( 'NONE', *, *, #10042, .F. ) ;
#8460 = ORIENTED_EDGE ( 'NONE', *, *, #7476, .F. ) ;
#8461 = CARTESIAN_POINT ( 'NONE',  ( 18.51589529291323899, 14.51721864012751162, -26.48410470708715536 ) ) ;
#8462 = CARTESIAN_POINT ( 'NONE',  ( -15.62500000000000711, 10.80000000000000071, 0.000000000000000000 ) ) ;
#8463 = ORIENTED_EDGE ( 'NONE', *, *, #9883, .T. ) ;
#8464 = DIRECTION ( 'NONE',  ( -0.000000000000000000, -0.000000000000000000, 1.000000000000000000 ) ) ;
#8465 = ORIENTED_EDGE ( 'NONE', *, *, #3943, .T. ) ;
#8466 = AXIS2_PLACEMENT_3D ( 'NONE', #9626, #7991, #920 ) ;
#8467 = LINE ( 'NONE', #2406, #8362 ) ;
#8468 = LINE ( 'NONE', #6881, #7444 ) ;
#8469 = CARTESIAN_POINT ( 'NONE',  ( -17.45000000000000639, 7.500000000000007105, -35.45000000000002416 ) ) ;
#8470 = VERTEX_POINT ( 'NONE', #9857 ) ;
#8471 = CARTESIAN_POINT ( 'NONE',  ( -15.62500000000000711, 10.80000000000000426, 9.549999999999611688 ) ) ;
#8472 = ORIENTED_EDGE ( 'NONE', *, *, #8234, .F. ) ;
#8473 = ORIENTED_EDGE ( 'NONE', *, *, #1675, .F. ) ;
#8474 = EDGE_CURVE ( 'NONE', #855, #5057, #5983, .T. ) ;
#8475 = EDGE_CURVE ( 'NONE', #6388, #5376, #8324, .T. ) ;
#8476 = FACE_OUTER_BOUND ( 'NONE', #7354, .T. ) ;
#8477 = ORIENTED_EDGE ( 'NONE', *, *, #1970, .T. ) ;
#8478 = VECTOR ( 'NONE', #8563, 1000.000000000000000 ) ;
#8479 = VERTEX_POINT ( 'NONE', #3679 ) ;
#8480 = DIRECTION ( 'NONE',  ( 0.000000000000000000, 0.000000000000000000, 1.000000000000000000 ) ) ;
#8481 = CARTESIAN_POINT ( 'NONE',  ( 0.000000000000000000, 7.500000000000000000, -16.50374022699631382 ) ) ;
#8482 = CARTESIAN_POINT ( 'NONE',  ( 8.449999999999999289, 10.80000000000000426, -33.62500000000000000 ) ) ;
#8483 = AXIS2_PLACEMENT_3D ( 'NONE', #9780, #5192, #2739 ) ;
#8484 = VECTOR ( 'NONE', #4833, 1000.000000000000000 ) ;
#8485 = DIRECTION ( 'NONE',  ( -1.000000000000000000, -0.000000000000000000, -0.000000000000000000 ) ) ;
#8486 = LINE ( 'NONE', #4613, #9387 ) ;
#8487 = ORIENTED_EDGE ( 'NONE', *, *, #8249, .T. ) ;
#8488 = ORIENTED_EDGE ( 'NONE', *, *, #3007, .F. ) ;
#8489 = EDGE_CURVE ( 'NONE', #7166, #4551, #6791, .T. ) ;
#8490 = EDGE_CURVE ( 'NONE', #3837, #9252, #5267, .T. ) ;
#8491 = LINE ( 'NONE', #1515, #699 ) ;
#8492 = ORIENTED_EDGE ( 'NONE', *, *, #4791, .F. ) ;
#8493 = ORIENTED_EDGE ( 'NONE', *, *, #9445, .T. ) ;
#8494 = DIRECTION ( 'NONE',  ( -1.000000000000000000, -0.000000000000000000, -0.000000000000000000 ) ) ;
#8495 = VECTOR ( 'NONE', #3386, 1000.000000000000000 ) ;
#8496 = VECTOR ( 'NONE', #9831, 1000.000000000000000 ) ;
#8497 = LINE ( 'NONE', #1470, #4985 ) ;
#8498 = EDGE_CURVE ( 'NONE', #2935, #6678, #3065, .T. ) ;
#8499 = DIRECTION ( 'NONE',  ( 0.2657276780299913099, 0.9267025424900799946, 0.2657276780299913099 ) ) ;
#8500 = LINE ( 'NONE', #4672, #2356 ) ;
#8501 = VECTOR ( 'NONE', #3787, 1000.000000000000000 ) ;
#8502 = DIRECTION ( 'NONE',  ( 1.000000000000000000, 2.239982309999205560E-16, -6.423045915736408765E-17 ) ) ;
#8503 = CARTESIAN_POINT ( 'NONE',  ( 17.88039450307233480, 12.30096400656410083, -18.11960549692805245 ) ) ;
#8504 = EDGE_LOOP ( 'NONE', ( #5103, #6985, #8930, #3563 ) ) ;
#8505 = CARTESIAN_POINT ( 'NONE',  ( 13.08484749617239729, 14.76483374945124893, -9.586897782956357972 ) ) ;
#8506 = EDGE_CURVE ( 'NONE', #9131, #3102, #5467, .T. ) ;
#8507 = CARTESIAN_POINT ( 'NONE',  ( -48.79638818434513325, -5.429073061943231693, 21.79638818434474601 ) ) ;
#8508 = ORIENTED_EDGE ( 'NONE', *, *, #6077, .F. ) ;
#8509 = DIRECTION ( 'NONE',  ( -0.000000000000000000, -0.2756373558170042704, -0.9612616959383174509 ) ) ;
#8510 = PLANE ( 'NONE',  #6588 ) ;
#8511 = CARTESIAN_POINT ( 'NONE',  ( 20.37499999999998934, 10.80000000000000071, 0.000000000000000000 ) ) ;
#8512 = VERTEX_POINT ( 'NONE', #7853 ) ;
#8513 = EDGE_LOOP ( 'NONE', ( #3483, #3032, #4494, #59 ) ) ;
#8514 = DIRECTION ( 'NONE',  ( 0.7071067811865474617, -0.000000000000000000, 0.7071067811865474617 ) ) ;
#8515 = CARTESIAN_POINT ( 'NONE',  ( -52.80943399447264852, 8.566080860090439231, 25.80943399447226838 ) ) ;
#8516 = EDGE_CURVE ( 'NONE', #3965, #9953, #9446, .T. ) ;
#8517 = EDGE_CURVE ( 'NONE', #4347, #8095, #6329, .T. ) ;
#8518 = ORIENTED_EDGE ( 'NONE', *, *, #2988, .T. ) ;
#8519 = DIRECTION ( 'NONE',  ( -0.000000000000000000, 0.000000000000000000, 1.000000000000000000 ) ) ;
#8520 = ORIENTED_EDGE ( 'NONE', *, *, #6476, .T. ) ;
#8521 = EDGE_CURVE ( 'NONE', #2925, #5181, #6981, .T. ) ;
#8522 = PLANE ( 'NONE',  #4457 ) ;
#8523 = LINE ( 'NONE', #5518, #9728 ) ;
#8524 = DIRECTION ( 'NONE',  ( -0.5001519828512186461, -0.8323926831162090645, -0.2386847610229710648 ) ) ;
#8525 = ORIENTED_EDGE ( 'NONE', *, *, #7893, .T. ) ;
#8526 = FACE_BOUND ( 'NONE', #1045, .T. ) ;
#8527 = EDGE_LOOP ( 'NONE', ( #2023, #3080, #9905, #588 ) ) ;
#8528 = ORIENTED_EDGE ( 'NONE', *, *, #9260, .F. ) ;
#8529 = PLANE ( 'NONE',  #1808 ) ;
#8530 = CARTESIAN_POINT ( 'NONE',  ( 51.62500000000000000, 10.53731005528969078, -26.37467487046947667 ) ) ;
#8531 = VECTOR ( 'NONE', #2644, 1000.000000000000000 ) ;
#8532 = CARTESIAN_POINT ( 'NONE',  ( 30.13361562617344092, -27.76612549695436627, 9.133615626173485325 ) ) ;
#8533 = EDGE_LOOP ( 'NONE', ( #1023, #9643, #5942, #8359 ) ) ;
#8534 = EDGE_CURVE ( 'NONE', #521, #3021, #7804, .T. ) ;
#8535 = DIRECTION ( 'NONE',  ( -0.000000000000000000, -0.000000000000000000, 1.000000000000000000 ) ) ;
#8536 = CARTESIAN_POINT ( 'NONE',  ( -51.62500000000000711, 7.500000000000000000, -10.49625977300446067 ) ) ;
#8537 = CARTESIAN_POINT ( 'NONE',  ( 18.54999999999999716, 10.80000000000000071, 17.44999999999961560 ) ) ;
#8538 = ORIENTED_EDGE ( 'NONE', *, *, #5316, .F. ) ;
#8539 = ORIENTED_EDGE ( 'NONE', *, *, #7585, .F. ) ;
#8540 = CARTESIAN_POINT ( 'NONE',  ( -53.44999999999999574, 10.80000000000000071, -0.5500000000003835154 ) ) ;
#8541 = ORIENTED_EDGE ( 'NONE', *, *, #1262, .F. ) ;
#8542 = ORIENTED_EDGE ( 'NONE', *, *, #8972, .F. ) ;
#8543 = VECTOR ( 'NONE', #5292, 1000.000000000000114 ) ;
#8544 = CARTESIAN_POINT ( 'NONE',  ( -17.45000000000001350, 86.52417351671579127, 35.44999999999997442 ) ) ;
#8545 = DIRECTION ( 'NONE',  ( -0.000000000000000000, -0.2756373558170021609, -0.9612616959383181170 ) ) ;
#8546 = DIRECTION ( 'NONE',  ( 0.000000000000000000, 0.9612616959383174509, -0.2756373558170039373 ) ) ;
#8547 = ADVANCED_FACE ( 'NONE', ( #2306 ), #829, .F. ) ;
#8548 = VECTOR ( 'NONE', #9751, 1000.000000000000000 ) ;
#8549 = LINE ( 'NONE', #4773, #8851 ) ;
#8550 = CARTESIAN_POINT ( 'NONE',  ( -20.37499999999999645, 10.80000000000000426, -33.62500000000000711 ) ) ;
#8551 = DIRECTION ( 'NONE',  ( 0.000000000000000000, 0.000000000000000000, 1.000000000000000000 ) ) ;
#8552 = VECTOR ( 'NONE', #5319, 1000.000000000000000 ) ;
#8553 = FACE_OUTER_BOUND ( 'NONE', #3854, .T. ) ;
#8554 = ORIENTED_EDGE ( 'NONE', *, *, #557, .T. ) ;
#8555 = VECTOR ( 'NONE', #2819, 1000.000000000000114 ) ;
#8556 = CARTESIAN_POINT ( 'NONE',  ( -5.168701556195899199E-16, 8.566080860090805160, 34.80943399447237141 ) ) ;
#8557 = AXIS2_PLACEMENT_3D ( 'NONE', #2187, #2943, #8347 ) ;
#8558 = CARTESIAN_POINT ( 'NONE',  ( 19.19056600552735148, 8.566080860090409033, -28.19056600552774583 ) ) ;
#8559 = CARTESIAN_POINT ( 'NONE',  ( -57.99999999999999289, 7.500000000000000000, 8.000000000000000000 ) ) ;
#8560 = EDGE_CURVE ( 'NONE', #4275, #9846, #4600, .T. ) ;
#8561 = VERTEX_POINT ( 'NONE', #3782 ) ;
#8562 = EDGE_LOOP ( 'NONE', ( #8328, #8340, #2337, #9284 ) ) ;
#8563 = DIRECTION ( 'NONE',  ( 0.000000000000000000, 0.000000000000000000, -1.000000000000000000 ) ) ;
#8564 = DIRECTION ( 'NONE',  ( 0.000000000000000000, 0.8571673007021116675, 0.5150380749100552658 ) ) ;
#8565 = AXIS2_PLACEMENT_3D ( 'NONE', #5193, #4222, #6767 ) ;
#8566 = ORIENTED_EDGE ( 'NONE', *, *, #4868, .F. ) ;
#8567 = DIRECTION ( 'NONE',  ( -1.000000000000000000, -4.479964619998411121E-16, -1.284609183147281506E-16 ) ) ;
#8568 = VERTEX_POINT ( 'NONE', #2409 ) ;
#8569 = PLANE ( 'NONE',  #5444 ) ;
#8570 = LINE ( 'NONE', #4747, #789 ) ;
#8571 = CARTESIAN_POINT ( 'NONE',  ( -20.37499999999999645, 7.500000000000000000, -7.503740226996326257 ) ) ;
#8572 = EDGE_LOOP ( 'NONE', ( #9012, #5335, #46, #1699 ) ) ;
#8573 = VECTOR ( 'NONE', #3379, 1000.000000000000000 ) ;
#8574 = EDGE_CURVE ( 'NONE', #3320, #4792, #5520, .T. ) ;
#8575 = DIRECTION ( 'NONE',  ( -1.000000000000000000, 0.000000000000000000, -0.000000000000000000 ) ) ;
#8576 = ORIENTED_EDGE ( 'NONE', *, *, #2988, .F. ) ;
#8577 = ORIENTED_EDGE ( 'NONE', *, *, #4235, .F. ) ;
#8578 = DIRECTION ( 'NONE',  ( 0.000000000000000000, -1.000000000000000000, 0.000000000000000000 ) ) ;
#8579 = DIRECTION ( 'NONE',  ( 0.000000000000000000, 0.000000000000000000, -1.000000000000000000 ) ) ;
#8580 = VECTOR ( 'NONE', #7062, 1000.000000000000114 ) ;
#8581 = DIRECTION ( 'NONE',  ( -0.2657276780299911434, 0.9267025424900801056, 0.2657276780299911434 ) ) ;
#8582 = ORIENTED_EDGE ( 'NONE', *, *, #1596, .F. ) ;
#8583 = PLANE ( 'NONE',  #6459 ) ;
#8584 = PLANE ( 'NONE',  #5763 ) ;
#8585 = DIRECTION ( 'NONE',  ( -1.000000000000000000, -0.000000000000000000, -0.000000000000000000 ) ) ;
#8586 = EDGE_CURVE ( 'NONE', #5626, #6759, #7033, .T. ) ;
#8587 = ORIENTED_EDGE ( 'NONE', *, *, #7731, .T. ) ;
#8588 = EDGE_LOOP ( 'NONE', ( #8508, #8238, #4893, #1456 ) ) ;
#8589 = DIRECTION ( 'NONE',  ( -0.9612616959383174509, -0.2756373558170042704, 0.000000000000000000 ) ) ;
#8590 = VECTOR ( 'NONE', #2162, 1000.000000000000114 ) ;
#8591 = ORIENTED_EDGE ( 'NONE', *, *, #2632, .F. ) ;
#8592 = ORIENTED_EDGE ( 'NONE', *, *, #1511, .F. ) ;
#8593 = VECTOR ( 'NONE', #4357, 1000.000000000000000 ) ;
#8594 = EDGE_CURVE ( 'NONE', #375, #9, #1497, .T. ) ;
#8595 = CARTESIAN_POINT ( 'NONE',  ( -15.62500000000000711, 10.53731005528969789, 33.62500000000000000 ) ) ;
#8596 = CARTESIAN_POINT ( 'NONE',  ( 60.02027957955104398, 9.499999999999980460, 31.94921176768562177 ) ) ;
#8597 = CARTESIAN_POINT ( 'NONE',  ( -51.62500000000000711, 7.500000000000000000, -25.50374022699630672 ) ) ;
#8598 = VECTOR ( 'NONE', #2554, 1000.000000000000114 ) ;
#8599 = AXIS2_PLACEMENT_3D ( 'NONE', #5764, #5623, #5576 ) ;
#8600 = CARTESIAN_POINT ( 'NONE',  ( 45.54999999999999005, 10.80000000000000071, 8.449999999999617373 ) ) ;
#8601 = ORIENTED_EDGE ( 'NONE', *, *, #9914, .F. ) ;
#8602 = DIRECTION ( 'NONE',  ( -0.000000000000000000, -0.000000000000000000, 1.000000000000000000 ) ) ;
#8603 = EDGE_CURVE ( 'NONE', #8976, #2244, #10008, .T. ) ;
#8604 = CARTESIAN_POINT ( 'NONE',  ( 0.000000000000000000, 7.500000000000000000, 16.50374022699554644 ) ) ;
#8605 = EDGE_CURVE ( 'NONE', #7409, #973, #6228, .T. ) ;
#8606 = AXIS2_PLACEMENT_3D ( 'NONE', #9526, #7984, #1630 ) ;
#8607 = CARTESIAN_POINT ( 'NONE',  ( 53.44999999999999574, 7.500000000000007105, -35.45000000000003126 ) ) ;
#8608 = ORIENTED_EDGE ( 'NONE', *, *, #2435, .T. ) ;
#8609 = DIRECTION ( 'NONE',  ( 0.000000000000000000, -0.8571673007021116675, 0.5150380749100552658 ) ) ;
#8610 = LINE ( 'NONE', #1631, #6427 ) ;
#8611 = PLANE ( 'NONE',  #4089 ) ;
#8612 = ORIENTED_EDGE ( 'NONE', *, *, #3391, .F. ) ;
#8613 = ORIENTED_EDGE ( 'NONE', *, *, #80, .F. ) ;
#8614 = EDGE_CURVE ( 'NONE', #6703, #2007, #6179, .T. ) ;
#8615 = PLANE ( 'NONE',  #7332 ) ;
#8616 = CARTESIAN_POINT ( 'NONE',  ( 17.44999999999999929, 86.52417351671579127, -35.45000000000003126 ) ) ;
#8617 = ORIENTED_EDGE ( 'NONE', *, *, #2763, .F. ) ;
#8618 = EDGE_CURVE ( 'NONE', #2328, #5676, #9296, .T. ) ;
#8619 = CARTESIAN_POINT ( 'NONE',  ( -16.80943399447264852, 8.566080860090412585, -1.272127533929272610E-16 ) ) ;
#8620 = ORIENTED_EDGE ( 'NONE', *, *, #4661, .T. ) ;
#8621 = DIRECTION ( 'NONE',  ( -0.7071067811865452413, -0.000000000000000000, 0.7071067811865497932 ) ) ;
#8622 = PLANE ( 'NONE',  #297 ) ;
#8623 = CARTESIAN_POINT ( 'NONE',  ( -20.37499999999999645, 10.53731005528968723, 17.37467487046870218 ) ) ;
#8624 = CARTESIAN_POINT ( 'NONE',  ( 51.33839134370868607, 3.435945472310297788, -15.33839134370907686 ) ) ;
#8625 = CARTESIAN_POINT ( 'NONE',  ( 15.62500000000000000, 10.53731005528968723, 9.625325129530521551 ) ) ;
#8626 = VERTEX_POINT ( 'NONE', #8623 ) ;
#8627 = EDGE_CURVE ( 'NONE', #5851, #3825, #62, .T. ) ;
#8628 = DIRECTION ( 'NONE',  ( 1.000000000000000000, 0.000000000000000000, 0.000000000000000000 ) ) ;
#8629 = DIRECTION ( 'NONE',  ( 0.000000000000000000, 0.000000000000000000, -1.000000000000000000 ) ) ;
#8630 = EDGE_CURVE ( 'NONE', #8676, #2274, #4646, .T. ) ;
#8631 = DIRECTION ( 'NONE',  ( -0.000000000000000000, 0.9612616959383174509, 0.2756373558170039373 ) ) ;
#8632 = ORIENTED_EDGE ( 'NONE', *, *, #6342, .T. ) ;
#8633 = DIRECTION ( 'NONE',  ( 1.000000000000000000, 0.000000000000000000, 0.000000000000000000 ) ) ;
#8634 = DIRECTION ( 'NONE',  ( 0.000000000000000000, -1.628809415300402958E-16, -1.000000000000000000 ) ) ;
#8635 = ORIENTED_EDGE ( 'NONE', *, *, #4212, .F. ) ;
#8636 = EDGE_LOOP ( 'NONE', ( #6395, #3206, #4841, #8278 ) ) ;
#8637 = ORIENTED_EDGE ( 'NONE', *, *, #8355, .T. ) ;
#8638 = VECTOR ( 'NONE', #9439, 1000.000000000000114 ) ;
#8639 = DIRECTION ( 'NONE',  ( -0.000000000000000000, -0.2756373558170040483, -0.9612616959383175619 ) ) ;
#8640 = VERTEX_POINT ( 'NONE', #16 ) ;
#8641 = CARTESIAN_POINT ( 'NONE',  ( 27.54999999999999005, 10.80000000000000071, 35.44999999999961204 ) ) ;
#8642 = CARTESIAN_POINT ( 'NONE',  ( 15.62500000000000000, 7.500000000000000000, -16.50374022699631382 ) ) ;
#8643 = VECTOR ( 'NONE', #9625, 1000.000000000000114 ) ;
#8644 = EDGE_CURVE ( 'NONE', #6984, #284, #3985, .T. ) ;
#8645 = FACE_OUTER_BOUND ( 'NONE', #5150, .T. ) ;
#8646 = ADVANCED_FACE ( 'NONE', ( #9393 ), #7277, .F. ) ;
#8647 = CARTESIAN_POINT ( 'NONE',  ( 53.44999999999999574, 10.80000000000000071, -0.5500000000003835154 ) ) ;
#8648 = EDGE_CURVE ( 'NONE', #6530, #4291, #1694, .T. ) ;
#8649 = VERTEX_POINT ( 'NONE', #6421 ) ;
#8650 = FACE_OUTER_BOUND ( 'NONE', #4563, .T. ) ;
#8651 = VECTOR ( 'NONE', #9384, 1000.000000000000000 ) ;
#8652 = CLOSED_SHELL ( 'NONE', ( #1391, #5996, #9162, #8990, #5592, #2466, #1777, #6960, #8807, #7155, #9967, #9427, #8893, #4593, #872, #2461, #120, #2747, #4999, #7835, #108, #1819, #8189, #3969, #1609, #2312, #3759, #9657, #5976, #3285, #7298, #5262, #7403, #865, #5608, #2785, #3846, #1898, #5591, #1429, #2756, #9658, #518, #2077, #9202, #4897, #871, #3383, #9369, #1550, #2942, #6083, #2411, #4442, #7989, #1758, #7418, #5091, #9787, #2282, #3106, #7064, #7113, #8336, #432, #5574, #3831, #1823, #772, #1019, #957, #5668, #4276, #9011, #9279, #8156, #3527, #5932, #2874, #4192, #566, #9525, #9044, #5687, #4110, #4706, #6942, #8920, #5692, #9149, #3731, #2194, #6515, #3611, #1009, #4134, #2122, #9775, #3195, #3431, #1268, #10079, #6162, #8646, #4830, #2736, #6676, #9594, #5669, #7324, #6059, #2174, #2583, #611, #194, #2735, #3894, #3671, #700, #9618, #8547, #5215, #7183, #9023, #9400, #54, #5638, #8071, #1677, #7311, #3304, #491, #4609, #4223, #9289, #3446, #4980, #9982, #6901, #6101, #4968, #8438, #1491, #2596, #2919, #3864, #9824, #8281, #4901, #720, #275, #7021, #2325, #5950, #6819, #3733, #3037, #642, #3633, #3847, #3803, #7080, #6303, #8391, #3136, #8070, #4566, #6386, #1037, #5173, #2679, #8034, #5787, #7423, #9950, #7270, #4821, #3090, #4695, #1407, #2852, #9467, #2095, #8000, #3365, #2484, #1553, #9595, #79, #7301, #8904, #1580, #1753, #628, #5419, #126, #2255, #4565, #2027, #6707, #8081, #4361, #8284, #7345, #3867, #7823, #4859, #959, #858, #8196, #5880, #9238, #2217, #1856, #379, #7383, #7859, #1788, #9104, #679, #8762, #7001, #6647, #5390, #6064, #3773, #2141, #304, #5827, #2032, #4001, #2063, #2901, #7784, #5200, #7710, #1647, #127, #4719, #8888, #1106, #4776, #7026, #9534, #6642, #562, #3222, #9685, #835, #8337, #5498, #552, #7013, #6318, #2579, #983, #8039, #1027, #5499, #7453, #9667, #5852, #2721, #4251, #5648, #9576, #1105, #2840, #7096, #4981, #9555, #2613, #4667, #7498, #2014, #9835, #4250, #4434, #1048, #10019, #7947, #6797, #5745, #826, #1805, #7809, #9071, #8664, #3011, #4479, #181, #7106, #1341, #4579, #1425, #2789, #6987, #2670, #1312, #1687, #5191, #6005, #5414, #5530, #5867, #5448, #5348, #6398, #6872, #9170, #2653, #1496, #5432, #240, #9760 ) ) ;
#8653 = CARTESIAN_POINT ( 'NONE',  ( -15.33839134370872159, 3.435945472310388826, -29.66160865629166565 ) ) ;
#8654 = DIRECTION ( 'NONE',  ( -0.000000000000000000, -0.2756373558170042704, -0.9612616959383174509 ) ) ;
#8655 = VERTEX_POINT ( 'NONE', #4938 ) ;
#8656 = DIRECTION ( 'NONE',  ( 0.000000000000000000, 0.000000000000000000, 1.000000000000000000 ) ) ;
#8657 = AXIS2_PLACEMENT_3D ( 'NONE', #6949, #4426, #5190 ) ;
#8658 = VECTOR ( 'NONE', #2558, 1000.000000000000000 ) ;
#8659 = CARTESIAN_POINT ( 'NONE',  ( 47.73571359999213115, 22.25864506693677924, -26.58211138907231685 ) ) ;
#8660 = DIRECTION ( 'NONE',  ( 0.2756373558170042704, -0.9612616959383174509, 0.000000000000000000 ) ) ;
#8661 = ORIENTED_EDGE ( 'NONE', *, *, #8098, .F. ) ;
#8662 = ORIENTED_EDGE ( 'NONE', *, *, #2627, .T. ) ;
#8663 = CARTESIAN_POINT ( 'NONE',  ( 2.735713599992134704, 22.25864506693677569, -26.58211138907231330 ) ) ;
#8664 = ADVANCED_FACE ( 'NONE', ( #3303 ), #7902, .F. ) ;
#8665 = CARTESIAN_POINT ( 'NONE',  ( 0.000000000000000000, 10.80000000000000071, -33.62500000000000000 ) ) ;
#8666 = ORIENTED_EDGE ( 'NONE', *, *, #9092, .T. ) ;
#8667 = PLANE ( 'NONE',  #6963 ) ;
#8668 = ORIENTED_EDGE ( 'NONE', *, *, #6583, .F. ) ;
#8669 = EDGE_CURVE ( 'NONE', #9687, #7042, #7325, .T. ) ;
#8670 = FACE_OUTER_BOUND ( 'NONE', #6298, .T. ) ;
#8671 = CARTESIAN_POINT ( 'NONE',  ( 7.809433994472760432, 8.566080860090821147, 34.80943399447237852 ) ) ;
#8672 = CARTESIAN_POINT ( 'NONE',  ( -43.50374022699593013, 7.500000000000000000, 0.000000000000000000 ) ) ;
#8673 = DIRECTION ( 'NONE',  ( 0.7071067811865474617, 0.000000000000000000, -0.7071067811865474617 ) ) ;
#8674 = DIRECTION ( 'NONE',  ( 0.000000000000000000, -0.000000000000000000, -1.000000000000000000 ) ) ;
#8675 = EDGE_LOOP ( 'NONE', ( #802, #5825, #2051, #3369 ) ) ;
#8676 = VERTEX_POINT ( 'NONE', #1890 ) ;
#8677 = LINE ( 'NONE', #7958, #7522 ) ;
#8678 = DIRECTION ( 'NONE',  ( -0.000000000000000000, 0.000000000000000000, 1.000000000000000000 ) ) ;
#8679 = CARTESIAN_POINT ( 'NONE',  ( -9.549999999999995381, 10.80000000000000426, -33.62500000000000000 ) ) ;
#8680 = EDGE_LOOP ( 'NONE', ( #1058, #7484, #2588, #4098 ) ) ;
#8681 = LINE ( 'NONE', #4809, #2240 ) ;
#8682 = CARTESIAN_POINT ( 'NONE',  ( 52.50374022699593013, 7.500000000000000000, 0.000000000000000000 ) ) ;
#8683 = EDGE_LOOP ( 'NONE', ( #3905, #5944, #2999, #2009 ) ) ;
#8684 = ORIENTED_EDGE ( 'NONE', *, *, #1390, .T. ) ;
#8685 = ORIENTED_EDGE ( 'NONE', *, *, #2513, .F. ) ;
#8686 = FACE_OUTER_BOUND ( 'NONE', #2616, .T. ) ;
#8687 = EDGE_LOOP ( 'NONE', ( #7439, #1453, #7357, #477 ) ) ;
#8688 = EDGE_CURVE ( 'NONE', #4261, #2832, #3356, .T. ) ;
#8689 = LINE ( 'NONE', #5439, #3580 ) ;
#8690 = AXIS2_PLACEMENT_3D ( 'NONE', #4315, #7414, #446 ) ;
#8691 = CARTESIAN_POINT ( 'NONE',  ( 53.44999999999999574, 10.80000000000000071, 17.44999999999961560 ) ) ;
#8692 = LINE ( 'NONE', #1719, #2565 ) ;
#8693 = LINE ( 'NONE', #2281, #4626 ) ;
#8694 = VECTOR ( 'NONE', #6401, 1000.000000000000114 ) ;
#8695 = ORIENTED_EDGE ( 'NONE', *, *, #3990, .F. ) ;
#8696 = LINE ( 'NONE', #145, #8884 ) ;
#8697 = EDGE_CURVE ( 'NONE', #4815, #8878, #8045, .T. ) ;
#8698 = CARTESIAN_POINT ( 'NONE',  ( 19.19056600552735503, 8.566080860090423243, -25.80943399447302156 ) ) ;
#8699 = CARTESIAN_POINT ( 'NONE',  ( -51.62500000000000711, 10.53731005528969789, 33.62499999999999289 ) ) ;
#8700 = AXIS2_PLACEMENT_3D ( 'NONE', #5886, #2076, #6047 ) ;
#8701 = LINE ( 'NONE', #7361, #1094 ) ;
#8702 = ORIENTED_EDGE ( 'NONE', *, *, #1416, .F. ) ;
#8703 = LINE ( 'NONE', #3243, #2905 ) ;
#8704 = DIRECTION ( 'NONE',  ( -0.5001519828512185351, 0.8323926831162089535, 0.2386847610229712591 ) ) ;
#8705 = DIRECTION ( 'NONE',  ( 1.000000000000000000, 0.000000000000000000, 0.000000000000000000 ) ) ;
#8706 = AXIS2_PLACEMENT_3D ( 'NONE', #8202, #1942, #5964 ) ;
#8707 = EDGE_CURVE ( 'NONE', #1664, #7924, #4991, .T. ) ;
#8708 = ORIENTED_EDGE ( 'NONE', *, *, #8173, .T. ) ;
#8709 = ORIENTED_EDGE ( 'NONE', *, *, #4873, .T. ) ;
#8710 = LINE ( 'NONE', #4168, #4088 ) ;
#8711 = CARTESIAN_POINT ( 'NONE',  ( 15.62500000000000000, 10.80000000000000426, -33.62500000000000000 ) ) ;
#8712 = EDGE_CURVE ( 'NONE', #5570, #4311, #7134, .T. ) ;
#8713 = ORIENTED_EDGE ( 'NONE', *, *, #3653, .F. ) ;
#8714 = AXIS2_PLACEMENT_3D ( 'NONE', #3392, #2494, #2591 ) ;
#8715 = LINE ( 'NONE', #2597, #4852 ) ;
#8716 = ORIENTED_EDGE ( 'NONE', *, *, #8498, .F. ) ;
#8717 = CARTESIAN_POINT ( 'NONE',  ( -18.54999999999999716, 7.500000000000000000, -35.45000000000003837 ) ) ;
#8718 = CARTESIAN_POINT ( 'NONE',  ( 0.000000000000000000, 7.500000000000000000, 19.49625977300367552 ) ) ;
#8719 = CARTESIAN_POINT ( 'NONE',  ( 20.37499999999998934, 10.80000000000000071, 0.000000000000000000 ) ) ;
#8720 = PLANE ( 'NONE',  #1004 ) ;
#8721 = DIRECTION ( 'NONE',  ( 0.000000000000000000, 0.000000000000000000, -1.000000000000000000 ) ) ;
#8722 = ORIENTED_EDGE ( 'NONE', *, *, #3458, .F. ) ;
#8723 = ORIENTED_EDGE ( 'NONE', *, *, #2348, .T. ) ;
#8724 = LINE ( 'NONE', #7282, #8795 ) ;
#8725 = VECTOR ( 'NONE', #7767, 1000.000000000000227 ) ;
#8726 = EDGE_CURVE ( 'NONE', #1995, #7589, #8102, .T. ) ;
#8727 = DIRECTION ( 'NONE',  ( 0.000000000000000000, 0.000000000000000000, -1.000000000000000000 ) ) ;
#8728 = CARTESIAN_POINT ( 'NONE',  ( -26.45000000000000284, 10.80000000000000071, -9.550000000000384404 ) ) ;
#8729 = ORIENTED_EDGE ( 'NONE', *, *, #7247, .T. ) ;
#8730 = CARTESIAN_POINT ( 'NONE',  ( -2.584350778095969559E-16, 8.566080860089988036, -34.80943399447291142 ) ) ;
#8731 = VECTOR ( 'NONE', #9258, 1000.000000000000000 ) ;
#8732 = LINE ( 'NONE', #5725, #9034 ) ;
#8733 = ORIENTED_EDGE ( 'NONE', *, *, #1135, .T. ) ;
#8734 = ORIENTED_EDGE ( 'NONE', *, *, #2065, .T. ) ;
#8735 = ORIENTED_EDGE ( 'NONE', *, *, #1377, .F. ) ;
#8736 = DIRECTION ( 'NONE',  ( 1.000000000000000000, 0.000000000000000000, 0.000000000000000000 ) ) ;
#8737 = ORIENTED_EDGE ( 'NONE', *, *, #654, .F. ) ;
#8738 = CARTESIAN_POINT ( 'NONE',  ( -16.80943399447264497, 8.566080860090423243, 10.19056600552696601 ) ) ;
#8739 = VECTOR ( 'NONE', #2438, 1000.000000000000000 ) ;
#8740 = LINE ( 'NONE', #8838, #610 ) ;
#8741 = DIRECTION ( 'NONE',  ( -1.000000000000000000, 0.000000000000000000, 0.000000000000000000 ) ) ;
#8742 = EDGE_CURVE ( 'NONE', #4643, #7508, #7998, .T. ) ;
#8743 = PLANE ( 'NONE',  #3158 ) ;
#8744 = VECTOR ( 'NONE', #4611, 1000.000000000000000 ) ;
#8745 = AXIS2_PLACEMENT_3D ( 'NONE', #5684, #3282, #4820 ) ;
#8746 = ORIENTED_EDGE ( 'NONE', *, *, #5702, .T. ) ;
#8747 = FACE_OUTER_BOUND ( 'NONE', #2923, .T. ) ;
#8748 = CARTESIAN_POINT ( 'NONE',  ( 11.73571359999213115, 22.25864506693677924, -26.58211138907231685 ) ) ;
#8749 = AXIS2_PLACEMENT_3D ( 'NONE', #9789, #6665, #5804 ) ;
#8750 = VECTOR ( 'NONE', #7499, 1000.000000000000114 ) ;
#8751 = DIRECTION ( 'NONE',  ( 1.000000000000000000, 0.000000000000000000, 0.000000000000000000 ) ) ;
#8752 = ORIENTED_EDGE ( 'NONE', *, *, #1844, .F. ) ;
#8753 = EDGE_CURVE ( 'NONE', #1076, #3785, #165, .T. ) ;
#8754 = CARTESIAN_POINT ( 'NONE',  ( 40.07937528197219024, 29.75245638442228824, 31.88452941702788479 ) ) ;
#8755 = CARTESIAN_POINT ( 'NONE',  ( -10.19056600552723957, 8.566080860090805160, 34.80943399447237852 ) ) ;
#8756 = LINE ( 'NONE', #4879, #4753 ) ;
#8757 = VECTOR ( 'NONE', #9575, 1000.000000000000000 ) ;
#8758 = PLANE ( 'NONE',  #188 ) ;
#8759 = PLANE ( 'NONE',  #5855 ) ;
#8760 = VERTEX_POINT ( 'NONE', #4082 ) ;
#8761 = ORIENTED_EDGE ( 'NONE', *, *, #1913, .T. ) ;
#8762 = ADVANCED_FACE ( 'NONE', ( #5567 ), #4229, .F. ) ;
#8763 = PLANE ( 'NONE',  #962 ) ;
#8764 = ORIENTED_EDGE ( 'NONE', *, *, #8490, .T. ) ;
#8765 = LINE ( 'NONE', #6468, #731 ) ;
#8766 = LINE ( 'NONE', #3983, #6155 ) ;
#8767 = CARTESIAN_POINT ( 'NONE',  ( -52.80943399447264142, 8.566080860090433902, 7.809433994472267493 ) ) ;
#8768 = EDGE_CURVE ( 'NONE', #9930, #1651, #5614, .T. ) ;
#8769 = FACE_OUTER_BOUND ( 'NONE', #1782, .T. ) ;
#8770 = CARTESIAN_POINT ( 'NONE',  ( 15.62500000000000000, 10.80000000000000426, 26.44999999999961204 ) ) ;
#8771 = ORIENTED_EDGE ( 'NONE', *, *, #1274, .F. ) ;
#8772 = VERTEX_POINT ( 'NONE', #8767 ) ;
#8773 = CARTESIAN_POINT ( 'NONE',  ( 0.5499999999999949374, 10.80000000000000071, 35.44999999999961204 ) ) ;
#8774 = DIRECTION ( 'NONE',  ( 0.5001519828512187571, -0.8323926831162092865, 0.2386847610229695660 ) ) ;
#8775 = LINE ( 'NONE', #4758, #3876 ) ;
#8776 = VERTEX_POINT ( 'NONE', #7225 ) ;
#8777 = CARTESIAN_POINT ( 'NONE',  ( -17.45000000000000639, 86.52417351671579127, -35.45000000000002416 ) ) ;
#8778 = DIRECTION ( 'NONE',  ( -0.2657276780299913099, -0.9267025424900799946, 0.2657276780299913099 ) ) ;
#8779 = EDGE_CURVE ( 'NONE', #5355, #449, #6471, .T. ) ;
#8780 = VERTEX_POINT ( 'NONE', #4126 ) ;
#8781 = ORIENTED_EDGE ( 'NONE', *, *, #6069, .T. ) ;
#8782 = ORIENTED_EDGE ( 'NONE', *, *, #3930, .F. ) ;
#8783 = ORIENTED_EDGE ( 'NONE', *, *, #6864, .F. ) ;
#8784 = CARTESIAN_POINT ( 'NONE',  ( 13.08484749617240261, 14.76483374945124538, -18.58689778295635620 ) ) ;
#8785 = ORIENTED_EDGE ( 'NONE', *, *, #4784, .F. ) ;
#8786 = CARTESIAN_POINT ( 'NONE',  ( 53.44999999999999574, 10.80000000000000071, 35.44999999999961204 ) ) ;
#8787 = LINE ( 'NONE', #9515, #1741 ) ;
#8788 = FACE_OUTER_BOUND ( 'NONE', #8262, .T. ) ;
#8789 = VECTOR ( 'NONE', #6249, 1000.000000000000000 ) ;
#8790 = EDGE_CURVE ( 'NONE', #3799, #4422, #265, .T. ) ;
#8791 = LINE ( 'NONE', #3536, #887 ) ;
#8792 = ORIENTED_EDGE ( 'NONE', *, *, #6568, .T. ) ;
#8793 = VERTEX_POINT ( 'NONE', #1842 ) ;
#8794 = DIRECTION ( 'NONE',  ( 0.9612616959383174509, -0.2756373558170042704, 0.000000000000000000 ) ) ;
#8795 = VECTOR ( 'NONE', #1755, 1000.000000000000114 ) ;
#8796 = EDGE_CURVE ( 'NONE', #2250, #1116, #1072, .T. ) ;
#8797 = DIRECTION ( 'NONE',  ( 0.000000000000000000, -1.628809415300402958E-16, -1.000000000000000000 ) ) ;
#8798 = LINE ( 'NONE', #965, #10049 ) ;
#8799 = ORIENTED_EDGE ( 'NONE', *, *, #3916, .T. ) ;
#8800 = DIRECTION ( 'NONE',  ( 0.000000000000000000, 0.1391731009600706559, 0.9902680687415695848 ) ) ;
#8801 = VECTOR ( 'NONE', #1835, 1000.000000000000114 ) ;
#8802 = VECTOR ( 'NONE', #1280, 1000.000000000000114 ) ;
#8803 = DIRECTION ( 'NONE',  ( -1.000000000000000000, 0.000000000000000000, 0.000000000000000000 ) ) ;
#8804 = LINE ( 'NONE', #8960, #6060 ) ;
#8805 = CARTESIAN_POINT ( 'NONE',  ( -26.45000000000000284, 10.80000000000000071, 35.44999999999961204 ) ) ;
#8806 = ORIENTED_EDGE ( 'NONE', *, *, #684, .F. ) ;
#8807 = ADVANCED_FACE ( 'NONE', ( #313 ), #3402, .F. ) ;
#8808 = CARTESIAN_POINT ( 'NONE',  ( 50.70289055386784582, 1.219690838747078621, 23.70289055386746213 ) ) ;
#8809 = AXIS2_PLACEMENT_3D ( 'NONE', #7479, #4376, #5697 ) ;
#8810 = VERTEX_POINT ( 'NONE', #9738 ) ;
#8811 = DIRECTION ( 'NONE',  ( 0.000000000000000000, -0.9612616959383180060, -0.2756373558170021054 ) ) ;
#8812 = VERTEX_POINT ( 'NONE', #1173 ) ;
#8813 = CARTESIAN_POINT ( 'NONE',  ( -53.45000000000000284, 86.52417351671579127, -35.45000000000003126 ) ) ;
#8814 = LINE ( 'NONE', #1746, #7936 ) ;
#8815 = DIRECTION ( 'NONE',  ( 0.2657276780299897001, 0.9267025424900808828, 0.2657276780299897001 ) ) ;
#8816 = CARTESIAN_POINT ( 'NONE',  ( 38.73571359999212405, 22.25864506693677569, -26.58211138907231330 ) ) ;
#8817 = CARTESIAN_POINT ( 'NONE',  ( 52.80943399447264142, 8.566080860090405480, 0.000000000000000000 ) ) ;
#8818 = ORIENTED_EDGE ( 'NONE', *, *, #4212, .T. ) ;
#8819 = ORIENTED_EDGE ( 'NONE', *, *, #3913, .F. ) ;
#8820 = VECTOR ( 'NONE', #5473, 1000.000000000000114 ) ;
#8821 = LINE ( 'NONE', #8773, #2319 ) ;
#8822 = EDGE_CURVE ( 'NONE', #8810, #5513, #2102, .T. ) ;
#8823 = EDGE_CURVE ( 'NONE', #2375, #4182, #9683, .T. ) ;
#8824 = PLANE ( 'NONE',  #3349 ) ;
#8825 = ORIENTED_EDGE ( 'NONE', *, *, #4398, .T. ) ;
#8826 = EDGE_CURVE ( 'NONE', #2716, #5374, #9895, .T. ) ;
#8827 = LINE ( 'NONE', #5673, #6156 ) ;
#8828 = VERTEX_POINT ( 'NONE', #6020 ) ;
#8829 = DIRECTION ( 'NONE',  ( 0.2657276780299913099, -0.9267025424900799946, 0.2657276780299913099 ) ) ;
#8830 = CARTESIAN_POINT ( 'NONE',  ( -20.37499999999999645, 10.80000000000000426, -17.45000000000039009 ) ) ;
#8831 = ORIENTED_EDGE ( 'NONE', *, *, #1281, .F. ) ;
#8832 = ORIENTED_EDGE ( 'NONE', *, *, #8087, .T. ) ;
#8833 = ORIENTED_EDGE ( 'NONE', *, *, #236, .F. ) ;
#8834 = LINE ( 'NONE', #1859, #2630 ) ;
#8835 = ORIENTED_EDGE ( 'NONE', *, *, #8297, .F. ) ;
#8836 = EDGE_CURVE ( 'NONE', #1921, #7099, #8256, .T. ) ;
#8837 = EDGE_CURVE ( 'NONE', #7794, #5408, #5198, .T. ) ;
#8838 = CARTESIAN_POINT ( 'NONE',  ( 13.90968028962737968, -0.2227888855198057183, 12.71073385111591492 ) ) ;
#8839 = EDGE_CURVE ( 'NONE', #2675, #4887, #5856, .T. ) ;
#8840 = CARTESIAN_POINT ( 'NONE',  ( -13.90968028962739034, -0.2227888855198031370, 23.28926614888328928 ) ) ;
#8841 = CARTESIAN_POINT ( 'NONE',  ( 61.43449314192414334, 7.500000000000000000, 33.36342533005872468 ) ) ;
#8842 = ORIENTED_EDGE ( 'NONE', *, *, #4633, .T. ) ;
#8843 = ORIENTED_EDGE ( 'NONE', *, *, #9182, .F. ) ;
#8844 = VECTOR ( 'NONE', #9880, 1000.000000000000000 ) ;
#8845 = DIRECTION ( 'NONE',  ( -1.000000000000000000, 0.000000000000000000, 0.000000000000000000 ) ) ;
#8846 = ORIENTED_EDGE ( 'NONE', *, *, #3438, .T. ) ;
#8847 = DIRECTION ( 'NONE',  ( 0.000000000000000000, 0.000000000000000000, 1.000000000000000000 ) ) ;
#8848 = EDGE_CURVE ( 'NONE', #8364, #2522, #4282, .T. ) ;
#8849 = LINE ( 'NONE', #4924, #3861 ) ;
#8850 = VERTEX_POINT ( 'NONE', #8356 ) ;
#8851 = VECTOR ( 'NONE', #4822, 1000.000000000000000 ) ;
#8852 = LINE ( 'NONE', #4979, #6915 ) ;
#8853 = DIRECTION ( 'NONE',  ( 9.786874335553214321E-17, 0.000000000000000000, -1.000000000000000000 ) ) ;
#8854 = FACE_OUTER_BOUND ( 'NONE', #4601, .T. ) ;
#8855 = VECTOR ( 'NONE', #2992, 1000.000000000000000 ) ;
#8856 = CARTESIAN_POINT ( 'NONE',  ( -27.54999999999999361, 10.80000000000000071, -35.45000000000039364 ) ) ;
#8857 = ORIENTED_EDGE ( 'NONE', *, *, #3582, .T. ) ;
#8858 = LINE ( 'NONE', #1118, #3059 ) ;
#8859 = VERTEX_POINT ( 'NONE', #5041 ) ;
#8860 = FACE_OUTER_BOUND ( 'NONE', #170, .T. ) ;
#8861 = PLANE ( 'NONE',  #134 ) ;
#8862 = EDGE_CURVE ( 'NONE', #2191, #2524, #1378, .T. ) ;
#8863 = VECTOR ( 'NONE', #2612, 1000.000000000000114 ) ;
#8864 = DIRECTION ( 'NONE',  ( 0.5001519828512185351, 0.8323926831162089535, -0.2386847610229712591 ) ) ;
#8865 = CARTESIAN_POINT ( 'NONE',  ( -2.735713599992129819, 22.25864506693676148, 26.58211138907228133 ) ) ;
#8866 = CARTESIAN_POINT ( 'NONE',  ( 53.44999999999999574, 10.80000000000000071, -27.55000000000038796 ) ) ;
#8867 = ORIENTED_EDGE ( 'NONE', *, *, #6355, .F. ) ;
#8868 = PLANE ( 'NONE',  #4913 ) ;
#8869 = VECTOR ( 'NONE', #10058, 1000.000000000000114 ) ;
#8870 = LINE ( 'NONE', #8108, #8901 ) ;
#8871 = CARTESIAN_POINT ( 'NONE',  ( 51.97389213354960447, 5.652200105873706804, -6.973892133549991712 ) ) ;
#8872 = EDGE_LOOP ( 'NONE', ( #1502, #1036, #7260, #8180 ) ) ;
#8873 = SURFACE_STYLE_FILL_AREA ( #1806 ) ;
#8874 = VECTOR ( 'NONE', #6934, 1000.000000000000114 ) ;
#8875 = EDGE_CURVE ( 'NONE', #892, #9440, #4331, .T. ) ;
#8876 = LINE ( 'NONE', #8111, #8379 ) ;
#8877 = ORIENTED_EDGE ( 'NONE', *, *, #9128, .F. ) ;
#8878 = VERTEX_POINT ( 'NONE', #1329 ) ;
#8879 = LINE ( 'NONE', #5008, #97 ) ;
#8880 = ORIENTED_EDGE ( 'NONE', *, *, #8392, .F. ) ;
#8881 = ORIENTED_EDGE ( 'NONE', *, *, #7207, .F. ) ;
#8882 = FACE_OUTER_BOUND ( 'NONE', #6807, .T. ) ;
#8883 = ORIENTED_EDGE ( 'NONE', *, *, #4121, .F. ) ;
#8884 = VECTOR ( 'NONE', #7829, 1000.000000000000114 ) ;
#8885 = DIRECTION ( 'NONE',  ( -0.5001519828512185351, 0.8323926831162089535, 0.2386847610229712591 ) ) ;
#8886 = AXIS2_PLACEMENT_3D ( 'NONE', #5903, #9888, #6554 ) ;
#8887 = FACE_OUTER_BOUND ( 'NONE', #7368, .T. ) ;
#8888 = ADVANCED_FACE ( 'NONE', ( #8919 ), #8971, .F. ) ;
#8889 = DIRECTION ( 'NONE',  ( 0.000000000000000000, 0.000000000000000000, -1.000000000000000000 ) ) ;
#8890 = VERTEX_POINT ( 'NONE', #2906 ) ;
#8891 = VERTEX_POINT ( 'NONE', #3613 ) ;
#8892 = EDGE_CURVE ( 'NONE', #582, #763, #6723, .T. ) ;
#8893 = ADVANCED_FACE ( 'NONE', ( #409 ), #621, .F. ) ;
#8894 = ORIENTED_EDGE ( 'NONE', *, *, #9605, .T. ) ;
#8895 = VECTOR ( 'NONE', #4252, 1000.000000000000000 ) ;
#8896 = LINE ( 'NONE', #3544, #8495 ) ;
#8897 = FACE_OUTER_BOUND ( 'NONE', #5072, .T. ) ;
#8898 = CARTESIAN_POINT ( 'NONE',  ( -15.62500000000000711, 7.500000000000000000, 19.49625977300367552 ) ) ;
#8899 = ORIENTED_EDGE ( 'NONE', *, *, #4882, .T. ) ;
#8900 = VECTOR ( 'NONE', #1608, 1000.000000000000000 ) ;
#8901 = VECTOR ( 'NONE', #6677, 1000.000000000000000 ) ;
#8902 = VERTEX_POINT ( 'NONE', #9126 ) ;
#8903 = DIRECTION ( 'NONE',  ( 0.2386847610229712591, 0.8323926831162089535, 0.5001519828512185351 ) ) ;
#8904 = ADVANCED_FACE ( 'NONE', ( #5092 ), #5805, .F. ) ;
#8905 = EDGE_CURVE ( 'NONE', #2926, #6024, #1223, .T. ) ;
#8906 = PLANE ( 'NONE',  #7338 ) ;
#8907 = CARTESIAN_POINT ( 'NONE',  ( -54.49999999999997868, 10.80000000000000426, 36.49999999999959499 ) ) ;
#8908 = VECTOR ( 'NONE', #6227, 1000.000000000000000 ) ;
#8909 = VECTOR ( 'NONE', #8546, 1000.000000000000114 ) ;
#8910 = DIRECTION ( 'NONE',  ( 0.000000000000000000, 0.000000000000000000, -1.000000000000000000 ) ) ;
#8911 = VERTEX_POINT ( 'NONE', #3560 ) ;
#8912 = VERTEX_POINT ( 'NONE', #2047 ) ;
#8913 = CARTESIAN_POINT ( 'NONE',  ( 15.62500000000000000, 10.80000000000000426, -33.62500000000000000 ) ) ;
#8914 = ORIENTED_EDGE ( 'NONE', *, *, #3421, .T. ) ;
#8915 = CARTESIAN_POINT ( 'NONE',  ( 58.32322330470334748, 9.899999999999975486, 37.32322330470339011 ) ) ;
#8916 = DIRECTION ( 'NONE',  ( -0.2657276780299913099, -0.9267025424900799946, 0.2657276780299913099 ) ) ;
#8917 = VECTOR ( 'NONE', #9908, 1000.000000000000000 ) ;
#8918 = EDGE_CURVE ( 'NONE', #548, #4108, #9076, .T. ) ;
#8919 = FACE_OUTER_BOUND ( 'NONE', #4389, .T. ) ;
#8920 = ADVANCED_FACE ( 'NONE', ( #816 ), #4536, .F. ) ;
#8921 = LINE ( 'NONE', #1123, #7677 ) ;
#8922 = DIRECTION ( 'NONE',  ( 0.000000000000000000, 0.9612616959383174509, -0.2756373558170039373 ) ) ;
#8923 = ORIENTED_EDGE ( 'NONE', *, *, #3336, .F. ) ;
#8924 = FACE_OUTER_BOUND ( 'NONE', #7812, .T. ) ;
#8925 = AXIS2_PLACEMENT_3D ( 'NONE', #98, #2392, #6314 ) ;
#8926 = EDGE_CURVE ( 'NONE', #3631, #5334, #9282, .T. ) ;
#8927 = DIRECTION ( 'NONE',  ( 0.000000000000000000, -0.9612616959383174509, 0.2756373558170039373 ) ) ;
#8928 = VERTEX_POINT ( 'NONE', #3921 ) ;
#8929 = LINE ( 'NONE', #1949, #1771 ) ;
#8930 = ORIENTED_EDGE ( 'NONE', *, *, #5069, .T. ) ;
#8931 = CARTESIAN_POINT ( 'NONE',  ( 60.02027957955105109, 9.499999999999980460, -31.94921176768561466 ) ) ;
#8932 = DIRECTION ( 'NONE',  ( -0.2657276780299913099, 0.9267025424900799946, 0.2657276780299913099 ) ) ;
#8933 = CARTESIAN_POINT ( 'NONE',  ( -15.62500000000000711, 10.80000000000000426, 33.62500000000000000 ) ) ;
#8934 = EDGE_CURVE ( 'NONE', #3021, #5836, #8610, .T. ) ;
#8935 = ORIENTED_EDGE ( 'NONE', *, *, #7204, .F. ) ;
#8936 = DIRECTION ( 'NONE',  ( -1.000000000000000000, 0.000000000000000000, 0.000000000000000000 ) ) ;
#8937 = EDGE_LOOP ( 'NONE', ( #419, #6218, #7624, #5320 ) ) ;
#8938 = VERTEX_POINT ( 'NONE', #4733 ) ;
#8939 = LINE ( 'NONE', #9812, #9480 ) ;
#8940 = ORIENTED_EDGE ( 'NONE', *, *, #9605, .F. ) ;
#8941 = EDGE_CURVE ( 'NONE', #8077, #1828, #2292, .T. ) ;
#8942 = CARTESIAN_POINT ( 'NONE',  ( -0.5499999999999949374, 10.80000000000000071, -27.55000000000038796 ) ) ;
#8943 = LINE ( 'NONE', #3635, #8093 ) ;
#8944 = LINE ( 'NONE', #5067, #6900 ) ;
#8945 = LINE ( 'NONE', #1197, #9059 ) ;
#8946 = ORIENTED_EDGE ( 'NONE', *, *, #4755, .T. ) ;
#8947 = ORIENTED_EDGE ( 'NONE', *, *, #5188, .T. ) ;
#8948 = ORIENTED_EDGE ( 'NONE', *, *, #3048, .T. ) ;
#8949 = ORIENTED_EDGE ( 'NONE', *, *, #8875, .F. ) ;
#8950 = LINE ( 'NONE', #1257, #6520 ) ;
#8951 = EDGE_CURVE ( 'NONE', #6147, #7500, #2245, .T. ) ;
#8952 = EDGE_CURVE ( 'NONE', #7239, #7505, #6167, .T. ) ;
#8953 = DIRECTION ( 'NONE',  ( 0.2657276780299913099, -0.9267025424900799946, 0.2657276780299913099 ) ) ;
#8954 = LINE ( 'NONE', #8187, #783 ) ;
#8955 = AXIS2_PLACEMENT_3D ( 'NONE', #5310, #1587, #8415 ) ;
#8956 = EDGE_LOOP ( 'NONE', ( #653, #8493, #947, #3353 ) ) ;
#8957 = EDGE_CURVE ( 'NONE', #3577, #1092, #10041, .T. ) ;
#8958 = VERTEX_POINT ( 'NONE', #6916 ) ;
#8959 = LINE ( 'NONE', #5244, #9535 ) ;
#8960 = CARTESIAN_POINT ( 'NONE',  ( 3.932610235973094781, -0.9965637948165171345, -32.06738976402728980 ) ) ;
#8961 = CARTESIAN_POINT ( 'NONE',  ( 51.62500000000000000, 10.80000000000000426, -33.62500000000000000 ) ) ;
#8962 = CARTESIAN_POINT ( 'NONE',  ( -62.00000000000000000, 7.500000000000000000, -41.00000000000000000 ) ) ;
#8963 = ORIENTED_EDGE ( 'NONE', *, *, #5734, .F. ) ;
#8964 = VERTEX_POINT ( 'NONE', #6968 ) ;
#8965 = EDGE_CURVE ( 'NONE', #3372, #7438, #7738, .T. ) ;
#8966 = VECTOR ( 'NONE', #6552, 1000.000000000000000 ) ;
#8967 = DIRECTION ( 'NONE',  ( -0.000000000000000000, -0.000000000000000000, 1.000000000000000000 ) ) ;
#8968 = ORIENTED_EDGE ( 'NONE', *, *, #1462, .T. ) ;
#8969 = LINE ( 'NONE', #2233, #9192 ) ;
#8970 = CARTESIAN_POINT ( 'NONE',  ( 20.37499999999998934, 10.53731005528970144, -8.374674870469489107 ) ) ;
#8971 = PLANE ( 'NONE',  #2204 ) ;
#8972 = EDGE_CURVE ( 'NONE', #5166, #9687, #3002, .T. ) ;
#8973 = DIRECTION ( 'NONE',  ( -0.5150380749100552658, 0.8571673007021116675, 0.000000000000000000 ) ) ;
#8974 = DIRECTION ( 'NONE',  ( -1.000000000000000000, -0.000000000000000000, -0.000000000000000000 ) ) ;
#8975 = VERTEX_POINT ( 'NONE', #5453 ) ;
#8976 = VERTEX_POINT ( 'NONE', #8558 ) ;
#8977 = DIRECTION ( 'NONE',  ( 0.000000000000000000, -0.000000000000000000, -1.000000000000000000 ) ) ;
#8978 = AXIS2_PLACEMENT_3D ( 'NONE', #9006, #1825, #3591 ) ;
#8979 = VECTOR ( 'NONE', #8046, 1000.000000000000000 ) ;
#8980 = DIRECTION ( 'NONE',  ( -0.2657276780299911434, 0.9267025424900801056, 0.2657276780299911434 ) ) ;
#8981 = CARTESIAN_POINT ( 'NONE',  ( -51.62500000000001421, 7.500000000000000000, 19.49625977300367552 ) ) ;
#8982 = CARTESIAN_POINT ( 'NONE',  ( -17.45000000000000639, 7.500000000000000000, -35.45000000000002416 ) ) ;
#8983 = ORIENTED_EDGE ( 'NONE', *, *, #3990, .T. ) ;
#8984 = CARTESIAN_POINT ( 'NONE',  ( 0.000000000000000000, 10.80000000000000071, 33.62500000000000000 ) ) ;
#8985 = DIRECTION ( 'NONE',  ( 0.000000000000000000, 0.000000000000000000, 1.000000000000000000 ) ) ;
#8986 = VECTOR ( 'NONE', #1932, 999.9999999999998863 ) ;
#8987 = CARTESIAN_POINT ( 'NONE',  ( 20.37499999999998934, 10.53731005528969789, 33.62500000000000000 ) ) ;
#8988 = ORIENTED_EDGE ( 'NONE', *, *, #7309, .F. ) ;
#8989 = VERTEX_POINT ( 'NONE', #672 ) ;
#8990 = ADVANCED_FACE ( 'NONE', ( #863 ), #6823, .F. ) ;
#8991 = CARTESIAN_POINT ( 'NONE',  ( 0.000000000000000000, 10.80000000000000071, -33.62500000000000000 ) ) ;
#8992 = ORIENTED_EDGE ( 'NONE', *, *, #6539, .T. ) ;
#8993 = VERTEX_POINT ( 'NONE', #7019 ) ;
#8994 = PLANE ( 'NONE',  #3774 ) ;
#8995 = VERTEX_POINT ( 'NONE', #6070 ) ;
#8996 = CARTESIAN_POINT ( 'NONE',  ( -17.44999999999999929, 10.80000000000000071, 18.54999999999960991 ) ) ;
#8997 = LINE ( 'NONE', #2124, #624 ) ;
#8998 = FACE_OUTER_BOUND ( 'NONE', #7627, .T. ) ;
#8999 = LINE ( 'NONE', #2932, #4959 ) ;
#9000 = DIRECTION ( 'NONE',  ( 0.000000000000000000, 0.000000000000000000, 1.000000000000000000 ) ) ;
#9001 = EDGE_CURVE ( 'NONE', #9124, #3577, #3768, .T. ) ;
#9002 = ORIENTED_EDGE ( 'NONE', *, *, #849, .T. ) ;
#9003 = VERTEX_POINT ( 'NONE', #9177 ) ;
#9004 = ORIENTED_EDGE ( 'NONE', *, *, #6289, .T. ) ;
#9005 = ORIENTED_EDGE ( 'NONE', *, *, #2548, .F. ) ;
#9006 = CARTESIAN_POINT ( 'NONE',  ( 0.000000000000000000, 7.500000000000000000, 28.49625977300367907 ) ) ;
#9007 = VERTEX_POINT ( 'NONE', #5505 ) ;
#9008 = DIRECTION ( 'NONE',  ( 0.000000000000000000, 0.000000000000000000, 1.000000000000000000 ) ) ;
#9009 = DIRECTION ( 'NONE',  ( 0.000000000000000000, -0.9612616959383180060, 0.2756373558170023830 ) ) ;
#9010 = VERTEX_POINT ( 'NONE', #2 ) ;
#9011 = ADVANCED_FACE ( 'NONE', ( #2195 ), #7790, .F. ) ;
#9012 = ORIENTED_EDGE ( 'NONE', *, *, #761, .F. ) ;
#9013 = LINE ( 'NONE', #2090, #2861 ) ;
#9014 = DIRECTION ( 'NONE',  ( -0.2386847610229712591, 0.8323926831162089535, -0.5001519828512186461 ) ) ;
#9015 = CARTESIAN_POINT ( 'NONE',  ( 20.37499999999998934, 10.80000000000000071, 0.000000000000000000 ) ) ;
#9016 = CARTESIAN_POINT ( 'NONE',  ( 15.97389213354965065, 5.652200105873887992, 6.973892133549262518 ) ) ;
#9017 = AXIS2_PLACEMENT_3D ( 'NONE', #10004, #781, #14 ) ;
#9018 = ORIENTED_EDGE ( 'NONE', *, *, #1999, .T. ) ;
#9019 = FACE_OUTER_BOUND ( 'NONE', #1885, .T. ) ;
#9020 = VERTEX_POINT ( 'NONE', #3050 ) ;
#9021 = CARTESIAN_POINT ( 'NONE',  ( 15.62500000000000000, 10.53731005528968723, -33.62500000000000000 ) ) ;
#9022 = CARTESIAN_POINT ( 'NONE',  ( -57.99999999999999289, 9.499999999999998224, 8.000000000000000000 ) ) ;
#9023 = ADVANCED_FACE ( 'NONE', ( #6870 ), #6117, .F. ) ;
#9024 = CARTESIAN_POINT ( 'NONE',  ( 9.550000000000002487, 10.80000000000000071, 17.44999999999961560 ) ) ;
#9025 = CARTESIAN_POINT ( 'NONE',  ( 17.44999999999999929, 7.500000000000000000, 35.44999999999998863 ) ) ;
#9026 = VECTOR ( 'NONE', #5587, 1000.000000000000227 ) ;
#9027 = PLANE ( 'NONE',  #7180 ) ;
#9028 = ORIENTED_EDGE ( 'NONE', *, *, #3490, .T. ) ;
#9029 = ORIENTED_EDGE ( 'NONE', *, *, #3105, .F. ) ;
#9030 = DIRECTION ( 'NONE',  ( 0.2386847610229712591, -0.8323926831162089535, -0.5001519828512186461 ) ) ;
#9031 = LINE ( 'NONE', #8154, #2453 ) ;
#9032 = LINE ( 'NONE', #8266, #9405 ) ;
#9033 = EDGE_LOOP ( 'NONE', ( #2595, #7940, #3599, #8465 ) ) ;
#9034 = VECTOR ( 'NONE', #371, 1000.000000000000114 ) ;
#9035 = CARTESIAN_POINT ( 'NONE',  ( 13.08484749617240084, 14.76483374945124361, 27.58689778295558881 ) ) ;
#9036 = ORIENTED_EDGE ( 'NONE', *, *, #9513, .F. ) ;
#9037 = LINE ( 'NONE', #5160, #4780 ) ;
#9038 = DIRECTION ( 'NONE',  ( 0.000000000000000000, 0.000000000000000000, 1.000000000000000000 ) ) ;
#9039 = CARTESIAN_POINT ( 'NONE',  ( -62.00000000000000000, 7.500000000000000000, -41.00000000000000000 ) ) ;
#9040 = ORIENTED_EDGE ( 'NONE', *, *, #777, .T. ) ;
#9041 = CARTESIAN_POINT ( 'NONE',  ( 0.000000000000000000, 7.500000000000000000, 10.49625977300367907 ) ) ;
#9042 = EDGE_LOOP ( 'NONE', ( #4348, #3348, #4067, #8463 ) ) ;
#9043 = ORIENTED_EDGE ( 'NONE', *, *, #6908, .F. ) ;
#9044 = ADVANCED_FACE ( 'NONE', ( #718 ), #8510, .F. ) ;
#9045 = CARTESIAN_POINT ( 'NONE',  ( -19.19056600552735503, 8.566080860090405480, 34.80943399447262721 ) ) ;
#9046 = VECTOR ( 'NONE', #8864, 1000.000000000000114 ) ;
#9047 = EDGE_CURVE ( 'NONE', #4812, #8289, #2543, .T. ) ;
#9048 = FACE_OUTER_BOUND ( 'NONE', #3850, .T. ) ;
#9049 = AXIS2_PLACEMENT_3D ( 'NONE', #4774, #4955, #4196 ) ;
#9050 = DIRECTION ( 'NONE',  ( 0.2657276780299913099, -0.9267025424900799946, 0.2657276780299913099 ) ) ;
#9051 = CARTESIAN_POINT ( 'NONE',  ( 17.45000000000000639, 10.80000000000000071, 17.44999999999961560 ) ) ;
#9052 = VECTOR ( 'NONE', #7364, 1000.000000000000000 ) ;
#9053 = CARTESIAN_POINT ( 'NONE',  ( -60.00000000000000000, 8.099999999999999645, 8.000000000000000000 ) ) ;
#9054 = PLANE ( 'NONE',  #5635 ) ;
#9055 = ORIENTED_EDGE ( 'NONE', *, *, #8348, .F. ) ;
#9056 = ORIENTED_EDGE ( 'NONE', *, *, #4160, .T. ) ;
#9057 = ORIENTED_EDGE ( 'NONE', *, *, #8603, .F. ) ;
#9058 = DIRECTION ( 'NONE',  ( 1.000000000000000000, 0.000000000000000000, 0.000000000000000000 ) ) ;
#9059 = VECTOR ( 'NONE', #9156, 1000.000000000000000 ) ;
#9060 = CARTESIAN_POINT ( 'NONE',  ( -18.54999999999999716, 86.52417351671579127, 35.44999999999998153 ) ) ;
#9061 = EDGE_CURVE ( 'NONE', #1389, #9065, #4070, .T. ) ;
#9062 = DIRECTION ( 'NONE',  ( 0.000000000000000000, 0.000000000000000000, 1.000000000000000000 ) ) ;
#9063 = EDGE_LOOP ( 'NONE', ( #8867, #1350, #2849, #5457, #6464, #7816, #7919, #7768, #9721, #4587, #6000, #1923, #1869, #6646, #2303, #2510, #7646, #2206, #9800, #868, #5509, #4480, #578, #8835, #5931, #3207, #4238, #36, #2728, #2521, #4312, #8360 ) ) ;
#9064 = VECTOR ( 'NONE', #1096, 1000.000000000000000 ) ;
#9065 = VERTEX_POINT ( 'NONE', #7120 ) ;
#9066 = CARTESIAN_POINT ( 'NONE',  ( 45.54999999999999005, 10.80000000000000071, -0.5500000000003835154 ) ) ;
#9067 = LINE ( 'NONE', #9119, #7682 ) ;
#9068 = LINE ( 'NONE', #5955, #1152 ) ;
#9069 = CARTESIAN_POINT ( 'NONE',  ( -19.19056600552735503, 8.566080860090405480, 1.190566005526970672 ) ) ;
#9070 = VECTOR ( 'NONE', #3620, 1000.000000000000227 ) ;
#9071 = ADVANCED_FACE ( 'NONE', ( #7214 ), #153, .F. ) ;
#9072 = ORIENTED_EDGE ( 'NONE', *, *, #7052, .F. ) ;
#9073 = DIRECTION ( 'NONE',  ( 0.5001519828512187571, 0.8323926831162092865, -0.2386847610229695660 ) ) ;
#9074 = ORIENTED_EDGE ( 'NONE', *, *, #7874, .F. ) ;
#9075 = DIRECTION ( 'NONE',  ( -0.000000000000000000, 0.9612616959383174509, 0.2756373558170042704 ) ) ;
#9076 = LINE ( 'NONE', #569, #5619 ) ;
#9077 = AXIS2_PLACEMENT_3D ( 'NONE', #7604, #2004, #533 ) ;
#9078 = CARTESIAN_POINT ( 'NONE',  ( 18.54999999999999716, 10.80000000000000071, -35.45000000000039364 ) ) ;
#9079 = AXIS2_PLACEMENT_3D ( 'NONE', #1259, #4372, #7474 ) ;
#9080 = CARTESIAN_POINT ( 'NONE',  ( 58.32322330470334037, 9.699999999999974420, -37.32322330470339011 ) ) ;
#9081 = ORIENTED_EDGE ( 'NONE', *, *, #7159, .T. ) ;
#9082 = ORIENTED_EDGE ( 'NONE', *, *, #659, .F. ) ;
#9083 = LINE ( 'NONE', #1228, #6221 ) ;
#9084 = LINE ( 'NONE', #8786, #8136 ) ;
#9085 = EDGE_CURVE ( 'NONE', #1395, #1839, #8852, .T. ) ;
#9086 = LINE ( 'NONE', #9640, #2082 ) ;
#9087 = ORIENTED_EDGE ( 'NONE', *, *, #901, .T. ) ;
#9088 = VECTOR ( 'NONE', #3064, 1000.000000000000227 ) ;
#9089 = VECTOR ( 'NONE', #8811, 1000.000000000000114 ) ;
#9090 = DIRECTION ( 'NONE',  ( -1.000000000000000000, -6.617913326349485696E-16, 0.000000000000000000 ) ) ;
#9091 = ORIENTED_EDGE ( 'NONE', *, *, #294, .T. ) ;
#9092 = EDGE_CURVE ( 'NONE', #9364, #2614, #8089, .T. ) ;
#9093 = CARTESIAN_POINT ( 'NONE',  ( -61.00000000000000000, 9.899999999999998579, 8.000000000000000000 ) ) ;
#9094 = LINE ( 'NONE', #479, #1592 ) ;
#9095 = CARTESIAN_POINT ( 'NONE',  ( -2.584350778095989280E-16, 8.566080860089995141, -34.80943399447291142 ) ) ;
#9096 = VERTEX_POINT ( 'NONE', #8755 ) ;
#9097 = CARTESIAN_POINT ( 'NONE',  ( -15.62500000000000711, 10.80000000000000426, 33.62500000000000000 ) ) ;
#9098 = VERTEX_POINT ( 'NONE', #3344 ) ;
#9099 = VERTEX_POINT ( 'NONE', #100 ) ;
#9100 = FACE_OUTER_BOUND ( 'NONE', #4047, .T. ) ;
#9101 = VECTOR ( 'NONE', #4781, 1000.000000000000000 ) ;
#9102 = PLANE ( 'NONE',  #6300 ) ;
#9103 = DIRECTION ( 'NONE',  ( 0.000000000000000000, 0.000000000000000000, -1.000000000000000000 ) ) ;
#9104 = ADVANCED_FACE ( 'NONE', ( #7066 ), #7170, .F. ) ;
#9105 = DIRECTION ( 'NONE',  ( 0.2657276780299913099, -0.9267025424900799946, 0.2657276780299913099 ) ) ;
#9106 = CARTESIAN_POINT ( 'NONE',  ( 10.49625977300407165, 7.500000000000000000, -33.62500000000000000 ) ) ;
#9107 = CARTESIAN_POINT ( 'NONE',  ( 0.000000000000000000, 7.500000000000000000, -1.496259773004444904 ) ) ;
#9108 = ORIENTED_EDGE ( 'NONE', *, *, #9001, .T. ) ;
#9109 = VERTEX_POINT ( 'NONE', #4115 ) ;
#9110 = EDGE_CURVE ( 'NONE', #5070, #6593, #203, .T. ) ;
#9111 = ORIENTED_EDGE ( 'NONE', *, *, #8669, .F. ) ;
#9112 = EDGE_LOOP ( 'NONE', ( #4828, #3130, #873, #8171 ) ) ;
#9113 = CARTESIAN_POINT ( 'NONE',  ( -46.19056600552723779, 8.566080860090805160, 34.80943399447237852 ) ) ;
#9114 = DIRECTION ( 'NONE',  ( 0.000000000000000000, 0.000000000000000000, -1.000000000000000000 ) ) ;
#9115 = LINE ( 'NONE', #2891, #3531 ) ;
#9116 = EDGE_CURVE ( 'NONE', #4489, #6211, #9433, .T. ) ;
#9117 = ORIENTED_EDGE ( 'NONE', *, *, #2589, .F. ) ;
#9118 = PLANE ( 'NONE',  #8232 ) ;
#9119 = CARTESIAN_POINT ( 'NONE',  ( -54.49999999999997868, 10.80000000000000426, -36.50000000000039080 ) ) ;
#9120 = DIRECTION ( 'NONE',  ( 0.000000000000000000, 0.000000000000000000, 1.000000000000000000 ) ) ;
#9121 = DIRECTION ( 'NONE',  ( -0.7071067811865452413, -0.000000000000000000, -0.7071067811865497932 ) ) ;
#9122 = ORIENTED_EDGE ( 'NONE', *, *, #1321, .F. ) ;
#9123 = DIRECTION ( 'NONE',  ( -0.000000000000000000, -1.000000000000000000, -0.000000000000000000 ) ) ;
#9124 = VERTEX_POINT ( 'NONE', #2441 ) ;
#9125 = AXIS2_PLACEMENT_3D ( 'NONE', #4338, #4288, #9798 ) ;
#9126 = CARTESIAN_POINT ( 'NONE',  ( 20.37499999999998934, 10.53731005528968723, -27.62532512953129427 ) ) ;
#9127 = DIRECTION ( 'NONE',  ( -0.000000000000000000, -0.2756373558170042704, -0.9612616959383174509 ) ) ;
#9128 = EDGE_CURVE ( 'NONE', #6794, #4643, #7888, .T. ) ;
#9129 = CARTESIAN_POINT ( 'NONE',  ( -51.62500000000000711, 10.53731005528969789, 33.62499999999999289 ) ) ;
#9130 = VERTEX_POINT ( 'NONE', #252 ) ;
#9131 = VERTEX_POINT ( 'NONE', #4782 ) ;
#9132 = DIRECTION ( 'NONE',  ( 0.5000000000000036637, -0.7071067811865446862, -0.5000000000000006661 ) ) ;
#9133 = CARTESIAN_POINT ( 'NONE',  ( 44.45000000000000284, 10.80000000000000071, 35.44999999999961204 ) ) ;
#9134 = VECTOR ( 'NONE', #6673, 1000.000000000000114 ) ;
#9135 = DIRECTION ( 'NONE',  ( 0.2657276780299913099, 0.9267025424900799946, 0.2657276780299913099 ) ) ;
#9136 = EDGE_LOOP ( 'NONE', ( #3749, #471, #9574, #6073 ) ) ;
#9137 = LINE ( 'NONE', #1388, #4687 ) ;
#9138 = ORIENTED_EDGE ( 'NONE', *, *, #3401, .T. ) ;
#9139 = CARTESIAN_POINT ( 'NONE',  ( 18.54999999999999716, 10.80000000000000071, -26.45000000000038298 ) ) ;
#9140 = LINE ( 'NONE', #5923, #3705 ) ;
#9141 = DIRECTION ( 'NONE',  ( 0.2657276780299913099, 0.9267025424900799946, 0.2657276780299913099 ) ) ;
#9142 = VECTOR ( 'NONE', #3709, 1000.000000000000000 ) ;
#9143 = ORIENTED_EDGE ( 'NONE', *, *, #3185, .F. ) ;
#9144 = EDGE_CURVE ( 'NONE', #8891, #5826, #4166, .T. ) ;
#9145 = LINE ( 'NONE', #5110, #4155 ) ;
#9146 = ORIENTED_EDGE ( 'NONE', *, *, #8371, .T. ) ;
#9147 = ORIENTED_EDGE ( 'NONE', *, *, #1780, .F. ) ;
#9148 = VECTOR ( 'NONE', #3345, 1000.000000000000000 ) ;
#9149 = ADVANCED_FACE ( 'NONE', ( #915 ), #4021, .F. ) ;
#9150 = CARTESIAN_POINT ( 'NONE',  ( 16.50374022699593723, 7.500000000000000000, 0.000000000000000000 ) ) ;
#9151 = CARTESIAN_POINT ( 'NONE',  ( 0.000000000000000000, 7.500000000000000000, 34.50374022699554644 ) ) ;
#9152 = LINE ( 'NONE', #1247, #7617 ) ;
#9153 = VECTOR ( 'NONE', #2121, 1000.000000000000000 ) ;
#9154 = PLANE ( 'NONE',  #622 ) ;
#9155 = DIRECTION ( 'NONE',  ( 0.2756373558170042704, -0.9612616959383174509, 0.000000000000000000 ) ) ;
#9156 = DIRECTION ( 'NONE',  ( 0.000000000000000000, 0.000000000000000000, -1.000000000000000000 ) ) ;
#9157 = EDGE_CURVE ( 'NONE', #1125, #3564, #1015, .T. ) ;
#9158 = ORIENTED_EDGE ( 'NONE', *, *, #7581, .F. ) ;
#9159 = ORIENTED_EDGE ( 'NONE', *, *, #9355, .T. ) ;
#9160 = VERTEX_POINT ( 'NONE', #6362 ) ;
#9161 = EDGE_LOOP ( 'NONE', ( #4594, #4894, #5004, #4334 ) ) ;
#9162 = ADVANCED_FACE ( 'NONE', ( #9481 ), #9527, .F. ) ;
#9163 = PLANE ( 'NONE',  #9460 ) ;
#9164 = EDGE_CURVE ( 'NONE', #9098, #3118, #5599, .T. ) ;
#9165 = CARTESIAN_POINT ( 'NONE',  ( 0.000000000000000000, 7.500000000000000000, -7.503740226996326257 ) ) ;
#9166 = APPLICATION_CONTEXT ( 'automotive_design' ) ;
#9167 = CARTESIAN_POINT ( 'NONE',  ( 27.54999999999999005, 10.80000000000000071, -35.45000000000039364 ) ) ;
#9168 = EDGE_CURVE ( 'NONE', #5314, #9457, #1733, .T. ) ;
#9169 = DIRECTION ( 'NONE',  ( 1.000000000000000000, 0.000000000000000000, -0.000000000000000000 ) ) ;
#9170 = ADVANCED_FACE ( 'NONE', ( #4927 ), #9118, .F. ) ;
#9171 = DIRECTION ( 'NONE',  ( 1.000000000000000000, 0.000000000000000000, 0.000000000000000000 ) ) ;
#9172 = LINE ( 'NONE', #4478, #7093 ) ;
#9173 = EDGE_LOOP ( 'NONE', ( #2193, #8041, #3298, #8566 ) ) ;
#9174 = DIRECTION ( 'NONE',  ( 1.000000000000000000, 0.000000000000000000, 0.000000000000000000 ) ) ;
#9175 = ORIENTED_EDGE ( 'NONE', *, *, #5841, .F. ) ;
#9176 = ORIENTED_EDGE ( 'NONE', *, *, #1525, .F. ) ;
#9177 = CARTESIAN_POINT ( 'NONE',  ( 53.44999999999999574, 10.80000000000000071, -35.45000000000039364 ) ) ;
#9178 = LINE ( 'NONE', #6917, #4583 ) ;
#9179 = CARTESIAN_POINT ( 'NONE',  ( -40.07937528197219734, 29.75245638442229179, -4.884529417028663723 ) ) ;
#9180 = EDGE_LOOP ( 'NONE', ( #343, #4988, #8842, #6726 ) ) ;
#9181 = ORIENTED_EDGE ( 'NONE', *, *, #8355, .F. ) ;
#9182 = EDGE_CURVE ( 'NONE', #4291, #7228, #559, .T. ) ;
#9183 = CARTESIAN_POINT ( 'NONE',  ( 0.000000000000000000, 7.500000000000000000, -16.50374022699631382 ) ) ;
#9184 = VECTOR ( 'NONE', #8367, 1000.000000000000227 ) ;
#9185 = PLANE ( 'NONE',  #6042 ) ;
#9186 = ORIENTED_EDGE ( 'NONE', *, *, #2982, .F. ) ;
#9187 = EDGE_CURVE ( 'NONE', #5283, #5690, #348, .T. ) ;
#9188 = DIRECTION ( 'NONE',  ( 0.9612616959383174509, -0.2756373558170042704, 0.000000000000000000 ) ) ;
#9189 = ORIENTED_EDGE ( 'NONE', *, *, #5982, .F. ) ;
#9190 = DIRECTION ( 'NONE',  ( -1.000000000000000000, -6.617913326349485696E-16, 0.000000000000000000 ) ) ;
#9191 = DIRECTION ( 'NONE',  ( 0.2657276780299913099, -0.9267025424900799946, 0.2657276780299913099 ) ) ;
#9192 = VECTOR ( 'NONE', #4227, 1000.000000000000114 ) ;
#9193 = LINE ( 'NONE', #2209, #1551 ) ;
#9194 = ORIENTED_EDGE ( 'NONE', *, *, #1710, .T. ) ;
#9195 = CARTESIAN_POINT ( 'NONE',  ( -54.49999999999997868, 10.79999999999989235, 36.49999999999959499 ) ) ;
#9196 = ORIENTED_EDGE ( 'NONE', *, *, #9243, .F. ) ;
#9197 = ORIENTED_EDGE ( 'NONE', *, *, #7938, .T. ) ;
#9198 = DIRECTION ( 'NONE',  ( 0.2657276780299911434, 0.9267025424900801056, 0.2657276780299911434 ) ) ;
#9199 = ORIENTED_EDGE ( 'NONE', *, *, #31, .T. ) ;
#9200 = VECTOR ( 'NONE', #9155, 1000.000000000000114 ) ;
#9201 = CARTESIAN_POINT ( 'NONE',  ( -19.49625977300405921, 7.500000000000000000, 0.000000000000000000 ) ) ;
#9202 = ADVANCED_FACE ( 'NONE', ( #3442 ), #9725, .F. ) ;
#9203 = FACE_OUTER_BOUND ( 'NONE', #3737, .T. ) ;
#9204 = CARTESIAN_POINT ( 'NONE',  ( 54.49999999999999289, 7.500000000000000000, -36.96378475451828649 ) ) ;
#9205 = ORIENTED_EDGE ( 'NONE', *, *, #5291, .F. ) ;
#9206 = LINE ( 'NONE', #650, #580 ) ;
#9207 = LINE ( 'NONE', #3849, #2222 ) ;
#9208 = VECTOR ( 'NONE', #878, 1000.000000000000114 ) ;
#9209 = ORIENTED_EDGE ( 'NONE', *, *, #901, .F. ) ;
#9210 = EDGE_LOOP ( 'NONE', ( #8733, #1433, #9199, #2779, #9837, #8662, #9002, #6242 ) ) ;
#9211 = EDGE_LOOP ( 'NONE', ( #9340, #803, #3046, #641 ) ) ;
#9212 = ORIENTED_EDGE ( 'NONE', *, *, #5129, .F. ) ;
#9213 = FACE_OUTER_BOUND ( 'NONE', #8188, .T. ) ;
#9214 = VECTOR ( 'NONE', #1955, 1000.000000000000000 ) ;
#9215 = DIRECTION ( 'NONE',  ( 0.000000000000000000, 0.000000000000000000, 1.000000000000000000 ) ) ;
#9216 = EDGE_CURVE ( 'NONE', #5421, #4416, #8959, .T. ) ;
#9217 = EDGE_CURVE ( 'NONE', #7042, #327, #6654, .T. ) ;
#9218 = FACE_OUTER_BOUND ( 'NONE', #4588, .T. ) ;
#9219 = LINE ( 'NONE', #406, #7562 ) ;
#9220 = VECTOR ( 'NONE', #6308, 1000.000000000000000 ) ;
#9221 = CARTESIAN_POINT ( 'NONE',  ( 16.80943399447264852, 8.566080860090398374, 0.000000000000000000 ) ) ;
#9222 = VECTOR ( 'NONE', #9987, 1000.000000000000000 ) ;
#9223 = CARTESIAN_POINT ( 'NONE',  ( 53.44999999999999574, 10.80000000000000071, 27.54999999999960991 ) ) ;
#9224 = DIRECTION ( 'NONE',  ( -0.000000000000000000, 0.000000000000000000, 1.000000000000000000 ) ) ;
#9225 = ORIENTED_EDGE ( 'NONE', *, *, #3289, .T. ) ;
#9226 = VECTOR ( 'NONE', #4915, 1000.000000000000227 ) ;
#9227 = LINE ( 'NONE', #4482, #5184 ) ;
#9228 = VERTEX_POINT ( 'NONE', #1931 ) ;
#9229 = EDGE_CURVE ( 'NONE', #3623, #7417, #1318, .T. ) ;
#9230 = EDGE_CURVE ( 'NONE', #7193, #310, #2035, .T. ) ;
#9231 = CARTESIAN_POINT ( 'NONE',  ( -19.49625977300407342, 7.500000000000000000, 0.000000000000000000 ) ) ;
#9232 = DIRECTION ( 'NONE',  ( 0.000000000000000000, 0.000000000000000000, -1.000000000000000000 ) ) ;
#9233 = ORIENTED_EDGE ( 'NONE', *, *, #8184, .F. ) ;
#9234 = VERTEX_POINT ( 'NONE', #3494 ) ;
#9235 = DIRECTION ( 'NONE',  ( -0.000000000000000000, -1.000000000000000000, 0.000000000000000000 ) ) ;
#9236 = VECTOR ( 'NONE', #8774, 1000.000000000000227 ) ;
#9237 = CARTESIAN_POINT ( 'NONE',  ( -15.62500000000000711, 10.80000000000000426, -26.45000000000038298 ) ) ;
#9238 = ADVANCED_FACE ( 'NONE', ( #4375 ), #3651, .F. ) ;
#9239 = ORIENTED_EDGE ( 'NONE', *, *, #6830, .F. ) ;
#9240 = DIRECTION ( 'NONE',  ( 0.000000000000000000, -0.2756373558170021609, 0.9612616959383181170 ) ) ;
#9241 = ORIENTED_EDGE ( 'NONE', *, *, #1926, .F. ) ;
#9242 = EDGE_CURVE ( 'NONE', #4416, #5456, #4218, .T. ) ;
#9243 = EDGE_CURVE ( 'NONE', #8568, #8212, #7421, .T. ) ;
#9244 = VECTOR ( 'NONE', #9856, 1000.000000000000114 ) ;
#9245 = CARTESIAN_POINT ( 'NONE',  ( -52.80943399447264142, 8.566080860090439231, 16.80943399447226838 ) ) ;
#9246 = DIRECTION ( 'NONE',  ( -0.000000000000000000, 0.000000000000000000, 1.000000000000000000 ) ) ;
#9247 = VECTOR ( 'NONE', #5185, 1000.000000000000000 ) ;
#9248 = DIRECTION ( 'NONE',  ( 0.000000000000000000, -0.9612616959383180060, 0.2756373558170023830 ) ) ;
#9249 = VERTEX_POINT ( 'NONE', #4424 ) ;
#9250 = DIRECTION ( 'NONE',  ( 1.000000000000000000, 2.239982309999205560E-16, -6.423045915736408765E-17 ) ) ;
#9251 = ORIENTED_EDGE ( 'NONE', *, *, #6599, .F. ) ;
#9252 = VERTEX_POINT ( 'NONE', #7312 ) ;
#9253 = CARTESIAN_POINT ( 'NONE',  ( 18.54999999999998295, 86.52417351671579127, 35.44999999999997442 ) ) ;
#9254 = EDGE_CURVE ( 'NONE', #5434, #2841, #2684, .T. ) ;
#9255 = VECTOR ( 'NONE', #4330, 1000.000000000000000 ) ;
#9256 = ORIENTED_EDGE ( 'NONE', *, *, #4384, .F. ) ;
#9257 = AXIS2_PLACEMENT_3D ( 'NONE', #5158, #7549, #2059 ) ;
#9258 = DIRECTION ( 'NONE',  ( 0.000000000000000000, 0.000000000000000000, -1.000000000000000000 ) ) ;
#9259 = DIRECTION ( 'NONE',  ( 0.000000000000000000, 0.000000000000000000, 1.000000000000000000 ) ) ;
#9260 = EDGE_CURVE ( 'NONE', #2390, #10024, #8246, .T. ) ;
#9261 = CARTESIAN_POINT ( 'NONE',  ( 0.000000000000000000, 7.500000000000000000, -16.50374022699631382 ) ) ;
#9262 = LINE ( 'NONE', #2271, #4310 ) ;
#9263 = VECTOR ( 'NONE', #8007, 1000.000000000000227 ) ;
#9264 = LINE ( 'NONE', #1613, #8240 ) ;
#9265 = ORIENTED_EDGE ( 'NONE', *, *, #4160, .F. ) ;
#9266 = ORIENTED_EDGE ( 'NONE', *, *, #912, .T. ) ;
#9267 = ORIENTED_EDGE ( 'NONE', *, *, #5288, .F. ) ;
#9268 = ORIENTED_EDGE ( 'NONE', *, *, #8603, .T. ) ;
#9269 = EDGE_CURVE ( 'NONE', #4226, #4682, #8133, .T. ) ;
#9270 = LINE ( 'NONE', #7675, #1976 ) ;
#9271 = DIRECTION ( 'NONE',  ( 1.000000000000000000, 0.000000000000000000, 0.000000000000000000 ) ) ;
#9272 = DIRECTION ( 'NONE',  ( 0.000000000000000000, 0.000000000000000000, -1.000000000000000000 ) ) ;
#9273 = DIRECTION ( 'NONE',  ( 0.000000000000000000, -0.9612616959383174509, 0.2756373558170042704 ) ) ;
#9274 = CARTESIAN_POINT ( 'NONE',  ( 57.89895923599141980, 9.099999999999983658, 36.89895923599146954 ) ) ;
#9275 = EDGE_CURVE ( 'NONE', #5985, #498, #9830, .T. ) ;
#9276 = EDGE_CURVE ( 'NONE', #6879, #280, #5952, .T. ) ;
#9277 = CARTESIAN_POINT ( 'NONE',  ( 57.89895923599141980, 7.500000000000000000, 36.89895923599146954 ) ) ;
#9278 = CARTESIAN_POINT ( 'NONE',  ( -20.37499999999999645, 10.53731005528966236, 33.62499999999999289 ) ) ;
#9279 = ADVANCED_FACE ( 'NONE', ( #1979 ), #5080, .F. ) ;
#9280 = EDGE_LOOP ( 'NONE', ( #7177, #5179, #7977, #4701 ) ) ;
#9281 = PLANE ( 'NONE',  #646 ) ;
#9282 = LINE ( 'NONE', #2954, #4150 ) ;
#9283 = CARTESIAN_POINT ( 'NONE',  ( 13.90968028962738856, -0.2227888855198013884, -14.28926614888406377 ) ) ;
#9284 = ORIENTED_EDGE ( 'NONE', *, *, #10026, .F. ) ;
#9285 = ORIENTED_EDGE ( 'NONE', *, *, #5155, .T. ) ;
#9286 = CARTESIAN_POINT ( 'NONE',  ( -15.33839134370872159, 3.435945472310388826, 6.338391343708337899 ) ) ;
#9287 = CARTESIAN_POINT ( 'NONE',  ( -17.44999999999999929, 10.80000000000000071, 8.449999999999617373 ) ) ;
#9288 = EDGE_CURVE ( 'NONE', #4140, #9600, #9013, .T. ) ;
#9289 = ADVANCED_FACE ( 'NONE', ( #7683 ), #3807, .F. ) ;
#9290 = ORIENTED_EDGE ( 'NONE', *, *, #3172, .T. ) ;
#9291 = CARTESIAN_POINT ( 'NONE',  ( 0.000000000000000000, 7.500000000000000000, 16.50374022699554644 ) ) ;
#9292 = ORIENTED_EDGE ( 'NONE', *, *, #9870, .T. ) ;
#9293 = VECTOR ( 'NONE', #2478, 1000.000000000000000 ) ;
#9294 = CARTESIAN_POINT ( 'NONE',  ( 15.62500000000000000, 10.80000000000000426, 33.62500000000000000 ) ) ;
#9295 = DIRECTION ( 'NONE',  ( -0.2657276780299911434, 0.9267025424900801056, 0.2657276780299911434 ) ) ;
#9296 = LINE ( 'NONE', #5420, #2851 ) ;
#9297 = VERTEX_POINT ( 'NONE', #7007 ) ;
#9298 = FACE_OUTER_BOUND ( 'NONE', #1528, .T. ) ;
#9299 = ORIENTED_EDGE ( 'NONE', *, *, #4099, .T. ) ;
#9300 = ORIENTED_EDGE ( 'NONE', *, *, #600, .F. ) ;
#9301 = DIRECTION ( 'NONE',  ( 0.9612616959383174509, -0.2756373558170042704, 0.000000000000000000 ) ) ;
#9302 = VECTOR ( 'NONE', #9235, 1000.000000000000000 ) ;
#9303 = CARTESIAN_POINT ( 'NONE',  ( -15.62500000000000711, 10.80000000000000071, 0.000000000000000000 ) ) ;
#9304 = CARTESIAN_POINT ( 'NONE',  ( -51.62500000000000711, 10.80000000000000426, -33.62500000000000711 ) ) ;
#9305 = VERTEX_POINT ( 'NONE', #5293 ) ;
#9306 = CARTESIAN_POINT ( 'NONE',  ( -32.06738976402692032, -0.9965637948164198789, 32.06738976402653662 ) ) ;
#9307 = VECTOR ( 'NONE', #2388, 1000.000000000000114 ) ;
#9308 = VECTOR ( 'NONE', #5755, 1000.000000000000000 ) ;
#9309 = DIRECTION ( 'NONE',  ( -0.000000000000000000, -0.000000000000000000, 1.000000000000000000 ) ) ;
#9310 = CARTESIAN_POINT ( 'NONE',  ( 40.07937528197219024, 29.75245638442228824, -22.11547058297210810 ) ) ;
#9311 = ORIENTED_EDGE ( 'NONE', *, *, #2273, .F. ) ;
#9312 = ORIENTED_EDGE ( 'NONE', *, *, #6584, .T. ) ;
#9313 = DIRECTION ( 'NONE',  ( 0.5001519828512186461, 0.8323926831162090645, -0.2386847610229710648 ) ) ;
#9314 = ORIENTED_EDGE ( 'NONE', *, *, #4839, .F. ) ;
#9315 = VERTEX_POINT ( 'NONE', #759 ) ;
#9316 = CARTESIAN_POINT ( 'NONE',  ( -36.62532512953088570, 10.53731005528972631, -33.62500000000000711 ) ) ;
#9317 = VECTOR ( 'NONE', #6690, 1000.000000000000000 ) ;
#9318 = PLANE ( 'NONE',  #2878 ) ;
#9319 = DIRECTION ( 'NONE',  ( 1.000000000000000000, 0.000000000000000000, 0.000000000000000000 ) ) ;
#9320 = VECTOR ( 'NONE', #6423, 1000.000000000000000 ) ;
#9321 = EDGE_CURVE ( 'NONE', #5676, #5434, #1424, .T. ) ;
#9322 = CARTESIAN_POINT ( 'NONE',  ( -26.45000000000000284, 10.80000000000000071, -0.5500000000003835154 ) ) ;
#9323 = AXIS2_PLACEMENT_3D ( 'NONE', #221, #4895, #2512 ) ;
#9324 = DIRECTION ( 'NONE',  ( -0.000000000000000000, -0.000000000000000000, 1.000000000000000000 ) ) ;
#9325 = CARTESIAN_POINT ( 'NONE',  ( 51.62500000000000000, 10.80000000000000426, -8.450000000000388312 ) ) ;
#9326 = DIRECTION ( 'NONE',  ( -1.000000000000000000, 0.000000000000000000, 0.000000000000000000 ) ) ;
#9327 = ORIENTED_EDGE ( 'NONE', *, *, #7770, .T. ) ;
#9328 = EDGE_CURVE ( 'NONE', #1288, #3071, #5346, .T. ) ;
#9329 = CARTESIAN_POINT ( 'NONE',  ( -48.79638818434518299, -5.429073061943155309, 12.79638818434480285 ) ) ;
#9330 = DIRECTION ( 'NONE',  ( 0.5001519828512185351, -0.8323926831162089535, 0.2386847610229712591 ) ) ;
#9331 = DIRECTION ( 'NONE',  ( 1.000000000000000000, 0.000000000000000000, 0.000000000000000000 ) ) ;
#9332 = ORIENTED_EDGE ( 'NONE', *, *, #9577, .F. ) ;
#9333 = VERTEX_POINT ( 'NONE', #6961 ) ;
#9334 = CARTESIAN_POINT ( 'NONE',  ( 61.43449314192414334, 9.099999999999983658, -33.36342533005872468 ) ) ;
#9335 = DIRECTION ( 'NONE',  ( 1.000000000000000000, 0.000000000000000000, 0.000000000000000000 ) ) ;
#9336 = ORIENTED_EDGE ( 'NONE', *, *, #4370, .F. ) ;
#9337 = EDGE_CURVE ( 'NONE', #941, #9756, #3138, .T. ) ;
#9338 = EDGE_CURVE ( 'NONE', #3389, #4328, #7635, .T. ) ;
#9339 = CARTESIAN_POINT ( 'NONE',  ( -52.80943399447264142, 8.566080860090426796, -16.80943399447302866 ) ) ;
#9340 = ORIENTED_EDGE ( 'NONE', *, *, #9814, .T. ) ;
#9341 = DIRECTION ( 'NONE',  ( 0.5001519828512185351, 0.8323926831162089535, -0.2386847610229712591 ) ) ;
#9342 = LINE ( 'NONE', #3934, #5997 ) ;
#9343 = EDGE_CURVE ( 'NONE', #2413, #5772, #8398, .T. ) ;
#9344 = CARTESIAN_POINT ( 'NONE',  ( -17.44999999999999929, 10.80000000000000071, -9.550000000000384404 ) ) ;
#9345 = EDGE_LOOP ( 'NONE', ( #2767, #9890, #5889, #799 ) ) ;
#9346 = CARTESIAN_POINT ( 'NONE',  ( 1.496259773004063209, 7.500000000000000000, 33.62500000000000000 ) ) ;
#9347 = ORIENTED_EDGE ( 'NONE', *, *, #4337, .T. ) ;
#9348 = CARTESIAN_POINT ( 'NONE',  ( 15.62500000000000000, 10.80000000000000426, -9.550000000000384404 ) ) ;
#9349 = LINE ( 'NONE', #6890, #767 ) ;
#9350 = VECTOR ( 'NONE', #1204, 1000.000000000000227 ) ;
#9351 = CARTESIAN_POINT ( 'NONE',  ( 16.80943399447265207, 8.566080860090391269, 0.000000000000000000 ) ) ;
#9352 = ORIENTED_EDGE ( 'NONE', *, *, #6257, .F. ) ;
#9353 = LINE ( 'NONE', #890, #7109 ) ;
#9354 = DIRECTION ( 'NONE',  ( 0.000000000000000000, 0.000000000000000000, 1.000000000000000000 ) ) ;
#9355 = EDGE_CURVE ( 'NONE', #9020, #9450, #6061, .T. ) ;
#9356 = LINE ( 'NONE', #6946, #4819 ) ;
#9357 = ORIENTED_EDGE ( 'NONE', *, *, #6692, .F. ) ;
#9358 = VERTEX_POINT ( 'NONE', #9371 ) ;
#9359 = CARTESIAN_POINT ( 'NONE',  ( 0.000000000000000000, 7.500000000000000000, -25.50374022699630672 ) ) ;
#9360 = VERTEX_POINT ( 'NONE', #1572 ) ;
#9361 = ORIENTED_EDGE ( 'NONE', *, *, #7436, .F. ) ;
#9362 = VECTOR ( 'NONE', #7252, 1000.000000000000114 ) ;
#9363 = LINE ( 'NONE', #4005, #7314 ) ;
#9364 = VERTEX_POINT ( 'NONE', #810 ) ;
#9365 = CARTESIAN_POINT ( 'NONE',  ( -25.80943399447276221, 8.566080860090821147, 34.80943399447237141 ) ) ;
#9366 = DIRECTION ( 'NONE',  ( -0.7071067811865452413, -0.000000000000000000, 0.7071067811865497932 ) ) ;
#9367 = VECTOR ( 'NONE', #3317, 999.9999999999998863 ) ;
#9368 = PLANE ( 'NONE',  #7217 ) ;
#9369 = ADVANCED_FACE ( 'NONE', ( #3911 ), #7580, .F. ) ;
#9370 = ORIENTED_EDGE ( 'NONE', *, *, #2991, .T. ) ;
#9371 = CARTESIAN_POINT ( 'NONE',  ( 51.62500000000000711, 10.53731005528968723, 8.374674870468716392 ) ) ;
#9372 = LINE ( 'NONE', #8653, #2782 ) ;
#9373 = EDGE_CURVE ( 'NONE', #3147, #8364, #612, .T. ) ;
#9374 = VECTOR ( 'NONE', #6773, 1000.000000000000000 ) ;
#9375 = CARTESIAN_POINT ( 'NONE',  ( -43.80943399447252062, 8.566080860090011129, -34.80943399447291142 ) ) ;
#9376 = VERTEX_POINT ( 'NONE', #3089 ) ;
#9377 = VECTOR ( 'NONE', #1454, 1000.000000000000114 ) ;
#9378 = CARTESIAN_POINT ( 'NONE',  ( -19.19056600552735858, 8.566080860090414362, 0.000000000000000000 ) ) ;
#9379 = VECTOR ( 'NONE', #4474, 1000.000000000000000 ) ;
#9380 = CARTESIAN_POINT ( 'NONE',  ( -51.62500000000000711, 10.53731005528972098, -33.62500000000000711 ) ) ;
#9381 = PLANE ( 'NONE',  #2784 ) ;
#9382 = ORIENTED_EDGE ( 'NONE', *, *, #7797, .T. ) ;
#9383 = ORIENTED_EDGE ( 'NONE', *, *, #3270, .T. ) ;
#9384 = DIRECTION ( 'NONE',  ( 0.000000000000000000, -1.628809415300402958E-16, -1.000000000000000000 ) ) ;
#9385 = EDGE_CURVE ( 'NONE', #9109, #582, #6816, .T. ) ;
#9386 = PLANE ( 'NONE',  #4564 ) ;
#9387 = VECTOR ( 'NONE', #9410, 1000.000000000000000 ) ;
#9388 = VERTEX_POINT ( 'NONE', #3863 ) ;
#9389 = FACE_OUTER_BOUND ( 'NONE', #8956, .T. ) ;
#9390 = ORIENTED_EDGE ( 'NONE', *, *, #9401, .F. ) ;
#9391 = CARTESIAN_POINT ( 'NONE',  ( 16.50374022699593723, 7.500000000000000000, 0.000000000000000000 ) ) ;
#9392 = LINE ( 'NONE', #4699, #9088 ) ;
#9393 = FACE_OUTER_BOUND ( 'NONE', #9753, .T. ) ;
#9394 = DIRECTION ( 'NONE',  ( 0.000000000000000000, -0.2756373558170021609, 0.9612616959383181170 ) ) ;
#9395 = AXIS2_PLACEMENT_3D ( 'NONE', #4771, #4059, #1815 ) ;
#9396 = LINE ( 'NONE', #3116, #911 ) ;
#9397 = ORIENTED_EDGE ( 'NONE', *, *, #6813, .F. ) ;
#9398 = VERTEX_POINT ( 'NONE', #10033 ) ;
#9399 = DIRECTION ( 'NONE',  ( 0.2657276780299913099, -0.9267025424900799946, 0.2657276780299913099 ) ) ;
#9400 = ADVANCED_FACE ( 'NONE', ( #9985 ), #2994, .F. ) ;
#9401 = EDGE_CURVE ( 'NONE', #8561, #6359, #6158, .T. ) ;
#9402 = DIRECTION ( 'NONE',  ( 1.000000000000000000, 0.000000000000000000, 0.000000000000000000 ) ) ;
#9403 = EDGE_CURVE ( 'NONE', #7248, #7899, #4573, .T. ) ;
#9404 = VECTOR ( 'NONE', #669, 1000.000000000000000 ) ;
#9405 = VECTOR ( 'NONE', #2110, 1000.000000000000000 ) ;
#9406 = CARTESIAN_POINT ( 'NONE',  ( 34.50374022699593013, 7.500000000000000000, 33.62500000000000000 ) ) ;
#9407 = ORIENTED_EDGE ( 'NONE', *, *, #3390, .F. ) ;
#9408 = CARTESIAN_POINT ( 'NONE',  ( 51.62500000000000000, 10.53731005528968012, -8.374674870469483778 ) ) ;
#9409 = LINE ( 'NONE', #7714, #8213 ) ;
#9410 = DIRECTION ( 'NONE',  ( 1.000000000000000000, 0.000000000000000000, 0.000000000000000000 ) ) ;
#9411 = ORIENTED_EDGE ( 'NONE', *, *, #135, .F. ) ;
#9412 = VERTEX_POINT ( 'NONE', #4624 ) ;
#9413 = CARTESIAN_POINT ( 'NONE',  ( 13.90968028962738856, -0.2227888855198013884, -23.28926614888405666 ) ) ;
#9414 = MECHANICAL_DESIGN_GEOMETRIC_PRESENTATION_REPRESENTATION (  '', ( #6310 ), #4678 ) ;
#9415 = ORIENTED_EDGE ( 'NONE', *, *, #4790, .F. ) ;
#9416 = VECTOR ( 'NONE', #9103, 1000.000000000000000 ) ;
#9417 = CARTESIAN_POINT ( 'NONE',  ( -53.44999999999999574, 10.80000000000000071, -26.45000000000038298 ) ) ;
#9418 = CARTESIAN_POINT ( 'NONE',  ( 19.19056600552735148, 8.566080860090421467, -1.272127533929282717E-16 ) ) ;
#9419 = EDGE_CURVE ( 'NONE', #6506, #4004, #6205, .T. ) ;
#9420 = PLANE ( 'NONE',  #7937 ) ;
#9421 = VECTOR ( 'NONE', #3896, 1000.000000000000000 ) ;
#9422 = DIRECTION ( 'NONE',  ( -0.000000000000000000, -0.000000000000000000, 1.000000000000000000 ) ) ;
#9423 = ORIENTED_EDGE ( 'NONE', *, *, #3072, .T. ) ;
#9424 = CARTESIAN_POINT ( 'NONE',  ( 21.29710944613220391, 1.219690838746894768, -23.70289055386817267 ) ) ;
#9425 = FACE_OUTER_BOUND ( 'NONE', #5312, .T. ) ;
#9426 = AXIS2_PLACEMENT_3D ( 'NONE', #7429, #2800, #7320 ) ;
#9427 = ADVANCED_FACE ( 'NONE', ( #2335 ), #5445, .F. ) ;
#9428 = EDGE_CURVE ( 'NONE', #2716, #9124, #8696, .T. ) ;
#9429 = CARTESIAN_POINT ( 'NONE',  ( 58.32322330470334037, 9.699999999999974420, 37.32322330470339011 ) ) ;
#9430 = ORIENTED_EDGE ( 'NONE', *, *, #4164, .F. ) ;
#9431 = CARTESIAN_POINT ( 'NONE',  ( 19.19056600552758596, 8.566080860090810489, 34.80943399447237141 ) ) ;
#9432 = EDGE_CURVE ( 'NONE', #5978, #4551, #4298, .T. ) ;
#9433 = LINE ( 'NONE', #1059, #5474 ) ;
#9434 = LINE ( 'NONE', #2544, #2953 ) ;
#9435 = DIRECTION ( 'NONE',  ( 1.000000000000000000, 0.000000000000000000, 0.000000000000000000 ) ) ;
#9436 = ORIENTED_EDGE ( 'NONE', *, *, #9242, .T. ) ;
#9437 = EDGE_LOOP ( 'NONE', ( #6786, #9794, #9604, #2106 ) ) ;
#9438 = PLANE ( 'NONE',  #508 ) ;
#9439 = DIRECTION ( 'NONE',  ( 0.2386847610229712591, -0.8323926831162089535, -0.5001519828512186461 ) ) ;
#9440 = VERTEX_POINT ( 'NONE', #2661 ) ;
#9441 = DIRECTION ( 'NONE',  ( -0.5150380749100552658, 0.8571673007021116675, 0.000000000000000000 ) ) ;
#9442 = ORIENTED_EDGE ( 'NONE', *, *, #1980, .T. ) ;
#9443 = FACE_BOUND ( 'NONE', #4497, .T. ) ;
#9444 = DIRECTION ( 'NONE',  ( -1.000000000000000000, 0.000000000000000000, 0.000000000000000000 ) ) ;
#9445 = EDGE_CURVE ( 'NONE', #1076, #4954, #1090, .T. ) ;
#9446 = LINE ( 'NONE', #7753, #7399 ) ;
#9447 = PLANE ( 'NONE',  #693 ) ;
#9448 = DIRECTION ( 'NONE',  ( 0.000000000000000000, 0.000000000000000000, -1.000000000000000000 ) ) ;
#9449 = EDGE_LOOP ( 'NONE', ( #7696, #1514, #3588, #6078 ) ) ;
#9450 = VERTEX_POINT ( 'NONE', #905 ) ;
#9451 = LINE ( 'NONE', #4944, #7825 ) ;
#9452 = DIRECTION ( 'NONE',  ( 0.2657276780299897001, -0.9267025424900808828, 0.2657276780299897001 ) ) ;
#9453 = LINE ( 'NONE', #1760, #9737 ) ;
#9454 = VERTEX_POINT ( 'NONE', #1905 ) ;
#9455 = EDGE_CURVE ( 'NONE', #3071, #8649, #856, .T. ) ;
#9456 = PLANE ( 'NONE',  #2198 ) ;
#9457 = VERTEX_POINT ( 'NONE', #4012 ) ;
#9458 = VERTEX_POINT ( 'NONE', #5058 ) ;
#9459 = ORIENTED_EDGE ( 'NONE', *, *, #5651, .F. ) ;
#9460 = AXIS2_PLACEMENT_3D ( 'NONE', #3233, #37, #7102 ) ;
#9461 = DIRECTION ( 'NONE',  ( 3.161696790679837436E-17, -1.102614705486210548E-16, -1.000000000000000000 ) ) ;
#9462 = EDGE_LOOP ( 'NONE', ( #589, #3762, #4181, #4552 ) ) ;
#9463 = CARTESIAN_POINT ( 'NONE',  ( 15.62500000000000000, 10.80000000000000426, -18.55000000000037730 ) ) ;
#9464 = DIRECTION ( 'NONE',  ( 0.2657276780299911434, -0.9267025424900801056, 0.2657276780299911434 ) ) ;
#9465 = VECTOR ( 'NONE', #158, 1000.000000000000000 ) ;
#9466 = CARTESIAN_POINT ( 'NONE',  ( 13.90968028962738501, -0.2227888855197996398, -12.71073385111671072 ) ) ;
#9467 = ADVANCED_FACE ( 'NONE', ( #2434 ), #9701, .F. ) ;
#9468 = DIRECTION ( 'NONE',  ( 1.000000000000000000, 0.000000000000000000, 0.000000000000000000 ) ) ;
#9469 = EDGE_CURVE ( 'NONE', #9953, #1810, #8166, .T. ) ;
#9470 = LINE ( 'NONE', #9424, #3669 ) ;
#9471 = VECTOR ( 'NONE', #3800, 1000.000000000000000 ) ;
#9472 = AXIS2_PLACEMENT_3D ( 'NONE', #6774, #9127, #6071 ) ;
#9473 = DIRECTION ( 'NONE',  ( -0.2657276780299913099, 0.9267025424900799946, 0.2657276780299913099 ) ) ;
#9474 = ORIENTED_EDGE ( 'NONE', *, *, #3949, .T. ) ;
#9475 = VECTOR ( 'NONE', #9844, 1000.000000000000114 ) ;
#9476 = LINE ( 'NONE', #2489, #1696 ) ;
#9477 = CARTESIAN_POINT ( 'NONE',  ( 0.000000000000000000, 7.500000000000000000, -34.50374022699632093 ) ) ;
#9478 = VERTEX_POINT ( 'NONE', #91 ) ;
#9479 = DIRECTION ( 'NONE',  ( -0.000000000000000000, -0.000000000000000000, 1.000000000000000000 ) ) ;
#9480 = VECTOR ( 'NONE', #2822, 1000.000000000000000 ) ;
#9481 = FACE_OUTER_BOUND ( 'NONE', #8291, .T. ) ;
#9482 = EDGE_CURVE ( 'NONE', #7137, #1938, #9470, .T. ) ;
#9483 = DIRECTION ( 'NONE',  ( -0.000000000000000000, -0.000000000000000000, -1.000000000000000000 ) ) ;
#9484 = ORIENTED_EDGE ( 'NONE', *, *, #5933, .T. ) ;
#9485 = EDGE_LOOP ( 'NONE', ( #5783, #4648, #9074, #7411, #9176, #9036, #1858, #4439 ) ) ;
#9486 = LINE ( 'NONE', #7125, #7168 ) ;
#9487 = CARTESIAN_POINT ( 'NONE',  ( 17.44999999999999929, -11.50000000000000000, -35.45000000000003126 ) ) ;
#9488 = ORIENTED_EDGE ( 'NONE', *, *, #9718, .T. ) ;
#9489 = CARTESIAN_POINT ( 'NONE',  ( -21.93261023597309745, -0.9965637948165171345, -32.06738976402728980 ) ) ;
#9490 = VERTEX_POINT ( 'NONE', #7394 ) ;
#9491 = CARTESIAN_POINT ( 'NONE',  ( 17.88039450307228506, 12.30096400656391431, 18.11960549692732769 ) ) ;
#9492 = CARTESIAN_POINT ( 'NONE',  ( 15.62500000000000000, 10.53731005528966236, 33.62500000000000000 ) ) ;
#9493 = DIRECTION ( 'NONE',  ( -0.7071067811865497932, 2.453269466693400041E-14, -0.7071067811865452413 ) ) ;
#9494 = EDGE_CURVE ( 'NONE', #3224, #1920, #8879, .T. ) ;
#9495 = LINE ( 'NONE', #4939, #28 ) ;
#9496 = DIRECTION ( 'NONE',  ( 0.000000000000000000, 0.9612616959383174509, -0.2756373558170042704 ) ) ;
#9497 = ORIENTED_EDGE ( 'NONE', *, *, #3529, .T. ) ;
#9498 = VERTEX_POINT ( 'NONE', #5545 ) ;
#9499 = PLANE ( 'NONE',  #9323 ) ;
#9500 = EDGE_CURVE ( 'NONE', #2145, #8902, #4725, .T. ) ;
#9501 = DIRECTION ( 'NONE',  ( -0.000000000000000000, -0.2756373558170023830, -0.9612616959383180060 ) ) ;
#9502 = CARTESIAN_POINT ( 'NONE',  ( -20.37499999999999645, 10.80000000000000426, 17.44999999999961204 ) ) ;
#9503 = ORIENTED_EDGE ( 'NONE', *, *, #4152, .F. ) ;
#9504 = CARTESIAN_POINT ( 'NONE',  ( -20.66160865629123222, 3.435945472310507842, 15.33839134370837876 ) ) ;
#9505 = CARTESIAN_POINT ( 'NONE',  ( 15.33839134370877133, 3.435945472310507842, 15.33839134370837876 ) ) ;
#9506 = ORIENTED_EDGE ( 'NONE', *, *, #2652, .T. ) ;
#9507 = ORIENTED_EDGE ( 'NONE', *, *, #8627, .T. ) ;
#9508 = ORIENTED_EDGE ( 'NONE', *, *, #5647, .F. ) ;
#9509 = ORIENTED_EDGE ( 'NONE', *, *, #8848, .F. ) ;
#9510 = CARTESIAN_POINT ( 'NONE',  ( 19.19056600552735503, 8.566080860090426796, -1.272127533929287401E-16 ) ) ;
#9511 = VERTEX_POINT ( 'NONE', #426 ) ;
#9512 = DIRECTION ( 'NONE',  ( 0.2657276780299913099, 0.9267025424900799946, 0.2657276780299913099 ) ) ;
#9513 = EDGE_CURVE ( 'NONE', #3557, #1340, #3524, .T. ) ;
#9514 = VECTOR ( 'NONE', #2029, 1000.000000000000000 ) ;
#9515 = CARTESIAN_POINT ( 'NONE',  ( -8.449999999999999289, 10.80000000000000071, -35.45000000000039364 ) ) ;
#9516 = PLANE ( 'NONE',  #7931 ) ;
#9517 = PLANE ( 'NONE',  #5934 ) ;
#9518 = VECTOR ( 'NONE', #2553, 1000.000000000000000 ) ;
#9519 = CARTESIAN_POINT ( 'NONE',  ( -53.45000000000000995, 86.52417351671579127, 35.44999999999996732 ) ) ;
#9520 = EDGE_CURVE ( 'NONE', #3747, #5548, #1724, .T. ) ;
#9521 = LINE ( 'NONE', #8699, #3644 ) ;
#9522 = VECTOR ( 'NONE', #1903, 1000.000000000000227 ) ;
#9523 = CARTESIAN_POINT ( 'NONE',  ( -16.80943399447264497, 8.566080860090423243, -10.19056600552774405 ) ) ;
#9524 = ORIENTED_EDGE ( 'NONE', *, *, #1142, .T. ) ;
#9525 = ADVANCED_FACE ( 'NONE', ( #8650 ), #1625, .F. ) ;
#9526 = CARTESIAN_POINT ( 'NONE',  ( 0.000000000000000000, 7.500000000000000000, -34.50374022699632093 ) ) ;
#9527 = PLANE ( 'NONE',  #8714 ) ;
#9528 = CARTESIAN_POINT ( 'NONE',  ( -20.37499999999999645, 10.53731005528968723, 26.37467487046870573 ) ) ;
#9529 = AXIS2_PLACEMENT_3D ( 'NONE', #1122, #2646, #6561 ) ;
#9530 = FACE_OUTER_BOUND ( 'NONE', #3308, .T. ) ;
#9531 = DIRECTION ( 'NONE',  ( 0.000000000000000000, 0.000000000000000000, -1.000000000000000000 ) ) ;
#9532 = AXIS2_PLACEMENT_3D ( 'NONE', #9097, #1240, #4503 ) ;
#9533 = VERTEX_POINT ( 'NONE', #8062 ) ;
#9534 = ADVANCED_FACE ( 'NONE', ( #7111 ), #5589, .F. ) ;
#9535 = VECTOR ( 'NONE', #9885, 1000.000000000000000 ) ;
#9536 = DIRECTION ( 'NONE',  ( 0.000000000000000000, 0.000000000000000000, -1.000000000000000000 ) ) ;
#9537 = ORIENTED_EDGE ( 'NONE', *, *, #3244, .T. ) ;
#9538 = CARTESIAN_POINT ( 'NONE',  ( 20.37499999999998934, 10.53731005528969789, 33.62500000000000000 ) ) ;
#9539 = DIRECTION ( 'NONE',  ( -0.000000000000000000, 0.9612616959383174509, 0.2756373558170042704 ) ) ;
#9540 = CARTESIAN_POINT ( 'NONE',  ( -16.80943399447264142, 8.566080860090426796, -1.272127533929287401E-16 ) ) ;
#9541 = DIRECTION ( 'NONE',  ( 0.9612616959383181170, -0.2756373558170021609, 0.000000000000000000 ) ) ;
#9542 = PLANE ( 'NONE',  #1065 ) ;
#9543 = ORIENTED_EDGE ( 'NONE', *, *, #9355, .F. ) ;
#9544 = ORIENTED_EDGE ( 'NONE', *, *, #9455, .T. ) ;
#9545 = LINE ( 'NONE', #6426, #5392 ) ;
#9546 = VECTOR ( 'NONE', #3173, 1000.000000000000000 ) ;
#9547 = EDGE_CURVE ( 'NONE', #2079, #1846, #4245, .T. ) ;
#9548 = DIRECTION ( 'NONE',  ( 0.2756373558170042704, -0.9612616959383174509, 0.000000000000000000 ) ) ;
#9549 = DIRECTION ( 'NONE',  ( -1.000000000000000000, 0.000000000000000000, -5.930678550348059559E-17 ) ) ;
#9550 = ORIENTED_EDGE ( 'NONE', *, *, #1299, .F. ) ;
#9551 = CARTESIAN_POINT ( 'NONE',  ( -53.44999999999999574, 10.80000000000000071, 35.44999999999961204 ) ) ;
#9552 = VECTOR ( 'NONE', #7142, 1000.000000000000227 ) ;
#9553 = CARTESIAN_POINT ( 'NONE',  ( 52.50374022699593723, 7.500000000000000000, 0.000000000000000000 ) ) ;
#9554 = ORIENTED_EDGE ( 'NONE', *, *, #1980, .F. ) ;
#9555 = ADVANCED_FACE ( 'NONE', ( #3417 ), #7341, .F. ) ;
#9556 = EDGE_LOOP ( 'NONE', ( #8014, #6637, #3608, #3228 ) ) ;
#9557 = ORIENTED_EDGE ( 'NONE', *, *, #4398, .F. ) ;
#9558 = CARTESIAN_POINT ( 'NONE',  ( -20.37499999999999645, 10.53731005528968723, -18.62532512953129071 ) ) ;
#9559 = ORIENTED_EDGE ( 'NONE', *, *, #5817, .T. ) ;
#9560 = CARTESIAN_POINT ( 'NONE',  ( 33.26428640000786885, 22.25864506693678280, -26.58211138907231330 ) ) ;
#9561 = VECTOR ( 'NONE', #7117, 1000.000000000000000 ) ;
#9562 = CARTESIAN_POINT ( 'NONE',  ( 51.62500000000000711, 10.53731005528968723, -0.6253251295312856062 ) ) ;
#9563 = DIRECTION ( 'NONE',  ( -0.000000000000000000, -0.2756373558170042704, -0.9612616959383174509 ) ) ;
#9564 = LINE ( 'NONE', #8074, #395 ) ;
#9565 = VECTOR ( 'NONE', #1184, 1000.000000000000000 ) ;
#9566 = VECTOR ( 'NONE', #7928, 1000.000000000000000 ) ;
#9567 = EDGE_CURVE ( 'NONE', #9660, #8066, #5216, .T. ) ;
#9568 = ORIENTED_EDGE ( 'NONE', *, *, #9403, .F. ) ;
#9569 = DIRECTION ( 'NONE',  ( 1.000000000000000000, 0.000000000000000000, 3.976443497941104043E-16 ) ) ;
#9570 = FACE_OUTER_BOUND ( 'NONE', #1484, .T. ) ;
#9571 = VECTOR ( 'NONE', #1924, 1000.000000000000114 ) ;
#9572 = AXIS2_PLACEMENT_3D ( 'NONE', #778, #3110, #6224 ) ;
#9573 = DIRECTION ( 'NONE',  ( 0.000000000000000000, 0.000000000000000000, -1.000000000000000000 ) ) ;
#9574 = ORIENTED_EDGE ( 'NONE', *, *, #2395, .T. ) ;
#9575 = DIRECTION ( 'NONE',  ( -0.000000000000000000, -1.000000000000000000, -0.000000000000000000 ) ) ;
#9576 = ADVANCED_FACE ( 'NONE', ( #8222 ), #6793, .F. ) ;
#9577 = EDGE_CURVE ( 'NONE', #2012, #2801, #7556, .T. ) ;
#9578 = DIRECTION ( 'NONE',  ( 0.000000000000000000, 0.000000000000000000, -1.000000000000000000 ) ) ;
#9579 = DIRECTION ( 'NONE',  ( -0.000000000000000000, 0.000000000000000000, 1.000000000000000000 ) ) ;
#9580 = VECTOR ( 'NONE', #8967, 1000.000000000000000 ) ;
#9581 = EDGE_CURVE ( 'NONE', #989, #565, #1348, .T. ) ;
#9582 = DIRECTION ( 'NONE',  ( 1.000000000000000000, 2.239982309999205560E-16, -6.423045915736408765E-17 ) ) ;
#9583 = LINE ( 'NONE', #8808, #2770 ) ;
#9584 = ORIENTED_EDGE ( 'NONE', *, *, #466, .F. ) ;
#9585 = DIRECTION ( 'NONE',  ( 0.000000000000000000, -0.2756373558170042704, 0.9612616959383174509 ) ) ;
#9586 = VERTEX_POINT ( 'NONE', #587 ) ;
#9587 = DIRECTION ( 'NONE',  ( -0.000000000000000000, -0.000000000000000000, 1.000000000000000000 ) ) ;
#9588 = DIRECTION ( 'NONE',  ( -0.9612616959383174509, -0.2756373558170042704, 0.000000000000000000 ) ) ;
#9589 = EDGE_CURVE ( 'NONE', #8289, #2935, #484, .T. ) ;
#9590 = CARTESIAN_POINT ( 'NONE',  ( -13.08484749617240972, 14.76483374945124893, 26.41310221704362959 ) ) ;
#9591 = DIRECTION ( 'NONE',  ( -1.000000000000000000, 0.000000000000000000, -0.000000000000000000 ) ) ;
#9592 = LINE ( 'NONE', #7955, #4265 ) ;
#9593 = ORIENTED_EDGE ( 'NONE', *, *, #1416, .T. ) ;
#9594 = ADVANCED_FACE ( 'NONE', ( #3682 ), #5322, .F. ) ;
#9595 = ADVANCED_FACE ( 'NONE', ( #7454 ), #5927, .F. ) ;
#9596 = CARTESIAN_POINT ( 'NONE',  ( 17.45000000000000639, 10.80000000000000071, -0.5500000000003835154 ) ) ;
#9597 = LINE ( 'NONE', #4900, #444 ) ;
#9598 = EDGE_LOOP ( 'NONE', ( #8366, #638, #9613, #771, #5476, #3385, #6883, #5773, #2788, #6826, #5876, #5913, #1936, #8038, #8806, #6297, #5969, #7459, #6209, #6808, #5085, #2959, #8459, #7296, #6771, #8224, #9265, #6976, #10045, #5180, #6710, #9928, #131, #6487, #4302, #2028, #8076, #8320, #9299, #6529, #3779, #8576, #7475, #2857, #7557, #7318, #7131, #3460, #4801, #8053, #9212, #4767, #2422, #7923, #2152, #6608, #5694, #6652, #442, #4505, #6265, #4861, #1273, #5879, #7601, #8881, #550, #7491, #6364, #9205, #5208, #5073, #7742, #5843, #9584, #7807, #7705, #2323, #1445, #5123, #10074, #7658, #3660, #4057 ) ) ;
#9599 = FACE_OUTER_BOUND ( 'NONE', #3728, .T. ) ;
#9600 = VERTEX_POINT ( 'NONE', #3576 ) ;
#9601 = DIRECTION ( 'NONE',  ( -1.000000000000000000, 0.000000000000000000, 0.000000000000000000 ) ) ;
#9602 = ORIENTED_EDGE ( 'NONE', *, *, #9938, .F. ) ;
#9603 = EDGE_LOOP ( 'NONE', ( #7028, #7280, #6925, #8992 ) ) ;
#9604 = ORIENTED_EDGE ( 'NONE', *, *, #2956, .F. ) ;
#9605 = EDGE_CURVE ( 'NONE', #6594, #462, #7659, .T. ) ;
#9606 = CARTESIAN_POINT ( 'NONE',  ( -61.00000000000000000, 10.49999999999999822, 8.000000000000000000 ) ) ;
#9607 = VERTEX_POINT ( 'NONE', #2166 ) ;
#9608 = CARTESIAN_POINT ( 'NONE',  ( 60.02027957955104398, 7.500000000000000000, 31.94921176768562177 ) ) ;
#9609 = FACE_OUTER_BOUND ( 'NONE', #5109, .T. ) ;
#9610 = AXIS2_PLACEMENT_3D ( 'NONE', #7025, #4075, #1064 ) ;
#9611 = LINE ( 'NONE', #1965, #10007 ) ;
#9612 = ORIENTED_EDGE ( 'NONE', *, *, #9321, .F. ) ;
#9613 = ORIENTED_EDGE ( 'NONE', *, *, #2332, .F. ) ;
#9614 = PLANE ( 'NONE',  #9796 ) ;
#9615 = EDGE_LOOP ( 'NONE', ( #6038, #6565, #4123, #4100 ) ) ;
#9616 = AXIS2_PLACEMENT_3D ( 'NONE', #3839, #8578, #1504 ) ;
#9617 = CARTESIAN_POINT ( 'NONE',  ( 61.85875721063607102, 9.899999999999975486, -33.78768939877064525 ) ) ;
#9618 = ADVANCED_FACE ( 'NONE', ( #8373 ), #5165, .F. ) ;
#9619 = DIRECTION ( 'NONE',  ( 0.000000000000000000, 0.000000000000000000, -1.000000000000000000 ) ) ;
#9620 = EDGE_LOOP ( 'NONE', ( #9593, #668, #7865, #3069 ) ) ;
#9621 = VECTOR ( 'NONE', #499, 1000.000000000000000 ) ;
#9622 = VECTOR ( 'NONE', #3403, 1000.000000000000114 ) ;
#9623 = DIRECTION ( 'NONE',  ( 0.000000000000000000, 0.000000000000000000, 1.000000000000000000 ) ) ;
#9624 = CARTESIAN_POINT ( 'NONE',  ( 0.000000000000000000, 7.500000000000000000, 28.49625977300367907 ) ) ;
#9625 = DIRECTION ( 'NONE',  ( 0.2756373558170042704, 0.9612616959383174509, 0.000000000000000000 ) ) ;
#9626 = CARTESIAN_POINT ( 'NONE',  ( -15.62500000000000711, 10.80000000000000426, -33.62500000000000000 ) ) ;
#9627 = EDGE_CURVE ( 'NONE', #8850, #3389, #6740, .T. ) ;
#9628 = AXIS2_PLACEMENT_3D ( 'NONE', #4958, #6394, #133 ) ;
#9629 = ORIENTED_EDGE ( 'NONE', *, *, #5025, .F. ) ;
#9630 = CARTESIAN_POINT ( 'NONE',  ( 55.00000000000000000, 0.000000000000000000, -41.00000000000000000 ) ) ;
#9631 = EDGE_LOOP ( 'NONE', ( #6436, #5484, #8488, #4693 ) ) ;
#9632 = DIRECTION ( 'NONE',  ( -0.1378445374916336952, -0.9808148484639876985, 0.1378445374916336952 ) ) ;
#9633 = LINE ( 'NONE', #7182, #8429 ) ;
#9634 = DIRECTION ( 'NONE',  ( 0.000000000000000000, 0.000000000000000000, -1.000000000000000000 ) ) ;
#9635 = LINE ( 'NONE', #2647, #9308 ) ;
#9636 = DIRECTION ( 'NONE',  ( 0.000000000000000000, 0.000000000000000000, -1.000000000000000000 ) ) ;
#9637 = VERTEX_POINT ( 'NONE', #8276 ) ;
#9638 = CARTESIAN_POINT ( 'NONE',  ( -15.62500000000000711, 10.80000000000000426, 26.44999999999961204 ) ) ;
#9639 = EDGE_CURVE ( 'NONE', #3033, #8181, #2118, .T. ) ;
#9640 = CARTESIAN_POINT ( 'NONE',  ( -0.5499999999999949374, 10.80000000000000071, 35.44999999999961204 ) ) ;
#9641 = VERTEX_POINT ( 'NONE', #4401 ) ;
#9642 = DIRECTION ( 'NONE',  ( -1.000000000000000000, 0.000000000000000000, 0.000000000000000000 ) ) ;
#9643 = ORIENTED_EDGE ( 'NONE', *, *, #3975, .T. ) ;
#9644 = EDGE_CURVE ( 'NONE', #1294, #8110, #9145, .T. ) ;
#9645 = DIRECTION ( 'NONE',  ( 0.000000000000000000, -0.2756373558170023830, 0.9612616959383180060 ) ) ;
#9646 = FACE_OUTER_BOUND ( 'NONE', #2130, .T. ) ;
#9647 = ORIENTED_EDGE ( 'NONE', *, *, #9581, .F. ) ;
#9648 = DIRECTION ( 'NONE',  ( 1.000000000000000000, 2.239982309999205560E-16, -6.423045915736408765E-17 ) ) ;
#9649 = ORIENTED_EDGE ( 'NONE', *, *, #4149, .F. ) ;
#9650 = ORIENTED_EDGE ( 'NONE', *, *, #7461, .T. ) ;
#9651 = LINE ( 'NONE', #9510, #9797 ) ;
#9652 = ORIENTED_EDGE ( 'NONE', *, *, #2797, .F. ) ;
#9653 = PRODUCT_DEFINITION_CONTEXT ( 'detailed design', #645, 'design' ) ;
#9654 = ORIENTED_EDGE ( 'NONE', *, *, #4279, .T. ) ;
#9655 = LINE ( 'NONE', #1000, #9064 ) ;
#9656 = LINE ( 'NONE', #3329, #1759 ) ;
#9657 = ADVANCED_FACE ( 'NONE', ( #1396 ), #5986, .F. ) ;
#9658 = ADVANCED_FACE ( 'NONE', ( #6885 ), #7608, .F. ) ;
#9659 = DIRECTION ( 'NONE',  ( 0.000000000000000000, -1.000000000000000000, 0.000000000000000000 ) ) ;
#9660 = VERTEX_POINT ( 'NONE', #6839 ) ;
#9661 = ORIENTED_EDGE ( 'NONE', *, *, #6656, .F. ) ;
#9662 = ORIENTED_EDGE ( 'NONE', *, *, #3624, .F. ) ;
#9663 = AXIS2_PLACEMENT_3D ( 'NONE', #9932, #500, #1973 ) ;
#9664 = CARTESIAN_POINT ( 'NONE',  ( 51.62500000000000000, 10.53731005528966236, 33.62500000000000000 ) ) ;
#9665 = CARTESIAN_POINT ( 'NONE',  ( -43.50374022699593013, 7.500000000000000000, 0.000000000000000000 ) ) ;
#9666 = LINE ( 'NONE', #7165, #1911 ) ;
#9667 = ADVANCED_FACE ( 'NONE', ( #2765 ), #2971, .T. ) ;
#9668 = ORIENTED_EDGE ( 'NONE', *, *, #9718, .F. ) ;
#9669 = EDGE_CURVE ( 'NONE', #8640, #9715, #9396, .T. ) ;
#9670 = VECTOR ( 'NONE', #661, 1000.000000000000000 ) ;
#9671 = DIRECTION ( 'NONE',  ( -0.000000000000000000, -0.2756373558170042704, -0.9612616959383174509 ) ) ;
#9672 = CARTESIAN_POINT ( 'NONE',  ( 19.19056600552735148, 8.566080860090417914, 1.190566005526967119 ) ) ;
#9673 = EDGE_CURVE ( 'NONE', #5873, #9734, #2359, .T. ) ;
#9674 = CARTESIAN_POINT ( 'NONE',  ( 43.50374022699593723, 7.500000000000000000, -33.62500000000000000 ) ) ;
#9675 = VECTOR ( 'NONE', #4710, 1000.000000000000227 ) ;
#9676 = DIRECTION ( 'NONE',  ( 1.000000000000000000, 0.000000000000000000, 0.000000000000000000 ) ) ;
#9677 = ORIENTED_EDGE ( 'NONE', *, *, #7011, .F. ) ;
#9678 = CARTESIAN_POINT ( 'NONE',  ( -20.37499999999999645, 10.80000000000000071, 0.000000000000000000 ) ) ;
#9679 = ORIENTED_EDGE ( 'NONE', *, *, #9187, .F. ) ;
#9680 = CARTESIAN_POINT ( 'NONE',  ( -15.62500000000000711, 10.80000000000000426, -0.5500000000003835154 ) ) ;
#9681 = LINE ( 'NONE', #7432, #5659 ) ;
#9682 = VECTOR ( 'NONE', #5252, 1000.000000000000114 ) ;
#9683 = LINE ( 'NONE', #9790, #3012 ) ;
#9684 = CARTESIAN_POINT ( 'NONE',  ( 17.24489371323143772, 10.08470937300070069, -9.755106286768954860 ) ) ;
#9685 = ADVANCED_FACE ( 'NONE', ( #7703 ), #4702, .F. ) ;
#9686 = LINE ( 'NONE', #6380, #6760 ) ;
#9687 = VERTEX_POINT ( 'NONE', #65 ) ;
#9688 = LINE ( 'NONE', #8263, #1831 ) ;
#9689 = FACE_OUTER_BOUND ( 'NONE', #7661, .T. ) ;
#9690 = ORIENTED_EDGE ( 'NONE', *, *, #6613, .F. ) ;
#9691 = LINE ( 'NONE', #9801, #8917 ) ;
#9692 = ORIENTED_EDGE ( 'NONE', *, *, #857, .T. ) ;
#9693 = DIRECTION ( 'NONE',  ( 0.000000000000000000, -1.628809415300402958E-16, -1.000000000000000000 ) ) ;
#9694 = FACE_OUTER_BOUND ( 'NONE', #25, .T. ) ;
#9695 = AXIS2_PLACEMENT_3D ( 'NONE', #8114, #5824, #8936 ) ;
#9696 = CARTESIAN_POINT ( 'NONE',  ( -13.90968028962738856, -0.2227888855198109364, 12.71073385111591669 ) ) ;
#9697 = ORIENTED_EDGE ( 'NONE', *, *, #1703, .T. ) ;
#9698 = ORIENTED_EDGE ( 'NONE', *, *, #761, .T. ) ;
#9699 = AXIS2_PLACEMENT_3D ( 'NONE', #5940, #2777, #6749 ) ;
#9700 = EDGE_CURVE ( 'NONE', #627, #5534, #5470, .T. ) ;
#9701 = PLANE ( 'NONE',  #9695 ) ;
#9702 = ORIENTED_EDGE ( 'NONE', *, *, #6077, .T. ) ;
#9703 = EDGE_LOOP ( 'NONE', ( #2780, #893, #5101, #3568 ) ) ;
#9704 = EDGE_CURVE ( 'NONE', #5361, #2181, #10010, .T. ) ;
#9705 = CARTESIAN_POINT ( 'NONE',  ( 45.54999999999999005, 10.80000000000000071, -8.450000000000388312 ) ) ;
#9706 = ORIENTED_EDGE ( 'NONE', *, *, #8862, .F. ) ;
#9707 = EDGE_CURVE ( 'NONE', #9822, #2181, #3162, .T. ) ;
#9708 = LINE ( 'NONE', #9759, #1902 ) ;
#9709 = VECTOR ( 'NONE', #5633, 1000.000000000000000 ) ;
#9710 = PLANE ( 'NONE',  #1100 ) ;
#9711 = LINE ( 'NONE', #290, #1208 ) ;
#9712 = DIRECTION ( 'NONE',  ( -1.000000000000000000, 0.000000000000000000, -0.000000000000000000 ) ) ;
#9713 = EDGE_LOOP ( 'NONE', ( #3014, #8313, #9854, #1189 ) ) ;
#9714 = ORIENTED_EDGE ( 'NONE', *, *, #1177, .T. ) ;
#9715 = VERTEX_POINT ( 'NONE', #5569 ) ;
#9716 = VECTOR ( 'NONE', #7723, 1000.000000000000114 ) ;
#9717 = DIRECTION ( 'NONE',  ( -1.000000000000000000, 0.000000000000000000, 0.000000000000000000 ) ) ;
#9718 = EDGE_CURVE ( 'NONE', #1389, #7842, #2412, .T. ) ;
#9719 = DIRECTION ( 'NONE',  ( -0.9612616959383174509, -0.2756373558170042704, 0.000000000000000000 ) ) ;
#9720 = DIRECTION ( 'NONE',  ( 0.000000000000000000, 0.9612616959383174509, -0.2756373558170042704 ) ) ;
#9721 = ORIENTED_EDGE ( 'NONE', *, *, #5962, .F. ) ;
#9722 = VECTOR ( 'NONE', #7236, 1000.000000000000114 ) ;
#9723 = EDGE_CURVE ( 'NONE', #4849, #1076, #3890, .T. ) ;
#9724 = VECTOR ( 'NONE', #6285, 1000.000000000000114 ) ;
#9725 = PLANE ( 'NONE',  #1409 ) ;
#9726 = DIRECTION ( 'NONE',  ( 1.000000000000000000, 3.308956663174743341E-16, 2.051382842168411359E-32 ) ) ;
#9727 = LINE ( 'NONE', #9833, #345 ) ;
#9728 = VECTOR ( 'NONE', #1542, 1000.000000000000114 ) ;
#9729 = VECTOR ( 'NONE', #5241, 1000.000000000000000 ) ;
#9730 = DIRECTION ( 'NONE',  ( 1.000000000000000000, 0.000000000000000000, 0.000000000000000000 ) ) ;
#9731 = ORIENTED_EDGE ( 'NONE', *, *, #5024, .F. ) ;
#9732 = VERTEX_POINT ( 'NONE', #3938 ) ;
#9733 = CARTESIAN_POINT ( 'NONE',  ( -17.44999999999999929, 10.80000000000000071, 35.44999999999961204 ) ) ;
#9734 = VERTEX_POINT ( 'NONE', #3019 ) ;
#9735 = DIRECTION ( 'NONE',  ( -0.000000000000000000, -0.000000000000000000, 1.000000000000000000 ) ) ;
#9736 = LINE ( 'NONE', #5146, #10065 ) ;
#9737 = VECTOR ( 'NONE', #7192, 1000.000000000000000 ) ;
#9738 = CARTESIAN_POINT ( 'NONE',  ( -44.37467487046907877, 10.53731005528964637, 33.62499999999999289 ) ) ;
#9739 = DIRECTION ( 'NONE',  ( -0.000000000000000000, 0.000000000000000000, 1.000000000000000000 ) ) ;
#9740 = CARTESIAN_POINT ( 'NONE',  ( -20.37499999999999645, 10.53731005528968723, 9.625325129530521551 ) ) ;
#9741 = EDGE_LOOP ( 'NONE', ( #9122, #6701, #8702, #5703 ) ) ;
#9742 = FACE_BOUND ( 'NONE', #9161, .T. ) ;
#9743 = CARTESIAN_POINT ( 'NONE',  ( -52.80943399447264852, 8.566080860090412585, -7.809433994473036655 ) ) ;
#9744 = AXIS2_PLACEMENT_3D ( 'NONE', #5563, #9585, #974 ) ;
#9745 = LINE ( 'NONE', #4185, #6453 ) ;
#9746 = EDGE_CURVE ( 'NONE', #2244, #3564, #2308, .T. ) ;
#9747 = LINE ( 'NONE', #1899, #956 ) ;
#9748 = VERTEX_POINT ( 'NONE', #8625 ) ;
#9749 = CARTESIAN_POINT ( 'NONE',  ( -17.44999999999999929, 10.80000000000000071, 26.44999999999961204 ) ) ;
#9750 = DIRECTION ( 'NONE',  ( -0.9612616959383174509, -0.2756373558170042704, 0.000000000000000000 ) ) ;
#9751 = DIRECTION ( 'NONE',  ( -1.000000000000000000, -0.000000000000000000, -0.000000000000000000 ) ) ;
#9752 = EDGE_LOOP ( 'NONE', ( #2643, #4908, #6344, #5782 ) ) ;
#9753 = EDGE_LOOP ( 'NONE', ( #3809, #7229, #2251, #9423 ) ) ;
#9754 = CARTESIAN_POINT ( 'NONE',  ( 20.37499999999998934, 10.53731005528969789, 33.62500000000000000 ) ) ;
#9755 = VERTEX_POINT ( 'NONE', #3835 ) ;
#9756 = VERTEX_POINT ( 'NONE', #2263 ) ;
#9757 = CARTESIAN_POINT ( 'NONE',  ( 60.02027957955104398, 9.499999999999980460, -31.94921176768562177 ) ) ;
#9758 = ORIENTED_EDGE ( 'NONE', *, *, #2268, .F. ) ;
#9759 = CARTESIAN_POINT ( 'NONE',  ( -51.62500000000001421, 7.500000000000000000, -28.49625977300445356 ) ) ;
#9760 = ADVANCED_FACE ( 'NONE', ( #10060, #8526, #4650, #1649 ), #4750, .T. ) ;
#9761 = DIRECTION ( 'NONE',  ( 1.000000000000000000, 0.000000000000000000, 0.000000000000000000 ) ) ;
#9762 = LINE ( 'NONE', #5885, #4534 ) ;
#9763 = DIRECTION ( 'NONE',  ( -0.2657276780299913099, 0.9267025424900799946, 0.2657276780299913099 ) ) ;
#9764 = PLANE ( 'NONE',  #9699 ) ;
#9765 = ORIENTED_EDGE ( 'NONE', *, *, #4061, .T. ) ;
#9766 = VERTEX_POINT ( 'NONE', #8471 ) ;
#9767 = EDGE_LOOP ( 'NONE', ( #776, #6712, #4131, #4297 ) ) ;
#9768 = FACE_OUTER_BOUND ( 'NONE', #8015, .T. ) ;
#9769 = DIRECTION ( 'NONE',  ( -0.000000000000000000, 1.000000000000000000, -0.000000000000000000 ) ) ;
#9770 = EDGE_CURVE ( 'NONE', #4144, #268, #1500, .T. ) ;
#9771 = LINE ( 'NONE', #6709, #3367 ) ;
#9772 = VECTOR ( 'NONE', #5206, 1000.000000000000114 ) ;
#9773 = ORIENTED_EDGE ( 'NONE', *, *, #6750, .F. ) ;
#9774 = EDGE_CURVE ( 'NONE', #6128, #3631, #4602, .T. ) ;
#9775 = ADVANCED_FACE ( 'NONE', ( #9298 ), #117, .F. ) ;
#9776 = ORIENTED_EDGE ( 'NONE', *, *, #1624, .T. ) ;
#9777 = CARTESIAN_POINT ( 'NONE',  ( 0.000000000000000000, 7.500000000000000000, 19.49625977300367552 ) ) ;
#9778 = LINE ( 'NONE', #5795, #8986 ) ;
#9779 = VECTOR ( 'NONE', #820, 1000.000000000000000 ) ;
#9780 = CARTESIAN_POINT ( 'NONE',  ( 14.03553390593270578, 0.000000000000000000, 14.03553390593272709 ) ) ;
#9781 = CARTESIAN_POINT ( 'NONE',  ( 53.44999999999999574, 10.80000000000000071, 8.449999999999617373 ) ) ;
#9782 = ORIENTED_EDGE ( 'NONE', *, *, #659, .T. ) ;
#9783 = VECTOR ( 'NONE', #5746, 1000.000000000000114 ) ;
#9784 = DIRECTION ( 'NONE',  ( 1.000000000000000000, 0.000000000000000000, 0.000000000000000000 ) ) ;
#9785 = ORIENTED_EDGE ( 'NONE', *, *, #8307, .F. ) ;
#9786 = VECTOR ( 'NONE', #4799, 1000.000000000000114 ) ;
#9787 = ADVANCED_FACE ( 'NONE', ( #881 ), #786, .F. ) ;
#9788 = LINE ( 'NONE', #7322, #6744 ) ;
#9789 = CARTESIAN_POINT ( 'NONE',  ( 0.000000000000000000, 7.500000000000000000, -7.503740226996326257 ) ) ;
#9790 = CARTESIAN_POINT ( 'NONE',  ( -51.62500000000000711, 10.53731005528972098, -33.62500000000000711 ) ) ;
#9791 = LINE ( 'NONE', #9684, #7986 ) ;
#9792 = FACE_OUTER_BOUND ( 'NONE', #4444, .T. ) ;
#9793 = ORIENTED_EDGE ( 'NONE', *, *, #2230, .T. ) ;
#9794 = ORIENTED_EDGE ( 'NONE', *, *, #3142, .T. ) ;
#9795 = CARTESIAN_POINT ( 'NONE',  ( -51.62500000000000711, 7.500000000000000000, -16.50374022699631382 ) ) ;
#9796 = AXIS2_PLACEMENT_3D ( 'NONE', #8024, #8183, #6705 ) ;
#9797 = VECTOR ( 'NONE', #9461, 1000.000000000000000 ) ;
#9798 = DIRECTION ( 'NONE',  ( 0.000000000000000000, 0.000000000000000000, -1.000000000000000000 ) ) ;
#9799 = CARTESIAN_POINT ( 'NONE',  ( 61.43449314192414334, 7.500000000000000000, 33.36342533005872468 ) ) ;
#9800 = ORIENTED_EDGE ( 'NONE', *, *, #5702, .F. ) ;
#9801 = CARTESIAN_POINT ( 'NONE',  ( -13.08484749617240794, 14.76483374945124893, -27.58689778295635264 ) ) ;
#9802 = VERTEX_POINT ( 'NONE', #1599 ) ;
#9803 = EDGE_CURVE ( 'NONE', #4792, #7124, #7084, .T. ) ;
#9804 = LINE ( 'NONE', #2920, #880 ) ;
#9805 = LINE ( 'NONE', #4448, #5500 ) ;
#9806 = AXIS2_PLACEMENT_3D ( 'NONE', #3165, #2975, #8428 ) ;
#9807 = DIRECTION ( 'NONE',  ( 0.000000000000000000, 0.000000000000000000, -1.000000000000000000 ) ) ;
#9808 = ORIENTED_EDGE ( 'NONE', *, *, #4468, .T. ) ;
#9809 = DIRECTION ( 'NONE',  ( 1.000000000000000000, 0.000000000000000000, 0.000000000000000000 ) ) ;
#9810 = ORIENTED_EDGE ( 'NONE', *, *, #2970, .F. ) ;
#9811 = ORIENTED_EDGE ( 'NONE', *, *, #4661, .F. ) ;
#9812 = CARTESIAN_POINT ( 'NONE',  ( -20.37499999999999645, 10.80000000000000071, 0.000000000000000000 ) ) ;
#9813 = ORIENTED_EDGE ( 'NONE', *, *, #2890, .T. ) ;
#9814 = EDGE_CURVE ( 'NONE', #9003, #5202, #980, .T. ) ;
#9815 = ORIENTED_EDGE ( 'NONE', *, *, #7009, .T. ) ;
#9816 = DIRECTION ( 'NONE',  ( -1.000000000000000000, -0.000000000000000000, -0.000000000000000000 ) ) ;
#9817 = DIRECTION ( 'NONE',  ( -0.2657276780299913099, 0.9267025424900799946, 0.2657276780299913099 ) ) ;
#9818 = CARTESIAN_POINT ( 'NONE',  ( 30.93261023597309034, -0.9965637948165171345, -32.06738976402728980 ) ) ;
#9819 = CARTESIAN_POINT ( 'NONE',  ( -40.07937528197220445, 29.75245638442229534, 13.11547058297133184 ) ) ;
#9820 = CARTESIAN_POINT ( 'NONE',  ( -47.73571359999211694, 22.25864506693675793, 26.58211138907227422 ) ) ;
#9821 = ORIENTED_EDGE ( 'NONE', *, *, #7561, .T. ) ;
#9822 = VERTEX_POINT ( 'NONE', #4848 ) ;
#9823 = ORIENTED_EDGE ( 'NONE', *, *, #4553, .T. ) ;
#9824 = ADVANCED_FACE ( 'NONE', ( #1796 ), #9542, .F. ) ;
#9825 = CARTESIAN_POINT ( 'NONE',  ( 0.000000000000000000, 10.80000000000000071, 33.62500000000000000 ) ) ;
#9826 = CARTESIAN_POINT ( 'NONE',  ( 62.00000000000000000, 0.000000000000000000, 34.00000000000000000 ) ) ;
#9827 = CARTESIAN_POINT ( 'NONE',  ( 18.54999999999999716, 10.80000000000000071, -35.45000000000039364 ) ) ;
#9828 = EDGE_LOOP ( 'NONE', ( #1403, #5233, #1894, #522 ) ) ;
#9829 = ORIENTED_EDGE ( 'NONE', *, *, #5742, .T. ) ;
#9830 = LINE ( 'NONE', #2792, #1569 ) ;
#9831 = DIRECTION ( 'NONE',  ( 1.000000000000000000, 0.000000000000000000, 0.000000000000000000 ) ) ;
#9832 = EDGE_CURVE ( 'NONE', #7241, #8938, #6473, .T. ) ;
#9833 = CARTESIAN_POINT ( 'NONE',  ( 18.75510628676862268, 10.08470937300049464, 9.755106286768237212 ) ) ;
#9834 = DIRECTION ( 'NONE',  ( 0.000000000000000000, -0.000000000000000000, 1.000000000000000000 ) ) ;
#9835 = ADVANCED_FACE ( 'NONE', ( #6564 ), #1944, .F. ) ;
#9836 = AXIS2_PLACEMENT_3D ( 'NONE', #2504, #7900, #4175 ) ;
#9837 = ORIENTED_EDGE ( 'NONE', *, *, #2982, .T. ) ;
#9838 = PLANE ( 'NONE',  #9426 ) ;
#9839 = ORIENTED_EDGE ( 'NONE', *, *, #9482, .T. ) ;
#9840 = LINE ( 'NONE', #9022, #8268 ) ;
#9841 = CARTESIAN_POINT ( 'NONE',  ( -50.06738976402689190, -0.9965637948165171345, -32.06738976402728980 ) ) ;
#9842 = PLANE ( 'NONE',  #4575 ) ;
#9843 = VECTOR ( 'NONE', #854, 1000.000000000000227 ) ;
#9844 = DIRECTION ( 'NONE',  ( -0.4578768884082913271, -0.7620351108204149737, -0.4578768884082913271 ) ) ;
#9845 = ORIENTED_EDGE ( 'NONE', *, *, #344, .T. ) ;
#9846 = VERTEX_POINT ( 'NONE', #2648 ) ;
#9847 = CARTESIAN_POINT ( 'NONE',  ( -39.93261023597303705, -0.9965637948163279525, 32.06738976402657215 ) ) ;
#9848 = LINE ( 'NONE', #2055, #7157 ) ;
#9849 = EDGE_CURVE ( 'NONE', #1333, #5533, #4941, .T. ) ;
#9850 = DIRECTION ( 'NONE',  ( -0.7071067811865474617, 0.000000000000000000, -0.7071067811865474617 ) ) ;
#9851 = ORIENTED_EDGE ( 'NONE', *, *, #447, .T. ) ;
#9852 = VECTOR ( 'NONE', #2164, 1000.000000000000000 ) ;
#9853 = LINE ( 'NONE', #2864, #7622 ) ;
#9854 = ORIENTED_EDGE ( 'NONE', *, *, #396, .F. ) ;
#9855 = LINE ( 'NONE', #8216, #9999 ) ;
#9856 = DIRECTION ( 'NONE',  ( -0.5001519828512185351, -0.8323926831162089535, -0.2386847610229712591 ) ) ;
#9857 = CARTESIAN_POINT ( 'NONE',  ( 56.48474567361831333, 7.500000000000000000, 35.48474567361836307 ) ) ;
#9858 = VERTEX_POINT ( 'NONE', #168 ) ;
#9859 = DIRECTION ( 'NONE',  ( -0.2657276780299913099, -0.9267025424900799946, 0.2657276780299913099 ) ) ;
#9860 = ORIENTED_EDGE ( 'NONE', *, *, #680, .T. ) ;
#9861 = ORIENTED_EDGE ( 'NONE', *, *, #7847, .T. ) ;
#9862 = FACE_OUTER_BOUND ( 'NONE', #5503, .T. ) ;
#9863 = VECTOR ( 'NONE', #7953, 1000.000000000000114 ) ;
#9864 = EDGE_CURVE ( 'NONE', #9020, #4201, #5809, .T. ) ;
#9865 = EDGE_CURVE ( 'NONE', #5676, #1358, #7136, .T. ) ;
#9866 = DIRECTION ( 'NONE',  ( 0.000000000000000000, 0.000000000000000000, -1.000000000000000000 ) ) ;
#9867 = VECTOR ( 'NONE', #6983, 1000.000000000000114 ) ;
#9868 = DIRECTION ( 'NONE',  ( 0.4578768884082913826, -0.7620351108204148627, -0.4578768884082914381 ) ) ;
#9869 = DIRECTION ( 'NONE',  ( -0.7071067811865452413, 0.000000000000000000, -0.7071067811865497932 ) ) ;
#9870 = EDGE_CURVE ( 'NONE', #2958, #1995, #9686, .T. ) ;
#9871 = AXIS2_PLACEMENT_3D ( 'NONE', #7263, #6501, #4878 ) ;
#9872 = FACE_OUTER_BOUND ( 'NONE', #3889, .T. ) ;
#9873 = CARTESIAN_POINT ( 'NONE',  ( -13.08484749617240794, 14.76483374945125604, 18.58689778295557815 ) ) ;
#9874 = VERTEX_POINT ( 'NONE', #3359 ) ;
#9875 = ORIENTED_EDGE ( 'NONE', *, *, #752, .F. ) ;
#9876 = ORIENTED_EDGE ( 'NONE', *, *, #2018, .F. ) ;
#9877 = ORIENTED_EDGE ( 'NONE', *, *, #2368, .F. ) ;
#9878 = DIRECTION ( 'NONE',  ( 0.000000000000000000, 0.000000000000000000, -1.000000000000000000 ) ) ;
#9879 = VECTOR ( 'NONE', #3043, 1000.000000000000114 ) ;
#9880 = DIRECTION ( 'NONE',  ( 0.7071067811865426878, -0.7071067811865524577, -0.000000000000000000 ) ) ;
#9881 = LINE ( 'NONE', #4421, #7605 ) ;
#9882 = ORIENTED_EDGE ( 'NONE', *, *, #1014, .F. ) ;
#9883 = EDGE_CURVE ( 'NONE', #9934, #3186, #7327, .T. ) ;
#9884 = VECTOR ( 'NONE', #9816, 1000.000000000000000 ) ;
#9885 = DIRECTION ( 'NONE',  ( -0.000000000000000000, -0.000000000000000000, 1.000000000000000000 ) ) ;
#9886 = DIRECTION ( 'NONE',  ( 1.000000000000000000, 0.000000000000000000, -0.000000000000000000 ) ) ;
#9887 = CARTESIAN_POINT ( 'NONE',  ( 16.80943399447264142, 8.566080860090405480, 0.000000000000000000 ) ) ;
#9888 = DIRECTION ( 'NONE',  ( -0.9612616959383174509, -0.2756373558170042704, 0.000000000000000000 ) ) ;
#9889 = VECTOR ( 'NONE', #7307, 1000.000000000000000 ) ;
#9890 = ORIENTED_EDGE ( 'NONE', *, *, #506, .T. ) ;
#9891 = EDGE_CURVE ( 'NONE', #1975, #4539, #2699, .T. ) ;
#9892 = FACE_OUTER_BOUND ( 'NONE', #4464, .T. ) ;
#9893 = ORIENTED_EDGE ( 'NONE', *, *, #8244, .F. ) ;
#9894 = EDGE_CURVE ( 'NONE', #1798, #6874, #8104, .T. ) ;
#9895 = LINE ( 'NONE', #2804, #9374 ) ;
#9896 = AXIS2_PLACEMENT_3D ( 'NONE', #7713, #3793, #742 ) ;
#9897 = CARTESIAN_POINT ( 'NONE',  ( -9.625325129530889257, 10.53731005528972098, -33.62500000000000000 ) ) ;
#9898 = AXIS2_PLACEMENT_3D ( 'NONE', #543, #6746, #489 ) ;
#9899 = DIRECTION ( 'NONE',  ( 0.000000000000000000, 0.000000000000000000, 1.000000000000000000 ) ) ;
#9900 = ORIENTED_EDGE ( 'NONE', *, *, #361, .T. ) ;
#9901 = ORIENTED_EDGE ( 'NONE', *, *, #4775, .F. ) ;
#9902 = DIRECTION ( 'NONE',  ( 0.5001519828512186461, -0.8323926831162090645, 0.2386847610229710648 ) ) ;
#9903 = DIRECTION ( 'NONE',  ( 0.5001519828512185351, -0.8323926831162089535, 0.2386847610229712591 ) ) ;
#9904 = CARTESIAN_POINT ( 'NONE',  ( 0.000000000000000000, 7.500000000000000000, -28.49625977300445356 ) ) ;
#9905 = ORIENTED_EDGE ( 'NONE', *, *, #9116, .T. ) ;
#9906 = VECTOR ( 'NONE', #4642, 1000.000000000000000 ) ;
#9907 = EDGE_CURVE ( 'NONE', #8812, #634, #1074, .T. ) ;
#9908 = DIRECTION ( 'NONE',  ( 0.5001519828512186461, 0.8323926831162090645, -0.2386847610229710648 ) ) ;
#9909 = ORIENTED_EDGE ( 'NONE', *, *, #9243, .T. ) ;
#9910 = CARTESIAN_POINT ( 'NONE',  ( -15.62500000000000711, 7.500000000000000000, 10.49625977300367907 ) ) ;
#9911 = CARTESIAN_POINT ( 'NONE',  ( -13.90968028962739389, -0.2227888855198048579, -21.71073385111670717 ) ) ;
#9912 = EDGE_CURVE ( 'NONE', #3797, #7447, #9592, .T. ) ;
#9913 = LINE ( 'NONE', #7391, #5941 ) ;
#9914 = EDGE_CURVE ( 'NONE', #4551, #9003, #7186, .T. ) ;
#9915 = VERTEX_POINT ( 'NONE', #1750 ) ;
#9916 = CARTESIAN_POINT ( 'NONE',  ( 0.000000000000000000, 7.500000000000000000, -28.49625977300445356 ) ) ;
#9917 = ORIENTED_EDGE ( 'NONE', *, *, #3816, .F. ) ;
#9918 = EDGE_LOOP ( 'NONE', ( #6474, #67, #132, #7607 ) ) ;
#9919 = CARTESIAN_POINT ( 'NONE',  ( 35.44999999999999574, 10.80000000000000071, -35.45000000000039364 ) ) ;
#9920 = AXIS2_PLACEMENT_3D ( 'NONE', #9941, #5250, #3659 ) ;
#9921 = LINE ( 'NONE', #1459, #8078 ) ;
#9922 = CARTESIAN_POINT ( 'NONE',  ( -20.37499999999999645, 10.80000000000000071, 0.000000000000000000 ) ) ;
#9923 = LINE ( 'NONE', #2075, #6950 ) ;
#9924 = CARTESIAN_POINT ( 'NONE',  ( -19.19056600552735503, 8.566080860090405480, 0.000000000000000000 ) ) ;
#9925 = EDGE_CURVE ( 'NONE', #9637, #9109, #5665, .T. ) ;
#9926 = CARTESIAN_POINT ( 'NONE',  ( -51.62500000000000711, 10.80000000000000426, -8.450000000000388312 ) ) ;
#9927 = VERTEX_POINT ( 'NONE', #8770 ) ;
#9928 = ORIENTED_EDGE ( 'NONE', *, *, #3072, .F. ) ;
#9929 = ORIENTED_EDGE ( 'NONE', *, *, #400, .F. ) ;
#9930 = VERTEX_POINT ( 'NONE', #4129 ) ;
#9931 = CARTESIAN_POINT ( 'NONE',  ( -15.62500000000000711, 10.80000000000000426, 33.62500000000000000 ) ) ;
#9932 = CARTESIAN_POINT ( 'NONE',  ( -52.50374022699593723, 7.500000000000000000, 0.000000000000000000 ) ) ;
#9933 = DIRECTION ( 'NONE',  ( -1.000000000000000000, -0.000000000000000000, -0.000000000000000000 ) ) ;
#9934 = VERTEX_POINT ( 'NONE', #7227 ) ;
#9935 = EDGE_CURVE ( 'NONE', #3747, #2288, #267, .T. ) ;
#9936 = CARTESIAN_POINT ( 'NONE',  ( -53.44999999999999574, 10.80000000000000071, -35.45000000000039364 ) ) ;
#9937 = DIRECTION ( 'NONE',  ( -1.000000000000000000, 0.000000000000000000, 0.000000000000000000 ) ) ;
#9938 = EDGE_CURVE ( 'NONE', #1839, #102, #4231, .T. ) ;
#9939 = CARTESIAN_POINT ( 'NONE',  ( -20.37499999999999645, 7.500000000000000000, 19.49625977300367552 ) ) ;
#9940 = ORIENTED_EDGE ( 'NONE', *, *, #1127, .F. ) ;
#9941 = CARTESIAN_POINT ( 'NONE',  ( -46.49625977300406277, 7.500000000000000000, 0.000000000000000000 ) ) ;
#9942 = EDGE_LOOP ( 'NONE', ( #8430, #6437, #6754, #5028 ) ) ;
#9943 = VECTOR ( 'NONE', #2401, 1000.000000000000227 ) ;
#9944 = CARTESIAN_POINT ( 'NONE',  ( -51.62500000000000711, 10.80000000000000426, 33.62499999999999289 ) ) ;
#9945 = DIRECTION ( 'NONE',  ( -1.000000000000000000, -6.617913326349485696E-16, 0.000000000000000000 ) ) ;
#9946 = CARTESIAN_POINT ( 'NONE',  ( 16.80943399447264852, 8.566080860090398374, 1.190566005526972448 ) ) ;
#9947 = VERTEX_POINT ( 'NONE', #1282 ) ;
#9948 = ORIENTED_EDGE ( 'NONE', *, *, #7598, .T. ) ;
#9949 = LINE ( 'NONE', #10048, #178 ) ;
#9950 = ADVANCED_FACE ( 'NONE', ( #6725 ), #1331, .F. ) ;
#9951 = CARTESIAN_POINT ( 'NONE',  ( -52.50374022699592302, 7.500000000000000000, 0.000000000000000000 ) ) ;
#9952 = VECTOR ( 'NONE', #7366, 1000.000000000000000 ) ;
#9953 = VERTEX_POINT ( 'NONE', #4285 ) ;
#9954 = DIRECTION ( 'NONE',  ( -0.000000000000000000, -0.000000000000000000, 1.000000000000000000 ) ) ;
#9955 = ORIENTED_EDGE ( 'NONE', *, *, #9428, .T. ) ;
#9956 = CARTESIAN_POINT ( 'NONE',  ( -44.44999999999999574, 10.80000000000000071, 35.44999999999961204 ) ) ;
#9957 = LINE ( 'NONE', #7655, #1437 ) ;
#9958 = PLANE ( 'NONE',  #6420 ) ;
#9959 = ORIENTED_EDGE ( 'NONE', *, *, #9567, .T. ) ;
#9960 = VECTOR ( 'NONE', #1151, 999.9999999999998863 ) ;
#9961 = ORIENTED_EDGE ( 'NONE', *, *, #8534, .T. ) ;
#9962 = CARTESIAN_POINT ( 'NONE',  ( 13.90968028962738856, -0.2227888855198013884, -21.71073385111670362 ) ) ;
#9963 = VERTEX_POINT ( 'NONE', #7489 ) ;
#9964 = ORIENTED_EDGE ( 'NONE', *, *, #1310, .T. ) ;
#9965 = VECTOR ( 'NONE', #5148, 1000.000000000000114 ) ;
#9966 = CARTESIAN_POINT ( 'NONE',  ( 56.48474567361831333, 10.49999999999999822, -35.48474567361837018 ) ) ;
#9967 = ADVANCED_FACE ( 'NONE', ( #2957 ), #9027, .F. ) ;
#9968 = EDGE_CURVE ( 'NONE', #8236, #7892, #2050, .T. ) ;
#9969 = DIRECTION ( 'NONE',  ( 0.7071067811865475727, 0.000000000000000000, 0.7071067811865475727 ) ) ;
#9970 = PLANE ( 'NONE',  #5013 ) ;
#9971 = AXIS2_PLACEMENT_3D ( 'NONE', #283, #4814, #3376 ) ;
#9972 = CARTESIAN_POINT ( 'NONE',  ( 16.50374022699594434, 7.500000000000000000, 0.000000000000000000 ) ) ;
#9973 = AXIS2_PLACEMENT_3D ( 'NONE', #6775, #1225, #4437 ) ;
#9974 = LINE ( 'NONE', #2828, #3166 ) ;
#9975 = LINE ( 'NONE', #30, #3502 ) ;
#9976 = EDGE_LOOP ( 'NONE', ( #9537, #228, #9292, #6535 ) ) ;
#9977 = VERTEX_POINT ( 'NONE', #8311 ) ;
#9978 = ORIENTED_EDGE ( 'NONE', *, *, #8768, .T. ) ;
#9979 = ORIENTED_EDGE ( 'NONE', *, *, #6586, .T. ) ;
#9980 = CARTESIAN_POINT ( 'NONE',  ( 51.62500000000000000, 10.53731005528968723, -33.62500000000000000 ) ) ;
#9981 = CARTESIAN_POINT ( 'NONE',  ( 20.37499999999998934, 10.80000000000000426, 33.62500000000000000 ) ) ;
#9982 = ADVANCED_FACE ( 'NONE', ( #6072 ), #8358, .F. ) ;
#9983 = LINE ( 'NONE', #2134, #9729 ) ;
#9984 = DIRECTION ( 'NONE',  ( -0.4578768884082914936, -0.7620351108204149737, 0.4578768884082912161 ) ) ;
#9985 = FACE_OUTER_BOUND ( 'NONE', #9345, .T. ) ;
#9986 = DIRECTION ( 'NONE',  ( 1.000000000000000000, 0.000000000000000000, 0.000000000000000000 ) ) ;
#9987 = DIRECTION ( 'NONE',  ( 0.5001519828512186461, 0.8323926831162090645, -0.2386847610229710648 ) ) ;
#9988 = EDGE_CURVE ( 'NONE', #6068, #4759, #2199, .T. ) ;
#9989 = EDGE_CURVE ( 'NONE', #763, #3101, #6825, .T. ) ;
#9990 = ORIENTED_EDGE ( 'NONE', *, *, #5301, .T. ) ;
#9991 = DIRECTION ( 'NONE',  ( -1.000000000000000000, -4.479964619998411121E-16, -1.284609183147281506E-16 ) ) ;
#9992 = ORIENTED_EDGE ( 'NONE', *, *, #8594, .T. ) ;
#9993 = EDGE_CURVE ( 'NONE', #2390, #4997, #469, .T. ) ;
#9994 = DIRECTION ( 'NONE',  ( -0.2657276780299913099, 0.9267025424900799946, 0.2657276780299913099 ) ) ;
#9995 = CARTESIAN_POINT ( 'NONE',  ( -19.19056600552735503, 8.566080860090405480, 16.80943399447225772 ) ) ;
#9996 = VERTEX_POINT ( 'NONE', #3510 ) ;
#9997 = ORIENTED_EDGE ( 'NONE', *, *, #2696, .F. ) ;
#9998 = DIRECTION ( 'NONE',  ( -0.5150380749100552658, -0.8571673007021116675, 0.000000000000000000 ) ) ;
#9999 = VECTOR ( 'NONE', #1183, 1000.000000000000000 ) ;
#10000 = LINE ( 'NONE', #5412, #9943 ) ;
#10001 = ORIENTED_EDGE ( 'NONE', *, *, #9216, .T. ) ;
#10002 = DIRECTION ( 'NONE',  ( 0.5001519828512187571, -0.8323926831162092865, 0.2386847610229693439 ) ) ;
#10003 = VERTEX_POINT ( 'NONE', #9946 ) ;
#10004 = CARTESIAN_POINT ( 'NONE',  ( 0.000000000000000000, 7.500000000000000000, 1.496259773003681737 ) ) ;
#10005 = LINE ( 'NONE', #6178, #6957 ) ;
#10006 = EDGE_CURVE ( 'NONE', #2288, #1478, #572, .T. ) ;
#10007 = VECTOR ( 'NONE', #6446, 1000.000000000000000 ) ;
#10008 = LINE ( 'NONE', #3114, #1720 ) ;
#10009 = ORIENTED_EDGE ( 'NONE', *, *, #5186, .F. ) ;
#10010 = LINE ( 'NONE', #831, #9867 ) ;
#10011 = VERTEX_POINT ( 'NONE', #5304 ) ;
#10012 = ORIENTED_EDGE ( 'NONE', *, *, #7707, .F. ) ;
#10013 = CARTESIAN_POINT ( 'NONE',  ( 56.48474567361831333, 9.499999999999980460, 35.48474567361837018 ) ) ;
#10014 = EDGE_LOOP ( 'NONE', ( #8899, #1051, #674, #8208 ) ) ;
#10015 = VECTOR ( 'NONE', #4359, 1000.000000000000114 ) ;
#10016 = PLANE ( 'NONE',  #4509 ) ;
#10017 = DIRECTION ( 'NONE',  ( -1.000000000000000000, -0.000000000000000000, -0.000000000000000000 ) ) ;
#10018 = CARTESIAN_POINT ( 'NONE',  ( 51.62500000000000000, 10.80000000000000426, -33.62500000000000000 ) ) ;
#10019 = ADVANCED_FACE ( 'NONE', ( #9792 ), #2806, .F. ) ;
#10020 = EDGE_CURVE ( 'NONE', #5564, #2885, #5201, .T. ) ;
#10021 = CARTESIAN_POINT ( 'NONE',  ( 52.80943399447264142, 8.566080860090400151, -1.190566005527737170 ) ) ;
#10022 = LINE ( 'NONE', #8437, #5958 ) ;
#10023 = VECTOR ( 'NONE', #1747, 1000.000000000000000 ) ;
#10024 = VERTEX_POINT ( 'NONE', #4387 ) ;
#10025 = ORIENTED_EDGE ( 'NONE', *, *, #6508, .F. ) ;
#10026 = EDGE_CURVE ( 'NONE', #7398, #5915, #520, .T. ) ;
#10027 = ORIENTED_EDGE ( 'NONE', *, *, #667, .T. ) ;
#10028 = PLANE ( 'NONE',  #7676 ) ;
#10029 = LINE ( 'NONE', #2279, #9716 ) ;
#10030 = CARTESIAN_POINT ( 'NONE',  ( 0.000000000000000000, 7.500000000000000000, -10.49625977300446067 ) ) ;
#10031 = CARTESIAN_POINT ( 'NONE',  ( -25.50374022699593368, 7.500000000000000000, 33.62499999999999289 ) ) ;
#10032 = EDGE_CURVE ( 'NONE', #2167, #8215, #8206, .T. ) ;
#10033 = CARTESIAN_POINT ( 'NONE',  ( 19.19056600552734793, 8.566080860090412585, 7.809433994472263052 ) ) ;
#10034 = EDGE_CURVE ( 'NONE', #2524, #1664, #2855, .T. ) ;
#10035 = VECTOR ( 'NONE', #5401, 1000.000000000000114 ) ;
#10036 = PLANE ( 'NONE',  #6361 ) ;
#10037 = CARTESIAN_POINT ( 'NONE',  ( -20.37499999999999645, 10.53731005528969433, 27.62532512953050912 ) ) ;
#10038 = VERTEX_POINT ( 'NONE', #9080 ) ;
#10039 = AXIS2_PLACEMENT_3D ( 'NONE', #6988, #6845, #2977 ) ;
#10040 = CARTESIAN_POINT ( 'NONE',  ( 9.625325129530892809, 10.53731005528972986, -33.62500000000000000 ) ) ;
#10041 = LINE ( 'NONE', #9380, #2046 ) ;
#10042 = EDGE_CURVE ( 'NONE', #5772, #627, #6618, .T. ) ;
#10043 = LINE ( 'NONE', #1438, #6521 ) ;
#10044 = CARTESIAN_POINT ( 'NONE',  ( 20.37499999999998934, 7.500000000000000000, -19.49625977300445356 ) ) ;
#10045 = ORIENTED_EDGE ( 'NONE', *, *, #9385, .F. ) ;
#10046 = ORIENTED_EDGE ( 'NONE', *, *, #7457, .T. ) ;
#10047 = ORIENTED_EDGE ( 'NONE', *, *, #7537, .T. ) ;
#10048 = CARTESIAN_POINT ( 'NONE',  ( 53.88039450307232414, 12.30096400656410083, -18.11960549692805245 ) ) ;
#10049 = VECTOR ( 'NONE', #6600, 1000.000000000000000 ) ;
#10050 = CARTESIAN_POINT ( 'NONE',  ( 17.44999999999999929, 7.500000000000000000, -35.45000000000003126 ) ) ;
#10051 = ORIENTED_EDGE ( 'NONE', *, *, #5025, .T. ) ;
#10052 = DIRECTION ( 'NONE',  ( -1.704238669762319663E-16, 0.5150380749100552658, -0.8571673007021116675 ) ) ;
#10053 = ORIENTED_EDGE ( 'NONE', *, *, #7847, .F. ) ;
#10054 = AXIS2_PLACEMENT_3D ( 'NONE', #10018, #8633, #2370 ) ;
#10055 = CARTESIAN_POINT ( 'NONE',  ( -46.19056600552746517, 8.566080860090016458, -34.80943399447291142 ) ) ;
#10056 = CARTESIAN_POINT ( 'NONE',  ( -53.44999999999999574, 10.80000000000000071, 27.54999999999960991 ) ) ;
#10057 = AXIS2_PLACEMENT_3D ( 'NONE', #4917, #6491, #6399 ) ;
#10058 = DIRECTION ( 'NONE',  ( 0.000000000000000000, 0.9612616959383174509, -0.2756373558170042704 ) ) ;
#10059 = ORIENTED_EDGE ( 'NONE', *, *, #9627, .T. ) ;
#10060 = FACE_OUTER_BOUND ( 'NONE', #6591, .T. ) ;
#10061 = ORIENTED_EDGE ( 'NONE', *, *, #9864, .F. ) ;
#10062 = ORIENTED_EDGE ( 'NONE', *, *, #1060, .F. ) ;
#10063 = DIRECTION ( 'NONE',  ( 0.000000000000000000, -1.628809415300402958E-16, -1.000000000000000000 ) ) ;
#10064 = VERTEX_POINT ( 'NONE', #9740 ) ;
#10065 = VECTOR ( 'NONE', #6560, 1000.000000000000000 ) ;
#10066 = VECTOR ( 'NONE', #8519, 1000.000000000000000 ) ;
#10067 = EDGE_CURVE ( 'NONE', #1102, #3747, #2751, .T. ) ;
#10068 = DIRECTION ( 'NONE',  ( -1.000000000000000000, 0.000000000000000000, 0.000000000000000000 ) ) ;
#10069 = DIRECTION ( 'NONE',  ( -0.000000000000000000, 0.000000000000000000, 1.000000000000000000 ) ) ;
#10070 = FACE_OUTER_BOUND ( 'NONE', #5751, .T. ) ;
#10071 = CARTESIAN_POINT ( 'NONE',  ( -20.37499999999999645, 10.53731005528969078, -8.374674870469485555 ) ) ;
#10072 = VECTOR ( 'NONE', #4793, 1000.000000000000000 ) ;
#10073 = CARTESIAN_POINT ( 'NONE',  ( 45.54999999999999005, 10.80000000000000071, 9.549999999999611688 ) ) ;
#10074 = ORIENTED_EDGE ( 'NONE', *, *, #2913, .T. ) ;
#10075 = ORIENTED_EDGE ( 'NONE', *, *, #4415, .T. ) ;
#10076 = DIRECTION ( 'NONE',  ( 0.000000000000000000, 0.000000000000000000, 1.000000000000000000 ) ) ;
#10077 = ORIENTED_EDGE ( 'NONE', *, *, #9230, .T. ) ;
#10078 = LINE ( 'NONE', #6104, #5882 ) ;
#10079 = ADVANCED_FACE ( 'NONE', ( #866 ), #6119, .F. ) ;
#10080 = CARTESIAN_POINT ( 'NONE',  ( 7.503740226995931017, 7.500000000000000000, 33.62500000000000000 ) ) ;
#10081 = LINE ( 'NONE', #1570, #6150 ) ;
#10082 = LINE ( 'NONE', #3910, #1372 ) ;
#10083 = DIRECTION ( 'NONE',  ( -1.000000000000000000, -0.000000000000000000, -0.000000000000000000 ) ) ;
#10084 = FACE_OUTER_BOUND ( 'NONE', #4515, .T. ) ;
#10085 = EDGE_CURVE ( 'NONE', #7708, #8850, #1532, .T. ) ;
#10086 = CARTESIAN_POINT ( 'NONE',  ( -51.62500000000001421, 7.500000000000000000, 7.503740226995549101 ) ) ;
#10087 = EDGE_CURVE ( 'NONE', #4004, #5464, #5359, .T. ) ;
#10088 = ORIENTED_EDGE ( 'NONE', *, *, #1535, .T. ) ;
ENDSEC;
END-ISO-10303-21;
