ISO-10303-21;
HEADER;
FILE_DESCRIPTION (( 'STEP AP214' ),
    '1' );
FILE_NAME ('4 Segment Subtap.STEP',
    '2026-09-02T23:00:42',
    ( '' ),
    ( '' ),
    'SwSTEP 2.0',
    'SolidWorks 2024',
    '' );
FILE_SCHEMA (( 'AUTOMOTIVE_DESIGN' ));
ENDSEC;

DATA;
#1 = ORIENTED_EDGE ( 'NONE', *, *, #2254, .T. ) ;
#2 = CARTESIAN_POINT ( 'NONE',  ( -35.44999999999999574, 10.80000000000000071, -26.45000000000038298 ) ) ;
#3 = DIRECTION ( 'NONE',  ( 0.9612616959383175619, -0.2756373558170040483, 0.000000000000000000 ) ) ;
#4 = VERTEX_POINT ( 'NONE', #6373 ) ;
#5 = FACE_OUTER_BOUND ( 'NONE', #1663, .T. ) ;
#6 = DIRECTION ( 'NONE',  ( -0.9612616959383175619, -0.2756373558170040483, 0.000000000000000000 ) ) ;
#7 = VERTEX_POINT ( 'NONE', #1755 ) ;
#8 = ADVANCED_FACE ( 'NONE', ( #5456 ), #9156, .F. ) ;
#9 = ORIENTED_EDGE ( 'NONE', *, *, #2629, .T. ) ;
#10 = CARTESIAN_POINT ( 'NONE',  ( -20.65831223607736788, -3.969694544262557745, 22.78514175963400490 ) ) ;
#11 = PLANE ( 'NONE',  #9225 ) ;
#12 = VECTOR ( 'NONE', #4585, 1000.000000000000227 ) ;
#13 = EDGE_CURVE ( 'NONE', #9030, #5829, #8484, .T. ) ;
#14 = LINE ( 'NONE', #6517, #1004 ) ;
#15 = VERTEX_POINT ( 'NONE', #3818 ) ;
#16 = EDGE_CURVE ( 'NONE', #11204, #5411, #1029, .T. ) ;
#17 = FACE_OUTER_BOUND ( 'NONE', #2895, .T. ) ;
#18 = CARTESIAN_POINT ( 'NONE',  ( 19.83347944262236950, 18.51173940819399988, -1.661305691474436408 ) ) ;
#19 = ORIENTED_EDGE ( 'NONE', *, *, #8641, .F. ) ;
#20 = CARTESIAN_POINT ( 'NONE',  ( 24.62500000000000000, 10.53731005528970144, 27.62532512953050912 ) ) ;
#21 = EDGE_CURVE ( 'NONE', #3450, #8092, #3877, .T. ) ;
#22 = EDGE_LOOP ( 'NONE', ( #8786, #7019, #4843, #963, #6006, #8949, #5777, #3429, #5450, #246, #534, #6796 ) ) ;
#23 = CARTESIAN_POINT ( 'NONE',  ( 36.54999999999999716, 10.80000000000000071, 35.44999999999961204 ) ) ;
#24 = CARTESIAN_POINT ( 'NONE',  ( 34.80943399447276221, 8.566080860090846016, 34.80943399447237852 ) ) ;
#25 = ORIENTED_EDGE ( 'NONE', *, *, #9924, .T. ) ;
#26 = AXIS2_PLACEMENT_3D ( 'NONE', #3807, #8415, #9208 ) ;
#27 = DIRECTION ( 'NONE',  ( -0.2657276780299911434, -0.9267025424900801056, 0.2657276780299911434 ) ) ;
#28 = DIRECTION ( 'NONE',  ( 1.000000000000000000, 0.000000000000000000, -0.000000000000000000 ) ) ;
#29 = VECTOR ( 'NONE', #6333, 1000.000000000000000 ) ;
#30 = DIRECTION ( 'NONE',  ( 0.000000000000000000, 0.000000000000000000, -1.000000000000000000 ) ) ;
#31 = VECTOR ( 'NONE', #154, 1000.000000000000000 ) ;
#32 = ORIENTED_EDGE ( 'NONE', *, *, #9717, .T. ) ;
#33 = EDGE_CURVE ( 'NONE', #8418, #7134, #7571, .T. ) ;
#34 = DIRECTION ( 'NONE',  ( -0.9612616959383174509, -0.2756373558170042704, 0.000000000000000000 ) ) ;
#35 = ORIENTED_EDGE ( 'NONE', *, *, #2271, .F. ) ;
#36 = SHAPE_DEFINITION_REPRESENTATION ( #4243, #7052 ) ;
#37 = CARTESIAN_POINT ( 'NONE',  ( -0.5499999999999949374, 10.80000000000000071, -18.55000000000037730 ) ) ;
#38 = EDGE_LOOP ( 'NONE', ( #8281, #9621, #7972, #1352 ) ) ;
#39 = CARTESIAN_POINT ( 'NONE',  ( 0.000000000000000000, 7.500000000000000000, -28.49625977300445356 ) ) ;
#40 = DIRECTION ( 'NONE',  ( 0.000000000000000000, 0.000000000000000000, -1.000000000000000000 ) ) ;
#41 = VECTOR ( 'NONE', #7944, 1000.000000000000000 ) ;
#42 = DIRECTION ( 'NONE',  ( 1.000000000000000000, 0.000000000000000000, 0.000000000000000000 ) ) ;
#43 = EDGE_CURVE ( 'NONE', #7969, #1947, #5813, .T. ) ;
#44 = FACE_OUTER_BOUND ( 'NONE', #3482, .T. ) ;
#45 = VECTOR ( 'NONE', #6418, 1000.000000000000000 ) ;
#46 = ORIENTED_EDGE ( 'NONE', *, *, #3033, .T. ) ;
#47 = CARTESIAN_POINT ( 'NONE',  ( 53.44999999999999574, 10.80000000000000071, 35.44999999999961204 ) ) ;
#48 = EDGE_LOOP ( 'NONE', ( #10637, #10697, #6763, #10102 ) ) ;
#49 = VERTEX_POINT ( 'NONE', #1937 ) ;
#50 = CARTESIAN_POINT ( 'NONE',  ( -7.503740226995931017, 7.500000000000000000, -33.62500000000000000 ) ) ;
#51 = CARTESIAN_POINT ( 'NONE',  ( 52.80943399447264852, 8.566080860090401927, -7.809433994473034879 ) ) ;
#52 = ORIENTED_EDGE ( 'NONE', *, *, #230, .F. ) ;
#53 = PLANE ( 'NONE',  #3241 ) ;
#54 = AXIS2_PLACEMENT_3D ( 'NONE', #3222, #4318, #1339 ) ;
#55 = LINE ( 'NONE', #3761, #10325 ) ;
#56 = ORIENTED_EDGE ( 'NONE', *, *, #7550, .T. ) ;
#57 = ORIENTED_EDGE ( 'NONE', *, *, #282, .T. ) ;
#58 = FACE_OUTER_BOUND ( 'NONE', #5766, .T. ) ;
#59 = CARTESIAN_POINT ( 'NONE',  ( -53.44999999999999574, 10.80000000000000071, -8.450000000000388312 ) ) ;
#60 = EDGE_CURVE ( 'NONE', #8898, #2313, #3938, .T. ) ;
#61 = VECTOR ( 'NONE', #3424, 1000.000000000000114 ) ;
#62 = VECTOR ( 'NONE', #10417, 1000.000000000000000 ) ;
#63 = EDGE_CURVE ( 'NONE', #8062, #1403, #2053, .T. ) ;
#64 = VECTOR ( 'NONE', #4280, 1000.000000000000114 ) ;
#65 = ORIENTED_EDGE ( 'NONE', *, *, #1543, .F. ) ;
#66 = PLANE ( 'NONE',  #7290 ) ;
#67 = DIRECTION ( 'NONE',  ( -0.5001519828512179799, 0.8323926831162092865, 0.2386847610229711203 ) ) ;
#68 = VERTEX_POINT ( 'NONE', #10361 ) ;
#69 = DIRECTION ( 'NONE',  ( 0.000000000000000000, 0.000000000000000000, -1.000000000000000000 ) ) ;
#70 = DIRECTION ( 'NONE',  ( -0.000000000000000000, -0.000000000000000000, 1.000000000000000000 ) ) ;
#71 = ORIENTED_EDGE ( 'NONE', *, *, #11534, .F. ) ;
#72 = ORIENTED_EDGE ( 'NONE', *, *, #4143, .F. ) ;
#73 = DIRECTION ( 'NONE',  ( 1.000000000000000000, 0.000000000000000000, 0.000000000000000000 ) ) ;
#74 = VECTOR ( 'NONE', #9668, 1000.000000000000000 ) ;
#75 = CARTESIAN_POINT ( 'NONE',  ( -25.80943399447264142, 8.566080860090410809, 0.000000000000000000 ) ) ;
#76 = VECTOR ( 'NONE', #6578, 1000.000000000000114 ) ;
#77 = ADVANCED_FACE ( 'NONE', ( #9507 ), #2112, .F. ) ;
#78 = VECTOR ( 'NONE', #3152, 1000.000000000000000 ) ;
#79 = LINE ( 'NONE', #10317, #8170 ) ;
#80 = ORIENTED_EDGE ( 'NONE', *, *, #321, .F. ) ;
#81 = VECTOR ( 'NONE', #9839, 1000.000000000000000 ) ;
#82 = CARTESIAN_POINT ( 'NONE',  ( 15.41427326613672300, 32.23830501688262018, -20.58572673386328944 ) ) ;
#83 = DIRECTION ( 'NONE',  ( -0.000000000000000000, -0.2756373558170042704, -0.9612616959383174509 ) ) ;
#84 = ORIENTED_EDGE ( 'NONE', *, *, #10576, .F. ) ;
#85 = VECTOR ( 'NONE', #9504, 1000.000000000000227 ) ;
#86 = FACE_OUTER_BOUND ( 'NONE', #4026, .T. ) ;
#87 = ORIENTED_EDGE ( 'NONE', *, *, #6365, .F. ) ;
#88 = DIRECTION ( 'NONE',  ( 1.000000000000000000, -4.458787163891844428E-16, -0.000000000000000000 ) ) ;
#89 = DIRECTION ( 'NONE',  ( -0.000000000000000000, 0.9612616959383174509, 0.2756373558170042704 ) ) ;
#90 = VERTEX_POINT ( 'NONE', #7636 ) ;
#91 = FACE_OUTER_BOUND ( 'NONE', #6753, .T. ) ;
#92 = DIRECTION ( 'NONE',  ( 0.000000000000000000, -0.000000000000000000, -1.000000000000000000 ) ) ;
#93 = EDGE_CURVE ( 'NONE', #10890, #11507, #7518, .T. ) ;
#94 = CARTESIAN_POINT ( 'NONE',  ( -51.62500000000000000, 10.80000000000000426, -33.62500000000000000 ) ) ;
#95 = DIRECTION ( 'NONE',  ( -0.000000000000000000, -1.000000000000000000, -0.000000000000000000 ) ) ;
#96 = ORIENTED_EDGE ( 'NONE', *, *, #11599, .F. ) ;
#97 = DIRECTION ( 'NONE',  ( -0.4578768884082908830, -0.7620351108204154178, 0.4578768884082908830 ) ) ;
#98 = CARTESIAN_POINT ( 'NONE',  ( 0.000000000000000000, 10.80000000000000071, 33.62500000000000000 ) ) ;
#99 = ORIENTED_EDGE ( 'NONE', *, *, #1277, .F. ) ;
#100 = DIRECTION ( 'NONE',  ( -0.000000000000000000, 0.000000000000000000, -1.000000000000000000 ) ) ;
#101 = CARTESIAN_POINT ( 'NONE',  ( 27.54999999999999005, 10.80000000000000071, 17.44999999999961560 ) ) ;
#102 = CARTESIAN_POINT ( 'NONE',  ( 26.45000000000000284, 10.80000000000000071, 35.44999999999961204 ) ) ;
#103 = EDGE_CURVE ( 'NONE', #8424, #6247, #11152, .T. ) ;
#104 = ORIENTED_EDGE ( 'NONE', *, *, #286, .F. ) ;
#105 = DIRECTION ( 'NONE',  ( 0.000000000000000000, 0.000000000000000000, -1.000000000000000000 ) ) ;
#106 = VERTEX_POINT ( 'NONE', #8608 ) ;
#107 = ORIENTED_EDGE ( 'NONE', *, *, #9855, .T. ) ;
#108 = EDGE_CURVE ( 'NONE', #11086, #9340, #55, .T. ) ;
#109 = AXIS2_PLACEMENT_3D ( 'NONE', #2118, #5711, #11216 ) ;
#110 = LINE ( 'NONE', #7455, #7491 ) ;
#111 = PLANE ( 'NONE',  #3962 ) ;
#112 = VERTEX_POINT ( 'NONE', #2967 ) ;
#113 = EDGE_CURVE ( 'NONE', #9072, #7652, #2170, .T. ) ;
#114 = CARTESIAN_POINT ( 'NONE',  ( 10.19056600552723246, 8.566080860090847793, 34.80943399447237852 ) ) ;
#115 = LINE ( 'NONE', #6610, #1037 ) ;
#116 = ORIENTED_EDGE ( 'NONE', *, *, #7355, .F. ) ;
#117 = PLANE ( 'NONE',  #5891 ) ;
#118 = ORIENTED_EDGE ( 'NONE', *, *, #729, .T. ) ;
#119 = FACE_OUTER_BOUND ( 'NONE', #5516, .T. ) ;
#120 = DIRECTION ( 'NONE',  ( 0.000000000000000000, 0.000000000000000000, 1.000000000000000000 ) ) ;
#121 = VECTOR ( 'NONE', #10526, 1000.000000000000000 ) ;
#122 = AXIS2_PLACEMENT_3D ( 'NONE', #3601, #2812, #11113 ) ;
#123 = EDGE_CURVE ( 'NONE', #7278, #3969, #6671, .T. ) ;
#124 = ORIENTED_EDGE ( 'NONE', *, *, #3312, .F. ) ;
#125 = DIRECTION ( 'NONE',  ( 1.000000000000000000, 0.000000000000000000, -0.000000000000000000 ) ) ;
#126 = CARTESIAN_POINT ( 'NONE',  ( -24.62500000000000000, 10.53731005528970321, 33.62500000000000000 ) ) ;
#127 = VERTEX_POINT ( 'NONE', #8426 ) ;
#128 = EDGE_CURVE ( 'NONE', #2074, #6755, #10468, .T. ) ;
#129 = AXIS2_PLACEMENT_3D ( 'NONE', #9916, #1548, #5379 ) ;
#130 = CARTESIAN_POINT ( 'NONE',  ( -27.55000000000000426, 7.500000000000000000, 35.45000000000000284 ) ) ;
#131 = CARTESIAN_POINT ( 'NONE',  ( -8.449999999999999289, 10.80000000000000071, -27.55000000000038796 ) ) ;
#132 = ORIENTED_EDGE ( 'NONE', *, *, #10902, .F. ) ;
#133 = EDGE_CURVE ( 'NONE', #642, #6340, #968, .T. ) ;
#134 = EDGE_CURVE ( 'NONE', #11627, #1444, #115, .T. ) ;
#135 = ORIENTED_EDGE ( 'NONE', *, *, #4630, .T. ) ;
#136 = CARTESIAN_POINT ( 'NONE',  ( -0.5499999999999949374, 10.80000000000000071, 26.44999999999961204 ) ) ;
#137 = DIRECTION ( 'NONE',  ( -0.000000000000000000, -0.000000000000000000, -1.000000000000000000 ) ) ;
#138 = VECTOR ( 'NONE', #3260, 1000.000000000000000 ) ;
#139 = VECTOR ( 'NONE', #11165, 1000.000000000000114 ) ;
#140 = CARTESIAN_POINT ( 'NONE',  ( -2.026107866450391537, 5.652200105873706804, -6.973892133549991712 ) ) ;
#141 = ORIENTED_EDGE ( 'NONE', *, *, #10172, .F. ) ;
#142 = VECTOR ( 'NONE', #335, 1000.000000000000114 ) ;
#143 = LINE ( 'NONE', #5664, #3735 ) ;
#144 = CARTESIAN_POINT ( 'NONE',  ( 0.5499999999999949374, 10.80000000000000071, 26.44999999999961204 ) ) ;
#145 = ORIENTED_EDGE ( 'NONE', *, *, #1394, .T. ) ;
#146 = CARTESIAN_POINT ( 'NONE',  ( 35.44999999999999574, 10.80000000000000071, 35.44999999999961204 ) ) ;
#147 = ADVANCED_FACE ( 'NONE', ( #1993 ), #5706, .F. ) ;
#148 = VECTOR ( 'NONE', #11005, 1000.000000000000114 ) ;
#149 = VECTOR ( 'NONE', #69, 1000.000000000000000 ) ;
#150 = ORIENTED_EDGE ( 'NONE', *, *, #1799, .F. ) ;
#151 = CARTESIAN_POINT ( 'NONE',  ( -0.4124163967275038534, 7.271022431965715960, -16.43808196592020821 ) ) ;
#152 = CARTESIAN_POINT ( 'NONE',  ( 34.50374022699593013, 7.500000000000000000, 33.62500000000000000 ) ) ;
#153 = ORIENTED_EDGE ( 'NONE', *, *, #10851, .T. ) ;
#154 = DIRECTION ( 'NONE',  ( 1.000000000000000000, 0.000000000000000000, 0.000000000000000000 ) ) ;
#155 = CARTESIAN_POINT ( 'NONE',  ( -8.449999999999999289, 10.80000000000000071, -8.450000000000388312 ) ) ;
#156 = PLANE ( 'NONE',  #1811 ) ;
#157 = EDGE_CURVE ( 'NONE', #8364, #7770, #10645, .T. ) ;
#158 = DIRECTION ( 'NONE',  ( 0.000000000000000000, 0.000000000000000000, -1.000000000000000000 ) ) ;
#159 = VERTEX_POINT ( 'NONE', #1493 ) ;
#160 = CARTESIAN_POINT ( 'NONE',  ( 36.54999999999999716, 10.80000000000000071, -35.45000000000039364 ) ) ;
#161 = CARTESIAN_POINT ( 'NONE',  ( -30.93261023597304060, -0.9965637948163279525, 32.06738976402657215 ) ) ;
#162 = EDGE_LOOP ( 'NONE', ( #8822, #5915, #9201, #6184 ) ) ;
#163 = ADVANCED_FACE ( 'NONE', ( #1436 ), #8771, .F. ) ;
#164 = CARTESIAN_POINT ( 'NONE',  ( -36.54999999999999005, 10.80000000000000071, -27.55000000000038796 ) ) ;
#165 = DIRECTION ( 'NONE',  ( 0.9612616959383174509, -0.2756373558170042704, 0.000000000000000000 ) ) ;
#166 = ORIENTED_EDGE ( 'NONE', *, *, #6329, .F. ) ;
#167 = CARTESIAN_POINT ( 'NONE',  ( 51.62500000000000000, 10.80000000000000071, 0.000000000000000000 ) ) ;
#168 = EDGE_LOOP ( 'NONE', ( #11938, #2814, #2326, #9321 ) ) ;
#169 = VERTEX_POINT ( 'NONE', #4051 ) ;
#170 = EDGE_CURVE ( 'NONE', #430, #7, #9734, .T. ) ;
#171 = FACE_OUTER_BOUND ( 'NONE', #8983, .T. ) ;
#172 = DIRECTION ( 'NONE',  ( 0.000000000000000000, 0.000000000000000000, -1.000000000000000000 ) ) ;
#173 = ORIENTED_EDGE ( 'NONE', *, *, #1668, .T. ) ;
#174 = FACE_OUTER_BOUND ( 'NONE', #38, .T. ) ;
#175 = DIRECTION ( 'NONE',  ( -0.9612616959383180060, -0.2756373558170023830, 0.000000000000000000 ) ) ;
#176 = ORIENTED_EDGE ( 'NONE', *, *, #7931, .T. ) ;
#177 = DIRECTION ( 'NONE',  ( 1.000000000000000000, -3.018354541273066194E-16, 8.654992372942126676E-17 ) ) ;
#178 = ORIENTED_EDGE ( 'NONE', *, *, #7285, .T. ) ;
#179 = CARTESIAN_POINT ( 'NONE',  ( -62.00000000000000000, 7.500000000000000000, 41.00000000000000000 ) ) ;
#180 = LINE ( 'NONE', #6504, #11347 ) ;
#181 = FACE_OUTER_BOUND ( 'NONE', #5136, .T. ) ;
#182 = VERTEX_POINT ( 'NONE', #5069 ) ;
#183 = CARTESIAN_POINT ( 'NONE',  ( -25.80943399447263786, 8.566080860090416138, 0.000000000000000000 ) ) ;
#184 = CARTESIAN_POINT ( 'NONE',  ( -1.190566005527356142, 8.566080860090391269, 0.000000000000000000 ) ) ;
#185 = VECTOR ( 'NONE', #2558, 1000.000000000000000 ) ;
#186 = ORIENTED_EDGE ( 'NONE', *, *, #7106, .F. ) ;
#187 = DIRECTION ( 'NONE',  ( 1.000000000000000000, 0.000000000000000000, 0.000000000000000000 ) ) ;
#188 = CARTESIAN_POINT ( 'NONE',  ( 20.73571359999213115, 22.25864506693675438, 26.58211138907232751 ) ) ;
#190 = EDGE_LOOP ( 'NONE', ( #11434, #6613, #2067, #5404 ) ) ;
#189 = EDGE_CURVE ( 'NONE', #8186, #5240, #5135, .T. ) ;
#191 = ORIENTED_EDGE ( 'NONE', *, *, #4779, .F. ) ;
#192 = LINE ( 'NONE', #10255, #1537 ) ;
#193 = LINE ( 'NONE', #8628, #5343 ) ;
#194 = VECTOR ( 'NONE', #894, 1000.000000000000114 ) ;
#195 = EDGE_CURVE ( 'NONE', #10664, #9949, #7866, .T. ) ;
#196 = DIRECTION ( 'NONE',  ( -0.9612616959383174509, -0.2756373558170042704, 0.000000000000000000 ) ) ;
#197 = ORIENTED_EDGE ( 'NONE', *, *, #7578, .T. ) ;
#198 = LINE ( 'NONE', #1166, #8956 ) ;
#199 = LINE ( 'NONE', #5730, #7243 ) ;
#200 = ORIENTED_EDGE ( 'NONE', *, *, #2093, .F. ) ;
#201 = CARTESIAN_POINT ( 'NONE',  ( 62.00000000000000000, -11.50000000000000000, 34.00000000000000000 ) ) ;
#202 = VERTEX_POINT ( 'NONE', #11616 ) ;
#203 = LINE ( 'NONE', #6526, #11888 ) ;
#204 = DIRECTION ( 'NONE',  ( -1.000000000000000000, -0.000000000000000000, -0.000000000000000000 ) ) ;
#205 = VERTEX_POINT ( 'NONE', #11681 ) ;
#206 = VECTOR ( 'NONE', #10267, 1000.000000000000000 ) ;
#207 = CARTESIAN_POINT ( 'NONE',  ( 52.50374022699593013, 7.500000000000000000, 0.000000000000000000 ) ) ;
#208 = EDGE_CURVE ( 'NONE', #763, #4556, #4164, .T. ) ;
#209 = LINE ( 'NONE', #155, #7315 ) ;
#210 = DIRECTION ( 'NONE',  ( 0.000000000000000000, 0.000000000000000000, -1.000000000000000000 ) ) ;
#211 = VECTOR ( 'NONE', #8165, 1000.000000000000000 ) ;
#212 = CARTESIAN_POINT ( 'NONE',  ( -52.50374022699593013, 7.500000000000000000, 0.000000000000000000 ) ) ;
#213 = ORIENTED_EDGE ( 'NONE', *, *, #8142, .T. ) ;
#214 = VECTOR ( 'NONE', #7201, 1000.000000000000000 ) ;
#215 = DIRECTION ( 'NONE',  ( -0.2657276780299913099, -0.9267025424900799946, 0.2657276780299913099 ) ) ;
#216 = DIRECTION ( 'NONE',  ( 0.000000000000000000, 0.9612616959383174509, -0.2756373558170042704 ) ) ;
#217 = ORIENTED_EDGE ( 'NONE', *, *, #3846, .T. ) ;
#218 = VECTOR ( 'NONE', #615, 1000.000000000000000 ) ;
#219 = PLANE ( 'NONE',  #3928 ) ;
#220 = LINE ( 'NONE', #11078, #2925 ) ;
#221 = EDGE_CURVE ( 'NONE', #11950, #11378, #350, .T. ) ;
#222 = VECTOR ( 'NONE', #10207, 1000.000000000000000 ) ;
#223 = VECTOR ( 'NONE', #10270, 1000.000000000000000 ) ;
#224 = EDGE_LOOP ( 'NONE', ( #87, #2610, #9465, #72 ) ) ;
#225 = DIRECTION ( 'NONE',  ( 0.2756373558170042704, 0.9612616959383174509, 0.000000000000000000 ) ) ;
#226 = ORIENTED_EDGE ( 'NONE', *, *, #6090, .F. ) ;
#227 = ORIENTED_EDGE ( 'NONE', *, *, #5063, .F. ) ;
#228 = CARTESIAN_POINT ( 'NONE',  ( 0.000000000000000000, 7.500000000000000000, 28.49625977300367907 ) ) ;
#229 = DIRECTION ( 'NONE',  ( 0.000000000000000000, 0.000000000000000000, 1.000000000000000000 ) ) ;
#230 = EDGE_CURVE ( 'NONE', #5004, #849, #7018, .T. ) ;
#231 = ORIENTED_EDGE ( 'NONE', *, *, #60, .T. ) ;
#232 = DIRECTION ( 'NONE',  ( -0.000000000000000000, -0.000000000000000000, 1.000000000000000000 ) ) ;
#233 = DIRECTION ( 'NONE',  ( 0.2657276780299897001, 0.9267025424900808828, 0.2657276780299897001 ) ) ;
#234 = VECTOR ( 'NONE', #5834, 1000.000000000000114 ) ;
#235 = CARTESIAN_POINT ( 'NONE',  ( 53.44999999999999574, 7.500000000000007105, -35.45000000000003126 ) ) ;
#236 = ORIENTED_EDGE ( 'NONE', *, *, #3477, .T. ) ;
#237 = LINE ( 'NONE', #11333, #2762 ) ;
#238 = DIRECTION ( 'NONE',  ( 0.000000000000000000, -0.9612616959383174509, -0.2756373558170042704 ) ) ;
#239 = AXIS2_PLACEMENT_3D ( 'NONE', #8007, #2487, #7159 ) ;
#240 = CARTESIAN_POINT ( 'NONE',  ( 23.06738976402690255, -0.9965637948165171345, -32.06738976402728980 ) ) ;
#241 = VECTOR ( 'NONE', #4105, 1000.000000000000000 ) ;
#242 = EDGE_CURVE ( 'NONE', #6039, #3450, #3254, .T. ) ;
#243 = ORIENTED_EDGE ( 'NONE', *, *, #8069, .F. ) ;
#244 = LINE ( 'NONE', #9518, #5152 ) ;
#245 = LINE ( 'NONE', #6788, #2997 ) ;
#246 = ORIENTED_EDGE ( 'NONE', *, *, #7717, .T. ) ;
#247 = CARTESIAN_POINT ( 'NONE',  ( 0.000000000000000000, 7.500000000000000000, 10.49625977300367907 ) ) ;
#248 = CARTESIAN_POINT ( 'NONE',  ( 53.44999999999999574, 10.80000000000000071, -8.450000000000388312 ) ) ;
#249 = ORIENTED_EDGE ( 'NONE', *, *, #4059, .F. ) ;
#250 = VERTEX_POINT ( 'NONE', #524 ) ;
#251 = CARTESIAN_POINT ( 'NONE',  ( 24.62500000000000000, 10.80000000000000426, -33.62500000000000000 ) ) ;
#252 = LINE ( 'NONE', #9296, #5548 ) ;
#253 = AXIS2_PLACEMENT_3D ( 'NONE', #4391, #9244, #10209 ) ;
#254 = VECTOR ( 'NONE', #4529, 1000.000000000000114 ) ;
#255 = EDGE_CURVE ( 'NONE', #6692, #6870, #7986, .T. ) ;
#256 = DIRECTION ( 'NONE',  ( -0.000000000000000000, -0.2756373558170042704, -0.9612616959383174509 ) ) ;
#257 = ORIENTED_EDGE ( 'NONE', *, *, #4032, .F. ) ;
#258 = DIRECTION ( 'NONE',  ( -1.000000000000000000, 0.000000000000000000, 0.000000000000000000 ) ) ;
#259 = CARTESIAN_POINT ( 'NONE',  ( -40.07937528197221866, 29.75245638442229534, 4.115470582971386015 ) ) ;
#260 = ORIENTED_EDGE ( 'NONE', *, *, #11030, .T. ) ;
#261 = EDGE_CURVE ( 'NONE', #3183, #127, #1369, .T. ) ;
#262 = VECTOR ( 'NONE', #5041, 1000.000000000000227 ) ;
#263 = CARTESIAN_POINT ( 'NONE',  ( 26.48410470708678588, 14.51721864012741214, 9.515895292912821546 ) ) ;
#264 = EDGE_CURVE ( 'NONE', #11932, #1600, #4226, .T. ) ;
#265 = AXIS2_PLACEMENT_3D ( 'NONE', #4875, #4191, #7715 ) ;
#266 = ORIENTED_EDGE ( 'NONE', *, *, #1482, .T. ) ;
#267 = CARTESIAN_POINT ( 'NONE',  ( -29.37500000000000000, 10.80000000000000071, 0.000000000000000000 ) ) ;
#268 = CARTESIAN_POINT ( 'NONE',  ( -29.37500000000000000, 10.80000000000000426, 26.44999999999961204 ) ) ;
#269 = VERTEX_POINT ( 'NONE', #6836 ) ;
#270 = EDGE_CURVE ( 'NONE', #3677, #10200, #1315, .T. ) ;
#271 = PLANE ( 'NONE',  #7002 ) ;
#272 = AXIS2_PLACEMENT_3D ( 'NONE', #5086, #3151, #11400 ) ;
#273 = DIRECTION ( 'NONE',  ( -0.000000000000000000, -0.2756373558170040483, -0.9612616959383175619 ) ) ;
#274 = VECTOR ( 'NONE', #3832, 1000.000000000000000 ) ;
#275 = CARTESIAN_POINT ( 'NONE',  ( 1.190566005527356364, 8.566080860090391269, 25.80943399447225062 ) ) ;
#276 = EDGE_CURVE ( 'NONE', #4023, #2031, #2407, .T. ) ;
#277 = ORIENTED_EDGE ( 'NONE', *, *, #5676, .T. ) ;
#278 = VECTOR ( 'NONE', #4259, 1000.000000000000000 ) ;
#279 = LINE ( 'NONE', #8530, #5371 ) ;
#280 = ORIENTED_EDGE ( 'NONE', *, *, #10627, .T. ) ;
#281 = ADVANCED_FACE ( 'NONE', ( #8891 ), #7082, .F. ) ;
#282 = EDGE_CURVE ( 'NONE', #2282, #2930, #580, .T. ) ;
#283 = VECTOR ( 'NONE', #11664, 1000.000000000000227 ) ;
#284 = CARTESIAN_POINT ( 'NONE',  ( -25.80943399447264142, 8.566080860090409033, -34.80943399447263431 ) ) ;
#285 = DIRECTION ( 'NONE',  ( 1.000000000000000000, 0.000000000000000000, 0.000000000000000000 ) ) ;
#286 = EDGE_CURVE ( 'NONE', #9773, #7533, #4287, .T. ) ;
#287 = ORIENTED_EDGE ( 'NONE', *, *, #10146, .F. ) ;
#288 = DIRECTION ( 'NONE',  ( -0.000000000000000000, -0.000000000000000000, 1.000000000000000000 ) ) ;
#289 = ADVANCED_FACE ( 'NONE', ( #8663 ), #2286, .F. ) ;
#290 = EDGE_LOOP ( 'NONE', ( #2243, #7365, #9074, #4968 ) ) ;
#291 = LINE ( 'NONE', #11613, #6332 ) ;
#292 = DIRECTION ( 'NONE',  ( 0.000000000000000000, 0.000000000000000000, 1.000000000000000000 ) ) ;
#293 = ORIENTED_EDGE ( 'NONE', *, *, #10386, .F. ) ;
#294 = FACE_OUTER_BOUND ( 'NONE', #11650, .T. ) ;
#295 = CARTESIAN_POINT ( 'NONE',  ( 19.83347944262236595, 18.51173940819399988, -19.66130569147443197 ) ) ;
#296 = EDGE_CURVE ( 'NONE', #6910, #9126, #9077, .T. ) ;
#297 = LINE ( 'NONE', #7747, #1774 ) ;
#298 = ORIENTED_EDGE ( 'NONE', *, *, #7085, .T. ) ;
#299 = CARTESIAN_POINT ( 'NONE',  ( 0.000000000000000000, 10.80000000000000071, -33.62500000000000000 ) ) ;
#300 = DIRECTION ( 'NONE',  ( 0.000000000000000000, 0.000000000000000000, 1.000000000000000000 ) ) ;
#301 = DIRECTION ( 'NONE',  ( 0.2657276780299913099, -0.9267025424900799946, 0.2657276780299913099 ) ) ;
#302 = VECTOR ( 'NONE', #8128, 1000.000000000000000 ) ;
#303 = ORIENTED_EDGE ( 'NONE', *, *, #10781, .F. ) ;
#304 = CARTESIAN_POINT ( 'NONE',  ( -28.19056600552735503, 8.566080860090394822, 1.190566005526973559 ) ) ;
#305 = CARTESIAN_POINT ( 'NONE',  ( 24.62500000000000000, 10.53731005528969789, -8.374674870469489107 ) ) ;
#306 = ORIENTED_EDGE ( 'NONE', *, *, #3840, .F. ) ;
#307 = LINE ( 'NONE', #2917, #149 ) ;
#308 = CARTESIAN_POINT ( 'NONE',  ( -40.43188897418603034, -3.212818428379827562, 31.43188897418564665 ) ) ;
#309 = ORIENTED_EDGE ( 'NONE', *, *, #559, .T. ) ;
#310 = ORIENTED_EDGE ( 'NONE', *, *, #8280, .T. ) ;
#311 = DIRECTION ( 'NONE',  ( -1.000000000000000000, 0.000000000000000000, 0.000000000000000000 ) ) ;
#312 = VECTOR ( 'NONE', #4016, 1000.000000000000000 ) ;
#313 = LINE ( 'NONE', #75, #312 ) ;
#314 = EDGE_CURVE ( 'NONE', #4665, #4816, #9203, .T. ) ;
#316 = FACE_OUTER_BOUND ( 'NONE', #162, .T. ) ;
#315 = AXIS2_PLACEMENT_3D ( 'NONE', #11752, #8245, #2603 ) ;
#317 = ORIENTED_EDGE ( 'NONE', *, *, #985, .T. ) ;
#318 = DIRECTION ( 'NONE',  ( -0.9612616959383174509, -0.2756373558170042704, 0.000000000000000000 ) ) ;
#319 = DIRECTION ( 'NONE',  ( -0.7071067811865426878, 0.7071067811865524577, -0.000000000000000000 ) ) ;
#320 = EDGE_LOOP ( 'NONE', ( #5288, #3362, #11543, #774 ) ) ;
#321 = EDGE_CURVE ( 'NONE', #5949, #8364, #765, .T. ) ;
#322 = DIRECTION ( 'NONE',  ( 0.000000000000000000, -0.8571673007021120005, 0.5150380749100545996 ) ) ;
#323 = ORIENTED_EDGE ( 'NONE', *, *, #7503, .F. ) ;
#324 = CARTESIAN_POINT ( 'NONE',  ( 55.00000000000000000, 0.000000000000000000, 41.00000000000000000 ) ) ;
#325 = CARTESIAN_POINT ( 'NONE',  ( 3.482387728013434741E-16, 8.566080860089968496, -34.80943399447290432 ) ) ;
#326 = ORIENTED_EDGE ( 'NONE', *, *, #4218, .T. ) ;
#327 = VECTOR ( 'NONE', #3379, 1000.000000000000000 ) ;
#328 = DIRECTION ( 'NONE',  ( 0.000000000000000000, 0.000000000000000000, -1.000000000000000000 ) ) ;
#329 = CARTESIAN_POINT ( 'NONE',  ( 51.62500000000000711, 10.53731005528969256, -0.6253251295312847180 ) ) ;
#330 = CARTESIAN_POINT ( 'NONE',  ( -40.07937528197223287, 29.75245638442227047, -4.115470582972125868 ) ) ;
#331 = VECTOR ( 'NONE', #5295, 1000.000000000000000 ) ;
#332 = VECTOR ( 'NONE', #1200, 1000.000000000000000 ) ;
#333 = EDGE_CURVE ( 'NONE', #90, #10900, #7264, .T. ) ;
#334 = EDGE_LOOP ( 'NONE', ( #8558, #9121, #8012, #7806 ) ) ;
#335 = DIRECTION ( 'NONE',  ( -0.000000000000000000, 0.9612616959383174509, 0.2756373558170042704 ) ) ;
#336 = VERTEX_POINT ( 'NONE', #5254 ) ;
#337 = ADVANCED_FACE ( 'NONE', ( #4415 ), #11740, .F. ) ;
#338 = CARTESIAN_POINT ( 'NONE',  ( -24.62500000000000000, 10.53731005528969256, -33.62500000000000000 ) ) ;
#339 = CARTESIAN_POINT ( 'NONE',  ( -45.54999999999999005, 10.80000000000000071, 35.44999999999961204 ) ) ;
#340 = CARTESIAN_POINT ( 'NONE',  ( 45.54999999999999005, 10.80000000000000071, 8.449999999999617373 ) ) ;
#341 = ORIENTED_EDGE ( 'NONE', *, *, #16, .T. ) ;
#342 = LINE ( 'NONE', #1253, #5266 ) ;
#343 = ADVANCED_FACE ( 'NONE', ( #9857 ), #8234, .F. ) ;
#344 = ADVANCED_FACE ( 'NONE', ( #6294 ), #5382, .F. ) ;
#345 = ORIENTED_EDGE ( 'NONE', *, *, #9083, .T. ) ;
#346 = DIRECTION ( 'NONE',  ( -1.000000000000000000, 0.000000000000000000, -0.000000000000000000 ) ) ;
#347 = CARTESIAN_POINT ( 'NONE',  ( 26.45000000000000284, 7.500000000000007105, -35.44999999999999574 ) ) ;
#348 = ORIENTED_EDGE ( 'NONE', *, *, #11374, .T. ) ;
#349 = DIRECTION ( 'NONE',  ( -0.000000000000000000, -0.2756373558170040483, -0.9612616959383175619 ) ) ;
#350 = LINE ( 'NONE', #1259, #7552 ) ;
#351 = LINE ( 'NONE', #10469, #5448 ) ;
#352 = ORIENTED_EDGE ( 'NONE', *, *, #8856, .F. ) ;
#353 = DIRECTION ( 'NONE',  ( 2.296445157324517257E-16, 0.5150380749100545996, -0.8571673007021120005 ) ) ;
#354 = DIRECTION ( 'NONE',  ( -0.000000000000000000, 0.9612616959383174509, 0.2756373558170042704 ) ) ;
#355 = DIRECTION ( 'NONE',  ( -1.000000000000000000, -0.000000000000000000, -0.000000000000000000 ) ) ;
#356 = EDGE_LOOP ( 'NONE', ( #8485, #7648, #4899, #926 ) ) ;
#357 = ADVANCED_FACE ( 'NONE', ( #7141 ), #11800, .T. ) ;
#358 = VERTEX_POINT ( 'NONE', #1739 ) ;
#359 = CARTESIAN_POINT ( 'NONE',  ( 60.02027957955104398, 7.500000000000000000, 31.94921176768562177 ) ) ;
#360 = EDGE_CURVE ( 'NONE', #2850, #6247, #4600, .T. ) ;
#361 = CARTESIAN_POINT ( 'NONE',  ( -48.79638818434513325, -5.429073061943231693, -32.20361181565525044 ) ) ;
#362 = VERTEX_POINT ( 'NONE', #3498 ) ;
#363 = LINE ( 'NONE', #414, #11182 ) ;
#364 = CARTESIAN_POINT ( 'NONE',  ( 10.49625977300407165, 7.500000000000000000, 0.000000000000000000 ) ) ;
#365 = ORIENTED_EDGE ( 'NONE', *, *, #11944, .F. ) ;
#366 = VERTEX_POINT ( 'NONE', #2524 ) ;
#367 = PLANE ( 'NONE',  #1976 ) ;
#368 = CARTESIAN_POINT ( 'NONE',  ( -51.62500000000000000, 10.80000000000000426, -17.45000000000039009 ) ) ;
#369 = DIRECTION ( 'NONE',  ( -1.000000000000000000, 0.000000000000000000, 0.000000000000000000 ) ) ;
#370 = EDGE_LOOP ( 'NONE', ( #7528, #2902, #3165, #3126 ) ) ;
#371 = LINE ( 'NONE', #549, #8385 ) ;
#372 = CARTESIAN_POINT ( 'NONE',  ( 24.62500000000000000, 10.80000000000000071, 0.000000000000000000 ) ) ;
#373 = ORIENTED_EDGE ( 'NONE', *, *, #6715, .T. ) ;
#374 = EDGE_CURVE ( 'NONE', #5043, #3436, #4473, .T. ) ;
#375 = LINE ( 'NONE', #4136, #11111 ) ;
#376 = ORIENTED_EDGE ( 'NONE', *, *, #11638, .F. ) ;
#377 = LINE ( 'NONE', #4325, #6586 ) ;
#378 = DIRECTION ( 'NONE',  ( 1.000000000000000000, 4.458787163891844428E-16, -0.000000000000000000 ) ) ;
#379 = ORIENTED_EDGE ( 'NONE', *, *, #7812, .T. ) ;
#380 = ADVANCED_FACE ( 'NONE', ( #10892 ), #11856, .F. ) ;
#381 = FACE_OUTER_BOUND ( 'NONE', #10056, .T. ) ;
#382 = CARTESIAN_POINT ( 'NONE',  ( 55.00000000000000000, -11.50000000000000000, -41.00000000000000000 ) ) ;
#383 = LINE ( 'NONE', #7124, #1623 ) ;
#384 = DIRECTION ( 'NONE',  ( -0.5150380749100545996, 0.8571673007021120005, 0.000000000000000000 ) ) ;
#385 = EDGE_CURVE ( 'NONE', #991, #11992, #8292, .T. ) ;
#386 = ORIENTED_EDGE ( 'NONE', *, *, #1074, .F. ) ;
#387 = FACE_OUTER_BOUND ( 'NONE', #5281, .T. ) ;
#388 = ORIENTED_EDGE ( 'NONE', *, *, #2209, .F. ) ;
#389 = CARTESIAN_POINT ( 'NONE',  ( -20.65831223607735723, -3.969694544262568403, -4.214858240366020858 ) ) ;
#390 = VECTOR ( 'NONE', #1175, 1000.000000000000000 ) ;
#391 = DIRECTION ( 'NONE',  ( 0.000000000000000000, -0.000000000000000000, 1.000000000000000000 ) ) ;
#393 = EDGE_LOOP ( 'NONE', ( #11806, #3295, #10262, #1063 ) ) ;
#392 = EDGE_CURVE ( 'NONE', #1756, #6452, #3681, .T. ) ;
#394 = FACE_OUTER_BOUND ( 'NONE', #11845, .T. ) ;
#395 = ORIENTED_EDGE ( 'NONE', *, *, #4966, .F. ) ;
#396 = CARTESIAN_POINT ( 'NONE',  ( 1.190566005527355919, 8.566080860090391269, 1.190566005526974669 ) ) ;
#397 = ORIENTED_EDGE ( 'NONE', *, *, #10379, .F. ) ;
#398 = CARTESIAN_POINT ( 'NONE',  ( 27.54999999999999005, 10.80000000000000071, -26.45000000000038298 ) ) ;
#399 = DIRECTION ( 'NONE',  ( 0.2657276780299913099, -0.9267025424900799946, 0.2657276780299913099 ) ) ;
#400 = ADVANCED_FACE ( 'NONE', ( #3565 ), #6415, .F. ) ;
#401 = LINE ( 'NONE', #5988, #4896 ) ;
#402 = EDGE_LOOP ( 'NONE', ( #3972, #1460, #970, #9167 ) ) ;
#403 = CARTESIAN_POINT ( 'NONE',  ( -24.62500000000000000, 10.53731005528969256, -33.62500000000000000 ) ) ;
#404 = LINE ( 'NONE', #1321, #10954 ) ;
#405 = VECTOR ( 'NONE', #1073, 1000.000000000000000 ) ;
#406 = FACE_OUTER_BOUND ( 'NONE', #9035, .T. ) ;
#407 = ORIENTED_EDGE ( 'NONE', *, *, #10790, .F. ) ;
#408 = ORIENTED_EDGE ( 'NONE', *, *, #1803, .F. ) ;
#409 = VECTOR ( 'NONE', #11364, 1000.000000000000000 ) ;
#410 = CARTESIAN_POINT ( 'NONE',  ( 2.375000000000005773, 10.80000000000000426, 33.62500000000000000 ) ) ;
#411 = CARTESIAN_POINT ( 'NONE',  ( -51.62500000000000000, 10.53731005528970854, -8.374674870469490884 ) ) ;
#412 = VERTEX_POINT ( 'NONE', #11921 ) ;
#413 = EDGE_CURVE ( 'NONE', #488, #9298, #3624, .T. ) ;
#414 = CARTESIAN_POINT ( 'NONE',  ( -23.70289055386782451, 1.219690838746983141, 23.70289055386743371 ) ) ;
#415 = DIRECTION ( 'NONE',  ( -1.000000000000000000, 0.000000000000000000, 0.000000000000000000 ) ) ;
#416 = LINE ( 'NONE', #7939, #3176 ) ;
#417 = ORIENTED_EDGE ( 'NONE', *, *, #5454, .F. ) ;
#418 = ORIENTED_EDGE ( 'NONE', *, *, #4059, .T. ) ;
#419 = VECTOR ( 'NONE', #8681, 1000.000000000000000 ) ;
#420 = FACE_OUTER_BOUND ( 'NONE', #8563, .T. ) ;
#421 = EDGE_CURVE ( 'NONE', #8429, #2415, #4893, .T. ) ;
#422 = LINE ( 'NONE', #545, #1266 ) ;
#423 = ADVANCED_FACE ( 'NONE', ( #10169 ), #7616, .F. ) ;
#424 = VECTOR ( 'NONE', #11744, 1000.000000000000114 ) ;
#425 = EDGE_CURVE ( 'NONE', #8244, #8947, #5567, .T. ) ;
#426 = DIRECTION ( 'NONE',  ( -0.000000000000000000, -1.000000000000000000, -0.000000000000000000 ) ) ;
#427 = EDGE_LOOP ( 'NONE', ( #3594, #11700, #10963, #1234 ) ) ;
#428 = CARTESIAN_POINT ( 'NONE',  ( 28.49625977300405921, 7.500000000000000000, 0.000000000000000000 ) ) ;
#429 = CARTESIAN_POINT ( 'NONE',  ( 51.62500000000000000, 7.500000000000000000, -10.49625977300446067 ) ) ;
#430 = VERTEX_POINT ( 'NONE', #11196 ) ;
#431 = LINE ( 'NONE', #6929, #711 ) ;
#432 = DIRECTION ( 'NONE',  ( 0.000000000000000000, 0.000000000000000000, -1.000000000000000000 ) ) ;
#433 = EDGE_LOOP ( 'NONE', ( #2996, #7542, #145, #2107 ) ) ;
#434 = CARTESIAN_POINT ( 'NONE',  ( -2.375000000000005773, 10.80000000000000071, 0.000000000000000000 ) ) ;
#435 = AXIS2_PLACEMENT_3D ( 'NONE', #3662, #7174, #10871 ) ;
#436 = CARTESIAN_POINT ( 'NONE',  ( -52.80943399447264142, 8.566080860090437454, 16.80943399447226838 ) ) ;
#437 = ORIENTED_EDGE ( 'NONE', *, *, #8584, .T. ) ;
#438 = EDGE_CURVE ( 'NONE', #7074, #3183, #9314, .T. ) ;
#439 = LINE ( 'NONE', #11363, #2346 ) ;
#440 = LINE ( 'NONE', #3978, #7967 ) ;
#441 = VECTOR ( 'NONE', #8332, 1000.000000000000000 ) ;
#442 = CARTESIAN_POINT ( 'NONE',  ( -2.375000000000005773, 10.80000000000000426, 9.549999999999611688 ) ) ;
#443 = LINE ( 'NONE', #8697, #4720 ) ;
#444 = VECTOR ( 'NONE', #6556, 1000.000000000000114 ) ;
#445 = VERTEX_POINT ( 'NONE', #1009 ) ;
#446 = VECTOR ( 'NONE', #6166, 1000.000000000000000 ) ;
#447 = VERTEX_POINT ( 'NONE', #4774 ) ;
#448 = CARTESIAN_POINT ( 'NONE',  ( 26.45000000000000284, 10.80000000000000071, 26.44999999999961204 ) ) ;
#449 = ORIENTED_EDGE ( 'NONE', *, *, #2865, .F. ) ;
#450 = VECTOR ( 'NONE', #2227, 1000.000000000000114 ) ;
#451 = AXIS2_PLACEMENT_3D ( 'NONE', #9291, #3774, #9234 ) ;
#452 = PLANE ( 'NONE',  #9128 ) ;
#453 = EDGE_CURVE ( 'NONE', #507, #7561, #10343, .T. ) ;
#454 = VECTOR ( 'NONE', #2632, 1000.000000000000114 ) ;
#455 = CARTESIAN_POINT ( 'NONE',  ( 18.54999999999999716, 10.80000000000000071, -27.55000000000038796 ) ) ;
#456 = ORIENTED_EDGE ( 'NONE', *, *, #6018, .F. ) ;
#457 = LINE ( 'NONE', #518, #2003 ) ;
#458 = VECTOR ( 'NONE', #3667, 1000.000000000000000 ) ;
#459 = ORIENTED_EDGE ( 'NONE', *, *, #8577, .T. ) ;
#460 = DIRECTION ( 'NONE',  ( -0.2657276780299913099, -0.9267025424900799946, 0.2657276780299913099 ) ) ;
#461 = ORIENTED_EDGE ( 'NONE', *, *, #6469, .T. ) ;
#462 = VECTOR ( 'NONE', #7704, 1000.000000000000114 ) ;
#463 = DIRECTION ( 'NONE',  ( 1.000000000000000000, 0.000000000000000000, 0.000000000000000000 ) ) ;
#464 = EDGE_CURVE ( 'NONE', #10200, #4023, #2948, .T. ) ;
#465 = DIRECTION ( 'NONE',  ( 0.5001519828512179799, 0.8323926831162092865, -0.2386847610229711203 ) ) ;
#466 = FACE_OUTER_BOUND ( 'NONE', #4235, .T. ) ;
#467 = DIRECTION ( 'NONE',  ( 1.000000000000000000, 0.000000000000000000, 0.000000000000000000 ) ) ;
#468 = EDGE_CURVE ( 'NONE', #2335, #5398, #279, .T. ) ;
#469 = FACE_OUTER_BOUND ( 'NONE', #5599, .T. ) ;
#470 = LINE ( 'NONE', #7751, #5943 ) ;
#471 = EDGE_CURVE ( 'NONE', #3242, #1660, #6653, .T. ) ;
#472 = ORIENTED_EDGE ( 'NONE', *, *, #1240, .F. ) ;
#473 = VERTEX_POINT ( 'NONE', #37 ) ;
#474 = LINE ( 'NONE', #7818, #9990 ) ;
#475 = CARTESIAN_POINT ( 'NONE',  ( -26.45000000000000284, 10.80000000000000071, 0.5499999999996132427 ) ) ;
#476 = ORIENTED_EDGE ( 'NONE', *, *, #1224, .T. ) ;
#477 = DIRECTION ( 'NONE',  ( -1.000000000000000000, -0.000000000000000000, -0.000000000000000000 ) ) ;
#478 = FACE_OUTER_BOUND ( 'NONE', #9846, .T. ) ;
#479 = CARTESIAN_POINT ( 'NONE',  ( 27.54999999999999005, 10.80000000000000071, -18.55000000000037730 ) ) ;
#480 = ORIENTED_EDGE ( 'NONE', *, *, #3521, .T. ) ;
#481 = VERTEX_POINT ( 'NONE', #2038 ) ;
#482 = LINE ( 'NONE', #8733, #6196 ) ;
#483 = EDGE_CURVE ( 'NONE', #10479, #1841, #11317, .T. ) ;
#484 = CARTESIAN_POINT ( 'NONE',  ( 9.625325129530907020, 10.53731005528968723, -33.62500000000000000 ) ) ;
#485 = EDGE_CURVE ( 'NONE', #9047, #8537, #1922, .T. ) ;
#486 = EDGE_CURVE ( 'NONE', #11598, #2553, #7501, .T. ) ;
#487 = CARTESIAN_POINT ( 'NONE',  ( -2.375000000000005773, 10.80000000000000426, 33.62500000000000000 ) ) ;
#488 = VERTEX_POINT ( 'NONE', #8411 ) ;
#489 = FACE_OUTER_BOUND ( 'NONE', #11865, .T. ) ;
#490 = DIRECTION ( 'NONE',  ( -0.2657276780299911434, 0.9267025424900801056, 0.2657276780299911434 ) ) ;
#491 = EDGE_LOOP ( 'NONE', ( #4412, #11891, #11510, #4812 ) ) ;
#492 = ADVANCED_FACE ( 'NONE', ( #7441 ), #9379, .T. ) ;
#493 = EDGE_CURVE ( 'NONE', #8267, #3679, #5747, .T. ) ;
#494 = CARTESIAN_POINT ( 'NONE',  ( 0.5500000000000088152, 82.98258077199005811, 35.45000000000000995 ) ) ;
#495 = LINE ( 'NONE', #4194, #1413 ) ;
#496 = VECTOR ( 'NONE', #8834, 1000.000000000000114 ) ;
#497 = ORIENTED_EDGE ( 'NONE', *, *, #2413, .T. ) ;
#498 = DIRECTION ( 'NONE',  ( 0.000000000000000000, 0.000000000000000000, -1.000000000000000000 ) ) ;
#499 = DIRECTION ( 'NONE',  ( 1.000000000000000000, 0.000000000000000000, -0.000000000000000000 ) ) ;
#500 = ORIENTED_EDGE ( 'NONE', *, *, #5204, .F. ) ;
#501 = PLANE ( 'NONE',  #10008 ) ;
#502 = VECTOR ( 'NONE', #1945, 1000.000000000000000 ) ;
#503 = DIRECTION ( 'NONE',  ( -0.000000000000000000, -0.2756373558170042704, -0.9612616959383174509 ) ) ;
#504 = EDGE_CURVE ( 'NONE', #1851, #8914, #6710, .T. ) ;
#505 = CARTESIAN_POINT ( 'NONE',  ( 61.43449314192414334, 7.500000000000000000, -33.36342533005872468 ) ) ;
#506 = CARTESIAN_POINT ( 'NONE',  ( 18.54999999999999716, 10.80000000000000071, 8.449999999999617373 ) ) ;
#507 = VERTEX_POINT ( 'NONE', #11136 ) ;
#508 = VECTOR ( 'NONE', #5066, 1000.000000000000000 ) ;
#509 = ORIENTED_EDGE ( 'NONE', *, *, #4321, .F. ) ;
#510 = DIRECTION ( 'NONE',  ( -1.000000000000000000, 0.000000000000000000, 0.000000000000000000 ) ) ;
#511 = ORIENTED_EDGE ( 'NONE', *, *, #842, .F. ) ;
#512 = DIRECTION ( 'NONE',  ( -0.2657276780299913099, 0.9267025424900799946, 0.2657276780299913099 ) ) ;
#513 = AXIS2_PLACEMENT_3D ( 'NONE', #8144, #2447, #8025 ) ;
#514 = VECTOR ( 'NONE', #5027, 1000.000000000000114 ) ;
#515 = CARTESIAN_POINT ( 'NONE',  ( 0.000000000000000000, 7.500000000000000000, 16.50374022699554644 ) ) ;
#517 = VERTEX_POINT ( 'NONE', #8591 ) ;
#516 = EDGE_CURVE ( 'NONE', #182, #362, #2831, .T. ) ;
#518 = CARTESIAN_POINT ( 'NONE',  ( 61.85875721063607102, 9.899999999999975486, -33.78768939877064525 ) ) ;
#519 = ORIENTED_EDGE ( 'NONE', *, *, #7285, .F. ) ;
#520 = CARTESIAN_POINT ( 'NONE',  ( 27.55000000000000426, 82.98258077199005811, 35.45000000000000284 ) ) ;
#521 = ORIENTED_EDGE ( 'NONE', *, *, #6708, .F. ) ;
#522 = ADVANCED_FACE ( 'NONE', ( #3982 ), #7677, .F. ) ;
#523 = DIRECTION ( 'NONE',  ( 0.000000000000000000, 0.000000000000000000, 1.000000000000000000 ) ) ;
#524 = CARTESIAN_POINT ( 'NONE',  ( -52.80943399447264852, 8.566080860090394822, -28.19056600552774583 ) ) ;
#525 = VERTEX_POINT ( 'NONE', #5623 ) ;
#526 = AXIS2_PLACEMENT_3D ( 'NONE', #4406, #5375, #758 ) ;
#527 = CARTESIAN_POINT ( 'NONE',  ( 32.06738976402694874, -0.9965637948163279525, 32.06738976402657215 ) ) ;
#528 = PLANE ( 'NONE',  #9906 ) ;
#529 = DIRECTION ( 'NONE',  ( -1.000000000000000000, 0.000000000000000000, 0.000000000000000000 ) ) ;
#530 = EDGE_CURVE ( 'NONE', #7337, #4076, #9552, .T. ) ;
#531 = CARTESIAN_POINT ( 'NONE',  ( 28.19056600552734793, 8.566080860090385940, -1.190566005527741167 ) ) ;
#532 = EDGE_CURVE ( 'NONE', #5240, #10170, #1246, .T. ) ;
#533 = VERTEX_POINT ( 'NONE', #9720 ) ;
#534 = ORIENTED_EDGE ( 'NONE', *, *, #7637, .F. ) ;
#535 = FACE_OUTER_BOUND ( 'NONE', #10010, .T. ) ;
#536 = CARTESIAN_POINT ( 'NONE',  ( -19.49625977300406632, 7.500000000000000000, 0.000000000000000000 ) ) ;
#537 = ORIENTED_EDGE ( 'NONE', *, *, #5739, .T. ) ;
#538 = EDGE_CURVE ( 'NONE', #5067, #447, #5914, .T. ) ;
#539 = DIRECTION ( 'NONE',  ( 0.000000000000000000, -0.2756373558170042704, 0.9612616959383174509 ) ) ;
#540 = CARTESIAN_POINT ( 'NONE',  ( 28.19056600552734793, 8.566080860090384164, -7.809433994473030438 ) ) ;
#541 = CARTESIAN_POINT ( 'NONE',  ( -51.62500000000000000, 7.500000000000000000, -25.50374022699630672 ) ) ;
#542 = ORIENTED_EDGE ( 'NONE', *, *, #2130, .T. ) ;
#543 = ORIENTED_EDGE ( 'NONE', *, *, #1803, .T. ) ;
#544 = LINE ( 'NONE', #5154, #5992 ) ;
#545 = CARTESIAN_POINT ( 'NONE',  ( -29.37500000000000000, 10.53731005528972631, -33.62500000000000000 ) ) ;
#546 = CARTESIAN_POINT ( 'NONE',  ( 27.54999999999999005, 10.80000000000000071, -18.55000000000037730 ) ) ;
#547 = ORIENTED_EDGE ( 'NONE', *, *, #6589, .T. ) ;
#548 = ADVANCED_FACE ( 'NONE', ( #5857 ), #10572, .F. ) ;
#549 = CARTESIAN_POINT ( 'NONE',  ( -52.80943399447264142, 8.566080860090407256, 0.000000000000000000 ) ) ;
#550 = CARTESIAN_POINT ( 'NONE',  ( 26.45000000000000284, 7.500000000000000000, 35.45000000000000995 ) ) ;
#551 = ORIENTED_EDGE ( 'NONE', *, *, #7360, .F. ) ;
#552 = LINE ( 'NONE', #10676, #4978 ) ;
#553 = CARTESIAN_POINT ( 'NONE',  ( -54.49999999999997868, 10.79999999999989235, -36.50000000000039080 ) ) ;
#554 = EDGE_LOOP ( 'NONE', ( #8849, #667, #2672, #10873 ) ) ;
#555 = LINE ( 'NONE', #3285, #4451 ) ;
#556 = DIRECTION ( 'NONE',  ( 0.000000000000000000, 0.000000000000000000, -1.000000000000000000 ) ) ;
#557 = ORIENTED_EDGE ( 'NONE', *, *, #8185, .T. ) ;
#558 = DIRECTION ( 'NONE',  ( 0.2756373558170042704, 0.9612616959383174509, 0.000000000000000000 ) ) ;
#559 = EDGE_CURVE ( 'NONE', #8650, #3408, #2274, .T. ) ;
#560 = VECTOR ( 'NONE', #3801, 1000.000000000000000 ) ;
#561 = LINE ( 'NONE', #1717, #11755 ) ;
#562 = DIRECTION ( 'NONE',  ( -0.2657276780299911434, 0.9267025424900801056, 0.2657276780299911434 ) ) ;
#563 = FACE_BOUND ( 'NONE', #3578, .T. ) ;
#564 = FACE_OUTER_BOUND ( 'NONE', #9189, .T. ) ;
#565 = ORIENTED_EDGE ( 'NONE', *, *, #3245, .T. ) ;
#566 = LINE ( 'NONE', #10464, #11319 ) ;
#567 = AXIS2_PLACEMENT_3D ( 'NONE', #6933, #10618, #9774 ) ;
#568 = ORIENTED_EDGE ( 'NONE', *, *, #11481, .F. ) ;
#569 = LINE ( 'NONE', #4153, #10583 ) ;
#570 = VERTEX_POINT ( 'NONE', #5003 ) ;
#571 = EDGE_CURVE ( 'NONE', #2228, #8932, #569, .T. ) ;
#572 = CARTESIAN_POINT ( 'NONE',  ( 9.755106286768590707, 10.08470937300060477, 35.24489371323102205 ) ) ;
#573 = DIRECTION ( 'NONE',  ( -1.000000000000000000, -0.000000000000000000, -0.000000000000000000 ) ) ;
#574 = ORIENTED_EDGE ( 'NONE', *, *, #1917, .T. ) ;
#575 = CARTESIAN_POINT ( 'NONE',  ( 0.000000000000000000, 7.500000000000000000, 7.503740226995549101 ) ) ;
#576 = VERTEX_POINT ( 'NONE', #8700 ) ;
#577 = CARTESIAN_POINT ( 'NONE',  ( 0.5499999999999949374, 10.80000000000000071, 0.5499999999996132427 ) ) ;
#578 = EDGE_LOOP ( 'NONE', ( #8333, #1898, #2945, #1854 ) ) ;
#579 = PLANE ( 'NONE',  #1145 ) ;
#580 = LINE ( 'NONE', #6898, #10634 ) ;
#581 = EDGE_LOOP ( 'NONE', ( #3465, #178, #5666, #5651 ) ) ;
#582 = DIRECTION ( 'NONE',  ( -1.000000000000000000, -0.000000000000000000, -0.000000000000000000 ) ) ;
#583 = CARTESIAN_POINT ( 'NONE',  ( -20.73571359999212405, 22.25864506693675438, 26.58211138907232751 ) ) ;
#584 = ADVANCED_FACE ( 'NONE', ( #387 ), #3185, .F. ) ;
#585 = CARTESIAN_POINT ( 'NONE',  ( 5.067389764026899002, -0.9965637948165171345, -32.06738976402728980 ) ) ;
#586 = CARTESIAN_POINT ( 'NONE',  ( -0.4124163967275039089, 7.271022431965715960, 1.561918034079787132 ) ) ;
#587 = EDGE_LOOP ( 'NONE', ( #11741, #9436, #719, #4366 ) ) ;
#588 = EDGE_CURVE ( 'NONE', #4609, #938, #3118, .T. ) ;
#589 = ORIENTED_EDGE ( 'NONE', *, *, #1968, .F. ) ;
#590 = LINE ( 'NONE', #7998, #3418 ) ;
#591 = CARTESIAN_POINT ( 'NONE',  ( -3.482387728013434741E-16, 8.566080860089968496, -34.80943399447290432 ) ) ;
#592 = EDGE_LOOP ( 'NONE', ( #2289, #3899, #6063, #4783 ) ) ;
#593 = CARTESIAN_POINT ( 'NONE',  ( -54.49999999999997868, 10.80000000000000426, 36.49999999999959499 ) ) ;
#594 = CARTESIAN_POINT ( 'NONE',  ( 24.62500000000000000, 10.53731005528969256, -33.62500000000000000 ) ) ;
#595 = LINE ( 'NONE', #5150, #1051 ) ;
#596 = ORIENTED_EDGE ( 'NONE', *, *, #1441, .F. ) ;
#597 = VECTOR ( 'NONE', #10698, 1000.000000000000114 ) ;
#598 = ORIENTED_EDGE ( 'NONE', *, *, #9882, .T. ) ;
#599 = DIRECTION ( 'NONE',  ( -0.000000000000000000, -0.2756373558170042704, -0.9612616959383174509 ) ) ;
#600 = DIRECTION ( 'NONE',  ( 0.000000000000000000, 0.000000000000000000, 1.000000000000000000 ) ) ;
#601 = AXIS2_PLACEMENT_3D ( 'NONE', #8080, #11652, #11714 ) ;
#602 = EDGE_CURVE ( 'NONE', #2842, #9533, #2390, .T. ) ;
#603 = VECTOR ( 'NONE', #6924, 1000.000000000000114 ) ;
#604 = AXIS2_PLACEMENT_3D ( 'NONE', #9486, #8994, #6271 ) ;
#605 = DIRECTION ( 'NONE',  ( 1.000000000000000000, 0.000000000000000000, -0.000000000000000000 ) ) ;
#606 = ORIENTED_EDGE ( 'NONE', *, *, #7324, .T. ) ;
#607 = FACE_OUTER_BOUND ( 'NONE', #5467, .T. ) ;
#608 = DIRECTION ( 'NONE',  ( 0.000000000000000000, 0.000000000000000000, -1.000000000000000000 ) ) ;
#609 = ORIENTED_EDGE ( 'NONE', *, *, #5076, .F. ) ;
#610 = CARTESIAN_POINT ( 'NONE',  ( 0.5499999999999949374, 10.80000000000000071, 35.44999999999961204 ) ) ;
#611 = DIRECTION ( 'NONE',  ( 0.000000000000000000, 0.000000000000000000, -1.000000000000000000 ) ) ;
#612 = EDGE_CURVE ( 'NONE', #8107, #4924, #5056, .T. ) ;
#613 = EDGE_LOOP ( 'NONE', ( #9243, #7668, #2004, #386 ) ) ;
#614 = CARTESIAN_POINT ( 'NONE',  ( -19.83347944262236595, 18.51173940819399988, -7.338694308526345189 ) ) ;
#615 = DIRECTION ( 'NONE',  ( -0.000000000000000000, 0.000000000000000000, 1.000000000000000000 ) ) ;
#616 = AXIS2_PLACEMENT_3D ( 'NONE', #7510, #105, #1194 ) ;
#617 = DIRECTION ( 'NONE',  ( 1.000000000000000000, 0.000000000000000000, 0.000000000000000000 ) ) ;
#618 = VECTOR ( 'NONE', #4776, 1000.000000000000114 ) ;
#619 = EDGE_CURVE ( 'NONE', #8090, #4682, #4036, .T. ) ;
#620 = CARTESIAN_POINT ( 'NONE',  ( -26.45000000000000284, 10.80000000000000071, -18.55000000000037730 ) ) ;
#621 = LINE ( 'NONE', #2505, #4883 ) ;
#622 = EDGE_CURVE ( 'NONE', #8399, #6905, #11371, .T. ) ;
#623 = CARTESIAN_POINT ( 'NONE',  ( -35.44999999999999574, 10.80000000000000071, -18.55000000000037730 ) ) ;
#624 = DIRECTION ( 'NONE',  ( -0.5000000000000036637, 0.7071067811865446862, -0.5000000000000006661 ) ) ;
#625 = VECTOR ( 'NONE', #5930, 1000.000000000000227 ) ;
#626 = EDGE_LOOP ( 'NONE', ( #10516, #9221, #5172, #4729 ) ) ;
#627 = ADVANCED_FACE ( 'NONE', ( #10631 ), #2328, .F. ) ;
#628 = VECTOR ( 'NONE', #4817, 1000.000000000000114 ) ;
#629 = CARTESIAN_POINT ( 'NONE',  ( 28.49625977300405921, 7.500000000000000000, 0.000000000000000000 ) ) ;
#630 = ORIENTED_EDGE ( 'NONE', *, *, #10935, .F. ) ;
#631 = FACE_OUTER_BOUND ( 'NONE', #7457, .T. ) ;
#632 = ORIENTED_EDGE ( 'NONE', *, *, #93, .F. ) ;
#633 = DIRECTION ( 'NONE',  ( -0.9612616959383174509, -0.2756373558170042704, 0.000000000000000000 ) ) ;
#634 = AXIS2_PLACEMENT_3D ( 'NONE', #3904, #3848, #6524 ) ;
#635 = CARTESIAN_POINT ( 'NONE',  ( -51.62500000000000000, 7.500000000000000000, -16.50374022699631382 ) ) ;
#636 = EDGE_CURVE ( 'NONE', #8510, #9870, #7910, .T. ) ;
#637 = VECTOR ( 'NONE', #5191, 1000.000000000000114 ) ;
#638 = ORIENTED_EDGE ( 'NONE', *, *, #11289, .T. ) ;
#639 = DIRECTION ( 'NONE',  ( 0.000000000000000000, -0.9612616959383174509, 0.2756373558170042704 ) ) ;
#640 = ORIENTED_EDGE ( 'NONE', *, *, #4898, .T. ) ;
#641 = LINE ( 'NONE', #3621, #10392 ) ;
#642 = VERTEX_POINT ( 'NONE', #6764 ) ;
#643 = EDGE_CURVE ( 'NONE', #1150, #8107, #4214, .T. ) ;
#644 = ADVANCED_FACE ( 'NONE', ( #3299 ), #10453, .F. ) ;
#645 = LINE ( 'NONE', #2652, #2703 ) ;
#646 = VECTOR ( 'NONE', #4219, 1000.000000000000000 ) ;
#647 = CARTESIAN_POINT ( 'NONE',  ( 27.51589529291317859, 14.51721864012731977, 26.48410470708643416 ) ) ;
#648 = EDGE_LOOP ( 'NONE', ( #3845, #8827, #1479, #2131 ) ) ;
#649 = CARTESIAN_POINT ( 'NONE',  ( 19.83347944262236950, 18.51173940819399988, -25.33869430852633897 ) ) ;
#650 = VECTOR ( 'NONE', #9421, 1000.000000000000000 ) ;
#651 = DIRECTION ( 'NONE',  ( -0.2657276780299913099, -0.9267025424900799946, 0.2657276780299913099 ) ) ;
#652 = CARTESIAN_POINT ( 'NONE',  ( -20.65831223607736788, -3.969694544262557745, -31.78514175963478294 ) ) ;
#653 = DIRECTION ( 'NONE',  ( -0.9612616959383175619, -0.2756373558170040483, 0.000000000000000000 ) ) ;
#654 = AXIS2_PLACEMENT_3D ( 'NONE', #10911, #7155, #4303 ) ;
#655 = ORIENTED_EDGE ( 'NONE', *, *, #4204, .F. ) ;
#656 = EDGE_LOOP ( 'NONE', ( #5380, #4977, #9098, #9301 ) ) ;
#657 = AXIS2_PLACEMENT_3D ( 'NONE', #10306, #3, #5534 ) ;
#658 = ORIENTED_EDGE ( 'NONE', *, *, #9097, .F. ) ;
#659 = ADVANCED_FACE ( 'NONE', ( #8878 ), #3067, .F. ) ;
#660 = CARTESIAN_POINT ( 'NONE',  ( 52.80943399447264852, 8.566080860090400151, -34.80943399447268405 ) ) ;
#661 = DIRECTION ( 'NONE',  ( -1.000000000000000000, -0.000000000000000000, -0.000000000000000000 ) ) ;
#662 = EDGE_LOOP ( 'NONE', ( #7684, #5668, #9726, #5457 ) ) ;
#663 = DIRECTION ( 'NONE',  ( 0.000000000000000000, 0.000000000000000000, -1.000000000000000000 ) ) ;
#664 = PLANE ( 'NONE',  #654 ) ;
#665 = FACE_OUTER_BOUND ( 'NONE', #5220, .T. ) ;
#666 = ORIENTED_EDGE ( 'NONE', *, *, #8337, .F. ) ;
#667 = ORIENTED_EDGE ( 'NONE', *, *, #11313, .F. ) ;
#668 = CARTESIAN_POINT ( 'NONE',  ( 2.375000000000005773, 10.80000000000000426, -26.45000000000038298 ) ) ;
#669 = CARTESIAN_POINT ( 'NONE',  ( 62.00000000000000000, -11.50000000000000000, 34.00000000000000000 ) ) ;
#670 = CARTESIAN_POINT ( 'NONE',  ( -26.45000000000000284, 10.80000000000000071, -27.55000000000038796 ) ) ;
#671 = ORIENTED_EDGE ( 'NONE', *, *, #2005, .F. ) ;
#672 = DIRECTION ( 'NONE',  ( 0.000000000000000000, 0.000000000000000000, -1.000000000000000000 ) ) ;
#673 = DIRECTION ( 'NONE',  ( -0.7071067811865475727, 0.000000000000000000, 0.7071067811865475727 ) ) ;
#674 = ORIENTED_EDGE ( 'NONE', *, *, #7956, .T. ) ;
#675 = PLANE ( 'NONE',  #9241 ) ;
#676 = CARTESIAN_POINT ( 'NONE',  ( -45.62532512953087860, 10.53731005528974229, -33.62500000000000000 ) ) ;
#677 = EDGE_CURVE ( 'NONE', #2620, #3184, #10878, .T. ) ;
#678 = ORIENTED_EDGE ( 'NONE', *, *, #2364, .F. ) ;
#679 = CARTESIAN_POINT ( 'NONE',  ( -0.5500000000000088152, -11.50000000000000000, 35.45000000000000995 ) ) ;
#680 = DIRECTION ( 'NONE',  ( 0.000000000000000000, -0.9612616959383180060, -0.2756373558170021054 ) ) ;
#681 = DIRECTION ( 'NONE',  ( 1.000000000000000000, 0.000000000000000000, 0.000000000000000000 ) ) ;
#682 = FACE_OUTER_BOUND ( 'NONE', #190, .T. ) ;
#683 = FACE_OUTER_BOUND ( 'NONE', #2183, .T. ) ;
#684 = ADVANCED_FACE ( 'NONE', ( #6404 ), #2574, .T. ) ;
#685 = AXIS2_PLACEMENT_3D ( 'NONE', #11275, #11157, #3703 ) ;
#686 = FACE_BOUND ( 'NONE', #1883, .T. ) ;
#687 = CARTESIAN_POINT ( 'NONE',  ( 24.62500000000000000, 10.80000000000000426, 17.44999999999961915 ) ) ;
#688 = VERTEX_POINT ( 'NONE', #2513 ) ;
#689 = FACE_OUTER_BOUND ( 'NONE', #8309, .T. ) ;
#690 = ORIENTED_EDGE ( 'NONE', *, *, #8522, .F. ) ;
#691 = CARTESIAN_POINT ( 'NONE',  ( -53.44999999999999574, 10.80000000000000071, 26.44999999999961204 ) ) ;
#692 = CARTESIAN_POINT ( 'NONE',  ( -3.297109446132200805, 1.219690838746894768, -23.70289055386817267 ) ) ;
#693 = ORIENTED_EDGE ( 'NONE', *, *, #8339, .F. ) ;
#694 = VECTOR ( 'NONE', #10991, 1000.000000000000000 ) ;
#695 = DIRECTION ( 'NONE',  ( -1.000000000000000000, -0.000000000000000000, -0.000000000000000000 ) ) ;
#696 = DIRECTION ( 'NONE',  ( 1.000000000000000000, 0.000000000000000000, 0.000000000000000000 ) ) ;
#697 = VERTEX_POINT ( 'NONE', #4461 ) ;
#698 = CARTESIAN_POINT ( 'NONE',  ( 25.80943399447263786, 8.566080860090416138, 0.000000000000000000 ) ) ;
#699 = AXIS2_PLACEMENT_3D ( 'NONE', #3933, #3756, #5757 ) ;
#700 = ORIENTED_EDGE ( 'NONE', *, *, #5134, .F. ) ;
#701 = EDGE_CURVE ( 'NONE', #8418, #11573, #6220, .T. ) ;
#702 = CARTESIAN_POINT ( 'NONE',  ( 61.43449314192414334, 7.500000000000000000, 33.36342533005872468 ) ) ;
#703 = VERTEX_POINT ( 'NONE', #2701 ) ;
#704 = LINE ( 'NONE', #10103, #2885 ) ;
#705 = DIRECTION ( 'NONE',  ( 0.000000000000000000, 0.000000000000000000, -1.000000000000000000 ) ) ;
#706 = VERTEX_POINT ( 'NONE', #7248 ) ;
#707 = CARTESIAN_POINT ( 'NONE',  ( -53.44999999999999574, 10.80000000000000071, 26.44999999999961204 ) ) ;
#708 = CARTESIAN_POINT ( 'NONE',  ( 2.375000000000005773, 10.53731005528968545, 26.37467487046870929 ) ) ;
#709 = LINE ( 'NONE', #5201, #214 ) ;
#710 = AXIS2_PLACEMENT_3D ( 'NONE', #5176, #10026, #5357 ) ;
#711 = VECTOR ( 'NONE', #4322, 1000.000000000000000 ) ;
#712 = DIRECTION ( 'NONE',  ( -1.000000000000000000, 0.000000000000000000, 0.000000000000000000 ) ) ;
#713 = VECTOR ( 'NONE', #3243, 1000.000000000000114 ) ;
#714 = ORIENTED_EDGE ( 'NONE', *, *, #6103, .T. ) ;
#715 = ORIENTED_EDGE ( 'NONE', *, *, #11348, .F. ) ;
#716 = ORIENTED_EDGE ( 'NONE', *, *, #8542, .T. ) ;
#717 = DIRECTION ( 'NONE',  ( 1.000000000000000000, 0.000000000000000000, 0.000000000000000000 ) ) ;
#718 = DIRECTION ( 'NONE',  ( 0.9612616959383181170, -0.2756373558170021609, 0.000000000000000000 ) ) ;
#719 = ORIENTED_EDGE ( 'NONE', *, *, #425, .T. ) ;
#720 = VECTOR ( 'NONE', #7255, 1000.000000000000227 ) ;
#721 = VECTOR ( 'NONE', #6433, 1000.000000000000000 ) ;
#722 = DIRECTION ( 'NONE',  ( 0.000000000000000000, 0.000000000000000000, 1.000000000000000000 ) ) ;
#723 = CARTESIAN_POINT ( 'NONE',  ( -51.62500000000000000, 10.53731005528970854, 18.62532512953050201 ) ) ;
#724 = ORIENTED_EDGE ( 'NONE', *, *, #6876, .T. ) ;
#725 = ORIENTED_EDGE ( 'NONE', *, *, #3311, .F. ) ;
#726 = ORIENTED_EDGE ( 'NONE', *, *, #5695, .F. ) ;
#727 = CARTESIAN_POINT ( 'NONE',  ( -26.45000000000000284, 7.500000000000000000, 35.45000000000000995 ) ) ;
#728 = CARTESIAN_POINT ( 'NONE',  ( 1.390607076609480686, 7.868454739437197532, 25.60939292339012496 ) ) ;
#729 = EDGE_CURVE ( 'NONE', #4306, #3117, #1599, .T. ) ;
#730 = EDGE_CURVE ( 'NONE', #11479, #3772, #3428, .T. ) ;
#731 = DIRECTION ( 'NONE',  ( 0.2657276780299911434, 0.9267025424900801056, 0.2657276780299911434 ) ) ;
#732 = ORIENTED_EDGE ( 'NONE', *, *, #10553, .T. ) ;
#733 = DIRECTION ( 'NONE',  ( 0.9612616959383174509, -0.2756373558170042704, 0.000000000000000000 ) ) ;
#734 = CARTESIAN_POINT ( 'NONE',  ( -28.49625977300406987, 7.500000000000000000, 0.000000000000000000 ) ) ;
#735 = ORIENTED_EDGE ( 'NONE', *, *, #7902, .F. ) ;
#736 = LINE ( 'NONE', #11951, #1485 ) ;
#737 = DIRECTION ( 'NONE',  ( -0.000000000000000000, -0.2756373558170023830, -0.9612616959383180060 ) ) ;
#738 = VERTEX_POINT ( 'NONE', #9970 ) ;
#739 = CARTESIAN_POINT ( 'NONE',  ( -20.73571359999212405, 22.25864506693675438, -26.58211138907232041 ) ) ;
#740 = LINE ( 'NONE', #3534, #9515 ) ;
#741 = CARTESIAN_POINT ( 'NONE',  ( 0.000000000000000000, 7.500000000000000000, -28.49625977300445356 ) ) ;
#742 = ADVANCED_FACE ( 'NONE', ( #631 ), #3367, .F. ) ;
#743 = LINE ( 'NONE', #620, #2851 ) ;
#744 = ADVANCED_FACE ( 'NONE', ( #4522 ), #10761, .F. ) ;
#745 = PLANE ( 'NONE',  #1574 ) ;
#746 = DIRECTION ( 'NONE',  ( 0.000000000000000000, -0.9612616959383180060, 0.2756373558170021054 ) ) ;
#747 = EDGE_CURVE ( 'NONE', #6596, #10888, #5494, .T. ) ;
#748 = DIRECTION ( 'NONE',  ( 0.9612616959383180060, -0.2756373558170023830, 0.000000000000000000 ) ) ;
#749 = EDGE_LOOP ( 'NONE', ( #8421, #5397, #10617, #4220 ) ) ;
#750 = FACE_OUTER_BOUND ( 'NONE', #6518, .T. ) ;
#751 = ORIENTED_EDGE ( 'NONE', *, *, #772, .T. ) ;
#752 = CARTESIAN_POINT ( 'NONE',  ( 52.80943399447264852, 8.566080860090394822, 25.80943399447225417 ) ) ;
#753 = DIRECTION ( 'NONE',  ( -1.000000000000000000, -0.000000000000000000, -0.000000000000000000 ) ) ;
#754 = VERTEX_POINT ( 'NONE', #10944 ) ;
#755 = AXIS2_PLACEMENT_3D ( 'NONE', #1863, #9492, #4599 ) ;
#756 = CARTESIAN_POINT ( 'NONE',  ( 0.5499999999999949374, 10.80000000000000071, -9.550000000000384404 ) ) ;
#757 = ADVANCED_FACE ( 'NONE', ( #4340 ), #2637, .F. ) ;
#758 = DIRECTION ( 'NONE',  ( 0.000000000000000000, 0.000000000000000000, -1.000000000000000000 ) ) ;
#759 = CARTESIAN_POINT ( 'NONE',  ( 53.44999999999999574, 10.80000000000000071, -9.550000000000384404 ) ) ;
#760 = VECTOR ( 'NONE', #2203, 1000.000000000000114 ) ;
#761 = ORIENTED_EDGE ( 'NONE', *, *, #7385, .T. ) ;
#762 = LINE ( 'NONE', #3560, #6903 ) ;
#763 = VERTEX_POINT ( 'NONE', #8154 ) ;
#764 = FACE_OUTER_BOUND ( 'NONE', #5124, .T. ) ;
#765 = LINE ( 'NONE', #8045, #6400 ) ;
#766 = ORIENTED_EDGE ( 'NONE', *, *, #5202, .F. ) ;
#767 = DIRECTION ( 'NONE',  ( -0.000000000000000000, 0.000000000000000000, 1.000000000000000000 ) ) ;
#768 = DIRECTION ( 'NONE',  ( -0.2386847610229713423, -0.8323926831162092865, 0.5001519828512179799 ) ) ;
#769 = AXIS2_PLACEMENT_3D ( 'NONE', #9800, #11499, #10775 ) ;
#770 = DIRECTION ( 'NONE',  ( 0.2657276780299913099, 0.9267025424900799946, 0.2657276780299913099 ) ) ;
#771 = DIRECTION ( 'NONE',  ( 1.000000000000000000, 0.000000000000000000, 0.000000000000000000 ) ) ;
#772 = EDGE_CURVE ( 'NONE', #7005, #4336, #10035, .T. ) ;
#773 = ORIENTED_EDGE ( 'NONE', *, *, #2901, .F. ) ;
#774 = ORIENTED_EDGE ( 'NONE', *, *, #10492, .T. ) ;
#775 = VERTEX_POINT ( 'NONE', #4400 ) ;
#776 = CARTESIAN_POINT ( 'NONE',  ( 25.80943399447264142, 8.566080860090407256, 19.19056600552696423 ) ) ;
#777 = DIRECTION ( 'NONE',  ( 1.000000000000000000, 0.000000000000000000, 0.000000000000000000 ) ) ;
#778 = ORIENTED_EDGE ( 'NONE', *, *, #7449, .T. ) ;
#779 = EDGE_CURVE ( 'NONE', #1347, #3266, #11001, .T. ) ;
#780 = PLANE ( 'NONE',  #8279 ) ;
#781 = ORIENTED_EDGE ( 'NONE', *, *, #6210, .T. ) ;
#782 = ORIENTED_EDGE ( 'NONE', *, *, #1730, .F. ) ;
#783 = ORIENTED_EDGE ( 'NONE', *, *, #11838, .T. ) ;
#784 = ORIENTED_EDGE ( 'NONE', *, *, #3139, .T. ) ;
#785 = ORIENTED_EDGE ( 'NONE', *, *, #3733, .F. ) ;
#786 = LINE ( 'NONE', #727, #9712 ) ;
#787 = EDGE_CURVE ( 'NONE', #11071, #11760, #3550, .T. ) ;
#788 = AXIS2_PLACEMENT_3D ( 'NONE', #6101, #1480, #5185 ) ;
#789 = CARTESIAN_POINT ( 'NONE',  ( -24.62500000000000000, 10.80000000000000426, -33.62500000000000000 ) ) ;
#790 = EDGE_CURVE ( 'NONE', #1444, #642, #5241, .T. ) ;
#791 = VERTEX_POINT ( 'NONE', #5369 ) ;
#792 = PLANE ( 'NONE',  #9548 ) ;
#793 = ORIENTED_EDGE ( 'NONE', *, *, #2061, .T. ) ;
#794 = VECTOR ( 'NONE', #285, 1000.000000000000000 ) ;
#795 = PLANE ( 'NONE',  #9434 ) ;
#796 = DIRECTION ( 'NONE',  ( 0.5001519828512179799, 0.8323926831162092865, -0.2386847610229713423 ) ) ;
#797 = EDGE_LOOP ( 'NONE', ( #7858, #11815, #7249, #4352 ) ) ;
#798 = EDGE_CURVE ( 'NONE', #4882, #6547, #10818, .T. ) ;
#799 = ADVANCED_FACE ( 'NONE', ( #1726 ), #5427, .F. ) ;
#800 = ORIENTED_EDGE ( 'NONE', *, *, #4747, .T. ) ;
#801 = CARTESIAN_POINT ( 'NONE',  ( -27.75510628676861913, 10.08470937300049464, 9.755106286768237212 ) ) ;
#802 = CARTESIAN_POINT ( 'NONE',  ( -7.809433994472767537, 8.566080860090838911, 34.80943399447237852 ) ) ;
#803 = CARTESIAN_POINT ( 'NONE',  ( -0.5499999999999949374, 10.80000000000000071, 0.5499999999996132427 ) ) ;
#804 = EDGE_CURVE ( 'NONE', #5501, #2135, #7429, .T. ) ;
#805 = ADVANCED_FACE ( 'NONE', ( #6640 ), #943, .F. ) ;
#806 = DIRECTION ( 'NONE',  ( 0.000000000000000000, 0.000000000000000000, -1.000000000000000000 ) ) ;
#807 = VECTOR ( 'NONE', #1177, 1000.000000000000000 ) ;
#808 = ADVANCED_FACE ( 'NONE', ( #11059 ), #3789, .F. ) ;
#809 = DIRECTION ( 'NONE',  ( 0.9612616959383175619, -0.2756373558170040483, 0.000000000000000000 ) ) ;
#810 = DIRECTION ( 'NONE',  ( 1.000000000000000000, 0.000000000000000000, 0.000000000000000000 ) ) ;
#811 = LINE ( 'NONE', #3361, #2971 ) ;
#812 = ORIENTED_EDGE ( 'NONE', *, *, #6523, .F. ) ;
#813 = CARTESIAN_POINT ( 'NONE',  ( 57.89895923599141980, 10.49999999999999822, 36.89895923599146954 ) ) ;
#814 = EDGE_CURVE ( 'NONE', #6979, #775, #8517, .T. ) ;
#815 = AXIS2_PLACEMENT_3D ( 'NONE', #7783, #1411, #7904 ) ;
#816 = ORIENTED_EDGE ( 'NONE', *, *, #1757, .T. ) ;
#817 = FACE_OUTER_BOUND ( 'NONE', #10799, .T. ) ;
#818 = CARTESIAN_POINT ( 'NONE',  ( 53.44999999999999574, 82.98258077199005811, -35.45000000000003126 ) ) ;
#819 = VERTEX_POINT ( 'NONE', #3668 ) ;
#820 = VECTOR ( 'NONE', #5951, 1000.000000000000114 ) ;
#821 = LINE ( 'NONE', #5429, #7576 ) ;
#822 = VECTOR ( 'NONE', #8773, 1000.000000000000114 ) ;
#823 = LINE ( 'NONE', #635, #11181 ) ;
#824 = VECTOR ( 'NONE', #651, 1000.000000000000114 ) ;
#825 = FACE_OUTER_BOUND ( 'NONE', #1494, .T. ) ;
#826 = ORIENTED_EDGE ( 'NONE', *, *, #6194, .F. ) ;
#827 = LINE ( 'NONE', #8948, #7682 ) ;
#828 = ORIENTED_EDGE ( 'NONE', *, *, #6958, .T. ) ;
#829 = CARTESIAN_POINT ( 'NONE',  ( 1.190566005527355919, 8.566080860090391269, 19.19056600552696779 ) ) ;
#830 = DIRECTION ( 'NONE',  ( -0.000000000000000000, -0.2756373558170042704, -0.9612616959383174509 ) ) ;
#831 = ORIENTED_EDGE ( 'NONE', *, *, #4528, .F. ) ;
#832 = CARTESIAN_POINT ( 'NONE',  ( 24.62500000000000000, 10.53731005528969256, -33.62500000000000000 ) ) ;
#833 = EDGE_CURVE ( 'NONE', #4480, #4215, #4642, .T. ) ;
#834 = FACE_OUTER_BOUND ( 'NONE', #4672, .T. ) ;
#835 = VECTOR ( 'NONE', #2551, 1000.000000000000114 ) ;
#836 = LINE ( 'NONE', #1679, #2543 ) ;
#837 = VECTOR ( 'NONE', #1972, 1000.000000000000000 ) ;
#838 = CARTESIAN_POINT ( 'NONE',  ( -53.44999999999999574, 82.98258077199005811, -35.45000000000003126 ) ) ;
#839 = ORIENTED_EDGE ( 'NONE', *, *, #9041, .T. ) ;
#840 = ORIENTED_EDGE ( 'NONE', *, *, #221, .T. ) ;
#841 = ORIENTED_EDGE ( 'NONE', *, *, #9101, .F. ) ;
#842 = EDGE_CURVE ( 'NONE', #1633, #8276, #1913, .T. ) ;
#843 = VECTOR ( 'NONE', #10815, 1000.000000000000227 ) ;
#844 = CARTESIAN_POINT ( 'NONE',  ( -26.45000000000000284, 10.80000000000000071, 27.54999999999960991 ) ) ;
#845 = FACE_OUTER_BOUND ( 'NONE', #11906, .T. ) ;
#846 = ORIENTED_EDGE ( 'NONE', *, *, #8208, .T. ) ;
#847 = VECTOR ( 'NONE', #925, 1000.000000000000000 ) ;
#848 = LINE ( 'NONE', #4429, #2270 ) ;
#849 = VERTEX_POINT ( 'NONE', #1117 ) ;
#850 = ORIENTED_EDGE ( 'NONE', *, *, #2785, .F. ) ;
#851 = EDGE_CURVE ( 'NONE', #10620, #10679, #9483, .T. ) ;
#852 = ORIENTED_EDGE ( 'NONE', *, *, #3536, .T. ) ;
#853 = ORIENTED_EDGE ( 'NONE', *, *, #3588, .T. ) ;
#854 = LINE ( 'NONE', #3587, #9338 ) ;
#855 = DIRECTION ( 'NONE',  ( 1.000000000000000000, 0.000000000000000000, 0.000000000000000000 ) ) ;
#856 = AXIS2_PLACEMENT_3D ( 'NONE', #39, #3743, #2834 ) ;
#857 = VECTOR ( 'NONE', #8654, 1000.000000000000000 ) ;
#858 = AXIS2_PLACEMENT_3D ( 'NONE', #1878, #5702, #8363 ) ;
#859 = ORIENTED_EDGE ( 'NONE', *, *, #2116, .F. ) ;
#860 = CARTESIAN_POINT ( 'NONE',  ( 1.190566005527355919, 8.566080860090391269, 28.19056600552697134 ) ) ;
#861 = LINE ( 'NONE', #184, #274 ) ;
#862 = ORIENTED_EDGE ( 'NONE', *, *, #5953, .F. ) ;
#863 = VECTOR ( 'NONE', #6854, 1000.000000000000227 ) ;
#864 = CARTESIAN_POINT ( 'NONE',  ( -0.5499999999999949374, 10.80000000000000071, -17.45000000000039009 ) ) ;
#865 = CARTESIAN_POINT ( 'NONE',  ( 44.37467487046911430, 10.53731005528974052, -33.62500000000000000 ) ) ;
#867 = ADVANCED_FACE ( 'NONE', ( #1853 ), #7489, .F. ) ;
#866 = EDGE_LOOP ( 'NONE', ( #10241, #909, #6431, #5547, #11153, #2878, #52, #519, #10208, #5525, #10452, #8182, #10967, #4160, #8006, #11211, #3034, #1709, #6313, #3559, #11792, #2722, #4037, #11877, #4744, #7280, #6385, #7484, #4101, #5206, #3975, #9590 ) ) ;
#868 = VECTOR ( 'NONE', #172, 1000.000000000000000 ) ;
#869 = ORIENTED_EDGE ( 'NONE', *, *, #4798, .F. ) ;
#870 = DIRECTION ( 'NONE',  ( -0.2756373558170042704, -0.9612616959383174509, 0.000000000000000000 ) ) ;
#871 = PLANE ( 'NONE',  #10565 ) ;
#872 = EDGE_CURVE ( 'NONE', #3184, #9298, #1062, .T. ) ;
#873 = DIRECTION ( 'NONE',  ( -0.000000000000000000, -1.000000000000000000, 0.000000000000000000 ) ) ;
#874 = EDGE_CURVE ( 'NONE', #688, #5609, #11186, .T. ) ;
#875 = EDGE_CURVE ( 'NONE', #2633, #8732, #2089, .T. ) ;
#876 = CARTESIAN_POINT ( 'NONE',  ( 17.45000000000000639, 10.80000000000000071, -27.55000000000038796 ) ) ;
#877 = FACE_BOUND ( 'NONE', #9820, .T. ) ;
#878 = DIRECTION ( 'NONE',  ( 0.000000000000000000, 0.000000000000000000, -1.000000000000000000 ) ) ;
#879 = ORIENTED_EDGE ( 'NONE', *, *, #11338, .T. ) ;
#880 = DIRECTION ( 'NONE',  ( -0.000000000000000000, -0.2756373558170042704, -0.9612616959383174509 ) ) ;
#881 = VERTEX_POINT ( 'NONE', #4764 ) ;
#882 = PLANE ( 'NONE',  #7642 ) ;
#883 = DIRECTION ( 'NONE',  ( -0.000000000000000000, -0.000000000000000000, 1.000000000000000000 ) ) ;
#884 = ORIENTED_EDGE ( 'NONE', *, *, #8442, .F. ) ;
#885 = DIRECTION ( 'NONE',  ( 0.000000000000000000, -0.9612616959383180060, -0.2756373558170021054 ) ) ;
#886 = VECTOR ( 'NONE', #2291, 1000.000000000000000 ) ;
#887 = EDGE_CURVE ( 'NONE', #10580, #7279, #3852, .T. ) ;
#888 = DIRECTION ( 'NONE',  ( -0.4999999999999978906, -0.7071067811865504593, -0.4999999999999978906 ) ) ;
#889 = PLANE ( 'NONE',  #9935 ) ;
#890 = VERTEX_POINT ( 'NONE', #2935 ) ;
#891 = DIRECTION ( 'NONE',  ( 0.9612616959383174509, -0.2756373558170042704, 0.000000000000000000 ) ) ;
#892 = VERTEX_POINT ( 'NONE', #24 ) ;
#893 = CARTESIAN_POINT ( 'NONE',  ( -2.375000000000005773, 10.53731005528968545, 33.62500000000000000 ) ) ;
#894 = DIRECTION ( 'NONE',  ( 0.000000000000000000, -0.9612616959383174509, -0.2756373558170042704 ) ) ;
#895 = VECTOR ( 'NONE', #6269, 1000.000000000000114 ) ;
#896 = ORIENTED_EDGE ( 'NONE', *, *, #2420, .T. ) ;
#897 = DIRECTION ( 'NONE',  ( -0.000000000000000000, 0.000000000000000000, 1.000000000000000000 ) ) ;
#898 = LINE ( 'NONE', #11198, #3537 ) ;
#899 = CARTESIAN_POINT ( 'NONE',  ( -40.07937528197223997, 29.75245638442227047, -4.884529417028659282 ) ) ;
#900 = EDGE_CURVE ( 'NONE', #11950, #8759, #4824, .T. ) ;
#901 = DIRECTION ( 'NONE',  ( -0.000000000000000000, -0.000000000000000000, 1.000000000000000000 ) ) ;
#902 = AXIS2_PLACEMENT_3D ( 'NONE', #410, #2352, #8674 ) ;
#903 = EDGE_LOOP ( 'NONE', ( #8021, #9051, #6366, #511 ) ) ;
#904 = ORIENTED_EDGE ( 'NONE', *, *, #3018, .F. ) ;
#905 = ADVANCED_FACE ( 'NONE', ( #5736 ), #11304, .F. ) ;
#906 = VERTEX_POINT ( 'NONE', #3002 ) ;
#907 = FACE_OUTER_BOUND ( 'NONE', #427, .T. ) ;
#908 = CARTESIAN_POINT ( 'NONE',  ( 7.503740226995931017, 7.500000000000000000, 33.62500000000000000 ) ) ;
#909 = ORIENTED_EDGE ( 'NONE', *, *, #4869, .F. ) ;
#910 = LINE ( 'NONE', #11994, #10589 ) ;
#911 = EDGE_LOOP ( 'NONE', ( #6264, #19, #5728, #4198 ) ) ;
#912 = ORIENTED_EDGE ( 'NONE', *, *, #6708, .T. ) ;
#913 = VECTOR ( 'NONE', #6986, 1000.000000000000000 ) ;
#914 = VERTEX_POINT ( 'NONE', #2759 ) ;
#915 = ORIENTED_EDGE ( 'NONE', *, *, #6735, .F. ) ;
#916 = CARTESIAN_POINT ( 'NONE',  ( 52.80943399447263431, 8.566080860090423243, 16.80943399447226128 ) ) ;
#917 = EDGE_CURVE ( 'NONE', #10242, #11071, #6467, .T. ) ;
#918 = DIRECTION ( 'NONE',  ( -0.5001519828512182020, 0.8323926831162096196, 0.2386847610229696770 ) ) ;
#919 = ADVANCED_FACE ( 'NONE', ( #9253 ), #8335, .F. ) ;
#920 = EDGE_CURVE ( 'NONE', #7923, #7397, #7667, .T. ) ;
#921 = AXIS2_PLACEMENT_3D ( 'NONE', #3883, #6785, #10303 ) ;
#922 = VECTOR ( 'NONE', #11342, 1000.000000000000114 ) ;
#923 = EDGE_LOOP ( 'NONE', ( #6363, #10955, #11918, #9787 ) ) ;
#924 = LINE ( 'NONE', #5405, #4709 ) ;
#925 = DIRECTION ( 'NONE',  ( -1.000000000000000000, 0.000000000000000000, -0.000000000000000000 ) ) ;
#926 = ORIENTED_EDGE ( 'NONE', *, *, #6127, .T. ) ;
#927 = FACE_OUTER_BOUND ( 'NONE', #1302, .T. ) ;
#928 = DIRECTION ( 'NONE',  ( 0.000000000000000000, 0.000000000000000000, 1.000000000000000000 ) ) ;
#929 = EDGE_LOOP ( 'NONE', ( #7102, #1958, #11047, #10133 ) ) ;
#930 = EDGE_LOOP ( 'NONE', ( #8538, #231, #9783, #2350 ) ) ;
#931 = FACE_OUTER_BOUND ( 'NONE', #10539, .T. ) ;
#932 = FACE_OUTER_BOUND ( 'NONE', #11332, .T. ) ;
#933 = EDGE_CURVE ( 'NONE', #1133, #473, #3108, .T. ) ;
#934 = CARTESIAN_POINT ( 'NONE',  ( 27.51589529291323544, 14.51721864012751162, -26.48410470708715536 ) ) ;
#935 = ORIENTED_EDGE ( 'NONE', *, *, #9103, .T. ) ;
#936 = CARTESIAN_POINT ( 'NONE',  ( 45.54999999999999005, 10.80000000000000071, -27.55000000000038796 ) ) ;
#937 = CARTESIAN_POINT ( 'NONE',  ( 15.26428640000787240, 22.25864506693675438, 26.58211138907232751 ) ) ;
#938 = VERTEX_POINT ( 'NONE', #6757 ) ;
#939 = DIRECTION ( 'NONE',  ( 0.000000000000000000, 0.000000000000000000, -1.000000000000000000 ) ) ;
#940 = EDGE_CURVE ( 'NONE', #9640, #6907, #6990, .T. ) ;
#941 = ORIENTED_EDGE ( 'NONE', *, *, #113, .T. ) ;
#942 = FACE_OUTER_BOUND ( 'NONE', #5576, .T. ) ;
#943 = PLANE ( 'NONE',  #9681 ) ;
#944 = ORIENTED_EDGE ( 'NONE', *, *, #9226, .T. ) ;
#945 = CARTESIAN_POINT ( 'NONE',  ( 26.48410470708678588, 14.51721864012741214, 36.51589529291281622 ) ) ;
#946 = CARTESIAN_POINT ( 'NONE',  ( 8.449999999999999289, 10.80000000000000071, -27.55000000000038796 ) ) ;
#947 = DIRECTION ( 'NONE',  ( 0.000000000000000000, 0.000000000000000000, 1.000000000000000000 ) ) ;
#948 = ORIENTED_EDGE ( 'NONE', *, *, #6100, .F. ) ;
#949 = CARTESIAN_POINT ( 'NONE',  ( 2.375000000000005773, 10.80000000000000071, 0.000000000000000000 ) ) ;
#950 = AXIS2_PLACEMENT_3D ( 'NONE', #3080, #11384, #8711 ) ;
#951 = ORIENTED_EDGE ( 'NONE', *, *, #8313, .T. ) ;
#952 = LINE ( 'NONE', #2946, #3660 ) ;
#953 = DIRECTION ( 'NONE',  ( 1.000000000000000000, 0.000000000000000000, 0.000000000000000000 ) ) ;
#954 = EDGE_LOOP ( 'NONE', ( #11137, #4446, #7037, #6537 ) ) ;
#955 = EDGE_CURVE ( 'NONE', #10375, #2873, #5846, .T. ) ;
#956 = CARTESIAN_POINT ( 'NONE',  ( 0.5500000000000088152, 7.500000000000000000, 35.45000000000000995 ) ) ;
#957 = CARTESIAN_POINT ( 'NONE',  ( 0.000000000000000000, 10.80000000000000071, -33.62500000000000000 ) ) ;
#958 = FACE_OUTER_BOUND ( 'NONE', #1428, .T. ) ;
#959 = CARTESIAN_POINT ( 'NONE',  ( 29.37500000000000000, 10.80000000000000426, 33.62500000000000000 ) ) ;
#960 = ORIENTED_EDGE ( 'NONE', *, *, #255, .F. ) ;
#961 = CARTESIAN_POINT ( 'NONE',  ( 43.50374022699593723, 7.500000000000000000, -33.62500000000000000 ) ) ;
#962 = ORIENTED_EDGE ( 'NONE', *, *, #3447, .T. ) ;
#963 = ORIENTED_EDGE ( 'NONE', *, *, #2664, .F. ) ;
#964 = DIRECTION ( 'NONE',  ( -0.000000000000000000, -0.2756373558170042704, -0.9612616959383174509 ) ) ;
#965 = CARTESIAN_POINT ( 'NONE',  ( 52.80943399447264142, 8.566080860090416138, 0.000000000000000000 ) ) ;
#966 = ORIENTED_EDGE ( 'NONE', *, *, #3324, .F. ) ;
#967 = CARTESIAN_POINT ( 'NONE',  ( 57.89895923599141980, 10.49999999999999822, -36.89895923599146954 ) ) ;
#968 = LINE ( 'NONE', #2849, #444 ) ;
#970 = ORIENTED_EDGE ( 'NONE', *, *, #4249, .T. ) ;
#969 = ADVANCED_FACE ( 'NONE', ( #8692 ), #10505, .F. ) ;
#971 = AXIS2_PLACEMENT_3D ( 'NONE', #10549, #7827, #311 ) ;
#972 = ORIENTED_EDGE ( 'NONE', *, *, #6744, .F. ) ;
#973 = FACE_OUTER_BOUND ( 'NONE', #5249, .T. ) ;
#974 = CARTESIAN_POINT ( 'NONE',  ( 24.62500000000000000, 10.80000000000000071, 0.000000000000000000 ) ) ;
#975 = VERTEX_POINT ( 'NONE', #436 ) ;
#976 = CARTESIAN_POINT ( 'NONE',  ( -1.190566005527361249, 8.566080860090398374, 0.000000000000000000 ) ) ;
#977 = LINE ( 'NONE', #8434, #11311 ) ;
#978 = ORIENTED_EDGE ( 'NONE', *, *, #270, .T. ) ;
#979 = LINE ( 'NONE', #4684, #139 ) ;
#980 = LINE ( 'NONE', #6451, #6664 ) ;
#981 = ORIENTED_EDGE ( 'NONE', *, *, #7765, .T. ) ;
#982 = ORIENTED_EDGE ( 'NONE', *, *, #11357, .F. ) ;
#983 = LINE ( 'NONE', #4813, #9861 ) ;
#984 = LINE ( 'NONE', #1902, #6894 ) ;
#985 = EDGE_CURVE ( 'NONE', #8947, #9099, #8745, .T. ) ;
#986 = VECTOR ( 'NONE', #5555, 1000.000000000000114 ) ;
#987 = LINE ( 'NONE', #1782, #7200 ) ;
#988 = ORIENTED_EDGE ( 'NONE', *, *, #5158, .F. ) ;
#989 = CARTESIAN_POINT ( 'NONE',  ( 0.000000000000000000, 10.80000000000000071, 33.62500000000000000 ) ) ;
#990 = DIRECTION ( 'NONE',  ( 0.000000000000000000, 0.000000000000000000, -1.000000000000000000 ) ) ;
#991 = VERTEX_POINT ( 'NONE', #8639 ) ;
#992 = EDGE_CURVE ( 'NONE', #2403, #8217, #3287, .T. ) ;
#993 = CARTESIAN_POINT ( 'NONE',  ( -25.80943399447264497, 8.566080860090401927, 0.000000000000000000 ) ) ;
#994 = ORIENTED_EDGE ( 'NONE', *, *, #3139, .F. ) ;
#995 = CARTESIAN_POINT ( 'NONE',  ( -8.449999999999999289, 10.80000000000000071, 35.44999999999961204 ) ) ;
#996 = DIRECTION ( 'NONE',  ( 0.000000000000000000, -0.2756373558170040483, 0.9612616959383175619 ) ) ;
#997 = ORIENTED_EDGE ( 'NONE', *, *, #4317, .T. ) ;
#998 = ADVANCED_FACE ( 'NONE', ( #6809 ), #2204, .F. ) ;
#999 = VECTOR ( 'NONE', #10633, 1000.000000000000000 ) ;
#1000 = LINE ( 'NONE', #1064, #2159 ) ;
#1001 = EDGE_CURVE ( 'NONE', #11341, #791, #4141, .T. ) ;
#1002 = EDGE_CURVE ( 'NONE', #1525, #10664, #5907, .T. ) ;
#1003 = LINE ( 'NONE', #1122, #6921 ) ;
#1004 = VECTOR ( 'NONE', #2020, 1000.000000000000000 ) ;
#1005 = FACE_OUTER_BOUND ( 'NONE', #5648, .T. ) ;
#1006 = LINE ( 'NONE', #4596, #1294 ) ;
#1007 = ORIENTED_EDGE ( 'NONE', *, *, #1590, .F. ) ;
#1008 = VECTOR ( 'NONE', #8188, 1000.000000000000000 ) ;
#1009 = CARTESIAN_POINT ( 'NONE',  ( -0.5499999999999949374, 10.80000000000000071, -27.55000000000038796 ) ) ;
#1010 = ORIENTED_EDGE ( 'NONE', *, *, #8098, .T. ) ;
#1011 = LINE ( 'NONE', #10604, #3956 ) ;
#1012 = CARTESIAN_POINT ( 'NONE',  ( -1.190566005527355919, 8.566080860090391269, 1.190566005526974669 ) ) ;
#1013 = AXIS2_PLACEMENT_3D ( 'NONE', #8129, #6197, #3523 ) ;
#1014 = DIRECTION ( 'NONE',  ( 0.000000000000000000, 0.000000000000000000, -1.000000000000000000 ) ) ;
#1015 = EDGE_CURVE ( 'NONE', #890, #6951, #8807, .T. ) ;
#1016 = LINE ( 'NONE', #9131, #1299 ) ;
#1017 = VECTOR ( 'NONE', #5803, 1000.000000000000114 ) ;
#1018 = ORIENTED_EDGE ( 'NONE', *, *, #10019, .F. ) ;
#1019 = CARTESIAN_POINT ( 'NONE',  ( -9.549999999999995381, 10.80000000000000071, 35.44999999999961204 ) ) ;
#1020 = EDGE_CURVE ( 'NONE', #9641, #2205, #6934, .T. ) ;
#1021 = EDGE_CURVE ( 'NONE', #9174, #8679, #4080, .T. ) ;
#1022 = ORIENTED_EDGE ( 'NONE', *, *, #5938, .F. ) ;
#1023 = ORIENTED_EDGE ( 'NONE', *, *, #11955, .F. ) ;
#1024 = CARTESIAN_POINT ( 'NONE',  ( 52.50374022699593013, 7.500000000000000000, 0.000000000000000000 ) ) ;
#1025 = CARTESIAN_POINT ( 'NONE',  ( -52.80943399447264142, 8.566080860090407256, 0.000000000000000000 ) ) ;
#1026 = ORIENTED_EDGE ( 'NONE', *, *, #6488, .T. ) ;
#1027 = CARTESIAN_POINT ( 'NONE',  ( -53.44999999999999574, 10.80000000000000071, 18.54999999999960991 ) ) ;
#1028 = VECTOR ( 'NONE', #6446, 1000.000000000000227 ) ;
#1029 = LINE ( 'NONE', #11385, #8772 ) ;
#1030 = ORIENTED_EDGE ( 'NONE', *, *, #1900, .F. ) ;
#1031 = DIRECTION ( 'NONE',  ( -1.000000000000000000, 0.000000000000000000, 0.000000000000000000 ) ) ;
#1032 = ORIENTED_EDGE ( 'NONE', *, *, #10977, .F. ) ;
#1033 = DIRECTION ( 'NONE',  ( -0.2756373558170042704, -0.9612616959383174509, 0.000000000000000000 ) ) ;
#1034 = DIRECTION ( 'NONE',  ( 0.000000000000000000, 0.000000000000000000, 1.000000000000000000 ) ) ;
#1035 = VECTOR ( 'NONE', #6017, 1000.000000000000000 ) ;
#1036 = EDGE_CURVE ( 'NONE', #6988, #106, #11470, .T. ) ;
#1037 = VECTOR ( 'NONE', #10294, 1000.000000000000114 ) ;
#1038 = AXIS2_PLACEMENT_3D ( 'NONE', #3558, #8101, #7374 ) ;
#1039 = VERTEX_POINT ( 'NONE', #6021 ) ;
#1040 = DIRECTION ( 'NONE',  ( 0.2657276780299913099, 0.9267025424900799946, 0.2657276780299913099 ) ) ;
#1041 = CARTESIAN_POINT ( 'NONE',  ( -54.96378475451787438, 7.500000000000000000, 36.96378475451749068 ) ) ;
#1042 = VERTEX_POINT ( 'NONE', #10561 ) ;
#1043 = DIRECTION ( 'NONE',  ( 1.000000000000000000, 0.000000000000000000, 0.000000000000000000 ) ) ;
#1044 = DIRECTION ( 'NONE',  ( -0.000000000000000000, -0.000000000000000000, 1.000000000000000000 ) ) ;
#1045 = ORIENTED_EDGE ( 'NONE', *, *, #9882, .F. ) ;
#1046 = ORIENTED_EDGE ( 'NONE', *, *, #6057, .F. ) ;
#1047 = DIRECTION ( 'NONE',  ( -0.000000000000000000, -0.2756373558170042704, -0.9612616959383174509 ) ) ;
#1048 = VECTOR ( 'NONE', #3711, 1000.000000000000000 ) ;
#1049 = DIRECTION ( 'NONE',  ( -0.000000000000000000, -0.2756373558170023830, -0.9612616959383180060 ) ) ;
#1050 = VECTOR ( 'NONE', #10384, 1000.000000000000114 ) ;
#1051 = VECTOR ( 'NONE', #7035, 1000.000000000000000 ) ;
#1052 = DIRECTION ( 'NONE',  ( -1.000000000000000000, 0.000000000000000000, 5.358219230816394188E-16 ) ) ;
#1053 = ORIENTED_EDGE ( 'NONE', *, *, #11579, .T. ) ;
#1054 = LINE ( 'NONE', #9299, #4314 ) ;
#1055 = DIRECTION ( 'NONE',  ( -0.2386847610229713423, 0.8323926831162092865, -0.5001519828512179799 ) ) ;
#1056 = ORIENTED_EDGE ( 'NONE', *, *, #1746, .F. ) ;
#1057 = EDGE_CURVE ( 'NONE', #7824, #11213, #2259, .T. ) ;
#1058 = VECTOR ( 'NONE', #9580, 1000.000000000000000 ) ;
#1059 = CARTESIAN_POINT ( 'NONE',  ( 0.5499999999999949374, 10.80000000000000071, -18.55000000000037730 ) ) ;
#1060 = EDGE_LOOP ( 'NONE', ( #9324, #1362, #4668, #10192 ) ) ;
#1061 = PLANE ( 'NONE',  #8224 ) ;
#1062 = LINE ( 'NONE', #5614, #5643 ) ;
#1063 = ORIENTED_EDGE ( 'NONE', *, *, #9871, .F. ) ;
#1064 = CARTESIAN_POINT ( 'NONE',  ( 26.45000000000000284, 10.80000000000000071, 8.449999999999617373 ) ) ;
#1065 = EDGE_CURVE ( 'NONE', #412, #10986, #1406, .T. ) ;
#1066 = CARTESIAN_POINT ( 'NONE',  ( 61.43449314192414334, 9.099999999999983658, 33.36342533005872468 ) ) ;
#1067 = CARTESIAN_POINT ( 'NONE',  ( 28.49625977300405921, 7.500000000000000000, 0.000000000000000000 ) ) ;
#1068 = FACE_OUTER_BOUND ( 'NONE', #6161, .T. ) ;
#1069 = ORIENTED_EDGE ( 'NONE', *, *, #242, .F. ) ;
#1070 = CARTESIAN_POINT ( 'NONE',  ( 19.83347944262235885, 18.51173940819401054, 19.66130569147364326 ) ) ;
#1071 = ORIENTED_EDGE ( 'NONE', *, *, #530, .F. ) ;
#1072 = CARTESIAN_POINT ( 'NONE',  ( 29.37500000000000355, 10.53731005528969078, -8.374674870469487331 ) ) ;
#1073 = DIRECTION ( 'NONE',  ( -0.000000000000000000, -0.000000000000000000, 1.000000000000000000 ) ) ;
#1075 = VERTEX_POINT ( 'NONE', #268 ) ;
#1074 = EDGE_CURVE ( 'NONE', #10748, #6452, #7899, .T. ) ;
#1076 = DIRECTION ( 'NONE',  ( 0.000000000000000000, 0.000000000000000000, -1.000000000000000000 ) ) ;
#1077 = VERTEX_POINT ( 'NONE', #3974 ) ;
#1078 = ORIENTED_EDGE ( 'NONE', *, *, #2651, .F. ) ;
#1079 = AXIS2_PLACEMENT_3D ( 'NONE', #1887, #9284, #7402 ) ;
#1080 = LINE ( 'NONE', #11266, #8064 ) ;
#1081 = PLANE ( 'NONE',  #2211 ) ;
#1082 = ORIENTED_EDGE ( 'NONE', *, *, #4939, .F. ) ;
#1083 = CARTESIAN_POINT ( 'NONE',  ( 24.62500000000000000, 10.80000000000000426, 0.5499999999996132427 ) ) ;
#1084 = DIRECTION ( 'NONE',  ( -0.000000000000000000, -0.2756373558170042704, -0.9612616959383174509 ) ) ;
#1085 = ORIENTED_EDGE ( 'NONE', *, *, #7355, .T. ) ;
#1086 = EDGE_CURVE ( 'NONE', #11383, #10479, #3352, .T. ) ;
#1087 = CARTESIAN_POINT ( 'NONE',  ( 3.482387728013434741E-16, 8.566080860089968496, -34.80943399447290432 ) ) ;
#1088 = ORIENTED_EDGE ( 'NONE', *, *, #13, .F. ) ;
#1089 = CARTESIAN_POINT ( 'NONE',  ( -26.45000000000000284, 10.80000000000000071, -9.550000000000384404 ) ) ;
#1090 = CARTESIAN_POINT ( 'NONE',  ( -43.50374022699593013, 7.500000000000000000, 33.62500000000000000 ) ) ;
#1091 = VECTOR ( 'NONE', #4859, 1000.000000000000000 ) ;
#1092 = DIRECTION ( 'NONE',  ( 0.9612616959383181170, -0.2756373558170021609, 0.000000000000000000 ) ) ;
#1093 = ORIENTED_EDGE ( 'NONE', *, *, #6471, .T. ) ;
#1094 = LINE ( 'NONE', #8555, #10770 ) ;
#1095 = CARTESIAN_POINT ( 'NONE',  ( -44.37467487046908587, 10.53731005528967657, 33.62500000000000000 ) ) ;
#1096 = ORIENTED_EDGE ( 'NONE', *, *, #5780, .T. ) ;
#1097 = AXIS2_PLACEMENT_3D ( 'NONE', #4961, #8658, #9503 ) ;
#1098 = DIRECTION ( 'NONE',  ( 0.000000000000000000, 0.000000000000000000, -1.000000000000000000 ) ) ;
#1099 = LINE ( 'NONE', #5776, #2987 ) ;
#1100 = ORIENTED_EDGE ( 'NONE', *, *, #10630, .F. ) ;
#1101 = ORIENTED_EDGE ( 'NONE', *, *, #9822, .T. ) ;
#1102 = LINE ( 'NONE', #136, #8895 ) ;
#1103 = EDGE_CURVE ( 'NONE', #6596, #9271, #1524, .T. ) ;
#1104 = LINE ( 'NONE', #5781, #6515 ) ;
#1105 = VECTOR ( 'NONE', #10052, 1000.000000000000000 ) ;
#1106 = AXIS2_PLACEMENT_3D ( 'NONE', #3025, #5584, #1881 ) ;
#1107 = FACE_OUTER_BOUND ( 'NONE', #6873, .T. ) ;
#1108 = EDGE_LOOP ( 'NONE', ( #9236, #6461, #5330, #7945 ) ) ;
#1109 = LINE ( 'NONE', #1959, #628 ) ;
#1110 = DIRECTION ( 'NONE',  ( 1.000000000000000000, 0.000000000000000000, 0.000000000000000000 ) ) ;
#1111 = ORIENTED_EDGE ( 'NONE', *, *, #6256, .F. ) ;
#1112 = LINE ( 'NONE', #4820, #6835 ) ;
#1113 = VECTOR ( 'NONE', #1544, 999.9999999999998863 ) ;
#1114 = VECTOR ( 'NONE', #4670, 1000.000000000000000 ) ;
#1115 = ORIENTED_EDGE ( 'NONE', *, *, #1701, .F. ) ;
#1116 = CARTESIAN_POINT ( 'NONE',  ( 19.83347944262236595, 18.51173940819399988, -16.33869430852633897 ) ) ;
#1117 = CARTESIAN_POINT ( 'NONE',  ( 29.37500000000000000, 10.53731005528967835, -17.37467487046947312 ) ) ;
#1118 = ORIENTED_EDGE ( 'NONE', *, *, #2165, .F. ) ;
#1119 = EDGE_CURVE ( 'NONE', #10495, #3873, #9053, .T. ) ;
#1120 = LINE ( 'NONE', #9194, #223 ) ;
#1121 = EDGE_CURVE ( 'NONE', #10848, #6497, #8991, .T. ) ;
#1122 = CARTESIAN_POINT ( 'NONE',  ( -0.5500000000000088152, -11.50000000000000000, -35.45000000000000284 ) ) ;
#1123 = DIRECTION ( 'NONE',  ( -0.000000000000000000, 1.000000000000000000, 0.000000000000000000 ) ) ;
#1124 = CARTESIAN_POINT ( 'NONE',  ( 27.55000000000000426, 7.500000000000000000, -35.45000000000002416 ) ) ;
#1125 = ORIENTED_EDGE ( 'NONE', *, *, #11690, .F. ) ;
#1126 = CARTESIAN_POINT ( 'NONE',  ( 38.58572673386328944, 32.23830501688261307, 20.58572673386329654 ) ) ;
#1127 = DIRECTION ( 'NONE',  ( 0.000000000000000000, 0.000000000000000000, -1.000000000000000000 ) ) ;
#1128 = ORIENTED_EDGE ( 'NONE', *, *, #5034, .T. ) ;
#1129 = LINE ( 'NONE', #3864, #3731 ) ;
#1130 = EDGE_CURVE ( 'NONE', #4459, #10005, #7953, .T. ) ;
#1131 = CARTESIAN_POINT ( 'NONE',  ( 17.37467487046910719, 10.53731005528969433, -33.62500000000000000 ) ) ;
#1132 = AXIS2_PLACEMENT_3D ( 'NONE', #10404, #8348, #3741 ) ;
#1133 = VERTEX_POINT ( 'NONE', #10989 ) ;
#1134 = CARTESIAN_POINT ( 'NONE',  ( -2.375000000000005773, 10.53731005528968545, 17.37467487046870218 ) ) ;
#1135 = ORIENTED_EDGE ( 'NONE', *, *, #6158, .F. ) ;
#1136 = VERTEX_POINT ( 'NONE', #4386 ) ;
#1137 = DIRECTION ( 'NONE',  ( -0.000000000000000000, -0.2756373558170042704, -0.9612616959383174509 ) ) ;
#1138 = CARTESIAN_POINT ( 'NONE',  ( -24.62500000000000000, 10.53731005528970144, 18.62532512953050912 ) ) ;
#1139 = ORIENTED_EDGE ( 'NONE', *, *, #4248, .T. ) ;
#1140 = DIRECTION ( 'NONE',  ( 1.000000000000000000, 0.000000000000000000, 0.000000000000000000 ) ) ;
#1141 = CARTESIAN_POINT ( 'NONE',  ( 0.000000000000000000, 7.500000000000000000, -34.50374022699632093 ) ) ;
#1142 = CARTESIAN_POINT ( 'NONE',  ( -60.00000000000000000, 8.099999999999999645, 8.000000000000000000 ) ) ;
#1143 = ORIENTED_EDGE ( 'NONE', *, *, #2056, .F. ) ;
#1144 = DIRECTION ( 'NONE',  ( 1.000000000000000000, 0.000000000000000000, 0.000000000000000000 ) ) ;
#1145 = AXIS2_PLACEMENT_3D ( 'NONE', #5013, #4286, #6112 ) ;
#1146 = EDGE_CURVE ( 'NONE', #9126, #10666, #740, .T. ) ;
#1147 = CARTESIAN_POINT ( 'NONE',  ( 2.375000000000005773, 10.80000000000000426, 26.44999999999961204 ) ) ;
#1148 = DIRECTION ( 'NONE',  ( 1.000000000000000000, 0.000000000000000000, 0.000000000000000000 ) ) ;
#1149 = ADVANCED_FACE ( 'NONE', ( #9957 ), #2687, .F. ) ;
#1150 = VERTEX_POINT ( 'NONE', #2559 ) ;
#1151 = LINE ( 'NONE', #9405, #11929 ) ;
#1152 = LINE ( 'NONE', #2123, #1243 ) ;
#1153 = VECTOR ( 'NONE', #11829, 1000.000000000000000 ) ;
#1154 = VERTEX_POINT ( 'NONE', #9113 ) ;
#1155 = LINE ( 'NONE', #2069, #10214 ) ;
#1156 = EDGE_CURVE ( 'NONE', #5791, #1267, #1467, .T. ) ;
#1157 = PLANE ( 'NONE',  #451 ) ;
#1158 = EDGE_LOOP ( 'NONE', ( #4775, #3561, #1069, #2087 ) ) ;
#1159 = ORIENTED_EDGE ( 'NONE', *, *, #8052, .T. ) ;
#1160 = DIRECTION ( 'NONE',  ( 0.000000000000000000, -0.2756373558170042704, 0.9612616959383174509 ) ) ;
#1161 = CARTESIAN_POINT ( 'NONE',  ( -26.24489371323137377, 10.08470937300049464, 9.755106286768237212 ) ) ;
#1162 = VECTOR ( 'NONE', #10587, 1000.000000000000000 ) ;
#1163 = EDGE_CURVE ( 'NONE', #1752, #9494, #9834, .T. ) ;
#1164 = CARTESIAN_POINT ( 'NONE',  ( 52.60939292339054418, 7.868454739437289902, -1.390607076609836623 ) ) ;
#1165 = ORIENTED_EDGE ( 'NONE', *, *, #8819, .T. ) ;
#1166 = CARTESIAN_POINT ( 'NONE',  ( 57.89895923599141980, 7.500000000000000000, -36.89895923599146954 ) ) ;
#1167 = CARTESIAN_POINT ( 'NONE',  ( -58.99999999999998579, 10.49999999999999822, -8.000000000000000000 ) ) ;
#1168 = ORIENTED_EDGE ( 'NONE', *, *, #16, .F. ) ;
#1169 = ADVANCED_FACE ( 'NONE', ( #10932 ), #4508, .F. ) ;
#1170 = EDGE_CURVE ( 'NONE', #7915, #11324, #6206, .T. ) ;
#1171 = CARTESIAN_POINT ( 'NONE',  ( 0.000000000000000000, 7.500000000000000000, 1.496259773003681737 ) ) ;
#1172 = EDGE_CURVE ( 'NONE', #7587, #7738, #6267, .T. ) ;
#1173 = ORIENTED_EDGE ( 'NONE', *, *, #10068, .F. ) ;
#1174 = LINE ( 'NONE', #6699, #6092 ) ;
#1175 = DIRECTION ( 'NONE',  ( 0.000000000000000000, 0.000000000000000000, -1.000000000000000000 ) ) ;
#1176 = EDGE_LOOP ( 'NONE', ( #655, #9254, #4628, #8706 ) ) ;
#1177 = DIRECTION ( 'NONE',  ( -0.000000000000000000, 0.000000000000000000, 1.000000000000000000 ) ) ;
#1178 = EDGE_CURVE ( 'NONE', #11337, #445, #3474, .T. ) ;
#1179 = CARTESIAN_POINT ( 'NONE',  ( -40.07937528197221866, 29.75245638442229534, 22.88452941702783860 ) ) ;
#1180 = ADVANCED_FACE ( 'NONE', ( #7297 ), #5229, .F. ) ;
#1181 = DIRECTION ( 'NONE',  ( -0.2657276780299913099, -0.9267025424900799946, 0.2657276780299913099 ) ) ;
#1182 = VECTOR ( 'NONE', #2888, 1000.000000000000114 ) ;
#1183 = CARTESIAN_POINT ( 'NONE',  ( -27.54999999999999361, 10.80000000000000071, -18.55000000000037730 ) ) ;
#1184 = ORIENTED_EDGE ( 'NONE', *, *, #8582, .F. ) ;
#1185 = VECTOR ( 'NONE', #6657, 1000.000000000000000 ) ;
#1186 = DIRECTION ( 'NONE',  ( -0.2657276780299897001, -0.9267025424900808828, 0.2657276780299897001 ) ) ;
#1187 = ORIENTED_EDGE ( 'NONE', *, *, #8557, .F. ) ;
#1188 = VECTOR ( 'NONE', #8023, 1000.000000000000000 ) ;
#1189 = LINE ( 'NONE', #10809, #8184 ) ;
#1190 = DIRECTION ( 'NONE',  ( 0.000000000000000000, 0.000000000000000000, -1.000000000000000000 ) ) ;
#1191 = VECTOR ( 'NONE', #1052, 1000.000000000000000 ) ;
#1192 = VECTOR ( 'NONE', #10094, 1000.000000000000114 ) ;
#1193 = ORIENTED_EDGE ( 'NONE', *, *, #9842, .T. ) ;
#1194 = DIRECTION ( 'NONE',  ( -1.000000000000000000, 0.000000000000000000, -0.000000000000000000 ) ) ;
#1195 = ORIENTED_EDGE ( 'NONE', *, *, #4810, .T. ) ;
#1196 = CARTESIAN_POINT ( 'NONE',  ( -2.375000000000005773, 10.80000000000000426, 33.62500000000000000 ) ) ;
#1197 = DIRECTION ( 'NONE',  ( -0.2657276780299913099, -0.9267025424900799946, 0.2657276780299913099 ) ) ;
#1198 = VERTEX_POINT ( 'NONE', #802 ) ;
#1199 = ADVANCED_FACE ( 'NONE', ( #10863 ), #8140, .F. ) ;
#1200 = DIRECTION ( 'NONE',  ( 0.000000000000000000, -0.000000000000000000, -1.000000000000000000 ) ) ;
#1201 = DIRECTION ( 'NONE',  ( 0.5001519828512179799, -0.8323926831162092865, 0.2386847610229713423 ) ) ;
#1202 = AXIS2_PLACEMENT_3D ( 'NONE', #8357, #5807, #6660 ) ;
#1203 = LINE ( 'NONE', #6779, #5860 ) ;
#1204 = ORIENTED_EDGE ( 'NONE', *, *, #10576, .T. ) ;
#1205 = FACE_OUTER_BOUND ( 'NONE', #1453, .T. ) ;
#1206 = CARTESIAN_POINT ( 'NONE',  ( 29.37500000000000000, 10.53731005528968012, 26.37467487046870929 ) ) ;
#1207 = VECTOR ( 'NONE', #2057, 1000.000000000000000 ) ;
#1208 = LINE ( 'NONE', #5417, #10577 ) ;
#1209 = ADVANCED_FACE ( 'NONE', ( #4261 ), #8922, .F. ) ;
#1210 = VECTOR ( 'NONE', #6899, 1000.000000000000114 ) ;
#1211 = ORIENTED_EDGE ( 'NONE', *, *, #3311, .T. ) ;
#1212 = DIRECTION ( 'NONE',  ( -0.2657276780299894225, 0.9267025424900811048, 0.2657276780299894225 ) ) ;
#1213 = LINE ( 'NONE', #361, #9763 ) ;
#1214 = ADVANCED_FACE ( 'NONE', ( #5291 ), #2969, .T. ) ;
#1215 = ORIENTED_EDGE ( 'NONE', *, *, #10805, .F. ) ;
#1216 = LINE ( 'NONE', #3952, #3631 ) ;
#1217 = FACE_OUTER_BOUND ( 'NONE', #11287, .T. ) ;
#1218 = ORIENTED_EDGE ( 'NONE', *, *, #7809, .T. ) ;
#1219 = ORIENTED_EDGE ( 'NONE', *, *, #3060, .T. ) ;
#1220 = DIRECTION ( 'NONE',  ( 0.000000000000000000, -0.9612616959383174509, -0.2756373558170039373 ) ) ;
#1221 = CARTESIAN_POINT ( 'NONE',  ( 2.375000000000006217, 10.53731005528968723, -8.374674870469485555 ) ) ;
#1222 = VECTOR ( 'NONE', #3706, 1000.000000000000000 ) ;
#1223 = VECTOR ( 'NONE', #9549, 1000.000000000000114 ) ;
#1224 = EDGE_CURVE ( 'NONE', #11012, #8496, #10298, .T. ) ;
#1225 = DIRECTION ( 'NONE',  ( -1.000000000000000000, 0.000000000000000000, -0.000000000000000000 ) ) ;
#1226 = ORIENTED_EDGE ( 'NONE', *, *, #2140, .T. ) ;
#1227 = EDGE_CURVE ( 'NONE', #7412, #10470, #9454, .T. ) ;
#1228 = PLANE ( 'NONE',  #2569 ) ;
#1229 = LINE ( 'NONE', #4935, #2976 ) ;
#1230 = VERTEX_POINT ( 'NONE', #3879 ) ;
#1231 = VECTOR ( 'NONE', #11239, 1000.000000000000000 ) ;
#1232 = CARTESIAN_POINT ( 'NONE',  ( -6.973892133549616901, 5.652200105873793845, 33.97389213354923498 ) ) ;
#1233 = VECTOR ( 'NONE', #11177, 1000.000000000000114 ) ;
#1234 = ORIENTED_EDGE ( 'NONE', *, *, #8460, .F. ) ;
#1235 = DIRECTION ( 'NONE',  ( -1.000000000000000000, 0.000000000000000000, 0.000000000000000000 ) ) ;
#1236 = DIRECTION ( 'NONE',  ( -0.000000000000000000, -0.2756373558170023830, -0.9612616959383180060 ) ) ;
#1237 = ORIENTED_EDGE ( 'NONE', *, *, #483, .T. ) ;
#1238 = EDGE_CURVE ( 'NONE', #2415, #7074, #351, .T. ) ;
#1239 = DIRECTION ( 'NONE',  ( -0.4578768884082909385, -0.7620351108204155288, -0.4578768884082908275 ) ) ;
#1240 = EDGE_CURVE ( 'NONE', #10742, #4662, #297, .T. ) ;
#1241 = VECTOR ( 'NONE', #11759, 1000.000000000000000 ) ;
#1242 = CARTESIAN_POINT ( 'NONE',  ( 27.55000000000000426, 7.500000000000007105, 35.45000000000000284 ) ) ;
#1243 = VECTOR ( 'NONE', #2066, 1000.000000000000000 ) ;
#1244 = CARTESIAN_POINT ( 'NONE',  ( 27.54999999999999005, 10.80000000000000071, -9.550000000000384404 ) ) ;
#1245 = ORIENTED_EDGE ( 'NONE', *, *, #5545, .T. ) ;
#1246 = LINE ( 'NONE', #11483, #5793 ) ;
#1247 = ORIENTED_EDGE ( 'NONE', *, *, #6317, .T. ) ;
#1248 = DIRECTION ( 'NONE',  ( 1.000000000000000000, 0.000000000000000000, 0.000000000000000000 ) ) ;
#1249 = EDGE_CURVE ( 'NONE', #10611, #7743, #5814, .T. ) ;
#1250 = CARTESIAN_POINT ( 'NONE',  ( -27.54999999999999361, 10.80000000000000071, 35.44999999999961204 ) ) ;
#1251 = LINE ( 'NONE', #1306, #2015 ) ;
#1252 = ORIENTED_EDGE ( 'NONE', *, *, #10737, .F. ) ;
#1253 = CARTESIAN_POINT ( 'NONE',  ( 6.264286400007878619, 22.25864506693675438, 26.58211138907232751 ) ) ;
#1254 = ORIENTED_EDGE ( 'NONE', *, *, #11156, .T. ) ;
#1255 = LINE ( 'NONE', #11432, #11939 ) ;
#1256 = CARTESIAN_POINT ( 'NONE',  ( 27.54999999999999005, 10.80000000000000071, 17.44999999999961560 ) ) ;
#1257 = ORIENTED_EDGE ( 'NONE', *, *, #7513, .T. ) ;
#1258 = CARTESIAN_POINT ( 'NONE',  ( 60.02027957955104398, 7.500000000000000000, -31.94921176768562177 ) ) ;
#1259 = CARTESIAN_POINT ( 'NONE',  ( 39.93261023597310100, -0.9965637948165171345, -32.06738976402728980 ) ) ;
#1260 = LINE ( 'NONE', #11437, #10691 ) ;
#1261 = ORIENTED_EDGE ( 'NONE', *, *, #9770, .F. ) ;
#1262 = LINE ( 'NONE', #9629, #5065 ) ;
#1263 = DIRECTION ( 'NONE',  ( 0.000000000000000000, 0.000000000000000000, -1.000000000000000000 ) ) ;
#1264 = CARTESIAN_POINT ( 'NONE',  ( 0.000000000000000000, 7.500000000000000000, -19.49625977300445356 ) ) ;
#1265 = EDGE_CURVE ( 'NONE', #2162, #6513, #7638, .T. ) ;
#1266 = VECTOR ( 'NONE', #4247, 1000.000000000000000 ) ;
#1267 = VERTEX_POINT ( 'NONE', #3027 ) ;
#1268 = ORIENTED_EDGE ( 'NONE', *, *, #8342, .T. ) ;
#1269 = DIRECTION ( 'NONE',  ( -0.2756373558170042704, -0.9612616959383174509, 0.000000000000000000 ) ) ;
#1270 = CARTESIAN_POINT ( 'NONE',  ( -54.96378475451787438, 7.500000000000000000, -36.50000000000039080 ) ) ;
#1271 = ORIENTED_EDGE ( 'NONE', *, *, #6581, .F. ) ;
#1272 = LINE ( 'NONE', #7033, #4018 ) ;
#1273 = DIRECTION ( 'NONE',  ( 0.000000000000000000, 0.000000000000000000, 1.000000000000000000 ) ) ;
#1274 = EDGE_CURVE ( 'NONE', #5012, #11204, #11331, .T. ) ;
#1275 = ORIENTED_EDGE ( 'NONE', *, *, #3167, .T. ) ;
#1276 = ORIENTED_EDGE ( 'NONE', *, *, #10869, .F. ) ;
#1277 = EDGE_CURVE ( 'NONE', #2518, #6204, #6728, .T. ) ;
#1278 = DIRECTION ( 'NONE',  ( -0.9612616959383174509, -0.2756373558170042704, 0.000000000000000000 ) ) ;
#1279 = AXIS2_PLACEMENT_3D ( 'NONE', #10864, #4572, #1716 ) ;
#1280 = CARTESIAN_POINT ( 'NONE',  ( -2.375000000000006217, 10.53731005528968723, 27.62532512953050912 ) ) ;
#1281 = EDGE_CURVE ( 'NONE', #5495, #4601, #8486, .T. ) ;
#1283 = DIRECTION ( 'NONE',  ( -0.2386847610229713423, 0.8323926831162092865, 0.5001519828512179799 ) ) ;
#1282 = VECTOR ( 'NONE', #9275, 1000.000000000000114 ) ;
#1284 = ORIENTED_EDGE ( 'NONE', *, *, #4464, .F. ) ;
#1285 = DIRECTION ( 'NONE',  ( 0.000000000000000000, 0.000000000000000000, -1.000000000000000000 ) ) ;
#1286 = SURFACE_STYLE_FILL_AREA ( #10497 ) ;
#1287 = ORIENTED_EDGE ( 'NONE', *, *, #5631, .T. ) ;
#1288 = CARTESIAN_POINT ( 'NONE',  ( 15.26428640000787240, 22.25864506693675438, -26.58211138907232396 ) ) ;
#1289 = ORIENTED_EDGE ( 'NONE', *, *, #11919, .T. ) ;
#1290 = CARTESIAN_POINT ( 'NONE',  ( 51.33839134370875712, 3.435945472310507842, 15.33839134370837876 ) ) ;
#1291 = DIRECTION ( 'NONE',  ( -0.5001519828512179799, -0.8323926831162092865, 0.2386847610229711203 ) ) ;
#1292 = ORIENTED_EDGE ( 'NONE', *, *, #10282, .T. ) ;
#1293 = VECTOR ( 'NONE', #4914, 1000.000000000000114 ) ;
#1294 = VECTOR ( 'NONE', #5620, 1000.000000000000000 ) ;
#1295 = EDGE_CURVE ( 'NONE', #8496, #4297, #1260, .T. ) ;
#1296 = CARTESIAN_POINT ( 'NONE',  ( 1.496259773004063209, 7.500000000000000000, 0.000000000000000000 ) ) ;
#1297 = DIRECTION ( 'NONE',  ( 1.000000000000000000, 0.000000000000000000, -5.358219230816394188E-16 ) ) ;
#1298 = CARTESIAN_POINT ( 'NONE',  ( 26.45000000000000284, 7.500000000000000000, -35.44999999999999574 ) ) ;
#1299 = VECTOR ( 'NONE', #8099, 1000.000000000000000 ) ;
#1300 = AXIS2_PLACEMENT_3D ( 'NONE', #11628, #3332, #9999 ) ;
#1301 = ADVANCED_FACE ( 'NONE', ( #7572 ), #2113, .F. ) ;
#1302 = EDGE_LOOP ( 'NONE', ( #3966, #1237, #6167, #5847 ) ) ;
#1303 = DIRECTION ( 'NONE',  ( 0.2657276780299911434, -0.9267025424900801056, 0.2657276780299911434 ) ) ;
#1304 = ORIENTED_EDGE ( 'NONE', *, *, #1121, .F. ) ;
#1305 = DIRECTION ( 'NONE',  ( 0.000000000000000000, 0.000000000000000000, -1.000000000000000000 ) ) ;
#1306 = CARTESIAN_POINT ( 'NONE',  ( -45.54999999999999005, 10.80000000000000071, 35.44999999999961204 ) ) ;
#1307 = EDGE_CURVE ( 'NONE', #11184, #8746, #1203, .T. ) ;
#1308 = ORIENTED_EDGE ( 'NONE', *, *, #2938, .T. ) ;
#1309 = DIRECTION ( 'NONE',  ( -1.000000000000000000, 0.000000000000000000, 0.000000000000000000 ) ) ;
#1310 = ORIENTED_EDGE ( 'NONE', *, *, #8819, .F. ) ;
#1311 = LINE ( 'NONE', #8826, #508 ) ;
#1312 = VERTEX_POINT ( 'NONE', #4734 ) ;
#1313 = ADVANCED_FACE ( 'NONE', ( #4909 ), #4052, .F. ) ;
#1314 = CARTESIAN_POINT ( 'NONE',  ( -2.375000000000005773, 10.80000000000000426, -27.55000000000038796 ) ) ;
#1315 = LINE ( 'NONE', #5014, #5998 ) ;
#1316 = CARTESIAN_POINT ( 'NONE',  ( 0.000000000000000000, 10.80000000000000071, 33.62500000000000000 ) ) ;
#1317 = ORIENTED_EDGE ( 'NONE', *, *, #5093, .T. ) ;
#1318 = EDGE_CURVE ( 'NONE', #3850, #4848, #8666, .T. ) ;
#1319 = FACE_OUTER_BOUND ( 'NONE', #1060, .T. ) ;
#1320 = ADVANCED_FACE ( 'NONE', ( #9334 ), #117, .F. ) ;
#1321 = CARTESIAN_POINT ( 'NONE',  ( 24.62500000000000000, 7.500000000000000000, -25.50374022699630672 ) ) ;
#1322 = DIRECTION ( 'NONE',  ( 0.8571673007021120005, 0.5150380749100545996, 0.000000000000000000 ) ) ;
#1323 = ORIENTED_EDGE ( 'NONE', *, *, #2469, .T. ) ;
#1324 = VERTEX_POINT ( 'NONE', #5708 ) ;
#1325 = EDGE_CURVE ( 'NONE', #169, #2228, #5765, .T. ) ;
#1326 = LINE ( 'NONE', #6908, #5745 ) ;
#1327 = CARTESIAN_POINT ( 'NONE',  ( 53.44999999999999574, 10.80000000000000071, 26.44999999999961204 ) ) ;
#1328 = ORIENTED_EDGE ( 'NONE', *, *, #2800, .T. ) ;
#1329 = CARTESIAN_POINT ( 'NONE',  ( 40.07937528197223997, 29.75245638442227047, 31.88452941702788479 ) ) ;
#1330 = PLANE ( 'NONE',  #9371 ) ;
#1331 = CARTESIAN_POINT ( 'NONE',  ( -35.44999999999999574, 10.80000000000000071, -35.45000000000039364 ) ) ;
#1332 = ORIENTED_EDGE ( 'NONE', *, *, #7299, .F. ) ;
#1333 = EDGE_LOOP ( 'NONE', ( #2391, #10659, #10830, #3833 ) ) ;
#1334 = DIRECTION ( 'NONE',  ( 0.000000000000000000, 0.000000000000000000, -1.000000000000000000 ) ) ;
#1335 = DIRECTION ( 'NONE',  ( 1.000000000000000000, 0.000000000000000000, 0.000000000000000000 ) ) ;
#1336 = VECTOR ( 'NONE', #1523, 1000.000000000000114 ) ;
#1337 = LINE ( 'NONE', #9589, #7001 ) ;
#1338 = EDGE_LOOP ( 'NONE', ( #5436, #8361, #3775, #11026 ) ) ;
#1339 = DIRECTION ( 'NONE',  ( 1.000000000000000000, 0.000000000000000000, -0.000000000000000000 ) ) ;
#1340 = DIRECTION ( 'NONE',  ( -0.000000000000000000, 0.000000000000000000, -1.000000000000000000 ) ) ;
#1341 = ORIENTED_EDGE ( 'NONE', *, *, #1020, .F. ) ;
#1342 = LINE ( 'NONE', #6987, #8392 ) ;
#1343 = EDGE_CURVE ( 'NONE', #1582, #6596, #8545, .T. ) ;
#1344 = ORIENTED_EDGE ( 'NONE', *, *, #5314, .F. ) ;
#1345 = CARTESIAN_POINT ( 'NONE',  ( -44.44999999999999574, 10.80000000000000071, -35.45000000000039364 ) ) ;
#1346 = DIRECTION ( 'NONE',  ( 0.5001519828512179799, -0.8323926831162092865, 0.2386847610229713423 ) ) ;
#1347 = VERTEX_POINT ( 'NONE', #3384 ) ;
#1348 = DIRECTION ( 'NONE',  ( 0.000000000000000000, 0.000000000000000000, -1.000000000000000000 ) ) ;
#1349 = DIRECTION ( 'NONE',  ( -0.7071067811865452413, -0.000000000000000000, -0.7071067811865497932 ) ) ;
#1350 = DIRECTION ( 'NONE',  ( -0.5001519828512179799, -0.8323926831162092865, -0.2386847610229713423 ) ) ;
#1351 = CARTESIAN_POINT ( 'NONE',  ( 24.62500000000000355, 7.500000000000000000, 19.49625977300367552 ) ) ;
#1352 = ORIENTED_EDGE ( 'NONE', *, *, #2882, .T. ) ;
#1353 = EDGE_CURVE ( 'NONE', #8100, #1579, #5199, .T. ) ;
#1354 = EDGE_LOOP ( 'NONE', ( #7214, #3377, #4175, #10388 ) ) ;
#1355 = CARTESIAN_POINT ( 'NONE',  ( -2.661608656291230002, 3.435945472310507842, 15.33839134370837876 ) ) ;
#1356 = ORIENTED_EDGE ( 'NONE', *, *, #10466, .T. ) ;
#1357 = AXIS2_PLACEMENT_3D ( 'NONE', #6033, #9786, #1420 ) ;
#1358 = EDGE_CURVE ( 'NONE', #1748, #5828, #10590, .T. ) ;
#1359 = LINE ( 'NONE', #8652, #794 ) ;
#1360 = ADVANCED_FACE ( 'NONE', ( #466 ), #6049, .F. ) ;
#1361 = DIRECTION ( 'NONE',  ( -0.000000000000000000, -0.2756373558170021609, -0.9612616959383181170 ) ) ;
#1362 = ORIENTED_EDGE ( 'NONE', *, *, #9741, .T. ) ;
#1363 = DIRECTION ( 'NONE',  ( -0.2657276780299913099, -0.9267025424900799946, 0.2657276780299913099 ) ) ;
#1364 = VECTOR ( 'NONE', #9925, 1000.000000000000227 ) ;
#1365 = VERTEX_POINT ( 'NONE', #7021 ) ;
#1366 = FACE_OUTER_BOUND ( 'NONE', #393, .T. ) ;
#1367 = ORIENTED_EDGE ( 'NONE', *, *, #2571, .F. ) ;
#1368 = DIRECTION ( 'NONE',  ( -0.5001519828512179799, -0.8323926831162092865, -0.2386847610229713423 ) ) ;
#1369 = LINE ( 'NONE', #6047, #4260 ) ;
#1370 = DIRECTION ( 'NONE',  ( -0.2657276780299911434, -0.9267025424900801056, 0.2657276780299911434 ) ) ;
#1372 = EDGE_CURVE ( 'NONE', #11029, #9211, #7086, .T. ) ;
#1371 = ORIENTED_EDGE ( 'NONE', *, *, #10349, .T. ) ;
#1373 = DIRECTION ( 'NONE',  ( 0.000000000000000000, 0.000000000000000000, -1.000000000000000000 ) ) ;
#1374 = EDGE_CURVE ( 'NONE', #10003, #7375, #1438, .T. ) ;
#1375 = CARTESIAN_POINT ( 'NONE',  ( 0.5499999999999949374, 10.80000000000000071, 27.54999999999960991 ) ) ;
#1376 = AXIS2_PLACEMENT_3D ( 'NONE', #10881, #10821, #1666 ) ;
#1377 = CARTESIAN_POINT ( 'NONE',  ( -16.80943399447252418, 8.566080860089980931, -34.80943399447290432 ) ) ;
#1378 = EDGE_CURVE ( 'NONE', #7770, #5771, #7867, .T. ) ;
#1379 = EDGE_CURVE ( 'NONE', #2480, #5774, #401, .T. ) ;
#1380 = VERTEX_POINT ( 'NONE', #6839 ) ;
#1381 = ORIENTED_EDGE ( 'NONE', *, *, #11500, .T. ) ;
#1382 = VECTOR ( 'NONE', #8737, 1000.000000000000000 ) ;
#1383 = CARTESIAN_POINT ( 'NONE',  ( 47.73571359999212405, 22.25864506693675082, 26.58211138907230975 ) ) ;
#1384 = CARTESIAN_POINT ( 'NONE',  ( 0.000000000000000000, 7.500000000000000000, -1.496259773004444904 ) ) ;
#1385 = ORIENTED_EDGE ( 'NONE', *, *, #6881, .T. ) ;
#1386 = LINE ( 'NONE', #4118, #514 ) ;
#1387 = DIRECTION ( 'NONE',  ( 0.000000000000000000, -0.2756373558170042704, 0.9612616959383174509 ) ) ;
#1388 = LINE ( 'NONE', #5272, #78 ) ;
#1389 = ORIENTED_EDGE ( 'NONE', *, *, #7970, .F. ) ;
#1390 = ORIENTED_EDGE ( 'NONE', *, *, #8489, .T. ) ;
#1391 = VECTOR ( 'NONE', #5932, 1000.000000000000114 ) ;
#1392 = CARTESIAN_POINT ( 'NONE',  ( -24.62500000000000000, 10.80000000000000426, -8.450000000000388312 ) ) ;
#1393 = CARTESIAN_POINT ( 'NONE',  ( 54.51589529291317149, 14.51721864012731977, 26.48410470708643416 ) ) ;
#1394 = EDGE_CURVE ( 'NONE', #1042, #9632, #9802, .T. ) ;
#1395 = VECTOR ( 'NONE', #9860, 1000.000000000000000 ) ;
#1396 = CARTESIAN_POINT ( 'NONE',  ( -53.44999999999999574, -11.50000000000000000, 35.44999999999998863 ) ) ;
#1397 = ORIENTED_EDGE ( 'NONE', *, *, #314, .F. ) ;
#1398 = DIRECTION ( 'NONE',  ( -0.000000000000000000, -0.000000000000000000, 1.000000000000000000 ) ) ;
#1399 = CARTESIAN_POINT ( 'NONE',  ( 53.44999999999999574, -11.50000000000000000, -35.45000000000003126 ) ) ;
#1400 = ORIENTED_EDGE ( 'NONE', *, *, #264, .T. ) ;
#1401 = CARTESIAN_POINT ( 'NONE',  ( 24.97389213354960802, 5.652200105873706804, -6.973892133549991712 ) ) ;
#1402 = CARTESIAN_POINT ( 'NONE',  ( -32.06738976402689190, -0.9965637948165171345, -32.06738976402728980 ) ) ;
#1403 = VERTEX_POINT ( 'NONE', #2343 ) ;
#1404 = CARTESIAN_POINT ( 'NONE',  ( 0.4124163967275036868, 7.271022431965715960, 16.43808196591944082 ) ) ;
#1405 = VECTOR ( 'NONE', #6577, 1000.000000000000114 ) ;
#1406 = LINE ( 'NONE', #5112, #8551 ) ;
#1407 = ORIENTED_EDGE ( 'NONE', *, *, #1409, .F. ) ;
#1408 = VECTOR ( 'NONE', #210, 1000.000000000000000 ) ;
#1409 = EDGE_CURVE ( 'NONE', #6804, #6641, #11560, .T. ) ;
#1410 = DIRECTION ( 'NONE',  ( -0.7071067811865452413, 0.000000000000000000, -0.7071067811865497932 ) ) ;
#1411 = DIRECTION ( 'NONE',  ( -0.000000000000000000, -0.2756373558170042704, -0.9612616959383174509 ) ) ;
#1412 = ADVANCED_FACE ( 'NONE', ( #10646 ), #6116, .F. ) ;
#1413 = VECTOR ( 'NONE', #2372, 1000.000000000000227 ) ;
#1414 = LINE ( 'NONE', #505, #81 ) ;
#1415 = CARTESIAN_POINT ( 'NONE',  ( 29.37500000000000000, 10.80000000000000071, 0.000000000000000000 ) ) ;
#1416 = VERTEX_POINT ( 'NONE', #5137 ) ;
#1417 = VECTOR ( 'NONE', #1181, 1000.000000000000114 ) ;
#1418 = ORIENTED_EDGE ( 'NONE', *, *, #6985, .T. ) ;
#1419 = EDGE_CURVE ( 'NONE', #5284, #10077, #8832, .T. ) ;
#1420 = DIRECTION ( 'NONE',  ( 0.000000000000000000, 0.000000000000000000, 1.000000000000000000 ) ) ;
#1421 = ORIENTED_EDGE ( 'NONE', *, *, #8200, .T. ) ;
#1422 = VECTOR ( 'NONE', #9921, 1000.000000000000000 ) ;
#1423 = EDGE_CURVE ( 'NONE', #892, #8369, #2288, .T. ) ;
#1424 = VECTOR ( 'NONE', #11225, 1000.000000000000000 ) ;
#1425 = DIRECTION ( 'NONE',  ( -0.000000000000000000, 1.000000000000000000, 0.000000000000000000 ) ) ;
#1426 = VECTOR ( 'NONE', #8686, 999.9999999999998863 ) ;
#1427 = DIRECTION ( 'NONE',  ( 0.000000000000000000, 0.000000000000000000, -1.000000000000000000 ) ) ;
#1428 = EDGE_LOOP ( 'NONE', ( #1390, #11953, #10787, #9110, #8180, #2164, #1692, #4061, #9204, #8518, #3633, #9652 ) ) ;
#1429 = CARTESIAN_POINT ( 'NONE',  ( 0.000000000000000000, 10.80000000000000071, 33.62500000000000000 ) ) ;
#1430 = AXIS2_PLACEMENT_3D ( 'NONE', #5845, #1235, #3851 ) ;
#1431 = VERTEX_POINT ( 'NONE', #11619 ) ;
#1432 = DIRECTION ( 'NONE',  ( -0.2386847610229713423, -0.8323926831162092865, -0.5001519828512179799 ) ) ;
#1433 = EDGE_LOOP ( 'NONE', ( #9349, #217, #1552, #2354 ) ) ;
#1434 = VECTOR ( 'NONE', #777, 1000.000000000000000 ) ;
#1435 = DIRECTION ( 'NONE',  ( -1.000000000000000000, 0.000000000000000000, 0.000000000000000000 ) ) ;
#1436 = FACE_OUTER_BOUND ( 'NONE', #5331, .T. ) ;
#1437 = VERTEX_POINT ( 'NONE', #4290 ) ;
#1438 = LINE ( 'NONE', #10713, #7988 ) ;
#1439 = DIRECTION ( 'NONE',  ( 0.9612616959383174509, -0.2756373558170042704, 0.000000000000000000 ) ) ;
#1440 = LINE ( 'NONE', #5140, #9414 ) ;
#1441 = EDGE_CURVE ( 'NONE', #8631, #7466, #11683, .T. ) ;
#1442 = LINE ( 'NONE', #5141, #2261 ) ;
#1443 = ORIENTED_EDGE ( 'NONE', *, *, #7458, .F. ) ;
#1444 = VERTEX_POINT ( 'NONE', #5015 ) ;
#1445 = LINE ( 'NONE', #6000, #4389 ) ;
#1446 = CARTESIAN_POINT ( 'NONE',  ( -29.37500000000000000, 10.53731005528968012, 33.62500000000000000 ) ) ;
#1447 = ORIENTED_EDGE ( 'NONE', *, *, #1926, .T. ) ;
#1448 = EDGE_CURVE ( 'NONE', #7900, #8723, #2472, .T. ) ;
#1449 = LINE ( 'NONE', #6852, #10789 ) ;
#1450 = FACE_OUTER_BOUND ( 'NONE', #334, .T. ) ;
#1451 = DIRECTION ( 'NONE',  ( -0.2657276780299913099, -0.9267025424900799946, 0.2657276780299913099 ) ) ;
#1452 = ORIENTED_EDGE ( 'NONE', *, *, #7262, .T. ) ;
#1453 = EDGE_LOOP ( 'NONE', ( #690, #2242, #1952, #6833 ) ) ;
#1454 = CARTESIAN_POINT ( 'NONE',  ( 52.80943399447264142, 8.566080860090407256, 0.000000000000000000 ) ) ;
#1455 = CARTESIAN_POINT ( 'NONE',  ( 19.83347944262236240, 18.51173940819400698, -10.66130569147442486 ) ) ;
#1456 = DIRECTION ( 'NONE',  ( 0.000000000000000000, 0.000000000000000000, -1.000000000000000000 ) ) ;
#1457 = EDGE_LOOP ( 'NONE', ( #10605, #3990, #3451, #10654 ) ) ;
#1458 = CARTESIAN_POINT ( 'NONE',  ( -36.62532512953087860, 10.53731005528974229, -33.62500000000000000 ) ) ;
#1459 = LINE ( 'NONE', #3407, #7435 ) ;
#1460 = ORIENTED_EDGE ( 'NONE', *, *, #7687, .T. ) ;
#1461 = DIRECTION ( 'NONE',  ( 0.7071067811865474617, -0.000000000000000000, 0.7071067811865474617 ) ) ;
#1462 = LINE ( 'NONE', #11649, #11867 ) ;
#1463 = VECTOR ( 'NONE', #3765, 1000.000000000000000 ) ;
#1464 = EDGE_CURVE ( 'NONE', #5982, #8938, #5256, .T. ) ;
#1465 = ORIENTED_EDGE ( 'NONE', *, *, #9458, .F. ) ;
#1466 = CARTESIAN_POINT ( 'NONE',  ( -24.62500000000000000, 10.53731005528969256, 26.37467487046871284 ) ) ;
#1467 = LINE ( 'NONE', #2502, #11063 ) ;
#1468 = EDGE_LOOP ( 'NONE', ( #4004, #2889, #9940, #5215 ) ) ;
#1469 = CARTESIAN_POINT ( 'NONE',  ( 46.49625977300406277, 7.500000000000000000, 33.62500000000000000 ) ) ;
#1470 = DIRECTION ( 'NONE',  ( -0.9612616959383174509, -0.2756373558170042704, 0.000000000000000000 ) ) ;
#1471 = VECTOR ( 'NONE', #10425, 1000.000000000000114 ) ;
#1472 = CARTESIAN_POINT ( 'NONE',  ( 27.55000000000000426, -11.50000000000000000, -35.45000000000002416 ) ) ;
#1473 = DIRECTION ( 'NONE',  ( 0.000000000000000000, 0.000000000000000000, -1.000000000000000000 ) ) ;
#1474 = DIRECTION ( 'NONE',  ( -1.000000000000000000, 0.000000000000000000, 0.000000000000000000 ) ) ;
#1475 = ORIENTED_EDGE ( 'NONE', *, *, #7006, .T. ) ;
#1476 = LINE ( 'NONE', #8481, #868 ) ;
#1477 = EDGE_CURVE ( 'NONE', #3870, #6729, #3135, .T. ) ;
#1478 = VECTOR ( 'NONE', #6831, 1000.000000000000000 ) ;
#1479 = ORIENTED_EDGE ( 'NONE', *, *, #11328, .F. ) ;
#1480 = DIRECTION ( 'NONE',  ( -0.9612616959383174509, -0.2756373558170042704, 0.000000000000000000 ) ) ;
#1481 = ORIENTED_EDGE ( 'NONE', *, *, #7627, .T. ) ;
#1482 = EDGE_CURVE ( 'NONE', #11358, #6312, #11501, .T. ) ;
#1483 = LINE ( 'NONE', #7973, #597 ) ;
#1484 = AXIS2_PLACEMENT_3D ( 'NONE', #3632, #7270, #10960 ) ;
#1485 = VECTOR ( 'NONE', #2555, 1000.000000000000114 ) ;
#1486 = LINE ( 'NONE', #2333, #646 ) ;
#1487 = ORIENTED_EDGE ( 'NONE', *, *, #2538, .T. ) ;
#1488 = DIRECTION ( 'NONE',  ( 0.000000000000000000, -0.8571673007021120005, 0.5150380749100545996 ) ) ;
#1489 = ORIENTED_EDGE ( 'NONE', *, *, #10201, .F. ) ;
#1490 = CARTESIAN_POINT ( 'NONE',  ( 51.62500000000000000, 10.80000000000000426, 8.449999999999617373 ) ) ;
#1491 = VERTEX_POINT ( 'NONE', #1868 ) ;
#1492 = CARTESIAN_POINT ( 'NONE',  ( 27.11960549692771139, 12.30096400656391431, 18.11960549692732769 ) ) ;
#1493 = CARTESIAN_POINT ( 'NONE',  ( 29.37500000000000000, 10.80000000000000426, -9.550000000000384404 ) ) ;
#1494 = EDGE_LOOP ( 'NONE', ( #2110, #7798, #2260, #2667 ) ) ;
#1495 = DIRECTION ( 'NONE',  ( 0.9612616959383175619, -0.2756373558170040483, 0.000000000000000000 ) ) ;
#1496 = PLANE ( 'NONE',  #2761 ) ;
#1497 = CARTESIAN_POINT ( 'NONE',  ( 0.5500000000000088152, 82.98258077199005811, -35.45000000000000284 ) ) ;
#1498 = DIRECTION ( 'NONE',  ( 1.000000000000000000, 0.000000000000000000, 0.000000000000000000 ) ) ;
#1499 = ORIENTED_EDGE ( 'NONE', *, *, #7160, .T. ) ;
#1500 = EDGE_CURVE ( 'NONE', #4416, #11604, #1616, .T. ) ;
#1501 = ORIENTED_EDGE ( 'NONE', *, *, #3854, .T. ) ;
#1502 = DIRECTION ( 'NONE',  ( 1.000000000000000000, 0.000000000000000000, 0.000000000000000000 ) ) ;
#1503 = CARTESIAN_POINT ( 'NONE',  ( 0.7551062867686216817, 10.08470937300049464, 9.755106286768237212 ) ) ;
#1504 = VERTEX_POINT ( 'NONE', #956 ) ;
#1505 = CARTESIAN_POINT ( 'NONE',  ( 3.932610235973094781, -0.9965637948165171345, -32.06738976402728980 ) ) ;
#1506 = DIRECTION ( 'NONE',  ( 0.000000000000000000, -0.000000000000000000, -1.000000000000000000 ) ) ;
#1507 = CARTESIAN_POINT ( 'NONE',  ( -27.55000000000000426, 82.98258077199005811, -35.45000000000002416 ) ) ;
#1508 = ORIENTED_EDGE ( 'NONE', *, *, #5947, .F. ) ;
#1509 = EDGE_CURVE ( 'NONE', #6452, #8276, #6234, .T. ) ;
#1510 = VERTEX_POINT ( 'NONE', #6297 ) ;
#1511 = LINE ( 'NONE', #3461, #2554 ) ;
#1512 = LINE ( 'NONE', #8734, #9213 ) ;
#1513 = EDGE_CURVE ( 'NONE', #11084, #6851, #2715, .T. ) ;
#1514 = EDGE_CURVE ( 'NONE', #205, #8783, #9986, .T. ) ;
#1515 = LINE ( 'NONE', #8011, #41 ) ;
#1516 = VERTEX_POINT ( 'NONE', #3500 ) ;
#1517 = CARTESIAN_POINT ( 'NONE',  ( 51.62500000000000000, 10.53731005528969256, -9.625325129531292490 ) ) ;
#1518 = DIRECTION ( 'NONE',  ( 1.000000000000000000, 0.000000000000000000, 0.000000000000000000 ) ) ;
#1519 = ORIENTED_EDGE ( 'NONE', *, *, #7779, .T. ) ;
#1520 = CARTESIAN_POINT ( 'NONE',  ( 26.45000000000000284, 10.80000000000000071, -17.45000000000039009 ) ) ;
#1521 = LINE ( 'NONE', #10985, #4915 ) ;
#1522 = ORIENTED_EDGE ( 'NONE', *, *, #1378, .T. ) ;
#1523 = DIRECTION ( 'NONE',  ( 0.2657276780299894225, 0.9267025424900811048, 0.2657276780299894225 ) ) ;
#1524 = LINE ( 'NONE', #10022, #1188 ) ;
#1525 = VERTEX_POINT ( 'NONE', #9206 ) ;
#1526 = DIRECTION ( 'NONE',  ( -0.000000000000000000, -0.2756373558170042704, -0.9612616959383174509 ) ) ;
#1527 = EDGE_CURVE ( 'NONE', #9380, #10942, #2592, .T. ) ;
#1528 = CARTESIAN_POINT ( 'NONE',  ( -9.625325129530892809, 10.53731005528970144, 33.62500000000000000 ) ) ;
#1529 = ADVANCED_FACE ( 'NONE', ( #6358 ), #3444, .T. ) ;
#1530 = EDGE_CURVE ( 'NONE', #11783, #127, #11016, .T. ) ;
#1531 = LINE ( 'NONE', #4332, #11446 ) ;
#1532 = CARTESIAN_POINT ( 'NONE',  ( 7.503740226995931017, 7.500000000000000000, 0.000000000000000000 ) ) ;
#1533 = LINE ( 'NONE', #10756, #6474 ) ;
#1534 = ORIENTED_EDGE ( 'NONE', *, *, #10322, .F. ) ;
#1535 = ADVANCED_FACE ( 'NONE', ( #5569 ), #7328, .F. ) ;
#1536 = DIRECTION ( 'NONE',  ( 1.000000000000000000, 0.000000000000000000, 0.000000000000000000 ) ) ;
#1537 = VECTOR ( 'NONE', #11110, 1000.000000000000000 ) ;
#1538 = ORIENTED_EDGE ( 'NONE', *, *, #8210, .F. ) ;
#1539 = DIRECTION ( 'NONE',  ( 1.000000000000000000, 0.000000000000000000, 0.000000000000000000 ) ) ;
#1540 = ORIENTED_EDGE ( 'NONE', *, *, #6352, .F. ) ;
#1541 = APPLICATION_CONTEXT ( 'automotive_design' ) ;
#1542 = LINE ( 'NONE', #6285, #8549 ) ;
#1543 = EDGE_CURVE ( 'NONE', #1324, #10374, #11983, .T. ) ;
#1544 = DIRECTION ( 'NONE',  ( -0.000000000000000000, 0.9612616959383180060, 0.2756373558170023830 ) ) ;
#1545 = ORIENTED_EDGE ( 'NONE', *, *, #413, .F. ) ;
#1546 = DIRECTION ( 'NONE',  ( -0.2657276780299911434, -0.9267025424900801056, 0.2657276780299911434 ) ) ;
#1547 = ORIENTED_EDGE ( 'NONE', *, *, #8883, .T. ) ;
#1548 = DIRECTION ( 'NONE',  ( -1.000000000000000000, 0.000000000000000000, 0.000000000000000000 ) ) ;
#1549 = ORIENTED_EDGE ( 'NONE', *, *, #5692, .T. ) ;
#1550 = CARTESIAN_POINT ( 'NONE',  ( 29.37500000000000000, 10.53731005528968012, -9.625325129531299595 ) ) ;
#1551 = DIRECTION ( 'NONE',  ( -1.000000000000000000, 0.000000000000000000, 0.000000000000000000 ) ) ;
#1552 = ORIENTED_EDGE ( 'NONE', *, *, #1119, .T. ) ;
#1553 = DIRECTION ( 'NONE',  ( 1.000000000000000000, 0.000000000000000000, 0.000000000000000000 ) ) ;
#1554 = LINE ( 'NONE', #8109, #4108 ) ;
#1555 = VECTOR ( 'NONE', #4942, 1000.000000000000000 ) ;
#1556 = LINE ( 'NONE', #11018, #6423 ) ;
#1557 = FACE_OUTER_BOUND ( 'NONE', #3566, .T. ) ;
#1558 = ORIENTED_EDGE ( 'NONE', *, *, #5591, .F. ) ;
#1559 = ORIENTED_EDGE ( 'NONE', *, *, #2387, .F. ) ;
#1560 = EDGE_CURVE ( 'NONE', #507, #4410, #8108, .T. ) ;
#1561 = ORIENTED_EDGE ( 'NONE', *, *, #3065, .F. ) ;
#1562 = LINE ( 'NONE', #2478, #2639 ) ;
#1563 = FACE_OUTER_BOUND ( 'NONE', #22, .T. ) ;
#1564 = ORIENTED_EDGE ( 'NONE', *, *, #6371, .T. ) ;
#1565 = LINE ( 'NONE', #11873, #1681 ) ;
#1566 = CARTESIAN_POINT ( 'NONE',  ( 0.000000000000000000, 7.500000000000000000, 10.49625977300367907 ) ) ;
#1567 = CARTESIAN_POINT ( 'NONE',  ( 50.06738976402694874, -0.9965637948163279525, 32.06738976402657215 ) ) ;
#1568 = EDGE_LOOP ( 'NONE', ( #1389, #3143, #8841, #5755 ) ) ;
#1569 = VECTOR ( 'NONE', #4463, 1000.000000000000000 ) ;
#1570 = ORIENTED_EDGE ( 'NONE', *, *, #11978, .T. ) ;
#1571 = LINE ( 'NONE', #1760, #8173 ) ;
#1572 = CARTESIAN_POINT ( 'NONE',  ( -27.54999999999999361, 10.80000000000000071, 18.54999999999960991 ) ) ;
#1573 = EDGE_CURVE ( 'NONE', #6340, #6641, #8167, .T. ) ;
#1574 = AXIS2_PLACEMENT_3D ( 'NONE', #10027, #8146, #8086 ) ;
#1575 = LINE ( 'NONE', #7889, #9529 ) ;
#1576 = ORIENTED_EDGE ( 'NONE', *, *, #4394, .F. ) ;
#1577 = DIRECTION ( 'NONE',  ( 0.000000000000000000, 0.000000000000000000, -1.000000000000000000 ) ) ;
#1578 = CARTESIAN_POINT ( 'NONE',  ( 51.62500000000000000, 7.500000000000000000, 16.50374022699554644 ) ) ;
#1579 = VERTEX_POINT ( 'NONE', #10894 ) ;
#1580 = CARTESIAN_POINT ( 'NONE',  ( -2.375000000000005773, 10.80000000000000426, 18.54999999999960991 ) ) ;
#1581 = DIRECTION ( 'NONE',  ( 0.000000000000000000, -0.9612616959383174509, 0.2756373558170039373 ) ) ;
#1582 = VERTEX_POINT ( 'NONE', #3627 ) ;
#1583 = PLANE ( 'NONE',  #3276 ) ;
#1584 = DIRECTION ( 'NONE',  ( 0.000000000000000000, 0.000000000000000000, -1.000000000000000000 ) ) ;
#1585 = VECTOR ( 'NONE', #3404, 1000.000000000000000 ) ;
#1586 = DIRECTION ( 'NONE',  ( 1.000000000000000000, 0.000000000000000000, 0.000000000000000000 ) ) ;
#1587 = ADVANCED_FACE ( 'NONE', ( #1677 ), #4602, .T. ) ;
#1588 = VECTOR ( 'NONE', #5570, 1000.000000000000000 ) ;
#1589 = CARTESIAN_POINT ( 'NONE',  ( 26.45000000000000284, 10.80000000000000071, 35.44999999999961204 ) ) ;
#1590 = EDGE_CURVE ( 'NONE', #8107, #8424, #4475, .T. ) ;
#1591 = DIRECTION ( 'NONE',  ( -1.000000000000000000, -3.018354541273066194E-16, 8.654992372942126676E-17 ) ) ;
#1592 = CARTESIAN_POINT ( 'NONE',  ( 24.62500000000000355, 7.500000000000000000, -28.49625977300445356 ) ) ;
#1593 = DIRECTION ( 'NONE',  ( 0.2657276780299911434, -0.9267025424900801056, 0.2657276780299911434 ) ) ;
#1594 = ORIENTED_EDGE ( 'NONE', *, *, #10630, .T. ) ;
#1595 = VECTOR ( 'NONE', #11052, 1000.000000000000000 ) ;
#1596 = CARTESIAN_POINT ( 'NONE',  ( -1.190566005527355919, 8.566080860090391269, 28.19056600552697134 ) ) ;
#1597 = VERTEX_POINT ( 'NONE', #11075 ) ;
#1598 = CARTESIAN_POINT ( 'NONE',  ( 53.44999999999999574, 10.80000000000000071, 17.44999999999961560 ) ) ;
#1599 = LINE ( 'NONE', #6282, #6983 ) ;
#1600 = VERTEX_POINT ( 'NONE', #11859 ) ;
#1601 = CARTESIAN_POINT ( 'NONE',  ( 0.000000000000000000, 7.500000000000000000, 34.50374022699554644 ) ) ;
#1602 = VECTOR ( 'NONE', #11465, 1000.000000000000114 ) ;
#1603 = AXIS2_PLACEMENT_3D ( 'NONE', #9393, #1084, #4790 ) ;
#1604 = PLANE ( 'NONE',  #526 ) ;
#1605 = AXIS2_PLACEMENT_3D ( 'NONE', #6475, #4710, #947 ) ;
#1606 = ORIENTED_EDGE ( 'NONE', *, *, #7912, .T. ) ;
#1607 = CARTESIAN_POINT ( 'NONE',  ( 0.5500000000000088152, 82.98258077199005811, -35.45000000000000284 ) ) ;
#1608 = ORIENTED_EDGE ( 'NONE', *, *, #701, .T. ) ;
#1609 = DIRECTION ( 'NONE',  ( -2.296445157324517257E-16, 0.5150380749100545996, -0.8571673007021120005 ) ) ;
#1610 = EDGE_LOOP ( 'NONE', ( #3053, #2602, #10556, #1356 ) ) ;
#1611 = CARTESIAN_POINT ( 'NONE',  ( 0.4124163967275038534, 7.271022431965715960, -19.56191803408055918 ) ) ;
#1612 = VECTOR ( 'NONE', #1044, 1000.000000000000000 ) ;
#1613 = CARTESIAN_POINT ( 'NONE',  ( -26.45000000000000284, 10.80000000000000071, -27.55000000000038796 ) ) ;
#1614 = VERTEX_POINT ( 'NONE', #2773 ) ;
#1615 = ADVANCED_FACE ( 'NONE', ( #10171 ), #3567, .F. ) ;
#1616 = LINE ( 'NONE', #10106, #2984 ) ;
#1617 = VECTOR ( 'NONE', #2369, 1000.000000000000000 ) ;
#1618 = CARTESIAN_POINT ( 'NONE',  ( 20.65831223607736788, -3.969694544262557745, 4.785141759634010228 ) ) ;
#1619 = ADVANCED_FACE ( 'NONE', ( #9266 ), #9142, .F. ) ;
#1620 = LINE ( 'NONE', #10897, #10867 ) ;
#1621 = CARTESIAN_POINT ( 'NONE',  ( 1.496259773004070315, 7.500000000000000000, 0.000000000000000000 ) ) ;
#1622 = VECTOR ( 'NONE', #10443, 1000.000000000000000 ) ;
#1623 = VECTOR ( 'NONE', #1350, 1000.000000000000114 ) ;
#1624 = ORIENTED_EDGE ( 'NONE', *, *, #1274, .T. ) ;
#1625 = ORIENTED_EDGE ( 'NONE', *, *, #10201, .T. ) ;
#1626 = VECTOR ( 'NONE', #4063, 1000.000000000000000 ) ;
#1627 = EDGE_LOOP ( 'NONE', ( #3723, #11954, #4650, #1788 ) ) ;
#1628 = LINE ( 'NONE', #9931, #11350 ) ;
#1629 = PLANE ( 'NONE',  #2025 ) ;
#1630 = ORIENTED_EDGE ( 'NONE', *, *, #9959, .T. ) ;
#1631 = CARTESIAN_POINT ( 'NONE',  ( -9.549999999999995381, 10.80000000000000426, -33.62500000000000000 ) ) ;
#1632 = CARTESIAN_POINT ( 'NONE',  ( 0.5499999999999949374, 10.80000000000000071, 9.549999999999611688 ) ) ;
#1633 = VERTEX_POINT ( 'NONE', #10228 ) ;
#1635 = EDGE_LOOP ( 'NONE', ( #5301, #1522, #2754, #8123 ) ) ;
#1634 = ADVANCED_FACE ( 'NONE', ( #7443 ), #8350, .F. ) ;
#1636 = VERTEX_POINT ( 'NONE', #6541 ) ;
#1637 = CARTESIAN_POINT ( 'NONE',  ( 2.375000000000005773, 10.80000000000000071, 0.000000000000000000 ) ) ;
#1638 = DIRECTION ( 'NONE',  ( -0.2657276780299913099, 0.9267025424900799946, 0.2657276780299913099 ) ) ;
#1639 = EDGE_CURVE ( 'NONE', #7091, #525, #5626, .T. ) ;
#1640 = LINE ( 'NONE', #4187, #11077 ) ;
#1641 = ORIENTED_EDGE ( 'NONE', *, *, #1730, .T. ) ;
#1642 = EDGE_CURVE ( 'NONE', #517, #11116, #1011, .T. ) ;
#1643 = CARTESIAN_POINT ( 'NONE',  ( -8.449999999999999289, 10.80000000000000071, 35.44999999999961204 ) ) ;
#1644 = PLANE ( 'NONE',  #4730 ) ;
#1645 = EDGE_LOOP ( 'NONE', ( #1961, #3288, #1085, #5064 ) ) ;
#1646 = CARTESIAN_POINT ( 'NONE',  ( 16.50374022699593723, 7.500000000000000000, 0.000000000000000000 ) ) ;
#1647 = FACE_OUTER_BOUND ( 'NONE', #9971, .T. ) ;
#1648 = ORIENTED_EDGE ( 'NONE', *, *, #504, .T. ) ;
#1649 = CARTESIAN_POINT ( 'NONE',  ( 2.375000000000005773, 10.80000000000000426, 9.549999999999611688 ) ) ;
#1650 = DIRECTION ( 'NONE',  ( -0.000000000000000000, 0.000000000000000000, 1.000000000000000000 ) ) ;
#1651 = EDGE_CURVE ( 'NONE', #1748, #1986, #11513, .T. ) ;
#1652 = CARTESIAN_POINT ( 'NONE',  ( 24.62500000000000000, 10.53731005528969433, -17.37467487046948023 ) ) ;
#1653 = CARTESIAN_POINT ( 'NONE',  ( 0.000000000000000000, 8.566080860090853122, 34.80943399447238562 ) ) ;
#1654 = DIRECTION ( 'NONE',  ( -0.7071067811865452413, 0.000000000000000000, 0.7071067811865497932 ) ) ;
#1655 = VECTOR ( 'NONE', #2230, 1000.000000000000000 ) ;
#1656 = FACE_OUTER_BOUND ( 'NONE', #7911, .T. ) ;
#1657 = DIRECTION ( 'NONE',  ( 0.000000000000000000, -0.9612616959383180060, 0.2756373558170023830 ) ) ;
#1658 = ORIENTED_EDGE ( 'NONE', *, *, #9770, .T. ) ;
#1659 = DIRECTION ( 'NONE',  ( 0.2386847610229713423, 0.8323926831162092865, 0.5001519828512179799 ) ) ;
#1660 = VERTEX_POINT ( 'NONE', #5213 ) ;
#1661 = DIRECTION ( 'NONE',  ( -0.2386847610229713423, -0.8323926831162092865, 0.5001519828512179799 ) ) ;
#1662 = CARTESIAN_POINT ( 'NONE',  ( 27.55000000000000426, 7.500000000000007105, -35.45000000000002416 ) ) ;
#1663 = EDGE_LOOP ( 'NONE', ( #11410, #4262, #348, #10528 ) ) ;
#1664 = VECTOR ( 'NONE', #6368, 1000.000000000000114 ) ;
#1665 = AXIS2_PLACEMENT_3D ( 'NONE', #7535, #10256, #4690 ) ;
#1666 = DIRECTION ( 'NONE',  ( -1.000000000000000000, 0.000000000000000000, 0.000000000000000000 ) ) ;
#1667 = CARTESIAN_POINT ( 'NONE',  ( 0.5499999999999949374, 10.80000000000000071, -27.55000000000038796 ) ) ;
#1668 = EDGE_CURVE ( 'NONE', #10679, #4171, #10793, .T. ) ;
#1669 = CARTESIAN_POINT ( 'NONE',  ( 0.000000000000000000, 7.500000000000000000, -10.49625977300446067 ) ) ;
#1670 = VECTOR ( 'NONE', #4351, 1000.000000000000000 ) ;
#1671 = EDGE_LOOP ( 'NONE', ( #7153, #5122, #8534, #10286 ) ) ;
#1672 = CARTESIAN_POINT ( 'NONE',  ( 51.33839134370868607, 3.435945472310297788, -15.33839134370907686 ) ) ;
#1673 = ORIENTED_EDGE ( 'NONE', *, *, #3180, .T. ) ;
#1674 = PLANE ( 'NONE',  #3271 ) ;
#1675 = CARTESIAN_POINT ( 'NONE',  ( -53.44999999999999574, 10.80000000000000071, 35.44999999999961204 ) ) ;
#1676 = EDGE_LOOP ( 'NONE', ( #326, #7332, #4279, #4765 ) ) ;
#1677 = FACE_OUTER_BOUND ( 'NONE', #797, .T. ) ;
#1678 = DIRECTION ( 'NONE',  ( 0.5001519828512179799, 0.8323926831162092865, -0.2386847610229713423 ) ) ;
#1679 = CARTESIAN_POINT ( 'NONE',  ( -20.65831223607735723, -3.969694544262568403, -4.785141759634750969 ) ) ;
#1680 = VECTOR ( 'NONE', #4232, 1000.000000000000114 ) ;
#1681 = VECTOR ( 'NONE', #9091, 1000.000000000000114 ) ;
#1682 = ADVANCED_FACE ( 'NONE', ( #7761 ), #9817, .T. ) ;
#1683 = DIRECTION ( 'NONE',  ( -0.000000000000000000, -1.000000000000000000, -0.000000000000000000 ) ) ;
#1684 = VECTOR ( 'NONE', #8758, 1000.000000000000114 ) ;
#1685 = VERTEX_POINT ( 'NONE', #1331 ) ;
#1686 = ADVANCED_FACE ( 'NONE', ( #665 ), #11630, .F. ) ;
#1687 = EDGE_CURVE ( 'NONE', #5699, #9747, #595, .T. ) ;
#1688 = ORIENTED_EDGE ( 'NONE', *, *, #10621, .T. ) ;
#1689 = ORIENTED_EDGE ( 'NONE', *, *, #9966, .T. ) ;
#1690 = LINE ( 'NONE', #4425, #6322 ) ;
#1691 = CARTESIAN_POINT ( 'NONE',  ( 0.000000000000000000, 10.80000000000000071, -33.62500000000000000 ) ) ;
#1692 = ORIENTED_EDGE ( 'NONE', *, *, #7486, .F. ) ;
#1693 = VECTOR ( 'NONE', #6546, 1000.000000000000000 ) ;
#1694 = VECTOR ( 'NONE', #232, 1000.000000000000000 ) ;
#1695 = ADVANCED_FACE ( 'NONE', ( #2483 ), #11698, .T. ) ;
#1696 = DIRECTION ( 'NONE',  ( 0.8571673007021120005, 0.5150380749100545996, 0.000000000000000000 ) ) ;
#1697 = DIRECTION ( 'NONE',  ( 0.000000000000000000, 0.000000000000000000, -1.000000000000000000 ) ) ;
#1698 = ORIENTED_EDGE ( 'NONE', *, *, #8190, .T. ) ;
#1699 = EDGE_LOOP ( 'NONE', ( #417, #6107, #2302, #1023 ) ) ;
#1700 = ORIENTED_EDGE ( 'NONE', *, *, #787, .F. ) ;
#1701 = EDGE_CURVE ( 'NONE', #2486, #7940, #416, .T. ) ;
#1702 = ORIENTED_EDGE ( 'NONE', *, *, #4687, .T. ) ;
#1703 = CARTESIAN_POINT ( 'NONE',  ( -51.62500000000000000, 7.500000000000000000, 16.50374022699554644 ) ) ;
#1704 = LINE ( 'NONE', #10850, #302 ) ;
#1705 = EDGE_CURVE ( 'NONE', #11086, #890, #9639, .T. ) ;
#1706 = ORIENTED_EDGE ( 'NONE', *, *, #8151, .T. ) ;
#1707 = CARTESIAN_POINT ( 'NONE',  ( -29.37500000000000355, 7.500000000000000000, -7.503740226996326257 ) ) ;
#1708 = DIRECTION ( 'NONE',  ( 0.000000000000000000, -0.2756373558170040483, 0.9612616959383175619 ) ) ;
#1709 = ORIENTED_EDGE ( 'NONE', *, *, #6471, .F. ) ;
#1710 = CARTESIAN_POINT ( 'NONE',  ( -24.62500000000000000, 10.80000000000000426, 17.44999999999961915 ) ) ;
#1711 = CARTESIAN_POINT ( 'NONE',  ( -24.62500000000000000, 7.500000000000000000, -25.50374022699630672 ) ) ;
#1712 = ORIENTED_EDGE ( 'NONE', *, *, #4604, .T. ) ;
#1713 = ORIENTED_EDGE ( 'NONE', *, *, #10085, .T. ) ;
#1714 = DIRECTION ( 'NONE',  ( 0.000000000000000000, 0.000000000000000000, -1.000000000000000000 ) ) ;
#1715 = DIRECTION ( 'NONE',  ( 0.000000000000000000, 0.000000000000000000, -1.000000000000000000 ) ) ;
#1716 = DIRECTION ( 'NONE',  ( 0.000000000000000000, 0.000000000000000000, 1.000000000000000000 ) ) ;
#1717 = CARTESIAN_POINT ( 'NONE',  ( 53.44999999999999574, 10.80000000000000071, -9.550000000000384404 ) ) ;
#1718 = CARTESIAN_POINT ( 'NONE',  ( 26.45000000000000284, 10.80000000000000071, -0.5500000000003835154 ) ) ;
#1719 = CARTESIAN_POINT ( 'NONE',  ( 27.54999999999999005, 10.80000000000000071, 35.44999999999961204 ) ) ;
#1720 = PLANE ( 'NONE',  #4519 ) ;
#1721 = VERTEX_POINT ( 'NONE', #10662 ) ;
#1722 = EDGE_CURVE ( 'NONE', #7191, #8837, #1388, .T. ) ;
#1723 = LINE ( 'NONE', #3609, #8203 ) ;
#1724 = ORIENTED_EDGE ( 'NONE', *, *, #3464, .T. ) ;
#1725 = DIRECTION ( 'NONE',  ( 0.000000000000000000, 0.000000000000000000, -1.000000000000000000 ) ) ;
#1726 = FACE_OUTER_BOUND ( 'NONE', #6131, .T. ) ;
#1727 = ORIENTED_EDGE ( 'NONE', *, *, #4563, .T. ) ;
#1728 = VECTOR ( 'NONE', #6355, 1000.000000000000000 ) ;
#1729 = DIRECTION ( 'NONE',  ( -1.000000000000000000, 0.000000000000000000, 0.000000000000000000 ) ) ;
#1730 = EDGE_CURVE ( 'NONE', #1039, #4557, #10730, .T. ) ;
#1731 = CARTESIAN_POINT ( 'NONE',  ( -39.93261023597309389, -0.9965637948165171345, -32.06738976402728980 ) ) ;
#1733 = EDGE_CURVE ( 'NONE', #11324, #6059, #7823, .T. ) ;
#1732 = DIRECTION ( 'NONE',  ( -0.000000000000000000, -1.000000000000000000, -0.000000000000000000 ) ) ;
#1734 = VECTOR ( 'NONE', #6746, 1000.000000000000114 ) ;
#1735 = ORIENTED_EDGE ( 'NONE', *, *, #779, .T. ) ;
#1736 = CARTESIAN_POINT ( 'NONE',  ( 52.80943399447264852, 8.566080860090401927, 0.000000000000000000 ) ) ;
#1737 = ORIENTED_EDGE ( 'NONE', *, *, #643, .F. ) ;
#1738 = CARTESIAN_POINT ( 'NONE',  ( 6.264286400007879507, 22.25864506693675438, -26.58211138907232396 ) ) ;
#1739 = CARTESIAN_POINT ( 'NONE',  ( 27.54999999999999005, 10.80000000000000071, 26.44999999999961204 ) ) ;
#1740 = ORIENTED_EDGE ( 'NONE', *, *, #516, .F. ) ;
#1741 = DIRECTION ( 'NONE',  ( 0.9612616959383174509, -0.2756373558170042704, 0.000000000000000000 ) ) ;
#1742 = LINE ( 'NONE', #2527, #1395 ) ;
#1743 = AXIS2_PLACEMENT_3D ( 'NONE', #11073, #8951, #10104 ) ;
#1744 = CARTESIAN_POINT ( 'NONE',  ( -29.37500000000000355, 10.53731005528969078, -8.374674870469487331 ) ) ;
#1745 = DIRECTION ( 'NONE',  ( -0.5001519828512182020, 0.8323926831162096196, 0.2386847610229696770 ) ) ;
#1747 = ORIENTED_EDGE ( 'NONE', *, *, #2037, .F. ) ;
#1746 = EDGE_CURVE ( 'NONE', #11797, #4272, #2423, .T. ) ;
#1748 = VERTEX_POINT ( 'NONE', #10546 ) ;
#1749 = ORIENTED_EDGE ( 'NONE', *, *, #8210, .T. ) ;
#1750 = PLANE ( 'NONE',  #315 ) ;
#1751 = DIRECTION ( 'NONE',  ( 1.000000000000000000, 0.000000000000000000, 0.000000000000000000 ) ) ;
#1752 = VERTEX_POINT ( 'NONE', #2300 ) ;
#1753 = EDGE_CURVE ( 'NONE', #2970, #7601, #4178, .T. ) ;
#1754 = DIRECTION ( 'NONE',  ( -0.000000000000000000, 0.000000000000000000, 1.000000000000000000 ) ) ;
#1755 = CARTESIAN_POINT ( 'NONE',  ( -51.62500000000000000, 10.80000000000000426, -9.550000000000384404 ) ) ;
#1756 = VERTEX_POINT ( 'NONE', #8790 ) ;
#1757 = EDGE_CURVE ( 'NONE', #10318, #1150, #9874, .T. ) ;
#1758 = ORIENTED_EDGE ( 'NONE', *, *, #677, .F. ) ;
#1759 = VERTEX_POINT ( 'NONE', #479 ) ;
#1760 = CARTESIAN_POINT ( 'NONE',  ( -0.4124163967275039089, 7.271022431965715960, -28.56191803408055918 ) ) ;
#1761 = AXIS2_PLACEMENT_3D ( 'NONE', #8937, #9191, #9125 ) ;
#1762 = EDGE_CURVE ( 'NONE', #106, #5151, #3269, .T. ) ;
#1763 = LINE ( 'NONE', #10797, #2825 ) ;
#1764 = EDGE_CURVE ( 'NONE', #6250, #4316, #6067, .T. ) ;
#1765 = ORIENTED_EDGE ( 'NONE', *, *, #5985, .F. ) ;
#1766 = AXIS2_PLACEMENT_3D ( 'NONE', #6232, #6171, #9919 ) ;
#1767 = DIRECTION ( 'NONE',  ( -1.000000000000000000, -0.000000000000000000, -0.000000000000000000 ) ) ;
#1768 = DIRECTION ( 'NONE',  ( 1.000000000000000000, 0.000000000000000000, 0.000000000000000000 ) ) ;
#1769 = ORIENTED_EDGE ( 'NONE', *, *, #6581, .T. ) ;
#1770 = VECTOR ( 'NONE', #9269, 1000.000000000000000 ) ;
#1771 = LINE ( 'NONE', #5349, #5366 ) ;
#1772 = CARTESIAN_POINT ( 'NONE',  ( 35.37467487046908587, 10.53731005528968723, 33.62500000000000000 ) ) ;
#1773 = ORIENTED_EDGE ( 'NONE', *, *, #11790, .F. ) ;
#1774 = VECTOR ( 'NONE', #6612, 1000.000000000000227 ) ;
#1775 = ORIENTED_EDGE ( 'NONE', *, *, #9197, .T. ) ;
#1776 = CARTESIAN_POINT ( 'NONE',  ( -37.49625977300406277, 7.500000000000000000, -33.62500000000000000 ) ) ;
#1777 = ADVANCED_FACE ( 'NONE', ( #4241 ), #11124, .T. ) ;
#1778 = FACE_OUTER_BOUND ( 'NONE', #11553, .T. ) ;
#1779 = AXIS2_PLACEMENT_3D ( 'NONE', #487, #369, #7769 ) ;
#1780 = CARTESIAN_POINT ( 'NONE',  ( -24.62500000000000000, 10.80000000000000426, -33.62500000000000000 ) ) ;
#1781 = VECTOR ( 'NONE', #7431, 1000.000000000000000 ) ;
#1782 = CARTESIAN_POINT ( 'NONE',  ( -18.54999999999999716, 10.80000000000000071, -27.55000000000038796 ) ) ;
#1783 = DIRECTION ( 'NONE',  ( 0.000000000000000000, 0.000000000000000000, -1.000000000000000000 ) ) ;
#1784 = DIRECTION ( 'NONE',  ( -1.000000000000000000, 0.000000000000000000, 0.000000000000000000 ) ) ;
#1785 = ORIENTED_EDGE ( 'NONE', *, *, #4644, .T. ) ;
#1786 = CARTESIAN_POINT ( 'NONE',  ( -12.93261023597304238, -0.9965637948163279525, 32.06738976402657215 ) ) ;
#1787 = AXIS2_PLACEMENT_3D ( 'NONE', #9880, #6492, #605 ) ;
#1788 = ORIENTED_EDGE ( 'NONE', *, *, #10977, .T. ) ;
#1789 = LINE ( 'NONE', #4584, #6676 ) ;
#1790 = DIRECTION ( 'NONE',  ( -0.2657276780299911434, -0.9267025424900801056, 0.2657276780299911434 ) ) ;
#1791 = ORIENTED_EDGE ( 'NONE', *, *, #6643, .T. ) ;
#1792 = AXIS2_PLACEMENT_3D ( 'NONE', #5216, #599, #11878 ) ;
#1793 = FACE_OUTER_BOUND ( 'NONE', #5759, .T. ) ;
#1794 = EDGE_CURVE ( 'NONE', #11627, #6340, #5426, .T. ) ;
#1795 = VECTOR ( 'NONE', #7989, 1000.000000000000114 ) ;
#1796 = DIRECTION ( 'NONE',  ( 0.000000000000000000, 0.000000000000000000, -1.000000000000000000 ) ) ;
#1797 = LINE ( 'NONE', #4466, #10701 ) ;
#1798 = ORIENTED_EDGE ( 'NONE', *, *, #10706, .T. ) ;
#1799 = EDGE_CURVE ( 'NONE', #7691, #570, #3549, .T. ) ;
#1800 = CARTESIAN_POINT ( 'NONE',  ( -2.375000000000005773, 10.80000000000000426, -17.45000000000039009 ) ) ;
#1801 = ORIENTED_EDGE ( 'NONE', *, *, #7536, .F. ) ;
#1802 = LINE ( 'NONE', #11920, #1728 ) ;
#1803 = EDGE_CURVE ( 'NONE', #6883, #11642, #8093, .T. ) ;
#1804 = CARTESIAN_POINT ( 'NONE',  ( 0.000000000000000000, 7.500000000000000000, 28.49625977300367907 ) ) ;
#1805 = VERTEX_POINT ( 'NONE', #9252 ) ;
#1806 = CARTESIAN_POINT ( 'NONE',  ( -17.44999999999999929, 10.80000000000000071, 35.44999999999961204 ) ) ;
#1807 = CARTESIAN_POINT ( 'NONE',  ( -35.44999999999999574, 10.80000000000000426, 33.62500000000000000 ) ) ;
#1808 = VECTOR ( 'NONE', #8572, 1000.000000000000227 ) ;
#1809 = EDGE_CURVE ( 'NONE', #6343, #8746, #9124, .T. ) ;
#1810 = LINE ( 'NONE', #9383, #7387 ) ;
#1811 = AXIS2_PLACEMENT_3D ( 'NONE', #1067, #4770, #7673 ) ;
#1812 = CARTESIAN_POINT ( 'NONE',  ( -50.06738976402689190, -0.9965637948165171345, -32.06738976402728980 ) ) ;
#1813 = ORIENTED_EDGE ( 'NONE', *, *, #11897, .T. ) ;
#1814 = ORIENTED_EDGE ( 'NONE', *, *, #1880, .F. ) ;
#1815 = ORIENTED_EDGE ( 'NONE', *, *, #8584, .F. ) ;
#1816 = VECTOR ( 'NONE', #10744, 1000.000000000000114 ) ;
#1817 = DIRECTION ( 'NONE',  ( -0.000000000000000000, 0.000000000000000000, 1.000000000000000000 ) ) ;
#1818 = LINE ( 'NONE', #3757, #11121 ) ;
#1819 = ORIENTED_EDGE ( 'NONE', *, *, #2951, .T. ) ;
#1820 = VECTOR ( 'NONE', #11522, 1000.000000000000000 ) ;
#1821 = CARTESIAN_POINT ( 'NONE',  ( 0.5499999999999949374, 10.80000000000000071, 27.54999999999960991 ) ) ;
#1822 = ORIENTED_EDGE ( 'NONE', *, *, #10852, .T. ) ;
#1823 = VERTEX_POINT ( 'NONE', #3728 ) ;
#1824 = VERTEX_POINT ( 'NONE', #5493 ) ;
#1825 = ORIENTED_EDGE ( 'NONE', *, *, #7042, .T. ) ;
#1826 = FACE_OUTER_BOUND ( 'NONE', #8546, .T. ) ;
#1827 = ADVANCED_FACE ( 'NONE', ( #11786 ), #4521, .F. ) ;
#1828 = DIRECTION ( 'NONE',  ( -0.5001519828512179799, 0.8323926831162092865, 0.2386847610229711203 ) ) ;
#1829 = VECTOR ( 'NONE', #70, 1000.000000000000000 ) ;
#1830 = VECTOR ( 'NONE', #5025, 1000.000000000000114 ) ;
#1831 = ADVANCED_FACE ( 'NONE', ( #10034 ), #9903, .F. ) ;
#1832 = ORIENTED_EDGE ( 'NONE', *, *, #1163, .F. ) ;
#1833 = CARTESIAN_POINT ( 'NONE',  ( 25.50374022699593368, 7.500000000000000000, 0.000000000000000000 ) ) ;
#1834 = FACE_OUTER_BOUND ( 'NONE', #662, .T. ) ;
#1835 = ORIENTED_EDGE ( 'NONE', *, *, #5611, .T. ) ;
#1836 = AXIS2_PLACEMENT_3D ( 'NONE', #5044, #8691, #2375 ) ;
#1837 = DIRECTION ( 'NONE',  ( 0.000000000000000000, 0.000000000000000000, -1.000000000000000000 ) ) ;
#1838 = DIRECTION ( 'NONE',  ( 0.000000000000000000, -0.9612616959383174509, 0.2756373558170042704 ) ) ;
#1839 = ORIENTED_EDGE ( 'NONE', *, *, #1378, .F. ) ;
#1840 = VECTOR ( 'NONE', #2167, 1000.000000000000227 ) ;
#1841 = VERTEX_POINT ( 'NONE', #4399 ) ;
#1842 = PLANE ( 'NONE',  #3866 ) ;
#1843 = FACE_OUTER_BOUND ( 'NONE', #11143, .T. ) ;
#1844 = DIRECTION ( 'NONE',  ( 0.000000000000000000, 0.000000000000000000, 1.000000000000000000 ) ) ;
#1845 = VERTEX_POINT ( 'NONE', #752 ) ;
#1846 = PLANE ( 'NONE',  #435 ) ;
#1847 = DIRECTION ( 'NONE',  ( 0.000000000000000000, 0.000000000000000000, -1.000000000000000000 ) ) ;
#1848 = ORIENTED_EDGE ( 'NONE', *, *, #3327, .T. ) ;
#1849 = EDGE_CURVE ( 'NONE', #8232, #2960, #3486, .T. ) ;
#1850 = CARTESIAN_POINT ( 'NONE',  ( 24.62500000000000000, 10.80000000000000426, -33.62500000000000000 ) ) ;
#1851 = VERTEX_POINT ( 'NONE', #1598 ) ;
#1852 = DIRECTION ( 'NONE',  ( 1.000000000000000000, 0.000000000000000000, 0.000000000000000000 ) ) ;
#1853 = FACE_OUTER_BOUND ( 'NONE', #2128, .T. ) ;
#1854 = ORIENTED_EDGE ( 'NONE', *, *, #10510, .F. ) ;
#1855 = DIRECTION ( 'NONE',  ( -0.000000000000000000, 0.9612616959383174509, 0.2756373558170039373 ) ) ;
#1856 = VECTOR ( 'NONE', #8851, 1000.000000000000227 ) ;
#1857 = FACE_OUTER_BOUND ( 'NONE', #6576, .T. ) ;
#1858 = ADVANCED_FACE ( 'NONE', ( #817 ), #5306, .F. ) ;
#1859 = DIRECTION ( 'NONE',  ( -1.000000000000000000, -0.000000000000000000, -0.000000000000000000 ) ) ;
#1860 = ORIENTED_EDGE ( 'NONE', *, *, #170, .T. ) ;
#1861 = LINE ( 'NONE', #11252, #3619 ) ;
#1862 = EDGE_LOOP ( 'NONE', ( #3488, #9797, #4227, #32 ) ) ;
#1863 = CARTESIAN_POINT ( 'NONE',  ( 0.000000000000000000, 0.000000000000000000, 0.000000000000000000 ) ) ;
#1864 = CARTESIAN_POINT ( 'NONE',  ( 0.000000000000000000, 7.500000000000000000, 34.50374022699554644 ) ) ;
#1865 = VECTOR ( 'NONE', #5356, 1000.000000000000000 ) ;
#1866 = ORIENTED_EDGE ( 'NONE', *, *, #4852, .F. ) ;
#1867 = EDGE_CURVE ( 'NONE', #11774, #336, #6281, .T. ) ;
#1868 = CARTESIAN_POINT ( 'NONE',  ( 60.02027957955104398, 9.499999999999980460, -31.94921176768562177 ) ) ;
#1869 = DIRECTION ( 'NONE',  ( 0.2657276780299913099, -0.9267025424900799946, 0.2657276780299913099 ) ) ;
#1870 = DIRECTION ( 'NONE',  ( -0.5150380749100545996, -0.8571673007021120005, 0.000000000000000000 ) ) ;
#1871 = FACE_OUTER_BOUND ( 'NONE', #2784, .T. ) ;
#1872 = VECTOR ( 'NONE', #1817, 1000.000000000000000 ) ;
#1873 = ORIENTED_EDGE ( 'NONE', *, *, #2445, .T. ) ;
#1874 = CARTESIAN_POINT ( 'NONE',  ( 9.550000000000002487, 10.80000000000000071, 35.44999999999961204 ) ) ;
#1875 = ORIENTED_EDGE ( 'NONE', *, *, #8294, .T. ) ;
#1876 = EDGE_LOOP ( 'NONE', ( #6662, #11581, #11555, #6259 ) ) ;
#1877 = DIRECTION ( 'NONE',  ( -0.2657276780299913099, 0.9267025424900799946, 0.2657276780299913099 ) ) ;
#1878 = CARTESIAN_POINT ( 'NONE',  ( -26.45000000000000284, 7.500000000000000000, 35.45000000000000995 ) ) ;
#1879 = ORIENTED_EDGE ( 'NONE', *, *, #2103, .T. ) ;
#1880 = EDGE_CURVE ( 'NONE', #7533, #8063, #7369, .T. ) ;
#1881 = DIRECTION ( 'NONE',  ( 1.000000000000000000, 0.000000000000000000, -0.000000000000000000 ) ) ;
#1882 = ORIENTED_EDGE ( 'NONE', *, *, #5519, .F. ) ;
#1883 = EDGE_LOOP ( 'NONE', ( #9281, #3951, #7157, #4835 ) ) ;
#1884 = VECTOR ( 'NONE', #7554, 1000.000000000000114 ) ;
#1885 = EDGE_LOOP ( 'NONE', ( #2233, #9306, #6048, #7095 ) ) ;
#1886 = CARTESIAN_POINT ( 'NONE',  ( 45.62532512953087860, 10.53731005528973341, -33.62500000000000000 ) ) ;
#1887 = CARTESIAN_POINT ( 'NONE',  ( 0.000000000000000000, 7.500000000000000000, -1.496259773004444904 ) ) ;
#1888 = ADVANCED_FACE ( 'NONE', ( #8221 ), #11907, .F. ) ;
#1889 = VECTOR ( 'NONE', #10782, 1000.000000000000114 ) ;
#1890 = VECTOR ( 'NONE', #6623, 1000.000000000000000 ) ;
#1891 = ORIENTED_EDGE ( 'NONE', *, *, #11289, .F. ) ;
#1892 = FACE_OUTER_BOUND ( 'NONE', #5913, .T. ) ;
#1893 = DIRECTION ( 'NONE',  ( -0.000000000000000000, 0.000000000000000000, 1.000000000000000000 ) ) ;
#1894 = ADVANCED_FACE ( 'NONE', ( #5368 ), #882, .F. ) ;
#1895 = ORIENTED_EDGE ( 'NONE', *, *, #11228, .T. ) ;
#1896 = CARTESIAN_POINT ( 'NONE',  ( -52.50374022699593013, 7.500000000000000000, 0.000000000000000000 ) ) ;
#1897 = DIRECTION ( 'NONE',  ( 0.000000000000000000, -0.000000000000000000, 1.000000000000000000 ) ) ;
#1898 = ORIENTED_EDGE ( 'NONE', *, *, #1651, .T. ) ;
#1899 = ORIENTED_EDGE ( 'NONE', *, *, #9597, .T. ) ;
#1900 = EDGE_CURVE ( 'NONE', #8837, #8962, #1789, .T. ) ;
#1901 = CARTESIAN_POINT ( 'NONE',  ( -28.19056600552734793, 8.566080860090391269, -1.190566005527740279 ) ) ;
#1902 = CARTESIAN_POINT ( 'NONE',  ( -51.62500000000000000, 10.53731005528969256, -33.62500000000000000 ) ) ;
#1903 = EDGE_CURVE ( 'NONE', #7271, #5698, #11966, .T. ) ;
#1904 = CARTESIAN_POINT ( 'NONE',  ( 61.85875721063606392, 9.699999999999974420, -33.78768939877064525 ) ) ;
#1905 = EDGE_LOOP ( 'NONE', ( #3186, #5753, #11150, #9955 ) ) ;
#1906 = DIRECTION ( 'NONE',  ( 1.000000000000000000, 0.000000000000000000, -2.679109615408197094E-16 ) ) ;
#1907 = CARTESIAN_POINT ( 'NONE',  ( 1.190566005527353033, 8.566080860090385940, 0.000000000000000000 ) ) ;
#1908 = EDGE_LOOP ( 'NONE', ( #11002, #11564, #9812, #3305, #3095, #9086, #10632, #4301, #8336, #6453, #3754, #4861, #1397, #2587, #6233, #5778, #5734, #4096, #1088, #666, #2980, #10070, #841, #1443, #1508, #2770, #10033, #10440, #4013, #1576, #10420, #11109, #3300, #3499, #2329, #10585, #9260, #9447, #2897, #8176, #8116, #982, #8163, #10596, #6868, #7930, #6984, #8266, #35, #8387, #988, #1558, #2793, #10018, #3769, #11454, #7665, #11982, #3727, #859, #609, #8378, #3695, #5428, #1489, #10047, #8466, #11837, #4858, #8600, #3909, #3248, #6435, #9084, #9279, #5624 ) ) ;
#1909 = CARTESIAN_POINT ( 'NONE',  ( 20.65831223607736788, -3.969694544262557745, -31.78514175963478294 ) ) ;
#1910 = ADVANCED_FACE ( 'NONE', ( #942 ), #6466, .F. ) ;
#1911 = VERTEX_POINT ( 'NONE', #4763 ) ;
#1912 = DIRECTION ( 'NONE',  ( -1.000000000000000000, 0.000000000000000000, 0.000000000000000000 ) ) ;
#1913 = LINE ( 'NONE', #9367, #9879 ) ;
#1914 = ORIENTED_EDGE ( 'NONE', *, *, #9611, .T. ) ;
#1915 = EDGE_CURVE ( 'NONE', #7748, #1510, #6583, .T. ) ;
#1916 = LINE ( 'NONE', #5616, #3322 ) ;
#1917 = EDGE_CURVE ( 'NONE', #9870, #6513, #7545, .T. ) ;
#1918 = DIRECTION ( 'NONE',  ( -1.000000000000000000, -0.000000000000000000, -0.000000000000000000 ) ) ;
#1919 = CARTESIAN_POINT ( 'NONE',  ( 44.45000000000000284, 10.80000000000000071, -27.55000000000038796 ) ) ;
#1920 = CARTESIAN_POINT ( 'NONE',  ( 29.37500000000000000, 10.53731005528968012, -18.62532512953129427 ) ) ;
#1921 = VERTEX_POINT ( 'NONE', #9366 ) ;
#1922 = LINE ( 'NONE', #1070, #3258 ) ;
#1923 = ORIENTED_EDGE ( 'NONE', *, *, #6364, .F. ) ;
#1924 = CARTESIAN_POINT ( 'NONE',  ( 24.62500000000000000, 10.53731005528969256, -33.62500000000000000 ) ) ;
#1925 = CARTESIAN_POINT ( 'NONE',  ( 37.49625977300406987, 7.500000000000000000, -33.62500000000000000 ) ) ;
#1926 = EDGE_CURVE ( 'NONE', #10913, #3214, #3057, .T. ) ;
#1927 = DIRECTION ( 'NONE',  ( 0.2657276780299913099, 0.9267025424900799946, 0.2657276780299913099 ) ) ;
#1928 = DIRECTION ( 'NONE',  ( -0.000000000000000000, -0.000000000000000000, 1.000000000000000000 ) ) ;
#1929 = ORIENTED_EDGE ( 'NONE', *, *, #8629, .F. ) ;
#1930 = DIRECTION ( 'NONE',  ( 0.2386847610229713423, -0.8323926831162092865, -0.5001519828512179799 ) ) ;
#1931 = ORIENTED_EDGE ( 'NONE', *, *, #5726, .T. ) ;
#1932 = ORIENTED_EDGE ( 'NONE', *, *, #8027, .T. ) ;
#1933 = PLANE ( 'NONE',  #10961 ) ;
#1934 = LINE ( 'NONE', #11088, #4540 ) ;
#1935 = ORIENTED_EDGE ( 'NONE', *, *, #1849, .F. ) ;
#1936 = FACE_OUTER_BOUND ( 'NONE', #8680, .T. ) ;
#1937 = CARTESIAN_POINT ( 'NONE',  ( -45.54999999999999005, 10.80000000000000426, -33.62500000000000000 ) ) ;
#1938 = EDGE_LOOP ( 'NONE', ( #9170, #10540, #10430, #1407 ) ) ;
#1939 = DIRECTION ( 'NONE',  ( -1.000000000000000000, -0.000000000000000000, -0.000000000000000000 ) ) ;
#1940 = ORIENTED_EDGE ( 'NONE', *, *, #7454, .T. ) ;
#1941 = PLANE ( 'NONE',  #4502 ) ;
#1942 = DIRECTION ( 'NONE',  ( -0.000000000000000000, 0.000000000000000000, 1.000000000000000000 ) ) ;
#1943 = ADVANCED_FACE ( 'NONE', ( #8454 ), #1061, .F. ) ;
#1944 = ORIENTED_EDGE ( 'NONE', *, *, #5202, .T. ) ;
#1945 = DIRECTION ( 'NONE',  ( -0.000000000000000000, -0.000000000000000000, 1.000000000000000000 ) ) ;
#1946 = LINE ( 'NONE', #2737, #11691 ) ;
#1947 = VERTEX_POINT ( 'NONE', #8579 ) ;
#1948 = CARTESIAN_POINT ( 'NONE',  ( 0.5499999999999949374, 10.80000000000000071, 35.44999999999961204 ) ) ;
#1949 = DIRECTION ( 'NONE',  ( 0.000000000000000000, 0.000000000000000000, 1.000000000000000000 ) ) ;
#1950 = ORIENTED_EDGE ( 'NONE', *, *, #10244, .T. ) ;
#1951 = VECTOR ( 'NONE', #11844, 1000.000000000000000 ) ;
#1952 = ORIENTED_EDGE ( 'NONE', *, *, #8616, .T. ) ;
#1953 = EDGE_CURVE ( 'NONE', #2031, #11154, #1174, .T. ) ;
#1954 = LINE ( 'NONE', #5657, #1734 ) ;
#1955 = CARTESIAN_POINT ( 'NONE',  ( -1.496259773004063209, 7.500000000000000000, 0.000000000000000000 ) ) ;
#1956 = VECTOR ( 'NONE', #378, 1000.000000000000000 ) ;
#1957 = CARTESIAN_POINT ( 'NONE',  ( 58.32322330470334037, 9.699999999999974420, 37.32322330470339011 ) ) ;
#1958 = ORIENTED_EDGE ( 'NONE', *, *, #5287, .T. ) ;
#1959 = CARTESIAN_POINT ( 'NONE',  ( -26.48410470708676101, 14.51721864012751162, -26.48410470708715536 ) ) ;
#1960 = CARTESIAN_POINT ( 'NONE',  ( 0.000000000000000000, 7.500000000000000000, 28.49625977300367907 ) ) ;
#1961 = ORIENTED_EDGE ( 'NONE', *, *, #4966, .T. ) ;
#1962 = DIRECTION ( 'NONE',  ( -1.000000000000000000, 0.000000000000000000, 0.000000000000000000 ) ) ;
#1963 = VERTEX_POINT ( 'NONE', #4027 ) ;
#1964 = DIRECTION ( 'NONE',  ( -0.000000000000000000, -0.2756373558170042704, -0.9612616959383174509 ) ) ;
#1965 = DIRECTION ( 'NONE',  ( 0.000000000000000000, 0.000000000000000000, -1.000000000000000000 ) ) ;
#1966 = EDGE_LOOP ( 'NONE', ( #11298, #2875, #11610, #9412 ) ) ;
#1967 = VECTOR ( 'NONE', #4093, 1000.000000000000227 ) ;
#1968 = EDGE_CURVE ( 'NONE', #9731, #2389, #203, .T. ) ;
#1969 = LINE ( 'NONE', #11189, #1192 ) ;
#1970 = DIRECTION ( 'NONE',  ( 1.000000000000000000, 0.000000000000000000, 0.000000000000000000 ) ) ;
#1971 = AXIS2_PLACEMENT_3D ( 'NONE', #3965, #4988, #1225 ) ;
#1972 = DIRECTION ( 'NONE',  ( 1.000000000000000000, 0.000000000000000000, 0.000000000000000000 ) ) ;
#1973 = FACE_OUTER_BOUND ( 'NONE', #9636, .T. ) ;
#1974 = ORIENTED_EDGE ( 'NONE', *, *, #1358, .T. ) ;
#1975 = CARTESIAN_POINT ( 'NONE',  ( -27.54999999999999361, 10.80000000000000071, 27.54999999999960991 ) ) ;
#1976 = AXIS2_PLACEMENT_3D ( 'NONE', #2244, #8794, #1334 ) ;
#1977 = CARTESIAN_POINT ( 'NONE',  ( -51.62500000000000000, 10.53731005528969256, -33.62500000000000000 ) ) ;
#1978 = ORIENTED_EDGE ( 'NONE', *, *, #6855, .F. ) ;
#1979 = FACE_OUTER_BOUND ( 'NONE', #3368, .T. ) ;
#1980 = DIRECTION ( 'NONE',  ( 0.000000000000000000, -0.000000000000000000, -1.000000000000000000 ) ) ;
#1981 = PLANE ( 'NONE',  #11367 ) ;
#1982 = VECTOR ( 'NONE', #7022, 1000.000000000000114 ) ;
#1983 = ORIENTED_EDGE ( 'NONE', *, *, #2693, .T. ) ;
#1984 = LINE ( 'NONE', #7563, #4888 ) ;
#1985 = ORIENTED_EDGE ( 'NONE', *, *, #2101, .F. ) ;
#1986 = VERTEX_POINT ( 'NONE', #4703 ) ;
#1987 = DIRECTION ( 'NONE',  ( 0.000000000000000000, 0.000000000000000000, -1.000000000000000000 ) ) ;
#1988 = CARTESIAN_POINT ( 'NONE',  ( 24.62500000000000000, 10.53731005528969256, 26.37467487046871284 ) ) ;
#1989 = ORIENTED_EDGE ( 'NONE', *, *, #2077, .F. ) ;
#1990 = ADVANCED_FACE ( 'NONE', ( #2088 ), #3788, .F. ) ;
#1991 = CARTESIAN_POINT ( 'NONE',  ( -1.390607076609448267, 7.868454739437289902, -1.390607076609836623 ) ) ;
#1992 = AXIS2_PLACEMENT_3D ( 'NONE', #4130, #7771, #8915 ) ;
#1993 = FACE_OUTER_BOUND ( 'NONE', #9391, .T. ) ;
#1994 = ORIENTED_EDGE ( 'NONE', *, *, #9255, .T. ) ;
#1995 = EDGE_CURVE ( 'NONE', #4078, #5681, #7720, .T. ) ;
#1996 = DIRECTION ( 'NONE',  ( 1.000000000000000000, 0.000000000000000000, 0.000000000000000000 ) ) ;
#1997 = ORIENTED_EDGE ( 'NONE', *, *, #10898, .F. ) ;
#1998 = DIRECTION ( 'NONE',  ( 0.000000000000000000, 0.000000000000000000, -1.000000000000000000 ) ) ;
#1999 = CARTESIAN_POINT ( 'NONE',  ( 0.000000000000000000, 7.500000000000000000, 19.49625977300367552 ) ) ;
#2000 = CARTESIAN_POINT ( 'NONE',  ( -0.4124163967275038534, 7.271022431965715960, -10.56191803408056451 ) ) ;
#2001 = VECTOR ( 'NONE', #5108, 1000.000000000000114 ) ;
#2002 = AXIS2_PLACEMENT_3D ( 'NONE', #4554, #175, #3026 ) ;
#2003 = VECTOR ( 'NONE', #4159, 1000.000000000000114 ) ;
#2004 = ORIENTED_EDGE ( 'NONE', *, *, #392, .T. ) ;
#2005 = EDGE_CURVE ( 'NONE', #6557, #11226, #4941, .T. ) ;
#2006 = DIRECTION ( 'NONE',  ( -1.000000000000000000, -0.000000000000000000, -5.930678550348059559E-17 ) ) ;
#2007 = CARTESIAN_POINT ( 'NONE',  ( -35.37467487046909298, 10.53731005528968367, 33.62500000000000000 ) ) ;
#2008 = ORIENTED_EDGE ( 'NONE', *, *, #11764, .T. ) ;
#2009 = CARTESIAN_POINT ( 'NONE',  ( 25.80943399447264852, 8.566080860090403704, -1.190566005527736282 ) ) ;
#2010 = CARTESIAN_POINT ( 'NONE',  ( 28.49625977300406632, 7.500000000000000000, 0.000000000000000000 ) ) ;
#2011 = VERTEX_POINT ( 'NONE', #10216 ) ;
#2012 = VECTOR ( 'NONE', #7143, 1000.000000000000000 ) ;
#2013 = ORIENTED_EDGE ( 'NONE', *, *, #2129, .F. ) ;
#2014 = CARTESIAN_POINT ( 'NONE',  ( 0.5499999999999949374, 10.80000000000000071, -8.450000000000388312 ) ) ;
#2015 = VECTOR ( 'NONE', #1427, 1000.000000000000000 ) ;
#2016 = EDGE_CURVE ( 'NONE', #11795, #8065, #2029, .T. ) ;
#2017 = CARTESIAN_POINT ( 'NONE',  ( 1.190566005527353033, 8.566080860090385940, -1.190566005527741611 ) ) ;
#2018 = VECTOR ( 'NONE', #8133, 1000.000000000000000 ) ;
#2019 = AXIS2_PLACEMENT_3D ( 'NONE', #4460, #9190, #10877 ) ;
#2020 = DIRECTION ( 'NONE',  ( 1.000000000000000000, 0.000000000000000000, 0.000000000000000000 ) ) ;
#2021 = ORIENTED_EDGE ( 'NONE', *, *, #11969, .F. ) ;
#2022 = CARTESIAN_POINT ( 'NONE',  ( 28.19056600552735148, 8.566080860090400151, -28.19056600552774583 ) ) ;
#2023 = DIRECTION ( 'NONE',  ( -2.296445157324517257E-16, 0.5150380749100545996, -0.8571673007021120005 ) ) ;
#2024 = VERTEX_POINT ( 'NONE', #995 ) ;
#2025 = AXIS2_PLACEMENT_3D ( 'NONE', #2604, #718, #7209 ) ;
#2026 = LINE ( 'NONE', #993, #7230 ) ;
#2027 = EDGE_CURVE ( 'NONE', #7658, #4595, #5613, .T. ) ;
#2028 = EDGE_LOOP ( 'NONE', ( #11033, #3043, #10907, #11244 ) ) ;
#2029 = LINE ( 'NONE', #11242, #6284 ) ;
#2030 = CARTESIAN_POINT ( 'NONE',  ( 52.50374022699593723, 7.500000000000000000, 0.000000000000000000 ) ) ;
#2031 = VERTEX_POINT ( 'NONE', #8397 ) ;
#2032 = LINE ( 'NONE', #7372, #9697 ) ;
#2033 = LINE ( 'NONE', #10396, #5770 ) ;
#2034 = LINE ( 'NONE', #2094, #7032 ) ;
#2035 = LINE ( 'NONE', #6478, #1884 ) ;
#2036 = VERTEX_POINT ( 'NONE', #6639 ) ;
#2037 = EDGE_CURVE ( 'NONE', #11120, #10885, #5735, .T. ) ;
#2038 = CARTESIAN_POINT ( 'NONE',  ( 27.54999999999999005, 10.80000000000000071, 8.449999999999617373 ) ) ;
#2039 = ORIENTED_EDGE ( 'NONE', *, *, #9460, .F. ) ;
#2040 = LINE ( 'NONE', #4837, #5074 ) ;
#2041 = LINE ( 'NONE', #8473, #1185 ) ;
#2042 = EDGE_CURVE ( 'NONE', #11341, #9293, #5789, .T. ) ;
#2043 = EDGE_CURVE ( 'NONE', #9684, #11358, #4823, .T. ) ;
#2044 = ORIENTED_EDGE ( 'NONE', *, *, #6888, .T. ) ;
#2045 = FACE_OUTER_BOUND ( 'NONE', #4760, .T. ) ;
#2046 = VERTEX_POINT ( 'NONE', #3973 ) ;
#2047 = ORIENTED_EDGE ( 'NONE', *, *, #9705, .T. ) ;
#2048 = AXIS2_PLACEMENT_3D ( 'NONE', #3217, #7943, #5952 ) ;
#2049 = CARTESIAN_POINT ( 'NONE',  ( 0.000000000000000000, 8.566080860090853122, 34.80943399447238562 ) ) ;
#2050 = LINE ( 'NONE', #1256, #9195 ) ;
#2051 = EDGE_LOOP ( 'NONE', ( #3162, #3092, #640, #751 ) ) ;
#2052 = CARTESIAN_POINT ( 'NONE',  ( 0.000000000000000000, 7.500000000000000000, -28.49625977300445356 ) ) ;
#2053 = LINE ( 'NONE', #10240, #11478 ) ;
#2054 = CARTESIAN_POINT ( 'NONE',  ( -61.00000000000000000, 10.49999999999999822, 8.000000000000000000 ) ) ;
#2056 = EDGE_CURVE ( 'NONE', #1823, #9601, #7666, .T. ) ;
#2055 = VERTEX_POINT ( 'NONE', #7488 ) ;
#2057 = DIRECTION ( 'NONE',  ( -0.000000000000000000, -0.000000000000000000, 1.000000000000000000 ) ) ;
#2058 = LINE ( 'NONE', #974, #4571 ) ;
#2059 = VECTOR ( 'NONE', #8839, 1000.000000000000000 ) ;
#2060 = LINE ( 'NONE', #3032, #4986 ) ;
#2061 = EDGE_CURVE ( 'NONE', #5681, #11086, #2142, .T. ) ;
#2062 = EDGE_CURVE ( 'NONE', #11337, #7775, #6146, .T. ) ;
#2063 = ADVANCED_FACE ( 'NONE', ( #5963 ), #8744, .F. ) ;
#2064 = ORIENTED_EDGE ( 'NONE', *, *, #5692, .F. ) ;
#2065 = CARTESIAN_POINT ( 'NONE',  ( 3.482387728013483552E-16, 8.566080860089984483, -34.80943399447291142 ) ) ;
#2066 = DIRECTION ( 'NONE',  ( -0.2386847610229713701, 0.8323926831162093976, -0.5001519828512178689 ) ) ;
#2067 = ORIENTED_EDGE ( 'NONE', *, *, #296, .F. ) ;
#2068 = VECTOR ( 'NONE', #4651, 1000.000000000000000 ) ;
#2069 = CARTESIAN_POINT ( 'NONE',  ( 52.80943399447264142, 8.566080860090407256, 0.000000000000000000 ) ) ;
#2070 = DIRECTION ( 'NONE',  ( -0.000000000000000000, -0.000000000000000000, 1.000000000000000000 ) ) ;
#2071 = UNCERTAINTY_MEASURE_WITH_UNIT (LENGTH_MEASURE( 1.000000000000000082E-05 ), #11072, 'distance_accuracy_value', 'NONE');
#2072 = ORIENTED_EDGE ( 'NONE', *, *, #8848, .T. ) ;
#2073 = ADVANCED_FACE ( 'NONE', ( #6808 ), #8806, .F. ) ;
#2074 = VERTEX_POINT ( 'NONE', #9599 ) ;
#2075 = PLANE ( 'NONE',  #7735 ) ;
#2076 = DIRECTION ( 'NONE',  ( 0.000000000000000000, 0.000000000000000000, -1.000000000000000000 ) ) ;
#2077 = EDGE_CURVE ( 'NONE', #9661, #5949, #4196, .T. ) ;
#2078 = AXIS2_PLACEMENT_3D ( 'NONE', #1621, #4421, #9989 ) ;
#2079 = AXIS2_PLACEMENT_3D ( 'NONE', #9872, #9218, #722 ) ;
#2080 = FACE_OUTER_BOUND ( 'NONE', #4355, .T. ) ;
#2081 = EDGE_LOOP ( 'NONE', ( #574, #3699, #11634, #9216 ) ) ;
#2082 = LINE ( 'NONE', #6634, #11292 ) ;
#2083 = FACE_OUTER_BOUND ( 'NONE', #2297, .T. ) ;
#2084 = EDGE_LOOP ( 'NONE', ( #10014, #6225, #10296, #10087 ) ) ;
#2085 = PLANE ( 'NONE',  #634 ) ;
#2086 = VECTOR ( 'NONE', #3556, 1000.000000000000114 ) ;
#2087 = ORIENTED_EDGE ( 'NONE', *, *, #10194, .F. ) ;
#2088 = FACE_OUTER_BOUND ( 'NONE', #6880, .T. ) ;
#2089 = LINE ( 'NONE', #152, #7756 ) ;
#2090 = VERTEX_POINT ( 'NONE', #7055 ) ;
#2091 = LINE ( 'NONE', #10563, #10484 ) ;
#2092 = FACE_OUTER_BOUND ( 'NONE', #9185, .T. ) ;
#2093 = EDGE_CURVE ( 'NONE', #2096, #5800, #2442, .T. ) ;
#2094 = CARTESIAN_POINT ( 'NONE',  ( 27.54999999999999005, 10.80000000000000071, -17.45000000000039009 ) ) ;
#2095 = DIRECTION ( 'NONE',  ( 0.000000000000000000, 0.000000000000000000, 1.000000000000000000 ) ) ;
#2096 = VERTEX_POINT ( 'NONE', #9833 ) ;
#2097 = DIRECTION ( 'NONE',  ( 0.4578768884082909940, -0.7620351108204156398, 0.4578768884082907165 ) ) ;
#2098 = CARTESIAN_POINT ( 'NONE',  ( 53.44999999999999574, 10.80000000000000071, 17.44999999999961560 ) ) ;
#2099 = ORIENTED_EDGE ( 'NONE', *, *, #11858, .F. ) ;
#2100 = LINE ( 'NONE', #7620, #8053 ) ;
#2101 = EDGE_CURVE ( 'NONE', #4948, #7031, #11651, .T. ) ;
#2102 = CARTESIAN_POINT ( 'NONE',  ( 53.44999999999999574, 10.80000000000000071, -17.45000000000039009 ) ) ;
#2103 = EDGE_CURVE ( 'NONE', #2723, #1851, #6020, .T. ) ;
#2104 = VERTEX_POINT ( 'NONE', #6086 ) ;
#2105 = VECTOR ( 'NONE', #2285, 1000.000000000000000 ) ;
#2106 = CARTESIAN_POINT ( 'NONE',  ( 33.26428640000786885, 22.25864506693676859, -26.58211138907234172 ) ) ;
#2107 = ORIENTED_EDGE ( 'NONE', *, *, #8307, .F. ) ;
#2108 = CARTESIAN_POINT ( 'NONE',  ( 0.000000000000000000, 7.500000000000000000, -34.50374022699632093 ) ) ;
#2109 = CARTESIAN_POINT ( 'NONE',  ( -0.5500000000000088152, 7.500000000000000000, -35.45000000000000284 ) ) ;
#2110 = ORIENTED_EDGE ( 'NONE', *, *, #425, .F. ) ;
#2111 = PLANE ( 'NONE',  #11549 ) ;
#2112 = PLANE ( 'NONE',  #9934 ) ;
#2113 = PLANE ( 'NONE',  #2764 ) ;
#2114 = ORIENTED_EDGE ( 'NONE', *, *, #4741, .T. ) ;
#2115 = CARTESIAN_POINT ( 'NONE',  ( -20.65831223607736788, -3.969694544262557745, 31.78514175963400490 ) ) ;
#2116 = EDGE_CURVE ( 'NONE', #738, #7940, #6989, .T. ) ;
#2117 = PRODUCT_DEFINITION_FORMATION_WITH_SPECIFIED_SOURCE ( 'ANY', '', #9756, .NOT_KNOWN. ) ;
#2118 = CARTESIAN_POINT ( 'NONE',  ( 0.5500000000000088152, 7.500000000000000000, -35.45000000000000284 ) ) ;
#2119 = EDGE_CURVE ( 'NONE', #9795, #4665, #377, .T. ) ;
#2120 = LINE ( 'NONE', #7577, #7120 ) ;
#2121 = VERTEX_POINT ( 'NONE', #1466 ) ;
#2122 = DIRECTION ( 'NONE',  ( 0.000000000000000000, -0.9612616959383180060, 0.2756373558170023830 ) ) ;
#2123 = CARTESIAN_POINT ( 'NONE',  ( 33.26428640000787595, 22.25864506693675082, 26.58211138907232396 ) ) ;
#2124 = VECTOR ( 'NONE', #10376, 1000.000000000000114 ) ;
#2125 = ORIENTED_EDGE ( 'NONE', *, *, #5545, .F. ) ;
#2126 = DIRECTION ( 'NONE',  ( 1.000000000000000000, 0.000000000000000000, 0.000000000000000000 ) ) ;
#2127 = LINE ( 'NONE', #594, #11688 ) ;
#2128 = EDGE_LOOP ( 'NONE', ( #10498, #6935, #4664, #4401 ) ) ;
#2129 = EDGE_CURVE ( 'NONE', #9286, #2465, #3107, .T. ) ;
#2130 = EDGE_CURVE ( 'NONE', #8650, #430, #4079, .T. ) ;
#2131 = ORIENTED_EDGE ( 'NONE', *, *, #5641, .T. ) ;
#2132 = CARTESIAN_POINT ( 'NONE',  ( -60.00000000000000000, 7.500000000000000000, 8.000000000000000000 ) ) ;
#2133 = CARTESIAN_POINT ( 'NONE',  ( 2.375000000000005773, 7.500000000000000000, 25.50374022699554288 ) ) ;
#2134 = DIRECTION ( 'NONE',  ( -0.7071067811865452413, -0.000000000000000000, -0.7071067811865497932 ) ) ;
#2135 = VERTEX_POINT ( 'NONE', #1345 ) ;
#2136 = CARTESIAN_POINT ( 'NONE',  ( 18.54999999999999716, 10.80000000000000071, -35.45000000000039364 ) ) ;
#2137 = CARTESIAN_POINT ( 'NONE',  ( 57.19185245480485946, 10.49999999999999822, -36.19185245480490920 ) ) ;
#2138 = ORIENTED_EDGE ( 'NONE', *, *, #4305, .T. ) ;
#2139 = CARTESIAN_POINT ( 'NONE',  ( 53.44999999999999574, 7.500000000000000000, 35.44999999999998863 ) ) ;
#2140 = EDGE_CURVE ( 'NONE', #7730, #3666, #8921, .T. ) ;
#2141 = ORIENTED_EDGE ( 'NONE', *, *, #6680, .T. ) ;
#2142 = LINE ( 'NONE', #10746, #9193 ) ;
#2143 = DIRECTION ( 'NONE',  ( 0.000000000000000000, 0.000000000000000000, 1.000000000000000000 ) ) ;
#2144 = ORIENTED_EDGE ( 'NONE', *, *, #4779, .T. ) ;
#2145 = VECTOR ( 'NONE', #1346, 1000.000000000000114 ) ;
#2146 = CARTESIAN_POINT ( 'NONE',  ( -27.54999999999999361, 10.80000000000000071, -35.45000000000039364 ) ) ;
#2147 = DIRECTION ( 'NONE',  ( -0.000000000000000000, -0.2756373558170040483, -0.9612616959383175619 ) ) ;
#2148 = DIRECTION ( 'NONE',  ( 0.000000000000000000, 0.000000000000000000, -1.000000000000000000 ) ) ;
#2149 = EDGE_CURVE ( 'NONE', #10748, #1633, #10560, .T. ) ;
#2150 = ORIENTED_EDGE ( 'NONE', *, *, #11594, .T. ) ;
#2151 = VECTOR ( 'NONE', #4524, 1000.000000000000000 ) ;
#2152 = CARTESIAN_POINT ( 'NONE',  ( 61.43449314192414334, 7.500000000000000000, 33.36342533005872468 ) ) ;
#2153 = ORIENTED_EDGE ( 'NONE', *, *, #221, .F. ) ;
#2154 = VECTOR ( 'NONE', #7117, 1000.000000000000227 ) ;
#2155 = ADVANCED_FACE ( 'NONE', ( #2258 ), #7842, .F. ) ;
#2156 = DIRECTION ( 'NONE',  ( 0.000000000000000000, -0.2756373558170042704, 0.9612616959383174509 ) ) ;
#2157 = CARTESIAN_POINT ( 'NONE',  ( -24.62500000000000000, 10.80000000000000071, 0.000000000000000000 ) ) ;
#2158 = AXIS2_PLACEMENT_3D ( 'NONE', #4084, #2147, #9547 ) ;
#2159 = VECTOR ( 'NONE', #5674, 1000.000000000000000 ) ;
#2160 = DIRECTION ( 'NONE',  ( -1.000000000000000000, -0.000000000000000000, -0.000000000000000000 ) ) ;
#2161 = EDGE_CURVE ( 'NONE', #6755, #10139, #9707, .T. ) ;
#2162 = VERTEX_POINT ( 'NONE', #11588 ) ;
#2163 = PLANE ( 'NONE',  #3726 ) ;
#2164 = ORIENTED_EDGE ( 'NONE', *, *, #9644, .T. ) ;
#2165 = EDGE_CURVE ( 'NONE', #10964, #10876, #555, .T. ) ;
#2166 = CARTESIAN_POINT ( 'NONE',  ( -27.55000000000000426, 7.500000000000000000, 35.45000000000000284 ) ) ;
#2167 = DIRECTION ( 'NONE',  ( -0.2657276780299911434, 0.9267025424900801056, 0.2657276780299911434 ) ) ;
#2168 = ORIENTED_EDGE ( 'NONE', *, *, #7434, .T. ) ;
#2169 = LINE ( 'NONE', #5928, #11592 ) ;
#2170 = LINE ( 'NONE', #8544, #5095 ) ;
#2171 = VECTOR ( 'NONE', #2220, 1000.000000000000000 ) ;
#2172 = ADVANCED_FACE ( 'NONE', ( #8863 ), #1842, .F. ) ;
#2173 = DIRECTION ( 'NONE',  ( 0.000000000000000000, 0.000000000000000000, 1.000000000000000000 ) ) ;
#2174 = ORIENTED_EDGE ( 'NONE', *, *, #11006, .F. ) ;
#2175 = DIRECTION ( 'NONE',  ( -0.000000000000000000, -0.2756373558170042704, -0.9612616959383174509 ) ) ;
#2176 = AXIS2_PLACEMENT_3D ( 'NONE', #9439, #5749, #4659 ) ;
#2177 = LINE ( 'NONE', #10650, #2630 ) ;
#2178 = LINE ( 'NONE', #5077, #1680 ) ;
#2179 = ORIENTED_EDGE ( 'NONE', *, *, #5579, .T. ) ;
#2180 = VECTOR ( 'NONE', #2434, 1000.000000000000000 ) ;
#2181 = CARTESIAN_POINT ( 'NONE',  ( -26.45000000000000284, 7.500000000000000000, -35.44999999999999574 ) ) ;
#2182 = CARTESIAN_POINT ( 'NONE',  ( 0.5499999999999949374, 10.80000000000000071, 9.549999999999611688 ) ) ;
#2183 = EDGE_LOOP ( 'NONE', ( #11178, #6111, #5835, #11931 ) ) ;
#2184 = LINE ( 'NONE', #1948, #7695 ) ;
#2185 = PLANE ( 'NONE',  #3369 ) ;
#2187 = VERTEX_POINT ( 'NONE', #11713 ) ;
#2186 = EDGE_CURVE ( 'NONE', #11089, #4117, #9052, .T. ) ;
#2188 = ORIENTED_EDGE ( 'NONE', *, *, #5752, .F. ) ;
#2189 = FACE_OUTER_BOUND ( 'NONE', #1176, .T. ) ;
#2190 = CARTESIAN_POINT ( 'NONE',  ( -0.5499999999999949374, 10.80000000000000071, 27.54999999999960991 ) ) ;
#2191 = VECTOR ( 'NONE', #9361, 1000.000000000000114 ) ;
#2192 = EDGE_CURVE ( 'NONE', #1756, #3335, #5478, .T. ) ;
#2193 = VECTOR ( 'NONE', #4408, 1000.000000000000000 ) ;
#2194 = PLANE ( 'NONE',  #3522 ) ;
#2195 = ORIENTED_EDGE ( 'NONE', *, *, #5024, .F. ) ;
#2196 = LINE ( 'NONE', #6926, #11861 ) ;
#2197 = SURFACE_SIDE_STYLE ('',( #1286 ) ) ;
#2198 = ORIENTED_EDGE ( 'NONE', *, *, #10472, .F. ) ;
#2199 = VECTOR ( 'NONE', #6027, 1000.000000000000000 ) ;
#2200 = CARTESIAN_POINT ( 'NONE',  ( 56.48474567361831333, 9.499999999999980460, -35.48474567361837018 ) ) ;
#2201 = VECTOR ( 'NONE', #1055, 1000.000000000000114 ) ;
#2202 = ORIENTED_EDGE ( 'NONE', *, *, #6211, .T. ) ;
#2203 = DIRECTION ( 'NONE',  ( 0.5001519828512179799, 0.8323926831162092865, 0.2386847610229713423 ) ) ;
#2204 = PLANE ( 'NONE',  #8343 ) ;
#2205 = VERTEX_POINT ( 'NONE', #3657 ) ;
#2206 = CARTESIAN_POINT ( 'NONE',  ( 19.83347944262236595, 18.51173940819399988, -28.66130569147442486 ) ) ;
#2207 = VECTOR ( 'NONE', #1661, 1000.000000000000114 ) ;
#2208 = VECTOR ( 'NONE', #6213, 1000.000000000000114 ) ;
#2209 = EDGE_CURVE ( 'NONE', #5251, #2205, #8022, .T. ) ;
#2210 = DIRECTION ( 'NONE',  ( -0.000000000000000000, -0.2756373558170023830, -0.9612616959383180060 ) ) ;
#2211 = AXIS2_PLACEMENT_3D ( 'NONE', #8179, #10966, #1751 ) ;
#2212 = LINE ( 'NONE', #3114, #11480 ) ;
#2213 = ORIENTED_EDGE ( 'NONE', *, *, #2161, .F. ) ;
#2214 = DIRECTION ( 'NONE',  ( 0.000000000000000000, 0.000000000000000000, -1.000000000000000000 ) ) ;
#2215 = ORIENTED_EDGE ( 'NONE', *, *, #9717, .F. ) ;
#2216 = CARTESIAN_POINT ( 'NONE',  ( 18.54999999999999716, 10.80000000000000071, 27.54999999999960991 ) ) ;
#2217 = EDGE_CURVE ( 'NONE', #2960, #1504, #3533, .T. ) ;
#2218 = DIRECTION ( 'NONE',  ( -1.000000000000000000, 0.000000000000000000, 0.000000000000000000 ) ) ;
#2219 = ORIENTED_EDGE ( 'NONE', *, *, #7669, .T. ) ;
#2220 = DIRECTION ( 'NONE',  ( -1.000000000000000000, -0.000000000000000000, -0.000000000000000000 ) ) ;
#2221 = EDGE_LOOP ( 'NONE', ( #4545, #10385, #7368, #4725 ) ) ;
#2222 = CARTESIAN_POINT ( 'NONE',  ( -0.1196054969277143137, 12.30096400656391431, 18.11960549692732769 ) ) ;
#2223 = DIRECTION ( 'NONE',  ( 1.000000000000000000, 0.000000000000000000, 0.000000000000000000 ) ) ;
#2224 = VERTEX_POINT ( 'NONE', #1649 ) ;
#2225 = DIRECTION ( 'NONE',  ( -1.000000000000000000, 0.000000000000000000, -0.000000000000000000 ) ) ;
#2226 = CARTESIAN_POINT ( 'NONE',  ( 20.65831223607735723, -3.969694544262568403, -4.785141759634750969 ) ) ;
#2227 = DIRECTION ( 'NONE',  ( 0.2657276780299913099, -0.9267025424900799946, 0.2657276780299913099 ) ) ;
#2228 = VERTEX_POINT ( 'NONE', #3473 ) ;
#2229 = LINE ( 'NONE', #2115, #6239 ) ;
#2230 = DIRECTION ( 'NONE',  ( 1.000000000000000000, 0.000000000000000000, 0.000000000000000000 ) ) ;
#2231 = LINE ( 'NONE', #2414, #11945 ) ;
#2232 = VECTOR ( 'NONE', #11879, 1000.000000000000000 ) ;
#2233 = ORIENTED_EDGE ( 'NONE', *, *, #2650, .F. ) ;
#2234 = EDGE_CURVE ( 'NONE', #5495, #6439, #7229, .T. ) ;
#2235 = ORIENTED_EDGE ( 'NONE', *, *, #1995, .T. ) ;
#2236 = DIRECTION ( 'NONE',  ( 0.2756373558170042704, 0.9612616959383174509, 0.000000000000000000 ) ) ;
#2237 = FACE_OUTER_BOUND ( 'NONE', #554, .T. ) ;
#2238 = ORIENTED_EDGE ( 'NONE', *, *, #7956, .F. ) ;
#2239 = CARTESIAN_POINT ( 'NONE',  ( 20.65831223607736788, -3.969694544262557745, 22.21485824036521706 ) ) ;
#2240 = DIRECTION ( 'NONE',  ( 0.000000000000000000, 0.000000000000000000, 1.000000000000000000 ) ) ;
#2241 = CARTESIAN_POINT ( 'NONE',  ( 25.80943399447264142, 8.566080860090407256, 0.000000000000000000 ) ) ;
#2242 = ORIENTED_EDGE ( 'NONE', *, *, #8208, .F. ) ;
#2243 = ORIENTED_EDGE ( 'NONE', *, *, #5420, .T. ) ;
#2244 = CARTESIAN_POINT ( 'NONE',  ( -1.496259773004063209, 7.500000000000000000, 0.000000000000000000 ) ) ;
#2245 = VECTOR ( 'NONE', #3415, 1000.000000000000000 ) ;
#2246 = LINE ( 'NONE', #1455, #1856 ) ;
#2247 = ADVANCED_FACE ( 'NONE', ( #10862 ), #1583, .F. ) ;
#2249 = CARTESIAN_POINT ( 'NONE',  ( 0.000000000000000000, 7.500000000000000000, 1.496259773003681737 ) ) ;
#2248 = AXIS2_PLACEMENT_3D ( 'NONE', #4786, #1987, #2845 ) ;
#2250 = ORIENTED_EDGE ( 'NONE', *, *, #6349, .F. ) ;
#2251 = DIRECTION ( 'NONE',  ( -0.5001519828512179799, 0.8323926831162092865, 0.2386847610229713423 ) ) ;
#2252 = DIRECTION ( 'NONE',  ( -0.5001519828512182020, -0.8323926831162096196, 0.2386847610229694550 ) ) ;
#2253 = EDGE_LOOP ( 'NONE', ( #9327, #10113, #1118, #10814 ) ) ;
#2254 = EDGE_CURVE ( 'NONE', #11602, #525, #11956, .T. ) ;
#2255 = LINE ( 'NONE', #9772, #1035 ) ;
#2256 = EDGE_CURVE ( 'NONE', #6973, #3101, #2501, .T. ) ;
#2257 = VERTEX_POINT ( 'NONE', #5541 ) ;
#2258 = FACE_OUTER_BOUND ( 'NONE', #402, .T. ) ;
#2259 = LINE ( 'NONE', #5964, #6996 ) ;
#2260 = ORIENTED_EDGE ( 'NONE', *, *, #11970, .F. ) ;
#2261 = VECTOR ( 'NONE', #3141, 1000.000000000000114 ) ;
#2262 = VECTOR ( 'NONE', #10584, 1000.000000000000000 ) ;
#2263 = CARTESIAN_POINT ( 'NONE',  ( -16.80943399447276576, 8.566080860090838911, 34.80943399447237852 ) ) ;
#2264 = AXIS2_PLACEMENT_3D ( 'NONE', #1864, #6539, #10226 ) ;
#2265 = CARTESIAN_POINT ( 'NONE',  ( 24.62500000000000000, 10.53731005528969256, -9.625325129531292490 ) ) ;
#2266 = DIRECTION ( 'NONE',  ( 0.000000000000000000, -0.000000000000000000, -1.000000000000000000 ) ) ;
#2267 = DIRECTION ( 'NONE',  ( -0.000000000000000000, -0.2756373558170023830, -0.9612616959383180060 ) ) ;
#2268 = ORIENTED_EDGE ( 'NONE', *, *, #3794, .T. ) ;
#2269 = AXIS2_PLACEMENT_3D ( 'NONE', #959, #7508, #8354 ) ;
#2270 = VECTOR ( 'NONE', #4553, 1000.000000000000000 ) ;
#2271 = EDGE_CURVE ( 'NONE', #1685, #3050, #11775, .T. ) ;
#2272 = EDGE_CURVE ( 'NONE', #202, #4866, #8139, .T. ) ;
#2273 = ORIENTED_EDGE ( 'NONE', *, *, #9764, .F. ) ;
#2274 = LINE ( 'NONE', #5974, #3235 ) ;
#2275 = EDGE_LOOP ( 'NONE', ( #2327, #395, #2927, #8581 ) ) ;
#2276 = EDGE_CURVE ( 'NONE', #11383, #5275, #2686, .T. ) ;
#2277 = EDGE_CURVE ( 'NONE', #5151, #7708, #6327, .T. ) ;
#2278 = FACE_BOUND ( 'NONE', #9038, .T. ) ;
#2279 = CARTESIAN_POINT ( 'NONE',  ( 61.43449314192414334, 10.49999999999999822, -33.36342533005872468 ) ) ;
#2280 = EDGE_LOOP ( 'NONE', ( #1219, #7661, #2408, #5553 ) ) ;
#2281 = CARTESIAN_POINT ( 'NONE',  ( 0.5499999999999949374, 10.80000000000000071, -35.45000000000039364 ) ) ;
#2282 = VERTEX_POINT ( 'NONE', #10807 ) ;
#2283 = DIRECTION ( 'NONE',  ( 0.000000000000000000, 0.000000000000000000, -1.000000000000000000 ) ) ;
#2284 = ORIENTED_EDGE ( 'NONE', *, *, #5821, .T. ) ;
#2285 = DIRECTION ( 'NONE',  ( -0.000000000000000000, -0.000000000000000000, 1.000000000000000000 ) ) ;
#2286 = PLANE ( 'NONE',  #2319 ) ;
#2287 = EDGE_CURVE ( 'NONE', #11940, #10488, #9112, .T. ) ;
#2288 = LINE ( 'NONE', #527, #11090 ) ;
#2289 = ORIENTED_EDGE ( 'NONE', *, *, #1172, .F. ) ;
#2290 = DIRECTION ( 'NONE',  ( 0.000000000000000000, 0.000000000000000000, 1.000000000000000000 ) ) ;
#2291 = DIRECTION ( 'NONE',  ( -0.000000000000000000, 1.000000000000000000, -0.000000000000000000 ) ) ;
#2292 = DIRECTION ( 'NONE',  ( -0.7071067811865497932, 2.453269466693400041E-14, -0.7071067811865452413 ) ) ;
#2293 = EDGE_LOOP ( 'NONE', ( #6848, #197, #3842, #4154 ) ) ;
#2294 = ORIENTED_EDGE ( 'NONE', *, *, #729, .F. ) ;
#2295 = CARTESIAN_POINT ( 'NONE',  ( 48.93261023597309389, -0.9965637948165171345, -32.06738976402728980 ) ) ;
#2296 = CARTESIAN_POINT ( 'NONE',  ( 51.62500000000000000, 7.500000000000000000, -16.50374022699631382 ) ) ;
#2297 = EDGE_LOOP ( 'NONE', ( #6484, #5844, #11253, #638 ) ) ;
#2298 = CARTESIAN_POINT ( 'NONE',  ( -53.44999999999999574, 10.80000000000000071, -35.45000000000039364 ) ) ;
#2299 = DIRECTION ( 'NONE',  ( -1.000000000000000000, 0.000000000000000000, 0.000000000000000000 ) ) ;
#2300 = CARTESIAN_POINT ( 'NONE',  ( 24.62500000000000000, 10.80000000000000426, -9.550000000000384404 ) ) ;
#2302 = ORIENTED_EDGE ( 'NONE', *, *, #6574, .T. ) ;
#2301 = EDGE_CURVE ( 'NONE', #3873, #2187, #11894, .T. ) ;
#2303 = VECTOR ( 'NONE', #2523, 1000.000000000000114 ) ;
#2304 = ORIENTED_EDGE ( 'NONE', *, *, #1953, .F. ) ;
#2305 = DIRECTION ( 'NONE',  ( -0.9612616959383174509, -0.2756373558170042704, 0.000000000000000000 ) ) ;
#2306 = FACE_OUTER_BOUND ( 'NONE', #10819, .T. ) ;
#2307 = EDGE_CURVE ( 'NONE', #1136, #9731, #10078, .T. ) ;
#2308 = VECTOR ( 'NONE', #2623, 1000.000000000000227 ) ;
#2309 = LINE ( 'NONE', #7592, #1382 ) ;
#2310 = ORIENTED_EDGE ( 'NONE', *, *, #6424, .F. ) ;
#2311 = CARTESIAN_POINT ( 'NONE',  ( -2.375000000000005773, 10.53731005528968545, 33.62500000000000000 ) ) ;
#2312 = LINE ( 'NONE', #429, #8404 ) ;
#2313 = VERTEX_POINT ( 'NONE', #4570 ) ;
#2314 = ADVANCED_FACE ( 'NONE', ( #6205 ), #8268, .F. ) ;
#2315 = LINE ( 'NONE', #4193, #6136 ) ;
#2316 = CARTESIAN_POINT ( 'NONE',  ( 0.000000000000000000, 7.500000000000000000, -19.49625977300445356 ) ) ;
#2317 = ORIENTED_EDGE ( 'NONE', *, *, #6523, .T. ) ;
#2318 = DIRECTION ( 'NONE',  ( -0.000000000000000000, 0.000000000000000000, 1.000000000000000000 ) ) ;
#2319 = AXIS2_PLACEMENT_3D ( 'NONE', #9014, #7380, #1551 ) ;
#2320 = DIRECTION ( 'NONE',  ( 0.2657276780299911434, 0.9267025424900801056, 0.2657276780299911434 ) ) ;
#2321 = ORIENTED_EDGE ( 'NONE', *, *, #3976, .T. ) ;
#2322 = DIRECTION ( 'NONE',  ( 0.5001519828512179799, -0.8323926831162092865, 0.2386847610229711203 ) ) ;
#2323 = FACE_OUTER_BOUND ( 'NONE', #587, .T. ) ;
#2324 = FACE_BOUND ( 'NONE', #10371, .T. ) ;
#2325 = DIRECTION ( 'NONE',  ( 1.000000000000000000, 0.000000000000000000, 0.000000000000000000 ) ) ;
#2326 = ORIENTED_EDGE ( 'NONE', *, *, #195, .F. ) ;
#2327 = ORIENTED_EDGE ( 'NONE', *, *, #4711, .F. ) ;
#2328 = PLANE ( 'NONE',  #1357 ) ;
#2329 = ORIENTED_EDGE ( 'NONE', *, *, #9250, .F. ) ;
#2330 = ADVANCED_FACE ( 'NONE', ( #931 ), #5724, .F. ) ;
#2331 = VECTOR ( 'NONE', #11787, 1000.000000000000000 ) ;
#2332 = LINE ( 'NONE', #10518, #10474 ) ;
#2333 = CARTESIAN_POINT ( 'NONE',  ( -51.62500000000000000, 10.80000000000000071, 0.000000000000000000 ) ) ;
#2334 = ADVANCED_FACE ( 'NONE', ( #5601 ), #2075, .F. ) ;
#2335 = VERTEX_POINT ( 'NONE', #1901 ) ;
#2336 = CARTESIAN_POINT ( 'NONE',  ( -51.62500000000000000, 10.80000000000000426, 26.44999999999961204 ) ) ;
#2337 = VECTOR ( 'NONE', #11745, 1000.000000000000000 ) ;
#2338 = ORIENTED_EDGE ( 'NONE', *, *, #5559, .F. ) ;
#2339 = CARTESIAN_POINT ( 'NONE',  ( 61.85875721063606392, 9.699999999999974420, 33.78768939877064525 ) ) ;
#2340 = ORIENTED_EDGE ( 'NONE', *, *, #11388, .T. ) ;
#2341 = PLANE ( 'NONE',  #8311 ) ;
#2342 = CARTESIAN_POINT ( 'NONE',  ( 45.54999999999999005, 10.80000000000000071, -9.550000000000384404 ) ) ;
#2343 = CARTESIAN_POINT ( 'NONE',  ( -27.55000000000000426, -11.50000000000000000, 35.45000000000000284 ) ) ;
#2344 = CARTESIAN_POINT ( 'NONE',  ( -28.49625977300406277, 7.500000000000000000, 0.000000000000000000 ) ) ;
#2345 = CARTESIAN_POINT ( 'NONE',  ( 29.37500000000000000, 10.80000000000000426, 8.449999999999617373 ) ) ;
#2346 = VECTOR ( 'NONE', #9657, 1000.000000000000000 ) ;
#2347 = LINE ( 'NONE', #6055, #3046 ) ;
#2348 = EDGE_LOOP ( 'NONE', ( #3742, #1727, #5507, #8590 ) ) ;
#2349 = EDGE_CURVE ( 'NONE', #10077, #205, #8383, .T. ) ;
#2350 = ORIENTED_EDGE ( 'NONE', *, *, #9460, .T. ) ;
#2351 = AXIS2_PLACEMENT_3D ( 'NONE', #9118, #809, #11900 ) ;
#2352 = DIRECTION ( 'NONE',  ( -1.000000000000000000, 0.000000000000000000, 0.000000000000000000 ) ) ;
#2353 = LINE ( 'NONE', #1503, #7254 ) ;
#2354 = ORIENTED_EDGE ( 'NONE', *, *, #11969, .T. ) ;
#2355 = PLANE ( 'NONE',  #7308 ) ;
#2356 = CARTESIAN_POINT ( 'NONE',  ( 2.375000000000005773, 10.53731005528968545, -0.6253251295312858282 ) ) ;
#2357 = DIRECTION ( 'NONE',  ( -0.000000000000000000, 0.000000000000000000, 1.000000000000000000 ) ) ;
#2358 = ORIENTED_EDGE ( 'NONE', *, *, #2373, .F. ) ;
#2359 = ORIENTED_EDGE ( 'NONE', *, *, #11886, .T. ) ;
#2360 = VECTOR ( 'NONE', #1144, 1000.000000000000000 ) ;
#2361 = CARTESIAN_POINT ( 'NONE',  ( 24.62500000000000000, 10.53731005528970144, 18.62532512953050912 ) ) ;
#2362 = FACE_OUTER_BOUND ( 'NONE', #11395, .T. ) ;
#2363 = VECTOR ( 'NONE', #10419, 1000.000000000000000 ) ;
#2364 = EDGE_CURVE ( 'NONE', #11875, #8660, #9413, .T. ) ;
#2365 = VECTOR ( 'NONE', #4895, 1000.000000000000114 ) ;
#2366 = FACE_OUTER_BOUND ( 'NONE', #5535, .T. ) ;
#2367 = ORIENTED_EDGE ( 'NONE', *, *, #1464, .F. ) ;
#2368 = DIRECTION ( 'NONE',  ( 1.000000000000000000, 0.000000000000000000, 2.679109615408197094E-16 ) ) ;
#2369 = DIRECTION ( 'NONE',  ( -0.000000000000000000, 0.000000000000000000, 1.000000000000000000 ) ) ;
#2370 = ORIENTED_EDGE ( 'NONE', *, *, #7809, .F. ) ;
#2371 = DIRECTION ( 'NONE',  ( -0.2657276780299894225, 0.9267025424900811048, 0.2657276780299894225 ) ) ;
#2372 = DIRECTION ( 'NONE',  ( -0.5001519828512182020, 0.8323926831162096196, 0.2386847610229694550 ) ) ;
#2373 = EDGE_CURVE ( 'NONE', #914, #4049, #2922, .T. ) ;
#2374 = ORIENTED_EDGE ( 'NONE', *, *, #11442, .T. ) ;
#2375 = DIRECTION ( 'NONE',  ( 0.000000000000000000, 0.000000000000000000, 1.000000000000000000 ) ) ;
#2376 = VECTOR ( 'NONE', #3525, 1000.000000000000000 ) ;
#2377 = DIRECTION ( 'NONE',  ( 0.000000000000000000, -0.000000000000000000, 1.000000000000000000 ) ) ;
#2378 = ORIENTED_EDGE ( 'NONE', *, *, #8239, .F. ) ;
#2379 = CARTESIAN_POINT ( 'NONE',  ( 29.37500000000000000, 10.53731005528972631, -33.62500000000000000 ) ) ;
#2380 = VECTOR ( 'NONE', #1546, 1000.000000000000227 ) ;
#2381 = CARTESIAN_POINT ( 'NONE',  ( -26.45000000000000284, 10.80000000000000071, 26.44999999999961204 ) ) ;
#2382 = DIRECTION ( 'NONE',  ( -0.000000000000000000, -0.2756373558170040483, -0.9612616959383175619 ) ) ;
#2383 = AXIS2_PLACEMENT_3D ( 'NONE', #1171, #7598, #5787 ) ;
#2384 = CARTESIAN_POINT ( 'NONE',  ( -57.99999999999999289, 7.500000000000000000, 8.000000000000000000 ) ) ;
#2385 = PLANE ( 'NONE',  #3355 ) ;
#2386 = ORIENTED_EDGE ( 'NONE', *, *, #8353, .F. ) ;
#2387 = EDGE_CURVE ( 'NONE', #2313, #5908, #5830, .T. ) ;
#2388 = MECHANICAL_DESIGN_GEOMETRIC_PRESENTATION_REPRESENTATION (  '', ( #4337 ), #5704 ) ;
#2389 = VERTEX_POINT ( 'NONE', #3777 ) ;
#2390 = LINE ( 'NONE', #8649, #7500 ) ;
#2391 = ORIENTED_EDGE ( 'NONE', *, *, #7376, .T. ) ;
#2392 = VECTOR ( 'NONE', #9316, 1000.000000000000000 ) ;
#2393 = VECTOR ( 'NONE', #4086, 1000.000000000000000 ) ;
#2394 = DIRECTION ( 'NONE',  ( 0.000000000000000000, -0.000000000000000000, -1.000000000000000000 ) ) ;
#2395 = VECTOR ( 'NONE', #9152, 1000.000000000000000 ) ;
#2396 = DIRECTION ( 'NONE',  ( -0.000000000000000000, -0.2756373558170042704, -0.9612616959383174509 ) ) ;
#2397 = EDGE_LOOP ( 'NONE', ( #8952, #5722, #9825, #5528 ) ) ;
#2399 = EDGE_CURVE ( 'NONE', #7003, #9380, #1102, .T. ) ;
#2398 = CARTESIAN_POINT ( 'NONE',  ( -27.51589529291317859, 14.51721864012731977, 26.48410470708643416 ) ) ;
#2400 = VECTOR ( 'NONE', #6756, 1000.000000000000227 ) ;
#2401 = ORIENTED_EDGE ( 'NONE', *, *, #7066, .T. ) ;
#2402 = LINE ( 'NONE', #9796, #1670 ) ;
#2403 = VERTEX_POINT ( 'NONE', #3044 ) ;
#2404 = AXIS2_PLACEMENT_3D ( 'NONE', #8659, #10527, #11267 ) ;
#2405 = DIRECTION ( 'NONE',  ( -1.000000000000000000, -0.000000000000000000, -0.000000000000000000 ) ) ;
#2406 = EDGE_CURVE ( 'NONE', #11116, #2842, #2867, .T. ) ;
#2407 = LINE ( 'NONE', #3196, #3286 ) ;
#2408 = ORIENTED_EDGE ( 'NONE', *, *, #2093, .T. ) ;
#2409 = EDGE_CURVE ( 'NONE', #11705, #2541, #3959, .T. ) ;
#2410 = CARTESIAN_POINT ( 'NONE',  ( -40.07937528197223287, 29.75245638442227047, -13.11547058297211876 ) ) ;
#2411 = CARTESIAN_POINT ( 'NONE',  ( -44.37467487046910719, 10.53731005528973341, -33.62500000000000000 ) ) ;
#2412 = DIRECTION ( 'NONE',  ( 0.000000000000000000, 0.000000000000000000, 1.000000000000000000 ) ) ;
#2413 = EDGE_CURVE ( 'NONE', #5383, #49, #983, .T. ) ;
#2414 = CARTESIAN_POINT ( 'NONE',  ( -2.375000000000005773, 10.53731005528969078, -33.62500000000000000 ) ) ;
#2415 = VERTEX_POINT ( 'NONE', #8502 ) ;
#2416 = VERTEX_POINT ( 'NONE', #11346 ) ;
#2417 = CARTESIAN_POINT ( 'NONE',  ( 0.000000000000000000, 7.500000000000000000, -19.49625977300445356 ) ) ;
#2418 = LINE ( 'NONE', #10786, #4930 ) ;
#2419 = ORIENTED_EDGE ( 'NONE', *, *, #8331, .T. ) ;
#2420 = EDGE_CURVE ( 'NONE', #10215, #3790, #7414, .T. ) ;
#2421 = DIRECTION ( 'NONE',  ( 1.000000000000000000, 0.000000000000000000, 0.000000000000000000 ) ) ;
#2422 = CARTESIAN_POINT ( 'NONE',  ( 25.80943399447264142, 8.566080860090412585, 16.80943399447226128 ) ) ;
#2423 = LINE ( 'NONE', #6971, #7250 ) ;
#2424 = ORIENTED_EDGE ( 'NONE', *, *, #7317, .T. ) ;
#2425 = ORIENTED_EDGE ( 'NONE', *, *, #3797, .F. ) ;
#2426 = CARTESIAN_POINT ( 'NONE',  ( -29.37500000000000000, 10.53731005528968012, -0.6253251295312900471 ) ) ;
#2427 = EDGE_CURVE ( 'NONE', #4117, #9000, #192, .T. ) ;
#2428 = PLANE ( 'NONE',  #8257 ) ;
#2429 = EDGE_CURVE ( 'NONE', #6851, #10942, #1954, .T. ) ;
#2430 = VECTOR ( 'NONE', #8067, 1000.000000000000000 ) ;
#2431 = ADVANCED_FACE ( 'NONE', ( #9350 ), #2986, .F. ) ;
#2432 = LINE ( 'NONE', #7108, #3328 ) ;
#2433 = ORIENTED_EDGE ( 'NONE', *, *, #8848, .F. ) ;
#2434 = DIRECTION ( 'NONE',  ( -0.000000000000000000, -0.000000000000000000, 1.000000000000000000 ) ) ;
#2435 = CARTESIAN_POINT ( 'NONE',  ( -29.37500000000000000, 10.80000000000000426, -27.55000000000038796 ) ) ;
#2436 = VERTEX_POINT ( 'NONE', #2014 ) ;
#2437 = EDGE_CURVE ( 'NONE', #2228, #3983, #4753, .T. ) ;
#2438 = DIRECTION ( 'NONE',  ( -1.000000000000000000, 6.036709082546132388E-16, 1.730998474588425335E-16 ) ) ;
#2439 = PLANE ( 'NONE',  #7040 ) ;
#2440 = VECTOR ( 'NONE', #2625, 1000.000000000000000 ) ;
#2441 = ORIENTED_EDGE ( 'NONE', *, *, #3082, .F. ) ;
#2442 = LINE ( 'NONE', #11413, #3376 ) ;
#2443 = CARTESIAN_POINT ( 'NONE',  ( 52.80943399447264142, 8.566080860090407256, 0.000000000000000000 ) ) ;
#2444 = ORIENTED_EDGE ( 'NONE', *, *, #128, .F. ) ;
#2445 = EDGE_CURVE ( 'NONE', #4106, #1841, #8322, .T. ) ;
#2446 = DIRECTION ( 'NONE',  ( -0.9612616959383174509, -0.2756373558170042704, 0.000000000000000000 ) ) ;
#2447 = DIRECTION ( 'NONE',  ( -0.8571673007021120005, 0.5150380749100545996, 0.000000000000000000 ) ) ;
#2448 = AXIS2_PLACEMENT_3D ( 'NONE', #2181, #8901, #5885 ) ;
#2449 = CARTESIAN_POINT ( 'NONE',  ( 2.375000000000005773, 10.80000000000000426, -18.55000000000037730 ) ) ;
#2450 = LINE ( 'NONE', #6939, #2199 ) ;
#2451 = DIRECTION ( 'NONE',  ( -0.000000000000000000, -0.000000000000000000, 1.000000000000000000 ) ) ;
#2452 = ORIENTED_EDGE ( 'NONE', *, *, #10345, .T. ) ;
#2453 = CARTESIAN_POINT ( 'NONE',  ( 0.000000000000000000, 7.500000000000000000, 7.503740226995549101 ) ) ;
#2454 = VECTOR ( 'NONE', #6592, 1000.000000000000114 ) ;
#2455 = EDGE_LOOP ( 'NONE', ( #1261, #11095, #7342, #10031 ) ) ;
#2456 = CARTESIAN_POINT ( 'NONE',  ( 27.54999999999999005, 10.80000000000000071, -26.45000000000038298 ) ) ;
#2457 = VERTEX_POINT ( 'NONE', #6514 ) ;
#2458 = DIRECTION ( 'NONE',  ( 1.000000000000000000, 0.000000000000000000, 0.000000000000000000 ) ) ;
#2459 = EDGE_CURVE ( 'NONE', #533, #7824, #10203, .T. ) ;
#2460 = VECTOR ( 'NONE', #873, 1000.000000000000000 ) ;
#2461 = VECTOR ( 'NONE', #7154, 1000.000000000000000 ) ;
#2462 = DIRECTION ( 'NONE',  ( 0.000000000000000000, 0.000000000000000000, 1.000000000000000000 ) ) ;
#2463 = EDGE_LOOP ( 'NONE', ( #1501, #176, #4733, #3079 ) ) ;
#2464 = DIRECTION ( 'NONE',  ( 1.000000000000000000, -0.000000000000000000, 0.000000000000000000 ) ) ;
#2465 = VERTEX_POINT ( 'NONE', #7588 ) ;
#2466 = CARTESIAN_POINT ( 'NONE',  ( 26.45000000000000284, 10.80000000000000071, 9.549999999999611688 ) ) ;
#2467 = ORIENTED_EDGE ( 'NONE', *, *, #2373, .T. ) ;
#2468 = DIRECTION ( 'NONE',  ( 0.5000000000000154321, 0.7071067811865281438, -0.5000000000000121014 ) ) ;
#2469 = EDGE_CURVE ( 'NONE', #3584, #3666, #482, .T. ) ;
#2470 = DIRECTION ( 'NONE',  ( 0.000000000000000000, 0.9612616959383174509, -0.2756373558170039373 ) ) ;
#2471 = ORIENTED_EDGE ( 'NONE', *, *, #4569, .T. ) ;
#2472 = LINE ( 'NONE', #6173, #7628 ) ;
#2473 = CARTESIAN_POINT ( 'NONE',  ( 51.62500000000000000, 10.53731005528966946, 33.62500000000000000 ) ) ;
#2474 = LINE ( 'NONE', #8958, #405 ) ;
#2475 = CARTESIAN_POINT ( 'NONE',  ( 18.54999999999999716, 10.80000000000000071, 35.44999999999961204 ) ) ;
#2476 = VERTEX_POINT ( 'NONE', #10734 ) ;
#2477 = ORIENTED_EDGE ( 'NONE', *, *, #3110, .F. ) ;
#2478 = CARTESIAN_POINT ( 'NONE',  ( -19.83347944262236240, 18.51173940819400698, 1.661305691473652368 ) ) ;
#2479 = DIRECTION ( 'NONE',  ( 0.000000000000000000, 0.000000000000000000, -1.000000000000000000 ) ) ;
#2480 = VERTEX_POINT ( 'NONE', #1392 ) ;
#2481 = LINE ( 'NONE', #7880, #2857 ) ;
#2482 = DIRECTION ( 'NONE',  ( -0.000000000000000000, -0.2756373558170021609, -0.9612616959383181170 ) ) ;
#2483 = FACE_OUTER_BOUND ( 'NONE', #7112, .T. ) ;
#2484 = ORIENTED_EDGE ( 'NONE', *, *, #8715, .F. ) ;
#2485 = ADVANCED_FACE ( 'NONE', ( #7764 ), #3155, .F. ) ;
#2486 = VERTEX_POINT ( 'NONE', #9694 ) ;
#2487 = DIRECTION ( 'NONE',  ( 0.000000000000000000, 0.000000000000000000, -1.000000000000000000 ) ) ;
#2488 = EDGE_CURVE ( 'NONE', #10374, #11464, #544, .T. ) ;
#2489 = FACE_OUTER_BOUND ( 'NONE', #6638, .T. ) ;
#2490 = LINE ( 'NONE', #11767, #6816 ) ;
#2491 = ORIENTED_EDGE ( 'NONE', *, *, #1903, .F. ) ;
#2492 = LINE ( 'NONE', #5468, #2376 ) ;
#2493 = VECTOR ( 'NONE', #7615, 1000.000000000000114 ) ;
#2494 = LINE ( 'NONE', #5223, #8207 ) ;
#2495 = ORIENTED_EDGE ( 'NONE', *, *, #6073, .T. ) ;
#2496 = EDGE_CURVE ( 'NONE', #6493, #358, #9642, .T. ) ;
#2497 = EDGE_CURVE ( 'NONE', #8660, #2187, #6008, .T. ) ;
#2498 = DIRECTION ( 'NONE',  ( 0.000000000000000000, 0.000000000000000000, -1.000000000000000000 ) ) ;
#2499 = DIRECTION ( 'NONE',  ( -0.000000000000000000, -0.000000000000000000, -1.000000000000000000 ) ) ;
#2500 = VERTEX_POINT ( 'NONE', #6975 ) ;
#2501 = LINE ( 'NONE', #679, #6393 ) ;
#2502 = CARTESIAN_POINT ( 'NONE',  ( -0.4124163967275037423, 7.271022431965715960, -7.438081965920221528 ) ) ;
#2503 = CARTESIAN_POINT ( 'NONE',  ( 28.19056600552735148, 8.566080860090391269, 19.19056600552696779 ) ) ;
#2504 = PLANE ( 'NONE',  #11068 ) ;
#2505 = CARTESIAN_POINT ( 'NONE',  ( -8.449999999999999289, 10.80000000000000071, 8.449999999999617373 ) ) ;
#2506 = CARTESIAN_POINT ( 'NONE',  ( -3.297109446132143518, 1.219690838747078621, 23.70289055386746213 ) ) ;
#2507 = CARTESIAN_POINT ( 'NONE',  ( -50.70289055386778898, 1.219690838746894768, -23.70289055386817267 ) ) ;
#2508 = VERTEX_POINT ( 'NONE', #2361 ) ;
#2509 = ADVANCED_FACE ( 'NONE', ( #8850 ), #367, .F. ) ;
#2510 = PLANE ( 'NONE',  #3970 ) ;
#2511 = ADVANCED_FACE ( 'NONE', ( #2189 ), #10667, .F. ) ;
#2512 = VERTEX_POINT ( 'NONE', #10489 ) ;
#2513 = CARTESIAN_POINT ( 'NONE',  ( -52.80943399447264852, 8.566080860090432125, -1.190566005527728954 ) ) ;
#2514 = ORIENTED_EDGE ( 'NONE', *, *, #471, .T. ) ;
#2515 = CARTESIAN_POINT ( 'NONE',  ( 44.45000000000000284, 10.80000000000000071, -35.45000000000039364 ) ) ;
#2516 = CARTESIAN_POINT ( 'NONE',  ( 51.62500000000000000, 10.53731005528969256, -33.62500000000000000 ) ) ;
#2518 = VERTEX_POINT ( 'NONE', #3097 ) ;
#2517 = EDGE_CURVE ( 'NONE', #159, #11822, #7038, .T. ) ;
#2519 = LINE ( 'NONE', #698, #4127 ) ;
#2520 = ORIENTED_EDGE ( 'NONE', *, *, #3427, .F. ) ;
#2521 = DIRECTION ( 'NONE',  ( -0.7071067811865474617, 0.000000000000000000, -0.7071067811865474617 ) ) ;
#2522 = ORIENTED_EDGE ( 'NONE', *, *, #6399, .F. ) ;
#2523 = DIRECTION ( 'NONE',  ( 0.2386847610229713423, -0.8323926831162092865, -0.5001519828512179799 ) ) ;
#2524 = CARTESIAN_POINT ( 'NONE',  ( -25.80943399447264142, 8.566080860090405480, 28.19056600552696779 ) ) ;
#2525 = ORIENTED_EDGE ( 'NONE', *, *, #917, .T. ) ;
#2526 = DIRECTION ( 'NONE',  ( -0.9612616959383180060, -0.2756373558170023830, 0.000000000000000000 ) ) ;
#2527 = CARTESIAN_POINT ( 'NONE',  ( -3.482387728013483552E-16, 8.566080860089984483, -34.80943399447291142 ) ) ;
#2528 = AXIS2_PLACEMENT_3D ( 'NONE', #2030, #2877, #6700 ) ;
#2529 = DIRECTION ( 'NONE',  ( 1.000000000000000000, 0.000000000000000000, 2.679109615408197094E-16 ) ) ;
#2530 = EDGE_CURVE ( 'NONE', #10003, #11785, #5032, .T. ) ;
#2531 = CARTESIAN_POINT ( 'NONE',  ( 36.54999999999999716, 10.80000000000000071, 35.44999999999961204 ) ) ;
#2532 = ORIENTED_EDGE ( 'NONE', *, *, #4248, .F. ) ;
#2533 = ORIENTED_EDGE ( 'NONE', *, *, #9071, .T. ) ;
#2534 = ORIENTED_EDGE ( 'NONE', *, *, #11394, .F. ) ;
#2535 = LINE ( 'NONE', #8964, #6132 ) ;
#2536 = CARTESIAN_POINT ( 'NONE',  ( -28.19056600552735503, 8.566080860090394822, 28.19056600552697134 ) ) ;
#2537 = ORIENTED_EDGE ( 'NONE', *, *, #6795, .F. ) ;
#2538 = EDGE_CURVE ( 'NONE', #4918, #1685, #7885, .T. ) ;
#2539 = DIRECTION ( 'NONE',  ( -0.000000000000000000, -0.000000000000000000, 1.000000000000000000 ) ) ;
#2540 = CARTESIAN_POINT ( 'NONE',  ( -28.19056600552735148, 8.566080860090394822, 0.000000000000000000 ) ) ;
#2541 = VERTEX_POINT ( 'NONE', #5893 ) ;
#2542 = ORIENTED_EDGE ( 'NONE', *, *, #8673, .T. ) ;
#2543 = VECTOR ( 'NONE', #3503, 1000.000000000000227 ) ;
#2544 = ORIENTED_EDGE ( 'NONE', *, *, #7687, .F. ) ;
#2545 = FACE_OUTER_BOUND ( 'NONE', #9608, .T. ) ;
#2546 = DIRECTION ( 'NONE',  ( -1.020425574104004246E-16, -0.000000000000000000, 1.000000000000000000 ) ) ;
#2547 = VECTOR ( 'NONE', #3661, 1000.000000000000000 ) ;
#2548 = CARTESIAN_POINT ( 'NONE',  ( 2.375000000000005773, 10.53731005528968545, 33.62500000000000000 ) ) ;
#2549 = ORIENTED_EDGE ( 'NONE', *, *, #8168, .T. ) ;
#2550 = EDGE_CURVE ( 'NONE', #8908, #8424, #11516, .T. ) ;
#2551 = DIRECTION ( 'NONE',  ( -0.2756373558170042704, 0.9612616959383174509, 0.000000000000000000 ) ) ;
#2552 = DIRECTION ( 'NONE',  ( -0.5001519828512179799, -0.8323926831162092865, 0.2386847610229713423 ) ) ;
#2553 = VERTEX_POINT ( 'NONE', #2426 ) ;
#2554 = VECTOR ( 'NONE', #4310, 1000.000000000000000 ) ;
#2555 = DIRECTION ( 'NONE',  ( -0.2657276780299913099, 0.9267025424900799946, 0.2657276780299913099 ) ) ;
#2556 = CARTESIAN_POINT ( 'NONE',  ( 27.54999999999999005, 10.80000000000000071, -27.55000000000038796 ) ) ;
#2557 = ORIENTED_EDGE ( 'NONE', *, *, #900, .F. ) ;
#2558 = DIRECTION ( 'NONE',  ( 0.000000000000000000, 0.000000000000000000, -1.000000000000000000 ) ) ;
#2559 = CARTESIAN_POINT ( 'NONE',  ( 25.80943399447264497, 8.566080860090401927, 25.80943399447225417 ) ) ;
#2560 = VECTOR ( 'NONE', #4251, 1000.000000000000000 ) ;
#2561 = CARTESIAN_POINT ( 'NONE',  ( -26.45000000000000284, 10.80000000000000071, 35.44999999999961204 ) ) ;
#2562 = ADVANCED_FACE ( 'NONE', ( #420 ), #9586, .F. ) ;
#2563 = AXIS2_PLACEMENT_3D ( 'NONE', #10749, #2446, #6149 ) ;
#2564 = DIRECTION ( 'NONE',  ( -1.000000000000000000, 0.000000000000000000, 0.000000000000000000 ) ) ;
#2565 = FACE_OUTER_BOUND ( 'NONE', #592, .T. ) ;
#2566 = CARTESIAN_POINT ( 'NONE',  ( 50.06738976402689190, -0.9965637948165171345, -32.06738976402728980 ) ) ;
#2567 = CARTESIAN_POINT ( 'NONE',  ( 62.00000000000000000, 7.500000000000000000, -34.00000000000000000 ) ) ;
#2568 = ORIENTED_EDGE ( 'NONE', *, *, #2571, .T. ) ;
#2569 = AXIS2_PLACEMENT_3D ( 'NONE', #8508, #11236, #258 ) ;
#2570 = DIRECTION ( 'NONE',  ( 0.8164965809277230369, 0.5773502691896301720, 0.000000000000000000 ) ) ;
#2571 = EDGE_CURVE ( 'NONE', #11507, #4350, #9759, .T. ) ;
#2572 = ORIENTED_EDGE ( 'NONE', *, *, #3696, .T. ) ;
#2573 = CARTESIAN_POINT ( 'NONE',  ( -28.49625977300406277, 7.500000000000000000, 0.000000000000000000 ) ) ;
#2574 = PLANE ( 'NONE',  #1761 ) ;
#2575 = ORIENTED_EDGE ( 'NONE', *, *, #7066, .F. ) ;
#2576 = EDGE_CURVE ( 'NONE', #10278, #8898, #11575, .T. ) ;
#2577 = CARTESIAN_POINT ( 'NONE',  ( -24.62500000000000000, 10.53731005528970144, 27.62532512953050912 ) ) ;
#2578 = VECTOR ( 'NONE', #7896, 1000.000000000000114 ) ;
#2579 = PLANE ( 'NONE',  #9055 ) ;
#2580 = ADVANCED_FACE ( 'NONE', ( #6918 ), #10607, .F. ) ;
#2581 = VECTOR ( 'NONE', #9605, 1000.000000000000000 ) ;
#2582 = VERTEX_POINT ( 'NONE', #8066 ) ;
#2583 = DIRECTION ( 'NONE',  ( -0.4578768884082908830, -0.7620351108204154178, 0.4578768884082911050 ) ) ;
#2584 = EDGE_CURVE ( 'NONE', #5973, #2512, #9100, .T. ) ;
#2585 = ORIENTED_EDGE ( 'NONE', *, *, #1477, .T. ) ;
#2586 = DIRECTION ( 'NONE',  ( -1.000000000000000000, -0.000000000000000000, -0.000000000000000000 ) ) ;
#2587 = ORIENTED_EDGE ( 'NONE', *, *, #2119, .F. ) ;
#2588 = DIRECTION ( 'NONE',  ( -0.5001519828512179799, -0.8323926831162092865, -0.2386847610229711203 ) ) ;
#2589 = VECTOR ( 'NONE', #5920, 1000.000000000000114 ) ;
#2590 = CARTESIAN_POINT ( 'NONE',  ( 2.375000000000005773, 10.80000000000000071, 0.000000000000000000 ) ) ;
#2591 = VERTEX_POINT ( 'NONE', #10796 ) ;
#2592 = LINE ( 'NONE', #11802, #2012 ) ;
#2593 = AXIS2_PLACEMENT_3D ( 'NONE', #10261, #4818, #1110 ) ;
#2594 = CARTESIAN_POINT ( 'NONE',  ( -35.44999999999999574, 10.80000000000000426, -33.62500000000000000 ) ) ;
#2595 = EDGE_CURVE ( 'NONE', #4567, #11116, #1511, .T. ) ;
#2596 = CARTESIAN_POINT ( 'NONE',  ( 29.37500000000000000, 7.500000000000000000, 16.50374022699554644 ) ) ;
#2597 = LINE ( 'NONE', #11805, #4017 ) ;
#2598 = VECTOR ( 'NONE', #1451, 1000.000000000000114 ) ;
#2599 = EDGE_LOOP ( 'NONE', ( #6593, #9385, #1570, #3583 ) ) ;
#2600 = ORIENTED_EDGE ( 'NONE', *, *, #5155, .F. ) ;
#2601 = AXIS2_PLACEMENT_3D ( 'NONE', #3887, #6447, #9343 ) ;
#2602 = ORIENTED_EDGE ( 'NONE', *, *, #4929, .T. ) ;
#2603 = DIRECTION ( 'NONE',  ( -1.000000000000000000, 0.000000000000000000, -2.679109615408197094E-16 ) ) ;
#2604 = CARTESIAN_POINT ( 'NONE',  ( -28.49625977300406277, 7.500000000000000000, 0.000000000000000000 ) ) ;
#2605 = ORIENTED_EDGE ( 'NONE', *, *, #5880, .T. ) ;
#2606 = DIRECTION ( 'NONE',  ( -1.000000000000000000, -0.000000000000000000, -0.000000000000000000 ) ) ;
#2607 = LINE ( 'NONE', #3512, #2798 ) ;
#2608 = ORIENTED_EDGE ( 'NONE', *, *, #7104, .T. ) ;
#2609 = ORIENTED_EDGE ( 'NONE', *, *, #1917, .F. ) ;
#2610 = ORIENTED_EDGE ( 'NONE', *, *, #10116, .T. ) ;
#2611 = DIRECTION ( 'NONE',  ( 0.5001519828512179799, -0.8323926831162092865, -0.2386847610229711203 ) ) ;
#2612 = CARTESIAN_POINT ( 'NONE',  ( 29.37500000000000355, 10.53731005528968545, 18.62532512953051267 ) ) ;
#2613 = EDGE_CURVE ( 'NONE', #11676, #4012, #11763, .T. ) ;
#2614 = ORIENTED_EDGE ( 'NONE', *, *, #11910, .T. ) ;
#2615 = CARTESIAN_POINT ( 'NONE',  ( -25.80943399447263786, 8.566080860090419691, -19.19056600552773872 ) ) ;
#2616 = PLANE ( 'NONE',  #4527 ) ;
#2617 = ORIENTED_EDGE ( 'NONE', *, *, #1705, .T. ) ;
#2618 = CARTESIAN_POINT ( 'NONE',  ( 27.54999999999999005, 10.80000000000000071, -8.450000000000388312 ) ) ;
#2619 = CARTESIAN_POINT ( 'NONE',  ( 0.5499999999999949374, 10.80000000000000071, 26.44999999999961204 ) ) ;
#2620 = VERTEX_POINT ( 'NONE', #668 ) ;
#2621 = ORIENTED_EDGE ( 'NONE', *, *, #11286, .F. ) ;
#2622 = EDGE_CURVE ( 'NONE', #9992, #11184, #10006, .T. ) ;
#2623 = DIRECTION ( 'NONE',  ( 0.2657276780299911434, -0.9267025424900801056, 0.2657276780299911434 ) ) ;
#2624 = DIRECTION ( 'NONE',  ( 0.000000000000000000, 0.000000000000000000, -1.000000000000000000 ) ) ;
#2625 = DIRECTION ( 'NONE',  ( 0.000000000000000000, 0.000000000000000000, -1.000000000000000000 ) ) ;
#2626 = ADVANCED_FACE ( 'NONE', ( #8909 ), #8127, .F. ) ;
#2627 = LINE ( 'NONE', #2381, #6544 ) ;
#2628 = PLANE ( 'NONE',  #2351 ) ;
#2629 = EDGE_CURVE ( 'NONE', #2541, #11337, #1571, .T. ) ;
#2630 = VECTOR ( 'NONE', #10536, 1000.000000000000227 ) ;
#2631 = FACE_OUTER_BOUND ( 'NONE', #1676, .T. ) ;
#2632 = DIRECTION ( 'NONE',  ( 0.5001519828512179799, -0.8323926831162092865, 0.2386847610229711203 ) ) ;
#2633 = VERTEX_POINT ( 'NONE', #7218 ) ;
#2634 = PLANE ( 'NONE',  #9733 ) ;
#2635 = ORIENTED_EDGE ( 'NONE', *, *, #10111, .F. ) ;
#2636 = CARTESIAN_POINT ( 'NONE',  ( -53.44999999999999574, 7.500000000000000000, -35.45000000000003126 ) ) ;
#2637 = PLANE ( 'NONE',  #11246 ) ;
#2638 = VERTEX_POINT ( 'NONE', #6254 ) ;
#2639 = VECTOR ( 'NONE', #7274, 1000.000000000000227 ) ;
#2640 = ADVANCED_FACE ( 'NONE', ( #2545 ), #10915, .F. ) ;
#2641 = DIRECTION ( 'NONE',  ( 1.000000000000000000, 0.000000000000000000, 0.000000000000000000 ) ) ;
#2642 = LINE ( 'NONE', #6348, #7887 ) ;
#2643 = EDGE_CURVE ( 'NONE', #10077, #8764, #11942, .T. ) ;
#2644 = LINE ( 'NONE', #11973, #2380 ) ;
#2645 = EDGE_CURVE ( 'NONE', #10888, #10215, #3518, .T. ) ;
#2646 = VECTOR ( 'NONE', #3077, 1000.000000000000000 ) ;
#2647 = ORIENTED_EDGE ( 'NONE', *, *, #10180, .F. ) ;
#2648 = LINE ( 'NONE', #1672, #7301 ) ;
#2649 = ORIENTED_EDGE ( 'NONE', *, *, #43, .T. ) ;
#2650 = EDGE_CURVE ( 'NONE', #1721, #1133, #3646, .T. ) ;
#2651 = EDGE_CURVE ( 'NONE', #2055, #7730, #7282, .T. ) ;
#2652 = CARTESIAN_POINT ( 'NONE',  ( 55.00000000000000000, 0.000000000000000000, -41.00000000000000000 ) ) ;
#2653 = DIRECTION ( 'NONE',  ( 0.000000000000000000, -1.000000000000000000, 0.000000000000000000 ) ) ;
#2654 = ORIENTED_EDGE ( 'NONE', *, *, #2256, .F. ) ;
#2655 = CARTESIAN_POINT ( 'NONE',  ( -0.4124163967275039089, 7.271022431965715960, 19.56191803407978114 ) ) ;
#2656 = CARTESIAN_POINT ( 'NONE',  ( 0.000000000000000000, 7.500000000000000000, 7.503740226995549101 ) ) ;
#2657 = CARTESIAN_POINT ( 'NONE',  ( -27.55000000000000426, 82.98258077199005811, -35.45000000000002416 ) ) ;
#2658 = AXIS2_PLACEMENT_3D ( 'NONE', #2720, #9021, #9926 ) ;
#2659 = AXIS2_PLACEMENT_3D ( 'NONE', #6567, #2126, #7706 ) ;
#2660 = LINE ( 'NONE', #11748, #6911 ) ;
#2661 = ORIENTED_EDGE ( 'NONE', *, *, #6018, .T. ) ;
#2662 = ORIENTED_EDGE ( 'NONE', *, *, #5619, .T. ) ;
#2663 = ORIENTED_EDGE ( 'NONE', *, *, #9911, .T. ) ;
#2664 = EDGE_CURVE ( 'NONE', #8451, #5699, #786, .T. ) ;
#2665 = CARTESIAN_POINT ( 'NONE',  ( -2.375000000000005773, 7.500000000000000000, 10.49625977300367907 ) ) ;
#2666 = CARTESIAN_POINT ( 'NONE',  ( 29.37500000000000355, 10.53731005528968545, 27.62532512953051267 ) ) ;
#2667 = ORIENTED_EDGE ( 'NONE', *, *, #985, .F. ) ;
#2668 = AXIS2_PLACEMENT_3D ( 'NONE', #8461, #6704, #5741 ) ;
#2669 = VECTOR ( 'NONE', #2965, 1000.000000000000000 ) ;
#2670 = PLANE ( 'NONE',  #9626 ) ;
#2671 = ORIENTED_EDGE ( 'NONE', *, *, #5715, .F. ) ;
#2672 = ORIENTED_EDGE ( 'NONE', *, *, #7686, .T. ) ;
#2673 = EDGE_LOOP ( 'NONE', ( #9709, #5030, #6382, #1765 ) ) ;
#2674 = ORIENTED_EDGE ( 'NONE', *, *, #6050, .F. ) ;
#2675 = CARTESIAN_POINT ( 'NONE',  ( -52.80943399447264142, 8.566080860090405480, 28.19056600552696779 ) ) ;
#2676 = CARTESIAN_POINT ( 'NONE',  ( 61.43449314192414334, 7.500000000000000000, 33.36342533005872468 ) ) ;
#2677 = VERTEX_POINT ( 'NONE', #2675 ) ;
#2678 = CARTESIAN_POINT ( 'NONE',  ( -2.375000000000005773, 10.53731005528968545, 33.62500000000000000 ) ) ;
#2679 = DIRECTION ( 'NONE',  ( 0.9612616959383174509, -0.2756373558170042704, 0.000000000000000000 ) ) ;
#2680 = ORIENTED_EDGE ( 'NONE', *, *, #1968, .T. ) ;
#2681 = CARTESIAN_POINT ( 'NONE',  ( 29.37500000000000000, 10.80000000000000426, -26.45000000000038298 ) ) ;
#2682 = PLANE ( 'NONE',  #10710 ) ;
#2683 = ORIENTED_EDGE ( 'NONE', *, *, #3536, .F. ) ;
#2684 = EDGE_CURVE ( 'NONE', #11226, #4866, #11817, .T. ) ;
#2685 = EDGE_LOOP ( 'NONE', ( #10437, #11974, #6295, #2467 ) ) ;
#2686 = LINE ( 'NONE', #10931, #1153 ) ;
#2687 = PLANE ( 'NONE',  #601 ) ;
#2688 = CARTESIAN_POINT ( 'NONE',  ( 27.55000000000000426, 82.98258077199005811, -35.45000000000002416 ) ) ;
#2689 = VECTOR ( 'NONE', #5683, 999.9999999999998863 ) ;
#2690 = CARTESIAN_POINT ( 'NONE',  ( 18.54999999999999716, 10.80000000000000071, -27.55000000000038796 ) ) ;
#2691 = EDGE_CURVE ( 'NONE', #2582, #9030, #5341, .T. ) ;
#2692 = DIRECTION ( 'NONE',  ( 0.7071067811865497932, -2.453269466693400041E-14, -0.7071067811865452413 ) ) ;
#2693 = EDGE_CURVE ( 'NONE', #10921, #7224, #854, .T. ) ;
#2694 = PLANE ( 'NONE',  #9952 ) ;
#2695 = CARTESIAN_POINT ( 'NONE',  ( 0.000000000000000000, 7.500000000000000000, 7.503740226995549101 ) ) ;
#2696 = VERTEX_POINT ( 'NONE', #4558 ) ;
#2697 = CARTESIAN_POINT ( 'NONE',  ( -54.49999999999997868, 10.80000000000000426, -36.50000000000039080 ) ) ;
#2698 = ADVANCED_FACE ( 'NONE', ( #8253 ), #7343, .F. ) ;
#2699 = ORIENTED_EDGE ( 'NONE', *, *, #4041, .F. ) ;
#2700 = DIRECTION ( 'NONE',  ( -1.000000000000000000, 0.000000000000000000, 0.000000000000000000 ) ) ;
#2701 = CARTESIAN_POINT ( 'NONE',  ( 28.19056600552735148, 8.566080860090394822, 7.809433994472257723 ) ) ;
#2702 = VERTEX_POINT ( 'NONE', #9877 ) ;
#2703 = VECTOR ( 'NONE', #10828, 1000.000000000000000 ) ;
#2704 = CARTESIAN_POINT ( 'NONE',  ( -20.65831223607736788, -3.969694544262557745, 22.21485824036521706 ) ) ;
#2705 = CARTESIAN_POINT ( 'NONE',  ( -25.80943399447264142, 8.566080860090407256, 19.19056600552696423 ) ) ;
#2706 = CARTESIAN_POINT ( 'NONE',  ( 53.44999999999999574, 10.80000000000000071, -27.55000000000038796 ) ) ;
#2707 = AXIS2_PLACEMENT_3D ( 'NONE', #11169, #1160, #73 ) ;
#2708 = ORIENTED_EDGE ( 'NONE', *, *, #7486, .T. ) ;
#2709 = EDGE_CURVE ( 'NONE', #49, #8690, #5276, .T. ) ;
#2710 = LINE ( 'NONE', #9312, #10004 ) ;
#2711 = EDGE_LOOP ( 'NONE', ( #7294, #6243, #6228, #5931 ) ) ;
#2712 = DIRECTION ( 'NONE',  ( 0.000000000000000000, 0.000000000000000000, 1.000000000000000000 ) ) ;
#2713 = DIRECTION ( 'NONE',  ( -0.2657276780299913099, -0.9267025424900799946, 0.2657276780299913099 ) ) ;
#2714 = ORIENTED_EDGE ( 'NONE', *, *, #4041, .T. ) ;
#2715 = LINE ( 'NONE', #2655, #11880 ) ;
#2716 = LINE ( 'NONE', #9207, #11459 ) ;
#2717 = VECTOR ( 'NONE', #465, 1000.000000000000114 ) ;
#2718 = LINE ( 'NONE', #6419, #3307 ) ;
#2719 = ADVANCED_FACE ( 'NONE', ( #1826 ), #1941, .F. ) ;
#2720 = CARTESIAN_POINT ( 'NONE',  ( 29.37500000000000000, 10.80000000000000426, -33.62500000000000000 ) ) ;
#2721 = ORIENTED_EDGE ( 'NONE', *, *, #3180, .F. ) ;
#2722 = ORIENTED_EDGE ( 'NONE', *, *, #11535, .F. ) ;
#2723 = VERTEX_POINT ( 'NONE', #916 ) ;
#2724 = CARTESIAN_POINT ( 'NONE',  ( 24.62500000000000000, 7.500000000000000000, -19.49625977300445356 ) ) ;
#2725 = DIRECTION ( 'NONE',  ( -1.000000000000000000, -3.018354541273066194E-16, 8.654992372942126676E-17 ) ) ;
#2726 = ORIENTED_EDGE ( 'NONE', *, *, #6056, .F. ) ;
#2727 = PLANE ( 'NONE',  #2079 ) ;
#2728 = ORIENTED_EDGE ( 'NONE', *, *, #4869, .T. ) ;
#2729 = EDGE_LOOP ( 'NONE', ( #388, #2477, #9231, #9785 ) ) ;
#2730 = EDGE_LOOP ( 'NONE', ( #4625, #10795, #3906, #724 ) ) ;
#2731 = ORIENTED_EDGE ( 'NONE', *, *, #11132, .F. ) ;
#2732 = CARTESIAN_POINT ( 'NONE',  ( 0.000000000000000000, 7.500000000000000000, 28.49625977300367907 ) ) ;
#2733 = LINE ( 'NONE', #8189, #5740 ) ;
#2734 = ADVANCED_FACE ( 'NONE', ( #58 ), #4676, .F. ) ;
#2735 = EDGE_LOOP ( 'NONE', ( #2495, #2663, #3316, #9968 ) ) ;
#2736 = CARTESIAN_POINT ( 'NONE',  ( -29.37500000000000000, 10.80000000000000426, 27.54999999999960991 ) ) ;
#2737 = CARTESIAN_POINT ( 'NONE',  ( 60.02027957955104398, 10.49999999999999822, 31.94921176768562177 ) ) ;
#2738 = ORIENTED_EDGE ( 'NONE', *, *, #321, .T. ) ;
#2739 = AXIS2_PLACEMENT_3D ( 'NONE', #3246, #3187, #10456 ) ;
#2740 = CARTESIAN_POINT ( 'NONE',  ( -0.4124163967275036868, 7.271022431965715960, 16.43808196591944082 ) ) ;
#2741 = DIRECTION ( 'NONE',  ( -0.2657276780299913099, -0.9267025424900799946, 0.2657276780299913099 ) ) ;
#2742 = ORIENTED_EDGE ( 'NONE', *, *, #5641, .F. ) ;
#2743 = VECTOR ( 'NONE', #6147, 1000.000000000000000 ) ;
#2744 = VERTEX_POINT ( 'NONE', #5767 ) ;
#2745 = CARTESIAN_POINT ( 'NONE',  ( 37.49625977300406987, 7.500000000000000000, 0.000000000000000000 ) ) ;
#2746 = FACE_OUTER_BOUND ( 'NONE', #656, .T. ) ;
#2747 = EDGE_CURVE ( 'NONE', #202, #7413, #4737, .T. ) ;
#2748 = VECTOR ( 'NONE', #4634, 999.9999999999998863 ) ;
#2749 = VECTOR ( 'NONE', #6875, 1000.000000000000114 ) ;
#2750 = DIRECTION ( 'NONE',  ( -0.7071067811865452413, 0.000000000000000000, -0.7071067811865497932 ) ) ;
#2751 = CARTESIAN_POINT ( 'NONE',  ( -2.375000000000005773, 10.80000000000000071, 0.000000000000000000 ) ) ;
#2752 = ADVANCED_FACE ( 'NONE', ( #973 ), #11214, .F. ) ;
#2753 = DIRECTION ( 'NONE',  ( -0.9902680687415695848, 0.1391731009600706559, 0.000000000000000000 ) ) ;
#2754 = ORIENTED_EDGE ( 'NONE', *, *, #9407, .T. ) ;
#2755 = CARTESIAN_POINT ( 'NONE',  ( 18.54999999999999716, 10.80000000000000071, -0.5500000000003835154 ) ) ;
#2756 = VECTOR ( 'NONE', #225, 1000.000000000000114 ) ;
#2757 = ORIENTED_EDGE ( 'NONE', *, *, #5509, .T. ) ;
#2758 = DIRECTION ( 'NONE',  ( -0.2657276780299894225, -0.9267025424900811048, 0.2657276780299894225 ) ) ;
#2759 = CARTESIAN_POINT ( 'NONE',  ( 53.44999999999999574, 10.80000000000000071, 27.54999999999960991 ) ) ;
#2760 = ORIENTED_EDGE ( 'NONE', *, *, #5659, .T. ) ;
#2761 = AXIS2_PLACEMENT_3D ( 'NONE', #2656, #7199, #10895 ) ;
#2762 = VECTOR ( 'NONE', #10127, 1000.000000000000000 ) ;
#2763 = CARTESIAN_POINT ( 'NONE',  ( -52.50374022699593013, 7.500000000000000000, 0.000000000000000000 ) ) ;
#2764 = AXIS2_PLACEMENT_3D ( 'NONE', #7696, #9509, #11212 ) ;
#2765 = DIRECTION ( 'NONE',  ( 0.000000000000000000, 0.9612616959383180060, -0.2756373558170023830 ) ) ;
#2766 = ADVANCED_FACE ( 'NONE', ( #3764 ), #4796, .F. ) ;
#2767 = PLANE ( 'NONE',  #10513 ) ;
#2768 = ORIENTED_EDGE ( 'NONE', *, *, #3324, .T. ) ;
#2769 = DIRECTION ( 'NONE',  ( -0.000000000000000000, -0.2756373558170023830, -0.9612616959383180060 ) ) ;
#2770 = ORIENTED_EDGE ( 'NONE', *, *, #11739, .F. ) ;
#2771 = CARTESIAN_POINT ( 'NONE',  ( -2.375000000000005773, 10.80000000000000071, 0.000000000000000000 ) ) ;
#2772 = ORIENTED_EDGE ( 'NONE', *, *, #4165, .T. ) ;
#2773 = CARTESIAN_POINT ( 'NONE',  ( -53.44999999999999574, -11.50000000000000000, 35.44999999999998863 ) ) ;
#2774 = EDGE_CURVE ( 'NONE', #5774, #11604, #3881, .T. ) ;
#2775 = CARTESIAN_POINT ( 'NONE',  ( -14.06738976402690078, -0.9965637948165171345, -32.06738976402728980 ) ) ;
#2776 = VECTOR ( 'NONE', #6319, 1000.000000000000000 ) ;
#2777 = CARTESIAN_POINT ( 'NONE',  ( 0.5500000000000088152, 7.500000000000000000, 35.45000000000000995 ) ) ;
#2778 = AXIS2_PLACEMENT_3D ( 'NONE', #5561, #6533, #6591 ) ;
#2779 = LINE ( 'NONE', #102, #4606 ) ;
#2780 = ADVANCED_FACE ( 'NONE', ( #119 ), #3942, .F. ) ;
#2781 = ORIENTED_EDGE ( 'NONE', *, *, #6311, .T. ) ;
#2782 = LINE ( 'NONE', #7162, #9339 ) ;
#2783 = EDGE_LOOP ( 'NONE', ( #5979, #3383, #9979, #11167 ) ) ;
#2784 = EDGE_LOOP ( 'NONE', ( #10161, #3813, #11574, #4320 ) ) ;
#2785 = EDGE_CURVE ( 'NONE', #3790, #2847, #7522, .T. ) ;
#2786 = AXIS2_PLACEMENT_3D ( 'NONE', #8277, #11964, #3665 ) ;
#2787 = PLANE ( 'NONE',  #10564 ) ;
#2788 = DIRECTION ( 'NONE',  ( -0.000000000000000000, -1.000000000000000000, 0.000000000000000000 ) ) ;
#2789 = EDGE_LOOP ( 'NONE', ( #11624, #1367, #1994, #1798 ) ) ;
#2790 = EDGE_CURVE ( 'NONE', #4076, #10202, #7640, .T. ) ;
#2791 = VECTOR ( 'NONE', #10674, 1000.000000000000000 ) ;
#2792 = CARTESIAN_POINT ( 'NONE',  ( 61.85875721063607102, 9.899999999999975486, 33.78768939877064525 ) ) ;
#2793 = ORIENTED_EDGE ( 'NONE', *, *, #9114, .F. ) ;
#2794 = ORIENTED_EDGE ( 'NONE', *, *, #93, .T. ) ;
#2795 = ORIENTED_EDGE ( 'NONE', *, *, #2709, .F. ) ;
#2796 = DIRECTION ( 'NONE',  ( -1.000000000000000000, 0.000000000000000000, -0.000000000000000000 ) ) ;
#2797 = CARTESIAN_POINT ( 'NONE',  ( -2.375000000000006217, 10.53731005528968723, 9.625325129530521551 ) ) ;
#2798 = VECTOR ( 'NONE', #9092, 1000.000000000000114 ) ;
#2799 = VECTOR ( 'NONE', #10291, 1000.000000000000000 ) ;
#2800 = EDGE_CURVE ( 'NONE', #8723, #5072, #2972, .T. ) ;
#2801 = EDGE_LOOP ( 'NONE', ( #7569, #5587, #7897, #5716, #11731, #7136, #10806, #4142, #7206, #1935, #9499, #80 ) ) ;
#2802 = FACE_OUTER_BOUND ( 'NONE', #10168, .T. ) ;
#2803 = DIRECTION ( 'NONE',  ( -0.000000000000000000, 1.000000000000000000, -0.000000000000000000 ) ) ;
#2804 = ORIENTED_EDGE ( 'NONE', *, *, #3780, .F. ) ;
#2805 = CARTESIAN_POINT ( 'NONE',  ( -25.80943399447264142, 8.566080860090401927, 7.809433994472259499 ) ) ;
#2806 = DIRECTION ( 'NONE',  ( 0.000000000000000000, 0.000000000000000000, -1.000000000000000000 ) ) ;
#2807 = ORIENTED_EDGE ( 'NONE', *, *, #5134, .T. ) ;
#2808 = EDGE_CURVE ( 'NONE', #9105, #5635, #2908, .T. ) ;
#2809 = EDGE_CURVE ( 'NONE', #9211, #8470, #7463, .T. ) ;
#2810 = ORIENTED_EDGE ( 'NONE', *, *, #8168, .F. ) ;
#2811 = CARTESIAN_POINT ( 'NONE',  ( 0.000000000000000000, 7.500000000000000000, 19.49625977300367552 ) ) ;
#2812 = DIRECTION ( 'NONE',  ( -1.000000000000000000, 0.000000000000000000, 0.000000000000000000 ) ) ;
#2813 = DIRECTION ( 'NONE',  ( 0.000000000000000000, 0.000000000000000000, -1.000000000000000000 ) ) ;
#2814 = ORIENTED_EDGE ( 'NONE', *, *, #8498, .T. ) ;
#2815 = LINE ( 'NONE', #8328, #1595 ) ;
#2816 = LINE ( 'NONE', #11962, #7624 ) ;
#2817 = ORIENTED_EDGE ( 'NONE', *, *, #2427, .F. ) ;
#2818 = DIRECTION ( 'NONE',  ( 1.000000000000000000, 6.036709082546132388E-16, 1.730998474588425335E-16 ) ) ;
#2819 = EDGE_CURVE ( 'NONE', #3782, #7587, #237, .T. ) ;
#2820 = ORIENTED_EDGE ( 'NONE', *, *, #9285, .F. ) ;
#2821 = CARTESIAN_POINT ( 'NONE',  ( 0.000000000000000000, 7.500000000000000000, 1.496259773003681737 ) ) ;
#2822 = CARTESIAN_POINT ( 'NONE',  ( 0.000000000000000000, 7.500000000000000000, -19.49625977300445356 ) ) ;
#2823 = ORIENTED_EDGE ( 'NONE', *, *, #4552, .F. ) ;
#2824 = LINE ( 'NONE', #2704, #4490 ) ;
#2825 = VECTOR ( 'NONE', #918, 1000.000000000000227 ) ;
#2826 = CARTESIAN_POINT ( 'NONE',  ( 2.375000000000005773, 10.80000000000000426, 27.54999999999960991 ) ) ;
#2827 = CARTESIAN_POINT ( 'NONE',  ( 18.54999999999999716, 10.80000000000000071, -18.55000000000037730 ) ) ;
#2828 = DIRECTION ( 'NONE',  ( 1.000000000000000000, 0.000000000000000000, 0.000000000000000000 ) ) ;
#2829 = ORIENTED_EDGE ( 'NONE', *, *, #10246, .F. ) ;
#2830 = LINE ( 'NONE', #6538, #10431 ) ;
#2831 = LINE ( 'NONE', #9493, #4230 ) ;
#2832 = AXIS2_PLACEMENT_3D ( 'NONE', #7655, #4754, #5831 ) ;
#2833 = ORIENTED_EDGE ( 'NONE', *, *, #747, .F. ) ;
#2834 = DIRECTION ( 'NONE',  ( 1.000000000000000000, 0.000000000000000000, 0.000000000000000000 ) ) ;
#2835 = EDGE_CURVE ( 'NONE', #706, #6007, #9223, .T. ) ;
#2836 = LINE ( 'NONE', #4603, #1588 ) ;
#2837 = DIRECTION ( 'NONE',  ( 1.000000000000000000, 0.000000000000000000, 0.000000000000000000 ) ) ;
#2838 = LINE ( 'NONE', #10231, #11558 ) ;
#2839 = VECTOR ( 'NONE', #10290, 1000.000000000000000 ) ;
#2840 = VERTEX_POINT ( 'NONE', #4619 ) ;
#2841 = CARTESIAN_POINT ( 'NONE',  ( -2.026107866450350237, 5.652200105873887992, 6.973892133549262518 ) ) ;
#2842 = VERTEX_POINT ( 'NONE', #1886 ) ;
#2843 = VERTEX_POINT ( 'NONE', #8310 ) ;
#2844 = EDGE_CURVE ( 'NONE', #9448, #6059, #11155, .T. ) ;
#2845 = DIRECTION ( 'NONE',  ( -1.000000000000000000, 0.000000000000000000, -0.000000000000000000 ) ) ;
#2846 = LINE ( 'NONE', #7393, #8226 ) ;
#2847 = VERTEX_POINT ( 'NONE', #9336 ) ;
#2848 = PLANE ( 'NONE',  #1106 ) ;
#2849 = CARTESIAN_POINT ( 'NONE',  ( -48.79638818434513325, -5.429073061943231693, 21.79638818434474601 ) ) ;
#2850 = VERTEX_POINT ( 'NONE', #9282 ) ;
#2851 = VECTOR ( 'NONE', #7957, 1000.000000000000000 ) ;
#2852 = VECTOR ( 'NONE', #5106, 1000.000000000000000 ) ;
#2853 = ORIENTED_EDGE ( 'NONE', *, *, #6648, .F. ) ;
#2854 = CARTESIAN_POINT ( 'NONE',  ( -52.80943399447263431, 8.566080860090417914, -10.19056600552774583 ) ) ;
#2855 = CARTESIAN_POINT ( 'NONE',  ( -2.375000000000005773, 10.80000000000000426, 26.44999999999961204 ) ) ;
#2856 = VECTOR ( 'NONE', #2765, 999.9999999999998863 ) ;
#2857 = VECTOR ( 'NONE', #9582, 999.9999999999998863 ) ;
#2858 = ORIENTED_EDGE ( 'NONE', *, *, #1249, .F. ) ;
#2859 = DIRECTION ( 'NONE',  ( 0.000000000000000000, -0.9612616959383174509, 0.2756373558170042704 ) ) ;
#2860 = DIRECTION ( 'NONE',  ( -0.000000000000000000, -0.2756373558170042704, -0.9612616959383174509 ) ) ;
#2861 = VERTEX_POINT ( 'NONE', #2854 ) ;
#2862 = DIRECTION ( 'NONE',  ( 0.000000000000000000, 0.000000000000000000, -1.000000000000000000 ) ) ;
#2863 = CARTESIAN_POINT ( 'NONE',  ( 52.80943399447264852, 8.566080860090412585, -28.19056600552774228 ) ) ;
#2865 = EDGE_CURVE ( 'NONE', #11760, #1759, #7808, .T. ) ;
#2864 = ORIENTED_EDGE ( 'NONE', *, *, #2254, .F. ) ;
#2866 = ORIENTED_EDGE ( 'NONE', *, *, #1733, .T. ) ;
#2867 = LINE ( 'NONE', #9473, #10447 ) ;
#2868 = CARTESIAN_POINT ( 'NONE',  ( 27.54999999999999005, 10.80000000000000071, -27.55000000000038796 ) ) ;
#2869 = CARTESIAN_POINT ( 'NONE',  ( -45.62532512953089991, 10.53731005528968012, 33.62500000000000000 ) ) ;
#2870 = ORIENTED_EDGE ( 'NONE', *, *, #1513, .F. ) ;
#2871 = CARTESIAN_POINT ( 'NONE',  ( 57.89895923599141980, 9.099999999999983658, 36.89895923599146954 ) ) ;
#2872 = FACE_OUTER_BOUND ( 'NONE', #10445, .T. ) ;
#2873 = VERTEX_POINT ( 'NONE', #11503 ) ;
#2874 = CARTESIAN_POINT ( 'NONE',  ( -51.62500000000000000, 10.53731005528969433, -17.37467487046948023 ) ) ;
#2875 = ORIENTED_EDGE ( 'NONE', *, *, #6863, .T. ) ;
#2876 = DIRECTION ( 'NONE',  ( 0.000000000000000000, 0.000000000000000000, -1.000000000000000000 ) ) ;
#2877 = DIRECTION ( 'NONE',  ( 0.9612616959383180060, -0.2756373558170023830, 0.000000000000000000 ) ) ;
#2878 = ORIENTED_EDGE ( 'NONE', *, *, #7531, .F. ) ;
#2879 = PLANE ( 'NONE',  #3116 ) ;
#2880 = EDGE_CURVE ( 'NONE', #7884, #11866, #2229, .T. ) ;
#2881 = PLANE ( 'NONE',  #8474 ) ;
#2882 = EDGE_CURVE ( 'NONE', #1636, #10675, #1262, .T. ) ;
#2883 = CARTESIAN_POINT ( 'NONE',  ( 2.375000000000005773, 10.80000000000000426, -27.55000000000038796 ) ) ;
#2884 = PLANE ( 'NONE',  #5562 ) ;
#2885 = VECTOR ( 'NONE', #4413, 1000.000000000000114 ) ;
#2886 = ORIENTED_EDGE ( 'NONE', *, *, #4711, .T. ) ;
#2887 = CARTESIAN_POINT ( 'NONE',  ( 29.37500000000000355, 7.500000000000000000, -1.496259773004444904 ) ) ;
#2888 = DIRECTION ( 'NONE',  ( 0.2657276780299913099, 0.9267025424900799946, 0.2657276780299913099 ) ) ;
#2889 = ORIENTED_EDGE ( 'NONE', *, *, #10051, .T. ) ;
#2890 = CARTESIAN_POINT ( 'NONE',  ( 0.000000000000000000, 7.500000000000000000, 28.49625977300367907 ) ) ;
#2891 = CARTESIAN_POINT ( 'NONE',  ( 51.62500000000000000, 10.80000000000000426, -17.45000000000039009 ) ) ;
#2892 = ADVANCED_FACE ( 'NONE', ( #3256 ), #11439, .F. ) ;
#2893 = CARTESIAN_POINT ( 'NONE',  ( 0.000000000000000000, 7.500000000000000000, 16.50374022699554644 ) ) ;
#2894 = AXIS2_PLACEMENT_3D ( 'NONE', #2745, #6454, #10143 ) ;
#2895 = EDGE_LOOP ( 'NONE', ( #407, #1421, #5503, #6076 ) ) ;
#2896 = CARTESIAN_POINT ( 'NONE',  ( -24.62500000000000000, 10.80000000000000426, -17.45000000000039009 ) ) ;
#2897 = ORIENTED_EDGE ( 'NONE', *, *, #2061, .F. ) ;
#2898 = ORIENTED_EDGE ( 'NONE', *, *, #7503, .T. ) ;
#2899 = CARTESIAN_POINT ( 'NONE',  ( 18.54999999999999716, 10.80000000000000071, -26.45000000000038298 ) ) ;
#2900 = CARTESIAN_POINT ( 'NONE',  ( 28.19056600552735148, 8.566080860090394822, 10.19056600552697311 ) ) ;
#2901 = EDGE_CURVE ( 'NONE', #10073, #11771, #6960, .T. ) ;
#2902 = ORIENTED_EDGE ( 'NONE', *, *, #134, .F. ) ;
#2903 = DIRECTION ( 'NONE',  ( -0.000000000000000000, -0.2756373558170040483, -0.9612616959383175619 ) ) ;
#2904 = DIRECTION ( 'NONE',  ( -1.000000000000000000, -0.000000000000000000, -0.000000000000000000 ) ) ;
#2905 = ORIENTED_EDGE ( 'NONE', *, *, #10918, .F. ) ;
#2906 = CARTESIAN_POINT ( 'NONE',  ( 0.000000000000000000, 7.500000000000000000, 34.50374022699554644 ) ) ;
#2907 = ORIENTED_EDGE ( 'NONE', *, *, #787, .T. ) ;
#2908 = LINE ( 'NONE', #10364, #1207 ) ;
#2909 = ADVANCED_FACE ( 'NONE', ( #6901 ), #528, .T. ) ;
#2910 = CARTESIAN_POINT ( 'NONE',  ( 29.37500000000000355, 7.500000000000000000, -28.49625977300445356 ) ) ;
#2911 = LINE ( 'NONE', #4003, #4792 ) ;
#2912 = ADVANCED_FACE ( 'NONE', ( #1319 ), #10648, .F. ) ;
#2913 = ORIENTED_EDGE ( 'NONE', *, *, #5302, .T. ) ;
#2914 = LINE ( 'NONE', #5717, #1471 ) ;
#2915 = DIRECTION ( 'NONE',  ( 0.000000000000000000, 0.000000000000000000, -1.000000000000000000 ) ) ;
#2916 = ORIENTED_EDGE ( 'NONE', *, *, #4275, .F. ) ;
#2917 = CARTESIAN_POINT ( 'NONE',  ( -58.99999999999998579, 10.49999999999999822, 8.000000000000000000 ) ) ;
#2918 = FACE_OUTER_BOUND ( 'NONE', #10166, .T. ) ;
#2919 = VERTEX_POINT ( 'NONE', #6781 ) ;
#2920 = VECTOR ( 'NONE', #8033, 1000.000000000000000 ) ;
#2921 = ORIENTED_EDGE ( 'NONE', *, *, #9268, .T. ) ;
#2922 = LINE ( 'NONE', #7476, #4250 ) ;
#2923 = DIRECTION ( 'NONE',  ( -1.000000000000000000, 0.000000000000000000, 0.000000000000000000 ) ) ;
#2924 = EDGE_CURVE ( 'NONE', #2518, #7031, #8716, .T. ) ;
#2925 = VECTOR ( 'NONE', #3746, 1000.000000000000114 ) ;
#2926 = FACE_OUTER_BOUND ( 'NONE', #2711, .T. ) ;
#2927 = ORIENTED_EDGE ( 'NONE', *, *, #7051, .T. ) ;
#2928 = PLANE ( 'NONE',  #10504 ) ;
#2929 = CARTESIAN_POINT ( 'NONE',  ( 42.26428640000786885, 22.25864506693674727, 26.58211138907232041 ) ) ;
#2930 = VERTEX_POINT ( 'NONE', #5991 ) ;
#2931 = CARTESIAN_POINT ( 'NONE',  ( -51.62500000000000000, 10.80000000000000426, -18.55000000000037730 ) ) ;
#2932 = ADVANCED_FACE ( 'NONE', ( #5138 ), #11561, .F. ) ;
#2933 = EDGE_LOOP ( 'NONE', ( #9479, #1791, #7378, #6917 ) ) ;
#2934 = CARTESIAN_POINT ( 'NONE',  ( -24.62500000000000355, 7.500000000000000000, 28.49625977300367907 ) ) ;
#2935 = CARTESIAN_POINT ( 'NONE',  ( -51.62500000000000000, 10.53731005528969433, -26.37467487046947667 ) ) ;
#2936 = ORIENTED_EDGE ( 'NONE', *, *, #636, .F. ) ;
#2937 = AXIS2_PLACEMENT_3D ( 'NONE', #11127, #8521, #10219 ) ;
#2938 = EDGE_CURVE ( 'NONE', #2696, #7502, #7925, .T. ) ;
#2939 = CARTESIAN_POINT ( 'NONE',  ( -24.62500000000000000, 7.500000000000000000, -19.49625977300445356 ) ) ;
#2940 = CARTESIAN_POINT ( 'NONE',  ( 18.54999999999999716, 10.80000000000000426, 33.62500000000000000 ) ) ;
#2941 = VECTOR ( 'NONE', #10566, 1000.000000000000227 ) ;
#2942 = PLANE ( 'NONE',  #7807 ) ;
#2943 = ADVANCED_FACE ( 'NONE', ( #3029 ), #4167, .F. ) ;
#2944 = CARTESIAN_POINT ( 'NONE',  ( 26.88039450307228151, 12.30096400656391431, 18.11960549692732769 ) ) ;
#2945 = ORIENTED_EDGE ( 'NONE', *, *, #10128, .F. ) ;
#2946 = CARTESIAN_POINT ( 'NONE',  ( 0.5500000000000088152, -11.50000000000000000, 35.45000000000000995 ) ) ;
#2947 = AXIS2_PLACEMENT_3D ( 'NONE', #6134, #1278, #4069 ) ;
#2948 = LINE ( 'NONE', #2771, #11578 ) ;
#2949 = EDGE_LOOP ( 'NONE', ( #678, #2021, #5707, #4894 ) ) ;
#2950 = ADVANCED_FACE ( 'NONE', ( #8668 ), #11389, .F. ) ;
#2951 = EDGE_CURVE ( 'NONE', #2638, #5242, #7868, .T. ) ;
#2952 = LINE ( 'NONE', #6655, #9913 ) ;
#2953 = PLANE ( 'NONE',  #4479 ) ;
#2954 = ADVANCED_FACE ( 'NONE', ( #1205 ), #8611, .F. ) ;
#2955 = VECTOR ( 'NONE', #3289, 1000.000000000000000 ) ;
#2956 = EDGE_CURVE ( 'NONE', #2011, #4816, #5877, .T. ) ;
#2957 = ORIENTED_EDGE ( 'NONE', *, *, #11919, .F. ) ;
#2958 = PLANE ( 'NONE',  #1202 ) ;
#2959 = EDGE_CURVE ( 'NONE', #6883, #1600, #7749, .T. ) ;
#2960 = VERTEX_POINT ( 'NONE', #8955 ) ;
#2961 = ORIENTED_EDGE ( 'NONE', *, *, #9416, .T. ) ;
#2962 = PLANE ( 'NONE',  #9607 ) ;
#2963 = LINE ( 'NONE', #7067, #6095 ) ;
#2964 = ORIENTED_EDGE ( 'NONE', *, *, #10706, .F. ) ;
#2965 = DIRECTION ( 'NONE',  ( 1.000000000000000000, 4.458787163891844428E-16, 0.000000000000000000 ) ) ;
#2966 = AXIS2_PLACEMENT_3D ( 'NONE', #11781, #11961, #3480 ) ;
#2967 = CARTESIAN_POINT ( 'NONE',  ( 26.45000000000000284, 10.80000000000000071, -35.45000000000039364 ) ) ;
#2968 = EDGE_CURVE ( 'NONE', #2702, #8244, #7267, .T. ) ;
#2969 = PLANE ( 'NONE',  #7389 ) ;
#2970 = VERTEX_POINT ( 'NONE', #9803 ) ;
#2971 = VECTOR ( 'NONE', #8029, 1000.000000000000000 ) ;
#2972 = LINE ( 'NONE', #6674, #2360 ) ;
#2973 = PLANE ( 'NONE',  #1079 ) ;
#2974 = DIRECTION ( 'NONE',  ( 0.000000000000000000, 0.000000000000000000, -1.000000000000000000 ) ) ;
#2975 = VECTOR ( 'NONE', #8999, 1000.000000000000227 ) ;
#2976 = VECTOR ( 'NONE', #319, 1000.000000000000000 ) ;
#2977 = EDGE_LOOP ( 'NONE', ( #4854, #7222, #10543, #4982 ) ) ;
#2978 = CARTESIAN_POINT ( 'NONE',  ( -17.44999999999999929, 10.80000000000000426, 33.62500000000000000 ) ) ;
#2979 = LINE ( 'NONE', #1327, #8796 ) ;
#2980 = ORIENTED_EDGE ( 'NONE', *, *, #9624, .F. ) ;
#2981 = LINE ( 'NONE', #3039, #1890 ) ;
#2982 = LINE ( 'NONE', #5537, #7440 ) ;
#2983 = ORIENTED_EDGE ( 'NONE', *, *, #6937, .F. ) ;
#2984 = VECTOR ( 'NONE', #5384, 1000.000000000000114 ) ;
#2985 = ORIENTED_EDGE ( 'NONE', *, *, #6767, .T. ) ;
#2986 = PLANE ( 'NONE',  #5218 ) ;
#2987 = VECTOR ( 'NONE', #2806, 1000.000000000000000 ) ;
#2988 = FACE_OUTER_BOUND ( 'NONE', #11754, .T. ) ;
#2989 = EDGE_CURVE ( 'NONE', #9111, #1444, #5441, .T. ) ;
#2990 = AXIS2_PLACEMENT_3D ( 'NONE', #5163, #11707, #1518 ) ;
#2991 = VECTOR ( 'NONE', #10266, 1000.000000000000114 ) ;
#2992 = CARTESIAN_POINT ( 'NONE',  ( -24.25000000000040146, -24.25000000000006750, -8.000000000000000000 ) ) ;
#2993 = ORIENTED_EDGE ( 'NONE', *, *, #8557, .T. ) ;
#2994 = CARTESIAN_POINT ( 'NONE',  ( -0.5499999999999949374, 10.80000000000000071, -9.550000000000384404 ) ) ;
#2995 = CARTESIAN_POINT ( 'NONE',  ( 27.55000000000000426, 7.500000000000000000, -35.45000000000002416 ) ) ;
#2996 = ORIENTED_EDGE ( 'NONE', *, *, #5114, .F. ) ;
#2997 = VECTOR ( 'NONE', #6739, 1000.000000000000114 ) ;
#2998 = EDGE_CURVE ( 'NONE', #5205, #8096, #9018, .T. ) ;
#2999 = CARTESIAN_POINT ( 'NONE',  ( -6.964775456032696207E-16, 8.566080860090862004, 34.80943399447238562 ) ) ;
#3000 = ORIENTED_EDGE ( 'NONE', *, *, #10529, .F. ) ;
#3001 = CARTESIAN_POINT ( 'NONE',  ( -8.449999999999999289, 10.80000000000000071, -17.45000000000039009 ) ) ;
#3002 = CARTESIAN_POINT ( 'NONE',  ( -27.54999999999999361, 10.80000000000000071, 0.5499999999996132427 ) ) ;
#3003 = ORIENTED_EDGE ( 'NONE', *, *, #6481, .T. ) ;
#3004 = ADVANCED_FACE ( 'NONE', ( #3569 ), #7144, .F. ) ;
#3005 = FACE_OUTER_BOUND ( 'NONE', #3507, .T. ) ;
#3006 = LINE ( 'NONE', #1066, #4800 ) ;
#3007 = LINE ( 'NONE', #2827, #837 ) ;
#3008 = CARTESIAN_POINT ( 'NONE',  ( -29.37500000000000000, 10.80000000000000426, 33.62500000000000000 ) ) ;
#3009 = ORIENTED_EDGE ( 'NONE', *, *, #1753, .F. ) ;
#3010 = DIRECTION ( 'NONE',  ( -0.5001519828512179799, 0.8323926831162092865, -0.2386847610229713423 ) ) ;
#3011 = ORIENTED_EDGE ( 'NONE', *, *, #5420, .F. ) ;
#3012 = EDGE_CURVE ( 'NONE', #1198, #6771, #4419, .T. ) ;
#3013 = CARTESIAN_POINT ( 'NONE',  ( -18.54999999999999716, 10.80000000000000071, 35.44999999999961204 ) ) ;
#3014 = CARTESIAN_POINT ( 'NONE',  ( -27.55000000000000426, 7.500000000000000000, -35.45000000000002416 ) ) ;
#3015 = ADVANCED_FACE ( 'NONE', ( #3385 ), #1496, .F. ) ;
#3016 = ORIENTED_EDGE ( 'NONE', *, *, #8511, .F. ) ;
#3017 = DIRECTION ( 'NONE',  ( 0.000000000000000000, 0.000000000000000000, -1.000000000000000000 ) ) ;
#3018 = EDGE_CURVE ( 'NONE', #2416, #4819, #5200, .T. ) ;
#3019 = EDGE_CURVE ( 'NONE', #8054, #11602, #4357, .T. ) ;
#3020 = ORIENTED_EDGE ( 'NONE', *, *, #3976, .F. ) ;
#3021 = VECTOR ( 'NONE', #6135, 1000.000000000000114 ) ;
#3022 = DIRECTION ( 'NONE',  ( -1.000000000000000000, 0.000000000000000000, 0.000000000000000000 ) ) ;
#3023 = FACE_OUTER_BOUND ( 'NONE', #10275, .T. ) ;
#3024 = ORIENTED_EDGE ( 'NONE', *, *, #3780, .T. ) ;
#3025 = CARTESIAN_POINT ( 'NONE',  ( -54.49999999999997868, 10.79999999999989235, -36.50000000000039080 ) ) ;
#3026 = DIRECTION ( 'NONE',  ( 0.000000000000000000, 0.000000000000000000, 1.000000000000000000 ) ) ;
#3027 = CARTESIAN_POINT ( 'NONE',  ( -2.375000000000006217, 10.53731005528968723, -8.374674870469485555 ) ) ;
#3028 = ORIENTED_EDGE ( 'NONE', *, *, #9524, .T. ) ;
#3029 = FACE_OUTER_BOUND ( 'NONE', #224, .T. ) ;
#3030 = LINE ( 'NONE', #6732, #886 ) ;
#3031 = AXIS2_PLACEMENT_3D ( 'NONE', #5594, #7703, #7029 ) ;
#3032 = CARTESIAN_POINT ( 'NONE',  ( 60.02027957955104398, 9.499999999999980460, -31.94921176768562177 ) ) ;
#3033 = EDGE_CURVE ( 'NONE', #9533, #10278, #1742, .T. ) ;
#3034 = ORIENTED_EDGE ( 'NONE', *, *, #9351, .F. ) ;
#3035 = CARTESIAN_POINT ( 'NONE',  ( 51.62500000000000711, 7.500000000000000000, 25.50374022699554288 ) ) ;
#3036 = CARTESIAN_POINT ( 'NONE',  ( -1.190566005527354809, 8.566080860090384164, -34.80943399447265563 ) ) ;
#3037 = VERTEX_POINT ( 'NONE', #708 ) ;
#3038 = VECTOR ( 'NONE', #6774, 1000.000000000000000 ) ;
#3039 = CARTESIAN_POINT ( 'NONE',  ( -25.80943399447264142, 8.566080860090407256, 0.000000000000000000 ) ) ;
#3040 = CARTESIAN_POINT ( 'NONE',  ( 2.375000000000005773, 10.53731005528968723, -18.62532512953128716 ) ) ;
#3041 = UNCERTAINTY_MEASURE_WITH_UNIT (LENGTH_MEASURE( 1.000000000000000082E-05 ), #10741, 'distance_accuracy_value', 'NONE');
#3042 = ORIENTED_EDGE ( 'NONE', *, *, #5195, .T. ) ;
#3043 = ORIENTED_EDGE ( 'NONE', *, *, #3888, .F. ) ;
#3044 = CARTESIAN_POINT ( 'NONE',  ( 10.19056600552748648, 8.566080860089961391, -34.80943399447290432 ) ) ;
#3045 = DIRECTION ( 'NONE',  ( -0.9612616959383174509, -0.2756373558170042704, 0.000000000000000000 ) ) ;
#3046 = VECTOR ( 'NONE', #1745, 1000.000000000000227 ) ;
#3047 = VECTOR ( 'NONE', #663, 1000.000000000000000 ) ;
#3048 = EDGE_CURVE ( 'NONE', #8764, #4882, #9922, .T. ) ;
#3049 = LINE ( 'NONE', #1396, #11840 ) ;
#3050 = VERTEX_POINT ( 'NONE', #2594 ) ;
#3051 = DIRECTION ( 'NONE',  ( 0.2386847610229713701, 0.8323926831162093976, -0.5001519828512178689 ) ) ;
#3052 = FACE_OUTER_BOUND ( 'NONE', #8174, .T. ) ;
#3053 = ORIENTED_EDGE ( 'NONE', *, *, #4137, .T. ) ;
#3054 = ADVANCED_FACE ( 'NONE', ( #834 ), #11803, .F. ) ;
#3055 = FACE_OUTER_BOUND ( 'NONE', #6636, .T. ) ;
#3056 = ORIENTED_EDGE ( 'NONE', *, *, #9363, .T. ) ;
#3057 = LINE ( 'NONE', #151, #2991 ) ;
#3058 = CARTESIAN_POINT ( 'NONE',  ( 23.70289055386779609, 1.219690838746894768, -23.70289055386817267 ) ) ;
#3059 = EDGE_LOOP ( 'NONE', ( #11438, #1135, #537, #2064 ) ) ;
#3060 = EDGE_CURVE ( 'NONE', #11506, #9920, #1554, .T. ) ;
#3061 = CARTESIAN_POINT ( 'NONE',  ( 29.37500000000000000, 10.53731005528968012, 33.62500000000000000 ) ) ;
#3062 = EDGE_CURVE ( 'NONE', #4918, #5822, #8169, .T. ) ;
#3063 = LINE ( 'NONE', #8644, #6811 ) ;
#3064 = DIRECTION ( 'NONE',  ( 1.000000000000000000, 0.000000000000000000, 0.000000000000000000 ) ) ;
#3065 = EDGE_CURVE ( 'NONE', #6771, #10351, #11685, .T. ) ;
#3066 = EDGE_LOOP ( 'NONE', ( #7165, #65, #10802, #9227 ) ) ;
#3067 = PLANE ( 'NONE',  #8535 ) ;
#3068 = ORIENTED_EDGE ( 'NONE', *, *, #486, .T. ) ;
#3069 = DIRECTION ( 'NONE',  ( -1.000000000000000000, 3.018354541273066194E-16, -8.654992372942126676E-17 ) ) ;
#3070 = DIRECTION ( 'NONE',  ( 0.5001519828512179799, -0.8323926831162092865, 0.2386847610229713423 ) ) ;
#3071 = DIRECTION ( 'NONE',  ( 0.4578768884082908830, -0.7620351108204154178, -0.4578768884082909940 ) ) ;
#3073 = ORIENTED_EDGE ( 'NONE', *, *, #538, .F. ) ;
#3072 = EDGE_CURVE ( 'NONE', #11213, #7400, #4541, .T. ) ;
#3074 = VECTOR ( 'NONE', #9263, 1000.000000000000114 ) ;
#3075 = LINE ( 'NONE', #8419, #7008 ) ;
#3076 = EDGE_LOOP ( 'NONE', ( #3366, #1292, #589, #1594, #10238, #2781, #785, #7538, #1713, #2993, #11814, #509 ) ) ;
#3077 = DIRECTION ( 'NONE',  ( 0.000000000000000000, -0.000000000000000000, -1.000000000000000000 ) ) ;
#3078 = CARTESIAN_POINT ( 'NONE',  ( -26.45000000000000284, 10.80000000000000071, -18.55000000000037730 ) ) ;
#3079 = ORIENTED_EDGE ( 'NONE', *, *, #7140, .T. ) ;
#3080 = CARTESIAN_POINT ( 'NONE',  ( -51.62500000000000000, 10.80000000000000426, 33.62500000000000000 ) ) ;
#3081 = DIRECTION ( 'NONE',  ( 1.000000000000000000, 0.000000000000000000, 0.000000000000000000 ) ) ;
#3082 = EDGE_CURVE ( 'NONE', #4370, #8732, #9080, .T. ) ;
#3083 = DIRECTION ( 'NONE',  ( 0.000000000000000000, -0.2756373558170042704, 0.9612616959383174509 ) ) ;
#3084 = ORIENTED_EDGE ( 'NONE', *, *, #10553, .F. ) ;
#3085 = CARTESIAN_POINT ( 'NONE',  ( 61.43449314192414334, 7.500000000000000000, -33.36342533005872468 ) ) ;
#3086 = PLANE ( 'NONE',  #7284 ) ;
#3087 = DIRECTION ( 'NONE',  ( 0.5001519828512179799, -0.8323926831162092865, -0.2386847610229711203 ) ) ;
#3088 = ORIENTED_EDGE ( 'NONE', *, *, #11841, .F. ) ;
#3089 = CARTESIAN_POINT ( 'NONE',  ( 51.62500000000000000, 10.80000000000000071, 0.000000000000000000 ) ) ;
#3090 = LINE ( 'NONE', #2182, #1058 ) ;
#3091 = VECTOR ( 'NONE', #11049, 1000.000000000000000 ) ;
#3092 = ORIENTED_EDGE ( 'NONE', *, *, #933, .T. ) ;
#3093 = LINE ( 'NONE', #6791, #10400 ) ;
#3094 = CARTESIAN_POINT ( 'NONE',  ( 53.44999999999999574, 10.80000000000000071, 9.549999999999611688 ) ) ;
#3095 = ORIENTED_EDGE ( 'NONE', *, *, #261, .F. ) ;
#3096 = ORIENTED_EDGE ( 'NONE', *, *, #9401, .T. ) ;
#3097 = CARTESIAN_POINT ( 'NONE',  ( -24.62500000000000000, 10.53731005528969789, -8.374674870469489107 ) ) ;
#3098 = EDGE_CURVE ( 'NONE', #8732, #892, #6298, .T. ) ;
#3099 = DIRECTION ( 'NONE',  ( -0.000000000000000000, 0.000000000000000000, 1.000000000000000000 ) ) ;
#3100 = CARTESIAN_POINT ( 'NONE',  ( 61.85875721063607102, 9.899999999999975486, -33.78768939877064525 ) ) ;
#3101 = VERTEX_POINT ( 'NONE', #11860 ) ;
#3102 = LINE ( 'NONE', #3901, #10130 ) ;
#3103 = LINE ( 'NONE', #7660, #11684 ) ;
#3104 = ORIENTED_EDGE ( 'NONE', *, *, #11993, .T. ) ;
#3105 = LINE ( 'NONE', #10677, #262 ) ;
#3106 = VERTEX_POINT ( 'NONE', #2411 ) ;
#3107 = LINE ( 'NONE', #434, #4839 ) ;
#3108 = LINE ( 'NONE', #11360, #5239 ) ;
#3109 = ORIENTED_EDGE ( 'NONE', *, *, #208, .F. ) ;
#3110 = EDGE_CURVE ( 'NONE', #881, #5251, #10280, .T. ) ;
#3111 = AXIS2_PLACEMENT_3D ( 'NONE', #3729, #2377, #499 ) ;
#3112 = LINE ( 'NONE', #6702, #5459 ) ;
#3113 = DIRECTION ( 'NONE',  ( -0.2657276780299913099, 0.9267025424900799946, 0.2657276780299913099 ) ) ;
#3114 = CARTESIAN_POINT ( 'NONE',  ( 2.375000000000005773, 7.500000000000000000, 10.49625977300367907 ) ) ;
#3115 = ORIENTED_EDGE ( 'NONE', *, *, #5917, .T. ) ;
#3116 = AXIS2_PLACEMENT_3D ( 'NONE', #2763, #7314, #3616 ) ;
#3117 = VERTEX_POINT ( 'NONE', #10107 ) ;
#3118 = LINE ( 'NONE', #1355, #713 ) ;
#3119 = VERTEX_POINT ( 'NONE', #1012 ) ;
#3120 = LINE ( 'NONE', #389, #1967 ) ;
#3121 = EDGE_CURVE ( 'NONE', #7561, #10003, #2836, .T. ) ;
#3122 = VECTOR ( 'NONE', #11174, 1000.000000000000000 ) ;
#3123 = PLANE ( 'NONE',  #11117 ) ;
#3124 = ORIENTED_EDGE ( 'NONE', *, *, #9363, .F. ) ;
#3125 = DIRECTION ( 'NONE',  ( 0.000000000000000000, -0.2756373558170042704, 0.9612616959383174509 ) ) ;
#3126 = ORIENTED_EDGE ( 'NONE', *, *, #133, .F. ) ;
#3127 = VECTOR ( 'NONE', #11999, 1000.000000000000000 ) ;
#3128 = CARTESIAN_POINT ( 'NONE',  ( -33.26428640000786174, 22.25864506693676859, -26.58211138907234172 ) ) ;
#3129 = FACE_OUTER_BOUND ( 'NONE', #5950, .T. ) ;
#3130 = ORIENTED_EDGE ( 'NONE', *, *, #5817, .F. ) ;
#3131 = EDGE_CURVE ( 'NONE', #4595, #2121, #8414, .T. ) ;
#3132 = CARTESIAN_POINT ( 'NONE',  ( 0.000000000000000000, 7.500000000000000000, -25.50374022699630672 ) ) ;
#3133 = DIRECTION ( 'NONE',  ( 1.000000000000000000, 0.000000000000000000, 0.000000000000000000 ) ) ;
#3134 = VECTOR ( 'NONE', #9500, 1000.000000000000000 ) ;
#3135 = LINE ( 'NONE', #10533, #450 ) ;
#3136 = VERTEX_POINT ( 'NONE', #7383 ) ;
#3137 = DIRECTION ( 'NONE',  ( -1.000000000000000000, 0.000000000000000000, 0.000000000000000000 ) ) ;
#3138 = AXIS2_PLACEMENT_3D ( 'NONE', #2890, #6542, #6597 ) ;
#3139 = EDGE_CURVE ( 'NONE', #2840, #1963, #2716, .T. ) ;
#3140 = CARTESIAN_POINT ( 'NONE',  ( 0.5499999999999949374, 10.80000000000000071, -0.5500000000003835154 ) ) ;
#3141 = DIRECTION ( 'NONE',  ( 0.2756373558170042704, -0.9612616959383174509, 0.000000000000000000 ) ) ;
#3142 = EDGE_CURVE ( 'NONE', #2121, #4702, #9317, .T. ) ;
#3143 = ORIENTED_EDGE ( 'NONE', *, *, #4798, .T. ) ;
#3144 = EDGE_CURVE ( 'NONE', #3050, #1136, #3805, .T. ) ;
#3145 = EDGE_LOOP ( 'NONE', ( #4132, #9313, #5788, #5389 ) ) ;
#3146 = VECTOR ( 'NONE', #6077, 1000.000000000000000 ) ;
#3147 = DIRECTION ( 'NONE',  ( 1.000000000000000000, 0.000000000000000000, 0.000000000000000000 ) ) ;
#3148 = LINE ( 'NONE', #8725, #6862 ) ;
#3149 = ORIENTED_EDGE ( 'NONE', *, *, #3432, .F. ) ;
#3150 = CARTESIAN_POINT ( 'NONE',  ( -51.62500000000000000, 10.80000000000000426, 9.549999999999613465 ) ) ;
#3151 = DIRECTION ( 'NONE',  ( 0.8571673007021120005, 0.5150380749100545996, 0.000000000000000000 ) ) ;
#3152 = DIRECTION ( 'NONE',  ( 1.000000000000000000, 0.000000000000000000, 0.000000000000000000 ) ) ;
#3153 = ORIENTED_EDGE ( 'NONE', *, *, #11638, .T. ) ;
#3154 = ORIENTED_EDGE ( 'NONE', *, *, #5126, .T. ) ;
#3155 = PLANE ( 'NONE',  #971 ) ;
#3156 = LINE ( 'NONE', #6976, #7083 ) ;
#3157 = VECTOR ( 'NONE', #8861, 1000.000000000000114 ) ;
#3158 = VECTOR ( 'NONE', #9623, 1000.000000000000000 ) ;
#3159 = ADVANCED_FACE ( 'NONE', ( #1979 ), #10229, .F. ) ;
#3160 = AXIS2_PLACEMENT_3D ( 'NONE', #7859, #2464, #6040 ) ;
#3161 = LINE ( 'NONE', #8568, #234 ) ;
#3162 = ORIENTED_EDGE ( 'NONE', *, *, #5625, .F. ) ;
#3163 = DIRECTION ( 'NONE',  ( 0.000000000000000000, 0.000000000000000000, 1.000000000000000000 ) ) ;
#3164 = CARTESIAN_POINT ( 'NONE',  ( -0.5500000000000088152, 82.98258077199005811, 35.45000000000000995 ) ) ;
#3165 = ORIENTED_EDGE ( 'NONE', *, *, #1794, .T. ) ;
#3166 = EDGE_CURVE ( 'NONE', #3635, #10534, #8237, .T. ) ;
#3167 = EDGE_CURVE ( 'NONE', #1136, #5501, #3628, .T. ) ;
#3168 = AXIS2_PLACEMENT_3D ( 'NONE', #4066, #6066, #4177 ) ;
#3169 = FACE_OUTER_BOUND ( 'NONE', #10606, .T. ) ;
#3170 = VECTOR ( 'NONE', #490, 1000.000000000000227 ) ;
#3171 = EDGE_LOOP ( 'NONE', ( #6856, #3193, #3011, #693, #8161, #1143, #10288, #5143 ) ) ;
#3172 = CARTESIAN_POINT ( 'NONE',  ( 51.62500000000000000, 10.80000000000000426, -33.62500000000000000 ) ) ;
#3173 = CARTESIAN_POINT ( 'NONE',  ( -29.66160865629122867, 3.435945472310507842, 15.33839134370837876 ) ) ;
#3174 = ORIENTED_EDGE ( 'NONE', *, *, #9285, .T. ) ;
#3175 = DIRECTION ( 'NONE',  ( 0.000000000000000000, 0.000000000000000000, 1.000000000000000000 ) ) ;
#3176 = VECTOR ( 'NONE', #6130, 1000.000000000000227 ) ;
#3177 = VECTOR ( 'NONE', #6878, 1000.000000000000114 ) ;
#3178 = FACE_OUTER_BOUND ( 'NONE', #3230, .T. ) ;
#3179 = VECTOR ( 'NONE', #9450, 1000.000000000000114 ) ;
#3180 = EDGE_CURVE ( 'NONE', #6605, #9994, #3744, .T. ) ;
#3181 = LINE ( 'NONE', #8872, #3767 ) ;
#3182 = CARTESIAN_POINT ( 'NONE',  ( 51.62500000000000000, 10.80000000000000426, -33.62500000000000000 ) ) ;
#3183 = VERTEX_POINT ( 'NONE', #1807 ) ;
#3184 = VERTEX_POINT ( 'NONE', #11139 ) ;
#3185 = PLANE ( 'NONE',  #3826 ) ;
#3186 = ORIENTED_EDGE ( 'NONE', *, *, #9090, .T. ) ;
#3187 = DIRECTION ( 'NONE',  ( -4.592890314649034515E-16, 0.5150380749100545996, 0.8571673007021120005 ) ) ;
#3188 = DIRECTION ( 'NONE',  ( -0.000000000000000000, 0.000000000000000000, -1.000000000000000000 ) ) ;
#3189 = EDGE_LOOP ( 'NONE', ( #800, #5377, #8360, #8478 ) ) ;
#3190 = LINE ( 'NONE', #7797, #7612 ) ;
#3191 = ORIENTED_EDGE ( 'NONE', *, *, #4472, .F. ) ;
#3192 = DIRECTION ( 'NONE',  ( -0.2657276780299894225, -0.9267025424900811048, 0.2657276780299894225 ) ) ;
#3193 = ORIENTED_EDGE ( 'NONE', *, *, #9328, .T. ) ;
#3194 = EDGE_CURVE ( 'NONE', #1154, #10986, #898, .T. ) ;
#3195 = LINE ( 'NONE', #3253, #7344 ) ;
#3196 = CARTESIAN_POINT ( 'NONE',  ( -2.375000000000005773, 7.500000000000000000, 25.50374022699554288 ) ) ;
#3197 = DIRECTION ( 'NONE',  ( 0.000000000000000000, -0.9612616959383174509, -0.2756373558170039373 ) ) ;
#3198 = VERTEX_POINT ( 'NONE', #1072 ) ;
#3199 = DIRECTION ( 'NONE',  ( 0.000000000000000000, -0.2756373558170023830, 0.9612616959383180060 ) ) ;
#3200 = LINE ( 'NONE', #3259, #4170 ) ;
#3201 = CARTESIAN_POINT ( 'NONE',  ( 27.54999999999999005, 10.80000000000000071, 0.5499999999996132427 ) ) ;
#3202 = ADVANCED_FACE ( 'NONE', ( #4716 ), #5685, .F. ) ;
#3203 = AXIS2_PLACEMENT_3D ( 'NONE', #10190, #9512, #8371 ) ;
#3204 = ORIENTED_EDGE ( 'NONE', *, *, #2042, .T. ) ;
#3205 = ORIENTED_EDGE ( 'NONE', *, *, #8098, .F. ) ;
#3206 = CARTESIAN_POINT ( 'NONE',  ( 14.06738976402690788, -0.9965637948165171345, -32.06738976402728980 ) ) ;
#3207 = DIRECTION ( 'NONE',  ( 1.000000000000000000, 0.000000000000000000, 0.000000000000000000 ) ) ;
#3208 = VERTEX_POINT ( 'NONE', #11017 ) ;
#3209 = PLANE ( 'NONE',  #9814 ) ;
#3210 = DIRECTION ( 'NONE',  ( -0.000000000000000000, 0.9612616959383174509, 0.2756373558170042704 ) ) ;
#3211 = DIRECTION ( 'NONE',  ( -0.000000000000000000, -0.2756373558170042704, -0.9612616959383174509 ) ) ;
#3212 = ORIENTED_EDGE ( 'NONE', *, *, #5210, .T. ) ;
#3213 = AXIS2_PLACEMENT_3D ( 'NONE', #7919, #2283, #346 ) ;
#3214 = VERTEX_POINT ( 'NONE', #11258 ) ;
#3215 = CARTESIAN_POINT ( 'NONE',  ( -10.49625977300406454, 7.500000000000000000, -33.62500000000000000 ) ) ;
#3216 = AXIS2_PLACEMENT_3D ( 'NONE', #10455, #2156, #1248 ) ;
#3217 = CARTESIAN_POINT ( 'NONE',  ( 51.62500000000000000, 10.80000000000000426, -33.62500000000000000 ) ) ;
#3219 = PLANE ( 'NONE',  #8747 ) ;
#3218 = AXIS2_PLACEMENT_3D ( 'NONE', #4771, #2769, #11975 ) ;
#3220 = ORIENTED_EDGE ( 'NONE', *, *, #11766, .T. ) ;
#3221 = EDGE_CURVE ( 'NONE', #8759, #4614, #7329, .T. ) ;
#3222 = CARTESIAN_POINT ( 'NONE',  ( -2.375000000000005773, 10.80000000000000426, -33.62500000000000000 ) ) ;
#3223 = LINE ( 'NONE', #4075, #7041 ) ;
#3224 = ORIENTED_EDGE ( 'NONE', *, *, #11912, .F. ) ;
#3225 = CARTESIAN_POINT ( 'NONE',  ( 9.550000000000002487, 10.80000000000000426, 33.62500000000000000 ) ) ;
#3226 = DIRECTION ( 'NONE',  ( 1.000000000000000000, 0.000000000000000000, 0.000000000000000000 ) ) ;
#3227 = ORIENTED_EDGE ( 'NONE', *, *, #4811, .F. ) ;
#3228 = DIRECTION ( 'NONE',  ( 0.5001519828512179799, 0.8323926831162092865, 0.2386847610229711203 ) ) ;
#3229 = CARTESIAN_POINT ( 'NONE',  ( 26.88039450307232769, 12.30096400656410083, -18.11960549692805245 ) ) ;
#3230 = EDGE_LOOP ( 'NONE', ( #2870, #5180, #9663, #7951 ) ) ;
#3231 = VECTOR ( 'NONE', #5879, 1000.000000000000000 ) ;
#3232 = VECTOR ( 'NONE', #9032, 1000.000000000000000 ) ;
#3233 = ADVANCED_FACE ( 'NONE', ( #5627 ), #9382, .F. ) ;
#3234 = DIRECTION ( 'NONE',  ( 0.000000000000000000, 0.000000000000000000, -1.000000000000000000 ) ) ;
#3235 = VECTOR ( 'NONE', #1303, 1000.000000000000227 ) ;
#3236 = DIRECTION ( 'NONE',  ( -1.000000000000000000, 0.000000000000000000, 0.000000000000000000 ) ) ;
#3237 = CARTESIAN_POINT ( 'NONE',  ( 53.44999999999999574, -11.50000000000000000, -35.45000000000003126 ) ) ;
#3238 = DIRECTION ( 'NONE',  ( 0.5001519828512179799, 0.8323926831162092865, 0.2386847610229711203 ) ) ;
#3239 = ORIENTED_EDGE ( 'NONE', *, *, #798, .F. ) ;
#3240 = VECTOR ( 'NONE', #1970, 1000.000000000000000 ) ;
#3241 = AXIS2_PLACEMENT_3D ( 'NONE', #8365, #5639, #7570 ) ;
#3242 = VERTEX_POINT ( 'NONE', #8471 ) ;
#3243 = DIRECTION ( 'NONE',  ( 0.2657276780299894225, 0.9267025424900811048, 0.2657276780299894225 ) ) ;
#3244 = ORIENTED_EDGE ( 'NONE', *, *, #3626, .T. ) ;
#3245 = EDGE_CURVE ( 'NONE', #1911, #8175, #1129, .T. ) ;
#3246 = CARTESIAN_POINT ( 'NONE',  ( -53.44999999999999574, 7.500000000000000000, 35.44999999999998863 ) ) ;
#3247 = CARTESIAN_POINT ( 'NONE',  ( -29.37500000000000000, 10.80000000000000426, -33.62500000000000000 ) ) ;
#3248 = ORIENTED_EDGE ( 'NONE', *, *, #11259, .F. ) ;
#3249 = DIRECTION ( 'NONE',  ( 0.000000000000000000, 0.000000000000000000, -1.000000000000000000 ) ) ;
#3250 = ORIENTED_EDGE ( 'NONE', *, *, #6441, .F. ) ;
#3251 = DIRECTION ( 'NONE',  ( 0.000000000000000000, 0.000000000000000000, 1.000000000000000000 ) ) ;
#3252 = ORIENTED_EDGE ( 'NONE', *, *, #9624, .T. ) ;
#3253 = CARTESIAN_POINT ( 'NONE',  ( -0.5500000000000088152, 7.500000000000000000, -35.45000000000000284 ) ) ;
#3254 = LINE ( 'NONE', #8829, #11608 ) ;
#3255 = CARTESIAN_POINT ( 'NONE',  ( -51.62500000000000711, 7.500000000000000000, 25.50374022699554288 ) ) ;
#3256 = FACE_OUTER_BOUND ( 'NONE', #6494, .T. ) ;
#3257 = EDGE_CURVE ( 'NONE', #8690, #4316, #2952, .T. ) ;
#3258 = VECTOR ( 'NONE', #8469, 1000.000000000000227 ) ;
#3259 = CARTESIAN_POINT ( 'NONE',  ( 29.37500000000000000, 10.53731005528968012, 33.62500000000000000 ) ) ;
#3260 = DIRECTION ( 'NONE',  ( -1.000000000000000000, -0.000000000000000000, -0.000000000000000000 ) ) ;
#3261 = EDGE_LOOP ( 'NONE', ( #3472, #5858, #10969, #4803 ) ) ;
#3262 = EDGE_CURVE ( 'NONE', #10675, #2512, #2040, .T. ) ;
#3263 = ORIENTED_EDGE ( 'NONE', *, *, #530, .T. ) ;
#3264 = LINE ( 'NONE', #3206, #11734 ) ;
#3265 = PLANE ( 'NONE',  #10155 ) ;
#3266 = VERTEX_POINT ( 'NONE', #9554 ) ;
#3267 = LINE ( 'NONE', #11570, #10979 ) ;
#3268 = CARTESIAN_POINT ( 'NONE',  ( 25.50374022699593368, 7.500000000000000000, 0.000000000000000000 ) ) ;
#3269 = LINE ( 'NONE', #3334, #9950 ) ;
#3270 = ORIENTED_EDGE ( 'NONE', *, *, #4588, .F. ) ;
#3271 = AXIS2_PLACEMENT_3D ( 'NONE', #9982, #5253, #9075 ) ;
#3272 = VERTEX_POINT ( 'NONE', #2503 ) ;
#3273 = DIRECTION ( 'NONE',  ( 1.000000000000000000, 0.000000000000000000, 0.000000000000000000 ) ) ;
#3274 = DIRECTION ( 'NONE',  ( -0.5001519828512179799, 0.8323926831162092865, -0.2386847610229711203 ) ) ;
#3275 = EDGE_CURVE ( 'NONE', #2436, #8874, #4199, .T. ) ;
#3276 = AXIS2_PLACEMENT_3D ( 'NONE', #9956, #7169, #8990 ) ;
#3277 = DIRECTION ( 'NONE',  ( 0.5001519828512182020, 0.8323926831162096196, 0.2386847610229694550 ) ) ;
#3278 = ORIENTED_EDGE ( 'NONE', *, *, #1325, .T. ) ;
#3279 = DIRECTION ( 'NONE',  ( -0.5001519828512182020, -0.8323926831162096196, -0.2386847610229694550 ) ) ;
#3280 = CARTESIAN_POINT ( 'NONE',  ( 57.19185245480486657, 10.49999999999999822, 36.19185245480491631 ) ) ;
#3281 = VERTEX_POINT ( 'NONE', #3013 ) ;
#3282 = CARTESIAN_POINT ( 'NONE',  ( -52.80943399447263431, 8.566080860090419691, -19.19056600552773872 ) ) ;
#3283 = PLANE ( 'NONE',  #4717 ) ;
#3284 = VERTEX_POINT ( 'NONE', #7058 ) ;
#3285 = CARTESIAN_POINT ( 'NONE',  ( 29.37500000000000000, 7.500000000000000000, -19.49625977300445356 ) ) ;
#3286 = VECTOR ( 'NONE', #6113, 1000.000000000000114 ) ;
#3287 = LINE ( 'NONE', #325, #10853 ) ;
#3288 = ORIENTED_EDGE ( 'NONE', *, *, #7976, .T. ) ;
#3289 = DIRECTION ( 'NONE',  ( -0.000000000000000000, -0.000000000000000000, 1.000000000000000000 ) ) ;
#3290 = EDGE_CURVE ( 'NONE', #3208, #576, #7901, .T. ) ;
#3291 = CARTESIAN_POINT ( 'NONE',  ( 25.80943399447264852, 8.566080860090401927, -7.809433994473034879 ) ) ;
#3292 = CARTESIAN_POINT ( 'NONE',  ( -52.50374022699593013, 7.500000000000000000, 0.000000000000000000 ) ) ;
#3293 = CARTESIAN_POINT ( 'NONE',  ( -24.62500000000000000, 10.53731005528969256, -33.62500000000000000 ) ) ;
#3294 = CARTESIAN_POINT ( 'NONE',  ( -35.44999999999999574, 10.80000000000000071, 26.44999999999961204 ) ) ;
#3295 = ORIENTED_EDGE ( 'NONE', *, *, #7319, .T. ) ;
#3296 = EDGE_CURVE ( 'NONE', #1437, #6910, #8024, .T. ) ;
#3297 = ORIENTED_EDGE ( 'NONE', *, *, #9962, .F. ) ;
#3298 = ADVANCED_FACE ( 'NONE', ( #6766 ), #3924, .F. ) ;
#3299 = FACE_OUTER_BOUND ( 'NONE', #11108, .T. ) ;
#3300 = ORIENTED_EDGE ( 'NONE', *, *, #2130, .F. ) ;
#3301 = CARTESIAN_POINT ( 'NONE',  ( 29.37500000000000000, 10.53731005528968012, 8.374674870468709287 ) ) ;
#3302 = CARTESIAN_POINT ( 'NONE',  ( 51.62500000000000000, 10.53731005528970854, 0.6253251295305098933 ) ) ;
#3303 = EDGE_CURVE ( 'NONE', #8054, #5487, #1189, .T. ) ;
#3305 = ORIENTED_EDGE ( 'NONE', *, *, #6381, .F. ) ;
#3304 = VECTOR ( 'NONE', #11981, 1000.000000000000000 ) ;
#3306 = CARTESIAN_POINT ( 'NONE',  ( 61.85875721063607102, 9.899999999999975486, 33.78768939877064525 ) ) ;
#3307 = VECTOR ( 'NONE', #3386, 1000.000000000000114 ) ;
#3308 = ORIENTED_EDGE ( 'NONE', *, *, #9031, .F. ) ;
#3309 = CARTESIAN_POINT ( 'NONE',  ( -53.44999999999999574, -11.50000000000000000, -35.45000000000003126 ) ) ;
#3310 = VERTEX_POINT ( 'NONE', #9778 ) ;
#3311 = EDGE_CURVE ( 'NONE', #7163, #10059, #6207, .T. ) ;
#3312 = EDGE_CURVE ( 'NONE', #3655, #2416, #9496, .T. ) ;
#3313 = VECTOR ( 'NONE', #8580, 1000.000000000000114 ) ;
#3314 = CARTESIAN_POINT ( 'NONE',  ( 29.37500000000000000, 10.80000000000000426, 26.44999999999961204 ) ) ;
#3315 = DIRECTION ( 'NONE',  ( 0.000000000000000000, 0.000000000000000000, 1.000000000000000000 ) ) ;
#3316 = ORIENTED_EDGE ( 'NONE', *, *, #10882, .T. ) ;
#3317 = CARTESIAN_POINT ( 'NONE',  ( -37.49625977300406277, 7.500000000000000000, 0.000000000000000000 ) ) ;
#3318 = ADVANCED_FACE ( 'NONE', ( #8593 ), #219, .F. ) ;
#3319 = CARTESIAN_POINT ( 'NONE',  ( 27.75510628676861913, 10.08470937300049464, 9.755106286768237212 ) ) ;
#3320 = AXIS2_PLACEMENT_3D ( 'NONE', #4146, #273, #5911 ) ;
#3321 = DIRECTION ( 'NONE',  ( 0.5001519828512182020, -0.8323926831162096196, 0.2386847610229694550 ) ) ;
#3322 = VECTOR ( 'NONE', #9429, 1000.000000000000114 ) ;
#3323 = CARTESIAN_POINT ( 'NONE',  ( 27.55000000000000426, 82.98258077199005811, -35.45000000000002416 ) ) ;
#3324 = EDGE_CURVE ( 'NONE', #6932, #7149, #9836, .T. ) ;
#3325 = VERTEX_POINT ( 'NONE', #8532 ) ;
#3326 = ORIENTED_EDGE ( 'NONE', *, *, #8307, .T. ) ;
#3327 = EDGE_CURVE ( 'NONE', #11479, #3510, #2100, .T. ) ;
#3328 = VECTOR ( 'NONE', #10854, 1000.000000000000000 ) ;
#3329 = DIRECTION ( 'NONE',  ( -0.000000000000000000, 0.000000000000000000, 1.000000000000000000 ) ) ;
#3330 = FACE_OUTER_BOUND ( 'NONE', #6626, .T. ) ;
#3331 = ORIENTED_EDGE ( 'NONE', *, *, #2550, .F. ) ;
#3332 = DIRECTION ( 'NONE',  ( 1.000000000000000000, 0.000000000000000000, 0.000000000000000000 ) ) ;
#3333 = CARTESIAN_POINT ( 'NONE',  ( -51.62500000000000000, 10.80000000000000071, 0.000000000000000000 ) ) ;
#3334 = CARTESIAN_POINT ( 'NONE',  ( -27.54999999999999361, 10.80000000000000071, 17.44999999999961560 ) ) ;
#3335 = VERTEX_POINT ( 'NONE', #284 ) ;
#3336 = EDGE_LOOP ( 'NONE', ( #782, #7778, #7614, #96 ) ) ;
#3337 = VECTOR ( 'NONE', #4493, 1000.000000000000114 ) ;
#3338 = CARTESIAN_POINT ( 'NONE',  ( -52.50374022699593013, 7.500000000000000000, 0.000000000000000000 ) ) ;
#3339 = CARTESIAN_POINT ( 'NONE',  ( -26.45000000000000284, 10.80000000000000071, 27.54999999999960991 ) ) ;
#3340 = VECTOR ( 'NONE', #11386, 1000.000000000000000 ) ;
#3341 = LINE ( 'NONE', #7043, #1585 ) ;
#3342 = ORIENTED_EDGE ( 'NONE', *, *, #872, .T. ) ;
#3343 = PLANE ( 'NONE',  #11092 ) ;
#3344 = CARTESIAN_POINT ( 'NONE',  ( 28.19056600552735148, 8.566080860090391269, 0.000000000000000000 ) ) ;
#3345 = ORIENTED_EDGE ( 'NONE', *, *, #8504, .F. ) ;
#3346 = CARTESIAN_POINT ( 'NONE',  ( -29.37500000000000355, 10.53731005528968545, 0.6253251295305186641 ) ) ;
#3347 = DIRECTION ( 'NONE',  ( -0.000000000000000000, -0.000000000000000000, 1.000000000000000000 ) ) ;
#3348 = EDGE_CURVE ( 'NONE', #2930, #4407, #5231, .T. ) ;
#3349 = ORIENTED_EDGE ( 'NONE', *, *, #242, .T. ) ;
#3350 = DIRECTION ( 'NONE',  ( 1.000000000000000000, 0.000000000000000000, 0.000000000000000000 ) ) ;
#3351 = VECTOR ( 'NONE', #10438, 1000.000000000000114 ) ;
#3352 = LINE ( 'NONE', #7231, #8928 ) ;
#3353 = ORIENTED_EDGE ( 'NONE', *, *, #6422, .T. ) ;
#3354 = DIRECTION ( 'NONE',  ( 0.4999999999999902855, -0.7071067811865670016, 0.4999999999999821254 ) ) ;
#3355 = AXIS2_PLACEMENT_3D ( 'NONE', #5912, #7906, #6817 ) ;
#3356 = DIRECTION ( 'NONE',  ( 0.000000000000000000, 0.000000000000000000, 1.000000000000000000 ) ) ;
#3357 = CARTESIAN_POINT ( 'NONE',  ( 52.60939292339048734, 7.868454739437104273, 1.390607076609126302 ) ) ;
#3358 = EDGE_CURVE ( 'NONE', #881, #706, #3984, .T. ) ;
#3359 = VECTOR ( 'NONE', #10860, 1000.000000000000000 ) ;
#3360 = DIRECTION ( 'NONE',  ( 0.000000000000000000, -1.000000000000000000, 0.000000000000000000 ) ) ;
#3361 = CARTESIAN_POINT ( 'NONE',  ( -29.37500000000000000, 10.80000000000000071, 0.000000000000000000 ) ) ;
#3362 = ORIENTED_EDGE ( 'NONE', *, *, #2161, .T. ) ;
#3363 = VECTOR ( 'NONE', #4637, 1000.000000000000000 ) ;
#3364 = DIRECTION ( 'NONE',  ( 0.000000000000000000, 0.000000000000000000, -1.000000000000000000 ) ) ;
#3365 = ADVANCED_FACE ( 'NONE', ( #7680 ), #11373, .F. ) ;
#3366 = ORIENTED_EDGE ( 'NONE', *, *, #7560, .T. ) ;
#3367 = PLANE ( 'NONE',  #8145 ) ;
#3368 = EDGE_LOOP ( 'NONE', ( #5273, #10722, #7016, #8040 ) ) ;
#3369 = AXIS2_PLACEMENT_3D ( 'NONE', #6914, #8729, #5889 ) ;
#3370 = LINE ( 'NONE', #6222, #5054 ) ;
#3371 = VECTOR ( 'NONE', #661, 1000.000000000000000 ) ;
#3372 = DIRECTION ( 'NONE',  ( -0.000000000000000000, 0.000000000000000000, 1.000000000000000000 ) ) ;
#3373 = ORIENTED_EDGE ( 'NONE', *, *, #4394, .T. ) ;
#3374 = EDGE_CURVE ( 'NONE', #11226, #4, #8651, .T. ) ;
#3375 = PLANE ( 'NONE',  #7974 ) ;
#3376 = VECTOR ( 'NONE', #10680, 1000.000000000000114 ) ;
#3377 = ORIENTED_EDGE ( 'NONE', *, *, #11958, .T. ) ;
#3378 = EDGE_CURVE ( 'NONE', #8738, #2842, #10684, .T. ) ;
#3379 = DIRECTION ( 'NONE',  ( -0.000000000000000000, 0.000000000000000000, 1.000000000000000000 ) ) ;
#3380 = ORIENTED_EDGE ( 'NONE', *, *, #10847, .F. ) ;
#3381 = CARTESIAN_POINT ( 'NONE',  ( 61.85875721063607102, 9.899999999999975486, -33.78768939877064525 ) ) ;
#3382 = CARTESIAN_POINT ( 'NONE',  ( 0.000000000000000000, 7.500000000000000000, 34.50374022699554644 ) ) ;
#3383 = ORIENTED_EDGE ( 'NONE', *, *, #1701, .T. ) ;
#3384 = CARTESIAN_POINT ( 'NONE',  ( 35.44999999999999574, 10.80000000000000426, -33.62500000000000000 ) ) ;
#3385 = FACE_OUTER_BOUND ( 'NONE', #7800, .T. ) ;
#3386 = DIRECTION ( 'NONE',  ( 0.2657276780299913099, 0.9267025424900799946, 0.2657276780299913099 ) ) ;
#3387 = CARTESIAN_POINT ( 'NONE',  ( -24.62500000000000000, 10.53731005528969256, 8.374674870468716392 ) ) ;
#3388 = EDGE_CURVE ( 'NONE', #9111, #2582, #5173, .T. ) ;
#3389 = ADVANCED_FACE ( 'NONE', ( #11656 ), #6516, .F. ) ;
#3390 = ORIENTED_EDGE ( 'NONE', *, *, #11306, .T. ) ;
#3391 = ORIENTED_EDGE ( 'NONE', *, *, #5689, .F. ) ;
#3392 = DIRECTION ( 'NONE',  ( -0.2756373558170042704, 0.9612616959383174509, 0.000000000000000000 ) ) ;
#3393 = CARTESIAN_POINT ( 'NONE',  ( 19.19056600552722713, 8.566080860090846016, 34.80943399447237852 ) ) ;
#3394 = ORIENTED_EDGE ( 'NONE', *, *, #1343, .T. ) ;
#3395 = DIRECTION ( 'NONE',  ( 0.2657276780299913099, 0.9267025424900799946, 0.2657276780299913099 ) ) ;
#3396 = DIRECTION ( 'NONE',  ( 0.000000000000000000, 0.000000000000000000, -1.000000000000000000 ) ) ;
#3397 = CARTESIAN_POINT ( 'NONE',  ( -2.375000000000005773, 10.80000000000000426, 33.62500000000000000 ) ) ;
#3398 = EDGE_LOOP ( 'NONE', ( #2804, #7289, #4713, #4757 ) ) ;
#3399 = ORIENTED_EDGE ( 'NONE', *, *, #622, .F. ) ;
#3400 = DIRECTION ( 'NONE',  ( -0.000000000000000000, -0.2756373558170042704, -0.9612616959383174509 ) ) ;
#3401 = DIRECTION ( 'NONE',  ( -1.000000000000000000, -0.000000000000000000, -0.000000000000000000 ) ) ;
#3402 = VECTOR ( 'NONE', #5402, 1000.000000000000114 ) ;
#3403 = ADVANCED_FACE ( 'NONE', ( #1778 ), #871, .F. ) ;
#3404 = DIRECTION ( 'NONE',  ( 0.000000000000000000, 1.000000000000000000, 0.000000000000000000 ) ) ;
#3405 = ORIENTED_EDGE ( 'NONE', *, *, #3012, .F. ) ;
#3406 = DIRECTION ( 'NONE',  ( -1.000000000000000000, 6.036709082546132388E-16, 1.730998474588425335E-16 ) ) ;
#3407 = CARTESIAN_POINT ( 'NONE',  ( 3.482387728013483552E-16, 8.566080860089984483, -34.80943399447291142 ) ) ;
#3408 = VERTEX_POINT ( 'NONE', #9115 ) ;
#3409 = DIRECTION ( 'NONE',  ( 1.000000000000000000, 0.000000000000000000, -0.000000000000000000 ) ) ;
#3410 = DIRECTION ( 'NONE',  ( -0.000000000000000000, 0.9612616959383180060, 0.2756373558170023830 ) ) ;
#3411 = VECTOR ( 'NONE', #7955, 1000.000000000000000 ) ;
#3412 = ORIENTED_EDGE ( 'NONE', *, *, #6399, .T. ) ;
#3413 = DIRECTION ( 'NONE',  ( -0.4999999999999978906, -0.7071067811865504593, 0.4999999999999978906 ) ) ;
#3414 = DIRECTION ( 'NONE',  ( 0.000000000000000000, 0.000000000000000000, -1.000000000000000000 ) ) ;
#3415 = DIRECTION ( 'NONE',  ( -0.000000000000000000, -0.000000000000000000, 1.000000000000000000 ) ) ;
#3416 = ADVANCED_FACE ( 'NONE', ( #1843 ), #4509, .F. ) ;
#3417 = PLANE ( 'NONE',  #4294 ) ;
#3418 = VECTOR ( 'NONE', #3392, 1000.000000000000114 ) ;
#3419 = CARTESIAN_POINT ( 'NONE',  ( -62.00000000000000000, -11.50000000000000000, 41.00000000000000000 ) ) ;
#3420 = EDGE_CURVE ( 'NONE', #5973, #10629, #6457, .T. ) ;
#3421 = DIRECTION ( 'NONE',  ( -0.2756373558170042704, 0.9612616959383174509, 0.000000000000000000 ) ) ;
#3422 = LINE ( 'NONE', #4455, #11293 ) ;
#3423 = ORIENTED_EDGE ( 'NONE', *, *, #3576, .F. ) ;
#3424 = DIRECTION ( 'NONE',  ( 0.2657276780299913099, 0.9267025424900799946, 0.2657276780299913099 ) ) ;
#3425 = VECTOR ( 'NONE', #4283, 1000.000000000000114 ) ;
#3426 = ORIENTED_EDGE ( 'NONE', *, *, #7253, .F. ) ;
#3427 = EDGE_CURVE ( 'NONE', #3776, #9438, #3658, .T. ) ;
#3428 = LINE ( 'NONE', #8222, #4469 ) ;
#3429 = ORIENTED_EDGE ( 'NONE', *, *, #3048, .T. ) ;
#3430 = EDGE_CURVE ( 'NONE', #9094, #3850, #5543, .T. ) ;
#3431 = LINE ( 'NONE', #5187, #6622 ) ;
#3432 = EDGE_CURVE ( 'NONE', #8276, #7969, #5414, .T. ) ;
#3433 = AXIS2_PLACEMENT_3D ( 'NONE', #2893, #10175, #6600 ) ;
#3434 = VECTOR ( 'NONE', #187, 1000.000000000000000 ) ;
#3435 = DIRECTION ( 'NONE',  ( 0.000000000000000000, -0.000000000000000000, -1.000000000000000000 ) ) ;
#3436 = VERTEX_POINT ( 'NONE', #803 ) ;
#3437 = CARTESIAN_POINT ( 'NONE',  ( 62.00000000000000000, 7.500000000000000000, 34.00000000000000000 ) ) ;
#3438 = ORIENTED_EDGE ( 'NONE', *, *, #453, .F. ) ;
#3439 = DIRECTION ( 'NONE',  ( 0.000000000000000000, -0.2756373558170042704, 0.9612616959383174509 ) ) ;
#3440 = ORIENTED_EDGE ( 'NONE', *, *, #5430, .T. ) ;
#3441 = DIRECTION ( 'NONE',  ( 1.000000000000000000, 0.000000000000000000, 0.000000000000000000 ) ) ;
#3442 = DIRECTION ( 'NONE',  ( -1.000000000000000000, 0.000000000000000000, 0.000000000000000000 ) ) ;
#3443 = EDGE_LOOP ( 'NONE', ( #6955, #4339, #11857, #10126 ) ) ;
#3444 = PLANE ( 'NONE',  #11308 ) ;
#3445 = CARTESIAN_POINT ( 'NONE',  ( 0.000000000000000000, 10.80000000000000071, 33.62500000000000000 ) ) ;
#3446 = DIRECTION ( 'NONE',  ( 0.2657276780299897001, -0.9267025424900808828, 0.2657276780299897001 ) ) ;
#3447 = EDGE_CURVE ( 'NONE', #3272, #3894, #10023, .T. ) ;
#3448 = DIRECTION ( 'NONE',  ( -0.000000000000000000, 1.000000000000000000, -0.000000000000000000 ) ) ;
#3449 = ORIENTED_EDGE ( 'NONE', *, *, #6162, .F. ) ;
#3450 = VERTEX_POINT ( 'NONE', #1652 ) ;
#3451 = ORIENTED_EDGE ( 'NONE', *, *, #11247, .T. ) ;
#3452 = CARTESIAN_POINT ( 'NONE',  ( -2.375000000000005773, 7.500000000000000000, -10.49625977300446067 ) ) ;
#3453 = CARTESIAN_POINT ( 'NONE',  ( 36.54999999999999716, 10.80000000000000071, -35.45000000000039364 ) ) ;
#3454 = ORIENTED_EDGE ( 'NONE', *, *, #10398, .F. ) ;
#3455 = EDGE_CURVE ( 'NONE', #2031, #3679, #3535, .T. ) ;
#3456 = DIRECTION ( 'NONE',  ( 0.000000000000000000, 0.000000000000000000, -1.000000000000000000 ) ) ;
#3457 = LINE ( 'NONE', #3333, #10721 ) ;
#3458 = VERTEX_POINT ( 'NONE', #7233 ) ;
#3459 = ORIENTED_EDGE ( 'NONE', *, *, #1809, .F. ) ;
#3460 = ORIENTED_EDGE ( 'NONE', *, *, #10688, .F. ) ;
#3461 = CARTESIAN_POINT ( 'NONE',  ( 45.54999999999999005, 10.80000000000000071, -27.55000000000038796 ) ) ;
#3462 = CARTESIAN_POINT ( 'NONE',  ( -29.37500000000000000, 7.500000000000000000, 16.50374022699554644 ) ) ;
#3463 = DIRECTION ( 'NONE',  ( 1.000000000000000000, 0.000000000000000000, 0.000000000000000000 ) ) ;
#3464 = EDGE_CURVE ( 'NONE', #3266, #10580, #10933, .T. ) ;
#3465 = ORIENTED_EDGE ( 'NONE', *, *, #619, .F. ) ;
#3466 = CARTESIAN_POINT ( 'NONE',  ( 54.99999999999997868, -11.50000000000000000, 41.00000000000000711 ) ) ;
#3467 = DIRECTION ( 'NONE',  ( 1.000000000000000000, 0.000000000000000000, 0.000000000000000000 ) ) ;
#3468 = ORIENTED_EDGE ( 'NONE', *, *, #11039, .F. ) ;
#3469 = DIRECTION ( 'NONE',  ( -1.000000000000000000, -0.000000000000000000, -0.000000000000000000 ) ) ;
#3470 = CARTESIAN_POINT ( 'NONE',  ( 62.00000000000000000, 0.000000000000000000, 34.00000000000000000 ) ) ;
#3471 = EDGE_CURVE ( 'NONE', #2096, #3037, #11778, .T. ) ;
#3472 = ORIENTED_EDGE ( 'NONE', *, *, #7591, .F. ) ;
#3473 = CARTESIAN_POINT ( 'NONE',  ( -60.00000000000000000, 8.099999999999999645, 8.000000000000000000 ) ) ;
#3474 = LINE ( 'NONE', #11895, #3713 ) ;
#3475 = FACE_OUTER_BOUND ( 'NONE', #929, .T. ) ;
#3476 = ADVANCED_FACE ( 'NONE', ( #932 ), #6330, .F. ) ;
#3477 = EDGE_CURVE ( 'NONE', #10848, #938, #7298, .T. ) ;
#3478 = DIRECTION ( 'NONE',  ( 0.000000000000000000, 0.000000000000000000, -1.000000000000000000 ) ) ;
#3479 = LINE ( 'NONE', #10752, #4292 ) ;
#3480 = DIRECTION ( 'NONE',  ( 0.000000000000000000, -0.000000000000000000, -1.000000000000000000 ) ) ;
#3481 = FACE_OUTER_BOUND ( 'NONE', #6801, .T. ) ;
#3482 = EDGE_LOOP ( 'NONE', ( #10983, #6303, #9085, #11988 ) ) ;
#3483 = LINE ( 'NONE', #5304, #2975 ) ;
#3484 = ADVANCED_FACE ( 'NONE', ( #3475 ), #11, .F. ) ;
#3485 = EDGE_LOOP ( 'NONE', ( #981, #8059, #2985, #9927 ) ) ;
#3486 = LINE ( 'NONE', #9065, #458 ) ;
#3487 = CARTESIAN_POINT ( 'NONE',  ( 35.44999999999999574, 10.80000000000000071, -27.55000000000038796 ) ) ;
#3488 = ORIENTED_EDGE ( 'NONE', *, *, #532, .F. ) ;
#3489 = CARTESIAN_POINT ( 'NONE',  ( 45.54999999999999005, 10.80000000000000071, 18.54999999999960991 ) ) ;
#3490 = DIRECTION ( 'NONE',  ( 0.000000000000000000, -0.9612616959383174509, 0.2756373558170039373 ) ) ;
#3491 = ORIENTED_EDGE ( 'NONE', *, *, #5840, .T. ) ;
#3492 = LINE ( 'NONE', #9851, #6841 ) ;
#3493 = ORIENTED_EDGE ( 'NONE', *, *, #3733, .T. ) ;
#3494 = FACE_OUTER_BOUND ( 'NONE', #6651, .T. ) ;
#3495 = VECTOR ( 'NONE', #8816, 999.9999999999998863 ) ;
#3496 = ORIENTED_EDGE ( 'NONE', *, *, #5166, .T. ) ;
#3497 = DIRECTION ( 'NONE',  ( 0.5001519828512179799, 0.8323926831162092865, -0.2386847610229713423 ) ) ;
#3498 = CARTESIAN_POINT ( 'NONE',  ( -28.19056600552734793, 8.566080860090387716, -7.809433994473031326 ) ) ;
#3499 = ORIENTED_EDGE ( 'NONE', *, *, #3794, .F. ) ;
#3500 = CARTESIAN_POINT ( 'NONE',  ( -2.375000000000005773, 10.53731005528968545, 8.374674870468712840 ) ) ;
#3501 = EDGE_CURVE ( 'NONE', #6302, #8034, #5480, .T. ) ;
#3502 = CARTESIAN_POINT ( 'NONE',  ( -40.07937528197223997, 29.75245638442227047, 13.11547058297133539 ) ) ;
#3503 = DIRECTION ( 'NONE',  ( 0.5001519828512182020, -0.8323926831162096196, -0.2386847610229696770 ) ) ;
#3504 = PLANE ( 'NONE',  #8664 ) ;
#3505 = EDGE_LOOP ( 'NONE', ( #4242, #10036, #5147, #1499 ) ) ;
#3506 = ORIENTED_EDGE ( 'NONE', *, *, #4654, .F. ) ;
#3507 = EDGE_LOOP ( 'NONE', ( #8655, #11801, #9265, #3574 ) ) ;
#3508 = FACE_OUTER_BOUND ( 'NONE', #1966, .T. ) ;
#3509 = LINE ( 'NONE', #591, #10346 ) ;
#3510 = VERTEX_POINT ( 'NONE', #7358 ) ;
#3511 = CARTESIAN_POINT ( 'NONE',  ( 25.80943399447264142, 8.566080860090410809, 0.000000000000000000 ) ) ;
#3512 = CARTESIAN_POINT ( 'NONE',  ( -51.62500000000000711, 7.500000000000000000, 19.49625977300367552 ) ) ;
#3513 = ORIENTED_EDGE ( 'NONE', *, *, #2042, .F. ) ;
#3514 = ORIENTED_EDGE ( 'NONE', *, *, #2217, .T. ) ;
#3515 = EDGE_CURVE ( 'NONE', #642, #6804, #3716, .T. ) ;
#3516 = AXIS2_PLACEMENT_3D ( 'NONE', #1497, #8613, #300 ) ;
#3517 = ORIENTED_EDGE ( 'NONE', *, *, #7454, .F. ) ;
#3518 = LINE ( 'NONE', #5462, #10112 ) ;
#3519 = CARTESIAN_POINT ( 'NONE',  ( -2.375000000000005773, 10.80000000000000426, -18.55000000000037730 ) ) ;
#3520 = ADVANCED_FACE ( 'NONE', ( #2746 ), #10145, .F. ) ;
#3521 = EDGE_CURVE ( 'NONE', #4501, #10061, #313, .T. ) ;
#3522 = AXIS2_PLACEMENT_3D ( 'NONE', #5782, #256, #9532 ) ;
#3523 = DIRECTION ( 'NONE',  ( -1.000000000000000000, 0.000000000000000000, -0.000000000000000000 ) ) ;
#3524 = ORIENTED_EDGE ( 'NONE', *, *, #10781, .T. ) ;
#3525 = DIRECTION ( 'NONE',  ( 1.000000000000000000, -0.000000000000000000, 2.679109615408197094E-16 ) ) ;
#3526 = CARTESIAN_POINT ( 'NONE',  ( 26.45000000000000284, 82.98258077199005811, 35.45000000000000995 ) ) ;
#3527 = ORIENTED_EDGE ( 'NONE', *, *, #5579, .F. ) ;
#3528 = VECTOR ( 'NONE', #5401, 1000.000000000000114 ) ;
#3529 = DIRECTION ( 'NONE',  ( -1.000000000000000000, 0.000000000000000000, 0.000000000000000000 ) ) ;
#3530 = LINE ( 'NONE', #5409, #1816 ) ;
#3531 = EDGE_LOOP ( 'NONE', ( #3860, #10928, #596, #7196 ) ) ;
#3532 = VERTEX_POINT ( 'NONE', #2868 ) ;
#3533 = LINE ( 'NONE', #8202, #10628 ) ;
#3534 = CARTESIAN_POINT ( 'NONE',  ( 0.4124163967275039089, 7.271022431965715960, -28.56191803408055918 ) ) ;
#3535 = LINE ( 'NONE', #9054, #3803 ) ;
#3536 = EDGE_CURVE ( 'NONE', #3969, #3037, #8503, .T. ) ;
#3537 = VECTOR ( 'NONE', #5511, 1000.000000000000000 ) ;
#3538 = ADVANCED_FACE ( 'NONE', ( #3779 ), #3961, .F. ) ;
#3539 = CARTESIAN_POINT ( 'NONE',  ( 28.19056600552735503, 8.566080860090398374, -16.80943399447302156 ) ) ;
#3540 = ADVANCED_FACE ( 'NONE', ( #9528 ), #10435, .F. ) ;
#3541 = ADVANCED_FACE ( 'NONE', ( #11404 ), #11291, .F. ) ;
#3542 = LINE ( 'NONE', #1718, #11639 ) ;
#3543 = DIRECTION ( 'NONE',  ( 0.000000000000000000, 0.9612616959383180060, -0.2756373558170023830 ) ) ;
#3544 = LINE ( 'NONE', #8216, #5303 ) ;
#3545 = ORIENTED_EDGE ( 'NONE', *, *, #9863, .F. ) ;
#3546 = VECTOR ( 'NONE', #11769, 999.9999999999998863 ) ;
#3547 = DIRECTION ( 'NONE',  ( -0.9612616959383181170, -0.2756373558170021609, 0.000000000000000000 ) ) ;
#3548 = ORIENTED_EDGE ( 'NONE', *, *, #9764, .T. ) ;
#3549 = LINE ( 'NONE', #4641, #3573 ) ;
#3550 = LINE ( 'NONE', #2456, #2331 ) ;
#3551 = ORIENTED_EDGE ( 'NONE', *, *, #10642, .F. ) ;
#3552 = CARTESIAN_POINT ( 'NONE',  ( 26.45000000000000284, 82.98258077199005811, -35.44999999999999574 ) ) ;
#3553 = VECTOR ( 'NONE', #4639, 1000.000000000000114 ) ;
#3554 = EDGE_CURVE ( 'NONE', #3117, #5609, #984, .T. ) ;
#3555 = VECTOR ( 'NONE', #3997, 1000.000000000000114 ) ;
#3556 = DIRECTION ( 'NONE',  ( -0.2657276780299913099, -0.9267025424900799946, 0.2657276780299913099 ) ) ;
#3557 = VECTOR ( 'NONE', #2325, 1000.000000000000000 ) ;
#3558 = CARTESIAN_POINT ( 'NONE',  ( 0.000000000000000000, 7.500000000000000000, -28.49625977300445356 ) ) ;
#3559 = ORIENTED_EDGE ( 'NONE', *, *, #4216, .F. ) ;
#3560 = CARTESIAN_POINT ( 'NONE',  ( -26.45000000000000284, 10.80000000000000071, 26.44999999999961204 ) ) ;
#3561 = ORIENTED_EDGE ( 'NONE', *, *, #5278, .T. ) ;
#3562 = VECTOR ( 'NONE', #7382, 1000.000000000000000 ) ;
#3563 = CARTESIAN_POINT ( 'NONE',  ( -28.19056600552735148, 8.566080860090394822, 19.19056600552696779 ) ) ;
#3564 = AXIS2_PLACEMENT_3D ( 'NONE', #3247, #391, #5188 ) ;
#3565 = FACE_OUTER_BOUND ( 'NONE', #9095, .T. ) ;
#3566 = EDGE_LOOP ( 'NONE', ( #9619, #277, #1475, #5130 ) ) ;
#3567 = PLANE ( 'NONE',  #10333 ) ;
#3568 = VECTOR ( 'NONE', #11463, 1000.000000000000000 ) ;
#3569 = FACE_OUTER_BOUND ( 'NONE', #2783, .T. ) ;
#3570 = DIRECTION ( 'NONE',  ( 0.000000000000000000, -0.2756373558170042704, 0.9612616959383174509 ) ) ;
#3571 = EDGE_CURVE ( 'NONE', #10666, #7412, #7711, .T. ) ;
#3572 = PLANE ( 'NONE',  #1484 ) ;
#3573 = VECTOR ( 'NONE', #10159, 1000.000000000000000 ) ;
#3574 = ORIENTED_EDGE ( 'NONE', *, *, #7449, .F. ) ;
#3575 = ORIENTED_EDGE ( 'NONE', *, *, #4464, .T. ) ;
#3576 = EDGE_CURVE ( 'NONE', #3983, #5744, #6573, .T. ) ;
#3577 = VECTOR ( 'NONE', #5208, 1000.000000000000000 ) ;
#3578 = EDGE_LOOP ( 'NONE', ( #11941, #7452, #1032, #6098, #3506, #4905, #9888, #3853, #5227, #5748, #132, #8149, #4788, #317, #10064, #2215, #8838, #10655, #186, #11807, #2983, #298, #10176, #449, #1700, #1547, #10825, #10784, #3620, #6398, #1418, #2557, #8684, #3758, #9335, #11407, #10524, #11168, #2039, #1769, #5265, #8390, #3438, #10861, #7128, #6022, #960, #1096, #10552, #1030, #10901, #8710, #2817, #7281, #3892, #7057, #568, #7333, #3130, #5596, #6618, #4597, #3545, #7044, #2358, #9628, #7427, #71, #11965, #5989, #7084, #3459, #8903, #1923, #6549, #9801 ) ) ;
#3579 = CARTESIAN_POINT ( 'NONE',  ( 2.375000000000005773, 10.80000000000000426, 8.449999999999617373 ) ) ;
#3580 = LINE ( 'NONE', #965, #2799 ) ;
#3581 = ORIENTED_EDGE ( 'NONE', *, *, #2643, .F. ) ;
#3582 = LINE ( 'NONE', #3697, #2461 ) ;
#3583 = ORIENTED_EDGE ( 'NONE', *, *, #1419, .T. ) ;
#3584 = VERTEX_POINT ( 'NONE', #1221 ) ;
#3585 = ORIENTED_EDGE ( 'NONE', *, *, #7637, .T. ) ;
#3586 = VERTEX_POINT ( 'NONE', #10378 ) ;
#3587 = CARTESIAN_POINT ( 'NONE',  ( -29.37500000000000355, 7.500000000000000000, 1.496259773003681737 ) ) ;
#3588 = EDGE_CURVE ( 'NONE', #6641, #9795, #252, .T. ) ;
#3589 = LINE ( 'NONE', #5277, #5916 ) ;
#3590 = ADVANCED_FACE ( 'NONE', ( #2988 ), #10204, .F. ) ;
#3591 = ORIENTED_EDGE ( 'NONE', *, *, #8052, .F. ) ;
#3592 = LINE ( 'NONE', #1643, #2776 ) ;
#3593 = FACE_OUTER_BOUND ( 'NONE', #356, .T. ) ;
#3594 = ORIENTED_EDGE ( 'NONE', *, *, #6717, .F. ) ;
#3595 = DIRECTION ( 'NONE',  ( -0.000000000000000000, -0.000000000000000000, 1.000000000000000000 ) ) ;
#3596 = CARTESIAN_POINT ( 'NONE',  ( 51.62500000000000711, 7.500000000000000000, -1.496259773004444904 ) ) ;
#3597 = EDGE_LOOP ( 'NONE', ( #8553, #1819, #4832, #8427 ) ) ;
#3598 = EDGE_LOOP ( 'NONE', ( #1559, #11903, #7242, #1271 ) ) ;
#3599 = CARTESIAN_POINT ( 'NONE',  ( -35.44999999999999574, 10.80000000000000071, 18.54999999999960991 ) ) ;
#3600 = CARTESIAN_POINT ( 'NONE',  ( 24.62500000000000000, 10.80000000000000071, 0.000000000000000000 ) ) ;
#3601 = CARTESIAN_POINT ( 'NONE',  ( 2.375000000000005773, 10.80000000000000426, 33.62500000000000000 ) ) ;
#3602 = DIRECTION ( 'NONE',  ( -0.7071067811865452413, 0.000000000000000000, -0.7071067811865497932 ) ) ;
#3603 = ADVANCED_FACE ( 'NONE', ( #11230 ), #8384, .F. ) ;
#3604 = DIRECTION ( 'NONE',  ( 0.2657276780299897001, -0.9267025424900808828, 0.2657276780299897001 ) ) ;
#3605 = VECTOR ( 'NONE', #11440, 1000.000000000000000 ) ;
#3606 = CARTESIAN_POINT ( 'NONE',  ( -28.49625977300406277, 7.500000000000000000, 0.000000000000000000 ) ) ;
#3607 = DIRECTION ( 'NONE',  ( -0.000000000000000000, -1.000000000000000000, -0.000000000000000000 ) ) ;
#3608 = ORIENTED_EDGE ( 'NONE', *, *, #2584, .T. ) ;
#3609 = CARTESIAN_POINT ( 'NONE',  ( 29.02610786645038488, 5.652200105873706804, -6.973892133549991712 ) ) ;
#3610 = EDGE_CURVE ( 'NONE', #4675, #8321, #4928, .T. ) ;
#3611 = EDGE_LOOP ( 'NONE', ( #200, #8349, #2683, #11811 ) ) ;
#3612 = DIRECTION ( 'NONE',  ( 0.9612616959383174509, -0.2756373558170042704, 0.000000000000000000 ) ) ;
#3613 = DIRECTION ( 'NONE',  ( 0.000000000000000000, -0.2756373558170042704, 0.9612616959383174509 ) ) ;
#3614 = ORIENTED_EDGE ( 'NONE', *, *, #7837, .T. ) ;
#3615 = VECTOR ( 'NONE', #8724, 1000.000000000000114 ) ;
#3616 = DIRECTION ( 'NONE',  ( 0.000000000000000000, 0.000000000000000000, 1.000000000000000000 ) ) ;
#3617 = LINE ( 'NONE', #4278, #148 ) ;
#3618 = CARTESIAN_POINT ( 'NONE',  ( 51.62500000000000711, 7.500000000000000000, 1.496259773003681737 ) ) ;
#3619 = VECTOR ( 'NONE', #2828, 1000.000000000000000 ) ;
#3620 = ORIENTED_EDGE ( 'NONE', *, *, #11540, .F. ) ;
#3621 = CARTESIAN_POINT ( 'NONE',  ( -12.93261023597309567, -0.9965637948165171345, -32.06738976402728980 ) ) ;
#3622 = ORIENTED_EDGE ( 'NONE', *, *, #6680, .F. ) ;
#3623 = LINE ( 'NONE', #1611, #7349 ) ;
#3624 = LINE ( 'NONE', #7326, #6420 ) ;
#3625 = VERTEX_POINT ( 'NONE', #9415 ) ;
#3626 = EDGE_CURVE ( 'NONE', #10885, #3819, #1104, .T. ) ;
#3627 = CARTESIAN_POINT ( 'NONE',  ( 53.44999999999999574, 7.500000000000000000, 35.44999999999998863 ) ) ;
#3628 = LINE ( 'NONE', #164, #11282 ) ;
#3629 = DIRECTION ( 'NONE',  ( -2.679109615408197094E-16, 0.000000000000000000, 1.000000000000000000 ) ) ;
#3630 = VECTOR ( 'NONE', #1683, 1000.000000000000000 ) ;
#3631 = VECTOR ( 'NONE', #4922, 1000.000000000000000 ) ;
#3632 = CARTESIAN_POINT ( 'NONE',  ( 0.000000000000000000, 7.500000000000000000, 7.503740226995549101 ) ) ;
#3633 = ORIENTED_EDGE ( 'NONE', *, *, #9333, .F. ) ;
#3634 = ORIENTED_EDGE ( 'NONE', *, *, #11235, .T. ) ;
#3635 = VERTEX_POINT ( 'NONE', #2017 ) ;
#3636 = LINE ( 'NONE', #4483, #7101 ) ;
#3637 = DIRECTION ( 'NONE',  ( -1.000000000000000000, 0.000000000000000000, 0.000000000000000000 ) ) ;
#3638 = ORIENTED_EDGE ( 'NONE', *, *, #5476, .F. ) ;
#3639 = AXIS2_PLACEMENT_3D ( 'NONE', #10884, #8158, #1796 ) ;
#3640 = LINE ( 'NONE', #8968, #3828 ) ;
#3641 = EDGE_LOOP ( 'NONE', ( #9476, #1940, #6448, #853 ) ) ;
#3643 = ORIENTED_EDGE ( 'NONE', *, *, #9076, .T. ) ;
#3642 = EDGE_CURVE ( 'NONE', #9340, #7697, #193, .T. ) ;
#3644 = ORIENTED_EDGE ( 'NONE', *, *, #6488, .F. ) ;
#3645 = ORIENTED_EDGE ( 'NONE', *, *, #3420, .T. ) ;
#3646 = LINE ( 'NONE', #9161, #8570 ) ;
#3647 = DIRECTION ( 'NONE',  ( 1.000000000000000000, 0.000000000000000000, 0.000000000000000000 ) ) ;
#3648 = EDGE_CURVE ( 'NONE', #9850, #4501, #9474, .T. ) ;
#3649 = VERTEX_POINT ( 'NONE', #8565 ) ;
#3650 = LINE ( 'NONE', #11042, #1028 ) ;
#3651 = PLANE ( 'NONE',  #7053 ) ;
#3652 = VERTEX_POINT ( 'NONE', #11576 ) ;
#3653 = DIRECTION ( 'NONE',  ( 0.000000000000000000, 0.000000000000000000, -1.000000000000000000 ) ) ;
#3654 = CARTESIAN_POINT ( 'NONE',  ( 24.62500000000000000, 10.80000000000000426, 33.62500000000000000 ) ) ;
#3655 = VERTEX_POINT ( 'NONE', #10668 ) ;
#3656 = ORIENTED_EDGE ( 'NONE', *, *, #6481, .F. ) ;
#3657 = CARTESIAN_POINT ( 'NONE',  ( -17.37467487046909653, 10.53731005528968367, -33.62500000000000000 ) ) ;
#3658 = LINE ( 'NONE', #2561, #6121 ) ;
#3659 = CARTESIAN_POINT ( 'NONE',  ( -15.33839134370872159, 3.435945472310388826, 33.33839134370833790 ) ) ;
#3660 = VECTOR ( 'NONE', #3920, 1000.000000000000000 ) ;
#3661 = DIRECTION ( 'NONE',  ( -1.000000000000000000, -0.000000000000000000, -0.000000000000000000 ) ) ;
#3662 = CARTESIAN_POINT ( 'NONE',  ( 60.02027957955104398, 10.49999999999999822, 31.94921176768562177 ) ) ;
#3663 = CARTESIAN_POINT ( 'NONE',  ( -29.37500000000000355, 7.500000000000000000, 28.49625977300367907 ) ) ;
#3664 = ORIENTED_EDGE ( 'NONE', *, *, #60, .F. ) ;
#3665 = DIRECTION ( 'NONE',  ( -1.000000000000000000, 0.000000000000000000, 0.000000000000000000 ) ) ;
#3666 = VERTEX_POINT ( 'NONE', #7828 ) ;
#3667 = DIRECTION ( 'NONE',  ( -1.000000000000000000, 0.000000000000000000, -2.679109615408197094E-16 ) ) ;
#3668 = CARTESIAN_POINT ( 'NONE',  ( 28.19056600552734793, 8.566080860090387716, -34.80943399447266984 ) ) ;
#3669 = VERTEX_POINT ( 'NONE', #9587 ) ;
#3670 = EDGE_CURVE ( 'NONE', #11412, #11134, #7766, .T. ) ;
#3671 = CARTESIAN_POINT ( 'NONE',  ( 52.42887829972521274, 25.53679663750741469, 34.42887829972480773 ) ) ;
#3672 = EDGE_CURVE ( 'NONE', #4336, #3763, #10735, .T. ) ;
#3673 = DIRECTION ( 'NONE',  ( 0.000000000000000000, -0.2756373558170042704, 0.9612616959383174509 ) ) ;
#3674 = EDGE_CURVE ( 'NONE', #2074, #991, #3156, .T. ) ;
#3675 = CARTESIAN_POINT ( 'NONE',  ( -1.190566005527354365, 8.566080860090380611, 34.80943399447266273 ) ) ;
#3676 = VECTOR ( 'NONE', #10021, 1000.000000000000114 ) ;
#3677 = VERTEX_POINT ( 'NONE', #2190 ) ;
#3678 = LINE ( 'NONE', #7377, #10205 ) ;
#3679 = VERTEX_POINT ( 'NONE', #1280 ) ;
#3680 = DIRECTION ( 'NONE',  ( 0.000000000000000000, -0.9612616959383180060, -0.2756373558170023830 ) ) ;
#3681 = LINE ( 'NONE', #1613, #10663 ) ;
#3682 = ORIENTED_EDGE ( 'NONE', *, *, #8715, .T. ) ;
#3683 = DIRECTION ( 'NONE',  ( 1.000000000000000000, 0.000000000000000000, 0.000000000000000000 ) ) ;
#3684 = CARTESIAN_POINT ( 'NONE',  ( 0.000000000000000000, 7.500000000000000000, 16.50374022699554644 ) ) ;
#3685 = PLANE ( 'NONE',  #3709 ) ;
#3686 = EDGE_CURVE ( 'NONE', #2224, #10327, #5033, .T. ) ;
#3687 = FACE_OUTER_BOUND ( 'NONE', #6964, .T. ) ;
#3688 = EDGE_LOOP ( 'NONE', ( #11146, #8314, #2537, #8741 ) ) ;
#3689 = ADVANCED_FACE ( 'NONE', ( #9823 ), #7039, .F. ) ;
#3690 = ADVANCED_FACE ( 'NONE', ( #2362 ), #2428, .F. ) ;
#3691 = ORIENTED_EDGE ( 'NONE', *, *, #8211, .F. ) ;
#3692 = EDGE_LOOP ( 'NONE', ( #7079, #10745, #287, #2768 ) ) ;
#3693 = PLANE ( 'NONE',  #699 ) ;
#3694 = CARTESIAN_POINT ( 'NONE',  ( -3.482387728013434741E-16, 8.566080860089968496, -34.80943399447290432 ) ) ;
#3695 = ORIENTED_EDGE ( 'NONE', *, *, #5430, .F. ) ;
#3696 = EDGE_CURVE ( 'NONE', #914, #7915, #10550, .T. ) ;
#3697 = CARTESIAN_POINT ( 'NONE',  ( 61.43449314192414334, 9.099999999999983658, -33.36342533005872468 ) ) ;
#3698 = EDGE_LOOP ( 'NONE', ( #2179, #8877, #1139, #5169 ) ) ;
#3699 = ORIENTED_EDGE ( 'NONE', *, *, #1265, .F. ) ;
#3700 = VECTOR ( 'NONE', #11243, 1000.000000000000114 ) ;
#3701 = ORIENTED_EDGE ( 'NONE', *, *, #11173, .T. ) ;
#3702 = DIRECTION ( 'NONE',  ( -1.000000000000000000, -0.000000000000000000, -0.000000000000000000 ) ) ;
#3703 = DIRECTION ( 'NONE',  ( 0.000000000000000000, 0.000000000000000000, -1.000000000000000000 ) ) ;
#3704 = EDGE_CURVE ( 'NONE', #7833, #5012, #2246, .T. ) ;
#3705 = VERTEX_POINT ( 'NONE', #4984 ) ;
#3706 = DIRECTION ( 'NONE',  ( -1.000000000000000000, -0.000000000000000000, -0.000000000000000000 ) ) ;
#3707 = DIRECTION ( 'NONE',  ( 0.9612616959383174509, -0.2756373558170042704, 0.000000000000000000 ) ) ;
#3708 = ORIENTED_EDGE ( 'NONE', *, *, #1867, .F. ) ;
#3709 = AXIS2_PLACEMENT_3D ( 'NONE', #2777, #10174, #1870 ) ;
#3710 = CARTESIAN_POINT ( 'NONE',  ( 0.000000000000000000, 7.500000000000000000, 28.49625977300367907 ) ) ;
#3711 = DIRECTION ( 'NONE',  ( -0.000000000000000000, -0.000000000000000000, 1.000000000000000000 ) ) ;
#3712 = ORIENTED_EDGE ( 'NONE', *, *, #3954, .T. ) ;
#3713 = VECTOR ( 'NONE', #5171, 1000.000000000000114 ) ;
#3714 = ORIENTED_EDGE ( 'NONE', *, *, #2747, .F. ) ;
#3715 = DIRECTION ( 'NONE',  ( 1.000000000000000000, 0.000000000000000000, 0.000000000000000000 ) ) ;
#3716 = LINE ( 'NONE', #7415, #11158 ) ;
#3717 = VECTOR ( 'NONE', #6093, 1000.000000000000114 ) ;
#3718 = VECTOR ( 'NONE', #885, 1000.000000000000114 ) ;
#3719 = CARTESIAN_POINT ( 'NONE',  ( 0.000000000000000000, 7.500000000000000000, -10.49625977300446067 ) ) ;
#3720 = ORIENTED_EDGE ( 'NONE', *, *, #4058, .F. ) ;
#3721 = DIRECTION ( 'NONE',  ( -0.000000000000000000, -0.000000000000000000, 1.000000000000000000 ) ) ;
#3722 = CARTESIAN_POINT ( 'NONE',  ( 25.80943399447264142, 8.566080860090407256, 0.000000000000000000 ) ) ;
#3723 = ORIENTED_EDGE ( 'NONE', *, *, #2613, .T. ) ;
#3724 = EDGE_CURVE ( 'NONE', #10311, #819, #8682, .T. ) ;
#3725 = CARTESIAN_POINT ( 'NONE',  ( 8.449999999999999289, 10.80000000000000071, 35.44999999999961204 ) ) ;
#3726 = AXIS2_PLACEMENT_3D ( 'NONE', #4723, #8536, #1076 ) ;
#3727 = ORIENTED_EDGE ( 'NONE', *, *, #11531, .F. ) ;
#3728 = CARTESIAN_POINT ( 'NONE',  ( 58.32322330470334037, 9.699999999999974420, 37.32322330470339011 ) ) ;
#3729 = CARTESIAN_POINT ( 'NONE',  ( 24.62500000000000000, 10.80000000000000426, 33.62500000000000000 ) ) ;
#3730 = ORIENTED_EDGE ( 'NONE', *, *, #3576, .T. ) ;
#3731 = VECTOR ( 'NONE', #7558, 1000.000000000000114 ) ;
#3732 = DIRECTION ( 'NONE',  ( 0.000000000000000000, -0.9612616959383174509, -0.2756373558170042704 ) ) ;
#3733 = EDGE_CURVE ( 'NONE', #8690, #3106, #422, .T. ) ;
#3734 = CARTESIAN_POINT ( 'NONE',  ( -1.190566005527357918, 8.566080860090394822, 10.19056600552697311 ) ) ;
#3735 = VECTOR ( 'NONE', #11296, 1000.000000000000000 ) ;
#3736 = CARTESIAN_POINT ( 'NONE',  ( 26.45000000000000284, -11.50000000000000000, 35.45000000000000995 ) ) ;
#3737 = ORIENTED_EDGE ( 'NONE', *, *, #7104, .F. ) ;
#3738 = CARTESIAN_POINT ( 'NONE',  ( 53.44999999999999574, 82.98258077199005811, 35.44999999999998863 ) ) ;
#3739 = VERTEX_POINT ( 'NONE', #4124 ) ;
#3740 =( NAMED_UNIT ( * ) SI_UNIT ( $, .STERADIAN. ) SOLID_ANGLE_UNIT ( ) );
#3741 = DIRECTION ( 'NONE',  ( 0.000000000000000000, 0.000000000000000000, -1.000000000000000000 ) ) ;
#3742 = ORIENTED_EDGE ( 'NONE', *, *, #11064, .T. ) ;
#3743 = DIRECTION ( 'NONE',  ( 0.000000000000000000, -0.2756373558170042704, 0.9612616959383174509 ) ) ;
#3744 = LINE ( 'NONE', #7446, #6642 ) ;
#3745 = VECTOR ( 'NONE', #6083, 1000.000000000000114 ) ;
#3746 = DIRECTION ( 'NONE',  ( 0.2657276780299913099, -0.9267025424900799946, 0.2657276780299913099 ) ) ;
#3747 = VECTOR ( 'NONE', #9432, 1000.000000000000114 ) ;
#3748 = PLANE ( 'NONE',  #8852 ) ;
#3749 = ADVANCED_FACE ( 'NONE', ( #2306 ), #4311, .F. ) ;
#3751 = ORIENTED_EDGE ( 'NONE', *, *, #2409, .F. ) ;
#3750 = ADVANCED_FACE ( 'NONE', ( #9643 ), #8008, .T. ) ;
#3752 = LINE ( 'NONE', #6772, #11458 ) ;
#3753 = VERTEX_POINT ( 'NONE', #368 ) ;
#3754 = ORIENTED_EDGE ( 'NONE', *, *, #9165, .F. ) ;
#3755 = VECTOR ( 'NONE', #3396, 1000.000000000000000 ) ;
#3756 = DIRECTION ( 'NONE',  ( -0.000000000000000000, -0.2756373558170042704, -0.9612616959383174509 ) ) ;
#3757 = CARTESIAN_POINT ( 'NONE',  ( 2.375000000000005773, 10.80000000000000071, 0.000000000000000000 ) ) ;
#3758 = ORIENTED_EDGE ( 'NONE', *, *, #6888, .F. ) ;
#3759 = VECTOR ( 'NONE', #7963, 1000.000000000000114 ) ;
#3760 = CARTESIAN_POINT ( 'NONE',  ( 0.000000000000000000, 7.500000000000000000, -16.50374022699631382 ) ) ;
#3761 = CARTESIAN_POINT ( 'NONE',  ( -53.44999999999999574, 10.80000000000000071, -26.45000000000038298 ) ) ;
#3762 = ORIENTED_EDGE ( 'NONE', *, *, #4202, .F. ) ;
#3763 = VERTEX_POINT ( 'NONE', #6920 ) ;
#3764 = FACE_OUTER_BOUND ( 'NONE', #2081, .T. ) ;
#3765 = DIRECTION ( 'NONE',  ( -0.000000000000000000, -0.000000000000000000, 1.000000000000000000 ) ) ;
#3766 = VECTOR ( 'NONE', #8153, 1000.000000000000227 ) ;
#3767 = VECTOR ( 'NONE', #7063, 1000.000000000000114 ) ;
#3768 = VECTOR ( 'NONE', #2915, 1000.000000000000000 ) ;
#3769 = ORIENTED_EDGE ( 'NONE', *, *, #10956, .F. ) ;
#3770 = LINE ( 'NONE', #5649, #502 ) ;
#3771 = PLANE ( 'NONE',  #5510 ) ;
#3772 = VERTEX_POINT ( 'NONE', #484 ) ;
#3773 = CARTESIAN_POINT ( 'NONE',  ( -24.62500000000000000, 10.53731005528969433, -17.37467487046948023 ) ) ;
#3774 = DIRECTION ( 'NONE',  ( 1.000000000000000000, 0.000000000000000000, 0.000000000000000000 ) ) ;
#3775 = ORIENTED_EDGE ( 'NONE', *, *, #5104, .F. ) ;
#3776 = VERTEX_POINT ( 'NONE', #3339 ) ;
#3777 = CARTESIAN_POINT ( 'NONE',  ( -35.37467487046910009, 10.53731005528972808, -33.62500000000000000 ) ) ;
#3778 = EDGE_CURVE ( 'NONE', #1516, #6307, #1512, .T. ) ;
#3779 = FACE_OUTER_BOUND ( 'NONE', #8347, .T. ) ;
#3780 = EDGE_CURVE ( 'NONE', #11940, #11825, #11702, .T. ) ;
#3781 = LINE ( 'NONE', #6395, #2547 ) ;
#3782 = VERTEX_POINT ( 'NONE', #10490 ) ;
#3783 = CARTESIAN_POINT ( 'NONE',  ( -29.37500000000000000, 10.80000000000000426, -17.45000000000039009 ) ) ;
#3784 = DIRECTION ( 'NONE',  ( -1.000000000000000000, 0.000000000000000000, 0.000000000000000000 ) ) ;
#3785 = VERTEX_POINT ( 'NONE', #5895 ) ;
#3786 = LINE ( 'NONE', #2999, #4525 ) ;
#3787 = EDGE_LOOP ( 'NONE', ( #1053, #9331, #9928, #9411 ) ) ;
#3788 = PLANE ( 'NONE',  #1430 ) ;
#3789 = PLANE ( 'NONE',  #10652 ) ;
#3790 = VERTEX_POINT ( 'NONE', #4620 ) ;
#3791 = EDGE_CURVE ( 'NONE', #5079, #6979, #8312, .T. ) ;
#3792 = LINE ( 'NONE', #10332, #1781 ) ;
#3793 = VECTOR ( 'NONE', #6675, 1000.000000000000114 ) ;
#3794 = EDGE_CURVE ( 'NONE', #3753, #8650, #7161, .T. ) ;
#3795 = LINE ( 'NONE', #5560, #10588 ) ;
#3796 = DIRECTION ( 'NONE',  ( 1.000000000000000000, 0.000000000000000000, 0.000000000000000000 ) ) ;
#3797 = EDGE_CURVE ( 'NONE', #11771, #1491, #2733, .T. ) ;
#3798 = DIRECTION ( 'NONE',  ( 0.000000000000000000, 0.000000000000000000, -1.000000000000000000 ) ) ;
#3799 = VERTEX_POINT ( 'NONE', #8974 ) ;
#3800 = VECTOR ( 'NONE', #3022, 1000.000000000000000 ) ;
#3801 = DIRECTION ( 'NONE',  ( 0.7071067811865452413, 0.000000000000000000, 0.7071067811865497932 ) ) ;
#3802 = DIRECTION ( 'NONE',  ( 1.000000000000000000, 0.000000000000000000, 0.000000000000000000 ) ) ;
#3803 = VECTOR ( 'NONE', #11896, 1000.000000000000000 ) ;
#3804 = EDGE_LOOP ( 'NONE', ( #700, #2534, #6570, #10548 ) ) ;
#3805 = LINE ( 'NONE', #957, #45 ) ;
#3806 = EDGE_CURVE ( 'NONE', #570, #10321, #9942, .T. ) ;
#3807 = CARTESIAN_POINT ( 'NONE',  ( 62.00000000000000000, 7.500000000000000000, 41.00000000000000000 ) ) ;
#3808 = CARTESIAN_POINT ( 'NONE',  ( -62.00000000000000000, 7.500000000000000000, -41.00000000000000000 ) ) ;
#3809 = VECTOR ( 'NONE', #9214, 1000.000000000000000 ) ;
#3810 = ORIENTED_EDGE ( 'NONE', *, *, #6030, .F. ) ;
#3811 = CARTESIAN_POINT ( 'NONE',  ( 27.54999999999999005, 10.80000000000000071, 18.54999999999960991 ) ) ;
#3812 = ORIENTED_EDGE ( 'NONE', *, *, #4575, .F. ) ;
#3813 = ORIENTED_EDGE ( 'NONE', *, *, #11886, .F. ) ;
#3814 = DIRECTION ( 'NONE',  ( 0.000000000000000000, 0.000000000000000000, 1.000000000000000000 ) ) ;
#3815 = LINE ( 'NONE', #1025, #5896 ) ;
#3816 = ORIENTED_EDGE ( 'NONE', *, *, #1021, .F. ) ;
#3817 = CARTESIAN_POINT ( 'NONE',  ( -62.00000000000000000, 7.500000000000000000, -41.00000000000000000 ) ) ;
#3818 = CARTESIAN_POINT ( 'NONE',  ( -29.37500000000000000, 10.53731005528968012, -9.625325129531299595 ) ) ;
#3819 = VERTEX_POINT ( 'NONE', #3519 ) ;
#3820 = VECTOR ( 'NONE', #9631, 1000.000000000000114 ) ;
#3821 = VECTOR ( 'NONE', #5502, 1000.000000000000000 ) ;
#3822 = DIRECTION ( 'NONE',  ( 0.000000000000000000, -0.2756373558170040483, 0.9612616959383175619 ) ) ;
#3823 = ORIENTED_EDGE ( 'NONE', *, *, #1036, .F. ) ;
#3824 = CARTESIAN_POINT ( 'NONE',  ( -26.45000000000000284, 10.80000000000000071, -0.5500000000003835154 ) ) ;
#3825 = FACE_OUTER_BOUND ( 'NONE', #2735, .T. ) ;
#3826 = AXIS2_PLACEMENT_3D ( 'NONE', #7852, #510, #4949 ) ;
#3827 = VECTOR ( 'NONE', #10271, 1000.000000000000227 ) ;
#3828 = VECTOR ( 'NONE', #10122, 1000.000000000000000 ) ;
#3829 = EDGE_CURVE ( 'NONE', #7789, #5866, #1763, .T. ) ;
#3830 = ORIENTED_EDGE ( 'NONE', *, *, #4035, .F. ) ;
#3831 = CARTESIAN_POINT ( 'NONE',  ( -29.37500000000000000, 10.53731005528967479, 9.625325129530525103 ) ) ;
#3832 = DIRECTION ( 'NONE',  ( 0.000000000000000000, -0.000000000000000000, -1.000000000000000000 ) ) ;
#3833 = ORIENTED_EDGE ( 'NONE', *, *, #2530, .T. ) ;
#3834 = CARTESIAN_POINT ( 'NONE',  ( 26.48410470708681430, 14.51721864012731977, 26.48410470708643416 ) ) ;
#3835 = LINE ( 'NONE', #10199, #8214 ) ;
#3836 = ORIENTED_EDGE ( 'NONE', *, *, #5589, .F. ) ;
#3837 = ORIENTED_EDGE ( 'NONE', *, *, #6554, .T. ) ;
#3838 = CARTESIAN_POINT ( 'NONE',  ( -24.62500000000000355, 7.500000000000000000, 1.496259773003681737 ) ) ;
#3839 = DIRECTION ( 'NONE',  ( 0.000000000000000000, -0.9612616959383174509, -0.2756373558170042704 ) ) ;
#3840 = EDGE_CURVE ( 'NONE', #6968, #7278, #6442, .T. ) ;
#3841 = CARTESIAN_POINT ( 'NONE',  ( 1.390607076609487569, 7.868454739437199308, -19.39060707660987148 ) ) ;
#3842 = ORIENTED_EDGE ( 'NONE', *, *, #3724, .F. ) ;
#3843 = CARTESIAN_POINT ( 'NONE',  ( -34.50374022699593013, 7.500000000000000000, 0.000000000000000000 ) ) ;
#3844 = PLANE ( 'NONE',  #11488 ) ;
#3845 = ORIENTED_EDGE ( 'NONE', *, *, #8094, .F. ) ;
#3846 = EDGE_CURVE ( 'NONE', #11187, #10495, #7345, .T. ) ;
#3847 = EDGE_CURVE ( 'NONE', #11822, #8090, #10916, .T. ) ;
#3848 = DIRECTION ( 'NONE',  ( 0.9612616959383174509, -0.2756373558170042704, 0.000000000000000000 ) ) ;
#3849 = EDGE_CURVE ( 'NONE', #68, #5957, #9224, .T. ) ;
#3850 = VERTEX_POINT ( 'NONE', #9163 ) ;
#3851 = DIRECTION ( 'NONE',  ( 0.000000000000000000, 0.000000000000000000, 1.000000000000000000 ) ) ;
#3852 = LINE ( 'NONE', #7546, #3700 ) ;
#3853 = ORIENTED_EDGE ( 'NONE', *, *, #8190, .F. ) ;
#3854 = EDGE_CURVE ( 'NONE', #11995, #7796, #9878, .T. ) ;
#3855 = DIRECTION ( 'NONE',  ( 1.000000000000000000, 0.000000000000000000, 0.000000000000000000 ) ) ;
#3856 = CARTESIAN_POINT ( 'NONE',  ( 0.000000000000000000, 7.500000000000000000, 25.50374022699554288 ) ) ;
#3857 = ADVANCED_FACE ( 'NONE', ( #2489 ), #6192, .F. ) ;
#3858 = CARTESIAN_POINT ( 'NONE',  ( 61.43449314192414334, 10.49999999999999822, -33.36342533005872468 ) ) ;
#3859 = CARTESIAN_POINT ( 'NONE',  ( -10.19056600552747938, 8.566080860089964943, -34.80943399447290432 ) ) ;
#3860 = ORIENTED_EDGE ( 'NONE', *, *, #9612, .F. ) ;
#3861 = LINE ( 'NONE', #2887, #10053 ) ;
#3862 = CARTESIAN_POINT ( 'NONE',  ( -39.93261023597303705, -0.9965637948163279525, 32.06738976402657215 ) ) ;
#3863 = ORIENTED_EDGE ( 'NONE', *, *, #5166, .F. ) ;
#3864 = CARTESIAN_POINT ( 'NONE',  ( -24.62500000000000355, 7.500000000000000000, 19.49625977300367552 ) ) ;
#3865 = CARTESIAN_POINT ( 'NONE',  ( 51.62500000000000000, 10.80000000000000071, 0.000000000000000000 ) ) ;
#3866 = AXIS2_PLACEMENT_3D ( 'NONE', #8079, #5289, #1714 ) ;
#3867 = ORIENTED_EDGE ( 'NONE', *, *, #11156, .F. ) ;
#3868 = DIRECTION ( 'NONE',  ( -1.000000000000000000, -0.000000000000000000, -0.000000000000000000 ) ) ;
#3869 = ORIENTED_EDGE ( 'NONE', *, *, #8661, .F. ) ;
#3870 = VERTEX_POINT ( 'NONE', #4559 ) ;
#3871 = CARTESIAN_POINT ( 'NONE',  ( 26.45000000000000284, 10.80000000000000071, -26.45000000000038298 ) ) ;
#3872 = CARTESIAN_POINT ( 'NONE',  ( 29.37500000000000355, 10.53731005528968545, 0.6253251295305186641 ) ) ;
#3873 = VERTEX_POINT ( 'NONE', #1572 ) ;
#3874 = EDGE_CURVE ( 'NONE', #1921, #6711, #3589, .T. ) ;
#3875 = DIRECTION ( 'NONE',  ( -0.5000000000000154321, -0.7071067811865281438, -0.5000000000000121014 ) ) ;
#3876 = VECTOR ( 'NONE', #5987, 1000.000000000000227 ) ;
#3877 = LINE ( 'NONE', #295, #3555 ) ;
#3878 = ORIENTED_EDGE ( 'NONE', *, *, #11486, .F. ) ;
#3879 = CARTESIAN_POINT ( 'NONE',  ( 0.5500000000000088152, -11.50000000000000000, -35.45000000000000284 ) ) ;
#3880 = ORIENTED_EDGE ( 'NONE', *, *, #2409, .T. ) ;
#3881 = LINE ( 'NONE', #3824, #10302 ) ;
#3882 = PLANE ( 'NONE',  #6114 ) ;
#3883 = CARTESIAN_POINT ( 'NONE',  ( 0.000000000000000000, 7.500000000000000000, 25.50374022699554288 ) ) ;
#3884 = EDGE_CURVE ( 'NONE', #9885, #11036, #1704, .T. ) ;
#3885 = EDGE_LOOP ( 'NONE', ( #2731, #1304, #236, #11735 ) ) ;
#3886 = DIRECTION ( 'NONE',  ( 1.000000000000000000, 0.000000000000000000, 0.000000000000000000 ) ) ;
#3887 = CARTESIAN_POINT ( 'NONE',  ( 0.000000000000000000, 7.500000000000000000, -28.49625977300445356 ) ) ;
#3888 = EDGE_CURVE ( 'NONE', #11515, #8510, #11820, .T. ) ;
#3889 = ORIENTED_EDGE ( 'NONE', *, *, #1733, .F. ) ;
#3890 = LINE ( 'NONE', #3834, #922 ) ;
#3891 = CARTESIAN_POINT ( 'NONE',  ( 2.375000000000006217, 10.53731005528968723, 9.625325129530521551 ) ) ;
#3892 = ORIENTED_EDGE ( 'NONE', *, *, #9226, .F. ) ;
#3893 = VECTOR ( 'NONE', #204, 1000.000000000000000 ) ;
#3894 = VERTEX_POINT ( 'NONE', #2612 ) ;
#3895 = DIRECTION ( 'NONE',  ( 0.000000000000000000, -0.9612616959383174509, 0.2756373558170042704 ) ) ;
#3896 = DIRECTION ( 'NONE',  ( -0.000000000000000000, -0.000000000000000000, 1.000000000000000000 ) ) ;
#3897 = VECTOR ( 'NONE', #7559, 1000.000000000000000 ) ;
#3898 = PLANE ( 'NONE',  #10297 ) ;
#3899 = ORIENTED_EDGE ( 'NONE', *, *, #2819, .F. ) ;
#3900 = EDGE_CURVE ( 'NONE', #3436, #7519, #6255, .T. ) ;
#3901 = CARTESIAN_POINT ( 'NONE',  ( -53.44999999999999574, 10.80000000000000071, 17.44999999999961560 ) ) ;
#3902 = PLANE ( 'NONE',  #10519 ) ;
#3903 = ORIENTED_EDGE ( 'NONE', *, *, #8111, .F. ) ;
#3904 = CARTESIAN_POINT ( 'NONE',  ( -46.49625977300406277, 7.500000000000000000, 0.000000000000000000 ) ) ;
#3905 = EDGE_CURVE ( 'NONE', #9553, #3532, #7219, .T. ) ;
#3906 = ORIENTED_EDGE ( 'NONE', *, *, #2119, .T. ) ;
#3907 = DIRECTION ( 'NONE',  ( 0.000000000000000000, 0.000000000000000000, -1.000000000000000000 ) ) ;
#3908 = DIRECTION ( 'NONE',  ( -0.000000000000000000, -0.000000000000000000, 1.000000000000000000 ) ) ;
#3909 = ORIENTED_EDGE ( 'NONE', *, *, #1762, .F. ) ;
#3910 = ADVANCED_FACE ( 'NONE', ( #6315 ), #9102, .T. ) ;
#3911 = VECTOR ( 'NONE', #4144, 1000.000000000000000 ) ;
#3912 = ADVANCED_FACE ( 'NONE', ( #10976 ), #10067, .F. ) ;
#3913 = LINE ( 'NONE', #6936, #8935 ) ;
#3914 = ADVANCED_FACE ( 'NONE', ( #4797 ), #4913, .F. ) ;
#3915 = DIRECTION ( 'NONE',  ( -0.000000000000000000, 0.9612616959383174509, 0.2756373558170039373 ) ) ;
#3916 = VECTOR ( 'NONE', #9658, 1000.000000000000000 ) ;
#3917 = CARTESIAN_POINT ( 'NONE',  ( 29.37500000000000000, 10.80000000000000426, 9.549999999999611688 ) ) ;
#3918 = LINE ( 'NONE', #9200, #4397 ) ;
#3919 = ORIENTED_EDGE ( 'NONE', *, *, #6443, .T. ) ;
#3920 = DIRECTION ( 'NONE',  ( 0.000000000000000000, 0.000000000000000000, -1.000000000000000000 ) ) ;
#3921 = VECTOR ( 'NONE', #11274, 1000.000000000000000 ) ;
#3922 = DIRECTION ( 'NONE',  ( 0.2657276780299897001, 0.9267025424900808828, 0.2657276780299897001 ) ) ;
#3923 = EDGE_LOOP ( 'NONE', ( #7713, #5783, #10065, #1332 ) ) ;
#3924 = PLANE ( 'NONE',  #2563 ) ;
#3925 = EDGE_CURVE ( 'NONE', #8126, #7375, #180, .T. ) ;
#3926 = VECTOR ( 'NONE', #3998, 1000.000000000000000 ) ;
#3927 = CARTESIAN_POINT ( 'NONE',  ( -25.80943399447264852, 8.566080860090403704, -1.190566005527736726 ) ) ;
#3928 = AXIS2_PLACEMENT_3D ( 'NONE', #8923, #1526, #7119 ) ;
#3929 = ORIENTED_EDGE ( 'NONE', *, *, #9257, .T. ) ;
#3930 = FACE_OUTER_BOUND ( 'NONE', #6190, .T. ) ;
#3931 = ORIENTED_EDGE ( 'NONE', *, *, #6194, .T. ) ;
#3932 = ORIENTED_EDGE ( 'NONE', *, *, #9865, .T. ) ;
#3933 = CARTESIAN_POINT ( 'NONE',  ( 0.000000000000000000, 7.500000000000000000, 28.49625977300367907 ) ) ;
#3934 = FACE_OUTER_BOUND ( 'NONE', #10846, .T. ) ;
#3935 = ORIENTED_EDGE ( 'NONE', *, *, #5917, .F. ) ;
#3936 = CARTESIAN_POINT ( 'NONE',  ( 29.37500000000000000, 10.80000000000000426, -27.55000000000038796 ) ) ;
#3937 = AXIS2_PLACEMENT_3D ( 'NONE', #9228, #7164, #8194 ) ;
#3938 = LINE ( 'NONE', #4908, #6268 ) ;
#3939 = DIRECTION ( 'NONE',  ( 0.000000000000000000, 0.000000000000000000, -1.000000000000000000 ) ) ;
#3940 = EDGE_LOOP ( 'NONE', ( #5110, #6102, #10462, #9792 ) ) ;
#3941 = AXIS2_PLACEMENT_3D ( 'NONE', #7318, #10040, #5432 ) ;
#3942 = PLANE ( 'NONE',  #6042 ) ;
#3943 = DIRECTION ( 'NONE',  ( -1.000000000000000000, 0.000000000000000000, 0.000000000000000000 ) ) ;
#3944 = CARTESIAN_POINT ( 'NONE',  ( 24.62500000000000000, 10.53731005528970321, 33.62500000000000000 ) ) ;
#3945 = EDGE_CURVE ( 'NONE', #6416, #3310, #6560, .T. ) ;
#3946 = AXIS2_PLACEMENT_3D ( 'NONE', #1850, #5552, #939 ) ;
#3947 = AXIS2_PLACEMENT_3D ( 'NONE', #8997, #624, #9840 ) ;
#3948 = ORIENTED_EDGE ( 'NONE', *, *, #7830, .F. ) ;
#3949 = DIRECTION ( 'NONE',  ( -0.000000000000000000, -0.000000000000000000, 1.000000000000000000 ) ) ;
#3950 = FACE_OUTER_BOUND ( 'NONE', #6126, .T. ) ;
#3951 = ORIENTED_EDGE ( 'NONE', *, *, #3806, .T. ) ;
#3952 = CARTESIAN_POINT ( 'NONE',  ( -52.80943399447264852, 8.566080860090401927, 0.000000000000000000 ) ) ;
#3953 = CARTESIAN_POINT ( 'NONE',  ( -60.00000000000000000, 8.099999999999999645, -8.000000000000000000 ) ) ;
#3954 = EDGE_CURVE ( 'NONE', #4924, #8908, #2058, .T. ) ;
#3955 = ORIENTED_EDGE ( 'NONE', *, *, #11905, .T. ) ;
#3956 = VECTOR ( 'NONE', #5029, 1000.000000000000000 ) ;
#3957 = ORIENTED_EDGE ( 'NONE', *, *, #5821, .F. ) ;
#3958 = ADVANCED_FACE ( 'NONE', ( #12000 ), #5590, .T. ) ;
#3959 = LINE ( 'NONE', #6628, #11794 ) ;
#3960 = VECTOR ( 'NONE', #9659, 1000.000000000000227 ) ;
#3961 = PLANE ( 'NONE',  #2832 ) ;
#3962 = AXIS2_PLACEMENT_3D ( 'NONE', #10183, #7515, #3637 ) ;
#3963 = ADVANCED_FACE ( 'NONE', ( #4856 ), #2973, .F. ) ;
#3964 = VECTOR ( 'NONE', #7182, 1000.000000000000000 ) ;
#3965 = CARTESIAN_POINT ( 'NONE',  ( 0.000000000000000000, 0.000000000000000000, 8.000000000000000000 ) ) ;
#3966 = ORIENTED_EDGE ( 'NONE', *, *, #1086, .T. ) ;
#3967 = CARTESIAN_POINT ( 'NONE',  ( -18.62532512953089636, 10.53731005528969611, -33.62500000000000000 ) ) ;
#3968 = LINE ( 'NONE', #7835, #1820 ) ;
#3969 = VERTEX_POINT ( 'NONE', #1147 ) ;
#3970 = AXIS2_PLACEMENT_3D ( 'NONE', #9063, #880, #6216 ) ;
#3971 = LINE ( 'NONE', #7543, #1231 ) ;
#3972 = ORIENTED_EDGE ( 'NONE', *, *, #3303, .T. ) ;
#3973 = CARTESIAN_POINT ( 'NONE',  ( -54.49999999999997868, 10.80000000000000426, 36.49999999999959499 ) ) ;
#3974 = CARTESIAN_POINT ( 'NONE',  ( 53.44999999999999574, 10.80000000000000071, -35.45000000000039364 ) ) ;
#3975 = ORIENTED_EDGE ( 'NONE', *, *, #4845, .F. ) ;
#3976 = EDGE_CURVE ( 'NONE', #10005, #7705, #5647, .T. ) ;
#3977 = DIRECTION ( 'NONE',  ( 0.9612616959383174509, -0.2756373558170042704, 0.000000000000000000 ) ) ;
#3978 = CARTESIAN_POINT ( 'NONE',  ( -29.37500000000000000, 10.53731005528968012, 33.62500000000000000 ) ) ;
#3979 = FACE_OUTER_BOUND ( 'NONE', #1354, .T. ) ;
#3980 = EDGE_CURVE ( 'NONE', #8293, #4682, #4677, .T. ) ;
#3981 = EDGE_LOOP ( 'NONE', ( #99, #8407, #8183, #2661 ) ) ;
#3982 = FACE_OUTER_BOUND ( 'NONE', #6528, .T. ) ;
#3983 = VERTEX_POINT ( 'NONE', #5818 ) ;
#3984 = LINE ( 'NONE', #11715, #2245 ) ;
#3985 = VECTOR ( 'NONE', #10129, 1000.000000000000114 ) ;
#3986 = CARTESIAN_POINT ( 'NONE',  ( 0.000000000000000000, -11.50000000000000000, 0.000000000000000000 ) ) ;
#3987 = DIRECTION ( 'NONE',  ( 0.000000000000000000, 0.000000000000000000, -1.000000000000000000 ) ) ;
#3988 = ORIENTED_EDGE ( 'NONE', *, *, #5817, .T. ) ;
#3989 = LINE ( 'NONE', #1019, #3134 ) ;
#3990 = ORIENTED_EDGE ( 'NONE', *, *, #7268, .T. ) ;
#3991 = VECTOR ( 'NONE', #2076, 1000.000000000000000 ) ;
#3992 = CARTESIAN_POINT ( 'NONE',  ( 61.43449314192414334, 9.099999999999983658, 33.36342533005872468 ) ) ;
#3993 = CARTESIAN_POINT ( 'NONE',  ( 54.49999999999999289, 10.79999999999989235, 36.49999999999959499 ) ) ;
#3994 = VERTEX_POINT ( 'NONE', #59 ) ;
#3995 = ADVANCED_FACE ( 'NONE', ( #9337 ), #11098, .T. ) ;
#3996 = FACE_OUTER_BOUND ( 'NONE', #1699, .T. ) ;
#3997 = DIRECTION ( 'NONE',  ( 0.5001519828512179799, -0.8323926831162092865, 0.2386847610229711203 ) ) ;
#3998 = DIRECTION ( 'NONE',  ( -0.000000000000000000, 0.000000000000000000, 1.000000000000000000 ) ) ;
#3999 = VERTEX_POINT ( 'NONE', #2797 ) ;
#4000 = CARTESIAN_POINT ( 'NONE',  ( -27.55000000000000426, 7.500000000000000000, -35.45000000000002416 ) ) ;
#4001 = CARTESIAN_POINT ( 'NONE',  ( 10.49625977300407165, 7.500000000000000000, 33.62500000000000000 ) ) ;
#4002 = VECTOR ( 'NONE', #7335, 1000.000000000000114 ) ;
#4003 = CARTESIAN_POINT ( 'NONE',  ( -21.93261023597309745, -0.9965637948165171345, -32.06738976402728980 ) ) ;
#4004 = ORIENTED_EDGE ( 'NONE', *, *, #4755, .F. ) ;
#4005 = ADVANCED_FACE ( 'NONE', ( #11334 ), #3882, .F. ) ;
#4006 = DIRECTION ( 'NONE',  ( 0.000000000000000000, 0.000000000000000000, -1.000000000000000000 ) ) ;
#4007 = CARTESIAN_POINT ( 'NONE',  ( 51.62500000000000000, 10.80000000000000426, -33.62500000000000000 ) ) ;
#4008 = ORIENTED_EDGE ( 'NONE', *, *, #2901, .T. ) ;
#4009 = AXIS2_PLACEMENT_3D ( 'NONE', #8985, #6706, #6081 ) ;
#4010 = PLANE ( 'NONE',  #4405 ) ;
#4011 = PLANE ( 'NONE',  #272 ) ;
#4012 = VERTEX_POINT ( 'NONE', #1206 ) ;
#4013 = ORIENTED_EDGE ( 'NONE', *, *, #7838, .F. ) ;
#4014 = CARTESIAN_POINT ( 'NONE',  ( -29.37500000000000355, 7.500000000000000000, 19.49625977300367552 ) ) ;
#4015 = ADVANCED_FACE ( 'NONE', ( #3825 ), #7523, .T. ) ;
#4016 = DIRECTION ( 'NONE',  ( -0.000000000000000000, -0.000000000000000000, 1.000000000000000000 ) ) ;
#4017 = VECTOR ( 'NONE', #6301, 1000.000000000000114 ) ;
#4018 = VECTOR ( 'NONE', #6913, 1000.000000000000000 ) ;
#4019 = DIRECTION ( 'NONE',  ( -1.000000000000000000, 0.000000000000000000, 0.000000000000000000 ) ) ;
#4020 = ORIENTED_EDGE ( 'NONE', *, *, #11235, .F. ) ;
#4021 = DIRECTION ( 'NONE',  ( 0.000000000000000000, 0.000000000000000000, 1.000000000000000000 ) ) ;
#4022 = LINE ( 'NONE', #8858, #11882 ) ;
#4023 = VERTEX_POINT ( 'NONE', #2855 ) ;
#4024 = LINE ( 'NONE', #6869, #7621 ) ;
#4025 = ADVANCED_FACE ( 'NONE', ( #4738 ), #8431, .F. ) ;
#4026 = EDGE_LOOP ( 'NONE', ( #1344, #10289, #9758, #11523 ) ) ;
#4027 = CARTESIAN_POINT ( 'NONE',  ( -61.00000000000000000, 9.899999999999998579, -8.000000000000000000 ) ) ;
#4028 = CARTESIAN_POINT ( 'NONE',  ( 26.45000000000000284, -11.50000000000000000, -35.44999999999999574 ) ) ;
#4029 = ORIENTED_EDGE ( 'NONE', *, *, #7983, .T. ) ;
#4030 = CARTESIAN_POINT ( 'NONE',  ( 27.54999999999999005, 10.80000000000000071, 35.44999999999961204 ) ) ;
#4031 = PLANE ( 'NONE',  #2158 ) ;
#4032 = EDGE_CURVE ( 'NONE', #11653, #7625, #8548, .T. ) ;
#4033 = CARTESIAN_POINT ( 'NONE',  ( 51.62500000000000711, 10.53731005528969256, 8.374674870468716392 ) ) ;
#4034 = ORIENTED_EDGE ( 'NONE', *, *, #1530, .F. ) ;
#4035 = EDGE_CURVE ( 'NONE', #11515, #7134, #3030, .T. ) ;
#4036 = LINE ( 'NONE', #10696, #10016 ) ;
#4037 = ORIENTED_EDGE ( 'NONE', *, *, #3447, .F. ) ;
#4038 = EDGE_CURVE ( 'NONE', #8201, #7763, #10717, .T. ) ;
#4039 = CARTESIAN_POINT ( 'NONE',  ( 40.07937528197223997, 29.75245638442227047, 13.11547058297133539 ) ) ;
#4040 = EDGE_CURVE ( 'NONE', #8034, #4012, #3200, .T. ) ;
#4041 = EDGE_CURVE ( 'NONE', #8979, #8201, #7869, .T. ) ;
#4042 = CARTESIAN_POINT ( 'NONE',  ( -3.482387728013483552E-16, 8.566080860089984483, -34.80943399447291142 ) ) ;
#4043 = ORIENTED_EDGE ( 'NONE', *, *, #8498, .F. ) ;
#4044 = VECTOR ( 'NONE', #215, 1000.000000000000114 ) ;
#4045 = LINE ( 'NONE', #9793, #2171 ) ;
#4046 = ORIENTED_EDGE ( 'NONE', *, *, #8623, .T. ) ;
#4047 = LINE ( 'NONE', #2222, #8458 ) ;
#4048 = CARTESIAN_POINT ( 'NONE',  ( -24.62500000000000000, 10.80000000000000071, 0.000000000000000000 ) ) ;
#4049 = VERTEX_POINT ( 'NONE', #6962 ) ;
#4050 = PLANE ( 'NONE',  #5980 ) ;
#4051 = CARTESIAN_POINT ( 'NONE',  ( -61.00000000000000000, 9.899999999999998579, 8.000000000000000000 ) ) ;
#4052 = PLANE ( 'NONE',  #10120 ) ;
#4054 = EDGE_CURVE ( 'NONE', #9992, #8657, #7810, .T. ) ;
#4053 = ORIENTED_EDGE ( 'NONE', *, *, #8094, .T. ) ;
#4055 = DIRECTION ( 'NONE',  ( -0.2657276780299913099, 0.9267025424900799946, 0.2657276780299913099 ) ) ;
#4056 = CARTESIAN_POINT ( 'NONE',  ( 26.45000000000000284, 10.80000000000000071, 18.54999999999960991 ) ) ;
#4057 = CARTESIAN_POINT ( 'NONE',  ( 27.54999999999999005, 10.80000000000000071, 9.549999999999611688 ) ) ;
#4058 = EDGE_CURVE ( 'NONE', #7013, #10727, #6783, .T. ) ;
#4059 = EDGE_CURVE ( 'NONE', #1947, #447, #2177, .T. ) ;
#4060 = EDGE_LOOP ( 'NONE', ( #4921, #2340, #461, #7305 ) ) ;
#4061 = ORIENTED_EDGE ( 'NONE', *, *, #10766, .T. ) ;
#4062 = LINE ( 'NONE', #6061, #11164 ) ;
#4063 = DIRECTION ( 'NONE',  ( -0.000000000000000000, -0.000000000000000000, 1.000000000000000000 ) ) ;
#4064 = VERTEX_POINT ( 'NONE', #2345 ) ;
#4065 = DIRECTION ( 'NONE',  ( 0.2657276780299913099, -0.9267025424900799946, 0.2657276780299913099 ) ) ;
#4066 = CARTESIAN_POINT ( 'NONE',  ( -25.50374022699593368, 7.500000000000000000, 0.000000000000000000 ) ) ;
#4067 = ORIENTED_EDGE ( 'NONE', *, *, #11871, .F. ) ;
#4068 = ORIENTED_EDGE ( 'NONE', *, *, #10816, .T. ) ;
#4069 = DIRECTION ( 'NONE',  ( 0.000000000000000000, 0.000000000000000000, 1.000000000000000000 ) ) ;
#4070 = CARTESIAN_POINT ( 'NONE',  ( -25.80943399447264142, 8.566080860090407256, 0.000000000000000000 ) ) ;
#4071 = EDGE_CURVE ( 'NONE', #10534, #8252, #6054, .T. ) ;
#4072 = CARTESIAN_POINT ( 'NONE',  ( -29.37500000000000000, 10.53731005528968012, -18.62532512953129427 ) ) ;
#4073 = VERTEX_POINT ( 'NONE', #11621 ) ;
#4074 = DIRECTION ( 'NONE',  ( 0.000000000000000000, 0.9612616959383174509, -0.2756373558170042704 ) ) ;
#4075 = CARTESIAN_POINT ( 'NONE',  ( 1.190566005527356142, 8.566080860090391269, 0.000000000000000000 ) ) ;
#4076 = VERTEX_POINT ( 'NONE', #4056 ) ;
#4077 = LINE ( 'NONE', #7774, #9930 ) ;
#4078 = VERTEX_POINT ( 'NONE', #8717 ) ;
#4079 = LINE ( 'NONE', #7776, #11034 ) ;
#4080 = LINE ( 'NONE', #4881, #2145 ) ;
#4081 = ORIENTED_EDGE ( 'NONE', *, *, #11481, .T. ) ;
#4082 = VECTOR ( 'NONE', #4704, 1000.000000000000000 ) ;
#4083 = FACE_OUTER_BOUND ( 'NONE', #3531, .T. ) ;
#4084 = CARTESIAN_POINT ( 'NONE',  ( 0.000000000000000000, 7.500000000000000000, -16.50374022699631382 ) ) ;
#4085 = EDGE_CURVE ( 'NONE', #2843, #10971, #9740, .T. ) ;
#4086 = DIRECTION ( 'NONE',  ( 1.000000000000000000, 0.000000000000000000, 0.000000000000000000 ) ) ;
#4087 = CARTESIAN_POINT ( 'NONE',  ( 0.000000000000000000, 7.500000000000000000, -7.503740226996326257 ) ) ;
#4088 = VECTOR ( 'NONE', #8896, 1000.000000000000114 ) ;
#4089 = ORIENTED_EDGE ( 'NONE', *, *, #9762, .T. ) ;
#4090 = DIRECTION ( 'NONE',  ( -1.000000000000000000, 0.000000000000000000, 0.000000000000000000 ) ) ;
#4091 = ORIENTED_EDGE ( 'NONE', *, *, #10180, .T. ) ;
#4092 = EDGE_CURVE ( 'NONE', #1579, #3325, #9574, .T. ) ;
#4093 = DIRECTION ( 'NONE',  ( -0.5001519828512182020, 0.8323926831162096196, -0.2386847610229696770 ) ) ;
#4094 = VECTOR ( 'NONE', #9713, 1000.000000000000114 ) ;
#4095 = PLANE ( 'NONE',  #5107 ) ;
#4096 = ORIENTED_EDGE ( 'NONE', *, *, #10720, .F. ) ;
#4097 = LINE ( 'NONE', #6952, #4911 ) ;
#4098 = ORIENTED_EDGE ( 'NONE', *, *, #4743, .T. ) ;
#4099 = VECTOR ( 'NONE', #11635, 1000.000000000000114 ) ;
#4100 = LINE ( 'NONE', #7799, #6716 ) ;
#4101 = ORIENTED_EDGE ( 'NONE', *, *, #6874, .T. ) ;
#4102 = DIRECTION ( 'NONE',  ( 0.4578768884082908830, -0.7620351108204154178, -0.4578768884082909940 ) ) ;
#4103 = DIRECTION ( 'NONE',  ( 0.000000000000000000, -0.9612616959383174509, 0.2756373558170039373 ) ) ;
#4104 = VECTOR ( 'NONE', #1930, 1000.000000000000114 ) ;
#4105 = DIRECTION ( 'NONE',  ( 1.000000000000000000, 0.000000000000000000, 0.000000000000000000 ) ) ;
#4106 = VERTEX_POINT ( 'NONE', #9630 ) ;
#4107 = DIRECTION ( 'NONE',  ( -0.000000000000000000, 0.000000000000000000, -1.000000000000000000 ) ) ;
#4108 = VECTOR ( 'NONE', #7991, 1000.000000000000114 ) ;
#4109 = DIRECTION ( 'NONE',  ( -0.2756373558170042704, 0.9612616959383174509, 0.000000000000000000 ) ) ;
#4110 = EDGE_CURVE ( 'NONE', #11760, #6034, #1440, .T. ) ;
#4111 = LINE ( 'NONE', #9680, #4200 ) ;
#4112 = ORIENTED_EDGE ( 'NONE', *, *, #10477, .T. ) ;
#4113 = EDGE_LOOP ( 'NONE', ( #5224, #5164, #7555, #116 ) ) ;
#4114 = VECTOR ( 'NONE', #9826, 999.9999999999998863 ) ;
#4115 = CARTESIAN_POINT ( 'NONE',  ( 19.83347944262236950, 18.51173940819399988, 16.33869430852556093 ) ) ;
#4116 = CARTESIAN_POINT ( 'NONE',  ( -29.37500000000000000, 10.80000000000000426, 9.549999999999611688 ) ) ;
#4117 = VERTEX_POINT ( 'NONE', #6118 ) ;
#4118 = CARTESIAN_POINT ( 'NONE',  ( 51.97389213354964710, 5.652200105873887992, 6.973892133549262518 ) ) ;
#4119 = FACE_OUTER_BOUND ( 'NONE', #10186, .T. ) ;
#4120 = DIRECTION ( 'NONE',  ( -1.000000000000000000, 0.000000000000000000, 0.000000000000000000 ) ) ;
#4121 = EDGE_LOOP ( 'NONE', ( #5825, #5425, #10299, #11808 ) ) ;
#4122 = ORIENTED_EDGE ( 'NONE', *, *, #5481, .T. ) ;
#4123 = DIRECTION ( 'NONE',  ( -0.000000000000000000, 0.000000000000000000, 1.000000000000000000 ) ) ;
#4124 = CARTESIAN_POINT ( 'NONE',  ( 53.44999999999999574, 10.80000000000000071, 18.54999999999960991 ) ) ;
#4125 = VECTOR ( 'NONE', #3347, 1000.000000000000000 ) ;
#4126 = AXIS2_PLACEMENT_3D ( 'NONE', #3382, #10532, #6957 ) ;
#4127 = VECTOR ( 'NONE', #5316, 1000.000000000000000 ) ;
#4128 = DIRECTION ( 'NONE',  ( 0.000000000000000000, -0.9612616959383174509, -0.2756373558170042704 ) ) ;
#4129 = ORIENTED_EDGE ( 'NONE', *, *, #3427, .T. ) ;
#4130 = CARTESIAN_POINT ( 'NONE',  ( 10.49999999999997868, 0.000000000000000000, 10.49999999999997868 ) ) ;
#4131 = CARTESIAN_POINT ( 'NONE',  ( -48.79638818434512615, -5.429073061943221035, -23.20361181565524333 ) ) ;
#4132 = ORIENTED_EDGE ( 'NONE', *, *, #8721, .T. ) ;
#4133 = VECTOR ( 'NONE', #9690, 1000.000000000000000 ) ;
#4134 = LINE ( 'NONE', #1401, #7496 ) ;
#4135 = AXIS2_PLACEMENT_3D ( 'NONE', #7650, #6742, #10429 ) ;
#4136 = CARTESIAN_POINT ( 'NONE',  ( 26.45000000000000284, 10.80000000000000071, -18.55000000000037730 ) ) ;
#4137 = EDGE_CURVE ( 'NONE', #3284, #6221, #404, .T. ) ;
#4138 = VECTOR ( 'NONE', #11297, 1000.000000000000114 ) ;
#4139 = ORIENTED_EDGE ( 'NONE', *, *, #1020, .T. ) ;
#4140 = DIRECTION ( 'NONE',  ( 0.000000000000000000, -0.9612616959383174509, -0.2756373558170039373 ) ) ;
#4141 = LINE ( 'NONE', #3229, #6217 ) ;
#4142 = ORIENTED_EDGE ( 'NONE', *, *, #1227, .F. ) ;
#4143 = EDGE_CURVE ( 'NONE', #2476, #11036, #4970, .T. ) ;
#4144 = DIRECTION ( 'NONE',  ( 0.000000000000000000, 0.000000000000000000, -1.000000000000000000 ) ) ;
#4145 = VECTOR ( 'NONE', #11572, 1000.000000000000114 ) ;
#4146 = CARTESIAN_POINT ( 'NONE',  ( 0.000000000000000000, 7.500000000000000000, -16.50374022699631382 ) ) ;
#4147 = VECTOR ( 'NONE', #1893, 1000.000000000000000 ) ;
#4148 = CARTESIAN_POINT ( 'NONE',  ( -0.5499999999999949374, 10.80000000000000071, 18.54999999999960991 ) ) ;
#4149 = CARTESIAN_POINT ( 'NONE',  ( 60.72738636073759722, 10.49999999999999822, 32.65631854887217145 ) ) ;
#4150 = VERTEX_POINT ( 'NONE', #11390 ) ;
#4151 = ADVANCED_FACE ( 'NONE', ( #7750 ), #3086, .F. ) ;
#4152 = ORIENTED_EDGE ( 'NONE', *, *, #2517, .F. ) ;
#4153 = CARTESIAN_POINT ( 'NONE',  ( -60.00000000000000000, 8.099999999999999645, 8.000000000000000000 ) ) ;
#4154 = ORIENTED_EDGE ( 'NONE', *, *, #8760, .T. ) ;
#4155 = EDGE_CURVE ( 'NONE', #5800, #11506, #8669, .T. ) ;
#4156 = CARTESIAN_POINT ( 'NONE',  ( -2.375000000000005773, 10.80000000000000426, -33.62500000000000000 ) ) ;
#4157 = CARTESIAN_POINT ( 'NONE',  ( -51.62500000000000000, 10.53731005528969256, -18.62532512953129071 ) ) ;
#4158 = ORIENTED_EDGE ( 'NONE', *, *, #5631, .F. ) ;
#4159 = DIRECTION ( 'NONE',  ( 0.4999999999999902855, -0.7071067811865670016, -0.4999999999999821254 ) ) ;
#4160 = ORIENTED_EDGE ( 'NONE', *, *, #4916, .F. ) ;
#4161 = PLANE ( 'NONE',  #4594 ) ;
#4162 = EDGE_LOOP ( 'NONE', ( #7423, #5433, #9365, #8382 ) ) ;
#4163 = FACE_OUTER_BOUND ( 'NONE', #11163, .T. ) ;
#4164 = LINE ( 'NONE', #5929, #4850 ) ;
#4165 = EDGE_CURVE ( 'NONE', #3799, #10620, #10594, .T. ) ;
#4166 = DIRECTION ( 'NONE',  ( 0.9612616959383174509, -0.2756373558170042704, 0.000000000000000000 ) ) ;
#4167 = PLANE ( 'NONE',  #4706 ) ;
#4168 = DIRECTION ( 'NONE',  ( -0.000000000000000000, -0.2756373558170042704, -0.9612616959383174509 ) ) ;
#4169 = CARTESIAN_POINT ( 'NONE',  ( -27.55000000000000426, 7.500000000000000000, 35.45000000000000284 ) ) ;
#4170 = VECTOR ( 'NONE', #1263, 1000.000000000000000 ) ;
#4171 = VERTEX_POINT ( 'NONE', #9679 ) ;
#4172 = ORIENTED_EDGE ( 'NONE', *, *, #6761, .T. ) ;
#4173 = CARTESIAN_POINT ( 'NONE',  ( -25.80943399447264142, 8.566080860090400151, 25.80943399447225417 ) ) ;
#4174 = PLANE ( 'NONE',  #10929 ) ;
#4175 = ORIENTED_EDGE ( 'NONE', *, *, #9127, .T. ) ;
#4176 = FACE_OUTER_BOUND ( 'NONE', #8345, .T. ) ;
#4177 = DIRECTION ( 'NONE',  ( 0.000000000000000000, 0.000000000000000000, 1.000000000000000000 ) ) ;
#4178 = LINE ( 'NONE', #7099, #10162 ) ;
#4179 = VERTEX_POINT ( 'NONE', #5075 ) ;
#4180 = ADVANCED_FACE ( 'NONE', ( #469 ), #9805, .F. ) ;
#4181 = VECTOR ( 'NONE', #6182, 1000.000000000000000 ) ;
#4182 = ORIENTED_EDGE ( 'NONE', *, *, #10028, .T. ) ;
#4183 = CARTESIAN_POINT ( 'NONE',  ( 29.37500000000000000, 7.500000000000000000, -10.49625977300446067 ) ) ;
#4184 = DIRECTION ( 'NONE',  ( -1.000000000000000000, 0.000000000000000000, -5.358219230816394188E-16 ) ) ;
#4185 = ADVANCED_FACE ( 'NONE', ( #7699 ), #9988, .T. ) ;
#4187 = CARTESIAN_POINT ( 'NONE',  ( -19.83347944262235885, 18.51173940819401054, 19.66130569147364326 ) ) ;
#4186 = VECTOR ( 'NONE', #10950, 999.9999999999998863 ) ;
#4188 = ORIENTED_EDGE ( 'NONE', *, *, #3648, .T. ) ;
#4189 = EDGE_CURVE ( 'NONE', #9601, #10321, #4477, .T. ) ;
#4190 = PLANE ( 'NONE',  #11670 ) ;
#4191 = DIRECTION ( 'NONE',  ( -0.7071067811865524577, -0.7071067811865425767, -0.000000000000000000 ) ) ;
#4192 = ORIENTED_EDGE ( 'NONE', *, *, #6349, .T. ) ;
#4193 = CARTESIAN_POINT ( 'NONE',  ( 6.964775456032696207E-16, 8.566080860090862004, 34.80943399447238562 ) ) ;
#4194 = CARTESIAN_POINT ( 'NONE',  ( 40.07937528197221866, 29.75245638442229534, 22.88452941702783860 ) ) ;
#4195 = ORIENTED_EDGE ( 'NONE', *, *, #4092, .F. ) ;
#4196 = LINE ( 'NONE', #11528, #8614 ) ;
#4197 = DIRECTION ( 'NONE',  ( 0.000000000000000000, -0.9612616959383180060, 0.2756373558170021054 ) ) ;
#4198 = ORIENTED_EDGE ( 'NONE', *, *, #10354, .F. ) ;
#4199 = LINE ( 'NONE', #11320, #1017 ) ;
#4200 = VECTOR ( 'NONE', #355, 1000.000000000000000 ) ;
#4201 = AXIS2_PLACEMENT_3D ( 'NONE', #10859, #10198, #3653 ) ;
#4202 = EDGE_CURVE ( 'NONE', #3994, #8235, #4420, .T. ) ;
#4203 = DIRECTION ( 'NONE',  ( 0.000000000000000000, -0.9612616959383174509, -0.2756373558170042704 ) ) ;
#4204 = EDGE_CURVE ( 'NONE', #2553, #2335, #836, .T. ) ;
#4205 = ADVANCED_FACE ( 'NONE', ( #8110 ), #5327, .F. ) ;
#4206 = CARTESIAN_POINT ( 'NONE',  ( 0.000000000000000000, 7.500000000000000000, -7.503740226996326257 ) ) ;
#4207 = CARTESIAN_POINT ( 'NONE',  ( 1.190566005527361026, 8.566080860090398374, -25.80943399447301445 ) ) ;
#4208 = LINE ( 'NONE', #5854, #1223 ) ;
#4209 = ORIENTED_EDGE ( 'NONE', *, *, #7313, .F. ) ;
#4210 = VECTOR ( 'NONE', #7133, 1000.000000000000000 ) ;
#4211 = AXIS2_PLACEMENT_3D ( 'NONE', #8607, #10239, #10416 ) ;
#4212 = EDGE_CURVE ( 'NONE', #7708, #10059, #9019, .T. ) ;
#4213 = ORIENTED_EDGE ( 'NONE', *, *, #9076, .F. ) ;
#4214 = LINE ( 'NONE', #11603, #6014 ) ;
#4215 = VERTEX_POINT ( 'NONE', #6237 ) ;
#4216 = EDGE_CURVE ( 'NONE', #4481, #8096, #709, .T. ) ;
#4217 = DIRECTION ( 'NONE',  ( 0.7071067811865472397, 0.000000000000000000, 0.7071067811865479058 ) ) ;
#4218 = EDGE_CURVE ( 'NONE', #10980, #7731, #7145, .T. ) ;
#4219 = DIRECTION ( 'NONE',  ( -0.000000000000000000, 0.000000000000000000, 1.000000000000000000 ) ) ;
#4220 = ORIENTED_EDGE ( 'NONE', *, *, #3072, .F. ) ;
#4221 = CARTESIAN_POINT ( 'NONE',  ( -0.5499999999999949374, 10.80000000000000071, -27.55000000000038796 ) ) ;
#4222 = EDGE_LOOP ( 'NONE', ( #4489, #500, #3931, #1317 ) ) ;
#4223 = DIRECTION ( 'NONE',  ( 5.358219230816394188E-16, -0.000000000000000000, 1.000000000000000000 ) ) ;
#4224 = EDGE_LOOP ( 'NONE', ( #10506, #1323, #4470, #1078 ) ) ;
#4225 = CARTESIAN_POINT ( 'NONE',  ( 51.62500000000000000, 10.53731005528969256, -18.62532512953129071 ) ) ;
#4226 = LINE ( 'NONE', #10711, #11232 ) ;
#4227 = ORIENTED_EDGE ( 'NONE', *, *, #8294, .F. ) ;
#4228 = CARTESIAN_POINT ( 'NONE',  ( 19.49625977300406632, 7.500000000000000000, 33.62500000000000000 ) ) ;
#4229 = DIRECTION ( 'NONE',  ( -0.000000000000000000, -0.000000000000000000, 1.000000000000000000 ) ) ;
#4230 = VECTOR ( 'NONE', #1186, 1000.000000000000114 ) ;
#4231 = CARTESIAN_POINT ( 'NONE',  ( 51.62500000000000711, 7.500000000000000000, 7.503740226995549101 ) ) ;
#4232 = DIRECTION ( 'NONE',  ( -0.000000000000000000, 0.9612616959383174509, 0.2756373558170039373 ) ) ;
#4233 = ORIENTED_EDGE ( 'NONE', *, *, #10790, .T. ) ;
#4234 = EDGE_CURVE ( 'NONE', #6771, #1824, #1620, .T. ) ;
#4235 = EDGE_LOOP ( 'NONE', ( #1929, #11471, #8356, #2532 ) ) ;
#4236 = LINE ( 'NONE', #6966, #2059 ) ;
#4237 = DIRECTION ( 'NONE',  ( 0.9612616959383174509, -0.2756373558170042704, 0.000000000000000000 ) ) ;
#4238 = ORIENTED_EDGE ( 'NONE', *, *, #6050, .T. ) ;
#4239 = FACE_OUTER_BOUND ( 'NONE', #8262, .T. ) ;
#4240 = DIRECTION ( 'NONE',  ( -1.000000000000000000, 0.000000000000000000, 0.000000000000000000 ) ) ;
#4241 = FACE_OUTER_BOUND ( 'NONE', #1905, .T. ) ;
#4242 = ORIENTED_EDGE ( 'NONE', *, *, #1015, .F. ) ;
#4243 = PRODUCT_DEFINITION_SHAPE ( 'NONE', 'NONE',  #4830 ) ;
#4244 = AXIS2_PLACEMENT_3D ( 'NONE', #6897, #4964, #5133 ) ;
#4245 = ORIENTED_EDGE ( 'NONE', *, *, #4137, .F. ) ;
#4246 = CARTESIAN_POINT ( 'NONE',  ( 0.000000000000000000, 7.500000000000000000, -1.496259773004444904 ) ) ;
#4247 = DIRECTION ( 'NONE',  ( 1.000000000000000000, -4.458787163891844428E-16, -0.000000000000000000 ) ) ;
#4248 = EDGE_CURVE ( 'NONE', #9854, #7074, #8171, .T. ) ;
#4249 = EDGE_CURVE ( 'NONE', #4806, #5324, #1556, .T. ) ;
#4250 = VECTOR ( 'NONE', #11290, 1000.000000000000000 ) ;
#4251 = DIRECTION ( 'NONE',  ( 1.000000000000000000, 0.000000000000000000, 0.000000000000000000 ) ) ;
#4252 = ORIENTED_EDGE ( 'NONE', *, *, #3829, .T. ) ;
#4253 = PLANE ( 'NONE',  #1992 ) ;
#4254 =( NAMED_UNIT ( * ) PLANE_ANGLE_UNIT ( ) SI_UNIT ( $, .RADIAN. ) );
#4255 = ORIENTED_EDGE ( 'NONE', *, *, #602, .F. ) ;
#4256 = DIRECTION ( 'NONE',  ( -1.000000000000000000, 0.000000000000000000, 0.000000000000000000 ) ) ;
#4257 = DIRECTION ( 'NONE',  ( 0.2386847610229713423, -0.8323926831162092865, -0.5001519828512179799 ) ) ;
#4258 = ORIENTED_EDGE ( 'NONE', *, *, #8525, .T. ) ;
#4259 = DIRECTION ( 'NONE',  ( 0.000000000000000000, -0.000000000000000000, -1.000000000000000000 ) ) ;
#4260 = VECTOR ( 'NONE', #11436, 1000.000000000000000 ) ;
#4261 = FACE_OUTER_BOUND ( 'NONE', #3598, .T. ) ;
#4262 = ORIENTED_EDGE ( 'NONE', *, *, #4937, .T. ) ;
#4263 = CARTESIAN_POINT ( 'NONE',  ( 0.5499999999999949374, 10.80000000000000071, -17.45000000000039009 ) ) ;
#4264 = ADVANCED_FACE ( 'NONE', ( #7088 ), #5260, .F. ) ;
#4265 = LINE ( 'NONE', #9837, #331 ) ;
#4266 = EDGE_CURVE ( 'NONE', #7163, #6605, #6176, .T. ) ;
#4267 = DIRECTION ( 'NONE',  ( -1.000000000000000000, 0.000000000000000000, 0.000000000000000000 ) ) ;
#4268 = FACE_OUTER_BOUND ( 'NONE', #11048, .T. ) ;
#4269 = CARTESIAN_POINT ( 'NONE',  ( -24.62500000000000000, 10.53731005528969256, -9.625325129531292490 ) ) ;
#4270 = ORIENTED_EDGE ( 'NONE', *, *, #8957, .T. ) ;
#4271 = LINE ( 'NONE', #3078, #5517 ) ;
#4272 = VERTEX_POINT ( 'NONE', #9862 ) ;
#4273 = DIRECTION ( 'NONE',  ( -0.5001519828512179799, 0.8323926831162092865, 0.2386847610229713423 ) ) ;
#4274 = VERTEX_POINT ( 'NONE', #1744 ) ;
#4275 = EDGE_CURVE ( 'NONE', #4288, #4943, #8050, .T. ) ;
#4276 = EDGE_CURVE ( 'NONE', #1921, #10470, #7992, .T. ) ;
#4277 = FACE_OUTER_BOUND ( 'NONE', #5997, .T. ) ;
#4278 = CARTESIAN_POINT ( 'NONE',  ( -34.50374022699593013, 7.500000000000000000, 33.62500000000000000 ) ) ;
#4279 = ORIENTED_EDGE ( 'NONE', *, *, #4428, .T. ) ;
#4280 = DIRECTION ( 'NONE',  ( 0.2657276780299913099, -0.9267025424900799946, 0.2657276780299913099 ) ) ;
#4281 = VECTOR ( 'NONE', #9667, 1000.000000000000227 ) ;
#4282 = ORIENTED_EDGE ( 'NONE', *, *, #7627, .F. ) ;
#4283 = DIRECTION ( 'NONE',  ( 0.2657276780299894225, 0.9267025424900811048, 0.2657276780299894225 ) ) ;
#4284 = EDGE_LOOP ( 'NONE', ( #5937, #2047, #11883, #9192 ) ) ;
#4285 = AXIS2_PLACEMENT_3D ( 'NONE', #10808, #9890, #1584 ) ;
#4286 = DIRECTION ( 'NONE',  ( 1.000000000000000000, 0.000000000000000000, 0.000000000000000000 ) ) ;
#4287 = LINE ( 'NONE', #9570, #1162 ) ;
#4288 = VERTEX_POINT ( 'NONE', #9145 ) ;
#4289 = EDGE_CURVE ( 'NONE', #10900, #6039, #4542, .T. ) ;
#4290 = CARTESIAN_POINT ( 'NONE',  ( 0.5499999999999949374, 10.80000000000000071, -27.55000000000038796 ) ) ;
#4291 = DIRECTION ( 'NONE',  ( -1.000000000000000000, 0.000000000000000000, 0.000000000000000000 ) ) ;
#4292 = VECTOR ( 'NONE', #4453, 1000.000000000000000 ) ;
#4293 = CARTESIAN_POINT ( 'NONE',  ( 8.449999999999999289, 10.80000000000000426, 33.62500000000000000 ) ) ;
#4294 = AXIS2_PLACEMENT_3D ( 'NONE', #6994, #1470, #10751 ) ;
#4295 = FACE_OUTER_BOUND ( 'NONE', #11708, .T. ) ;
#4296 = EDGE_LOOP ( 'NONE', ( #1159, #7150, #2138, #4555 ) ) ;
#4297 = VERTEX_POINT ( 'NONE', #4293 ) ;
#4298 = VECTOR ( 'NONE', #9322, 1000.000000000000000 ) ;
#4299 = CARTESIAN_POINT ( 'NONE',  ( 51.62500000000000000, 10.80000000000000071, 0.000000000000000000 ) ) ;
#4300 = CARTESIAN_POINT ( 'NONE',  ( 2.375000000000005773, 7.500000000000000000, -7.503740226996326257 ) ) ;
#4301 = ORIENTED_EDGE ( 'NONE', *, *, #4598, .F. ) ;
#4302 = CARTESIAN_POINT ( 'NONE',  ( -24.62500000000000000, 10.80000000000000426, 8.449999999999617373 ) ) ;
#4303 = DIRECTION ( 'NONE',  ( 0.000000000000000000, 0.000000000000000000, 1.000000000000000000 ) ) ;
#4304 = DIRECTION ( 'NONE',  ( 0.000000000000000000, 0.000000000000000000, 1.000000000000000000 ) ) ;
#4306 = VERTEX_POINT ( 'NONE', #10779 ) ;
#4305 = EDGE_CURVE ( 'NONE', #336, #8496, #2718, .T. ) ;
#4307 = VECTOR ( 'NONE', #5257, 1000.000000000000000 ) ;
#4308 = EDGE_LOOP ( 'NONE', ( #6402, #11126, #2425, #773, #243, #7430, #5864, #5996 ) ) ;
#4309 = VECTOR ( 'NONE', #6797, 1000.000000000000000 ) ;
#4310 = DIRECTION ( 'NONE',  ( -0.000000000000000000, -0.000000000000000000, 1.000000000000000000 ) ) ;
#4311 = PLANE ( 'NONE',  #2048 ) ;
#4312 = EDGE_CURVE ( 'NONE', #3136, #481, #2474, .T. ) ;
#4313 = VECTOR ( 'NONE', #6959, 1000.000000000000114 ) ;
#4314 = VECTOR ( 'NONE', #6693, 1000.000000000000000 ) ;
#4315 = FACE_OUTER_BOUND ( 'NONE', #7371, .T. ) ;
#4316 = VERTEX_POINT ( 'NONE', #10348 ) ;
#4317 = EDGE_CURVE ( 'NONE', #4943, #5822, #5688, .T. ) ;
#4318 = DIRECTION ( 'NONE',  ( 0.000000000000000000, -0.000000000000000000, 1.000000000000000000 ) ) ;
#4319 = PLANE ( 'NONE',  #2990 ) ;
#4320 = ORIENTED_EDGE ( 'NONE', *, *, #8721, .F. ) ;
#4321 = EDGE_CURVE ( 'NONE', #5822, #3799, #8533, .T. ) ;
#4322 = DIRECTION ( 'NONE',  ( -1.000000000000000000, 0.000000000000000000, -0.000000000000000000 ) ) ;
#4323 = CARTESIAN_POINT ( 'NONE',  ( -62.00000000000000000, -11.50000000000000000, -41.00000000000000000 ) ) ;
#4324 = ORIENTED_EDGE ( 'NONE', *, *, #874, .T. ) ;
#4325 = CARTESIAN_POINT ( 'NONE',  ( -53.44999999999999574, 10.80000000000000071, 27.54999999999960991 ) ) ;
#4326 = VECTOR ( 'NONE', #3949, 1000.000000000000000 ) ;
#4327 = CARTESIAN_POINT ( 'NONE',  ( 60.72738636073759722, 10.49999999999999822, 32.65631854887216434 ) ) ;
#4328 = ADVANCED_FACE ( 'NONE', ( #5571 ), #9441, .F. ) ;
#4329 = DIRECTION ( 'NONE',  ( -1.000000000000000000, -0.000000000000000000, -0.000000000000000000 ) ) ;
#4330 = VECTOR ( 'NONE', #11538, 1000.000000000000000 ) ;
#4331 = LINE ( 'NONE', #10685, #9521 ) ;
#4332 = CARTESIAN_POINT ( 'NONE',  ( -3.482387728013434741E-16, 8.566080860089968496, -34.80943399447290432 ) ) ;
#4333 = VECTOR ( 'NONE', #1536, 1000.000000000000000 ) ;
#4334 = PLANE ( 'NONE',  #8986 ) ;
#4335 = FACE_OUTER_BOUND ( 'NONE', #7814, .T. ) ;
#4336 = VERTEX_POINT ( 'NONE', #7505 ) ;
#4337 = STYLED_ITEM ( 'NONE', ( #10982 ), #7539 ) ;
#4338 = CARTESIAN_POINT ( 'NONE',  ( 25.80943399447264142, 8.566080860090405480, -34.80943399447264142 ) ) ;
#4339 = ORIENTED_EDGE ( 'NONE', *, *, #3849, .T. ) ;
#4340 = FACE_OUTER_BOUND ( 'NONE', #9572, .T. ) ;
#4341 = EDGE_LOOP ( 'NONE', ( #4462, #896, #11761, #10089 ) ) ;
#4342 = EDGE_CURVE ( 'NONE', #8898, #10547, #1810, .T. ) ;
#4343 = VECTOR ( 'NONE', #2160, 1000.000000000000000 ) ;
#4344 = PLANE ( 'NONE',  #10285 ) ;
#4345 = VECTOR ( 'NONE', #10058, 1000.000000000000114 ) ;
#4346 = DIRECTION ( 'NONE',  ( -0.9612616959383174509, -0.2756373558170042704, 0.000000000000000000 ) ) ;
#4347 = EDGE_CURVE ( 'NONE', #3335, #10748, #5628, .T. ) ;
#4348 = ORIENTED_EDGE ( 'NONE', *, *, #7132, .F. ) ;
#4349 = PLANE ( 'NONE',  #1038 ) ;
#4350 = VERTEX_POINT ( 'NONE', #7447 ) ;
#4351 = DIRECTION ( 'NONE',  ( 0.000000000000000000, 0.000000000000000000, -1.000000000000000000 ) ) ;
#4352 = ORIENTED_EDGE ( 'NONE', *, *, #9384, .F. ) ;
#4353 = PLANE ( 'NONE',  #9283 ) ;
#4354 = DIRECTION ( 'NONE',  ( -0.000000000000000000, -0.2756373558170042704, -0.9612616959383174509 ) ) ;
#4355 = EDGE_LOOP ( 'NONE', ( #8531, #5194, #9766, #7265, #3278, #6099, #5890 ) ) ;
#4356 = DIRECTION ( 'NONE',  ( 0.000000000000000000, -0.9612616959383174509, -0.2756373558170039373 ) ) ;
#4357 = LINE ( 'NONE', #6175, #11850 ) ;
#4358 = DIRECTION ( 'NONE',  ( 0.4578768884082908830, -0.7620351108204154178, 0.4578768884082908830 ) ) ;
#4359 = CARTESIAN_POINT ( 'NONE',  ( -44.44999999999999574, 10.80000000000000071, 35.44999999999961204 ) ) ;
#4360 = ORIENTED_EDGE ( 'NONE', *, *, #8457, .T. ) ;
#4361 = EDGE_CURVE ( 'NONE', #7149, #2403, #220, .T. ) ;
#4362 = VERTEX_POINT ( 'NONE', #4778 ) ;
#4363 = ORIENTED_EDGE ( 'NONE', *, *, #9217, .F. ) ;
#4364 = DIRECTION ( 'NONE',  ( 1.000000000000000000, 0.000000000000000000, 0.000000000000000000 ) ) ;
#4365 = LINE ( 'NONE', #7152, #6286 ) ;
#4366 = ORIENTED_EDGE ( 'NONE', *, *, #5321, .T. ) ;
#4367 = LINE ( 'NONE', #8060, #5573 ) ;
#4368 = FACE_OUTER_BOUND ( 'NONE', #5305, .T. ) ;
#4369 = VERTEX_POINT ( 'NONE', #1131 ) ;
#4370 = VERTEX_POINT ( 'NONE', #9318 ) ;
#4371 = ORIENTED_EDGE ( 'NONE', *, *, #4038, .T. ) ;
#4372 = CARTESIAN_POINT ( 'NONE',  ( -46.49625977300406277, 7.500000000000000000, -33.62500000000000000 ) ) ;
#4373 = DIRECTION ( 'NONE',  ( 0.2756373558170042704, 0.9612616959383174509, 0.000000000000000000 ) ) ;
#4374 = VECTOR ( 'NONE', #7105, 1000.000000000000114 ) ;
#4375 = EDGE_CURVE ( 'NONE', #7629, #10980, #11260, .T. ) ;
#4376 = CARTESIAN_POINT ( 'NONE',  ( 53.24489371323142706, 10.08470937300070069, -9.755106286768954860 ) ) ;
#4377 = ORIENTED_EDGE ( 'NONE', *, *, #7118, .T. ) ;
#4378 = DIRECTION ( 'NONE',  ( -0.000000000000000000, -1.000000000000000000, -0.000000000000000000 ) ) ;
#4379 = DIRECTION ( 'NONE',  ( -1.000000000000000000, 0.000000000000000000, 0.000000000000000000 ) ) ;
#4380 = ORIENTED_EDGE ( 'NONE', *, *, #3849, .F. ) ;
#4381 = CARTESIAN_POINT ( 'NONE',  ( -29.37500000000000000, 10.53731005528968012, 33.62500000000000000 ) ) ;
#4382 = DIRECTION ( 'NONE',  ( -1.000000000000000000, 0.000000000000000000, 0.000000000000000000 ) ) ;
#4383 = AXIS2_PLACEMENT_3D ( 'NONE', #1955, #7478, #11170 ) ;
#4384 = VERTEX_POINT ( 'NONE', #7622 ) ;
#4385 = DIRECTION ( 'NONE',  ( -0.000000000000000000, -0.000000000000000000, 1.000000000000000000 ) ) ;
#4386 = CARTESIAN_POINT ( 'NONE',  ( -36.54999999999999005, 10.80000000000000426, -33.62500000000000000 ) ) ;
#4387 = DIRECTION ( 'NONE',  ( -3.469446951953605354E-14, -1.000000000000000000, -0.000000000000000000 ) ) ;
#4388 = DIRECTION ( 'NONE',  ( -1.000000000000000000, 0.000000000000000000, 0.000000000000000000 ) ) ;
#4389 = VECTOR ( 'NONE', #4006, 1000.000000000000000 ) ;
#4390 = FACE_OUTER_BOUND ( 'NONE', #4989, .T. ) ;
#4391 = CARTESIAN_POINT ( 'NONE',  ( 43.50374022699593723, 7.500000000000000000, 0.000000000000000000 ) ) ;
#4392 = DIRECTION ( 'NONE',  ( -1.000000000000000000, -0.000000000000000000, -0.000000000000000000 ) ) ;
#4393 = ORIENTED_EDGE ( 'NONE', *, *, #3704, .F. ) ;
#4394 = EDGE_CURVE ( 'NONE', #3669, #3994, #2041, .T. ) ;
#4395 = DIRECTION ( 'NONE',  ( 1.000000000000000000, 0.000000000000000000, -0.000000000000000000 ) ) ;
#4396 = VECTOR ( 'NONE', #11622, 1000.000000000000114 ) ;
#4397 = VECTOR ( 'NONE', #95, 1000.000000000000000 ) ;
#4398 = EDGE_LOOP ( 'NONE', ( #9481, #2609, #2936, #5621 ) ) ;
#4399 = CARTESIAN_POINT ( 'NONE',  ( -51.62500000000000711, 10.53731005528969256, 8.374674870468716392 ) ) ;
#4400 = CARTESIAN_POINT ( 'NONE',  ( -8.449999999999999289, 10.80000000000000426, 33.62500000000000000 ) ) ;
#4401 = ORIENTED_EDGE ( 'NONE', *, *, #1900, .T. ) ;
#4402 = DIRECTION ( 'NONE',  ( -1.000000000000000000, -0.000000000000000000, -0.000000000000000000 ) ) ;
#4403 = ADVANCED_FACE ( 'NONE', ( #6543 ), #2953, .F. ) ;
#4404 = VECTOR ( 'NONE', #3915, 1000.000000000000114 ) ;
#4405 = AXIS2_PLACEMENT_3D ( 'NONE', #7470, #8436, #1098 ) ;
#4406 = CARTESIAN_POINT ( 'NONE',  ( -24.62500000000000000, 10.80000000000000426, -33.62500000000000000 ) ) ;
#4407 = VERTEX_POINT ( 'NONE', #11321 ) ;
#4409 = EDGE_CURVE ( 'NONE', #3117, #6729, #11199, .T. ) ;
#4408 = DIRECTION ( 'NONE',  ( 0.000000000000000000, 0.000000000000000000, -1.000000000000000000 ) ) ;
#4410 = VERTEX_POINT ( 'NONE', #2891 ) ;
#4411 = DIRECTION ( 'NONE',  ( -1.000000000000000000, -0.000000000000000000, -0.000000000000000000 ) ) ;
#4412 = ORIENTED_EDGE ( 'NONE', *, *, #1372, .F. ) ;
#4413 = DIRECTION ( 'NONE',  ( -0.5001519828512179799, -0.8323926831162092865, 0.2386847610229713423 ) ) ;
#4414 = ADVANCED_FACE ( 'NONE', ( #5750 ), #4605, .F. ) ;
#4415 = FACE_OUTER_BOUND ( 'NONE', #7557, .T. ) ;
#4416 = VERTEX_POINT ( 'NONE', #3927 ) ;
#4417 = EDGE_CURVE ( 'NONE', #7191, #9000, #6489, .T. ) ;
#4418 = DIRECTION ( 'NONE',  ( -1.000000000000000000, 0.000000000000000000, -0.000000000000000000 ) ) ;
#4419 = LINE ( 'NONE', #6117, #9158 ) ;
#4420 = LINE ( 'NONE', #11804, #9513 ) ;
#4421 = DIRECTION ( 'NONE',  ( -0.9612616959383175619, -0.2756373558170040483, 0.000000000000000000 ) ) ;
#4422 = ORIENTED_EDGE ( 'NONE', *, *, #11024, .F. ) ;
#4423 = ORIENTED_EDGE ( 'NONE', *, *, #8337, .T. ) ;
#4424 = VERTEX_POINT ( 'NONE', #6714 ) ;
#4425 = CARTESIAN_POINT ( 'NONE',  ( -38.73571359999212405, 22.25864506693676148, -26.58211138907234172 ) ) ;
#4426 = CARTESIAN_POINT ( 'NONE',  ( -62.00000000000000000, 7.500000000000000000, 41.00000000000000000 ) ) ;
#4427 = ORIENTED_EDGE ( 'NONE', *, *, #360, .F. ) ;
#4428 = EDGE_CURVE ( 'NONE', #4481, #7629, #6599, .T. ) ;
#4429 = CARTESIAN_POINT ( 'NONE',  ( 45.54999999999999005, 10.80000000000000071, 9.549999999999611688 ) ) ;
#4430 = CARTESIAN_POINT ( 'NONE',  ( -29.37500000000000000, 10.80000000000000071, 0.000000000000000000 ) ) ;
#4431 = ORIENTED_EDGE ( 'NONE', *, *, #3571, .F. ) ;
#4432 = ORIENTED_EDGE ( 'NONE', *, *, #11601, .T. ) ;
#4433 = ORIENTED_EDGE ( 'NONE', *, *, #11306, .F. ) ;
#4434 = DIRECTION ( 'NONE',  ( 0.000000000000000000, -0.9612616959383174509, -0.2756373558170042704 ) ) ;
#4435 = ADVANCED_FACE ( 'NONE', ( #11985 ), #3685, .F. ) ;
#4436 = DIRECTION ( 'NONE',  ( 0.000000000000000000, -0.2756373558170042704, 0.9612616959383174509 ) ) ;
#4437 = ADVANCED_FACE ( 'NONE', ( #958 ), #4660, .F. ) ;
#4438 = DIRECTION ( 'NONE',  ( 0.000000000000000000, 0.000000000000000000, -1.000000000000000000 ) ) ;
#4439 = ORIENTED_EDGE ( 'NONE', *, *, #2209, .T. ) ;
#4440 = LINE ( 'NONE', #2678, #6257 ) ;
#4441 = VECTOR ( 'NONE', #2712, 1000.000000000000000 ) ;
#4442 = CARTESIAN_POINT ( 'NONE',  ( 60.02027957955104398, 9.499999999999980460, 31.94921176768562177 ) ) ;
#4443 = ORIENTED_EDGE ( 'NONE', *, *, #833, .T. ) ;
#4444 = PLANE ( 'NONE',  #7121 ) ;
#4445 = LINE ( 'NONE', #5226, #10904 ) ;
#4446 = ORIENTED_EDGE ( 'NONE', *, *, #3131, .T. ) ;
#4447 = CARTESIAN_POINT ( 'NONE',  ( -23.06738976402690255, -0.9965637948165171345, -32.06738976402728980 ) ) ;
#4448 = DIRECTION ( 'NONE',  ( -0.5001519828512182020, 0.8323926831162096196, -0.2386847610229696770 ) ) ;
#4449 = EDGE_CURVE ( 'NONE', #819, #10580, #6824, .T. ) ;
#4450 = CARTESIAN_POINT ( 'NONE',  ( 0.000000000000000000, 7.500000000000000000, 34.50374022699554644 ) ) ;
#4451 = VECTOR ( 'NONE', #5170, 1000.000000000000114 ) ;
#4452 = PLANE ( 'NONE',  #513 ) ;
#4453 = DIRECTION ( 'NONE',  ( 1.000000000000000000, 0.000000000000000000, 0.000000000000000000 ) ) ;
#4454 = LINE ( 'NONE', #9183, #8191 ) ;
#4455 = CARTESIAN_POINT ( 'NONE',  ( 18.54999999999999716, 10.80000000000000071, -35.45000000000039364 ) ) ;
#4456 = ORIENTED_EDGE ( 'NONE', *, *, #8489, .F. ) ;
#4457 = VECTOR ( 'NONE', #4965, 1000.000000000000114 ) ;
#4458 = DIRECTION ( 'NONE',  ( 0.5000000000000036637, -0.7071067811865446862, -0.5000000000000006661 ) ) ;
#4459 = VERTEX_POINT ( 'NONE', #5861 ) ;
#4460 = CARTESIAN_POINT ( 'NONE',  ( 0.000000000000000000, 7.500000000000000000, 16.50374022699554644 ) ) ;
#4461 = CARTESIAN_POINT ( 'NONE',  ( 29.37500000000000000, 10.80000000000000426, -8.450000000000388312 ) ) ;
#4462 = ORIENTED_EDGE ( 'NONE', *, *, #2645, .T. ) ;
#4463 = DIRECTION ( 'NONE',  ( -1.000000000000000000, -0.000000000000000000, -0.000000000000000000 ) ) ;
#4464 = EDGE_CURVE ( 'NONE', #4556, #8242, #11375, .T. ) ;
#4465 = LINE ( 'NONE', #11848, #720 ) ;
#4466 = CARTESIAN_POINT ( 'NONE',  ( -27.55000000000000426, 82.98258077199005811, 35.45000000000000284 ) ) ;
#4467 = EDGE_LOOP ( 'NONE', ( #11788, #7509, #9544, #10355 ) ) ;
#4468 = CARTESIAN_POINT ( 'NONE',  ( -45.54999999999999005, 10.80000000000000071, -27.55000000000038796 ) ) ;
#4469 = VECTOR ( 'NONE', #5307, 1000.000000000000000 ) ;
#4470 = ORIENTED_EDGE ( 'NONE', *, *, #2140, .F. ) ;
#4471 = LINE ( 'NONE', #4534, #8880 ) ;
#4472 = EDGE_CURVE ( 'NONE', #4362, #11515, #7681, .T. ) ;
#4473 = LINE ( 'NONE', #5438, #211 ) ;
#4474 = ORIENTED_EDGE ( 'NONE', *, *, #11208, .F. ) ;
#4475 = LINE ( 'NONE', #832, #3562 ) ;
#4476 = DIRECTION ( 'NONE',  ( -0.000000000000000000, -0.2756373558170040483, -0.9612616959383175619 ) ) ;
#4477 = LINE ( 'NONE', #11686, #2337 ) ;
#4478 = DIRECTION ( 'NONE',  ( -0.000000000000000000, -1.000000000000000000, -0.000000000000000000 ) ) ;
#4479 = AXIS2_PLACEMENT_3D ( 'NONE', #4718, #42, #1014 ) ;
#4480 = VERTEX_POINT ( 'NONE', #4897 ) ;
#4481 = VERTEX_POINT ( 'NONE', #4955 ) ;
#4482 = VERTEX_POINT ( 'NONE', #2102 ) ;
#4483 = CARTESIAN_POINT ( 'NONE',  ( 0.5499999999999949374, 10.80000000000000071, -18.55000000000037730 ) ) ;
#4484 = CARTESIAN_POINT ( 'NONE',  ( -52.80943399447264142, 8.566080860090409033, -34.80943399447266984 ) ) ;
#4485 = EDGE_LOOP ( 'NONE', ( #7948, #5684, #4432, #7442, #11551, #3496, #2807, #5556 ) ) ;
#4486 = FACE_OUTER_BOUND ( 'NONE', #7228, .T. ) ;
#4487 = ORIENTED_EDGE ( 'NONE', *, *, #2809, .T. ) ;
#4488 = ORIENTED_EDGE ( 'NONE', *, *, #7295, .T. ) ;
#4489 = ORIENTED_EDGE ( 'NONE', *, *, #7812, .F. ) ;
#4490 = VECTOR ( 'NONE', #11004, 1000.000000000000114 ) ;
#4491 = ORIENTED_EDGE ( 'NONE', *, *, #5990, .T. ) ;
#4492 = ORIENTED_EDGE ( 'NONE', *, *, #1762, .T. ) ;
#4493 = DIRECTION ( 'NONE',  ( 0.2756373558170042704, -0.9612616959383174509, 0.000000000000000000 ) ) ;
#4494 = EDGE_CURVE ( 'NONE', #2638, #4501, #7734, .T. ) ;
#4495 = DIRECTION ( 'NONE',  ( 0.2657276780299913099, 0.9267025424900799946, 0.2657276780299913099 ) ) ;
#4496 = VECTOR ( 'NONE', #4576, 1000.000000000000114 ) ;
#4497 = ADVANCED_FACE ( 'NONE', ( #2278, #11426, #6887, #6768, #9613 ), #9722, .F. ) ;
#4498 = ORIENTED_EDGE ( 'NONE', *, *, #9762, .F. ) ;
#4499 = LINE ( 'NONE', #10012, #9353 ) ;
#4500 = CARTESIAN_POINT ( 'NONE',  ( 29.37500000000000000, 10.53731005528968012, -27.62532512953129427 ) ) ;
#4501 = VERTEX_POINT ( 'NONE', #5976 ) ;
#4502 = AXIS2_PLACEMENT_3D ( 'NONE', #8430, #9456, #6614 ) ;
#4503 = CARTESIAN_POINT ( 'NONE',  ( -52.80943399447264142, 8.566080860090410809, 0.000000000000000000 ) ) ;
#4504 = LINE ( 'NONE', #6203, #3359 ) ;
#4505 = ORIENTED_EDGE ( 'NONE', *, *, #3704, .T. ) ;
#4506 = ORIENTED_EDGE ( 'NONE', *, *, #814, .F. ) ;
#4507 = DIRECTION ( 'NONE',  ( 0.000000000000000000, -0.9612616959383174509, 0.2756373558170042704 ) ) ;
#4508 = PLANE ( 'NONE',  #5252 ) ;
#4509 = PLANE ( 'NONE',  #8448 ) ;
#4510 = VECTOR ( 'NONE', #7087, 1000.000000000000000 ) ;
#4511 = LINE ( 'NONE', #8209, #9248 ) ;
#4512 = CARTESIAN_POINT ( 'NONE',  ( 61.85875721063607102, 9.899999999999975486, 33.78768939877064525 ) ) ;
#4513 = CARTESIAN_POINT ( 'NONE',  ( 0.000000000000000000, 7.500000000000000000, -19.49625977300445356 ) ) ;
#4514 = CARTESIAN_POINT ( 'NONE',  ( -29.37500000000000000, 10.80000000000000426, 0.5499999999996132427 ) ) ;
#4515 = EDGE_LOOP ( 'NONE', ( #4910, #1624, #341, #11429 ) ) ;
#4516 = EDGE_CURVE ( 'NONE', #4702, #7658, #9556, .T. ) ;
#4517 = VECTOR ( 'NONE', #10029, 1000.000000000000000 ) ;
#4518 = DIRECTION ( 'NONE',  ( -0.2657276780299911434, 0.9267025424900801056, 0.2657276780299911434 ) ) ;
#4519 = AXIS2_PLACEMENT_3D ( 'NONE', #2695, #11782, #5486 ) ;
#4520 = ORIENTED_EDGE ( 'NONE', *, *, #1379, .F. ) ;
#4521 = PLANE ( 'NONE',  #10732 ) ;
#4522 = FACE_OUTER_BOUND ( 'NONE', #11502, .T. ) ;
#4523 = EDGE_LOOP ( 'NONE', ( #11369, #8647, #10705, #9419 ) ) ;
#4524 = DIRECTION ( 'NONE',  ( 0.000000000000000000, 0.000000000000000000, -1.000000000000000000 ) ) ;
#4525 = VECTOR ( 'NONE', #2818, 1000.000000000000000 ) ;
#4526 = DIRECTION ( 'NONE',  ( -0.000000000000000000, -0.000000000000000000, 1.000000000000000000 ) ) ;
#4527 = AXIS2_PLACEMENT_3D ( 'NONE', #10013, #2679, #608 ) ;
#4528 = EDGE_CURVE ( 'NONE', #4662, #7730, #1359, .T. ) ;
#4529 = DIRECTION ( 'NONE',  ( -0.2657276780299913099, 0.9267025424900799946, 0.2657276780299913099 ) ) ;
#4530 = VERTEX_POINT ( 'NONE', #339 ) ;
#4531 = CARTESIAN_POINT ( 'NONE',  ( -0.5500000000000088152, 7.500000000000000000, -35.45000000000000284 ) ) ;
#4532 = VERTEX_POINT ( 'NONE', #6949 ) ;
#4533 = VECTOR ( 'NONE', #11924, 1000.000000000000000 ) ;
#4534 = CARTESIAN_POINT ( 'NONE',  ( 0.4124163967275039089, 7.271022431965715960, 1.561918034079787132 ) ) ;
#4535 = VECTOR ( 'NONE', #6186, 1000.000000000000000 ) ;
#4536 = DIRECTION ( 'NONE',  ( -1.000000000000000000, 0.000000000000000000, 0.000000000000000000 ) ) ;
#4537 = ORIENTED_EDGE ( 'NONE', *, *, #10353, .T. ) ;
#4538 = EDGE_CURVE ( 'NONE', #1660, #11977, #5804, .T. ) ;
#4539 = CARTESIAN_POINT ( 'NONE',  ( -25.50374022699592658, 7.500000000000000000, 0.000000000000000000 ) ) ;
#4540 = VECTOR ( 'NONE', #5637, 1000.000000000000114 ) ;
#4541 = LINE ( 'NONE', #10778, #6052 ) ;
#4542 = LINE ( 'NONE', #11927, #4683 ) ;
#4543 = PLANE ( 'NONE',  #2658 ) ;
#4544 = VECTOR ( 'NONE', #9425, 1000.000000000000000 ) ;
#4545 = ORIENTED_EDGE ( 'NONE', *, *, #11541, .F. ) ;
#4546 = ORIENTED_EDGE ( 'NONE', *, *, #7434, .F. ) ;
#4547 = VECTOR ( 'NONE', #2788, 1000.000000000000000 ) ;
#4548 = ORIENTED_EDGE ( 'NONE', *, *, #7847, .F. ) ;
#4549 = DIRECTION ( 'NONE',  ( -1.000000000000000000, -0.000000000000000000, -0.000000000000000000 ) ) ;
#4550 = FACE_OUTER_BOUND ( 'NONE', #9427, .T. ) ;
#4551 = ORIENTED_EDGE ( 'NONE', *, *, #33, .T. ) ;
#4552 = EDGE_CURVE ( 'NONE', #362, #4274, #3120, .T. ) ;
#4553 = DIRECTION ( 'NONE',  ( -1.000000000000000000, -0.000000000000000000, -0.000000000000000000 ) ) ;
#4554 = CARTESIAN_POINT ( 'NONE',  ( 28.49625977300405211, 7.500000000000000000, 0.000000000000000000 ) ) ;
#4555 = ORIENTED_EDGE ( 'NONE', *, *, #1295, .T. ) ;
#4556 = VERTEX_POINT ( 'NONE', #5006 ) ;
#4557 = VERTEX_POINT ( 'NONE', #6036 ) ;
#4558 = CARTESIAN_POINT ( 'NONE',  ( 17.45000000000000639, 10.80000000000000426, -33.62500000000000000 ) ) ;
#4559 = CARTESIAN_POINT ( 'NONE',  ( -53.44999999999999574, 10.80000000000000071, 0.5499999999996132427 ) ) ;
#4560 = ORIENTED_EDGE ( 'NONE', *, *, #11594, .F. ) ;
#4561 = FACE_OUTER_BOUND ( 'NONE', #4467, .T. ) ;
#4562 = CARTESIAN_POINT ( 'NONE',  ( -2.375000000000005773, 10.80000000000000071, 0.000000000000000000 ) ) ;
#4563 = EDGE_CURVE ( 'NONE', #8232, #9640, #2332, .T. ) ;
#4564 = ORIENTED_EDGE ( 'NONE', *, *, #195, .T. ) ;
#4565 = LINE ( 'NONE', #2740, #6151 ) ;
#4566 = LINE ( 'NONE', #4323, #6072 ) ;
#4567 = VERTEX_POINT ( 'NONE', #8761 ) ;
#4568 = ORIENTED_EDGE ( 'NONE', *, *, #4054, .F. ) ;
#4569 = EDGE_CURVE ( 'NONE', #2850, #8908, #7792, .T. ) ;
#4570 = CARTESIAN_POINT ( 'NONE',  ( 51.62500000000000711, 10.53731005528969256, -27.62532512953128716 ) ) ;
#4571 = VECTOR ( 'NONE', #1942, 1000.000000000000000 ) ;
#4572 = DIRECTION ( 'NONE',  ( -0.9612616959383181170, -0.2756373558170021609, 0.000000000000000000 ) ) ;
#4573 = ADVANCED_FACE ( 'NONE', ( #11607 ), #452, .T. ) ;
#4574 = CARTESIAN_POINT ( 'NONE',  ( -27.54999999999999361, 10.80000000000000071, 9.549999999999611688 ) ) ;
#4575 = EDGE_CURVE ( 'NONE', #5593, #358, #11546, .T. ) ;
#4576 = DIRECTION ( 'NONE',  ( -0.2657276780299897001, -0.9267025424900808828, 0.2657276780299897001 ) ) ;
#4577 = AXIS2_PLACEMENT_3D ( 'NONE', #789, #3647, #7283 ) ;
#4578 = DIRECTION ( 'NONE',  ( 1.000000000000000000, 0.000000000000000000, 0.000000000000000000 ) ) ;
#4579 = CARTESIAN_POINT ( 'NONE',  ( -51.62500000000000000, 10.80000000000000426, -0.5500000000003835154 ) ) ;
#4580 = VERTEX_POINT ( 'NONE', #3301 ) ;
#4581 = CARTESIAN_POINT ( 'NONE',  ( -24.62500000000000000, 10.80000000000000426, -27.55000000000038796 ) ) ;
#4582 = EDGE_CURVE ( 'NONE', #1600, #10724, #10407, .T. ) ;
#4583 = EDGE_LOOP ( 'NONE', ( #1226, #3104, #9303, #10682 ) ) ;
#4584 = CARTESIAN_POINT ( 'NONE',  ( 53.44999999999999574, 10.80000000000000071, -0.5500000000003835154 ) ) ;
#4585 = DIRECTION ( 'NONE',  ( 0.5001519828512182020, 0.8323926831162096196, 0.2386847610229696770 ) ) ;
#4586 = ORIENTED_EDGE ( 'NONE', *, *, #11228, .F. ) ;
#4587 = VECTOR ( 'NONE', #10840, 1000.000000000000114 ) ;
#4588 = EDGE_CURVE ( 'NONE', #3242, #7884, #11847, .T. ) ;
#4589 = CARTESIAN_POINT ( 'NONE',  ( 2.375000000000005773, 7.500000000000000000, 16.50374022699554644 ) ) ;
#4590 = ADVANCED_FACE ( 'NONE', ( #10946 ), #7131, .F. ) ;
#4591 = DIRECTION ( 'NONE',  ( -0.2657276780299913099, -0.9267025424900799946, 0.2657276780299913099 ) ) ;
#4592 = EDGE_CURVE ( 'NONE', #9298, #4150, #1483, .T. ) ;
#4593 = PLANE ( 'NONE',  #6649 ) ;
#4594 = AXIS2_PLACEMENT_3D ( 'NONE', #1196, #7862, #3251 ) ;
#4595 = VERTEX_POINT ( 'NONE', #2577 ) ;
#4596 = CARTESIAN_POINT ( 'NONE',  ( -28.19056600552735503, 8.566080860090398374, 0.000000000000000000 ) ) ;
#4597 = ORIENTED_EDGE ( 'NONE', *, *, #7815, .F. ) ;
#4598 = EDGE_CURVE ( 'NONE', #10123, #2415, #1542, .T. ) ;
#4599 = DIRECTION ( 'NONE',  ( 1.000000000000000000, 0.000000000000000000, 0.000000000000000000 ) ) ;
#4600 = LINE ( 'NONE', #647, #4870 ) ;
#4601 = VERTEX_POINT ( 'NONE', #11669 ) ;
#4602 = PLANE ( 'NONE',  #8213 ) ;
#4603 = CARTESIAN_POINT ( 'NONE',  ( 53.44999999999999574, 10.80000000000000071, -18.55000000000037730 ) ) ;
#4604 = EDGE_CURVE ( 'NONE', #11642, #11932, #10037, .T. ) ;
#4605 = PLANE ( 'NONE',  #7958 ) ;
#4606 = VECTOR ( 'NONE', #10283, 1000.000000000000000 ) ;
#4607 = AXIS2_PLACEMENT_3D ( 'NONE', #1646, #9048, #1837 ) ;
#4608 = LINE ( 'NONE', #6177, #1105 ) ;
#4609 = VERTEX_POINT ( 'NONE', #8225 ) ;
#4610 = ORIENTED_EDGE ( 'NONE', *, *, #11764, .F. ) ;
#4611 = ORIENTED_EDGE ( 'NONE', *, *, #4276, .F. ) ;
#4612 = DIRECTION ( 'NONE',  ( -1.000000000000000000, 0.000000000000000000, 0.000000000000000000 ) ) ;
#4613 = CARTESIAN_POINT ( 'NONE',  ( 25.80943399447263786, 8.566080860090416138, -16.80943399447302511 ) ) ;
#4614 = VERTEX_POINT ( 'NONE', #6104 ) ;
#4615 = DIRECTION ( 'NONE',  ( -0.5150380749100545996, 0.8571673007021120005, 0.000000000000000000 ) ) ;
#4616 = ORIENTED_EDGE ( 'NONE', *, *, #6689, .F. ) ;
#4617 = ORIENTED_EDGE ( 'NONE', *, *, #333, .F. ) ;
#4618 = ORIENTED_EDGE ( 'NONE', *, *, #9090, .F. ) ;
#4619 = CARTESIAN_POINT ( 'NONE',  ( -61.00000000000000000, 10.49999999999999822, -8.000000000000000000 ) ) ;
#4620 = CARTESIAN_POINT ( 'NONE',  ( 27.55000000000000426, -11.50000000000000000, 35.45000000000000284 ) ) ;
#4621 = ADVANCED_FACE ( 'NONE', ( #5244 ), #4344, .F. ) ;
#4622 = EDGE_LOOP ( 'NONE', ( #784, #3016, #6776, #4258 ) ) ;
#4623 = LINE ( 'NONE', #2, #1222 ) ;
#4624 = DIRECTION ( 'NONE',  ( -1.000000000000000000, 0.000000000000000000, 0.000000000000000000 ) ) ;
#4625 = ORIENTED_EDGE ( 'NONE', *, *, #11838, .F. ) ;
#4626 = CARTESIAN_POINT ( 'NONE',  ( -18.54999999999999716, 10.80000000000000071, -35.45000000000039364 ) ) ;
#4627 = DIRECTION ( 'NONE',  ( -0.000000000000000000, 0.9612616959383174509, 0.2756373558170042704 ) ) ;
#4628 = ORIENTED_EDGE ( 'NONE', *, *, #8869, .T. ) ;
#4629 = ORIENTED_EDGE ( 'NONE', *, *, #11030, .F. ) ;
#4630 = EDGE_CURVE ( 'NONE', #8293, #5004, #3370, .T. ) ;
#4631 = DIRECTION ( 'NONE',  ( -0.000000000000000000, -1.000000000000000000, -0.000000000000000000 ) ) ;
#4632 = CARTESIAN_POINT ( 'NONE',  ( 32.06738976402689190, -0.9965637948165171345, -32.06738976402728980 ) ) ;
#4633 =( GEOMETRIC_REPRESENTATION_CONTEXT ( 3 ) GLOBAL_UNCERTAINTY_ASSIGNED_CONTEXT ( ( #2071 ) ) GLOBAL_UNIT_ASSIGNED_CONTEXT ( ( #11072, #5746, #3740 ) ) REPRESENTATION_CONTEXT ( 'NONE', 'WORKASPACE' ) );
#4634 = DIRECTION ( 'NONE',  ( 0.000000000000000000, -0.9612616959383180060, -0.2756373558170023830 ) ) ;
#4635 = ORIENTED_EDGE ( 'NONE', *, *, #6906, .T. ) ;
#4636 = FACE_BOUND ( 'NONE', #10460, .T. ) ;
#4637 = DIRECTION ( 'NONE',  ( -0.000000000000000000, 0.000000000000000000, 1.000000000000000000 ) ) ;
#4638 = ORIENTED_EDGE ( 'NONE', *, *, #4449, .T. ) ;
#4639 = DIRECTION ( 'NONE',  ( -0.2657276780299913099, 0.9267025424900799946, 0.2657276780299913099 ) ) ;
#4640 = ORIENTED_EDGE ( 'NONE', *, *, #9025, .F. ) ;
#4641 = CARTESIAN_POINT ( 'NONE',  ( 61.43449314192414334, 7.500000000000000000, 33.36342533005872468 ) ) ;
#4642 = LINE ( 'NONE', #5790, #206 ) ;
#4643 = ORIENTED_EDGE ( 'NONE', *, *, #1639, .T. ) ;
#4644 = EDGE_CURVE ( 'NONE', #6198, #4459, #3431, .T. ) ;
#4645 = EDGE_CURVE ( 'NONE', #6786, #7134, #5372, .T. ) ;
#4646 = LINE ( 'NONE', #8338, #7399 ) ;
#4647 = CARTESIAN_POINT ( 'NONE',  ( -29.37500000000000000, 10.80000000000000426, -33.62500000000000000 ) ) ;
#4648 = FACE_OUTER_BOUND ( 'NONE', #3443, .T. ) ;
#4649 = VECTOR ( 'NONE', #9238, 1000.000000000000114 ) ;
#4650 = ORIENTED_EDGE ( 'NONE', *, *, #4575, .T. ) ;
#4651 = DIRECTION ( 'NONE',  ( 0.000000000000000000, 0.000000000000000000, -1.000000000000000000 ) ) ;
#4652 = ORIENTED_EDGE ( 'NONE', *, *, #9205, .F. ) ;
#4653 = ADVANCED_FACE ( 'NONE', ( #4277 ), #7071, .F. ) ;
#4654 = EDGE_CURVE ( 'NONE', #269, #6493, #821, .T. ) ;
#4655 = APPLICATION_PROTOCOL_DEFINITION ( 'draft international standard', 'automotive_design', 1998, #8602 ) ;
#4656 = DIRECTION ( 'NONE',  ( 0.2657276780299913099, 0.9267025424900799946, 0.2657276780299913099 ) ) ;
#4657 = ORIENTED_EDGE ( 'NONE', *, *, #4588, .T. ) ;
#4658 = DIRECTION ( 'NONE',  ( -0.9612616959383175619, -0.2756373558170040483, 0.000000000000000000 ) ) ;
#4659 = DIRECTION ( 'NONE',  ( 1.000000000000000000, 0.000000000000000000, 0.000000000000000000 ) ) ;
#4660 = PLANE ( 'NONE',  #2739 ) ;
#4661 = DIRECTION ( 'NONE',  ( -0.2386847610229713423, -0.8323926831162092865, -0.5001519828512179799 ) ) ;
#4662 = VERTEX_POINT ( 'NONE', #756 ) ;
#4663 = FACE_OUTER_BOUND ( 'NONE', #2293, .T. ) ;
#4664 = ORIENTED_EDGE ( 'NONE', *, *, #6352, .T. ) ;
#4665 = VERTEX_POINT ( 'NONE', #7252 ) ;
#4666 = LINE ( 'NONE', #7566, #5348 ) ;
#4667 = FACE_OUTER_BOUND ( 'NONE', #48, .T. ) ;
#4668 = ORIENTED_EDGE ( 'NONE', *, *, #11159, .F. ) ;
#4669 = ADVANCED_FACE ( 'NONE', ( #8941 ), #9129, .F. ) ;
#4670 = DIRECTION ( 'NONE',  ( -0.000000000000000000, 0.000000000000000000, 1.000000000000000000 ) ) ;
#4671 = CARTESIAN_POINT ( 'NONE',  ( 0.000000000000000000, 10.80000000000000071, -33.62500000000000000 ) ) ;
#4672 = EDGE_LOOP ( 'NONE', ( #11667, #7025, #4936, #2484 ) ) ;
#4673 = ADVANCED_FACE ( 'NONE', ( #10765 ), #6163, .F. ) ;
#4674 = VECTOR ( 'NONE', #7777, 1000.000000000000227 ) ;
#4675 = VERTEX_POINT ( 'NONE', #2515 ) ;
#4676 = PLANE ( 'NONE',  #11276 ) ;
#4677 = LINE ( 'NONE', #7641, #1463 ) ;
#4678 = ORIENTED_EDGE ( 'NONE', *, *, #5840, .F. ) ;
#4679 = EDGE_CURVE ( 'NONE', #2055, #2436, #5311, .T. ) ;
#4680 = DIRECTION ( 'NONE',  ( 1.000000000000000000, -4.458787163891844428E-16, 0.000000000000000000 ) ) ;
#4681 = DIRECTION ( 'NONE',  ( 0.000000000000000000, 0.000000000000000000, 1.000000000000000000 ) ) ;
#4682 = VERTEX_POINT ( 'NONE', #8097 ) ;
#4683 = VECTOR ( 'NONE', #7330, 1000.000000000000000 ) ;
#4684 = CARTESIAN_POINT ( 'NONE',  ( -5.067389764026899002, -0.9965637948165171345, -32.06738976402728980 ) ) ;
#4685 = CARTESIAN_POINT ( 'NONE',  ( -35.44999999999999574, 10.80000000000000071, -0.5500000000003835154 ) ) ;
#4686 = ORIENTED_EDGE ( 'NONE', *, *, #8254, .T. ) ;
#4687 = EDGE_CURVE ( 'NONE', #3739, #10702, #11789, .T. ) ;
#4688 = ORIENTED_EDGE ( 'NONE', *, *, #3296, .T. ) ;
#4689 = DIRECTION ( 'NONE',  ( -1.000000000000000000, 0.000000000000000000, 0.000000000000000000 ) ) ;
#4690 = DIRECTION ( 'NONE',  ( 1.000000000000000000, 0.000000000000000000, 0.000000000000000000 ) ) ;
#4691 = VECTOR ( 'NONE', #5605, 1000.000000000000000 ) ;
#4692 = ADVANCED_FACE ( 'NONE', ( #8157 ), #2879, .F. ) ;
#4693 = DIRECTION ( 'NONE',  ( 0.2657276780299913099, 0.9267025424900799946, 0.2657276780299913099 ) ) ;
#4694 = ORIENTED_EDGE ( 'NONE', *, *, #2800, .F. ) ;
#4695 = AXIS2_PLACEMENT_3D ( 'NONE', #5017, #4969, #9678 ) ;
#4696 = DIRECTION ( 'NONE',  ( 1.000000000000000000, 0.000000000000000000, 0.000000000000000000 ) ) ;
#4697 = CARTESIAN_POINT ( 'NONE',  ( 24.62500000000000000, 10.80000000000000426, -18.55000000000037730 ) ) ;
#4698 = ORIENTED_EDGE ( 'NONE', *, *, #6937, .T. ) ;
#4699 = LINE ( 'NONE', #1909, #5290 ) ;
#4700 = VECTOR ( 'NONE', #7917, 1000.000000000000114 ) ;
#4701 = EDGE_CURVE ( 'NONE', #9747, #4215, #2032, .T. ) ;
#4702 = VERTEX_POINT ( 'NONE', #6644 ) ;
#4703 = CARTESIAN_POINT ( 'NONE',  ( 17.37467487046911074, 10.53731005528970144, 33.62500000000000000 ) ) ;
#4704 = DIRECTION ( 'NONE',  ( -1.000000000000000000, 0.000000000000000000, -5.358219230816394188E-16 ) ) ;
#4705 = ORIENTED_EDGE ( 'NONE', *, *, #9397, .T. ) ;
#4706 = AXIS2_PLACEMENT_3D ( 'NONE', #10421, #5816, #8776 ) ;
#4707 = CARTESIAN_POINT ( 'NONE',  ( -53.44999999999999574, 10.80000000000000071, 35.44999999999961204 ) ) ;
#4708 = DIRECTION ( 'NONE',  ( 0.000000000000000000, 0.000000000000000000, -1.000000000000000000 ) ) ;
#4709 = VECTOR ( 'NONE', #9046, 1000.000000000000000 ) ;
#4710 = DIRECTION ( 'NONE',  ( -0.9612616959383174509, -0.2756373558170042704, 0.000000000000000000 ) ) ;
#4711 = EDGE_CURVE ( 'NONE', #8000, #11187, #2824, .T. ) ;
#4712 = CARTESIAN_POINT ( 'NONE',  ( -2.375000000000005773, 10.80000000000000426, 17.44999999999961560 ) ) ;
#4713 = ORIENTED_EDGE ( 'NONE', *, *, #7765, .F. ) ;
#4714 = CARTESIAN_POINT ( 'NONE',  ( 45.54999999999999005, 10.80000000000000071, -18.55000000000037730 ) ) ;
#4715 = EDGE_LOOP ( 'NONE', ( #1813, #10836, #3009, #5892, #7217, #1007, #1737, #11197, #2829, #4640, #4781, #9348, #4043, #6240, #5338, #2544, #7941, #8308, #5756, #7312, #4393, #735, #4380, #10559, #11305, #10218, #3513, #9505, #6109, #11218, #1839, #8693 ) ) ;
#4716 = FACE_OUTER_BOUND ( 'NONE', #7936, .T. ) ;
#4717 = AXIS2_PLACEMENT_3D ( 'NONE', #7840, #3226, #8803 ) ;
#4718 = CARTESIAN_POINT ( 'NONE',  ( 24.62500000000000000, 10.80000000000000426, -33.62500000000000000 ) ) ;
#4719 = ADVANCED_FACE ( 'NONE', ( #91 ), #7549, .F. ) ;
#4720 = VECTOR ( 'NONE', #6940, 1000.000000000000000 ) ;
#4721 = CARTESIAN_POINT ( 'NONE',  ( 61.85875721063606392, 9.699999999999974420, -33.78768939877064525 ) ) ;
#4722 = ORIENTED_EDGE ( 'NONE', *, *, #7717, .F. ) ;
#4723 = CARTESIAN_POINT ( 'NONE',  ( -1.496259773004056326, 7.500000000000000000, 0.000000000000000000 ) ) ;
#4724 = ORIENTED_EDGE ( 'NONE', *, *, #10621, .F. ) ;
#4725 = ORIENTED_EDGE ( 'NONE', *, *, #6158, .T. ) ;
#4726 = VECTOR ( 'NONE', #1697, 1000.000000000000000 ) ;
#4727 = PLANE ( 'NONE',  #5935 ) ;
#4728 = LINE ( 'NONE', #8423, #7445 ) ;
#4729 = ORIENTED_EDGE ( 'NONE', *, *, #5360, .T. ) ;
#4730 = AXIS2_PLACEMENT_3D ( 'NONE', #734, #11645, #7046 ) ;
#4731 = LINE ( 'NONE', #8425, #2669 ) ;
#4732 = DIRECTION ( 'NONE',  ( -1.000000000000000000, 0.000000000000000000, 0.000000000000000000 ) ) ;
#4733 = ORIENTED_EDGE ( 'NONE', *, *, #2497, .T. ) ;
#4734 = CARTESIAN_POINT ( 'NONE',  ( 51.62500000000000711, 10.53731005528969256, 26.37467487046871284 ) ) ;
#4736 = EDGE_CURVE ( 'NONE', #11992, #6755, #4827, .T. ) ;
#4735 = ORIENTED_EDGE ( 'NONE', *, *, #7179, .T. ) ;
#4737 = LINE ( 'NONE', #1089, #7014 ) ;
#4738 = FACE_OUTER_BOUND ( 'NONE', #2801, .T. ) ;
#4739 = VECTOR ( 'NONE', #7428, 1000.000000000000000 ) ;
#4740 = VECTOR ( 'NONE', #5050, 1000.000000000000000 ) ;
#4741 = EDGE_CURVE ( 'NONE', #10591, #4848, #11248, .T. ) ;
#4742 = AXIS2_PLACEMENT_3D ( 'NONE', #2453, #8876, #2223 ) ;
#4743 = EDGE_CURVE ( 'NONE', #4, #11223, #6406, .T. ) ;
#4744 = ORIENTED_EDGE ( 'NONE', *, *, #11370, .F. ) ;
#4745 = CARTESIAN_POINT ( 'NONE',  ( -24.62500000000000000, 10.80000000000000426, 33.62500000000000000 ) ) ;
#4746 = CARTESIAN_POINT ( 'NONE',  ( 1.496259773004063209, 7.500000000000000000, 0.000000000000000000 ) ) ;
#4747 = EDGE_CURVE ( 'NONE', #10900, #8092, #6530, .T. ) ;
#4748 = EDGE_LOOP ( 'NONE', ( #11387, #8708, #5470, #3823 ) ) ;
#4749 = FACE_OUTER_BOUND ( 'NONE', #1876, .T. ) ;
#4750 = DIRECTION ( 'NONE',  ( -0.2386847610229713423, -0.8323926831162092865, 0.5001519828512179799 ) ) ;
#4751 = ORIENTED_EDGE ( 'NONE', *, *, #8391, .T. ) ;
#4752 = ORIENTED_EDGE ( 'NONE', *, *, #10409, .T. ) ;
#4753 = LINE ( 'NONE', #2132, #8519 ) ;
#4754 = DIRECTION ( 'NONE',  ( 0.000000000000000000, -0.2756373558170042704, 0.9612616959383174509 ) ) ;
#4755 = EDGE_CURVE ( 'NONE', #8043, #11201, #5558, .T. ) ;
#4756 = LINE ( 'NONE', #5546, #222 ) ;
#4757 = ORIENTED_EDGE ( 'NONE', *, *, #8084, .T. ) ;
#4758 = CARTESIAN_POINT ( 'NONE',  ( 60.02027957955105109, 9.499999999999980460, -31.94921176768561466 ) ) ;
#4759 = CARTESIAN_POINT ( 'NONE',  ( 26.45000000000000284, 10.80000000000000071, 26.44999999999961204 ) ) ;
#4760 = EDGE_LOOP ( 'NONE', ( #7156, #1564, #2367, #6374 ) ) ;
#4761 = DIRECTION ( 'NONE',  ( 1.000000000000000000, 0.000000000000000000, 0.000000000000000000 ) ) ;
#4762 = VERTEX_POINT ( 'NONE', #6588 ) ;
#4763 = CARTESIAN_POINT ( 'NONE',  ( -24.62500000000000000, 10.80000000000000426, 18.54999999999960991 ) ) ;
#4764 = CARTESIAN_POINT ( 'NONE',  ( -17.44999999999999929, 10.80000000000000071, -35.45000000000039364 ) ) ;
#4765 = ORIENTED_EDGE ( 'NONE', *, *, #4375, .T. ) ;
#4766 = CARTESIAN_POINT ( 'NONE',  ( -53.44999999999999574, 10.80000000000000071, 35.44999999999961204 ) ) ;
#4767 = VECTOR ( 'NONE', #3401, 1000.000000000000000 ) ;
#4768 = CARTESIAN_POINT ( 'NONE',  ( -40.07937528197222576, 29.75245638442229179, -13.88452941702862553 ) ) ;
#4769 = EDGE_CURVE ( 'NONE', #1510, #7163, #4646, .T. ) ;
#4770 = DIRECTION ( 'NONE',  ( -0.9612616959383174509, -0.2756373558170042704, 0.000000000000000000 ) ) ;
#4771 = CARTESIAN_POINT ( 'NONE',  ( 0.000000000000000000, 7.500000000000000000, -7.503740226996326257 ) ) ;
#4772 = ORIENTED_EDGE ( 'NONE', *, *, #7319, .F. ) ;
#4773 = VECTOR ( 'NONE', #11567, 1000.000000000000114 ) ;
#4774 = CARTESIAN_POINT ( 'NONE',  ( -25.80943399447264142, 8.566080860090416138, -25.80943399447301800 ) ) ;
#4775 = ORIENTED_EDGE ( 'NONE', *, *, #10349, .F. ) ;
#4776 = DIRECTION ( 'NONE',  ( 0.2756373558170042704, -0.9612616959383174509, 0.000000000000000000 ) ) ;
#4777 = EDGE_CURVE ( 'NONE', #938, #7271, #3792, .T. ) ;
#4778 = CARTESIAN_POINT ( 'NONE',  ( 55.00000000000000000, -11.50000000000000000, -41.00000000000000000 ) ) ;
#4779 = EDGE_CURVE ( 'NONE', #7502, #11123, #1969, .T. ) ;
#4780 = VECTOR ( 'NONE', #1432, 1000.000000000000114 ) ;
#4781 = ORIENTED_EDGE ( 'NONE', *, *, #485, .F. ) ;
#4782 = LINE ( 'NONE', #167, #10491 ) ;
#4783 = ORIENTED_EDGE ( 'NONE', *, *, #7118, .F. ) ;
#4784 = ORIENTED_EDGE ( 'NONE', *, *, #5544, .T. ) ;
#4785 = ADVANCED_FACE ( 'NONE', ( #1793 ), #5738, .F. ) ;
#4786 = CARTESIAN_POINT ( 'NONE',  ( 0.000000000000000000, 0.000000000000000000, -8.000000000000000000 ) ) ;
#4787 = CARTESIAN_POINT ( 'NONE',  ( 52.80943399447264142, 8.566080860090407256, 19.19056600552696423 ) ) ;
#4788 = ORIENTED_EDGE ( 'NONE', *, *, #5321, .F. ) ;
#4789 = CARTESIAN_POINT ( 'NONE',  ( -1.190566005527353033, 8.566080860090385940, 0.000000000000000000 ) ) ;
#4790 = DIRECTION ( 'NONE',  ( -1.000000000000000000, 0.000000000000000000, 0.000000000000000000 ) ) ;
#4791 = ORIENTED_EDGE ( 'NONE', *, *, #602, .T. ) ;
#4792 = VECTOR ( 'NONE', #4857, 1000.000000000000114 ) ;
#4793 = VECTOR ( 'NONE', #5472, 1000.000000000000000 ) ;
#4794 = DIRECTION ( 'NONE',  ( -0.5001519828512182020, -0.8323926831162096196, 0.2386847610229696770 ) ) ;
#4795 = ORIENTED_EDGE ( 'NONE', *, *, #11647, .F. ) ;
#4796 = PLANE ( 'NONE',  #7782 ) ;
#4797 = FACE_OUTER_BOUND ( 'NONE', #4515, .T. ) ;
#4798 = EDGE_CURVE ( 'NONE', #1365, #11721, #1916, .T. ) ;
#4799 = DIRECTION ( 'NONE',  ( 0.000000000000000000, -0.9612616959383174509, -0.2756373558170039373 ) ) ;
#4800 = VECTOR ( 'NONE', #888, 1000.000000000000227 ) ;
#4801 = AXIS2_PLACEMENT_3D ( 'NONE', #2792, #3875, #6498 ) ;
#4802 = EDGE_CURVE ( 'NONE', #3532, #11653, #1120, .T. ) ;
#4803 = ORIENTED_EDGE ( 'NONE', *, *, #10140, .F. ) ;
#4804 = LINE ( 'NONE', #11103, #5080 ) ;
#4805 = FACE_OUTER_BOUND ( 'NONE', #10823, .T. ) ;
#4806 = VERTEX_POINT ( 'NONE', #8459 ) ;
#4807 = FACE_OUTER_BOUND ( 'NONE', #1158, .T. ) ;
#4808 = LINE ( 'NONE', #9468, #6082 ) ;
#4809 = ORIENTED_EDGE ( 'NONE', *, *, #9130, .T. ) ;
#4810 = EDGE_CURVE ( 'NONE', #7763, #9072, #9308, .T. ) ;
#4811 = EDGE_CURVE ( 'NONE', #5324, #8054, #1000, .T. ) ;
#4812 = ORIENTED_EDGE ( 'NONE', *, *, #2809, .F. ) ;
#4813 = CARTESIAN_POINT ( 'NONE',  ( 0.000000000000000000, 10.80000000000000071, -33.62500000000000000 ) ) ;
#4814 = CARTESIAN_POINT ( 'NONE',  ( 1.190566005527356142, 8.566080860090391269, 0.000000000000000000 ) ) ;
#4815 = CARTESIAN_POINT ( 'NONE',  ( -2.375000000000005773, 7.500000000000000000, -1.496259773004444904 ) ) ;
#4816 = VERTEX_POINT ( 'NONE', #4707 ) ;
#4817 = DIRECTION ( 'NONE',  ( 0.2657276780299913099, 0.9267025424900799946, 0.2657276780299913099 ) ) ;
#4818 = DIRECTION ( 'NONE',  ( 0.000000000000000000, -0.2756373558170040483, 0.9612616959383175619 ) ) ;
#4819 = VERTEX_POINT ( 'NONE', #8400 ) ;
#4820 = CARTESIAN_POINT ( 'NONE',  ( -51.62500000000000711, 7.500000000000000000, 7.503740226995549101 ) ) ;
#4821 = EDGE_CURVE ( 'NONE', #4816, #4530, #9369, .T. ) ;
#4822 = ORIENTED_EDGE ( 'NONE', *, *, #7132, .T. ) ;
#4823 = LINE ( 'NONE', #267, #11316 ) ;
#4824 = LINE ( 'NONE', #8283, #9310 ) ;
#4825 = ORIENTED_EDGE ( 'NONE', *, *, #3275, .F. ) ;
#4826 = VECTOR ( 'NONE', #953, 1000.000000000000000 ) ;
#4827 = LINE ( 'NONE', #4589, #3718 ) ;
#4828 = LINE ( 'NONE', #10336, #2856 ) ;
#4829 = CARTESIAN_POINT ( 'NONE',  ( 61.43449314192414334, 10.49999999999999822, 33.36342533005872468 ) ) ;
#4830 = PRODUCT_DEFINITION ( 'UNKNOWN', '', #2117, #7651 ) ;
#4831 = CARTESIAN_POINT ( 'NONE',  ( 1.190566005527356142, 8.566080860090391269, 0.000000000000000000 ) ) ;
#4832 = ORIENTED_EDGE ( 'NONE', *, *, #8927, .T. ) ;
#4833 = LINE ( 'NONE', #11195, #2493 ) ;
#4834 = DIRECTION ( 'NONE',  ( -1.000000000000000000, 0.000000000000000000, 0.000000000000000000 ) ) ;
#4835 = ORIENTED_EDGE ( 'NONE', *, *, #5258, .F. ) ;
#4836 = EDGE_CURVE ( 'NONE', #2873, #11341, #7845, .T. ) ;
#4837 = CARTESIAN_POINT ( 'NONE',  ( 58.32322330470334748, 9.899999999999975486, 37.32322330470339011 ) ) ;
#4838 = DIRECTION ( 'NONE',  ( 0.4578768884082909385, -0.7620351108204155288, -0.4578768884082908275 ) ) ;
#4839 = VECTOR ( 'NONE', #5228, 1000.000000000000000 ) ;
#4840 = ADVANCED_FACE ( 'NONE', ( #11532 ), #9545, .F. ) ;
#4841 = ORIENTED_EDGE ( 'NONE', *, *, #9650, .F. ) ;
#4842 = CARTESIAN_POINT ( 'NONE',  ( 52.80943399447263431, 8.566080860090417914, -16.80943399447302511 ) ) ;
#4843 = ORIENTED_EDGE ( 'NONE', *, *, #9871, .T. ) ;
#4844 = ORIENTED_EDGE ( 'NONE', *, *, #9976, .T. ) ;
#4845 = EDGE_CURVE ( 'NONE', #819, #10888, #8749, .T. ) ;
#4846 = CARTESIAN_POINT ( 'NONE',  ( -51.62500000000000000, 10.53731005528970144, 9.625325129530517998 ) ) ;
#4847 = CARTESIAN_POINT ( 'NONE',  ( 1.190566005527357918, 8.566080860090394822, 10.19056600552697311 ) ) ;
#4848 = VERTEX_POINT ( 'NONE', #4030 ) ;
#4849 = LINE ( 'NONE', #8543, #1694 ) ;
#4850 = VECTOR ( 'NONE', #3315, 1000.000000000000000 ) ;
#4851 = DIRECTION ( 'NONE',  ( -1.000000000000000000, 0.000000000000000000, 0.000000000000000000 ) ) ;
#4852 = EDGE_CURVE ( 'NONE', #6416, #7775, #6759, .T. ) ;
#4853 = DIRECTION ( 'NONE',  ( 0.4856429311786325531, -0.8741572761215374854, -0.000000000000000000 ) ) ;
#4854 = ORIENTED_EDGE ( 'NONE', *, *, #1926, .F. ) ;
#4855 = CARTESIAN_POINT ( 'NONE',  ( -51.62500000000000000, 7.500000000000000000, -19.49625977300445356 ) ) ;
#4856 = FACE_OUTER_BOUND ( 'NONE', #5522, .T. ) ;
#4857 = DIRECTION ( 'NONE',  ( -0.2657276780299913099, -0.9267025424900799946, 0.2657276780299913099 ) ) ;
#4858 = ORIENTED_EDGE ( 'NONE', *, *, #1915, .F. ) ;
#4859 = DIRECTION ( 'NONE',  ( 0.000000000000000000, -0.000000000000000000, -1.000000000000000000 ) ) ;
#4860 = DIRECTION ( 'NONE',  ( -1.000000000000000000, -0.000000000000000000, -0.000000000000000000 ) ) ;
#4861 = ORIENTED_EDGE ( 'NONE', *, *, #4821, .F. ) ;
#4862 = CARTESIAN_POINT ( 'NONE',  ( -24.62500000000000000, 10.80000000000000426, -33.62500000000000000 ) ) ;
#4863 = CARTESIAN_POINT ( 'NONE',  ( -52.80943399447264142, 8.566080860090410809, 10.19056600552696956 ) ) ;
#4865 = ORIENTED_EDGE ( 'NONE', *, *, #2629, .F. ) ;
#4864 = EDGE_CURVE ( 'NONE', #11721, #6465, #439, .T. ) ;
#4866 = VERTEX_POINT ( 'NONE', #5115 ) ;
#4867 = DIRECTION ( 'NONE',  ( -0.000000000000000000, -1.000000000000000000, -0.000000000000000000 ) ) ;
#4868 = DIRECTION ( 'NONE',  ( 0.2657276780299894225, -0.9267025424900811048, 0.2657276780299894225 ) ) ;
#4869 = EDGE_CURVE ( 'NONE', #10242, #7625, #11307, .T. ) ;
#4870 = VECTOR ( 'NONE', #2713, 1000.000000000000114 ) ;
#4871 = VECTOR ( 'NONE', #4838, 1000.000000000000000 ) ;
#4872 = DIRECTION ( 'NONE',  ( -0.000000000000000000, -1.000000000000000000, -0.000000000000000000 ) ) ;
#4873 = ORIENTED_EDGE ( 'NONE', *, *, #3464, .F. ) ;
#4874 = DIRECTION ( 'NONE',  ( -0.5001519828512179799, 0.8323926831162092865, 0.2386847610229713423 ) ) ;
#4875 = CARTESIAN_POINT ( 'NONE',  ( -58.99999999999998579, 10.49999999999999822, 8.000000000000000000 ) ) ;
#4876 = EDGE_LOOP ( 'NONE', ( #2572, #9633, #2866, #547 ) ) ;
#4877 = AXIS2_PLACEMENT_3D ( 'NONE', #6328, #7170, #3414 ) ;
#4878 = LINE ( 'NONE', #8575, #6266 ) ;
#4879 = ORIENTED_EDGE ( 'NONE', *, *, #10593, .F. ) ;
#4880 = DIRECTION ( 'NONE',  ( 0.000000000000000000, -0.9612616959383174509, 0.2756373558170039373 ) ) ;
#4881 = CARTESIAN_POINT ( 'NONE',  ( 40.07937528197223997, 29.75245638442227047, -4.884529417028659282 ) ) ;
#4882 = VERTEX_POINT ( 'NONE', #2263 ) ;
#4883 = VECTOR ( 'NONE', #9058, 1000.000000000000000 ) ;
#4884 = VECTOR ( 'NONE', #11971, 1000.000000000000114 ) ;
#4885 = DIRECTION ( 'NONE',  ( -0.2657276780299913099, -0.9267025424900799946, 0.2657276780299913099 ) ) ;
#4886 = EDGE_CURVE ( 'NONE', #4150, #9126, #3112, .T. ) ;
#4887 = FACE_OUTER_BOUND ( 'NONE', #11695, .T. ) ;
#4888 = VECTOR ( 'NONE', #3868, 1000.000000000000000 ) ;
#4889 = LINE ( 'NONE', #7436, #8775 ) ;
#4890 = LINE ( 'NONE', #7048, #5944 ) ;
#4891 = ORIENTED_EDGE ( 'NONE', *, *, #1002, .F. ) ;
#4892 = AXIS2_PLACEMENT_3D ( 'NONE', #2732, #3400, #6191 ) ;
#4893 = LINE ( 'NONE', #3862, #1182 ) ;
#4894 = ORIENTED_EDGE ( 'NONE', *, *, #2497, .F. ) ;
#4895 = DIRECTION ( 'NONE',  ( -0.2756373558170042704, 0.9612616959383174509, 0.000000000000000000 ) ) ;
#4896 = VECTOR ( 'NONE', #582, 1000.000000000000000 ) ;
#4897 = CARTESIAN_POINT ( 'NONE',  ( -26.45000000000000284, 7.500000000000007105, -35.44999999999999574 ) ) ;
#4898 = EDGE_CURVE ( 'NONE', #473, #7005, #3913, .T. ) ;
#4899 = ORIENTED_EDGE ( 'NONE', *, *, #9980, .T. ) ;
#4900 = PLANE ( 'NONE',  #616 ) ;
#4901 = EDGE_LOOP ( 'NONE', ( #6325, #1010, #8327, #2757, #11302, #4439, #1341, #379, #5538, #9220, #2961, #1125 ) ) ;
#4902 = PLANE ( 'NONE',  #3213 ) ;
#4903 = LINE ( 'NONE', #9843, #7062 ) ;
#4904 = EDGE_CURVE ( 'NONE', #3655, #6479, #2091, .T. ) ;
#4905 = ORIENTED_EDGE ( 'NONE', *, *, #9031, .T. ) ;
#4906 = DIRECTION ( 'NONE',  ( 0.4856429311786325531, -0.8741572761215374854, -0.000000000000000000 ) ) ;
#4907 = AXIS2_PLACEMENT_3D ( 'NONE', #8632, #318, #4021 ) ;
#4908 = CARTESIAN_POINT ( 'NONE',  ( 40.07937528197223997, 29.75245638442227047, -22.11547058297211166 ) ) ;
#4909 = FACE_OUTER_BOUND ( 'NONE', #3923, .T. ) ;
#4910 = ORIENTED_EDGE ( 'NONE', *, *, #11024, .T. ) ;
#4911 = VECTOR ( 'NONE', #11492, 1000.000000000000114 ) ;
#4912 = CARTESIAN_POINT ( 'NONE',  ( -29.37500000000000000, 10.80000000000000426, 33.62500000000000000 ) ) ;
#4913 = PLANE ( 'NONE',  #5142 ) ;
#4914 = DIRECTION ( 'NONE',  ( 0.5001519828512179799, -0.8323926831162092865, 0.2386847610229713423 ) ) ;
#4915 = VECTOR ( 'NONE', #8987, 1000.000000000000000 ) ;
#4916 = EDGE_CURVE ( 'NONE', #8244, #8186, #10622, .T. ) ;
#4917 = VECTOR ( 'NONE', #11583, 1000.000000000000227 ) ;
#4918 = VERTEX_POINT ( 'NONE', #2146 ) ;
#4919 = LINE ( 'NONE', #8494, #7609 ) ;
#4920 = DIRECTION ( 'NONE',  ( 1.000000000000000000, 0.000000000000000000, 0.000000000000000000 ) ) ;
#4921 = ORIENTED_EDGE ( 'NONE', *, *, #10642, .T. ) ;
#4922 = DIRECTION ( 'NONE',  ( -0.000000000000000000, -0.000000000000000000, 1.000000000000000000 ) ) ;
#4923 = FACE_OUTER_BOUND ( 'NONE', #5083, .T. ) ;
#4924 = VERTEX_POINT ( 'NONE', #7607 ) ;
#4925 = EDGE_LOOP ( 'NONE', ( #2144, #8300, #1989, #11398 ) ) ;
#4926 = DIRECTION ( 'NONE',  ( 0.000000000000000000, 0.000000000000000000, 1.000000000000000000 ) ) ;
#4927 = AXIS2_PLACEMENT_3D ( 'NONE', #9689, #1387, #8789 ) ;
#4928 = LINE ( 'NONE', #6629, #4960 ) ;
#4929 = EDGE_CURVE ( 'NONE', #6221, #2873, #9602, .T. ) ;
#4930 = VECTOR ( 'NONE', #2479, 1000.000000000000000 ) ;
#4931 = ADVANCED_FACE ( 'NONE', ( #381 ), #271, .F. ) ;
#4932 = CARTESIAN_POINT ( 'NONE',  ( -1.190566005527356364, 8.566080860090389493, 7.809433994472255947 ) ) ;
#4933 = ORIENTED_EDGE ( 'NONE', *, *, #11376, .T. ) ;
#4934 = FACE_OUTER_BOUND ( 'NONE', #11105, .T. ) ;
#4935 = CARTESIAN_POINT ( 'NONE',  ( -58.99999999999998579, 10.49999999999999822, 8.000000000000000000 ) ) ;
#4936 = ORIENTED_EDGE ( 'NONE', *, *, #9944, .T. ) ;
#4937 = EDGE_CURVE ( 'NONE', #8242, #1845, #5794, .T. ) ;
#4938 = LINE ( 'NONE', #553, #3157 ) ;
#4939 = EDGE_CURVE ( 'NONE', #11036, #1911, #7670, .T. ) ;
#4940 = ORIENTED_EDGE ( 'NONE', *, *, #3455, .T. ) ;
#4941 = LINE ( 'NONE', #8516, #9757 ) ;
#4942 = DIRECTION ( 'NONE',  ( 0.000000000000000000, 0.000000000000000000, -1.000000000000000000 ) ) ;
#4943 = VERTEX_POINT ( 'NONE', #5967 ) ;
#4944 = DIRECTION ( 'NONE',  ( -1.000000000000000000, 8.917574327783688856E-16, 0.000000000000000000 ) ) ;
#4945 = PLANE ( 'NONE',  #815 ) ;
#4946 = LINE ( 'NONE', #8812, #3557 ) ;
#4947 = ADVANCED_FACE ( 'NONE', ( #4083 ), #5910, .F. ) ;
#4948 = VERTEX_POINT ( 'NONE', #4999 ) ;
#4949 = DIRECTION ( 'NONE',  ( 0.000000000000000000, 0.000000000000000000, 1.000000000000000000 ) ) ;
#4950 = ORIENTED_EDGE ( 'NONE', *, *, #5591, .T. ) ;
#4951 = EDGE_CURVE ( 'NONE', #4595, #366, #8694, .T. ) ;
#4952 = ADVANCED_FACE ( 'NONE', ( #3005 ), #10394, .F. ) ;
#4953 = DIRECTION ( 'NONE',  ( -0.2657276780299913099, -0.9267025424900799946, 0.2657276780299913099 ) ) ;
#4954 = AXIS2_PLACEMENT_3D ( 'NONE', #9040, #4436, #855 ) ;
#4955 = CARTESIAN_POINT ( 'NONE',  ( 28.19056600552735503, 8.566080860090387716, 16.80943399447224706 ) ) ;
#4956 = LINE ( 'NONE', #10635, #5298 ) ;
#4957 = ORIENTED_EDGE ( 'NONE', *, *, #10322, .T. ) ;
#4958 = DIRECTION ( 'NONE',  ( 0.4999999999999902855, -0.7071067811865670016, 0.4999999999999821254 ) ) ;
#4959 = ORIENTED_EDGE ( 'NONE', *, *, #11112, .T. ) ;
#4960 = VECTOR ( 'NONE', #10314, 1000.000000000000114 ) ;
#4961 = CARTESIAN_POINT ( 'NONE',  ( 25.50374022699593368, 7.500000000000000000, 0.000000000000000000 ) ) ;
#4962 = CARTESIAN_POINT ( 'NONE',  ( 16.80943399447252418, 8.566080860089964943, -34.80943399447290432 ) ) ;
#4963 = ORIENTED_EDGE ( 'NONE', *, *, #5093, .F. ) ;
#4964 = DIRECTION ( 'NONE',  ( 0.000000000000000000, -0.2756373558170040483, 0.9612616959383175619 ) ) ;
#4965 = DIRECTION ( 'NONE',  ( -0.2657276780299894225, -0.9267025424900811048, 0.2657276780299894225 ) ) ;
#4966 = EDGE_CURVE ( 'NONE', #1075, #8000, #4331, .T. ) ;
#4967 = DIRECTION ( 'NONE',  ( 0.000000000000000000, 0.000000000000000000, -1.000000000000000000 ) ) ;
#4968 = ORIENTED_EDGE ( 'NONE', *, *, #5258, .T. ) ;
#4969 = DIRECTION ( 'NONE',  ( -0.9612616959383174509, -0.2756373558170042704, 0.000000000000000000 ) ) ;
#4970 = LINE ( 'NONE', #8777, #496 ) ;
#4971 = VECTOR ( 'NONE', #1877, 1000.000000000000114 ) ;
#4972 = DIRECTION ( 'NONE',  ( 0.000000000000000000, -0.2756373558170040483, 0.9612616959383175619 ) ) ;
#4973 = VERTEX_POINT ( 'NONE', #10810 ) ;
#4974 = ORIENTED_EDGE ( 'NONE', *, *, #276, .F. ) ;
#4975 = LINE ( 'NONE', #6849, #10380 ) ;
#4976 = CARTESIAN_POINT ( 'NONE',  ( -15.26428640000787240, 22.25864506693675438, -26.58211138907232396 ) ) ;
#4977 = ORIENTED_EDGE ( 'NONE', *, *, #3065, .T. ) ;
#4978 = VECTOR ( 'NONE', #2371, 1000.000000000000114 ) ;
#4979 = CARTESIAN_POINT ( 'NONE',  ( 37.19056600552747227, 8.566080860090005800, -34.80943399447291142 ) ) ;
#4980 = PLANE ( 'NONE',  #5505 ) ;
#4981 = ORIENTED_EDGE ( 'NONE', *, *, #8258, .T. ) ;
#4982 = ORIENTED_EDGE ( 'NONE', *, *, #7837, .F. ) ;
#4983 = DIRECTION ( 'NONE',  ( 0.4999999999999902855, -0.7071067811865670016, -0.4999999999999821254 ) ) ;
#4984 = CARTESIAN_POINT ( 'NONE',  ( 26.45000000000000284, 10.80000000000000071, -27.55000000000038796 ) ) ;
#4985 = ADVANCED_FACE ( 'NONE', ( #11716 ), #3417, .F. ) ;
#4986 = VECTOR ( 'NONE', #3602, 1000.000000000000000 ) ;
#4987 = VECTOR ( 'NONE', #11106, 1000.000000000000114 ) ;
#4988 = DIRECTION ( 'NONE',  ( 0.000000000000000000, 0.000000000000000000, -1.000000000000000000 ) ) ;
#4989 = EDGE_LOOP ( 'NONE', ( #84, #7109, #9985, #10569 ) ) ;
#4990 = LINE ( 'NONE', #8739, #6060 ) ;
#4991 = DIRECTION ( 'NONE',  ( 0.000000000000000000, 0.000000000000000000, -1.000000000000000000 ) ) ;
#4992 = EDGE_LOOP ( 'NONE', ( #226, #7070, #5612, #4957 ) ) ;
#4993 = ADVANCED_FACE ( 'NONE', ( #682 ), #2504, .F. ) ;
#4994 = CARTESIAN_POINT ( 'NONE',  ( -54.49999999999997868, 10.80000000000000426, -36.50000000000038369 ) ) ;
#4995 = ORIENTED_EDGE ( 'NONE', *, *, #4204, .T. ) ;
#4996 = DIRECTION ( 'NONE',  ( 1.000000000000000000, 0.000000000000000000, 0.000000000000000000 ) ) ;
#4997 = CARTESIAN_POINT ( 'NONE',  ( -2.375000000000005773, 10.53731005528969078, -33.62500000000000000 ) ) ;
#4998 = ORIENTED_EDGE ( 'NONE', *, *, #464, .T. ) ;
#4999 = CARTESIAN_POINT ( 'NONE',  ( -25.80943399447264142, 8.566080860090412585, -10.19056600552774583 ) ) ;
#5000 = CARTESIAN_POINT ( 'NONE',  ( -53.44999999999999574, 10.80000000000000071, 8.449999999999617373 ) ) ;
#5001 = FACE_OUTER_BOUND ( 'NONE', #4715, .T. ) ;
#5002 = ORIENTED_EDGE ( 'NONE', *, *, #2276, .T. ) ;
#5003 = CARTESIAN_POINT ( 'NONE',  ( 61.43449314192414334, 7.500000000000000000, 33.36342533005872468 ) ) ;
#5004 = VERTEX_POINT ( 'NONE', #3539 ) ;
#5005 = ADVANCED_FACE ( 'NONE', ( #7236 ), #4452, .F. ) ;
#5006 = CARTESIAN_POINT ( 'NONE',  ( 51.62500000000000000, 10.53731005528970854, 18.62532512953050201 ) ) ;
#5007 = LINE ( 'NONE', #6770, #10919 ) ;
#5008 = ORIENTED_EDGE ( 'NONE', *, *, #9558, .F. ) ;
#5009 = DIRECTION ( 'NONE',  ( 0.2657276780299913099, -0.9267025424900799946, 0.2657276780299913099 ) ) ;
#5010 = ORIENTED_EDGE ( 'NONE', *, *, #4092, .T. ) ;
#5011 = CARTESIAN_POINT ( 'NONE',  ( 0.5499999999999949374, 10.80000000000000071, 17.44999999999961560 ) ) ;
#5012 = VERTEX_POINT ( 'NONE', #3291 ) ;
#5013 = CARTESIAN_POINT ( 'NONE',  ( -51.62500000000000000, 10.80000000000000426, -33.62500000000000000 ) ) ;
#5014 = CARTESIAN_POINT ( 'NONE',  ( -8.449999999999999289, 10.80000000000000071, 27.54999999999960991 ) ) ;
#5015 = CARTESIAN_POINT ( 'NONE',  ( -52.80943399447264142, 8.566080860090407256, 19.19056600552696423 ) ) ;
#5016 = VERTEX_POINT ( 'NONE', #9779 ) ;
#5017 = CARTESIAN_POINT ( 'NONE',  ( 28.49625977300405921, 7.500000000000000000, 0.000000000000000000 ) ) ;
#5018 = CARTESIAN_POINT ( 'NONE',  ( -27.55000000000000426, 7.500000000000007105, -35.45000000000002416 ) ) ;
#5019 = PLANE ( 'NONE',  #8463 ) ;
#5020 = VERTEX_POINT ( 'NONE', #10934 ) ;
#5021 = ADVANCED_FACE ( 'NONE', ( #8085 ), #11779, .F. ) ;
#5022 = ORIENTED_EDGE ( 'NONE', *, *, #2709, .T. ) ;
#5023 = DIRECTION ( 'NONE',  ( -0.000000000000000000, 0.000000000000000000, 1.000000000000000000 ) ) ;
#5024 = EDGE_CURVE ( 'NONE', #8102, #4702, #2627, .T. ) ;
#5025 = DIRECTION ( 'NONE',  ( 0.000000000000000000, -0.9612616959383174509, 0.2756373558170039373 ) ) ;
#5026 = ORIENTED_EDGE ( 'NONE', *, *, #10051, .F. ) ;
#5027 = DIRECTION ( 'NONE',  ( 0.2657276780299913099, 0.9267025424900799946, 0.2657276780299913099 ) ) ;
#5028 = DIRECTION ( 'NONE',  ( 0.000000000000000000, 0.000000000000000000, 1.000000000000000000 ) ) ;
#5029 = DIRECTION ( 'NONE',  ( 1.000000000000000000, 0.000000000000000000, 0.000000000000000000 ) ) ;
#5030 = ORIENTED_EDGE ( 'NONE', *, *, #2272, .F. ) ;
#5031 = ORIENTED_EDGE ( 'NONE', *, *, #10851, .F. ) ;
#5032 = LINE ( 'NONE', #6070, #4309 ) ;
#5033 = LINE ( 'NONE', #6861, #7854 ) ;
#5034 = EDGE_CURVE ( 'NONE', #1947, #9160, #743, .T. ) ;
#5035 = CARTESIAN_POINT ( 'NONE',  ( -45.54999999999999005, 10.80000000000000071, -35.45000000000039364 ) ) ;
#5036 = ORIENTED_EDGE ( 'NONE', *, *, #4409, .F. ) ;
#5037 = LINE ( 'NONE', #2311, #3146 ) ;
#5039 = VECTOR ( 'NONE', #8095, 1000.000000000000000 ) ;
#5038 = CARTESIAN_POINT ( 'NONE',  ( -53.44999999999999574, 10.80000000000000071, 8.449999999999617373 ) ) ;
#5040 = EDGE_LOOP ( 'NONE', ( #9687, #11491, #3390, #10092 ) ) ;
#5041 = DIRECTION ( 'NONE',  ( 0.5001519828512182020, 0.8323926831162096196, -0.2386847610229694550 ) ) ;
#5042 = ADVANCED_FACE ( 'NONE', ( #7903 ), #501, .F. ) ;
#5043 = VERTEX_POINT ( 'NONE', #10866 ) ;
#5044 = CARTESIAN_POINT ( 'NONE',  ( 29.37500000000000000, 10.80000000000000426, 33.62500000000000000 ) ) ;
#5045 = DIRECTION ( 'NONE',  ( -0.9612616959383175619, -0.2756373558170040483, 0.000000000000000000 ) ) ;
#5046 = ORIENTED_EDGE ( 'NONE', *, *, #4266, .F. ) ;
#5047 = EDGE_CURVE ( 'NONE', #11842, #2074, #11593, .T. ) ;
#5048 = DIRECTION ( 'NONE',  ( 0.5000000000000058842, -0.7071067811865415775, -0.5000000000000026645 ) ) ;
#5049 = CARTESIAN_POINT ( 'NONE',  ( 0.000000000000000000, 7.500000000000000000, 19.49625977300367552 ) ) ;
#5050 = DIRECTION ( 'NONE',  ( 0.000000000000000000, 0.000000000000000000, 1.000000000000000000 ) ) ;
#5051 = LINE ( 'NONE', #1244, #4330 ) ;
#5052 = ORIENTED_EDGE ( 'NONE', *, *, #8492, .F. ) ;
#5053 = ADVANCED_FACE ( 'NONE', ( #6209 ), #9893, .T. ) ;
#5054 = VECTOR ( 'NONE', #7007, 1000.000000000000227 ) ;
#5055 = ORIENTED_EDGE ( 'NONE', *, *, #11208, .T. ) ;
#5056 = LINE ( 'NONE', #11423, #142 ) ;
#5057 = ORIENTED_EDGE ( 'NONE', *, *, #3378, .T. ) ;
#5058 = DIRECTION ( 'NONE',  ( -0.000000000000000000, -1.000000000000000000, -0.000000000000000000 ) ) ;
#5059 = AXIS2_PLACEMENT_3D ( 'NONE', #7061, #2382, #4267 ) ;
#5060 = CARTESIAN_POINT ( 'NONE',  ( 29.37500000000000000, 10.80000000000000426, -17.45000000000039009 ) ) ;
#5061 = ORIENTED_EDGE ( 'NONE', *, *, #4845, .T. ) ;
#5063 = EDGE_CURVE ( 'NONE', #2970, #7900, #8868, .T. ) ;
#5062 = LINE ( 'NONE', #8765, #637 ) ;
#5064 = ORIENTED_EDGE ( 'NONE', *, *, #9307, .T. ) ;
#5065 = VECTOR ( 'NONE', #5073, 1000.000000000000000 ) ;
#5066 = DIRECTION ( 'NONE',  ( -1.000000000000000000, 0.000000000000000000, 0.000000000000000000 ) ) ;
#5067 = VERTEX_POINT ( 'NONE', #9057 ) ;
#5068 = DIRECTION ( 'NONE',  ( 0.000000000000000000, 0.000000000000000000, -1.000000000000000000 ) ) ;
#5069 = CARTESIAN_POINT ( 'NONE',  ( -27.54999999999999361, 10.80000000000000071, -8.450000000000388312 ) ) ;
#5070 = EDGE_CURVE ( 'NONE', #6870, #4482, #561, .T. ) ;
#5071 = CARTESIAN_POINT ( 'NONE',  ( -8.449999999999999289, 10.80000000000000071, -9.550000000000384404 ) ) ;
#5072 = VERTEX_POINT ( 'NONE', #1589 ) ;
#5073 = DIRECTION ( 'NONE',  ( -0.7071067811865452413, -0.000000000000000000, 0.7071067811865497932 ) ) ;
#5074 = VECTOR ( 'NONE', #3354, 1000.000000000000114 ) ;
#5075 = CARTESIAN_POINT ( 'NONE',  ( 46.19056600552723069, 8.566080860090828253, 34.80943399447237852 ) ) ;
#5076 = EDGE_CURVE ( 'NONE', #11322, #738, #4265, .T. ) ;
#5077 = CARTESIAN_POINT ( 'NONE',  ( 51.62500000000000000, 7.500000000000000000, -19.49625977300445356 ) ) ;
#5078 = ORIENTED_EDGE ( 'NONE', *, *, #3945, .F. ) ;
#5079 = VERTEX_POINT ( 'NONE', #1528 ) ;
#5080 = VECTOR ( 'NONE', #4680, 1000.000000000000000 ) ;
#5081 = CARTESIAN_POINT ( 'NONE',  ( -44.44999999999999574, 10.80000000000000071, 35.44999999999961204 ) ) ;
#5082 = LINE ( 'NONE', #5941, #462 ) ;
#5083 = EDGE_LOOP ( 'NONE', ( #6780, #7077, #7450, #10415, #11494, #10265, #10154, #8892, #11699, #7309, #2125, #8230, #1204, #310, #8487, #7752, #4752, #10997, #7773, #1641, #5209, #7184, #2433, #11689, #11751, #1447, #5198, #9422, #7356, #6582, #352, #9 ) ) ;
#5084 = ADVANCED_FACE ( 'NONE', ( #5233 ), #8925, .T. ) ;
#5085 = DIRECTION ( 'NONE',  ( -0.5001519828512179799, 0.8323926831162092865, 0.2386847610229713423 ) ) ;
#5086 = CARTESIAN_POINT ( 'NONE',  ( -0.5500000000000088152, 7.500000000000000000, 35.45000000000000995 ) ) ;
#5087 = DIRECTION ( 'NONE',  ( 0.4578768884082908830, -0.7620351108204154178, 0.4578768884082908830 ) ) ;
#5088 = ORIENTED_EDGE ( 'NONE', *, *, #2684, .T. ) ;
#5089 = ORIENTED_EDGE ( 'NONE', *, *, #6043, .F. ) ;
#5090 = DIRECTION ( 'NONE',  ( -0.000000000000000000, -0.000000000000000000, 1.000000000000000000 ) ) ;
#5091 = EDGE_CURVE ( 'NONE', #5875, #3705, #6394, .T. ) ;
#5092 = CARTESIAN_POINT ( 'NONE',  ( 30.93261023597309034, -0.9965637948165171345, -32.06738976402728980 ) ) ;
#5093 = EDGE_CURVE ( 'NONE', #11060, #1597, #2911, .T. ) ;
#5094 = AXIS2_PLACEMENT_3D ( 'NONE', #2316, #8635, #5961 ) ;
#5095 = VECTOR ( 'NONE', #4732, 1000.000000000000000 ) ;
#5096 = EDGE_CURVE ( 'NONE', #3819, #1721, #1208, .T. ) ;
#5097 = VECTOR ( 'NONE', #2148, 1000.000000000000000 ) ;
#5098 = EDGE_CURVE ( 'NONE', #5370, #7915, #8615, .T. ) ;
#5099 = PLANE ( 'NONE',  #11654 ) ;
#5100 = ORIENTED_EDGE ( 'NONE', *, *, #3374, .F. ) ;
#5101 = CARTESIAN_POINT ( 'NONE',  ( 0.5500000000000088152, -11.50000000000000000, -35.45000000000000284 ) ) ;
#5102 = CARTESIAN_POINT ( 'NONE',  ( -26.45000000000000284, 10.80000000000000071, -9.550000000000384404 ) ) ;
#5103 = ORIENTED_EDGE ( 'NONE', *, *, #920, .T. ) ;
#5104 = EDGE_CURVE ( 'NONE', #3136, #2702, #8491, .T. ) ;
#5105 = VECTOR ( 'NONE', #3197, 1000.000000000000114 ) ;
#5106 = DIRECTION ( 'NONE',  ( 1.000000000000000000, 0.000000000000000000, 0.000000000000000000 ) ) ;
#5107 = AXIS2_PLACEMENT_3D ( 'NONE', #515, #7914, #7795 ) ;
#5108 = DIRECTION ( 'NONE',  ( -0.2657276780299913099, 0.9267025424900799946, 0.2657276780299913099 ) ) ;
#5109 = AXIS2_PLACEMENT_3D ( 'NONE', #5406, #673, #8014 ) ;
#5110 = ORIENTED_EDGE ( 'NONE', *, *, #10703, .F. ) ;
#5111 = DIRECTION ( 'NONE',  ( -0.5001519828512182020, -0.8323926831162096196, -0.2386847610229694550 ) ) ;
#5112 = CARTESIAN_POINT ( 'NONE',  ( 24.62500000000000000, 7.500000000000000000, 10.49625977300367907 ) ) ;
#5113 = ORIENTED_EDGE ( 'NONE', *, *, #643, .T. ) ;
#5114 = EDGE_CURVE ( 'NONE', #10945, #1431, #5482, .T. ) ;
#5115 = CARTESIAN_POINT ( 'NONE',  ( -25.80943399447263786, 8.566080860090416138, -16.80943399447302511 ) ) ;
#5116 = AXIS2_PLACEMENT_3D ( 'NONE', #11185, #8638, #2876 ) ;
#5117 = CARTESIAN_POINT ( 'NONE',  ( 60.02027957955104398, 7.500000000000000000, -31.94921176768562177 ) ) ;
#5118 = VECTOR ( 'NONE', #6384, 1000.000000000000114 ) ;
#5119 = LINE ( 'NONE', #8753, #2393 ) ;
#5120 = LINE ( 'NONE', #506, #6464 ) ;
#5121 = ORIENTED_EDGE ( 'NONE', *, *, #3144, .T. ) ;
#5122 = ORIENTED_EDGE ( 'NONE', *, *, #3082, .T. ) ;
#5123 = CARTESIAN_POINT ( 'NONE',  ( 54.99999999999997868, -11.50000000000000000, 41.00000000000000711 ) ) ;
#5124 = EDGE_LOOP ( 'NONE', ( #6019, #543, #1712, #1400 ) ) ;
#5125 = CARTESIAN_POINT ( 'NONE',  ( 26.48410470708678588, 14.51721864012741214, 27.51589529291281622 ) ) ;
#5126 = EDGE_CURVE ( 'NONE', #2843, #11774, #7300, .T. ) ;
#5127 = DIRECTION ( 'NONE',  ( 0.000000000000000000, 0.9612616959383174509, -0.2756373558170039373 ) ) ;
#5128 = ORIENTED_EDGE ( 'NONE', *, *, #10869, .T. ) ;
#5129 = CARTESIAN_POINT ( 'NONE',  ( -52.80943399447264852, 8.566080860090405480, 1.190566005526970450 ) ) ;
#5130 = ORIENTED_EDGE ( 'NONE', *, *, #7847, .T. ) ;
#5131 = DIRECTION ( 'NONE',  ( 1.000000000000000000, 0.000000000000000000, 0.000000000000000000 ) ) ;
#5132 = ORIENTED_EDGE ( 'NONE', *, *, #11466, .F. ) ;
#5133 = DIRECTION ( 'NONE',  ( 1.000000000000000000, 0.000000000000000000, 0.000000000000000000 ) ) ;
#5134 = EDGE_CURVE ( 'NONE', #7791, #5353, #9179, .T. ) ;
#5135 = LINE ( 'NONE', #2226, #3876 ) ;
#5136 = EDGE_LOOP ( 'NONE', ( #852, #2008, #9867, #6389 ) ) ;
#5137 = CARTESIAN_POINT ( 'NONE',  ( -8.374674870469098309, 10.53731005528970321, 33.62500000000000000 ) ) ;
#5138 = FACE_OUTER_BOUND ( 'NONE', #1433, .T. ) ;
#5139 = ADVANCED_FACE ( 'NONE', ( #6616 ), #11277, .F. ) ;
#5140 = CARTESIAN_POINT ( 'NONE',  ( 30.29710944613219681, 1.219690838746894768, -23.70289055386817267 ) ) ;
#5141 = CARTESIAN_POINT ( 'NONE',  ( -7.503740226995931017, 7.500000000000000000, 33.62500000000000000 ) ) ;
#5142 = AXIS2_PLACEMENT_3D ( 'NONE', #8490, #9457, #10422 ) ;
#5143 = ORIENTED_EDGE ( 'NONE', *, *, #3262, .F. ) ;
#5144 = ORIENTED_EDGE ( 'NONE', *, *, #6627, .F. ) ;
#5145 = DIRECTION ( 'NONE',  ( 0.2657276780299913099, 0.9267025424900799946, 0.2657276780299913099 ) ) ;
#5146 = LINE ( 'NONE', #8902, #6678 ) ;
#5147 = ORIENTED_EDGE ( 'NONE', *, *, #108, .T. ) ;
#5148 = CARTESIAN_POINT ( 'NONE',  ( 0.000000000000000000, 7.500000000000000000, 25.50374022699554288 ) ) ;
#5149 = CARTESIAN_POINT ( 'NONE',  ( 29.37500000000000000, 10.80000000000000426, -0.5500000000003835154 ) ) ;
#5150 = CARTESIAN_POINT ( 'NONE',  ( -26.45000000000000284, 82.98258077199005811, 35.45000000000000995 ) ) ;
#5151 = VERTEX_POINT ( 'NONE', #4574 ) ;
#5152 = VECTOR ( 'NONE', #1212, 1000.000000000000114 ) ;
#5153 = ORIENTED_EDGE ( 'NONE', *, *, #10477, .F. ) ;
#5154 = CARTESIAN_POINT ( 'NONE',  ( 58.32322330470334748, 9.899999999999975486, -37.32322330470339011 ) ) ;
#5155 = EDGE_CURVE ( 'NONE', #112, #8364, #8550, .T. ) ;
#5156 = DIRECTION ( 'NONE',  ( 0.000000000000000000, 0.9612616959383174509, -0.2756373558170042704 ) ) ;
#5157 = ADVANCED_FACE ( 'NONE', ( #181 ), #7643, .F. ) ;
#5158 = EDGE_CURVE ( 'NONE', #11035, #4918, #2120, .T. ) ;
#5160 = PLANE ( 'NONE',  #1787 ) ;
#5159 = VECTOR ( 'NONE', #8346, 1000.000000000000114 ) ;
#5161 = EDGE_LOOP ( 'NONE', ( #2647, #5113, #9881, #4491 ) ) ;
#5162 = LINE ( 'NONE', #9700, #7028 ) ;
#5163 = CARTESIAN_POINT ( 'NONE',  ( 0.000000000000000000, 7.500000000000000000, 16.50374022699554644 ) ) ;
#5164 = ORIENTED_EDGE ( 'NONE', *, *, #8899, .F. ) ;
#5165 = EDGE_CURVE ( 'NONE', #6951, #11029, #11959, .T. ) ;
#5166 = EDGE_CURVE ( 'NONE', #4601, #7791, #11335, .T. ) ;
#5167 = LINE ( 'NONE', #8860, #913 ) ;
#5168 = DIRECTION ( 'NONE',  ( -1.000000000000000000, -0.000000000000000000, -0.000000000000000000 ) ) ;
#5169 = ORIENTED_EDGE ( 'NONE', *, *, #438, .T. ) ;
#5170 = DIRECTION ( 'NONE',  ( 0.000000000000000000, -0.9612616959383174509, -0.2756373558170039373 ) ) ;
#5171 = DIRECTION ( 'NONE',  ( 0.2657276780299913099, 0.9267025424900799946, 0.2657276780299913099 ) ) ;
#5172 = ORIENTED_EDGE ( 'NONE', *, *, #11357, .T. ) ;
#5173 = LINE ( 'NONE', #8866, #3411 ) ;
#5174 = AXIS2_PLACEMENT_3D ( 'NONE', #5203, #2292, #10718 ) ;
#5175 = AXIS2_PLACEMENT_3D ( 'NONE', #247, #10309, #11399 ) ;
#5176 = CARTESIAN_POINT ( 'NONE',  ( -24.62500000000000000, 10.80000000000000426, -33.62500000000000000 ) ) ;
#5177 = LINE ( 'NONE', #8026, #6436 ) ;
#5178 = CARTESIAN_POINT ( 'NONE',  ( -24.62500000000000000, 7.500000000000000000, -10.49625977300446067 ) ) ;
#5179 = PLANE ( 'NONE',  #11673 ) ;
#5180 = ORIENTED_EDGE ( 'NONE', *, *, #10574, .F. ) ;
#5181 = EDGE_CURVE ( 'NONE', #1491, #8631, #2060, .T. ) ;
#5182 = VECTOR ( 'NONE', #4526, 1000.000000000000000 ) ;
#5183 = PLANE ( 'NONE',  #5312 ) ;
#5184 = ORIENTED_EDGE ( 'NONE', *, *, #5938, .T. ) ;
#5185 = DIRECTION ( 'NONE',  ( 0.000000000000000000, 0.000000000000000000, 1.000000000000000000 ) ) ;
#5186 = ORIENTED_EDGE ( 'NONE', *, *, #1374, .T. ) ;
#5187 = CARTESIAN_POINT ( 'NONE',  ( -46.49625977300406277, 7.500000000000000000, 33.62500000000000000 ) ) ;
#5188 = DIRECTION ( 'NONE',  ( 1.000000000000000000, 0.000000000000000000, -0.000000000000000000 ) ) ;
#5190 = ORIENTED_EDGE ( 'NONE', *, *, #7256, .F. ) ;
#5189 = ADVANCED_FACE ( 'NONE', ( #9116 ), #10475, .T. ) ;
#5191 = DIRECTION ( 'NONE',  ( 0.000000000000000000, 0.9612616959383174509, -0.2756373558170042704 ) ) ;
#5192 = ORIENTED_EDGE ( 'NONE', *, *, #11179, .F. ) ;
#5193 = DIRECTION ( 'NONE',  ( 0.000000000000000000, 0.000000000000000000, -1.000000000000000000 ) ) ;
#5194 = ORIENTED_EDGE ( 'NONE', *, *, #7536, .T. ) ;
#5195 = EDGE_CURVE ( 'NONE', #4882, #205, #10423, .T. ) ;
#5196 = CARTESIAN_POINT ( 'NONE',  ( 0.000000000000000000, 7.500000000000000000, -16.50374022699631382 ) ) ;
#5197 = DIRECTION ( 'NONE',  ( 1.000000000000000000, 0.000000000000000000, 0.000000000000000000 ) ) ;
#5198 = ORIENTED_EDGE ( 'NONE', *, *, #11905, .F. ) ;
#5199 = LINE ( 'NONE', #9676, #822 ) ;
#5200 = LINE ( 'NONE', #3445, #4510 ) ;
#5201 = CARTESIAN_POINT ( 'NONE',  ( 28.19056600552735148, 8.566080860090394822, 0.000000000000000000 ) ) ;
#5202 = EDGE_CURVE ( 'NONE', #8073, #5600, #4511, .T. ) ;
#5203 = CARTESIAN_POINT ( 'NONE',  ( 61.85875721063606392, 9.699999999999974420, 33.78768939877064525 ) ) ;
#5204 = EDGE_CURVE ( 'NONE', #6007, #9641, #8670, .T. ) ;
#5205 = VERTEX_POINT ( 'NONE', #4057 ) ;
#5206 = ORIENTED_EDGE ( 'NONE', *, *, #2645, .F. ) ;
#5207 = PLANE ( 'NONE',  #2448 ) ;
#5208 = DIRECTION ( 'NONE',  ( -0.000000000000000000, -0.000000000000000000, 1.000000000000000000 ) ) ;
#5209 = ORIENTED_EDGE ( 'NONE', *, *, #11541, .T. ) ;
#5210 = EDGE_CURVE ( 'NONE', #697, #11054, #4111, .T. ) ;
#5211 = CARTESIAN_POINT ( 'NONE',  ( -1.190566005527356808, 8.566080860090398374, -28.19056600552774583 ) ) ;
#5212 = DIRECTION ( 'NONE',  ( 0.000000000000000000, 0.000000000000000000, 1.000000000000000000 ) ) ;
#5213 = CARTESIAN_POINT ( 'NONE',  ( -27.54999999999999361, 10.80000000000000071, 35.44999999999961204 ) ) ;
#5214 = ORIENTED_EDGE ( 'NONE', *, *, #3060, .F. ) ;
#5215 = ORIENTED_EDGE ( 'NONE', *, *, #11978, .F. ) ;
#5216 = CARTESIAN_POINT ( 'NONE',  ( 0.000000000000000000, 7.500000000000000000, -34.50374022699632093 ) ) ;
#5217 = DIRECTION ( 'NONE',  ( 0.5001519828512179799, -0.8323926831162092865, -0.2386847610229713423 ) ) ;
#5218 = AXIS2_PLACEMENT_3D ( 'NONE', #2811, #1047, #10433 ) ;
#5219 = LINE ( 'NONE', #4376, #8942 ) ;
#5220 = EDGE_LOOP ( 'NONE', ( #1825, #5806, #3380, #5264 ) ) ;
#5221 = ADVANCED_FACE ( 'NONE', ( #9575 ), #6963, .T. ) ;
#5222 = CARTESIAN_POINT ( 'NONE',  ( -7.503740226995931017, 7.500000000000000000, 0.000000000000000000 ) ) ;
#5223 = CARTESIAN_POINT ( 'NONE',  ( -44.44999999999999574, 10.80000000000000071, -27.55000000000038796 ) ) ;
#5224 = ORIENTED_EDGE ( 'NONE', *, *, #2880, .F. ) ;
#5225 = PLANE ( 'NONE',  #4009 ) ;
#5226 = CARTESIAN_POINT ( 'NONE',  ( -57.99999999999999289, 9.499999999999998224, 8.000000000000000000 ) ) ;
#5227 = ORIENTED_EDGE ( 'NONE', *, *, #6094, .F. ) ;
#5228 = DIRECTION ( 'NONE',  ( 0.000000000000000000, 0.000000000000000000, -1.000000000000000000 ) ) ;
#5229 = PLANE ( 'NONE',  #4877 ) ;
#5230 = EDGE_LOOP ( 'NONE', ( #7498, #2317, #10330, #5583 ) ) ;
#5231 = LINE ( 'NONE', #4263, #8643 ) ;
#5232 = EDGE_CURVE ( 'NONE', #775, #1416, #1442, .T. ) ;
#5233 = FACE_OUTER_BOUND ( 'NONE', #3597, .T. ) ;
#5234 = DIRECTION ( 'NONE',  ( -0.000000000000000000, -0.2756373558170021609, -0.9612616959383181170 ) ) ;
#5235 = DIRECTION ( 'NONE',  ( -0.000000000000000000, 0.000000000000000000, -1.000000000000000000 ) ) ;
#5236 = DIRECTION ( 'NONE',  ( -0.7071067811865452413, 0.000000000000000000, 0.7071067811865497932 ) ) ;
#5237 = VERTEX_POINT ( 'NONE', #9742 ) ;
#5238 = DIRECTION ( 'NONE',  ( 0.2657276780299897001, -0.9267025424900808828, 0.2657276780299897001 ) ) ;
#5239 = VECTOR ( 'NONE', #2320, 1000.000000000000227 ) ;
#5240 = VERTEX_POINT ( 'NONE', #531 ) ;
#5241 = LINE ( 'NONE', #6160, #11819 ) ;
#5242 = VERTEX_POINT ( 'NONE', #3387 ) ;
#5243 = EDGE_CURVE ( 'NONE', #11721, #507, #2178, .T. ) ;
#5244 = FACE_OUTER_BOUND ( 'NONE', #8047, .T. ) ;
#5245 = LINE ( 'NONE', #1667, #5182 ) ;
#5246 = ORIENTED_EDGE ( 'NONE', *, *, #6627, .T. ) ;
#5247 = LINE ( 'NONE', #6350, #254 ) ;
#5248 = VECTOR ( 'NONE', #1190, 1000.000000000000000 ) ;
#5249 = EDGE_LOOP ( 'NONE', ( #6553, #9993, #9876, #8808 ) ) ;
#5250 = CARTESIAN_POINT ( 'NONE',  ( -53.44999999999999574, 7.500000000000000000, 35.44999999999998863 ) ) ;
#5251 = VERTEX_POINT ( 'NONE', #1377 ) ;
#5252 = AXIS2_PLACEMENT_3D ( 'NONE', #10747, #8204, #2624 ) ;
#5253 = DIRECTION ( 'NONE',  ( 0.000000000000000000, -0.2756373558170042704, 0.9612616959383174509 ) ) ;
#5254 = CARTESIAN_POINT ( 'NONE',  ( 7.809433994472765761, 8.566080860090833582, 34.80943399447239273 ) ) ;
#5255 = ORIENTED_EDGE ( 'NONE', *, *, #9974, .T. ) ;
#5256 = LINE ( 'NONE', #8954, #5697 ) ;
#5257 = DIRECTION ( 'NONE',  ( -1.000000000000000000, 8.917574327783688856E-16, 0.000000000000000000 ) ) ;
#5258 = EDGE_CURVE ( 'NONE', #10232, #5237, #6904, .T. ) ;
#5259 = VECTOR ( 'NONE', #7418, 1000.000000000000000 ) ;
#5260 = PLANE ( 'NONE',  #11833 ) ;
#5261 = VECTOR ( 'NONE', #11062, 1000.000000000000114 ) ;
#5262 = CARTESIAN_POINT ( 'NONE',  ( -44.44999999999999574, 10.80000000000000426, -33.62500000000000000 ) ) ;
#5263 = VERTEX_POINT ( 'NONE', #8718 ) ;
#5264 = ORIENTED_EDGE ( 'NONE', *, *, #2790, .T. ) ;
#5265 = ORIENTED_EDGE ( 'NONE', *, *, #2530, .F. ) ;
#5266 = VECTOR ( 'NONE', #10704, 1000.000000000000114 ) ;
#5267 = DIRECTION ( 'NONE',  ( -0.4578768884082909385, -0.7620351108204155288, -0.4578768884082908275 ) ) ;
#5268 = DIRECTION ( 'NONE',  ( 0.000000000000000000, 0.000000000000000000, 1.000000000000000000 ) ) ;
#5269 = ORIENTED_EDGE ( 'NONE', *, *, #2595, .T. ) ;
#5270 = DIRECTION ( 'NONE',  ( -1.000000000000000000, 0.000000000000000000, 0.000000000000000000 ) ) ;
#5271 = CARTESIAN_POINT ( 'NONE',  ( -0.5499999999999949374, 10.80000000000000071, 35.44999999999961204 ) ) ;
#5272 = CARTESIAN_POINT ( 'NONE',  ( 45.54999999999999005, 10.80000000000000071, -0.5500000000003835154 ) ) ;
#5273 = ORIENTED_EDGE ( 'NONE', *, *, #1464, .T. ) ;
#5274 = VECTOR ( 'NONE', #768, 1000.000000000000114 ) ;
#5275 = VERTEX_POINT ( 'NONE', #7929 ) ;
#5276 = LINE ( 'NONE', #4372, #9534 ) ;
#5277 = CARTESIAN_POINT ( 'NONE',  ( 0.5499999999999949374, 10.80000000000000071, -35.45000000000039364 ) ) ;
#5278 = EDGE_CURVE ( 'NONE', #9293, #3450, #470, .T. ) ;
#5279 = VECTOR ( 'NONE', #4074, 1000.000000000000114 ) ;
#5280 = PLANE ( 'NONE',  #7784 ) ;
#5281 = EDGE_LOOP ( 'NONE', ( #3399, #1093, #10845, #2378 ) ) ;
#5282 = LINE ( 'NONE', #8981, #10316 ) ;
#5283 = LINE ( 'NONE', #3526, #9738 ) ;
#5284 = VERTEX_POINT ( 'NONE', #6844 ) ;
#5285 = CARTESIAN_POINT ( 'NONE',  ( 24.62500000000000000, 10.53731005528969611, 9.625325129530517998 ) ) ;
#5286 = DIRECTION ( 'NONE',  ( 0.000000000000000000, 0.000000000000000000, 1.000000000000000000 ) ) ;
#5287 = EDGE_CURVE ( 'NONE', #10888, #2847, #10595, .T. ) ;
#5288 = ORIENTED_EDGE ( 'NONE', *, *, #4736, .T. ) ;
#5289 = DIRECTION ( 'NONE',  ( 0.9612616959383174509, -0.2756373558170042704, 0.000000000000000000 ) ) ;
#5290 = VECTOR ( 'NONE', #6637, 1000.000000000000114 ) ;
#5291 = FACE_OUTER_BOUND ( 'NONE', #11909, .T. ) ;
#5292 = DIRECTION ( 'NONE',  ( 0.000000000000000000, -0.2756373558170042704, 0.9612616959383174509 ) ) ;
#5293 = VECTOR ( 'NONE', #11430, 1000.000000000000000 ) ;
#5294 = ADVANCED_FACE ( 'NONE', ( #7024 ), #5936, .F. ) ;
#5295 = DIRECTION ( 'NONE',  ( 0.000000000000000000, 0.000000000000000000, -1.000000000000000000 ) ) ;
#5296 = CARTESIAN_POINT ( 'NONE',  ( 61.85875721063606392, 9.699999999999974420, 33.78768939877064525 ) ) ;
#5297 = ADVANCED_FACE ( 'NONE', ( #406 ), #5995, .F. ) ;
#5298 = VECTOR ( 'NONE', #10700, 1000.000000000000114 ) ;
#5299 = LINE ( 'NONE', #5178, #9182 ) ;
#5300 = DIRECTION ( 'NONE',  ( 0.000000000000000000, 0.000000000000000000, 1.000000000000000000 ) ) ;
#5301 = ORIENTED_EDGE ( 'NONE', *, *, #6195, .F. ) ;
#5302 = EDGE_CURVE ( 'NONE', #4350, #10344, #2231, .T. ) ;
#5303 = VECTOR ( 'NONE', #11661, 1000.000000000000000 ) ;
#5304 = CARTESIAN_POINT ( 'NONE',  ( -0.7551062867685640612, 10.08470937300070069, -9.755106286768954860 ) ) ;
#5305 = EDGE_LOOP ( 'NONE', ( #7340, #10839, #4825, #9424 ) ) ;
#5306 = PLANE ( 'NONE',  #2019 ) ;
#5307 = DIRECTION ( 'NONE',  ( 1.000000000000000000, -4.458787163891844428E-16, 0.000000000000000000 ) ) ;
#5308 = ORIENTED_EDGE ( 'NONE', *, *, #2277, .T. ) ;
#5309 = VECTOR ( 'NONE', #10389, 1000.000000000000000 ) ;
#5310 = VECTOR ( 'NONE', #10689, 1000.000000000000000 ) ;
#5311 = LINE ( 'NONE', #9005, #6799 ) ;
#5312 = AXIS2_PLACEMENT_3D ( 'NONE', #3993, #9784, #9565 ) ;
#5313 = LINE ( 'NONE', #7073, #8082 ) ;
#5314 = EDGE_CURVE ( 'NONE', #3119, #6819, #8897, .T. ) ;
#5315 = ORIENTED_EDGE ( 'NONE', *, *, #3033, .F. ) ;
#5316 = DIRECTION ( 'NONE',  ( -0.000000000000000000, 0.000000000000000000, 1.000000000000000000 ) ) ;
#5317 = ORIENTED_EDGE ( 'NONE', *, *, #157, .T. ) ;
#5318 = FACE_OUTER_BOUND ( 'NONE', #4901, .T. ) ;
#5319 = EDGE_LOOP ( 'NONE', ( #135, #7521, #280, #4698 ) ) ;
#5320 = ADVANCED_FACE ( 'NONE', ( #4295 ), #5019, .F. ) ;
#5321 = EDGE_CURVE ( 'NONE', #8947, #3136, #7871, .T. ) ;
#5322 = LINE ( 'NONE', #8044, #8505 ) ;
#5323 = DIRECTION ( 'NONE',  ( -0.000000000000000000, -0.000000000000000000, 1.000000000000000000 ) ) ;
#5324 = VERTEX_POINT ( 'NONE', #10651 ) ;
#5325 = DIRECTION ( 'NONE',  ( 1.000000000000000000, 0.000000000000000000, 0.000000000000000000 ) ) ;
#5326 = CARTESIAN_POINT ( 'NONE',  ( 0.000000000000000000, 7.500000000000000000, -25.50374022699630672 ) ) ;
#5327 = PLANE ( 'NONE',  #10093 ) ;
#5328 = LINE ( 'NONE', #1812, #1889 ) ;
#5329 = ORIENTED_EDGE ( 'NONE', *, *, #10128, .T. ) ;
#5330 = ORIENTED_EDGE ( 'NONE', *, *, #3642, .T. ) ;
#5331 = EDGE_LOOP ( 'NONE', ( #4456, #8699, #7850, #8847 ) ) ;
#5332 = EDGE_CURVE ( 'NONE', #11795, #2036, #11687, .T. ) ;
#5333 = DIRECTION ( 'NONE',  ( 0.7071067811865474617, 0.000000000000000000, -0.7071067811865474617 ) ) ;
#5334 = LINE ( 'NONE', #4426, #8020 ) ;
#5335 = ORIENTED_EDGE ( 'NONE', *, *, #7679, .T. ) ;
#5336 = CARTESIAN_POINT ( 'NONE',  ( 27.54999999999999005, 10.80000000000000071, -35.45000000000039364 ) ) ;
#5337 = DIRECTION ( 'NONE',  ( -0.5001519828512182020, -0.8323926831162096196, -0.2386847610229696770 ) ) ;
#5338 = ORIENTED_EDGE ( 'NONE', *, *, #9705, .F. ) ;
#5339 = EDGE_LOOP ( 'NONE', ( #9702, #3524, #5214, #10879 ) ) ;
#5340 = ORIENTED_EDGE ( 'NONE', *, *, #2835, .T. ) ;
#5341 = LINE ( 'NONE', #1703, #3528 ) ;
#5342 = CARTESIAN_POINT ( 'NONE',  ( 26.48410470708678588, 14.51721864012741214, -26.48410470708718023 ) ) ;
#5343 = VECTOR ( 'NONE', #3896, 1000.000000000000000 ) ;
#5344 = PLANE ( 'NONE',  #1013 ) ;
#5345 = ORIENTED_EDGE ( 'NONE', *, *, #10172, .T. ) ;
#5346 = DIRECTION ( 'NONE',  ( 0.000000000000000000, 0.000000000000000000, -1.000000000000000000 ) ) ;
#5347 = ORIENTED_EDGE ( 'NONE', *, *, #11374, .F. ) ;
#5348 = VECTOR ( 'NONE', #7631, 1000.000000000000114 ) ;
#5349 = CARTESIAN_POINT ( 'NONE',  ( -26.45000000000000284, 10.80000000000000071, 9.549999999999611688 ) ) ;
#5350 = DIRECTION ( 'NONE',  ( 0.2657276780299913099, -0.9267025424900799946, 0.2657276780299913099 ) ) ;
#5351 = AXIS2_PLACEMENT_3D ( 'NONE', #5725, #3045, #7589 ) ;
#5352 = EDGE_CURVE ( 'NONE', #11204, #7091, #2347, .T. ) ;
#5353 = VERTEX_POINT ( 'NONE', #7203 ) ;
#5354 = CARTESIAN_POINT ( 'NONE',  ( -35.44999999999999574, 10.80000000000000071, -27.55000000000038796 ) ) ;
#5355 = CARTESIAN_POINT ( 'NONE',  ( 24.62500000000000000, 10.80000000000000426, -33.62500000000000000 ) ) ;
#5356 = DIRECTION ( 'NONE',  ( -0.000000000000000000, 0.000000000000000000, 1.000000000000000000 ) ) ;
#5357 = DIRECTION ( 'NONE',  ( 0.000000000000000000, 0.000000000000000000, -1.000000000000000000 ) ) ;
#5358 = VECTOR ( 'NONE', #2521, 1000.000000000000114 ) ;
#5359 = LINE ( 'NONE', #1472, #29 ) ;
#5360 = EDGE_CURVE ( 'NONE', #6438, #7890, #5328, .T. ) ;
#5361 = LINE ( 'NONE', #936, #10699 ) ;
#5362 = LINE ( 'NONE', #7175, #8010 ) ;
#5363 = ORIENTED_EDGE ( 'NONE', *, *, #10766, .F. ) ;
#5364 = CARTESIAN_POINT ( 'NONE',  ( 43.80943399447252773, 8.566080860089996918, -34.80943399447291853 ) ) ;
#5365 = VECTOR ( 'NONE', #6421, 1000.000000000000000 ) ;
#5366 = VECTOR ( 'NONE', #3469, 1000.000000000000000 ) ;
#5367 = ORIENTED_EDGE ( 'NONE', *, *, #11912, .T. ) ;
#5368 = FACE_OUTER_BOUND ( 'NONE', #8791, .T. ) ;
#5369 = CARTESIAN_POINT ( 'NONE',  ( 26.45000000000000284, 10.80000000000000071, -18.55000000000037730 ) ) ;
#5370 = VERTEX_POINT ( 'NONE', #9864 ) ;
#5371 = VECTOR ( 'NONE', #3922, 1000.000000000000114 ) ;
#5372 = LINE ( 'NONE', #8882, #2151 ) ;
#5373 = VECTOR ( 'NONE', #696, 1000.000000000000000 ) ;
#5374 = VECTOR ( 'NONE', #4065, 1000.000000000000114 ) ;
#5375 = DIRECTION ( 'NONE',  ( 1.000000000000000000, 0.000000000000000000, 0.000000000000000000 ) ) ;
#5376 = DIRECTION ( 'NONE',  ( 0.000000000000000000, 0.9612616959383174509, -0.2756373558170042704 ) ) ;
#5377 = ORIENTED_EDGE ( 'NONE', *, *, #6782, .T. ) ;
#5378 = EDGE_CURVE ( 'NONE', #10005, #10123, #5513, .T. ) ;
#5379 = DIRECTION ( 'NONE',  ( 0.000000000000000000, 0.000000000000000000, 1.000000000000000000 ) ) ;
#5380 = ORIENTED_EDGE ( 'NONE', *, *, #7674, .F. ) ;
#5381 = CARTESIAN_POINT ( 'NONE',  ( 20.65831223607736788, -3.969694544262559521, -22.78514175963477939 ) ) ;
#5382 = PLANE ( 'NONE',  #10069 ) ;
#5383 = VERTEX_POINT ( 'NONE', #5262 ) ;
#5384 = DIRECTION ( 'NONE',  ( -0.2657276780299897001, 0.9267025424900808828, 0.2657276780299897001 ) ) ;
#5385 = DIRECTION ( 'NONE',  ( 0.2657276780299913099, 0.9267025424900799946, 0.2657276780299913099 ) ) ;
#5386 = DIRECTION ( 'NONE',  ( 0.7071067811865474617, 0.000000000000000000, 0.7071067811865474617 ) ) ;
#5387 = ADVANCED_FACE ( 'NONE', ( #8298 ), #4543, .F. ) ;
#5388 = CARTESIAN_POINT ( 'NONE',  ( -53.44999999999999574, 82.98258077199005811, 35.44999999999998863 ) ) ;
#5389 = ORIENTED_EDGE ( 'NONE', *, *, #11500, .F. ) ;
#5390 = ORIENTED_EDGE ( 'NONE', *, *, #3420, .F. ) ;
#5391 = EDGE_LOOP ( 'NONE', ( #5329, #11380, #5634, #6251 ) ) ;
#5392 = CARTESIAN_POINT ( 'NONE',  ( 55.00000000000000000, 0.000000000000000000, 41.00000000000000000 ) ) ;
#5393 = CARTESIAN_POINT ( 'NONE',  ( -24.62500000000000000, 10.80000000000000426, -26.45000000000038298 ) ) ;
#5394 = ORIENTED_EDGE ( 'NONE', *, *, #4202, .T. ) ;
#5395 = CARTESIAN_POINT ( 'NONE',  ( 0.000000000000000000, 7.500000000000000000, -34.50374022699632093 ) ) ;
#5396 = LINE ( 'NONE', #7098, #4535 ) ;
#5397 = ORIENTED_EDGE ( 'NONE', *, *, #1500, .T. ) ;
#5398 = VERTEX_POINT ( 'NONE', #8051 ) ;
#5399 = ORIENTED_EDGE ( 'NONE', *, *, #2956, .F. ) ;
#5400 = ORIENTED_EDGE ( 'NONE', *, *, #5752, .T. ) ;
#5401 = DIRECTION ( 'NONE',  ( -0.000000000000000000, 0.9612616959383180060, 0.2756373558170021054 ) ) ;
#5402 = DIRECTION ( 'NONE',  ( -0.2657276780299913099, 0.9267025424900799946, 0.2657276780299913099 ) ) ;
#5403 = EDGE_CURVE ( 'NONE', #5828, #8723, #9209, .T. ) ;
#5404 = ORIENTED_EDGE ( 'NONE', *, *, #8088, .F. ) ;
#5405 = CARTESIAN_POINT ( 'NONE',  ( -0.5500000000000088152, 7.500000000000007105, 35.45000000000000995 ) ) ;
#5406 = CARTESIAN_POINT ( 'NONE',  ( 55.00000000000000000, 0.000000000000000000, -41.00000000000000000 ) ) ;
#5407 = ORIENTED_EDGE ( 'NONE', *, *, #10028, .F. ) ;
#5408 = FACE_OUTER_BOUND ( 'NONE', #5391, .T. ) ;
#5409 = CARTESIAN_POINT ( 'NONE',  ( -29.37500000000000000, 7.500000000000000000, -25.50374022699630672 ) ) ;
#5410 = ORIENTED_EDGE ( 'NONE', *, *, #1103, .T. ) ;
#5411 = VERTEX_POINT ( 'NONE', #10110 ) ;
#5412 = DIRECTION ( 'NONE',  ( 0.000000000000000000, 0.000000000000000000, 1.000000000000000000 ) ) ;
#5413 = DIRECTION ( 'NONE',  ( -0.5001519828512179799, -0.8323926831162092865, -0.2386847610229713423 ) ) ;
#5414 = LINE ( 'NONE', #8141, #1865 ) ;
#5415 = EDGE_CURVE ( 'NONE', #2744, #5495, #4608, .T. ) ;
#5416 = VECTOR ( 'NONE', #5111, 1000.000000000000227 ) ;
#5417 = CARTESIAN_POINT ( 'NONE',  ( -2.375000000000005773, 7.500000000000000000, -19.49625977300445356 ) ) ;
#5418 = CARTESIAN_POINT ( 'NONE',  ( -18.54999999999999716, 10.80000000000000426, -33.62500000000000000 ) ) ;
#5419 = FACE_BOUND ( 'NONE', #7439, .T. ) ;
#5420 = EDGE_CURVE ( 'NONE', #5237, #3782, #2660, .T. ) ;
#5421 = FACE_OUTER_BOUND ( 'NONE', #6354, .T. ) ;
#5422 = ORIENTED_EDGE ( 'NONE', *, *, #5732, .T. ) ;
#5423 = AXIS2_PLACEMENT_3D ( 'NONE', #10953, #2653, #7195 ) ;
#5424 = CARTESIAN_POINT ( 'NONE',  ( 57.89895923599141980, 7.500000000000000000, 36.89895923599146954 ) ) ;
#5425 = ORIENTED_EDGE ( 'NONE', *, *, #7830, .T. ) ;
#5426 = LINE ( 'NONE', #691, #3964 ) ;
#5427 = PLANE ( 'NONE',  #6602 ) ;
#5428 = ORIENTED_EDGE ( 'NONE', *, *, #8869, .F. ) ;
#5429 = CARTESIAN_POINT ( 'NONE',  ( 27.54999999999999005, 10.80000000000000071, 18.54999999999960991 ) ) ;
#5430 = EDGE_CURVE ( 'NONE', #5398, #182, #10899, .T. ) ;
#5431 = CARTESIAN_POINT ( 'NONE',  ( -51.62500000000000711, 10.53731005528969256, -0.6253251295312847180 ) ) ;
#5432 = DIRECTION ( 'NONE',  ( 0.000000000000000000, 0.000000000000000000, 1.000000000000000000 ) ) ;
#5433 = ORIENTED_EDGE ( 'NONE', *, *, #8975, .T. ) ;
#5434 = CARTESIAN_POINT ( 'NONE',  ( 51.62500000000000711, 7.500000000000000000, -7.503740226996326257 ) ) ;
#5435 = VECTOR ( 'NONE', #10217, 1000.000000000000000 ) ;
#5436 = ORIENTED_EDGE ( 'NONE', *, *, #8444, .F. ) ;
#5437 = LINE ( 'NONE', #9138, #4441 ) ;
#5438 = CARTESIAN_POINT ( 'NONE',  ( -0.5499999999999949374, 10.80000000000000071, 8.449999999999617373 ) ) ;
#5439 = EDGE_LOOP ( 'NONE', ( #565, #8155, #6310, #7419 ) ) ;
#5440 = DIRECTION ( 'NONE',  ( 0.000000000000000000, 0.000000000000000000, -1.000000000000000000 ) ) ;
#5441 = LINE ( 'NONE', #3502, #6252 ) ;
#5442 = DIRECTION ( 'NONE',  ( -0.2657276780299913099, -0.9267025424900799946, 0.2657276780299913099 ) ) ;
#5443 = VECTOR ( 'NONE', #216, 1000.000000000000114 ) ;
#5444 = CARTESIAN_POINT ( 'NONE',  ( -25.50374022699592658, 7.500000000000000000, 0.000000000000000000 ) ) ;
#5445 = ADVANCED_FACE ( 'NONE', ( #1557 ), #3504, .F. ) ;
#5446 = AXIS2_PLACEMENT_3D ( 'NONE', #3552, #11911, #8035 ) ;
#5447 = ORIENTED_EDGE ( 'NONE', *, *, #7251, .F. ) ;
#5448 = VECTOR ( 'NONE', #3939, 1000.000000000000000 ) ;
#5449 = ORIENTED_EDGE ( 'NONE', *, *, #3829, .F. ) ;
#5450 = ORIENTED_EDGE ( 'NONE', *, *, #798, .T. ) ;
#5451 = CARTESIAN_POINT ( 'NONE',  ( 0.000000000000000000, 7.500000000000000000, 34.50374022699554644 ) ) ;
#5452 = CARTESIAN_POINT ( 'NONE',  ( -26.45000000000000284, 10.80000000000000071, 18.54999999999960991 ) ) ;
#5453 = ORIENTED_EDGE ( 'NONE', *, *, #6598, .F. ) ;
#5454 = EDGE_CURVE ( 'NONE', #8610, #2591, #2597, .T. ) ;
#5455 = FACE_OUTER_BOUND ( 'NONE', #3804, .T. ) ;
#5456 = FACE_OUTER_BOUND ( 'NONE', #1862, .T. ) ;
#5457 = ORIENTED_EDGE ( 'NONE', *, *, #6364, .T. ) ;
#5458 = VECTOR ( 'NONE', #9698, 1000.000000000000000 ) ;
#5459 = VECTOR ( 'NONE', #3234, 1000.000000000000000 ) ;
#5460 = ORIENTED_EDGE ( 'NONE', *, *, #485, .T. ) ;
#5461 = ORIENTED_EDGE ( 'NONE', *, *, #3884, .F. ) ;
#5462 = CARTESIAN_POINT ( 'NONE',  ( 27.55000000000000426, 7.500000000000007105, -35.45000000000002416 ) ) ;
#5463 = ADVANCED_FACE ( 'NONE', ( #10835 ), #11863, .F. ) ;
#5464 = CARTESIAN_POINT ( 'NONE',  ( -53.44999999999999574, 10.80000000000000071, -17.45000000000039009 ) ) ;
#5465 = VECTOR ( 'NONE', #426, 1000.000000000000000 ) ;
#5466 = EDGE_CURVE ( 'NONE', #8746, #8657, #11986, .T. ) ;
#5467 = EDGE_LOOP ( 'NONE', ( #9769, #4139, #459, #5340 ) ) ;
#5468 = CARTESIAN_POINT ( 'NONE',  ( -27.55000000000000426, -11.50000000000000000, -35.45000000000002416 ) ) ;
#5469 = DIRECTION ( 'NONE',  ( -0.9612616959383174509, -0.2756373558170042704, 0.000000000000000000 ) ) ;
#5470 = ORIENTED_EDGE ( 'NONE', *, *, #11259, .T. ) ;
#5471 = AXIS2_PLACEMENT_3D ( 'NONE', #3338, #2305, #4926 ) ;
#5472 = DIRECTION ( 'NONE',  ( 0.000000000000000000, 0.000000000000000000, -1.000000000000000000 ) ) ;
#5473 = CARTESIAN_POINT ( 'NONE',  ( -25.50374022699593368, 7.500000000000000000, 0.000000000000000000 ) ) ;
#5474 = ORIENTED_EDGE ( 'NONE', *, *, #9341, .F. ) ;
#5475 = ADVANCED_FACE ( 'NONE', ( #3687 ), #6238, .F. ) ;
#5476 = EDGE_CURVE ( 'NONE', #4171, #9376, #8112, .T. ) ;
#5477 = ORIENTED_EDGE ( 'NONE', *, *, #8899, .T. ) ;
#5478 = LINE ( 'NONE', #4447, #4649 ) ;
#5479 = AXIS2_PLACEMENT_3D ( 'NONE', #8893, #1495, #7805 ) ;
#5480 = LINE ( 'NONE', #9177, #10764 ) ;
#5481 = EDGE_CURVE ( 'NONE', #10679, #1614, #8240, .T. ) ;
#5482 = LINE ( 'NONE', #2000, #6338 ) ;
#5483 = ADVANCED_FACE ( 'NONE', ( #11928 ), #3572, .F. ) ;
#5484 = PLANE ( 'NONE',  #9144 ) ;
#5485 = CARTESIAN_POINT ( 'NONE',  ( 0.000000000000000000, 7.500000000000000000, 16.50374022699554644 ) ) ;
#5486 = DIRECTION ( 'NONE',  ( 1.000000000000000000, 0.000000000000000000, 0.000000000000000000 ) ) ;
#5487 = VERTEX_POINT ( 'NONE', #6362 ) ;
#5488 = VECTOR ( 'NONE', #6012, 1000.000000000000000 ) ;
#5489 = PLANE ( 'NONE',  #2786 ) ;
#5490 = ADVANCED_FACE ( 'NONE', ( #7331 ), #11020, .F. ) ;
#5491 = VECTOR ( 'NONE', #3249, 1000.000000000000000 ) ;
#5492 = EDGE_LOOP ( 'NONE', ( #6292, #2219, #10158, #9665 ) ) ;
#5493 = CARTESIAN_POINT ( 'NONE',  ( -0.5500000000000088152, 7.500000000000000000, 35.45000000000000995 ) ) ;
#5494 = LINE ( 'NONE', #1662, #1951 ) ;
#5495 = VERTEX_POINT ( 'NONE', #4721 ) ;
#5496 = CARTESIAN_POINT ( 'NONE',  ( -15.26428640000787240, 22.25864506693675438, 26.58211138907232751 ) ) ;
#5497 = VECTOR ( 'NONE', #1962, 1000.000000000000000 ) ;
#5498 = CARTESIAN_POINT ( 'NONE',  ( -26.45000000000000284, 10.80000000000000071, -17.45000000000039009 ) ) ;
#5499 = VECTOR ( 'NONE', #3607, 1000.000000000000000 ) ;
#5500 = FACE_OUTER_BOUND ( 'NONE', #5492, .T. ) ;
#5501 = VERTEX_POINT ( 'NONE', #8416 ) ;
#5502 = DIRECTION ( 'NONE',  ( -1.000000000000000000, -0.000000000000000000, -0.000000000000000000 ) ) ;
#5503 = ORIENTED_EDGE ( 'NONE', *, *, #8206, .T. ) ;
#5504 = LINE ( 'NONE', #5381, #8113 ) ;
#5505 = AXIS2_PLACEMENT_3D ( 'NONE', #3268, #9523, #6853 ) ;
#5506 = CARTESIAN_POINT ( 'NONE',  ( 26.45000000000000284, 10.80000000000000071, -9.550000000000384404 ) ) ;
#5507 = ORIENTED_EDGE ( 'NONE', *, *, #940, .T. ) ;
#5508 = DIRECTION ( 'NONE',  ( 0.000000000000000000, 0.000000000000000000, -1.000000000000000000 ) ) ;
#5509 = EDGE_CURVE ( 'NONE', #4350, #10837, #9270, .T. ) ;
#5510 = AXIS2_PLACEMENT_3D ( 'NONE', #4746, #5469, #4681 ) ;
#5511 = DIRECTION ( 'NONE',  ( 0.000000000000000000, 0.000000000000000000, 1.000000000000000000 ) ) ;
#5512 = DIRECTION ( 'NONE',  ( -0.5001519828512179799, -0.8323926831162092865, 0.2386847610229713423 ) ) ;
#5513 = LINE ( 'NONE', #4359, #5365 ) ;
#5514 = VECTOR ( 'NONE', #9482, 1000.000000000000114 ) ;
#5515 = ORIENTED_EDGE ( 'NONE', *, *, #3062, .F. ) ;
#5516 = EDGE_LOOP ( 'NONE', ( #2304, #4974, #3634, #9445 ) ) ;
#5517 = VECTOR ( 'NONE', #10758, 1000.000000000000000 ) ;
#5518 = ORIENTED_EDGE ( 'NONE', *, *, #9901, .F. ) ;
#5519 = EDGE_CURVE ( 'NONE', #5072, #2850, #2779, .T. ) ;
#5520 = CARTESIAN_POINT ( 'NONE',  ( 27.54999999999999005, 10.80000000000000071, -0.5500000000003835154 ) ) ;
#5521 = DIRECTION ( 'NONE',  ( 0.000000000000000000, 0.000000000000000000, -1.000000000000000000 ) ) ;
#5522 = EDGE_LOOP ( 'NONE', ( #6370, #7709, #5103, #4498 ) ) ;
#5523 = CARTESIAN_POINT ( 'NONE',  ( 62.00000000000000711, -11.50000000000000000, -33.99999999999998579 ) ) ;
#5524 = ORIENTED_EDGE ( 'NONE', *, *, #3019, .F. ) ;
#5525 = ORIENTED_EDGE ( 'NONE', *, *, #10131, .F. ) ;
#5526 = ADVANCED_FACE ( 'NONE', ( #1871 ), #1981, .F. ) ;
#5527 = ORIENTED_EDGE ( 'NONE', *, *, #11019, .F. ) ;
#5528 = ORIENTED_EDGE ( 'NONE', *, *, #2865, .T. ) ;
#5529 = DIRECTION ( 'NONE',  ( -1.000000000000000000, 0.000000000000000000, 0.000000000000000000 ) ) ;
#5530 = CARTESIAN_POINT ( 'NONE',  ( -30.29710944613214352, 1.219690838747078621, 23.70289055386746213 ) ) ;
#5531 = ORIENTED_EDGE ( 'NONE', *, *, #7256, .T. ) ;
#5532 = LINE ( 'NONE', #8074, #9164 ) ;
#5533 = ADVANCED_FACE ( 'NONE', ( #5575 ), #6490, .F. ) ;
#5534 = DIRECTION ( 'NONE',  ( 0.000000000000000000, 0.000000000000000000, -1.000000000000000000 ) ) ;
#5535 = EDGE_LOOP ( 'NONE', ( #3345, #456, #9251, #9875 ) ) ;
#5536 = CARTESIAN_POINT ( 'NONE',  ( -27.54999999999999361, 10.80000000000000071, -27.55000000000038796 ) ) ;
#5537 = CARTESIAN_POINT ( 'NONE',  ( -19.83347944262236950, 18.51173940819399988, 28.66130569147366103 ) ) ;
#5539 = ADVANCED_FACE ( 'NONE', ( #44 ), #3748, .F. ) ;
#5538 = ORIENTED_EDGE ( 'NONE', *, *, #8038, .T. ) ;
#5540 = ORIENTED_EDGE ( 'NONE', *, *, #4110, .T. ) ;
#5541 = CARTESIAN_POINT ( 'NONE',  ( 24.62500000000000000, 10.80000000000000426, -0.5500000000003835154 ) ) ;
#5542 = VECTOR ( 'NONE', #2412, 1000.000000000000000 ) ;
#5543 = LINE ( 'NONE', #7171, #10191 ) ;
#5544 = EDGE_CURVE ( 'NONE', #5771, #6221, #11142, .T. ) ;
#5545 = EDGE_CURVE ( 'NONE', #6497, #6851, #2838, .T. ) ;
#5546 = CARTESIAN_POINT ( 'NONE',  ( -51.62500000000000000, 10.53731005528969256, -33.62500000000000000 ) ) ;
#5547 = ORIENTED_EDGE ( 'NONE', *, *, #10832, .F. ) ;
#5548 = VECTOR ( 'NONE', #3099, 1000.000000000000000 ) ;
#5549 = CARTESIAN_POINT ( 'NONE',  ( 9.550000000000002487, 10.80000000000000071, -27.55000000000038796 ) ) ;
#5550 = CARTESIAN_POINT ( 'NONE',  ( -51.62500000000000000, 10.80000000000000426, 8.449999999999617373 ) ) ;
#5551 = ORIENTED_EDGE ( 'NONE', *, *, #5232, .F. ) ;
#5552 = DIRECTION ( 'NONE',  ( 1.000000000000000000, 0.000000000000000000, 0.000000000000000000 ) ) ;
#5553 = ORIENTED_EDGE ( 'NONE', *, *, #4155, .T. ) ;
#5554 = DIRECTION ( 'NONE',  ( 0.000000000000000000, 0.000000000000000000, -1.000000000000000000 ) ) ;
#5555 = DIRECTION ( 'NONE',  ( 0.000000000000000000, 0.9612616959383174509, -0.2756373558170039373 ) ) ;
#5556 = ORIENTED_EDGE ( 'NONE', *, *, #9546, .T. ) ;
#5557 = VECTOR ( 'NONE', #125, 1000.000000000000000 ) ;
#5558 = LINE ( 'NONE', #5496, #11261 ) ;
#5559 = EDGE_CURVE ( 'NONE', #2436, #10534, #1016, .T. ) ;
#5560 = CARTESIAN_POINT ( 'NONE',  ( 51.62500000000000000, 10.80000000000000071, 0.000000000000000000 ) ) ;
#5561 = CARTESIAN_POINT ( 'NONE',  ( 25.50374022699592658, 7.500000000000000000, 0.000000000000000000 ) ) ;
#5562 = AXIS2_PLACEMENT_3D ( 'NONE', #9375, #11011, #6650 ) ;
#5563 = ORIENTED_EDGE ( 'NONE', *, *, #10264, .T. ) ;
#5564 = LINE ( 'NONE', #2944, #5159 ) ;
#5565 = ORIENTED_EDGE ( 'NONE', *, *, #10935, .T. ) ;
#5566 = LINE ( 'NONE', #5622, #3074 ) ;
#5567 = LINE ( 'NONE', #6483, #5443 ) ;
#5568 = VERTEX_POINT ( 'NONE', #11913 ) ;
#5569 = FACE_OUTER_BOUND ( 'NONE', #7168, .T. ) ;
#5570 = DIRECTION ( 'NONE',  ( 0.000000000000000000, 0.000000000000000000, -1.000000000000000000 ) ) ;
#5571 = FACE_OUTER_BOUND ( 'NONE', #2028, .T. ) ;
#5572 = VECTOR ( 'NONE', #2564, 1000.000000000000000 ) ;
#5573 = VECTOR ( 'NONE', #2539, 1000.000000000000000 ) ;
#5574 = EDGE_CURVE ( 'NONE', #6557, #202, #10038, .T. ) ;
#5575 = FACE_OUTER_BOUND ( 'NONE', #8620, .T. ) ;
#5576 = EDGE_LOOP ( 'NONE', ( #4722, #1268, #3003, #6165 ) ) ;
#5577 = LINE ( 'NONE', #5633, #4298 ) ;
#5578 = EDGE_LOOP ( 'NONE', ( #3342, #9323, #7954, #6525 ) ) ;
#5579 = EDGE_CURVE ( 'NONE', #3183, #7678, #3617, .T. ) ;
#5580 = ORIENTED_EDGE ( 'NONE', *, *, #4189, .T. ) ;
#5581 = CARTESIAN_POINT ( 'NONE',  ( 43.21310312740499882, 18.94972790725422485, 37.78689687259461749 ) ) ;
#5582 = CARTESIAN_POINT ( 'NONE',  ( -19.19056600552722358, 8.566080860090853122, 34.80943399447238562 ) ) ;
#5583 = ORIENTED_EDGE ( 'NONE', *, *, #6947, .T. ) ;
#5584 = DIRECTION ( 'NONE',  ( -0.000000000000000000, 0.1391731009600706559, -0.9902680687415695848 ) ) ;
#5585 = ORIENTED_EDGE ( 'NONE', *, *, #1002, .T. ) ;
#5586 = ORIENTED_EDGE ( 'NONE', *, *, #5243, .F. ) ;
#5587 = ORIENTED_EDGE ( 'NONE', *, *, #9966, .F. ) ;
#5588 = CARTESIAN_POINT ( 'NONE',  ( 45.54999999999999005, 10.80000000000000071, 35.44999999999961204 ) ) ;
#5589 = EDGE_CURVE ( 'NONE', #5501, #3208, #6164, .T. ) ;
#5590 = PLANE ( 'NONE',  #3203 ) ;
#5591 = EDGE_CURVE ( 'NONE', #7564, #11035, #8943, .T. ) ;
#5592 = EDGE_CURVE ( 'NONE', #10727, #8100, #7316, .T. ) ;
#5593 = VERTEX_POINT ( 'NONE', #9006 ) ;
#5594 = CARTESIAN_POINT ( 'NONE',  ( -0.5500000000000088152, 82.98258077199005811, -35.45000000000000284 ) ) ;
#5595 = CARTESIAN_POINT ( 'NONE',  ( -6.264286400007871514, 22.25864506693675438, 26.58211138907232751 ) ) ;
#5596 = ORIENTED_EDGE ( 'NONE', *, *, #10140, .T. ) ;
#5597 = PLANE ( 'NONE',  #10009 ) ;
#5598 = DIRECTION ( 'NONE',  ( 1.000000000000000000, 0.000000000000000000, 0.000000000000000000 ) ) ;
#5599 = EDGE_LOOP ( 'NONE', ( #3514, #5531, #5965, #7873 ) ) ;
#5600 = VERTEX_POINT ( 'NONE', #2705 ) ;
#5601 = FACE_OUTER_BOUND ( 'NONE', #8936, .T. ) ;
#5602 = CARTESIAN_POINT ( 'NONE',  ( -60.00000000000000000, 7.500000000000000000, 8.000000000000000000 ) ) ;
#5603 = ADVANCED_FACE ( 'NONE', ( #10096 ), #11671, .T. ) ;
#5604 = VECTOR ( 'NONE', #2097, 1000.000000000000114 ) ;
#5605 = DIRECTION ( 'NONE',  ( 0.000000000000000000, 0.000000000000000000, -1.000000000000000000 ) ) ;
#5606 = ORIENTED_EDGE ( 'NONE', *, *, #5990, .F. ) ;
#5607 = DIRECTION ( 'NONE',  ( 0.000000000000000000, -0.2756373558170042704, 0.9612616959383174509 ) ) ;
#5608 = LINE ( 'NONE', #9300, #10715 ) ;
#5609 = VERTEX_POINT ( 'NONE', #5431 ) ;
#5610 = CARTESIAN_POINT ( 'NONE',  ( 55.00000000000000000, 7.500000000000000000, -41.00000000000000000 ) ) ;
#5611 = EDGE_CURVE ( 'NONE', #11584, #2480, #9069, .T. ) ;
#5612 = ORIENTED_EDGE ( 'NONE', *, *, #872, .F. ) ;
#5613 = LINE ( 'NONE', #2934, #11493 ) ;
#5614 = CARTESIAN_POINT ( 'NONE',  ( 3.297109446132200805, 1.219690838746894768, -23.70289055386817267 ) ) ;
#5615 = ORIENTED_EDGE ( 'NONE', *, *, #8359, .F. ) ;
#5616 = CARTESIAN_POINT ( 'NONE',  ( 40.07937528197223287, 29.75245638442227047, -13.11547058297211876 ) ) ;
#5617 = DIRECTION ( 'NONE',  ( 1.000000000000000000, 0.000000000000000000, 0.000000000000000000 ) ) ;
#5618 = DIRECTION ( 'NONE',  ( 0.000000000000000000, -0.000000000000000000, 1.000000000000000000 ) ) ;
#5619 = EDGE_CURVE ( 'NONE', #3753, #8435, #823, .T. ) ;
#5620 = DIRECTION ( 'NONE',  ( 0.000000000000000000, -0.000000000000000000, -1.000000000000000000 ) ) ;
#5621 = ORIENTED_EDGE ( 'NONE', *, *, #8752, .T. ) ;
#5622 = CARTESIAN_POINT ( 'NONE',  ( -2.375000000000005773, 7.500000000000000000, 7.503740226995549101 ) ) ;
#5623 = CARTESIAN_POINT ( 'NONE',  ( 24.62500000000000000, 10.53731005528970144, 0.6253251295305130020 ) ) ;
#5624 = ORIENTED_EDGE ( 'NONE', *, *, #7051, .F. ) ;
#5625 = EDGE_CURVE ( 'NONE', #1133, #4336, #5313, .T. ) ;
#5626 = LINE ( 'NONE', #1924, #2392 ) ;
#5627 = FACE_OUTER_BOUND ( 'NONE', #320, .T. ) ;
#5628 = LINE ( 'NONE', #8352, #1770 ) ;
#5629 = ADVANCED_FACE ( 'NONE', ( #7186 ), #2579, .F. ) ;
#5630 = DIRECTION ( 'NONE',  ( 0.000000000000000000, 0.000000000000000000, 1.000000000000000000 ) ) ;
#5631 = EDGE_CURVE ( 'NONE', #7091, #2257, #9849, .T. ) ;
#5632 = EDGE_LOOP ( 'NONE', ( #5802, #5984, #260, #4188 ) ) ;
#5633 = CARTESIAN_POINT ( 'NONE',  ( -24.62500000000000000, 10.53731005528969256, -33.62500000000000000 ) ) ;
#5634 = ORIENTED_EDGE ( 'NONE', *, *, #2959, .T. ) ;
#5635 = VERTEX_POINT ( 'NONE', #9973 ) ;
#5636 = FACE_OUTER_BOUND ( 'NONE', #4876, .T. ) ;
#5637 = DIRECTION ( 'NONE',  ( -0.2386847610229713423, 0.8323926831162092865, 0.5001519828512179799 ) ) ;
#5638 = ORIENTED_EDGE ( 'NONE', *, *, #7444, .F. ) ;
#5639 = DIRECTION ( 'NONE',  ( -1.000000000000000000, 0.000000000000000000, 0.000000000000000000 ) ) ;
#5640 = DIRECTION ( 'NONE',  ( -0.000000000000000000, -0.2756373558170042704, -0.9612616959383174509 ) ) ;
#5642 = ORIENTED_EDGE ( 'NONE', *, *, #4216, .T. ) ;
#5641 = EDGE_CURVE ( 'NONE', #6711, #1437, #5245, .T. ) ;
#5643 = VECTOR ( 'NONE', #8398, 1000.000000000000227 ) ;
#5644 = DIRECTION ( 'NONE',  ( -0.000000000000000000, -0.000000000000000000, 1.000000000000000000 ) ) ;
#5645 = EDGE_LOOP ( 'NONE', ( #2635, #3326, #3412, #1257 ) ) ;
#5646 = CARTESIAN_POINT ( 'NONE',  ( 0.000000000000000000, 10.80000000000000071, -33.62500000000000000 ) ) ;
#5647 = LINE ( 'NONE', #1090, #3793 ) ;
#5648 = EDGE_LOOP ( 'NONE', ( #118, #11022, #4089, #7909 ) ) ;
#5649 = CARTESIAN_POINT ( 'NONE',  ( -52.80943399447264142, 8.566080860090416138, 0.000000000000000000 ) ) ;
#5650 = PLANE ( 'NONE',  #2601 ) ;
#5651 = ORIENTED_EDGE ( 'NONE', *, *, #3980, .T. ) ;
#5652 = VECTOR ( 'NONE', #512, 1000.000000000000114 ) ;
#5653 = FACE_OUTER_BOUND ( 'NONE', #5632, .T. ) ;
#5654 = CARTESIAN_POINT ( 'NONE',  ( 9.550000000000002487, 10.80000000000000426, -33.62500000000000000 ) ) ;
#5655 = ORIENTED_EDGE ( 'NONE', *, *, #7403, .F. ) ;
#5656 = EDGE_LOOP ( 'NONE', ( #8515, #9745, #6828, #11288 ) ) ;
#5657 = CARTESIAN_POINT ( 'NONE',  ( -2.375000000000005773, 7.500000000000000000, 19.49625977300367552 ) ) ;
#5658 = DIRECTION ( 'NONE',  ( -1.000000000000000000, 0.000000000000000000, -0.000000000000000000 ) ) ;
#5659 = EDGE_CURVE ( 'NONE', #2486, #8610, #8036, .T. ) ;
#5660 = VECTOR ( 'NONE', #11233, 1000.000000000000227 ) ;
#5661 = LINE ( 'NONE', #9645, #5465 ) ;
#5662 = ORIENTED_EDGE ( 'NONE', *, *, #3945, .T. ) ;
#5663 = AXIS2_PLACEMENT_3D ( 'NONE', #8488, #10300, #8370 ) ;
#5664 = CARTESIAN_POINT ( 'NONE',  ( 45.54999999999999005, 10.80000000000000071, -8.450000000000388312 ) ) ;
#5665 = FACE_OUTER_BOUND ( 'NONE', #8056, .T. ) ;
#5666 = ORIENTED_EDGE ( 'NONE', *, *, #4630, .F. ) ;
#5667 = CARTESIAN_POINT ( 'NONE',  ( 29.37500000000000000, 10.53731005528967479, 9.625325129530525103 ) ) ;
#5668 = ORIENTED_EDGE ( 'NONE', *, *, #3098, .T. ) ;
#5669 = DIRECTION ( 'NONE',  ( 0.000000000000000000, -0.9612616959383174509, 0.2756373558170042704 ) ) ;
#5670 = DIRECTION ( 'NONE',  ( 0.000000000000000000, 0.000000000000000000, -1.000000000000000000 ) ) ;
#5671 = ORIENTED_EDGE ( 'NONE', *, *, #9995, .F. ) ;
#5672 = VECTOR ( 'NONE', #4055, 1000.000000000000114 ) ;
#5673 = EDGE_CURVE ( 'NONE', #2313, #8126, #10822, .T. ) ;
#5674 = DIRECTION ( 'NONE',  ( 0.000000000000000000, 0.000000000000000000, -1.000000000000000000 ) ) ;
#5675 = ADVANCED_FACE ( 'NONE', ( #9910 ), #1604, .T. ) ;
#5676 = EDGE_CURVE ( 'NONE', #8193, #8889, #4465, .T. ) ;
#5677 = FACE_OUTER_BOUND ( 'NONE', #1333, .T. ) ;
#5678 = VECTOR ( 'NONE', #3051, 1000.000000000000000 ) ;
#5679 = LINE ( 'NONE', #9374, #1417 ) ;
#5680 = PLANE ( 'NONE',  #8835 ) ;
#5681 = VERTEX_POINT ( 'NONE', #10947 ) ;
#5682 = DIRECTION ( 'NONE',  ( 0.2756373558170042704, 0.9612616959383174509, 0.000000000000000000 ) ) ;
#5683 = DIRECTION ( 'NONE',  ( 0.000000000000000000, -0.9612616959383180060, -0.2756373558170023830 ) ) ;
#5684 = ORIENTED_EDGE ( 'NONE', *, *, #1441, .T. ) ;
#5685 = PLANE ( 'NONE',  #3138 ) ;
#5686 = VECTOR ( 'NONE', #7425, 1000.000000000000227 ) ;
#5687 = VECTOR ( 'NONE', #6725, 1000.000000000000114 ) ;
#5688 = LINE ( 'NONE', #11141, #8156 ) ;
#5689 = EDGE_CURVE ( 'NONE', #3677, #8267, #2642, .T. ) ;
#5690 = AXIS2_PLACEMENT_3D ( 'NONE', #4087, #2267, #1474 ) ;
#5691 = DIRECTION ( 'NONE',  ( -0.9612616959383174509, -0.2756373558170042704, 0.000000000000000000 ) ) ;
#5692 = EDGE_CURVE ( 'NONE', #1267, #7719, #4828, .T. ) ;
#5693 = ORIENTED_EDGE ( 'NONE', *, *, #6035, .F. ) ;
#5694 = PLANE ( 'NONE',  #5853 ) ;
#5695 = EDGE_CURVE ( 'NONE', #3510, #1921, #8341, .T. ) ;
#5696 = ADVANCED_FACE ( 'NONE', ( #9258 ), #7373, .F. ) ;
#5697 = VECTOR ( 'NONE', #4356, 1000.000000000000114 ) ;
#5698 = VERTEX_POINT ( 'NONE', #3734 ) ;
#5699 = VERTEX_POINT ( 'NONE', #9196 ) ;
#5700 = VECTOR ( 'NONE', #7736, 1000.000000000000000 ) ;
#5701 = FACE_OUTER_BOUND ( 'NONE', #5869, .T. ) ;
#5702 = DIRECTION ( 'NONE',  ( 0.000000000000000000, 0.5150380749100545996, 0.8571673007021120005 ) ) ;
#5703 = VERTEX_POINT ( 'NONE', #6590 ) ;
#5704 =( GEOMETRIC_REPRESENTATION_CONTEXT ( 3 ) GLOBAL_UNCERTAINTY_ASSIGNED_CONTEXT ( ( #3041 ) ) GLOBAL_UNIT_ASSIGNED_CONTEXT ( ( #10741, #4254, #11824 ) ) REPRESENTATION_CONTEXT ( 'NONE', 'WORKASPACE' ) );
#5705 = LINE ( 'NONE', #967, #7888 ) ;
#5706 = PLANE ( 'NONE',  #1603 ) ;
#5707 = ORIENTED_EDGE ( 'NONE', *, *, #2301, .T. ) ;
#5708 = CARTESIAN_POINT ( 'NONE',  ( 61.43449314192414334, 10.49999999999999822, -33.36342533005872468 ) ) ;
#5709 = ORIENTED_EDGE ( 'NONE', *, *, #2844, .T. ) ;
#5710 = DIRECTION ( 'NONE',  ( -0.000000000000000000, -0.000000000000000000, 1.000000000000000000 ) ) ;
#5711 = DIRECTION ( 'NONE',  ( 2.296445157324517257E-16, 0.5150380749100545996, -0.8571673007021120005 ) ) ;
#5712 = AXIS2_PLACEMENT_3D ( 'NONE', #11452, #3211, #7882 ) ;
#5713 = DIRECTION ( 'NONE',  ( 0.000000000000000000, 0.000000000000000000, -1.000000000000000000 ) ) ;
#5714 = AXIS2_PLACEMENT_3D ( 'NONE', #1384, #5886, #4920 ) ;
#5715 = EDGE_CURVE ( 'NONE', #10139, #5635, #8523, .T. ) ;
#5716 = ORIENTED_EDGE ( 'NONE', *, *, #992, .F. ) ;
#5717 = CARTESIAN_POINT ( 'NONE',  ( 16.50374022699593723, 7.500000000000000000, -33.62500000000000000 ) ) ;
#5718 = LINE ( 'NONE', #8376, #9381 ) ;
#5719 = ORIENTED_EDGE ( 'NONE', *, *, #2056, .T. ) ;
#5720 = PLANE ( 'NONE',  #5175 ) ;
#5721 = PLANE ( 'NONE',  #9744 ) ;
#5722 = ORIENTED_EDGE ( 'NONE', *, *, #10832, .T. ) ;
#5723 = ORIENTED_EDGE ( 'NONE', *, *, #10315, .T. ) ;
#5724 = PLANE ( 'NONE',  #2707 ) ;
#5725 = CARTESIAN_POINT ( 'NONE',  ( -43.50374022699593013, 7.500000000000000000, 0.000000000000000000 ) ) ;
#5726 = EDGE_CURVE ( 'NONE', #10629, #7691, #3006, .T. ) ;
#5727 = FACE_OUTER_BOUND ( 'NONE', #7688, .T. ) ;
#5728 = ORIENTED_EDGE ( 'NONE', *, *, #7611, .T. ) ;
#5729 = CARTESIAN_POINT ( 'NONE',  ( 46.19056600552747227, 8.566080860090005800, -34.80943399447291142 ) ) ;
#5730 = CARTESIAN_POINT ( 'NONE',  ( 28.19056600552735503, 8.566080860090398374, 0.000000000000000000 ) ) ;
#5731 = ORIENTED_EDGE ( 'NONE', *, *, #10902, .T. ) ;
#5732 = EDGE_CURVE ( 'NONE', #7863, #8235, #8286, .T. ) ;
#5733 = CARTESIAN_POINT ( 'NONE',  ( -6.964775456032696207E-16, 8.566080860090862004, 34.80943399447238562 ) ) ;
#5734 = ORIENTED_EDGE ( 'NONE', *, *, #1794, .F. ) ;
#5735 = LINE ( 'NONE', #3001, #4544 ) ;
#5736 = FACE_OUTER_BOUND ( 'NONE', #2084, .T. ) ;
#5737 = ORIENTED_EDGE ( 'NONE', *, *, #11535, .T. ) ;
#5738 = PLANE ( 'NONE',  #2937 ) ;
#5739 = EDGE_CURVE ( 'NONE', #4272, #7719, #209, .T. ) ;
#5740 = VECTOR ( 'NONE', #10007, 1000.000000000000000 ) ;
#5741 = DIRECTION ( 'NONE',  ( -1.000000000000000000, 0.000000000000000000, 0.000000000000000000 ) ) ;
#5742 = CARTESIAN_POINT ( 'NONE',  ( 10.49625977300407165, 7.500000000000000000, -33.62500000000000000 ) ) ;
#5743 = CARTESIAN_POINT ( 'NONE',  ( -47.73571359999211694, 22.25864506693675082, 26.58211138907230975 ) ) ;
#5744 = VERTEX_POINT ( 'NONE', #6473 ) ;
#5745 = VECTOR ( 'NONE', #10599, 1000.000000000000000 ) ;
#5746 =( NAMED_UNIT ( * ) PLANE_ANGLE_UNIT ( ) SI_UNIT ( $, .RADIAN. ) );
#5747 = LINE ( 'NONE', #9437, #9463 ) ;
#5748 = ORIENTED_EDGE ( 'NONE', *, *, #8239, .T. ) ;
#5749 = DIRECTION ( 'NONE',  ( 0.000000000000000000, -0.2756373558170040483, 0.9612616959383175619 ) ) ;
#5750 = FACE_OUTER_BOUND ( 'NONE', #6965, .T. ) ;
#5751 = VECTOR ( 'NONE', #4411, 1000.000000000000000 ) ;
#5753 = ORIENTED_EDGE ( 'NONE', *, *, #3388, .T. ) ;
#5752 = EDGE_CURVE ( 'NONE', #4215, #6973, #1003, .T. ) ;
#5754 = DIRECTION ( 'NONE',  ( 0.000000000000000000, 0.000000000000000000, 1.000000000000000000 ) ) ;
#5755 = ORIENTED_EDGE ( 'NONE', *, *, #453, .T. ) ;
#5756 = ORIENTED_EDGE ( 'NONE', *, *, #5352, .F. ) ;
#5757 = DIRECTION ( 'NONE',  ( -1.000000000000000000, 0.000000000000000000, 0.000000000000000000 ) ) ;
#5758 = CARTESIAN_POINT ( 'NONE',  ( 0.4124163967275037423, 7.271022431965715960, -7.438081965920221528 ) ) ;
#5759 = EDGE_LOOP ( 'NONE', ( #6428, #7987, #3096, #10987 ) ) ;
#5760 = DIRECTION ( 'NONE',  ( 0.000000000000000000, -0.2756373558170042704, 0.9612616959383174509 ) ) ;
#5761 = DIRECTION ( 'NONE',  ( -0.000000000000000000, 0.000000000000000000, 1.000000000000000000 ) ) ;
#5762 = AXIS2_PLACEMENT_3D ( 'NONE', #1780, #9459, #5713 ) ;
#5763 = VECTOR ( 'NONE', #11284, 1000.000000000000114 ) ;
#5764 = EDGE_CURVE ( 'NONE', #5957, #1752, #11065, .T. ) ;
#5765 = LINE ( 'NONE', #1142, #9539 ) ;
#5766 = EDGE_LOOP ( 'NONE', ( #10626, #10771, #8447, #8030 ) ) ;
#5767 = CARTESIAN_POINT ( 'NONE',  ( 61.85875721063607102, 9.899999999999975486, -33.78768939877064525 ) ) ;
#5768 = CARTESIAN_POINT ( 'NONE',  ( -2.375000000000005773, 10.80000000000000426, 33.62500000000000000 ) ) ;
#5769 = CARTESIAN_POINT ( 'NONE',  ( 57.89895923599141980, 9.099999999999983658, -36.89895923599146954 ) ) ;
#5770 = VECTOR ( 'NONE', #7551, 1000.000000000000227 ) ;
#5771 = VERTEX_POINT ( 'NONE', #7433 ) ;
#5772 = DIRECTION ( 'NONE',  ( -1.000000000000000000, 3.018354541273066194E-16, -8.654992372942126676E-17 ) ) ;
#5773 = CARTESIAN_POINT ( 'NONE',  ( 52.80943399447264852, 8.566080860090412585, -1.190566005527733839 ) ) ;
#5774 = VERTEX_POINT ( 'NONE', #11190 ) ;
#5775 = FACE_OUTER_BOUND ( 'NONE', #8131, .T. ) ;
#5776 = CARTESIAN_POINT ( 'NONE',  ( 29.37500000000000000, 10.80000000000000071, 0.000000000000000000 ) ) ;
#5777 = ORIENTED_EDGE ( 'NONE', *, *, #11023, .F. ) ;
#5778 = ORIENTED_EDGE ( 'NONE', *, *, #1573, .F. ) ;
#5779 = DIRECTION ( 'NONE',  ( 0.000000000000000000, -0.9612616959383174509, -0.2756373558170042704 ) ) ;
#5780 = EDGE_CURVE ( 'NONE', #6692, #1805, #3795, .T. ) ;
#5781 = CARTESIAN_POINT ( 'NONE',  ( -2.375000000000005773, 10.80000000000000071, 0.000000000000000000 ) ) ;
#5782 = CARTESIAN_POINT ( 'NONE',  ( 0.000000000000000000, 7.500000000000000000, -34.50374022699632093 ) ) ;
#5783 = ORIENTED_EDGE ( 'NONE', *, *, #2956, .T. ) ;
#5784 = LINE ( 'NONE', #989, #6646 ) ;
#5785 = PLANE ( 'NONE',  #2593 ) ;
#5786 = ORIENTED_EDGE ( 'NONE', *, *, #5870, .F. ) ;
#5787 = DIRECTION ( 'NONE',  ( -1.000000000000000000, 0.000000000000000000, 0.000000000000000000 ) ) ;
#5788 = ORIENTED_EDGE ( 'NONE', *, *, #7961, .F. ) ;
#5789 = LINE ( 'NONE', #1116, #5514 ) ;
#5790 = CARTESIAN_POINT ( 'NONE',  ( -26.45000000000000284, 82.98258077199005811, -35.44999999999999574 ) ) ;
#5791 = VERTEX_POINT ( 'NONE', #10164 ) ;
#5792 = ADVANCED_FACE ( 'NONE', ( #1857 ), #2881, .T. ) ;
#5793 = VECTOR ( 'NONE', #6821, 1000.000000000000114 ) ;
#5794 = LINE ( 'NONE', #11417, #10099 ) ;
#5795 = EDGE_CURVE ( 'NONE', #2335, #362, #9430, .T. ) ;
#5796 = DIRECTION ( 'NONE',  ( -0.000000000000000000, -0.000000000000000000, 1.000000000000000000 ) ) ;
#5797 = LINE ( 'NONE', #5742, #9550 ) ;
#5798 = LINE ( 'NONE', #1183, #11747 ) ;
#5799 = VECTOR ( 'NONE', #97, 1000.000000000000114 ) ;
#5800 = VERTEX_POINT ( 'NONE', #2826 ) ;
#5801 = DIRECTION ( 'NONE',  ( 0.000000000000000000, 0.000000000000000000, -1.000000000000000000 ) ) ;
#5802 = ORIENTED_EDGE ( 'NONE', *, *, #4494, .F. ) ;
#5803 = DIRECTION ( 'NONE',  ( 0.2657276780299897001, -0.9267025424900808828, 0.2657276780299897001 ) ) ;
#5804 = LINE ( 'NONE', #1250, #5833 ) ;
#5805 = VECTOR ( 'NONE', #6390, 1000.000000000000000 ) ;
#5806 = ORIENTED_EDGE ( 'NONE', *, *, #10246, .T. ) ;
#5807 = DIRECTION ( 'NONE',  ( -0.9612616959383174509, -0.2756373558170042704, 0.000000000000000000 ) ) ;
#5808 = ORIENTED_EDGE ( 'NONE', *, *, #9546, .F. ) ;
#5809 = PLANE ( 'NONE',  #1097 ) ;
#5810 = CARTESIAN_POINT ( 'NONE',  ( -23.70289055386782096, 1.219690838746989137, -21.29710944613255919 ) ) ;
#5811 = ORIENTED_EDGE ( 'NONE', *, *, #6643, .F. ) ;
#5812 = CARTESIAN_POINT ( 'NONE',  ( 0.000000000000000000, 7.500000000000000000, 19.49625977300367552 ) ) ;
#5813 = LINE ( 'NONE', #8366, #62 ) ;
#5814 = LINE ( 'NONE', #2054, #6426 ) ;
#5815 = EDGE_LOOP ( 'NONE', ( #3349, #7181, #9699, #7820 ) ) ;
#5816 = DIRECTION ( 'NONE',  ( 0.000000000000000000, -0.2756373558170021609, 0.9612616959383181170 ) ) ;
#5817 = EDGE_CURVE ( 'NONE', #5703, #1851, #10221, .T. ) ;
#5818 = CARTESIAN_POINT ( 'NONE',  ( -60.00000000000000000, 7.500000000000000000, 8.000000000000000000 ) ) ;
#5819 = DIRECTION ( 'NONE',  ( -0.2657276780299913099, 0.9267025424900799946, 0.2657276780299913099 ) ) ;
#5820 = ADVANCED_FACE ( 'NONE', ( #5677 ), #9372, .F. ) ;
#5821 = EDGE_CURVE ( 'NONE', #2861, #430, #2033, .T. ) ;
#5822 = VERTEX_POINT ( 'NONE', #11250 ) ;
#5823 = LINE ( 'NONE', #2065, #8648 ) ;
#5824 = PLANE ( 'NONE',  #5714 ) ;
#5825 = ORIENTED_EDGE ( 'NONE', *, *, #1307, .F. ) ;
#5826 = CARTESIAN_POINT ( 'NONE',  ( -24.62500000000000000, 10.80000000000000426, -18.55000000000037730 ) ) ;
#5827 = CARTESIAN_POINT ( 'NONE',  ( 2.375000000000005773, 10.80000000000000426, 33.62500000000000000 ) ) ;
#5828 = VERTEX_POINT ( 'NONE', #2940 ) ;
#5829 = VERTEX_POINT ( 'NONE', #6645 ) ;
#5830 = LINE ( 'NONE', #7654, #2124 ) ;
#5831 = DIRECTION ( 'NONE',  ( 1.000000000000000000, 0.000000000000000000, 0.000000000000000000 ) ) ;
#5832 = ADVANCED_FACE ( 'NONE', ( #2092 ), #8810, .F. ) ;
#5833 = VECTOR ( 'NONE', #1305, 1000.000000000000000 ) ;
#5834 = DIRECTION ( 'NONE',  ( 0.5001519828512179799, -0.8323926831162092865, -0.2386847610229711203 ) ) ;
#5835 = ORIENTED_EDGE ( 'NONE', *, *, #11518, .T. ) ;
#5836 = FACE_OUTER_BOUND ( 'NONE', #613, .T. ) ;
#5837 = CARTESIAN_POINT ( 'NONE',  ( 2.375000000000005773, 7.500000000000000000, -1.496259773004444904 ) ) ;
#5838 = EDGE_LOOP ( 'NONE', ( #5186, #1932, #6367, #9027 ) ) ;
#5839 = ADVANCED_FACE ( 'NONE', ( #3178 ), #10508, .F. ) ;
#5840 = EDGE_CURVE ( 'NONE', #6312, #2591, #440, .T. ) ;
#5841 = VECTOR ( 'NONE', #1650, 1000.000000000000000 ) ;
#5842 = LINE ( 'NONE', #1288, #11299 ) ;
#5843 = ADVANCED_FACE ( 'NONE', ( #4887 ), #9604, .F. ) ;
#5844 = ORIENTED_EDGE ( 'NONE', *, *, #7857, .F. ) ;
#5845 = CARTESIAN_POINT ( 'NONE',  ( 2.375000000000005773, 10.80000000000000426, 33.62500000000000000 ) ) ;
#5846 = LINE ( 'NONE', #3058, #4674 ) ;
#5847 = ORIENTED_EDGE ( 'NONE', *, *, #9101, .T. ) ;
#5848 = VECTOR ( 'NONE', #4128, 1000.000000000000114 ) ;
#5849 = VECTOR ( 'NONE', #9711, 1000.000000000000000 ) ;
#5850 = CARTESIAN_POINT ( 'NONE',  ( 29.37500000000000000, 10.53731005528968012, 33.62500000000000000 ) ) ;
#5851 = FACE_OUTER_BOUND ( 'NONE', #8920, .T. ) ;
#5852 = EDGE_CURVE ( 'NONE', #1504, #7601, #7727, .T. ) ;
#5853 = AXIS2_PLACEMENT_3D ( 'NONE', #7626, #11379, #10411 ) ;
#5854 = CARTESIAN_POINT ( 'NONE',  ( -53.24489371323137021, 10.08470937300049464, 9.755106286768237212 ) ) ;
#5855 = AXIS2_PLACEMENT_3D ( 'NONE', #2344, #1439, #1373 ) ;
#5856 = ORIENTED_EDGE ( 'NONE', *, *, #2077, .T. ) ;
#5857 = FACE_OUTER_BOUND ( 'NONE', #3505, .T. ) ;
#5858 = ORIENTED_EDGE ( 'NONE', *, *, #208, .T. ) ;
#5859 = DIRECTION ( 'NONE',  ( -1.000000000000000000, -0.000000000000000000, -0.000000000000000000 ) ) ;
#5860 = VECTOR ( 'NONE', #8428, 1000.000000000000114 ) ;
#5861 = CARTESIAN_POINT ( 'NONE',  ( -45.54999999999999005, 10.80000000000000426, 33.62500000000000000 ) ) ;
#5862 = VECTOR ( 'NONE', #3543, 999.9999999999998863 ) ;
#5863 = PLANE ( 'NONE',  #11309 ) ;
#5864 = ORIENTED_EDGE ( 'NONE', *, *, #5415, .F. ) ;
#5865 = DIRECTION ( 'NONE',  ( 1.000000000000000000, 6.036709082546132388E-16, 1.730998474588425335E-16 ) ) ;
#5866 = VERTEX_POINT ( 'NONE', #329 ) ;
#5867 = CARTESIAN_POINT ( 'NONE',  ( -57.99999999999999289, 7.500000000000000000, 8.000000000000000000 ) ) ;
#5868 = PLANE ( 'NONE',  #2404 ) ;
#5869 = EDGE_LOOP ( 'NONE', ( #7462, #10502, #2452, #912 ) ) ;
#5870 = EDGE_CURVE ( 'NONE', #11705, #445, #3063, .T. ) ;
#5871 = DIRECTION ( 'NONE',  ( -0.000000000000000000, -0.2756373558170040483, -0.9612616959383175619 ) ) ;
#5872 = VECTOR ( 'NONE', #10998, 1000.000000000000000 ) ;
#5873 = DIRECTION ( 'NONE',  ( 0.000000000000000000, 0.000000000000000000, -1.000000000000000000 ) ) ;
#5874 = CARTESIAN_POINT ( 'NONE',  ( -19.83347944262236240, 18.51173940819400698, -10.66130569147442486 ) ) ;
#5875 = VERTEX_POINT ( 'NONE', #6760 ) ;
#5876 = VECTOR ( 'NONE', #4958, 1000.000000000000114 ) ;
#5877 = LINE ( 'NONE', #9573, #5672 ) ;
#5878 = DIRECTION ( 'NONE',  ( -0.1378445374916336952, 0.9808148484639876985, 0.1378445374916336952 ) ) ;
#5879 = DIRECTION ( 'NONE',  ( 0.000000000000000000, -0.000000000000000000, -1.000000000000000000 ) ) ;
#5880 = EDGE_CURVE ( 'NONE', #11771, #9693, #8585, .T. ) ;
#5881 = VECTOR ( 'NONE', #7167, 1000.000000000000000 ) ;
#5882 = ORIENTED_EDGE ( 'NONE', *, *, #8342, .F. ) ;
#5883 = VECTOR ( 'NONE', #1847, 1000.000000000000000 ) ;
#5884 = ORIENTED_EDGE ( 'NONE', *, *, #4701, .F. ) ;
#5885 = DIRECTION ( 'NONE',  ( -0.5150380749100545996, -0.8571673007021120005, 0.000000000000000000 ) ) ;
#5886 = DIRECTION ( 'NONE',  ( 0.000000000000000000, -0.2756373558170023830, 0.9612616959383180060 ) ) ;
#5887 = ORIENTED_EDGE ( 'NONE', *, *, #189, .T. ) ;
#5888 = DIRECTION ( 'NONE',  ( 0.2657276780299913099, 0.9267025424900799946, 0.2657276780299913099 ) ) ;
#5889 = DIRECTION ( 'NONE',  ( -1.000000000000000000, 0.000000000000000000, 0.000000000000000000 ) ) ;
#5890 = ORIENTED_EDGE ( 'NONE', *, *, #11899, .T. ) ;
#5891 = AXIS2_PLACEMENT_3D ( 'NONE', #10362, #3822, #1996 ) ;
#5892 = ORIENTED_EDGE ( 'NONE', *, *, #7268, .F. ) ;
#5893 = CARTESIAN_POINT ( 'NONE',  ( -2.375000000000005773, 10.53731005528968723, -27.62532512953129427 ) ) ;
#5894 = VECTOR ( 'NONE', #4750, 1000.000000000000114 ) ;
#5895 = CARTESIAN_POINT ( 'NONE',  ( -27.54999999999999361, 10.80000000000000071, -26.45000000000038298 ) ) ;
#5896 = VECTOR ( 'NONE', #7275, 1000.000000000000000 ) ;
#5897 = EDGE_CURVE ( 'NONE', #4384, #4362, #6997, .T. ) ;
#5898 = CARTESIAN_POINT ( 'NONE',  ( 25.80943399447264142, 8.566080860090405480, 28.19056600552696779 ) ) ;
#5899 = ORIENTED_EDGE ( 'NONE', *, *, #804, .T. ) ;
#5900 = ADVANCED_FACE ( 'NONE', ( #5851 ), #7672, .F. ) ;
#5901 = CARTESIAN_POINT ( 'NONE',  ( 18.54999999999999716, 10.80000000000000071, -8.450000000000388312 ) ) ;
#5902 = SURFACE_STYLE_USAGE ( .BOTH. , #2197 ) ;
#5903 = ORIENTED_EDGE ( 'NONE', *, *, #5795, .F. ) ;
#5904 = CARTESIAN_POINT ( 'NONE',  ( 52.80943399447264852, 8.566080860090407256, 7.809433994472261276 ) ) ;
#5905 = ORIENTED_EDGE ( 'NONE', *, *, #5852, .T. ) ;
#5906 = CARTESIAN_POINT ( 'NONE',  ( -1.190566005527356142, 8.566080860090391269, 0.000000000000000000 ) ) ;
#5907 = LINE ( 'NONE', #6087, #390 ) ;
#5908 = VERTEX_POINT ( 'NONE', #7846 ) ;
#5909 = ADVANCED_FACE ( 'NONE', ( #6877 ), #4031, .F. ) ;
#5910 = PLANE ( 'NONE',  #7968 ) ;
#5911 = DIRECTION ( 'NONE',  ( -1.000000000000000000, 0.000000000000000000, 0.000000000000000000 ) ) ;
#5912 = CARTESIAN_POINT ( 'NONE',  ( 46.49625977300406277, 7.500000000000000000, 0.000000000000000000 ) ) ;
#5913 = EDGE_LOOP ( 'NONE', ( #862, #5565, #4423, #11590 ) ) ;
#5914 = LINE ( 'NONE', #11544, #6919 ) ;
#5915 = ORIENTED_EDGE ( 'NONE', *, *, #9819, .T. ) ;
#5916 = VECTOR ( 'NONE', #8255, 1000.000000000000000 ) ;
#5917 = EDGE_CURVE ( 'NONE', #250, #1380, #11418, .T. ) ;
#5918 = DIRECTION ( 'NONE',  ( -0.000000000000000000, 0.000000000000000000, 1.000000000000000000 ) ) ;
#5919 = EDGE_CURVE ( 'NONE', #10215, #1582, #11536, .T. ) ;
#5920 = DIRECTION ( 'NONE',  ( 0.7071067811865474617, 0.000000000000000000, -0.7071067811865474617 ) ) ;
#5921 = ORIENTED_EDGE ( 'NONE', *, *, #7976, .F. ) ;
#5922 = LINE ( 'NONE', #9727, #4700 ) ;
#5923 = ORIENTED_EDGE ( 'NONE', *, *, #11128, .T. ) ;
#5924 = VECTOR ( 'NONE', #137, 1000.000000000000000 ) ;
#5925 = FACE_OUTER_BOUND ( 'NONE', #7346, .T. ) ;
#5926 = CARTESIAN_POINT ( 'NONE',  ( 2.661608656291305941, 3.435945472310297788, -15.33839134370907686 ) ) ;
#5927 = EDGE_LOOP ( 'NONE', ( #1465, #11530, #4152, #10571 ) ) ;
#5928 = CARTESIAN_POINT ( 'NONE',  ( -53.44999999999999574, 10.80000000000000071, 0.5499999999996132427 ) ) ;
#5929 = CARTESIAN_POINT ( 'NONE',  ( 51.62500000000000000, 10.53731005528969256, -33.62500000000000000 ) ) ;
#5930 = DIRECTION ( 'NONE',  ( 0.4999999999999957256, 0.7071067811865535679, -0.4999999999999957256 ) ) ;
#5931 = ORIENTED_EDGE ( 'NONE', *, *, #7106, .T. ) ;
#5932 = DIRECTION ( 'NONE',  ( -0.7071067811865474617, 0.000000000000000000, 0.7071067811865474617 ) ) ;
#5933 = ADVANCED_FACE ( 'NONE', ( #2323 ), #4945, .F. ) ;
#5934 = CARTESIAN_POINT ( 'NONE',  ( 40.07937528197221866, 29.75245638442229534, 4.115470582971386015 ) ) ;
#5935 = AXIS2_PLACEMENT_3D ( 'NONE', #1024, #7514, #11990 ) ;
#5936 = PLANE ( 'NONE',  #7307 ) ;
#5937 = ORIENTED_EDGE ( 'NONE', *, *, #4249, .F. ) ;
#5938 = EDGE_CURVE ( 'NONE', #8451, #9438, #11474, .T. ) ;
#5939 = ORIENTED_EDGE ( 'NONE', *, *, #3806, .F. ) ;
#5940 = FACE_OUTER_BOUND ( 'NONE', #4224, .T. ) ;
#5941 = CARTESIAN_POINT ( 'NONE',  ( -2.375000000000005773, 7.500000000000000000, -16.50374022699631382 ) ) ;
#5942 = ORIENTED_EDGE ( 'NONE', *, *, #11534, .T. ) ;
#5943 = VECTOR ( 'NONE', #9807, 1000.000000000000000 ) ;
#5944 = VECTOR ( 'NONE', #10615, 1000.000000000000000 ) ;
#5945 = CARTESIAN_POINT ( 'NONE',  ( 28.19056600552735148, 8.566080860090391269, 0.000000000000000000 ) ) ;
#5946 = CARTESIAN_POINT ( 'NONE',  ( 51.62500000000000000, 10.80000000000000426, 0.5499999999996132427 ) ) ;
#5947 = EDGE_CURVE ( 'NONE', #3870, #6241, #10687, .T. ) ;
#5948 = DIRECTION ( 'NONE',  ( 0.000000000000000000, 0.000000000000000000, -1.000000000000000000 ) ) ;
#5949 = VERTEX_POINT ( 'NONE', #9487 ) ;
#5950 = EDGE_LOOP ( 'NONE', ( #4705, #11093, #7322, #56 ) ) ;
#5951 = DIRECTION ( 'NONE',  ( 0.000000000000000000, -0.9612616959383174509, 0.2756373558170042704 ) ) ;
#5952 = DIRECTION ( 'NONE',  ( 0.000000000000000000, 0.000000000000000000, -1.000000000000000000 ) ) ;
#5953 = EDGE_CURVE ( 'NONE', #975, #2582, #8695, .T. ) ;
#5954 = VECTOR ( 'NONE', #3372, 1000.000000000000000 ) ;
#5955 = VECTOR ( 'NONE', #1754, 1000.000000000000000 ) ;
#5956 = DIRECTION ( 'NONE',  ( -0.000000000000000000, -0.2756373558170042704, -0.9612616959383174509 ) ) ;
#5957 = VERTEX_POINT ( 'NONE', #2265 ) ;
#5958 = CARTESIAN_POINT ( 'NONE',  ( -26.45000000000000284, -11.50000000000000000, 35.45000000000000995 ) ) ;
#5959 = LINE ( 'NONE', #372, #1617 ) ;
#5960 = VERTEX_POINT ( 'NONE', #9780 ) ;
#5961 = DIRECTION ( 'NONE',  ( 1.000000000000000000, 0.000000000000000000, 0.000000000000000000 ) ) ;
#5962 = ORIENTED_EDGE ( 'NONE', *, *, #4289, .F. ) ;
#5963 = FACE_OUTER_BOUND ( 'NONE', #3261, .T. ) ;
#5964 = CARTESIAN_POINT ( 'NONE',  ( -24.62500000000000000, 10.53731005528969256, -33.62500000000000000 ) ) ;
#5965 = ORIENTED_EDGE ( 'NONE', *, *, #11979, .T. ) ;
#5966 = EDGE_CURVE ( 'NONE', #4117, #8679, #8871, .T. ) ;
#5967 = CARTESIAN_POINT ( 'NONE',  ( -28.19056600552735503, 8.566080860090400151, -28.19056600552774583 ) ) ;
#5968 = DIRECTION ( 'NONE',  ( -0.000000000000000000, -0.000000000000000000, 1.000000000000000000 ) ) ;
#5969 = CARTESIAN_POINT ( 'NONE',  ( 24.62500000000000000, 10.53731005528969256, -18.62532512953129071 ) ) ;
#5970 = CARTESIAN_POINT ( 'NONE',  ( -28.19056600552735503, 8.566080860090389493, 16.80943399447225062 ) ) ;
#5971 = EDGE_LOOP ( 'NONE', ( #10712, #521, #4129, #1022 ) ) ;
#5972 = ADVANCED_FACE ( 'NONE', ( #7302 ), #6153, .F. ) ;
#5973 = VERTEX_POINT ( 'NONE', #4512 ) ;
#5974 = CARTESIAN_POINT ( 'NONE',  ( -51.33839134370868607, 3.435945472310297788, -15.33839134370907686 ) ) ;
#5975 = ORIENTED_EDGE ( 'NONE', *, *, #9268, .F. ) ;
#5976 = CARTESIAN_POINT ( 'NONE',  ( -25.80943399447264142, 8.566080860090410809, 10.19056600552696956 ) ) ;
#5977 = DIRECTION ( 'NONE',  ( -0.7071067811865475727, 0.000000000000000000, 0.7071067811865475727 ) ) ;
#5978 = EDGE_CURVE ( 'NONE', #2847, #9271, #5359, .T. ) ;
#5979 = ORIENTED_EDGE ( 'NONE', *, *, #5659, .F. ) ;
#5980 = AXIS2_PLACEMENT_3D ( 'NONE', #3132, #5871, #8662 ) ;
#5981 = DIRECTION ( 'NONE',  ( 1.000000000000000000, 0.000000000000000000, 0.000000000000000000 ) ) ;
#5982 = VERTEX_POINT ( 'NONE', #2449 ) ;
#5983 = LINE ( 'NONE', #3309, #3038 ) ;
#5984 = ORIENTED_EDGE ( 'NONE', *, *, #9471, .F. ) ;
#5985 = EDGE_CURVE ( 'NONE', #4948, #7413, #5177, .T. ) ;
#5986 = LINE ( 'NONE', #7921, #2105 ) ;
#5987 = DIRECTION ( 'NONE',  ( -0.5001519828512182020, -0.8323926831162096196, -0.2386847610229696770 ) ) ;
#5988 = CARTESIAN_POINT ( 'NONE',  ( -26.45000000000000284, 10.80000000000000071, -8.450000000000388312 ) ) ;
#5989 = ORIENTED_EDGE ( 'NONE', *, *, #8720, .F. ) ;
#5990 = EDGE_CURVE ( 'NONE', #4924, #7337, #3479, .T. ) ;
#5991 = CARTESIAN_POINT ( 'NONE',  ( 2.375000000000005773, 10.80000000000000426, -17.45000000000039009 ) ) ;
#5992 = VECTOR ( 'NONE', #4983, 1000.000000000000114 ) ;
#5993 = ADVANCED_FACE ( 'NONE', ( #683 ), #8212, .F. ) ;
#5994 = DIRECTION ( 'NONE',  ( 0.000000000000000000, 0.000000000000000000, 1.000000000000000000 ) ) ;
#5995 = PLANE ( 'NONE',  #5174 ) ;
#5996 = ORIENTED_EDGE ( 'NONE', *, *, #6730, .F. ) ;
#5997 = EDGE_LOOP ( 'NONE', ( #5638, #6156, #5002, #2608 ) ) ;
#5998 = VECTOR ( 'NONE', #8712, 1000.000000000000000 ) ;
#5999 = ADVANCED_FACE ( 'NONE', ( #2565 ), #6212, .F. ) ;
#6000 = CARTESIAN_POINT ( 'NONE',  ( 28.19056600552735148, 8.566080860090391269, 0.000000000000000000 ) ) ;
#6001 = CARTESIAN_POINT ( 'NONE',  ( 25.80943399447264497, 8.566080860090412585, -28.19056600552774583 ) ) ;
#6002 = ORIENTED_EDGE ( 'NONE', *, *, #4472, .T. ) ;
#6003 = LINE ( 'NONE', #10728, #5374 ) ;
#6004 = PLANE ( 'NONE',  #4927 ) ;
#6005 = DIRECTION ( 'NONE',  ( -1.000000000000000000, 0.000000000000000000, 0.000000000000000000 ) ) ;
#6006 = ORIENTED_EDGE ( 'NONE', *, *, #7253, .T. ) ;
#6007 = VERTEX_POINT ( 'NONE', #5418 ) ;
#6008 = LINE ( 'NONE', #4014, #9096 ) ;
#6009 = DIRECTION ( 'NONE',  ( 0.000000000000000000, 0.000000000000000000, -1.000000000000000000 ) ) ;
#6010 = FACE_OUTER_BOUND ( 'NONE', #3336, .T. ) ;
#6011 = ORIENTED_EDGE ( 'NONE', *, *, #5096, .T. ) ;
#6012 = DIRECTION ( 'NONE',  ( 0.000000000000000000, 1.000000000000000000, 0.000000000000000000 ) ) ;
#6014 = VECTOR ( 'NONE', #4273, 1000.000000000000114 ) ;
#6013 = LINE ( 'NONE', #4131, #3170 ) ;
#6015 = ORIENTED_EDGE ( 'NONE', *, *, #4321, .T. ) ;
#6016 = CARTESIAN_POINT ( 'NONE',  ( 2.375000000000005773, 10.53731005528968545, 8.374674870468712840 ) ) ;
#6017 = DIRECTION ( 'NONE',  ( -0.000000000000000000, -0.000000000000000000, -1.000000000000000000 ) ) ;
#6018 = EDGE_CURVE ( 'NONE', #5774, #6204, #11834, .T. ) ;
#6019 = ORIENTED_EDGE ( 'NONE', *, *, #2959, .F. ) ;
#6020 = LINE ( 'NONE', #1290, #1336 ) ;
#6021 = CARTESIAN_POINT ( 'NONE',  ( -2.375000000000005773, 10.53731005528968545, -0.6253251295312858282 ) ) ;
#6022 = ORIENTED_EDGE ( 'NONE', *, *, #5070, .F. ) ;
#6023 = DIRECTION ( 'NONE',  ( -0.000000000000000000, 0.000000000000000000, 1.000000000000000000 ) ) ;
#6024 = VECTOR ( 'NONE', #8297, 1000.000000000000114 ) ;
#6025 = DIRECTION ( 'NONE',  ( 0.000000000000000000, 0.000000000000000000, 1.000000000000000000 ) ) ;
#6026 = ADVANCED_FACE ( 'NONE', ( #4390 ), #745, .F. ) ;
#6027 = DIRECTION ( 'NONE',  ( 0.000000000000000000, 0.000000000000000000, -1.000000000000000000 ) ) ;
#6028 = PLANE ( 'NONE',  #11101 ) ;
#6029 = EDGE_LOOP ( 'NONE', ( #11712, #3581, #7861, #7604 ) ) ;
#6030 = EDGE_CURVE ( 'NONE', #8435, #9211, #7173, .T. ) ;
#6031 = VECTOR ( 'NONE', #1239, 1000.000000000000000 ) ;
#6032 = VERTEX_POINT ( 'NONE', #3419 ) ;
#6033 = CARTESIAN_POINT ( 'NONE',  ( -25.50374022699593368, 7.500000000000000000, 0.000000000000000000 ) ) ;
#6034 = VERTEX_POINT ( 'NONE', #10870 ) ;
#6035 = EDGE_CURVE ( 'NONE', #5411, #11916, #3542, .T. ) ;
#6036 = CARTESIAN_POINT ( 'NONE',  ( -1.190566005527353033, 8.566080860090385940, -1.190566005527741611 ) ) ;
#6037 = VECTOR ( 'NONE', #1349, 1000.000000000000000 ) ;
#6038 = CARTESIAN_POINT ( 'NONE',  ( 0.000000000000000000, 7.500000000000000000, 10.49625977300367907 ) ) ;
#6039 = VERTEX_POINT ( 'NONE', #9961 ) ;
#6040 = DIRECTION ( 'NONE',  ( 0.000000000000000000, 0.000000000000000000, -1.000000000000000000 ) ) ;
#6041 = EDGE_LOOP ( 'NONE', ( #3073, #7293, #2649, #418 ) ) ;
#6042 = AXIS2_PLACEMENT_3D ( 'NONE', #6502, #9398, #6559 ) ;
#6043 = EDGE_CURVE ( 'NONE', #8889, #10974, #7237, .T. ) ;
#6044 = LINE ( 'NONE', #7689, #2646 ) ;
#6045 = EDGE_LOOP ( 'NONE', ( #11998, #3837, #2153, #6865 ) ) ;
#6046 = FACE_OUTER_BOUND ( 'NONE', #10312, .T. ) ;
#6047 = CARTESIAN_POINT ( 'NONE',  ( -35.44999999999999574, 10.80000000000000071, 35.44999999999961204 ) ) ;
#6048 = ORIENTED_EDGE ( 'NONE', *, *, #11871, .T. ) ;
#6049 = PLANE ( 'NONE',  #7020 ) ;
#6050 = EDGE_CURVE ( 'NONE', #2465, #5043, #621, .T. ) ;
#6051 = DIRECTION ( 'NONE',  ( 1.000000000000000000, 0.000000000000000000, 0.000000000000000000 ) ) ;
#6052 = VECTOR ( 'NONE', #10716, 999.9999999999998863 ) ;
#6053 = ADVANCED_FACE ( 'NONE', ( #10936 ), #2628, .F. ) ;
#6054 = LINE ( 'NONE', #3140, #1655 ) ;
#6055 = CARTESIAN_POINT ( 'NONE',  ( 19.83347944262236240, 18.51173940819400698, 1.661305691473652368 ) ) ;
#6056 = EDGE_CURVE ( 'NONE', #7775, #5960, #1531, .T. ) ;
#6057 = EDGE_CURVE ( 'NONE', #10629, #1823, #7123, .T. ) ;
#6058 = ORIENTED_EDGE ( 'NONE', *, *, #2882, .F. ) ;
#6059 = VERTEX_POINT ( 'NONE', #10149 ) ;
#6060 = VECTOR ( 'NONE', #3406, 1000.000000000000000 ) ;
#6061 = CARTESIAN_POINT ( 'NONE',  ( 16.50374022699593723, 7.500000000000000000, 33.62500000000000000 ) ) ;
#6062 = CARTESIAN_POINT ( 'NONE',  ( -24.62500000000000000, 10.80000000000000071, 0.000000000000000000 ) ) ;
#6063 = ORIENTED_EDGE ( 'NONE', *, *, #9328, .F. ) ;
#6064 = VECTOR ( 'NONE', #5376, 1000.000000000000114 ) ;
#6065 = LINE ( 'NONE', #593, #6727 ) ;
#6066 = DIRECTION ( 'NONE',  ( -0.9612616959383174509, -0.2756373558170042704, 0.000000000000000000 ) ) ;
#6067 = LINE ( 'NONE', #8846, #2598 ) ;
#6068 = ORIENTED_EDGE ( 'NONE', *, *, #4071, .T. ) ;
#6069 = ORIENTED_EDGE ( 'NONE', *, *, #5795, .T. ) ;
#6070 = CARTESIAN_POINT ( 'NONE',  ( 45.54999999999999005, 10.80000000000000071, -26.45000000000038298 ) ) ;
#6071 = CARTESIAN_POINT ( 'NONE',  ( -0.4124163967275038534, 7.271022431965715960, -25.43808196592020110 ) ) ;
#6072 = VECTOR ( 'NONE', #2499, 1000.000000000000000 ) ;
#6073 = EDGE_CURVE ( 'NONE', #7907, #1039, #7361, .T. ) ;
#6074 = VECTOR ( 'NONE', #2552, 1000.000000000000114 ) ;
#6075 = CARTESIAN_POINT ( 'NONE',  ( -53.44999999999999574, 10.80000000000000071, -35.45000000000039364 ) ) ;
#6076 = ORIENTED_EDGE ( 'NONE', *, *, #4743, .F. ) ;
#6077 = DIRECTION ( 'NONE',  ( -0.000000000000000000, -0.000000000000000000, 1.000000000000000000 ) ) ;
#6078 = CARTESIAN_POINT ( 'NONE',  ( 18.54999999999999716, 10.80000000000000071, -33.62500000000000000 ) ) ;
#6079 = ORIENTED_EDGE ( 'NONE', *, *, #11910, .F. ) ;
#6080 = AXIS2_PLACEMENT_3D ( 'NONE', #8236, #2526, #7198 ) ;
#6081 = DIRECTION ( 'NONE',  ( 1.000000000000000000, 0.000000000000000000, 0.000000000000000000 ) ) ;
#6082 = VECTOR ( 'NONE', #2741, 1000.000000000000114 ) ;
#6083 = DIRECTION ( 'NONE',  ( 0.2657276780299913099, -0.9267025424900799946, 0.2657276780299913099 ) ) ;
#6084 = AXIS2_PLACEMENT_3D ( 'NONE', #6125, #8965, #5268 ) ;
#6085 = ORIENTED_EDGE ( 'NONE', *, *, #2938, .F. ) ;
#6086 = CARTESIAN_POINT ( 'NONE',  ( 60.72738636073759011, 10.49999999999999822, -32.65631854887216434 ) ) ;
#6087 = CARTESIAN_POINT ( 'NONE',  ( 26.45000000000000284, 10.80000000000000071, 17.44999999999961560 ) ) ;
#6088 = ORIENTED_EDGE ( 'NONE', *, *, #8856, .T. ) ;
#6089 = DIRECTION ( 'NONE',  ( 1.000000000000000000, 4.458787163891844428E-16, 0.000000000000000000 ) ) ;
#6090 = EDGE_CURVE ( 'NONE', #488, #4762, #9242, .T. ) ;
#6091 = DIRECTION ( 'NONE',  ( -0.9612616959383174509, -0.2756373558170042704, 0.000000000000000000 ) ) ;
#6092 = VECTOR ( 'NONE', #9304, 1000.000000000000114 ) ;
#6093 = DIRECTION ( 'NONE',  ( -0.2657276780299913099, -0.9267025424900799946, 0.2657276780299913099 ) ) ;
#6094 = EDGE_CURVE ( 'NONE', #6905, #5205, #6575, .T. ) ;
#6095 = VECTOR ( 'NONE', #3364, 1000.000000000000000 ) ;
#6096 = FACE_BOUND ( 'NONE', #10855, .T. ) ;
#6097 = LINE ( 'NONE', #10568, #2581 ) ;
#6098 = ORIENTED_EDGE ( 'NONE', *, *, #2496, .F. ) ;
#6099 = ORIENTED_EDGE ( 'NONE', *, *, #2437, .T. ) ;
#6100 = EDGE_CURVE ( 'NONE', #7271, #9286, #3781, .T. ) ;
#6101 = CARTESIAN_POINT ( 'NONE',  ( 10.49625977300407165, 7.500000000000000000, 0.000000000000000000 ) ) ;
#6102 = ORIENTED_EDGE ( 'NONE', *, *, #3194, .T. ) ;
#6103 = EDGE_CURVE ( 'NONE', #5568, #3790, #11115, .T. ) ;
#6104 = CARTESIAN_POINT ( 'NONE',  ( 36.62532512953089281, 10.53731005528972986, -33.62500000000000000 ) ) ;
#6105 = ADVANCED_FACE ( 'NONE', ( #8506 ), #8446, .F. ) ;
#6106 = LINE ( 'NONE', #9791, #9943 ) ;
#6107 = ORIENTED_EDGE ( 'NONE', *, *, #6144, .F. ) ;
#6108 = CARTESIAN_POINT ( 'NONE',  ( 0.1196054969277143137, 12.30096400656391431, 18.11960549692732769 ) ) ;
#6109 = ORIENTED_EDGE ( 'NONE', *, *, #4929, .F. ) ;
#6110 = LINE ( 'NONE', #702, #5358 ) ;
#6111 = ORIENTED_EDGE ( 'NONE', *, *, #2277, .F. ) ;
#6112 = DIRECTION ( 'NONE',  ( 0.000000000000000000, 0.000000000000000000, -1.000000000000000000 ) ) ;
#6113 = DIRECTION ( 'NONE',  ( 0.000000000000000000, -0.9612616959383174509, -0.2756373558170042704 ) ) ;
#6114 = AXIS2_PLACEMENT_3D ( 'NONE', #1999, #7464, #3943 ) ;
#6115 = ORIENTED_EDGE ( 'NONE', *, *, #10838, .F. ) ;
#6116 = PLANE ( 'NONE',  #5479 ) ;
#6117 = CARTESIAN_POINT ( 'NONE',  ( 0.000000000000000000, 8.566080860090853122, 34.80943399447238562 ) ) ;
#6118 = CARTESIAN_POINT ( 'NONE',  ( 53.44999999999999574, 10.80000000000000071, 0.5499999999996132427 ) ) ;
#6119 = ADVANCED_FACE ( 'NONE', ( #2926 ), #3898, .F. ) ;
#6120 = CARTESIAN_POINT ( 'NONE',  ( 60.02027957955104398, 7.500000000000000000, 31.94921176768562177 ) ) ;
#6121 = VECTOR ( 'NONE', #11831, 1000.000000000000000 ) ;
#6122 = ORIENTED_EDGE ( 'NONE', *, *, #2445, .F. ) ;
#6123 = ORIENTED_EDGE ( 'NONE', *, *, #2808, .F. ) ;
#6124 = DIRECTION ( 'NONE',  ( 0.000000000000000000, -0.2756373558170040483, 0.9612616959383175619 ) ) ;
#6125 = CARTESIAN_POINT ( 'NONE',  ( -25.50374022699593368, 7.500000000000000000, 0.000000000000000000 ) ) ;
#6126 = EDGE_LOOP ( 'NONE', ( #5586, #6750, #8075, #7246 ) ) ;
#6127 = EDGE_CURVE ( 'NONE', #2696, #6932, #11051, .T. ) ;
#6128 = CARTESIAN_POINT ( 'NONE',  ( 52.80943399447264142, 8.566080860090409033, 34.80943399447263431 ) ) ;
#6129 = CARTESIAN_POINT ( 'NONE',  ( -26.45000000000000284, 10.80000000000000071, 0.5499999999996132427 ) ) ;
#6130 = DIRECTION ( 'NONE',  ( 0.2657276780299911434, 0.9267025424900801056, 0.2657276780299911434 ) ) ;
#6131 = EDGE_LOOP ( 'NONE', ( #3394, #5410, #2898, #1276 ) ) ;
#6132 = VECTOR ( 'NONE', #5267, 1000.000000000000000 ) ;
#6133 = ORIENTED_EDGE ( 'NONE', *, *, #2808, .T. ) ;
#6134 = CARTESIAN_POINT ( 'NONE',  ( 19.49625977300406632, 7.500000000000000000, 0.000000000000000000 ) ) ;
#6135 = DIRECTION ( 'NONE',  ( 0.2657276780299913099, -0.9267025424900799946, 0.2657276780299913099 ) ) ;
#6137 = CARTESIAN_POINT ( 'NONE',  ( 51.62500000000000000, 10.53731005528969433, -17.37467487046948023 ) ) ;
#6136 = VECTOR ( 'NONE', #2438, 1000.000000000000000 ) ;
#6138 = EDGE_LOOP ( 'NONE', ( #5856, #2738, #2600, #4735 ) ) ;
#6139 = CARTESIAN_POINT ( 'NONE',  ( -57.99999999999999289, 7.500000000000000000, 8.000000000000000000 ) ) ;
#6140 = PLANE ( 'NONE',  #5109 ) ;
#6141 = ORIENTED_EDGE ( 'NONE', *, *, #3674, .F. ) ;
#6142 = DIRECTION ( 'NONE',  ( 0.000000000000000000, 0.000000000000000000, 1.000000000000000000 ) ) ;
#6143 = LINE ( 'NONE', #2556, #4125 ) ;
#6144 = EDGE_CURVE ( 'NONE', #9501, #8610, #79, .T. ) ;
#6145 = ORIENTED_EDGE ( 'NONE', *, *, #1514, .F. ) ;
#6146 = LINE ( 'NONE', #5906, #278 ) ;
#6147 = DIRECTION ( 'NONE',  ( 1.000000000000000000, 0.000000000000000000, 0.000000000000000000 ) ) ;
#6148 = ORIENTED_EDGE ( 'NONE', *, *, #10643, .F. ) ;
#6149 = DIRECTION ( 'NONE',  ( 0.000000000000000000, 0.000000000000000000, 1.000000000000000000 ) ) ;
#6150 = VECTOR ( 'NONE', #11563, 1000.000000000000000 ) ;
#6151 = VECTOR ( 'NONE', #10137, 1000.000000000000227 ) ;
#6152 = CARTESIAN_POINT ( 'NONE',  ( 1.496259773004063209, 7.500000000000000000, 0.000000000000000000 ) ) ;
#6153 = PLANE ( 'NONE',  #5059 ) ;
#6154 = DIRECTION ( 'NONE',  ( -1.000000000000000000, -8.917574327783688856E-16, -0.000000000000000000 ) ) ;
#6155 = CARTESIAN_POINT ( 'NONE',  ( -28.49625977300405566, 7.500000000000000000, 0.000000000000000000 ) ) ;
#6156 = ORIENTED_EDGE ( 'NONE', *, *, #1086, .F. ) ;
#6157 = CARTESIAN_POINT ( 'NONE',  ( 24.62500000000000000, 7.500000000000000000, 16.50374022699554644 ) ) ;
#6158 = EDGE_CURVE ( 'NONE', #4272, #5791, #6631, .T. ) ;
#6159 = ORIENTED_EDGE ( 'NONE', *, *, #8504, .T. ) ;
#6160 = CARTESIAN_POINT ( 'NONE',  ( -52.80943399447264142, 8.566080860090407256, 0.000000000000000000 ) ) ;
#6161 = EDGE_LOOP ( 'NONE', ( #1875, #4981, #9150, #3212 ) ) ;
#6162 = EDGE_CURVE ( 'NONE', #1752, #90, #14, .T. ) ;
#6163 = PLANE ( 'NONE',  #6995 ) ;
#6164 = LINE ( 'NONE', #1731, #2086 ) ;
#6165 = ORIENTED_EDGE ( 'NONE', *, *, #3791, .F. ) ;
#6166 = DIRECTION ( 'NONE',  ( 1.000000000000000000, 0.000000000000000000, 0.000000000000000000 ) ) ;
#6167 = ORIENTED_EDGE ( 'NONE', *, *, #8492, .T. ) ;
#6168 = LINE ( 'NONE', #4468, #9615 ) ;
#6169 = ORIENTED_EDGE ( 'NONE', *, *, #11249, .F. ) ;
#6170 = DIRECTION ( 'NONE',  ( -0.8164965809277101583, 0.5773502691896481576, 0.000000000000000000 ) ) ;
#6171 = DIRECTION ( 'NONE',  ( -0.000000000000000000, -0.2756373558170042704, -0.9612616959383174509 ) ) ;
#6172 = ORIENTED_EDGE ( 'NONE', *, *, #3019, .T. ) ;
#6173 = CARTESIAN_POINT ( 'NONE',  ( 18.11960549692769007, 12.30096400656400846, 35.88039450307191913 ) ) ;
#6174 = ADVANCED_FACE ( 'NONE', ( #5727 ), #9418, .F. ) ;
#6175 = CARTESIAN_POINT ( 'NONE',  ( 18.54999999999999716, 10.80000000000000071, 0.5499999999996132427 ) ) ;
#6176 = LINE ( 'NONE', #10959, #8355 ) ;
#6177 = CARTESIAN_POINT ( 'NONE',  ( 61.85875721063606392, 9.699999999999974420, -33.78768939877064525 ) ) ;
#6178 = VECTOR ( 'NONE', #5068, 1000.000000000000000 ) ;
#6179 = ORIENTED_EDGE ( 'NONE', *, *, #9257, .F. ) ;
#6180 = EDGE_CURVE ( 'NONE', #890, #1380, #4756, .T. ) ;
#6181 = ORIENTED_EDGE ( 'NONE', *, *, #9083, .F. ) ;
#6182 = DIRECTION ( 'NONE',  ( 1.000000000000000000, 0.000000000000000000, 0.000000000000000000 ) ) ;
#6183 = DIRECTION ( 'NONE',  ( -1.000000000000000000, -3.018354541273066194E-16, 8.654992372942126676E-17 ) ) ;
#6184 = ORIENTED_EDGE ( 'NONE', *, *, #2129, .T. ) ;
#6185 = CARTESIAN_POINT ( 'NONE',  ( 61.43449314192414334, 7.500000000000000000, -33.36342533005872468 ) ) ;
#6186 = DIRECTION ( 'NONE',  ( 0.000000000000000000, 0.000000000000000000, -1.000000000000000000 ) ) ;
#6187 = CARTESIAN_POINT ( 'NONE',  ( -0.4124163967275037423, 7.271022431965715960, -1.561918034080550077 ) ) ;
#6188 = EDGE_LOOP ( 'NONE', ( #5580, #5939, #150, #732 ) ) ;
#6189 = ADVANCED_FACE ( 'NONE', ( #1107 ), #5484, .T. ) ;
#6190 = EDGE_LOOP ( 'NONE', ( #2321, #2708, #1785, #6718 ) ) ;
#6191 = DIRECTION ( 'NONE',  ( -1.000000000000000000, 0.000000000000000000, 0.000000000000000000 ) ) ;
#6192 = PLANE ( 'NONE',  #4954 ) ;
#6193 = EDGE_CURVE ( 'NONE', #2512, #1823, #9180, .T. ) ;
#6194 = EDGE_CURVE ( 'NONE', #6007, #11060, #987, .T. ) ;
#6195 = EDGE_CURVE ( 'NONE', #7770, #3705, #7479, .T. ) ;
#6196 = VECTOR ( 'NONE', #8627, 1000.000000000000000 ) ;
#6197 = DIRECTION ( 'NONE',  ( 0.000000000000000000, 0.000000000000000000, -1.000000000000000000 ) ) ;
#6198 = VERTEX_POINT ( 'NONE', #2869 ) ;
#6199 = LINE ( 'NONE', #9883, #7996 ) ;
#6200 = DIRECTION ( 'NONE',  ( -0.000000000000000000, -1.000000000000000000, -0.000000000000000000 ) ) ;
#6201 = ORIENTED_EDGE ( 'NONE', *, *, #5454, .T. ) ;
#6202 = CARTESIAN_POINT ( 'NONE',  ( 29.37500000000000000, 10.80000000000000426, 17.44999999999961560 ) ) ;
#6203 = CARTESIAN_POINT ( 'NONE',  ( 44.45000000000000284, 10.80000000000000071, 35.44999999999961204 ) ) ;
#6204 = VERTEX_POINT ( 'NONE', #10258 ) ;
#6205 = FACE_OUTER_BOUND ( 'NONE', #4121, .T. ) ;
#6206 = LINE ( 'NONE', #2443, #5841 ) ;
#6207 = LINE ( 'NONE', #6712, #2955 ) ;
#6208 = EDGE_CURVE ( 'NONE', #3799, #8062, #5661, .T. ) ;
#6209 = FACE_OUTER_BOUND ( 'NONE', #5439, .T. ) ;
#6210 = EDGE_CURVE ( 'NONE', #8932, #5744, #10551, .T. ) ;
#6211 = EDGE_CURVE ( 'NONE', #6312, #11795, #3161, .T. ) ;
#6212 = PLANE ( 'NONE',  #10480 ) ;
#6213 = DIRECTION ( 'NONE',  ( 0.2657276780299913099, 0.9267025424900799946, 0.2657276780299913099 ) ) ;
#6214 = DIRECTION ( 'NONE',  ( -1.000000000000000000, -0.000000000000000000, -0.000000000000000000 ) ) ;
#6215 = EDGE_LOOP ( 'NONE', ( #11678, #9610, #11852, #4172 ) ) ;
#6216 = DIRECTION ( 'NONE',  ( -1.000000000000000000, 0.000000000000000000, 0.000000000000000000 ) ) ;
#6217 = VECTOR ( 'NONE', #10619, 1000.000000000000227 ) ;
#6218 = ORIENTED_EDGE ( 'NONE', *, *, #6365, .T. ) ;
#6219 = CARTESIAN_POINT ( 'NONE',  ( 0.000000000000000000, 8.566080860090853122, 34.80943399447238562 ) ) ;
#6220 = LINE ( 'NONE', #11666, #10269 ) ;
#6221 = VERTEX_POINT ( 'NONE', #11351 ) ;
#6222 = CARTESIAN_POINT ( 'NONE',  ( 29.66160865629130328, 3.435945472310297788, -15.33839134370907686 ) ) ;
#6223 = ADVANCED_FACE ( 'NONE', ( #6691 ), #2194, .F. ) ;
#6224 = DIRECTION ( 'NONE',  ( 0.000000000000000000, 0.000000000000000000, 1.000000000000000000 ) ) ;
#6225 = ORIENTED_EDGE ( 'NONE', *, *, #8472, .T. ) ;
#6226 = CARTESIAN_POINT ( 'NONE',  ( 2.375000000000005773, 7.500000000000000000, 1.496259773003681737 ) ) ;
#6227 = VECTOR ( 'NONE', #5918, 1000.000000000000000 ) ;
#6228 = ORIENTED_EDGE ( 'NONE', *, *, #619, .T. ) ;
#6229 = CARTESIAN_POINT ( 'NONE',  ( 24.33839134370876778, 3.435945472310507842, 15.33839134370837876 ) ) ;
#6230 = ORIENTED_EDGE ( 'NONE', *, *, #1423, .F. ) ;
#6231 = LINE ( 'NONE', #7263, #7724 ) ;
#6232 = CARTESIAN_POINT ( 'NONE',  ( 0.000000000000000000, 7.500000000000000000, -34.50374022699632093 ) ) ;
#6233 = ORIENTED_EDGE ( 'NONE', *, *, #3588, .F. ) ;
#6234 = LINE ( 'NONE', #10957, #7238 ) ;
#6235 = DIRECTION ( 'NONE',  ( 1.000000000000000000, -0.000000000000000000, -0.000000000000000000 ) ) ;
#6236 = VECTOR ( 'NONE', #3113, 1000.000000000000114 ) ;
#6237 = CARTESIAN_POINT ( 'NONE',  ( -26.45000000000000284, -11.50000000000000000, -35.44999999999999574 ) ) ;
#6238 = PLANE ( 'NONE',  #2078 ) ;
#6239 = VECTOR ( 'NONE', #6731, 1000.000000000000114 ) ;
#6240 = ORIENTED_EDGE ( 'NONE', *, *, #3194, .F. ) ;
#6241 = VERTEX_POINT ( 'NONE', #9475 ) ;
#6242 = ADVANCED_FACE ( 'NONE', ( #2080 ), #10494, .F. ) ;
#6243 = ORIENTED_EDGE ( 'NONE', *, *, #3847, .T. ) ;
#6244 = VECTOR ( 'NONE', #11580, 1000.000000000000000 ) ;
#6245 = DIRECTION ( 'NONE',  ( -0.2386847610229713423, 0.8323926831162092865, 0.5001519828512179799 ) ) ;
#6246 = DIRECTION ( 'NONE',  ( 0.000000000000000000, 0.000000000000000000, 1.000000000000000000 ) ) ;
#6247 = VERTEX_POINT ( 'NONE', #5898 ) ;
#6248 = LINE ( 'NONE', #5336, #3232 ) ;
#6249 = DIRECTION ( 'NONE',  ( 0.000000000000000000, 0.9612616959383180060, -0.2756373558170021054 ) ) ;
#6250 = VERTEX_POINT ( 'NONE', #5035 ) ;
#6251 = ORIENTED_EDGE ( 'NONE', *, *, #4582, .T. ) ;
#6252 = VECTOR ( 'NONE', #11620, 1000.000000000000114 ) ;
#6253 = ORIENTED_EDGE ( 'NONE', *, *, #3296, .F. ) ;
#6254 = CARTESIAN_POINT ( 'NONE',  ( -24.62500000000000000, 10.53731005528969611, 9.625325129530517998 ) ) ;
#6255 = LINE ( 'NONE', #6379, #2232 ) ;
#6256 = EDGE_CURVE ( 'NONE', #7409, #8961, #7657, .T. ) ;
#6257 = VECTOR ( 'NONE', #8132, 1000.000000000000000 ) ;
#6258 = CARTESIAN_POINT ( 'NONE',  ( -29.02610786645035290, 5.652200105873887992, 6.973892133549262518 ) ) ;
#6259 = ORIENTED_EDGE ( 'NONE', *, *, #8582, .T. ) ;
#6260 = LINE ( 'NONE', #11884, #835 ) ;
#6261 = ORIENTED_EDGE ( 'NONE', *, *, #6767, .F. ) ;
#6262 = CARTESIAN_POINT ( 'NONE',  ( 0.5500000000000088152, -11.50000000000000000, 35.45000000000000995 ) ) ;
#6263 = DIRECTION ( 'NONE',  ( 1.000000000000000000, 0.000000000000000000, 0.000000000000000000 ) ) ;
#6264 = ORIENTED_EDGE ( 'NONE', *, *, #6311, .F. ) ;
#6265 = CARTESIAN_POINT ( 'NONE',  ( 53.44999999999999574, 10.80000000000000071, 8.449999999999617373 ) ) ;
#6266 = VECTOR ( 'NONE', #11356, 1000.000000000000000 ) ;
#6267 = LINE ( 'NONE', #4327, #2154 ) ;
#6268 = VECTOR ( 'NONE', #11270, 1000.000000000000114 ) ;
#6269 = DIRECTION ( 'NONE',  ( 0.5001519828512179799, 0.8323926831162092865, -0.2386847610229713423 ) ) ;
#6270 = VECTOR ( 'NONE', #2583, 1000.000000000000114 ) ;
#6271 = DIRECTION ( 'NONE',  ( 0.000000000000000000, 0.000000000000000000, -1.000000000000000000 ) ) ;
#6272 = ADVANCED_FACE ( 'NONE', ( #6864 ), #3219, .F. ) ;
#6273 = DIRECTION ( 'NONE',  ( 0.000000000000000000, 0.000000000000000000, -1.000000000000000000 ) ) ;
#6274 = AXIS2_PLACEMENT_3D ( 'NONE', #6038, #1361, #2218 ) ;
#6275 = DIRECTION ( 'NONE',  ( 0.9612616959383174509, -0.2756373558170042704, 0.000000000000000000 ) ) ;
#6276 = CARTESIAN_POINT ( 'NONE',  ( -29.37500000000000000, 10.53731005528968012, 8.374674870468709287 ) ) ;
#6277 = ORIENTED_EDGE ( 'NONE', *, *, #9416, .F. ) ;
#6278 = AXIS2_PLACEMENT_3D ( 'NONE', #6155, #748, #878 ) ;
#6279 = DIRECTION ( 'NONE',  ( -0.7071067811865474617, 0.000000000000000000, -0.7071067811865474617 ) ) ;
#6280 = ORIENTED_EDGE ( 'NONE', *, *, #6100, .T. ) ;
#6281 = LINE ( 'NONE', #9969, #2207 ) ;
#6282 = CARTESIAN_POINT ( 'NONE',  ( -51.62500000000000711, 7.500000000000000000, 1.496259773003681737 ) ) ;
#6283 = ORIENTED_EDGE ( 'NONE', *, *, #10379, .T. ) ;
#6284 = VECTOR ( 'NONE', #11303, 1000.000000000000227 ) ;
#6285 = CARTESIAN_POINT ( 'NONE',  ( -44.44999999999999574, 10.80000000000000071, 35.44999999999961204 ) ) ;
#6286 = VECTOR ( 'NONE', #6246, 1000.000000000000000 ) ;
#6287 = CARTESIAN_POINT ( 'NONE',  ( 24.62500000000000355, 7.500000000000000000, -1.496259773004444904 ) ) ;
#6288 = ORIENTED_EDGE ( 'NONE', *, *, #9980, .F. ) ;
#6289 = CARTESIAN_POINT ( 'NONE',  ( -2.375000000000006217, 10.53731005528968723, 18.62532512953050912 ) ) ;
#6290 = ORIENTED_EDGE ( 'NONE', *, *, #4409, .T. ) ;
#6291 = DIRECTION ( 'NONE',  ( -0.000000000000000000, 0.9612616959383174509, 0.2756373558170042704 ) ) ;
#6292 = ORIENTED_EDGE ( 'NONE', *, *, #6469, .F. ) ;
#6293 = CARTESIAN_POINT ( 'NONE',  ( -28.19056600552735858, 8.566080860090400151, -19.19056600552774583 ) ) ;
#6294 = FACE_OUTER_BOUND ( 'NONE', #10454, .T. ) ;
#6295 = ORIENTED_EDGE ( 'NONE', *, *, #3696, .F. ) ;
#6296 = EDGE_CURVE ( 'NONE', #1403, #1614, #3049, .T. ) ;
#6297 = CARTESIAN_POINT ( 'NONE',  ( -29.37500000000000000, 10.80000000000000426, 8.449999999999617373 ) ) ;
#6298 = LINE ( 'NONE', #9987, #5274 ) ;
#6299 = EDGE_CURVE ( 'NONE', #2744, #11464, #10610, .T. ) ;
#6300 = DIRECTION ( 'NONE',  ( -0.7071067811865475727, 0.000000000000000000, 0.7071067811865475727 ) ) ;
#6301 = DIRECTION ( 'NONE',  ( -0.5001519828512179799, 0.8323926831162092865, -0.2386847610229711203 ) ) ;
#6302 = VERTEX_POINT ( 'NONE', #8630 ) ;
#6303 = ORIENTED_EDGE ( 'NONE', *, *, #8552, .F. ) ;
#6304 = ORIENTED_EDGE ( 'NONE', *, *, #6057, .T. ) ;
#6305 = CARTESIAN_POINT ( 'NONE',  ( 27.54999999999999005, 10.80000000000000071, -35.45000000000039364 ) ) ;
#6306 = DIRECTION ( 'NONE',  ( -0.000000000000000000, -0.000000000000000000, 1.000000000000000000 ) ) ;
#6307 = VERTEX_POINT ( 'NONE', #4932 ) ;
#6308 = CARTESIAN_POINT ( 'NONE',  ( 53.44999999999999574, 7.500000000000000000, -35.45000000000003126 ) ) ;
#6309 = LINE ( 'NONE', #5271, #3755 ) ;
#6310 = ORIENTED_EDGE ( 'NONE', *, *, #4143, .T. ) ;
#6312 = VERTEX_POINT ( 'NONE', #4072 ) ;
#6311 = EDGE_CURVE ( 'NONE', #576, #3106, #1337, .T. ) ;
#6313 = ORIENTED_EDGE ( 'NONE', *, *, #8595, .F. ) ;
#6314 = DIRECTION ( 'NONE',  ( -0.5001519828512179799, -0.8323926831162092865, 0.2386847610229711203 ) ) ;
#6315 = FACE_OUTER_BOUND ( 'NONE', #6695, .T. ) ;
#6316 = VECTOR ( 'NONE', #4373, 1000.000000000000114 ) ;
#6317 = EDGE_CURVE ( 'NONE', #7, #3669, #2309, .T. ) ;
#6318 = ORIENTED_EDGE ( 'NONE', *, *, #6554, .F. ) ;
#6319 = DIRECTION ( 'NONE',  ( -0.000000000000000000, -0.000000000000000000, 1.000000000000000000 ) ) ;
#6320 = DIRECTION ( 'NONE',  ( -0.000000000000000000, -0.000000000000000000, 1.000000000000000000 ) ) ;
#6321 = ORIENTED_EDGE ( 'NONE', *, *, #7317, .F. ) ;
#6322 = VECTOR ( 'NONE', #6245, 1000.000000000000114 ) ;
#6323 = LINE ( 'NONE', #10984, #4793 ) ;
#6324 = LINE ( 'NONE', #10017, #11475 ) ;
#6325 = ORIENTED_EDGE ( 'NONE', *, *, #6056, .T. ) ;
#6326 = ORIENTED_EDGE ( 'NONE', *, *, #790, .T. ) ;
#6327 = LINE ( 'NONE', #801, #3676 ) ;
#6328 = CARTESIAN_POINT ( 'NONE',  ( 7.503740226995931017, 7.500000000000000000, 0.000000000000000000 ) ) ;
#6329 = EDGE_CURVE ( 'NONE', #10139, #8193, #11519, .T. ) ;
#6330 = PLANE ( 'NONE',  #1279 ) ;
#6331 = DIRECTION ( 'NONE',  ( 1.000000000000000000, 0.000000000000000000, 0.000000000000000000 ) ) ;
#6332 = VECTOR ( 'NONE', #11554, 1000.000000000000000 ) ;
#6333 = DIRECTION ( 'NONE',  ( 1.000000000000000000, 0.000000000000000000, -2.679109615408197094E-16 ) ) ;
#6334 = PLANE ( 'NONE',  #253 ) ;
#6335 = LINE ( 'NONE', #3722, #3363 ) ;
#6336 = ORIENTED_EDGE ( 'NONE', *, *, #730, .T. ) ;
#6337 = DIRECTION ( 'NONE',  ( 0.7071067811865474617, -0.000000000000000000, 0.7071067811865474617 ) ) ;
#6338 = VECTOR ( 'NONE', #3087, 1000.000000000000114 ) ;
#6339 = AXIS2_PLACEMENT_3D ( 'NONE', #3760, #2903, #7459 ) ;
#6340 = VERTEX_POINT ( 'NONE', #11294 ) ;
#6341 = DIRECTION ( 'NONE',  ( 1.000000000000000000, 0.000000000000000000, -0.000000000000000000 ) ) ;
#6342 = CARTESIAN_POINT ( 'NONE',  ( 29.37500000000000000, 10.80000000000000426, 33.62500000000000000 ) ) ;
#6343 = VERTEX_POINT ( 'NONE', #10436 ) ;
#6344 = ADVANCED_FACE ( 'NONE', ( #316 ), #8683, .T. ) ;
#6345 = DIRECTION ( 'NONE',  ( -0.2657276780299913099, 0.9267025424900799946, 0.2657276780299913099 ) ) ;
#6346 = VECTOR ( 'NONE', #92, 1000.000000000000000 ) ;
#6347 = VECTOR ( 'NONE', #4906, 1000.000000000000227 ) ;
#6348 = CARTESIAN_POINT ( 'NONE',  ( 0.5158952929131825904, 14.51721864012731977, 26.48410470708643416 ) ) ;
#6349 = EDGE_CURVE ( 'NONE', #7564, #4288, #10381, .T. ) ;
#6350 = CARTESIAN_POINT ( 'NONE',  ( -23.70289055386782451, 1.219690838746983141, 5.702890553867441703 ) ) ;
#6351 = ORIENTED_EDGE ( 'NONE', *, *, #4864, .F. ) ;
#6352 = EDGE_CURVE ( 'NONE', #7789, #8837, #7832, .T. ) ;
#6353 = PLANE ( 'NONE',  #9428 ) ;
#6354 = EDGE_LOOP ( 'NONE', ( #5719, #3084, #11355, #6304 ) ) ;
#6355 = DIRECTION ( 'NONE',  ( 0.4578768884082909385, -0.7620351108204155288, -0.4578768884082908275 ) ) ;
#6356 = CARTESIAN_POINT ( 'NONE',  ( 0.000000000000000000, 7.500000000000000000, -16.50374022699631382 ) ) ;
#6357 = ORIENTED_EDGE ( 'NONE', *, *, #8359, .T. ) ;
#6358 = FACE_OUTER_BOUND ( 'NONE', #4523, .T. ) ;
#6359 = DIRECTION ( 'NONE',  ( -1.000000000000000000, -0.000000000000000000, -0.000000000000000000 ) ) ;
#6360 = DIRECTION ( 'NONE',  ( 0.5001519828512179799, -0.8323926831162092865, -0.2386847610229713423 ) ) ;
#6361 = ADVANCED_FACE ( 'NONE', ( #6010 ), #5099, .F. ) ;
#6362 = CARTESIAN_POINT ( 'NONE',  ( 25.80943399447264142, 8.566080860090407256, 1.190566005526970228 ) ) ;
#6363 = ORIENTED_EDGE ( 'NONE', *, *, #6795, .T. ) ;
#6364 = EDGE_CURVE ( 'NONE', #8369, #2633, #1575, .T. ) ;
#6365 = EDGE_CURVE ( 'NONE', #10061, #2476, #1640, .T. ) ;
#6366 = ORIENTED_EDGE ( 'NONE', *, *, #1509, .T. ) ;
#6367 = ORIENTED_EDGE ( 'NONE', *, *, #7970, .T. ) ;
#6368 = DIRECTION ( 'NONE',  ( 0.000000000000000000, 0.9612616959383180060, -0.2756373558170021054 ) ) ;
#6369 = PLANE ( 'NONE',  #858 ) ;
#6370 = ORIENTED_EDGE ( 'NONE', *, *, #874, .F. ) ;
#6371 = EDGE_CURVE ( 'NONE', #2282, #8938, #9272, .T. ) ;
#6372 = CARTESIAN_POINT ( 'NONE',  ( 58.32322330470334748, 9.899999999999975486, -37.32322330470339011 ) ) ;
#6373 = CARTESIAN_POINT ( 'NONE',  ( -24.62500000000000000, 10.53731005528969256, -18.62532512953129071 ) ) ;
#6374 = ORIENTED_EDGE ( 'NONE', *, *, #9959, .F. ) ;
#6375 = VECTOR ( 'NONE', #6595, 1000.000000000000000 ) ;
#6376 = ORIENTED_EDGE ( 'NONE', *, *, #3554, .F. ) ;
#6377 = ORIENTED_EDGE ( 'NONE', *, *, #10141, .F. ) ;
#6378 = CARTESIAN_POINT ( 'NONE',  ( 61.85875721063607102, 9.899999999999975486, 33.78768939877064525 ) ) ;
#6379 = CARTESIAN_POINT ( 'NONE',  ( -8.449999999999999289, 10.80000000000000071, 0.5499999999996132427 ) ) ;
#6380 = ADVANCED_FACE ( 'NONE', ( #4315 ), #5344, .T. ) ;
#6381 = EDGE_CURVE ( 'NONE', #127, #1660, #1515, .T. ) ;
#6382 = ORIENTED_EDGE ( 'NONE', *, *, #2747, .T. ) ;
#6383 = CARTESIAN_POINT ( 'NONE',  ( -26.45000000000000284, 10.80000000000000071, 9.549999999999611688 ) ) ;
#6384 = DIRECTION ( 'NONE',  ( 0.2386847610229713423, 0.8323926831162092865, -0.5001519828512179799 ) ) ;
#6385 = ORIENTED_EDGE ( 'NONE', *, *, #3501, .F. ) ;
#6386 = CARTESIAN_POINT ( 'NONE',  ( -1.190566005527355919, 8.566080860090391269, 19.19056600552696779 ) ) ;
#6387 = FACE_OUTER_BOUND ( 'NONE', #8330, .T. ) ;
#6388 = ORIENTED_EDGE ( 'NONE', *, *, #3275, .T. ) ;
#6389 = ORIENTED_EDGE ( 'NONE', *, *, #123, .T. ) ;
#6390 = DIRECTION ( 'NONE',  ( -1.000000000000000000, -0.000000000000000000, -0.000000000000000000 ) ) ;
#6391 = DIRECTION ( 'NONE',  ( 1.000000000000000000, 0.000000000000000000, 0.000000000000000000 ) ) ;
#6392 = DIRECTION ( 'NONE',  ( -2.679109615408197094E-16, 0.000000000000000000, -1.000000000000000000 ) ) ;
#6393 = VECTOR ( 'NONE', #4385, 1000.000000000000000 ) ;
#6394 = LINE ( 'NONE', #2690, #6534 ) ;
#6395 = CARTESIAN_POINT ( 'NONE',  ( -8.449999999999999289, 10.80000000000000071, 9.549999999999611688 ) ) ;
#6396 = CARTESIAN_POINT ( 'NONE',  ( -0.5500000000000088152, 7.500000000000007105, -35.45000000000000284 ) ) ;
#6397 = LINE ( 'NONE', #9184, #8597 ) ;
#6398 = ORIENTED_EDGE ( 'NONE', *, *, #779, .F. ) ;
#6399 = EDGE_CURVE ( 'NONE', #9632, #11120, #2490, .T. ) ;
#6400 = VECTOR ( 'NONE', #11014, 1000.000000000000000 ) ;
#6401 = LINE ( 'NONE', #1786, #61 ) ;
#6402 = ORIENTED_EDGE ( 'NONE', *, *, #9127, .F. ) ;
#6403 = DIRECTION ( 'NONE',  ( -0.5150380749100545996, -0.8571673007021120005, 0.000000000000000000 ) ) ;
#6404 = FACE_OUTER_BOUND ( 'NONE', #8299, .T. ) ;
#6405 = ORIENTED_EDGE ( 'NONE', *, *, #1448, .F. ) ;
#6406 = LINE ( 'NONE', #2939, #6813 ) ;
#6407 = ADVANCED_FACE ( 'NONE', ( #11641 ), #11821, .T. ) ;
#6408 = CARTESIAN_POINT ( 'NONE',  ( -35.44999999999999574, 10.80000000000000071, -27.55000000000038796 ) ) ;
#6410 = ADVANCED_FACE ( 'NONE', ( #7221 ), #5160, .F. ) ;
#6409 = LINE ( 'NONE', #6226, #6064 ) ;
#6411 = ORIENTED_EDGE ( 'NONE', *, *, #10350, .F. ) ;
#6412 = LINE ( 'NONE', #11193, #2454 ) ;
#6413 = EDGE_LOOP ( 'NONE', ( #9137, #4112, #6900, #476 ) ) ;
#6414 = FACE_OUTER_BOUND ( 'NONE', #3066, .T. ) ;
#6415 = PLANE ( 'NONE',  #11631 ) ;
#6416 = VERTEX_POINT ( 'NONE', #11704 ) ;
#6417 = CARTESIAN_POINT ( 'NONE',  ( 61.43449314192414334, 10.49999999999999822, -33.36342533005872468 ) ) ;
#6418 = DIRECTION ( 'NONE',  ( -1.000000000000000000, 0.000000000000000000, 0.000000000000000000 ) ) ;
#6419 = CARTESIAN_POINT ( 'NONE',  ( 5.067389764026953181, -0.9965637948163279525, 32.06738976402657215 ) ) ;
#6420 = VECTOR ( 'NONE', #9264, 1000.000000000000000 ) ;
#6421 = DIRECTION ( 'NONE',  ( -0.000000000000000000, -0.000000000000000000, 1.000000000000000000 ) ) ;
#6422 = EDGE_CURVE ( 'NONE', #4424, #8961, #3341, .T. ) ;
#6423 = VECTOR ( 'NONE', #770, 1000.000000000000114 ) ;
#6425 = ORIENTED_EDGE ( 'NONE', *, *, #5063, .T. ) ;
#6424 = EDGE_CURVE ( 'NONE', #7005, #9706, #2432, .T. ) ;
#6426 = VECTOR ( 'NONE', #1939, 1000.000000000000000 ) ;
#6427 = ORIENTED_EDGE ( 'NONE', *, *, #1372, .T. ) ;
#6428 = ORIENTED_EDGE ( 'NONE', *, *, #6211, .F. ) ;
#6429 = CARTESIAN_POINT ( 'NONE',  ( -0.5499999999999949374, 10.80000000000000071, 35.44999999999961204 ) ) ;
#6430 = CARTESIAN_POINT ( 'NONE',  ( 61.43449314192414334, 7.500000000000000000, -33.36342533005872468 ) ) ;
#6431 = ORIENTED_EDGE ( 'NONE', *, *, #9597, .F. ) ;
#6432 = ADVANCED_FACE ( 'NONE', ( #2366 ), #5280, .F. ) ;
#6433 = DIRECTION ( 'NONE',  ( -1.000000000000000000, -0.000000000000000000, -0.000000000000000000 ) ) ;
#6434 = ORIENTED_EDGE ( 'NONE', *, *, #6180, .T. ) ;
#6435 = ORIENTED_EDGE ( 'NONE', *, *, #7140, .F. ) ;
#6436 = VECTOR ( 'NONE', #562, 1000.000000000000227 ) ;
#6437 = VECTOR ( 'NONE', #2322, 1000.000000000000114 ) ;
#6438 = VERTEX_POINT ( 'NONE', #6075 ) ;
#6439 = VERTEX_POINT ( 'NONE', #9824 ) ;
#6440 = CARTESIAN_POINT ( 'NONE',  ( 0.000000000000000000, 7.500000000000000000, 10.49625977300367907 ) ) ;
#6441 = EDGE_CURVE ( 'NONE', #10971, #11932, #9765, .T. ) ;
#6442 = LINE ( 'NONE', #728, #8046 ) ;
#6443 = EDGE_CURVE ( 'NONE', #6605, #3458, #8978, .T. ) ;
#6444 = VECTOR ( 'NONE', #9945, 1000.000000000000000 ) ;
#6445 = ORIENTED_EDGE ( 'NONE', *, *, #2116, .T. ) ;
#6446 = DIRECTION ( 'NONE',  ( 0.5001519828512182020, -0.8323926831162096196, -0.2386847610229694550 ) ) ;
#6447 = DIRECTION ( 'NONE',  ( 0.000000000000000000, -0.2756373558170042704, 0.9612616959383174509 ) ) ;
#6448 = ORIENTED_EDGE ( 'NONE', *, *, #1409, .T. ) ;
#6449 = VECTOR ( 'NONE', #3702, 1000.000000000000000 ) ;
#6450 = CARTESIAN_POINT ( 'NONE',  ( 18.62532512953089991, 10.53731005528968367, -33.62500000000000000 ) ) ;
#6451 = CARTESIAN_POINT ( 'NONE',  ( 0.5499999999999949374, 10.80000000000000071, 18.54999999999960991 ) ) ;
#6452 = VERTEX_POINT ( 'NONE', #670 ) ;
#6453 = ORIENTED_EDGE ( 'NONE', *, *, #1130, .F. ) ;
#6454 = DIRECTION ( 'NONE',  ( -0.9612616959383174509, -0.2756373558170042704, 0.000000000000000000 ) ) ;
#6455 = VECTOR ( 'NONE', #5644, 1000.000000000000000 ) ;
#6456 = EDGE_CURVE ( 'NONE', #1759, #10964, #9044, .T. ) ;
#6457 = LINE ( 'NONE', #8205, #9023 ) ;
#6458 = DIRECTION ( 'NONE',  ( -0.2657276780299911434, -0.9267025424900801056, 0.2657276780299911434 ) ) ;
#6459 = PLANE ( 'NONE',  #9542 ) ;
#6460 = DIRECTION ( 'NONE',  ( -0.5001519828512179799, 0.8323926831162092865, -0.2386847610229711203 ) ) ;
#6461 = ORIENTED_EDGE ( 'NONE', *, *, #7160, .F. ) ;
#6462 = AXIS2_PLACEMENT_3D ( 'NONE', #428, #9647, #3163 ) ;
#6463 = FACE_OUTER_BOUND ( 'NONE', #3981, .T. ) ;
#6464 = VECTOR ( 'NONE', #9660, 1000.000000000000000 ) ;
#6465 = VERTEX_POINT ( 'NONE', #6137 ) ;
#6466 = PLANE ( 'NONE',  #5116 ) ;
#6467 = LINE ( 'NONE', #10160, #986 ) ;
#6468 = ORIENTED_EDGE ( 'NONE', *, *, #9804, .F. ) ;
#6469 = EDGE_CURVE ( 'NONE', #10044, #6870, #5219, .T. ) ;
#6470 = DIRECTION ( 'NONE',  ( 0.000000000000000000, -0.2756373558170042704, 0.9612616959383174509 ) ) ;
#6471 = EDGE_CURVE ( 'NONE', #8399, #4580, #2782, .T. ) ;
#6472 = VECTOR ( 'NONE', #1659, 1000.000000000000114 ) ;
#6473 = CARTESIAN_POINT ( 'NONE',  ( -60.00000000000000000, 7.500000000000000000, -8.000000000000000000 ) ) ;
#6474 = VECTOR ( 'NONE', #2451, 1000.000000000000000 ) ;
#6475 = CARTESIAN_POINT ( 'NONE',  ( -43.50374022699593013, 7.500000000000000000, 0.000000000000000000 ) ) ;
#6476 = ORIENTED_EDGE ( 'NONE', *, *, #1146, .T. ) ;
#6477 = EDGE_CURVE ( 'NONE', #8175, #2476, #5577, .T. ) ;
#6478 = CARTESIAN_POINT ( 'NONE',  ( 11.73571359999212405, 22.25864506693675438, -26.58211138907232041 ) ) ;
#6479 = VERTEX_POINT ( 'NONE', #7451 ) ;
#6480 = LINE ( 'NONE', #6594, #10820 ) ;
#6481 = EDGE_CURVE ( 'NONE', #8783, #6979, #3989, .T. ) ;
#6482 = AXIS2_PLACEMENT_3D ( 'NONE', #1566, #2482, #4240 ) ;
#6483 = CARTESIAN_POINT ( 'NONE',  ( 29.37500000000000355, 7.500000000000000000, 1.496259773003681737 ) ) ;
#6484 = ORIENTED_EDGE ( 'NONE', *, *, #8623, .F. ) ;
#6485 = CARTESIAN_POINT ( 'NONE',  ( 51.62500000000000000, 10.80000000000000071, 0.000000000000000000 ) ) ;
#6486 = VECTOR ( 'NONE', #10426, 1000.000000000000114 ) ;
#6487 = DIRECTION ( 'NONE',  ( -0.000000000000000000, 0.9612616959383174509, 0.2756373558170042704 ) ) ;
#6488 = EDGE_CURVE ( 'NONE', #8738, #517, #7685, .T. ) ;
#6489 = LINE ( 'NONE', #3865, #3897 ) ;
#6490 = PLANE ( 'NONE',  #2269 ) ;
#6491 = ORIENTED_EDGE ( 'NONE', *, *, #134, .T. ) ;
#6492 = DIRECTION ( 'NONE',  ( 0.000000000000000000, -0.000000000000000000, 1.000000000000000000 ) ) ;
#6493 = VERTEX_POINT ( 'NONE', #3811 ) ;
#6494 = EDGE_LOOP ( 'NONE', ( #8119, #3643, #9755, #6068 ) ) ;
#6495 = LINE ( 'NONE', #50, #6529 ) ;
#6496 = DIRECTION ( 'NONE',  ( -0.000000000000000000, 0.000000000000000000, 1.000000000000000000 ) ) ;
#6497 = VERTEX_POINT ( 'NONE', #1134 ) ;
#6498 = DIRECTION ( 'NONE',  ( 0.8164965809277101583, -0.5773502691896481576, 0.000000000000000000 ) ) ;
#6499 = ORIENTED_EDGE ( 'NONE', *, *, #5332, .T. ) ;
#6500 = VERTEX_POINT ( 'NONE', #4842 ) ;
#6501 = ORIENTED_EDGE ( 'NONE', *, *, #7679, .F. ) ;
#6502 = CARTESIAN_POINT ( 'NONE',  ( 0.000000000000000000, 7.500000000000000000, 25.50374022699554288 ) ) ;
#6503 = EDGE_CURVE ( 'NONE', #7013, #1579, #8477, .T. ) ;
#6504 = CARTESIAN_POINT ( 'NONE',  ( 40.07937528197223287, 29.75245638442227047, -31.88452941702864152 ) ) ;
#6505 = ADVANCED_FACE ( 'NONE', ( #3930 ), #4900, .T. ) ;
#6506 = ORIENTED_EDGE ( 'NONE', *, *, #9524, .F. ) ;
#6507 = CARTESIAN_POINT ( 'NONE',  ( 54.49999999999999289, 7.500000000000000000, -36.96378475451828649 ) ) ;
#6508 = LINE ( 'NONE', #11104, #4147 ) ;
#6509 = ORIENTED_EDGE ( 'NONE', *, *, #7417, .F. ) ;
#6510 = FACE_OUTER_BOUND ( 'NONE', #6916, .T. ) ;
#6511 = CARTESIAN_POINT ( 'NONE',  ( -26.45000000000000284, 10.80000000000000071, 17.44999999999961560 ) ) ;
#6512 = ORIENTED_EDGE ( 'NONE', *, *, #10148, .F. ) ;
#6513 = VERTEX_POINT ( 'NONE', #10352 ) ;
#6514 = CARTESIAN_POINT ( 'NONE',  ( -53.44999999999999574, 10.80000000000000071, 17.44999999999961560 ) ) ;
#6515 = VECTOR ( 'NONE', #6690, 1000.000000000000000 ) ;
#6516 = PLANE ( 'NONE',  #122 ) ;
#6517 = CARTESIAN_POINT ( 'NONE',  ( 18.54999999999999716, 10.80000000000000071, -9.550000000000384404 ) ) ;
#6518 = EDGE_LOOP ( 'NONE', ( #3863, #7836, #8972, #9649 ) ) ;
#6519 = VECTOR ( 'NONE', #6089, 1000.000000000000000 ) ;
#6520 = LINE ( 'NONE', #6396, #10525 ) ;
#6521 = LINE ( 'NONE', #18, #4138 ) ;
#6522 = EDGE_LOOP ( 'NONE', ( #9404, #46, #11527, #4270 ) ) ;
#6523 = EDGE_CURVE ( 'NONE', #6307, #5043, #11144, .T. ) ;
#6524 = DIRECTION ( 'NONE',  ( 0.000000000000000000, 0.000000000000000000, -1.000000000000000000 ) ) ;
#6525 = ORIENTED_EDGE ( 'NONE', *, *, #677, .T. ) ;
#6526 = CARTESIAN_POINT ( 'NONE',  ( -29.37500000000000000, 10.53731005528972631, -33.62500000000000000 ) ) ;
#6527 = CARTESIAN_POINT ( 'NONE',  ( -44.44999999999999574, 10.80000000000000071, -35.45000000000039364 ) ) ;
#6528 = EDGE_LOOP ( 'NONE', ( #8412, #6425, #7138, #1328 ) ) ;
#6529 = VECTOR ( 'NONE', #6665, 1000.000000000000114 ) ;
#6530 = LINE ( 'NONE', #8285, #7583 ) ;
#6531 = DIRECTION ( 'NONE',  ( -0.000000000000000000, 0.000000000000000000, 1.000000000000000000 ) ) ;
#6532 = ADVANCED_FACE ( 'NONE', ( #2045 ), #5694, .F. ) ;
#6533 = DIRECTION ( 'NONE',  ( 0.9612616959383175619, -0.2756373558170040483, 0.000000000000000000 ) ) ;
#6534 = VECTOR ( 'NONE', #10082, 1000.000000000000000 ) ;
#6535 = VECTOR ( 'NONE', #5193, 1000.000000000000000 ) ;
#6536 = LINE ( 'NONE', #949, #2068 ) ;
#6537 = ORIENTED_EDGE ( 'NONE', *, *, #4516, .T. ) ;
#6538 = CARTESIAN_POINT ( 'NONE',  ( 0.4124163967275038534, 7.271022431965715960, -10.56191803408056451 ) ) ;
#6539 = DIRECTION ( 'NONE',  ( 0.000000000000000000, -0.2756373558170042704, 0.9612616959383174509 ) ) ;
#6540 = ORIENTED_EDGE ( 'NONE', *, *, #559, .F. ) ;
#6541 = CARTESIAN_POINT ( 'NONE',  ( 61.43449314192414334, 10.49999999999999822, 33.36342533005872468 ) ) ;
#6542 = DIRECTION ( 'NONE',  ( -0.000000000000000000, -0.2756373558170042704, -0.9612616959383174509 ) ) ;
#6543 = FACE_OUTER_BOUND ( 'NONE', #3940, .T. ) ;
#6544 = VECTOR ( 'NONE', #6331, 1000.000000000000000 ) ;
#6545 = VECTOR ( 'NONE', #10602, 1000.000000000000114 ) ;
#6546 = DIRECTION ( 'NONE',  ( 0.000000000000000000, 0.000000000000000000, 1.000000000000000000 ) ) ;
#6547 = VERTEX_POINT ( 'NONE', #10233 ) ;
#6548 = DIRECTION ( 'NONE',  ( 0.2657276780299913099, 0.9267025424900799946, 0.2657276780299913099 ) ) ;
#6549 = ORIENTED_EDGE ( 'NONE', *, *, #9470, .F. ) ;
#6550 = ORIENTED_EDGE ( 'NONE', *, *, #10081, .T. ) ;
#6551 = CARTESIAN_POINT ( 'NONE',  ( 7.809433994472520624, 8.566080860089980931, -34.80943399447290432 ) ) ;
#6552 = LINE ( 'NONE', #10237, #9746 ) ;
#6553 = ORIENTED_EDGE ( 'NONE', *, *, #9530, .T. ) ;
#6554 = EDGE_CURVE ( 'NONE', #4614, #11378, #9386, .T. ) ;
#6555 = DIRECTION ( 'NONE',  ( 0.2657276780299897001, 0.9267025424900808828, 0.2657276780299897001 ) ) ;
#6556 = DIRECTION ( 'NONE',  ( -0.2657276780299913099, 0.9267025424900799946, 0.2657276780299913099 ) ) ;
#6557 = VERTEX_POINT ( 'NONE', #2896 ) ;
#6558 = ORIENTED_EDGE ( 'NONE', *, *, #11191, .F. ) ;
#6559 = DIRECTION ( 'NONE',  ( 1.000000000000000000, 0.000000000000000000, 0.000000000000000000 ) ) ;
#6560 = LINE ( 'NONE', #9399, #9015 ) ;
#6561 = EDGE_CURVE ( 'NONE', #5020, #8429, #6603, .T. ) ;
#6562 = VERTEX_POINT ( 'NONE', #10287 ) ;
#6563 = CARTESIAN_POINT ( 'NONE',  ( -44.44999999999999574, 10.80000000000000426, 33.62500000000000000 ) ) ;
#6564 = CARTESIAN_POINT ( 'NONE',  ( -53.44999999999999574, 10.80000000000000071, -18.55000000000037730 ) ) ;
#6565 = ADVANCED_FACE ( 'NONE', ( #11323 ), #2163, .F. ) ;
#6566 = ORIENTED_EDGE ( 'NONE', *, *, #7179, .F. ) ;
#6567 = CARTESIAN_POINT ( 'NONE',  ( 24.62500000000000000, 10.80000000000000426, -33.62500000000000000 ) ) ;
#6568 = LINE ( 'NONE', #188, #5894 ) ;
#6569 = VERTEX_POINT ( 'NONE', #8599 ) ;
#6570 = ORIENTED_EDGE ( 'NONE', *, *, #8069, .T. ) ;
#6571 = EDGE_CURVE ( 'NONE', #6438, #4078, #3075, .T. ) ;
#6572 = DIRECTION ( 'NONE',  ( -0.5001519828512179799, 0.8323926831162092865, -0.2386847610229713423 ) ) ;
#6573 = LINE ( 'NONE', #5602, #5924 ) ;
#6574 = EDGE_CURVE ( 'NONE', #9501, #9684, #1984, .T. ) ;
#6575 = LINE ( 'NONE', #11960, #5259 ) ;
#6576 = EDGE_LOOP ( 'NONE', ( #9584, #2680, #7054, #5121 ) ) ;
#6577 = DIRECTION ( 'NONE',  ( -0.2657276780299913099, -0.9267025424900799946, 0.2657276780299913099 ) ) ;
#6578 = DIRECTION ( 'NONE',  ( 0.000000000000000000, 0.9612616959383174509, -0.2756373558170042704 ) ) ;
#6579 = ORIENTED_EDGE ( 'NONE', *, *, #7026, .F. ) ;
#6580 = CARTESIAN_POINT ( 'NONE',  ( -25.80943399447277287, 8.566080860090853122, 34.80943399447237852 ) ) ;
#6581 = EDGE_CURVE ( 'NONE', #5908, #11785, #4782, .T. ) ;
#6582 = ORIENTED_EDGE ( 'NONE', *, *, #3672, .T. ) ;
#6583 = LINE ( 'NONE', #9541, #5309 ) ;
#6584 = DIRECTION ( 'NONE',  ( -0.2756373558170042704, -0.9612616959383174509, 0.000000000000000000 ) ) ;
#6585 = EDGE_LOOP ( 'NONE', ( #266, #3491, #7461, #8306 ) ) ;
#6586 = VECTOR ( 'NONE', #7898, 1000.000000000000000 ) ;
#6587 = ADVANCED_FACE ( 'NONE', ( #4663 ), #2958, .F. ) ;
#6588 = CARTESIAN_POINT ( 'NONE',  ( 0.5499999999999949374, 10.80000000000000071, -18.55000000000037730 ) ) ;
#6589 = EDGE_CURVE ( 'NONE', #6059, #914, #9446, .T. ) ;
#6590 = CARTESIAN_POINT ( 'NONE',  ( 51.62500000000000000, 10.80000000000000426, 17.44999999999961915 ) ) ;
#6591 = DIRECTION ( 'NONE',  ( 0.000000000000000000, 0.000000000000000000, -1.000000000000000000 ) ) ;
#6592 = DIRECTION ( 'NONE',  ( 0.000000000000000000, 0.9612616959383174509, -0.2756373558170042704 ) ) ;
#6593 = ORIENTED_EDGE ( 'NONE', *, *, #2643, .T. ) ;
#6594 = CARTESIAN_POINT ( 'NONE',  ( -19.49625977300406632, 7.500000000000000000, 33.62500000000000000 ) ) ;
#6595 = DIRECTION ( 'NONE',  ( -0.000000000000000000, 0.000000000000000000, -1.000000000000000000 ) ) ;
#6596 = VERTEX_POINT ( 'NONE', #6719 ) ;
#6597 = DIRECTION ( 'NONE',  ( -1.000000000000000000, 0.000000000000000000, 0.000000000000000000 ) ) ;
#6598 = EDGE_CURVE ( 'NONE', #688, #7923, #3752, .T. ) ;
#6599 = LINE ( 'NONE', #10281, #6024 ) ;
#6600 = DIRECTION ( 'NONE',  ( 1.000000000000000000, 0.000000000000000000, 0.000000000000000000 ) ) ;
#6601 = ORIENTED_EDGE ( 'NONE', *, *, #842, .T. ) ;
#6602 = AXIS2_PLACEMENT_3D ( 'NONE', #818, #1539, #5670 ) ;
#6603 = LINE ( 'NONE', #10461, #10108 ) ;
#6604 = ORIENTED_EDGE ( 'NONE', *, *, #464, .F. ) ;
#6605 = VERTEX_POINT ( 'NONE', #7978 ) ;
#6606 = DIRECTION ( 'NONE',  ( -0.000000000000000000, 0.000000000000000000, 1.000000000000000000 ) ) ;
#6607 = DIRECTION ( 'NONE',  ( -1.000000000000000000, -0.000000000000000000, -0.000000000000000000 ) ) ;
#6608 = ORIENTED_EDGE ( 'NONE', *, *, #264, .F. ) ;
#6609 = LINE ( 'NONE', #10185, #6347 ) ;
#6610 = CARTESIAN_POINT ( 'NONE',  ( -53.88039450307227440, 12.30096400656391431, 18.11960549692732769 ) ) ;
#6611 = ORIENTED_EDGE ( 'NONE', *, *, #8831, .T. ) ;
#6612 = DIRECTION ( 'NONE',  ( -0.2657276780299911434, 0.9267025424900801056, 0.2657276780299911434 ) ) ;
#6613 = ORIENTED_EDGE ( 'NONE', *, *, #4886, .T. ) ;
#6614 = DIRECTION ( 'NONE',  ( 1.000000000000000000, 0.000000000000000000, 0.000000000000000000 ) ) ;
#6615 = DIRECTION ( 'NONE',  ( 0.5001519828512179799, -0.8323926831162092865, 0.2386847610229711203 ) ) ;
#6616 = FACE_OUTER_BOUND ( 'NONE', #11264, .T. ) ;
#6617 = ADVANCED_FACE ( 'NONE', ( #7012 ), #3375, .F. ) ;
#6618 = ORIENTED_EDGE ( 'NONE', *, *, #4687, .F. ) ;
#6619 = CARTESIAN_POINT ( 'NONE',  ( 53.44999999999999574, 10.80000000000000071, -26.45000000000038298 ) ) ;
#6620 = FACE_OUTER_BOUND ( 'NONE', #4284, .T. ) ;
#6621 = EDGE_LOOP ( 'NONE', ( #8124, #9024, #11514, #1832 ) ) ;
#6622 = VECTOR ( 'NONE', #7185, 1000.000000000000114 ) ;
#6623 = DIRECTION ( 'NONE',  ( -0.000000000000000000, -0.000000000000000000, 1.000000000000000000 ) ) ;
#6624 = DIRECTION ( 'NONE',  ( 1.000000000000000000, 0.000000000000000000, -0.000000000000000000 ) ) ;
#6625 = EDGE_LOOP ( 'NONE', ( #4795, #766, #7207, #715 ) ) ;
#6626 = EDGE_LOOP ( 'NONE', ( #10424, #5010, #3000, #4081 ) ) ;
#6627 = EDGE_CURVE ( 'NONE', #2919, #881, #4045, .T. ) ;
#6628 = CARTESIAN_POINT ( 'NONE',  ( -2.375000000000005773, 7.500000000000000000, -28.49625977300445356 ) ) ;
#6629 = CARTESIAN_POINT ( 'NONE',  ( 41.06738976402689900, -0.9965637948165171345, -32.06738976402728980 ) ) ;
#6630 = VECTOR ( 'NONE', #2134, 1000.000000000000000 ) ;
#6631 = LINE ( 'NONE', #140, #4496 ) ;
#6632 = ORIENTED_EDGE ( 'NONE', *, *, #1880, .T. ) ;
#6633 = VECTOR ( 'NONE', #1220, 1000.000000000000114 ) ;
#6634 = CARTESIAN_POINT ( 'NONE',  ( 40.07937528197223997, 29.75245638442227047, 13.88452941702789190 ) ) ;
#6635 = CARTESIAN_POINT ( 'NONE',  ( -0.5499999999999949374, 10.80000000000000071, 9.549999999999611688 ) ) ;
#6636 = EDGE_LOOP ( 'NONE', ( #4158, #4643, #2864, #11987 ) ) ;
#6637 = DIRECTION ( 'NONE',  ( -0.5001519828512179799, -0.8323926831162092865, -0.2386847610229713423 ) ) ;
#6638 = EDGE_LOOP ( 'NONE', ( #8220, #6476, #4053, #4688 ) ) ;
#6639 = CARTESIAN_POINT ( 'NONE',  ( -28.19056600552735503, 8.566080860090401927, -25.80943399447301800 ) ) ;
#6640 = FACE_OUTER_BOUND ( 'NONE', #9222, .T. ) ;
#6641 = VERTEX_POINT ( 'NONE', #2336 ) ;
#6642 = VECTOR ( 'NONE', #11984, 1000.000000000000000 ) ;
#6643 = EDGE_CURVE ( 'NONE', #11642, #2843, #342, .T. ) ;
#6644 = CARTESIAN_POINT ( 'NONE',  ( -24.62500000000000000, 10.80000000000000426, 26.44999999999961204 ) ) ;
#6645 = CARTESIAN_POINT ( 'NONE',  ( -51.62500000000000000, 10.80000000000000426, 18.54999999999960991 ) ) ;
#6646 = VECTOR ( 'NONE', #10260, 1000.000000000000000 ) ;
#6647 = DIRECTION ( 'NONE',  ( 1.000000000000000000, 0.000000000000000000, 0.000000000000000000 ) ) ;
#6648 = EDGE_CURVE ( 'NONE', #1416, #1198, #5922, .T. ) ;
#6649 = AXIS2_PLACEMENT_3D ( 'NONE', #7257, #8946, #8287 ) ;
#6650 = DIRECTION ( 'NONE',  ( -0.4856429311786325531, 0.8741572761215374854, 0.000000000000000000 ) ) ;
#6651 = EDGE_LOOP ( 'NONE', ( #3068, #7964, #1983, #1625 ) ) ;
#6652 = DIRECTION ( 'NONE',  ( -0.5001519828512179799, -0.8323926831162092865, -0.2386847610229711203 ) ) ;
#6653 = LINE ( 'NONE', #161, #8468 ) ;
#6654 = EDGE_LOOP ( 'NONE', ( #1215, #9902, #4492, #5308 ) ) ;
#6655 = CARTESIAN_POINT ( 'NONE',  ( -42.26428640000786174, 22.25864506693676859, -26.58211138907234172 ) ) ;
#6656 = AXIS2_PLACEMENT_3D ( 'NONE', #2139, #10501, #322 ) ;
#6657 = DIRECTION ( 'NONE',  ( -1.000000000000000000, -0.000000000000000000, -0.000000000000000000 ) ) ;
#6658 = VECTOR ( 'NONE', #639, 1000.000000000000114 ) ;
#6659 = VERTEX_POINT ( 'NONE', #7739 ) ;
#6660 = DIRECTION ( 'NONE',  ( 0.000000000000000000, 0.000000000000000000, 1.000000000000000000 ) ) ;
#6661 = VECTOR ( 'NONE', #5325, 1000.000000000000000 ) ;
#6662 = ORIENTED_EDGE ( 'NONE', *, *, #955, .T. ) ;
#6663 = ORIENTED_EDGE ( 'NONE', *, *, #11722, .T. ) ;
#6664 = VECTOR ( 'NONE', #8499, 1000.000000000000000 ) ;
#6665 = DIRECTION ( 'NONE',  ( -0.2756373558170042704, 0.9612616959383174509, 0.000000000000000000 ) ) ;
#6666 = DIRECTION ( 'NONE',  ( -0.000000000000000000, 0.9612616959383180060, 0.2756373558170021054 ) ) ;
#6667 = ORIENTED_EDGE ( 'NONE', *, *, #8542, .F. ) ;
#6668 = EDGE_CURVE ( 'NONE', #3739, #8242, #3190, .T. ) ;
#6669 = AXIS2_PLACEMENT_3D ( 'NONE', #1960, #83, #3784 ) ;
#6670 = LINE ( 'NONE', #9329, #1114 ) ;
#6671 = LINE ( 'NONE', #7693, #6837 ) ;
#6672 = CARTESIAN_POINT ( 'NONE',  ( -62.00000000000000000, 7.500000000000000000, 41.00000000000000000 ) ) ;
#6673 = ORIENTED_EDGE ( 'NONE', *, *, #6456, .T. ) ;
#6674 = CARTESIAN_POINT ( 'NONE',  ( 18.54999999999999716, 10.80000000000000071, 35.44999999999961204 ) ) ;
#6675 = DIRECTION ( 'NONE',  ( 0.2756373558170042704, -0.9612616959383174509, 0.000000000000000000 ) ) ;
#6676 = VECTOR ( 'NONE', #5554, 1000.000000000000000 ) ;
#6677 = CARTESIAN_POINT ( 'NONE',  ( -52.80943399447264142, 8.566080860090416138, 0.000000000000000000 ) ) ;
#6678 = VECTOR ( 'NONE', #6306, 1000.000000000000000 ) ;
#6679 = ORIENTED_EDGE ( 'NONE', *, *, #5126, .F. ) ;
#6680 = EDGE_CURVE ( 'NONE', #10971, #4297, #11611, .T. ) ;
#6681 = CARTESIAN_POINT ( 'NONE',  ( 51.62500000000000711, 7.500000000000000000, 28.49625977300367907 ) ) ;
#6682 = DIRECTION ( 'NONE',  ( 0.2657276780299913099, -0.9267025424900799946, 0.2657276780299913099 ) ) ;
#6683 = ORIENTED_EDGE ( 'NONE', *, *, #9498, .T. ) ;
#6684 = PLANE ( 'NONE',  #2659 ) ;
#6685 = CARTESIAN_POINT ( 'NONE',  ( -51.62500000000000711, 7.500000000000000000, -28.49625977300445356 ) ) ;
#6686 = ORIENTED_EDGE ( 'NONE', *, *, #7669, .F. ) ;
#6687 = ORIENTED_EDGE ( 'NONE', *, *, #6736, .T. ) ;
#6688 = DIRECTION ( 'NONE',  ( 0.000000000000000000, 0.000000000000000000, -1.000000000000000000 ) ) ;
#6689 = EDGE_CURVE ( 'NONE', #7678, #11783, #4097, .T. ) ;
#6690 = DIRECTION ( 'NONE',  ( 0.000000000000000000, 0.000000000000000000, -1.000000000000000000 ) ) ;
#6691 = FACE_OUTER_BOUND ( 'NONE', #8966, .T. ) ;
#6692 = VERTEX_POINT ( 'NONE', #8707 ) ;
#6693 = DIRECTION ( 'NONE',  ( -3.469446951953605354E-14, -1.000000000000000000, 0.000000000000000000 ) ) ;
#6694 = DIRECTION ( 'NONE',  ( 0.000000000000000000, 0.8571673007021120005, 0.5150380749100545996 ) ) ;
#6695 = EDGE_LOOP ( 'NONE', ( #6550, #7011, #3174, #1835 ) ) ;
#6696 = CARTESIAN_POINT ( 'NONE',  ( -29.37500000000000000, 7.500000000000000000, -10.49625977300446067 ) ) ;
#6697 = ADVANCED_FACE ( 'NONE', ( #7075 ), #8886, .F. ) ;
#6698 = ORIENTED_EDGE ( 'NONE', *, *, #11466, .T. ) ;
#6699 = CARTESIAN_POINT ( 'NONE',  ( -0.4124163967275039089, 7.271022431965715960, 25.43808196591944082 ) ) ;
#6700 = DIRECTION ( 'NONE',  ( 0.000000000000000000, 0.000000000000000000, -1.000000000000000000 ) ) ;
#6701 = ORIENTED_EDGE ( 'NONE', *, *, #8084, .F. ) ;
#6702 = CARTESIAN_POINT ( 'NONE',  ( 2.375000000000005773, 10.53731005528968545, 33.62500000000000000 ) ) ;
#6703 = VECTOR ( 'NONE', #5994, 1000.000000000000000 ) ;
#6704 = DIRECTION ( 'NONE',  ( -0.000000000000000000, -0.2756373558170040483, -0.9612616959383175619 ) ) ;
#6705 = DIRECTION ( 'NONE',  ( 0.000000000000000000, -0.9612616959383174509, -0.2756373558170042704 ) ) ;
#6706 = DIRECTION ( 'NONE',  ( 0.000000000000000000, -0.2756373558170042704, 0.9612616959383174509 ) ) ;
#6707 = ORIENTED_EDGE ( 'NONE', *, *, #9822, .F. ) ;
#6708 = EDGE_CURVE ( 'NONE', #3776, #366, #8823, .T. ) ;
#6709 = VECTOR ( 'NONE', #2122, 999.9999999999998863 ) ;
#6710 = LINE ( 'NONE', #2098, #10039 ) ;
#6711 = VERTEX_POINT ( 'NONE', #2281 ) ;
#6712 = CARTESIAN_POINT ( 'NONE',  ( -29.37500000000000000, 10.53731005528968012, 33.62500000000000000 ) ) ;
#6713 = ADVANCED_FACE ( 'NONE', ( #394 ), #9618, .F. ) ;
#6714 = CARTESIAN_POINT ( 'NONE',  ( -57.99999999999999289, 7.500000000000000000, -8.000000000000000000 ) ) ;
#6715 = EDGE_CURVE ( 'NONE', #11421, #11842, #9670, .T. ) ;
#6716 = VECTOR ( 'NONE', #3192, 1000.000000000000114 ) ;
#6717 = EDGE_CURVE ( 'NONE', #8034, #9094, #5062, .T. ) ;
#6718 = ORIENTED_EDGE ( 'NONE', *, *, #1130, .T. ) ;
#6719 = CARTESIAN_POINT ( 'NONE',  ( 53.44999999999999574, 7.500000000000007105, -35.45000000000003126 ) ) ;
#6720 = ORIENTED_EDGE ( 'NONE', *, *, #3888, .T. ) ;
#6721 = CARTESIAN_POINT ( 'NONE',  ( 29.37500000000000000, 10.80000000000000426, 33.62500000000000000 ) ) ;
#6722 = CARTESIAN_POINT ( 'NONE',  ( 29.37500000000000000, 10.53731005528968012, -0.6253251295312900471 ) ) ;
#6723 = ORIENTED_EDGE ( 'NONE', *, *, #8525, .F. ) ;
#6724 = CARTESIAN_POINT ( 'NONE',  ( -26.45000000000000284, 10.80000000000000071, -0.5500000000003835154 ) ) ;
#6725 = DIRECTION ( 'NONE',  ( 0.7071067811865474617, 0.000000000000000000, 0.7071067811865474617 ) ) ;
#6726 = VECTOR ( 'NONE', #11217, 1000.000000000000000 ) ;
#6727 = VECTOR ( 'NONE', #11696, 1000.000000000000000 ) ;
#6728 = LINE ( 'NONE', #5874, #8576 ) ;
#6730 = EDGE_CURVE ( 'NONE', #1324, #2744, #457, .T. ) ;
#6729 = VERTEX_POINT ( 'NONE', #5129 ) ;
#6731 = DIRECTION ( 'NONE',  ( -0.5001519828512179799, 0.8323926831162092865, -0.2386847610229713423 ) ) ;
#6732 = CARTESIAN_POINT ( 'NONE',  ( 62.00000000000000000, 0.000000000000000000, -34.00000000000000000 ) ) ;
#6733 = CARTESIAN_POINT ( 'NONE',  ( -24.62500000000000000, 10.80000000000000426, -33.62500000000000000 ) ) ;
#6734 = ADVANCED_FACE ( 'NONE', ( #11675 ), #10769, .F. ) ;
#6735 = EDGE_CURVE ( 'NONE', #445, #6416, #11552, .T. ) ;
#6736 = EDGE_CURVE ( 'NONE', #1636, #5973, #10638, .T. ) ;
#6737 = ORIENTED_EDGE ( 'NONE', *, *, #6195, .T. ) ;
#6738 = FACE_OUTER_BOUND ( 'NONE', #2599, .T. ) ;
#6739 = DIRECTION ( 'NONE',  ( -0.5001519828512179799, -0.8323926831162092865, -0.2386847610229713423 ) ) ;
#6740 = ORIENTED_EDGE ( 'NONE', *, *, #11388, .F. ) ;
#6741 = PLANE ( 'NONE',  #9249 ) ;
#6742 = DIRECTION ( 'NONE',  ( -0.000000000000000000, -0.2756373558170040483, -0.9612616959383175619 ) ) ;
#6743 = ORIENTED_EDGE ( 'NONE', *, *, #3521, .F. ) ;
#6744 = EDGE_CURVE ( 'NONE', #9000, #9174, #8656, .T. ) ;
#6745 = ORIENTED_EDGE ( 'NONE', *, *, #8646, .T. ) ;
#6746 = DIRECTION ( 'NONE',  ( 0.000000000000000000, 0.9612616959383174509, -0.2756373558170042704 ) ) ;
#6747 = DIRECTION ( 'NONE',  ( 0.000000000000000000, 0.000000000000000000, -1.000000000000000000 ) ) ;
#6748 = EDGE_CURVE ( 'NONE', #10547, #1077, #8229, .T. ) ;
#6749 = DIRECTION ( 'NONE',  ( 0.000000000000000000, 0.000000000000000000, -1.000000000000000000 ) ) ;
#6750 = ORIENTED_EDGE ( 'NONE', *, *, #4864, .T. ) ;
#6751 = DIRECTION ( 'NONE',  ( 0.000000000000000000, 0.000000000000000000, 1.000000000000000000 ) ) ;
#6752 = DIRECTION ( 'NONE',  ( 0.000000000000000000, 0.000000000000000000, -1.000000000000000000 ) ) ;
#6753 = EDGE_LOOP ( 'NONE', ( #4568, #9929, #11587, #11968 ) ) ;
#6754 = FACE_OUTER_BOUND ( 'NONE', #7405, .T. ) ;
#6755 = VERTEX_POINT ( 'NONE', #9198 ) ;
#6756 = DIRECTION ( 'NONE',  ( -0.4999999999999978906, -0.7071067811865504593, -0.4999999999999978906 ) ) ;
#6757 = CARTESIAN_POINT ( 'NONE',  ( -0.5499999999999949374, 10.80000000000000071, 17.44999999999961560 ) ) ;
#6758 = ORIENTED_EDGE ( 'NONE', *, *, #9728, .F. ) ;
#6759 = LINE ( 'NONE', #11473, #10670 ) ;
#6760 = CARTESIAN_POINT ( 'NONE',  ( 24.62500000000000000, 10.80000000000000426, -27.55000000000038796 ) ) ;
#6761 = EDGE_CURVE ( 'NONE', #3785, #2036, #2644, .T. ) ;
#6762 = DIRECTION ( 'NONE',  ( 0.000000000000000000, 0.000000000000000000, -1.000000000000000000 ) ) ;
#6763 = ORIENTED_EDGE ( 'NONE', *, *, #5966, .F. ) ;
#6764 = CARTESIAN_POINT ( 'NONE',  ( -52.80943399447264852, 8.566080860090394822, 25.80943399447225417 ) ) ;
#6765 = ORIENTED_EDGE ( 'NONE', *, *, #11540, .T. ) ;
#6766 = FACE_OUTER_BOUND ( 'NONE', #6029, .T. ) ;
#6767 = EDGE_CURVE ( 'NONE', #3652, #9045, #6409, .T. ) ;
#6768 = FACE_BOUND ( 'NONE', #10340, .T. ) ;
#6769 = VECTOR ( 'NONE', #8564, 1000.000000000000114 ) ;
#6770 = CARTESIAN_POINT ( 'NONE',  ( -2.375000000000005773, 7.500000000000000000, -25.50374022699630672 ) ) ;
#6771 = VERTEX_POINT ( 'NONE', #3675 ) ;
#6772 = CARTESIAN_POINT ( 'NONE',  ( -48.79638818434518299, -5.429073061943163303, -5.203611815655196260 ) ) ;
#6773 = EDGE_LOOP ( 'NONE', ( #10858, #107, #7472, #3454 ) ) ;
#6774 = DIRECTION ( 'NONE',  ( -0.000000000000000000, -0.000000000000000000, -1.000000000000000000 ) ) ;
#6775 = DIRECTION ( 'NONE',  ( -0.000000000000000000, -0.000000000000000000, 1.000000000000000000 ) ) ;
#6776 = ORIENTED_EDGE ( 'NONE', *, *, #10868, .F. ) ;
#6777 = FACE_OUTER_BOUND ( 'NONE', #3641, .T. ) ;
#6778 = CARTESIAN_POINT ( 'NONE',  ( 2.375000000000005773, 10.53731005528968545, 33.62500000000000000 ) ) ;
#6779 = CARTESIAN_POINT ( 'NONE',  ( 34.84860391724589590, 16.73347327369081938, 37.15139608275371330 ) ) ;
#6780 = ORIENTED_EDGE ( 'NONE', *, *, #2062, .T. ) ;
#6781 = CARTESIAN_POINT ( 'NONE',  ( -9.549999999999995381, 10.80000000000000071, -35.45000000000039364 ) ) ;
#6782 = EDGE_CURVE ( 'NONE', #8092, #68, #2519, .T. ) ;
#6783 = LINE ( 'NONE', #4231, #7664 ) ;
#6784 = EDGE_CURVE ( 'NONE', #1510, #3458, #11915, .T. ) ;
#6785 = DIRECTION ( 'NONE',  ( 0.000000000000000000, -0.2756373558170042704, 0.9612616959383174509 ) ) ;
#6786 = VERTEX_POINT ( 'NONE', #3437 ) ;
#6787 = CARTESIAN_POINT ( 'NONE',  ( 24.62500000000000000, 10.80000000000000426, 18.54999999999960991 ) ) ;
#6788 = CARTESIAN_POINT ( 'NONE',  ( 0.4124163967275039089, 7.271022431965715960, 7.438081965919443483 ) ) ;
#6789 = AXIS2_PLACEMENT_3D ( 'NONE', #7721, #1236, #9654 ) ;
#6790 = ORIENTED_EDGE ( 'NONE', *, *, #3388, .F. ) ;
#6791 = CARTESIAN_POINT ( 'NONE',  ( 23.06738976402695585, -0.9965637948163279525, 32.06738976402657215 ) ) ;
#6792 = LINE ( 'NONE', #10486, #8976 ) ;
#6793 = ORIENTED_EDGE ( 'NONE', *, *, #8661, .T. ) ;
#6794 = ADVANCED_FACE ( 'NONE', ( #825 ), #10098, .F. ) ;
#6795 = EDGE_CURVE ( 'NONE', #10620, #1403, #1797, .T. ) ;
#6796 = ORIENTED_EDGE ( 'NONE', *, *, #6648, .T. ) ;
#6797 = DIRECTION ( 'NONE',  ( -1.000000000000000000, -0.000000000000000000, -0.000000000000000000 ) ) ;
#6798 = DIRECTION ( 'NONE',  ( -0.2657276780299913099, -0.9267025424900799946, 0.2657276780299913099 ) ) ;
#6799 = VECTOR ( 'NONE', #695, 1000.000000000000000 ) ;
#6800 = CARTESIAN_POINT ( 'NONE',  ( -60.00000000000000000, 7.500000000000000000, -8.000000000000000000 ) ) ;
#6801 = EDGE_LOOP ( 'NONE', ( #5903, #9173, #3440, #9682 ) ) ;
#6802 = LINE ( 'NONE', #82, #3351 ) ;
#6803 = FILL_AREA_STYLE_COLOUR ( '', #9557 ) ;
#6804 = VERTEX_POINT ( 'NONE', #9132 ) ;
#6805 = FACE_OUTER_BOUND ( 'NONE', #1885, .T. ) ;
#6806 = EDGE_CURVE ( 'NONE', #11134, #6569, #5247, .T. ) ;
#6807 = ORIENTED_EDGE ( 'NONE', *, *, #7983, .F. ) ;
#6808 = FACE_OUTER_BOUND ( 'NONE', #2253, .T. ) ;
#6809 = FACE_OUTER_BOUND ( 'NONE', #4992, .T. ) ;
#6810 = ORIENTED_EDGE ( 'NONE', *, *, #2005, .T. ) ;
#6811 = VECTOR ( 'NONE', #6938, 1000.000000000000000 ) ;
#6812 = ADVANCED_FACE ( 'NONE', ( #5500 ), #889, .F. ) ;
#6813 = VECTOR ( 'NONE', #1855, 1000.000000000000114 ) ;
#6814 = CARTESIAN_POINT ( 'NONE',  ( 25.80943399447263786, 8.566080860090416138, 0.000000000000000000 ) ) ;
#6815 = DIRECTION ( 'NONE',  ( -0.9612616959383181170, -0.2756373558170021609, 0.000000000000000000 ) ) ;
#6816 = VECTOR ( 'NONE', #10738, 1000.000000000000000 ) ;
#6817 = DIRECTION ( 'NONE',  ( 0.000000000000000000, 0.000000000000000000, 1.000000000000000000 ) ) ;
#6818 = AXIS2_PLACEMENT_3D ( 'NONE', #5326, #4476, #4291 ) ;
#6819 = VERTEX_POINT ( 'NONE', #10824 ) ;
#6820 = ORIENTED_EDGE ( 'NONE', *, *, #5165, .T. ) ;
#6821 = DIRECTION ( 'NONE',  ( -0.2657276780299897001, 0.9267025424900808828, 0.2657276780299897001 ) ) ;
#6822 = ORIENTED_EDGE ( 'NONE', *, *, #4592, .F. ) ;
#6823 = ADVANCED_FACE ( 'NONE', ( #11793 ), #4593, .F. ) ;
#6824 = LINE ( 'NONE', #8596, #11441 ) ;
#6825 = VECTOR ( 'NONE', #1767, 1000.000000000000000 ) ;
#6826 = LINE ( 'NONE', #9616, #4343 ) ;
#6827 = ADVANCED_FACE ( 'NONE', ( #9914 ), #4349, .F. ) ;
#6828 = ORIENTED_EDGE ( 'NONE', *, *, #6906, .F. ) ;
#6829 = CARTESIAN_POINT ( 'NONE',  ( 26.45000000000000284, 7.500000000000000000, 35.45000000000000995 ) ) ;
#6830 = ORIENTED_EDGE ( 'NONE', *, *, #8689, .F. ) ;
#6831 = DIRECTION ( 'NONE',  ( -0.000000000000000000, -0.000000000000000000, -1.000000000000000000 ) ) ;
#6832 = CARTESIAN_POINT ( 'NONE',  ( -52.80943399447264852, 8.566080860090401927, -7.809433994473034879 ) ) ;
#6833 = ORIENTED_EDGE ( 'NONE', *, *, #2693, .F. ) ;
#6834 = CARTESIAN_POINT ( 'NONE',  ( 24.62500000000000000, 10.80000000000000426, -33.62500000000000000 ) ) ;
#6835 = VECTOR ( 'NONE', #11300, 1000.000000000000114 ) ;
#6836 = CARTESIAN_POINT ( 'NONE',  ( 29.37500000000000000, 10.80000000000000426, 18.54999999999960991 ) ) ;
#6837 = VECTOR ( 'NONE', #3081, 1000.000000000000000 ) ;
#6838 = EDGE_CURVE ( 'NONE', #7697, #8470, #11732, .T. ) ;
#6839 = CARTESIAN_POINT ( 'NONE',  ( -51.62500000000000711, 10.53731005528969256, -27.62532512953128716 ) ) ;
#6840 = ORIENTED_EDGE ( 'NONE', *, *, #374, .F. ) ;
#6841 = VECTOR ( 'NONE', #8039, 1000.000000000000000 ) ;
#6842 = CARTESIAN_POINT ( 'NONE',  ( 14.06738976402696117, -0.9965637948163279525, 32.06738976402657215 ) ) ;
#6843 = DIRECTION ( 'NONE',  ( 0.2657276780299913099, 0.9267025424900799946, 0.2657276780299913099 ) ) ;
#6844 = CARTESIAN_POINT ( 'NONE',  ( -18.54999999999999716, 10.80000000000000426, 33.62500000000000000 ) ) ;
#6845 = VECTOR ( 'NONE', #6154, 1000.000000000000000 ) ;
#6846 = ORIENTED_EDGE ( 'NONE', *, *, #6715, .F. ) ;
#6847 = VECTOR ( 'NONE', #2252, 1000.000000000000227 ) ;
#6848 = ORIENTED_EDGE ( 'NONE', *, *, #3905, .F. ) ;
#6849 = CARTESIAN_POINT ( 'NONE',  ( 23.70289055386785293, 1.219690838747078621, 23.70289055386746213 ) ) ;
#6850 = LINE ( 'NONE', #1270, #8606 ) ;
#6851 = VERTEX_POINT ( 'NONE', #6289 ) ;
#6852 = CARTESIAN_POINT ( 'NONE',  ( 52.80943399447264142, 8.566080860090416138, 0.000000000000000000 ) ) ;
#6853 = DIRECTION ( 'NONE',  ( 0.000000000000000000, 0.000000000000000000, -1.000000000000000000 ) ) ;
#6854 = DIRECTION ( 'NONE',  ( 0.5001519828512182020, -0.8323926831162096196, -0.2386847610229696770 ) ) ;
#6856 = ORIENTED_EDGE ( 'NONE', *, *, #8331, .F. ) ;
#6855 = EDGE_CURVE ( 'NONE', #7907, #11797, #3492, .T. ) ;
#6857 = VECTOR ( 'NONE', #2758, 1000.000000000000114 ) ;
#6858 = EDGE_LOOP ( 'NONE', ( #5540, #1899, #2525, #2907 ) ) ;
#6859 = DIRECTION ( 'NONE',  ( 0.000000000000000000, 0.9612616959383174509, -0.2756373558170042704 ) ) ;
#6860 = VECTOR ( 'NONE', #5235, 1000.000000000000000 ) ;
#6861 = CARTESIAN_POINT ( 'NONE',  ( 2.375000000000005773, 10.80000000000000071, 0.000000000000000000 ) ) ;
#6862 = VECTOR ( 'NONE', #6682, 1000.000000000000114 ) ;
#6863 = EDGE_CURVE ( 'NONE', #2960, #1230, #7135, .T. ) ;
#6864 = FACE_OUTER_BOUND ( 'NONE', #7000, .T. ) ;
#6865 = ORIENTED_EDGE ( 'NONE', *, *, #900, .T. ) ;
#6866 = DIRECTION ( 'NONE',  ( -0.9612616959383175619, -0.2756373558170040483, 0.000000000000000000 ) ) ;
#6867 = DIRECTION ( 'NONE',  ( 0.000000000000000000, 0.9612616959383174509, -0.2756373558170039373 ) ) ;
#6868 = ORIENTED_EDGE ( 'NONE', *, *, #7611, .F. ) ;
#6869 = CARTESIAN_POINT ( 'NONE',  ( -33.26428640000786885, 22.25864506693675082, 26.58211138907232396 ) ) ;
#6870 = VERTEX_POINT ( 'NONE', #759 ) ;
#6871 = CARTESIAN_POINT ( 'NONE',  ( 2.375000000000005773, 7.500000000000000000, -10.49625977300446067 ) ) ;
#6872 = DIRECTION ( 'NONE',  ( 0.2657276780299894225, 0.9267025424900811048, 0.2657276780299894225 ) ) ;
#6873 = EDGE_LOOP ( 'NONE', ( #5008, #9089, #10124, #8320 ) ) ;
#6874 = EDGE_CURVE ( 'NONE', #10591, #10215, #7189, .T. ) ;
#6875 = DIRECTION ( 'NONE',  ( -0.5001519828512179799, -0.8323926831162092865, 0.2386847610229713423 ) ) ;
#6876 = EDGE_CURVE ( 'NONE', #4665, #2677, #8159, .T. ) ;
#6877 = FACE_OUTER_BOUND ( 'NONE', #5319, .T. ) ;
#6878 = DIRECTION ( 'NONE',  ( -0.000000000000000000, 0.9612616959383174509, 0.2756373558170042704 ) ) ;
#6879 = DIRECTION ( 'NONE',  ( 0.000000000000000000, 0.9612616959383180060, -0.2756373558170021054 ) ) ;
#6880 = EDGE_LOOP ( 'NONE', ( #6261, #8634, #5655, #5031 ) ) ;
#6881 = EDGE_CURVE ( 'NONE', #7327, #791, #3007, .T. ) ;
#6882 = ADVANCED_FACE ( 'NONE', ( #1005 ), #2767, .T. ) ;
#6883 = VERTEX_POINT ( 'NONE', #10272 ) ;
#6884 = CARTESIAN_POINT ( 'NONE',  ( 29.37500000000000000, 7.500000000000000000, 10.49625977300367907 ) ) ;
#6885 = ORIENTED_EDGE ( 'NONE', *, *, #8787, .F. ) ;
#6886 = VECTOR ( 'NONE', #6843, 1000.000000000000114 ) ;
#6887 = FACE_OUTER_BOUND ( 'NONE', #6928, .T. ) ;
#6888 = EDGE_CURVE ( 'NONE', #517, #4675, #11312, .T. ) ;
#6889 = CARTESIAN_POINT ( 'NONE',  ( 0.000000000000000000, 7.500000000000000000, 1.496259773003681737 ) ) ;
#6890 = ORIENTED_EDGE ( 'NONE', *, *, #1277, .T. ) ;
#6891 = DIRECTION ( 'NONE',  ( -0.2657276780299897001, 0.9267025424900808828, 0.2657276780299897001 ) ) ;
#6892 = VECTOR ( 'NONE', #3147, 1000.000000000000000 ) ;
#6893 = ORIENTED_EDGE ( 'NONE', *, *, #8612, .T. ) ;
#6894 = VECTOR ( 'NONE', #11349, 1000.000000000000000 ) ;
#6895 = CARTESIAN_POINT ( 'NONE',  ( 0.5499999999999949374, 10.80000000000000071, -0.5500000000003835154 ) ) ;
#6896 = ORIENTED_EDGE ( 'NONE', *, *, #1642, .F. ) ;
#6897 = CARTESIAN_POINT ( 'NONE',  ( 0.000000000000000000, 7.500000000000000000, -10.49625977300446067 ) ) ;
#6898 = CARTESIAN_POINT ( 'NONE',  ( 2.375000000000005773, 7.500000000000000000, -16.50374022699631382 ) ) ;
#6899 = DIRECTION ( 'NONE',  ( -0.2756373558170042704, 0.9612616959383174509, 0.000000000000000000 ) ) ;
#6900 = ORIENTED_EDGE ( 'NONE', *, *, #11080, .T. ) ;
#6901 = FACE_OUTER_BOUND ( 'NONE', #8793, .T. ) ;
#6902 = CARTESIAN_POINT ( 'NONE',  ( 41.06738976402695585, -0.9965637948163279525, 32.06738976402657215 ) ) ;
#6903 = VECTOR ( 'NONE', #11677, 1000.000000000000000 ) ;
#6904 = LINE ( 'NONE', #6120, #6150 ) ;
#6905 = VERTEX_POINT ( 'NONE', #3917 ) ;
#6906 = EDGE_CURVE ( 'NONE', #10327, #10974, #11130, .T. ) ;
#6907 = VERTEX_POINT ( 'NONE', #3736 ) ;
#6908 = CARTESIAN_POINT ( 'NONE',  ( 29.37500000000000000, 10.53731005528968012, 33.62500000000000000 ) ) ;
#6909 = LINE ( 'NONE', #4976, #6486 ) ;
#6910 = VERTEX_POINT ( 'NONE', #2883 ) ;
#6911 = VECTOR ( 'NONE', #3448, 1000.000000000000000 ) ;
#6912 = VECTOR ( 'NONE', #10428, 1000.000000000000114 ) ;
#6913 = DIRECTION ( 'NONE',  ( 1.000000000000000000, 0.000000000000000000, 0.000000000000000000 ) ) ;
#6914 = CARTESIAN_POINT ( 'NONE',  ( 0.000000000000000000, 7.500000000000000000, -34.50374022699632093 ) ) ;
#6915 = DIRECTION ( 'NONE',  ( 0.000000000000000000, 0.000000000000000000, -1.000000000000000000 ) ) ;
#6916 = EDGE_LOOP ( 'NONE', ( #5347, #7396, #4182, #9003 ) ) ;
#6917 = ORIENTED_EDGE ( 'NONE', *, *, #6441, .T. ) ;
#6918 = FACE_OUTER_BOUND ( 'NONE', #370, .T. ) ;
#6919 = VECTOR ( 'NONE', #7732, 1000.000000000000114 ) ;
#6920 = CARTESIAN_POINT ( 'NONE',  ( -2.375000000000006217, 10.53731005528968723, -26.37467487046947312 ) ) ;
#6921 = VECTOR ( 'NONE', #11972, 1000.000000000000000 ) ;
#6922 = VECTOR ( 'NONE', #11936, 1000.000000000000227 ) ;
#6923 = ADVANCED_FACE ( 'NONE', ( #9259 ), #9311, .F. ) ;
#6924 = DIRECTION ( 'NONE',  ( 0.2657276780299897001, 0.9267025424900808828, 0.2657276780299897001 ) ) ;
#6925 = ORIENTED_EDGE ( 'NONE', *, *, #33, .F. ) ;
#6926 = CARTESIAN_POINT ( 'NONE',  ( 20.65831223607736078, -3.969694544262571956, 13.21485824036524193 ) ) ;
#6927 = LINE ( 'NONE', #1399, #10147 ) ;
#6928 = EDGE_LOOP ( 'NONE', ( #6002, #6720, #9292, #4844, #6745, #9617 ) ) ;
#6930 = ADVANCED_FACE ( 'NONE', ( #4648 ), #2942, .F. ) ;
#6929 = CARTESIAN_POINT ( 'NONE',  ( -24.62500000000000000, 10.53731005528970321, 33.62500000000000000 ) ) ;
#6931 = DIRECTION ( 'NONE',  ( -0.5001519828512179799, 0.8323926831162092865, -0.2386847610229713423 ) ) ;
#6932 = VERTEX_POINT ( 'NONE', #7494 ) ;
#6933 = CARTESIAN_POINT ( 'NONE',  ( 25.50374022699593368, 7.500000000000000000, 0.000000000000000000 ) ) ;
#6934 = LINE ( 'NONE', #4997, #1956 ) ;
#6935 = ORIENTED_EDGE ( 'NONE', *, *, #10643, .T. ) ;
#6936 = CARTESIAN_POINT ( 'NONE',  ( -0.5499999999999949374, 10.80000000000000071, -18.55000000000037730 ) ) ;
#6937 = EDGE_CURVE ( 'NONE', #9148, #8293, #2034, .T. ) ;
#6938 = DIRECTION ( 'NONE',  ( 1.000000000000000000, 0.000000000000000000, 0.000000000000000000 ) ) ;
#6939 = CARTESIAN_POINT ( 'NONE',  ( -29.37500000000000000, 10.80000000000000071, 0.000000000000000000 ) ) ;
#6940 = DIRECTION ( 'NONE',  ( 0.000000000000000000, 0.000000000000000000, -1.000000000000000000 ) ) ;
#6941 = ORIENTED_EDGE ( 'NONE', *, *, #3245, .F. ) ;
#6942 = EDGE_CURVE ( 'NONE', #8907, #3772, #5797, .T. ) ;
#6943 = ADVANCED_FACE ( 'NONE', ( #9489 ), #11192, .F. ) ;
#6944 = ORIENTED_EDGE ( 'NONE', *, *, #887, .T. ) ;
#6945 = DIRECTION ( 'NONE',  ( -0.2657276780299911434, 0.9267025424900801056, 0.2657276780299911434 ) ) ;
#6946 = ORIENTED_EDGE ( 'NONE', *, *, #7458, .T. ) ;
#6947 = EDGE_CURVE ( 'NONE', #3436, #3119, #5679, .T. ) ;
#6948 = ADVANCED_FACE ( 'NONE', ( #8344 ), #156, .F. ) ;
#6949 = CARTESIAN_POINT ( 'NONE',  ( -57.99999999999999289, 9.499999999999998224, 8.000000000000000000 ) ) ;
#6950 = CARTESIAN_POINT ( 'NONE',  ( -51.62500000000000000, 10.53731005528969256, -33.62500000000000000 ) ) ;
#6951 = VERTEX_POINT ( 'NONE', #8462 ) ;
#6952 = CARTESIAN_POINT ( 'NONE',  ( -38.73571359999211694, 22.25864506693675438, 26.58211138907231685 ) ) ;
#6953 = ORIENTED_EDGE ( 'NONE', *, *, #4852, .T. ) ;
#6954 = LINE ( 'NONE', #5867, #1478 ) ;
#6955 = ORIENTED_EDGE ( 'NONE', *, *, #11490, .F. ) ;
#6956 = PLANE ( 'NONE',  #11559 ) ;
#6957 = DIRECTION ( 'NONE',  ( 1.000000000000000000, 0.000000000000000000, 0.000000000000000000 ) ) ;
#6958 = EDGE_CURVE ( 'NONE', #4064, #4580, #4889, .T. ) ;
#6959 = DIRECTION ( 'NONE',  ( -0.000000000000000000, 0.9612616959383174509, 0.2756373558170042704 ) ) ;
#6960 = LINE ( 'NONE', #3085, #1391 ) ;
#6961 = VECTOR ( 'NONE', #6572, 1000.000000000000114 ) ;
#6962 = CARTESIAN_POINT ( 'NONE',  ( 51.62500000000000000, 10.80000000000000426, 27.54999999999960991 ) ) ;
#6963 = PLANE ( 'NONE',  #11171 ) ;
#6964 = EDGE_LOOP ( 'NONE', ( #472, #11453, #1538, #10827 ) ) ;
#6965 = EDGE_LOOP ( 'NONE', ( #10842, #7065, #10225, #6953 ) ) ;
#6966 = CARTESIAN_POINT ( 'NONE',  ( -29.37500000000000000, 10.80000000000000071, 0.000000000000000000 ) ) ;
#6967 = DIRECTION ( 'NONE',  ( -0.000000000000000000, 0.000000000000000000, 1.000000000000000000 ) ) ;
#6968 = VERTEX_POINT ( 'NONE', #275 ) ;
#6969 = DIRECTION ( 'NONE',  ( -0.000000000000000000, -0.2756373558170042704, -0.9612616959383174509 ) ) ;
#6970 = PLANE ( 'NONE',  #3168 ) ;
#6971 = CARTESIAN_POINT ( 'NONE',  ( -0.5499999999999949374, 10.80000000000000071, -0.5500000000003835154 ) ) ;
#6973 = VERTEX_POINT ( 'NONE', #7553 ) ;
#6972 = ADVANCED_FACE ( 'NONE', ( #3979 ), #10223, .T. ) ;
#6974 = ORIENTED_EDGE ( 'NONE', *, *, #7299, .T. ) ;
#6975 = CARTESIAN_POINT ( 'NONE',  ( -51.62500000000000000, 10.53731005528970854, 27.62532512953050201 ) ) ;
#6976 = CARTESIAN_POINT ( 'NONE',  ( 2.375000000000005773, 7.500000000000000000, 19.49625977300367552 ) ) ;
#6977 = ADVANCED_FACE ( 'NONE', ( #8526 ), #10338, .F. ) ;
#6978 = CARTESIAN_POINT ( 'NONE',  ( -29.37500000000000000, 10.80000000000000426, 33.62500000000000000 ) ) ;
#6979 = VERTEX_POINT ( 'NONE', #10511 ) ;
#6980 = EDGE_CURVE ( 'NONE', #697, #159, #443, .T. ) ;
#6981 = CARTESIAN_POINT ( 'NONE',  ( 28.49625977300406632, 7.500000000000000000, 0.000000000000000000 ) ) ;
#6983 = VECTOR ( 'NONE', #11725, 1000.000000000000114 ) ;
#6982 = LINE ( 'NONE', #5038, #2791 ) ;
#6984 = ORIENTED_EDGE ( 'NONE', *, *, #3167, .F. ) ;
#6985 = EDGE_CURVE ( 'NONE', #1347, #8759, #4946, .T. ) ;
#6986 = DIRECTION ( 'NONE',  ( 1.000000000000000000, 0.000000000000000000, 0.000000000000000000 ) ) ;
#6987 = CARTESIAN_POINT ( 'NONE',  ( -19.83347944262236950, 18.51173940819399988, 10.66130569147366813 ) ) ;
#6988 = VERTEX_POINT ( 'NONE', #5970 ) ;
#6989 = LINE ( 'NONE', #9653, #9662 ) ;
#6990 = LINE ( 'NONE', #4028, #8726 ) ;
#6991 = ORIENTED_EDGE ( 'NONE', *, *, #8353, .T. ) ;
#6992 = DIRECTION ( 'NONE',  ( -0.000000000000000000, 0.000000000000000000, -1.000000000000000000 ) ) ;
#6993 = AXIS2_PLACEMENT_3D ( 'NONE', #7556, #11256, #4834 ) ;
#6994 = CARTESIAN_POINT ( 'NONE',  ( 1.496259773004063209, 7.500000000000000000, 0.000000000000000000 ) ) ;
#6995 = AXIS2_PLACEMENT_3D ( 'NONE', #9848, #633, #11728 ) ;
#6996 = VECTOR ( 'NONE', #9708, 1000.000000000000000 ) ;
#6997 = LINE ( 'NONE', #382, #3916 ) ;
#6998 = LINE ( 'NONE', #8930, #4740 ) ;
#6999 = LINE ( 'NONE', #330, #10909 ) ;
#7000 = EDGE_LOOP ( 'NONE', ( #2810, #11145, #8288, #10211 ) ) ;
#7001 = VECTOR ( 'NONE', #1283, 1000.000000000000114 ) ;
#7002 = AXIS2_PLACEMENT_3D ( 'NONE', #1296, #10448, #3175 ) ;
#7003 = VERTEX_POINT ( 'NONE', #8645 ) ;
#7004 = DIRECTION ( 'NONE',  ( 0.2386847610229713423, -0.8323926831162092865, -0.5001519828512179799 ) ) ;
#7005 = VERTEX_POINT ( 'NONE', #11477 ) ;
#7006 = EDGE_CURVE ( 'NONE', #8889, #2224, #2212, .T. ) ;
#7007 = DIRECTION ( 'NONE',  ( 0.2657276780299911434, -0.9267025424900801056, 0.2657276780299911434 ) ) ;
#7008 = VECTOR ( 'NONE', #288, 1000.000000000000000 ) ;
#7009 = DIRECTION ( 'NONE',  ( 0.7071067811865474617, 0.000000000000000000, 0.7071067811865474617 ) ) ;
#7010 = ADVANCED_FACE ( 'NONE', ( #564 ), #2385, .F. ) ;
#7011 = ORIENTED_EDGE ( 'NONE', *, *, #2924, .T. ) ;
#7012 = FACE_OUTER_BOUND ( 'NONE', #11663, .T. ) ;
#7013 = VERTEX_POINT ( 'NONE', #4033 ) ;
#7014 = VECTOR ( 'NONE', #11096, 1000.000000000000000 ) ;
#7015 = LINE ( 'NONE', #3992, #2262 ) ;
#7016 = ORIENTED_EDGE ( 'NONE', *, *, #6090, .T. ) ;
#7017 = FACE_OUTER_BOUND ( 'NONE', #9776, .T. ) ;
#7018 = LINE ( 'NONE', #9675, #2717 ) ;
#7019 = ORIENTED_EDGE ( 'NONE', *, *, #4234, .T. ) ;
#7020 = AXIS2_PLACEMENT_3D ( 'NONE', #3317, #4166, #9737 ) ;
#7021 = CARTESIAN_POINT ( 'NONE',  ( 52.80943399447264142, 8.566080860090410809, -19.19056600552774228 ) ) ;
#7022 = DIRECTION ( 'NONE',  ( 0.2386847610229713423, -0.8323926831162092865, 0.5001519828512179799 ) ) ;
#7023 = DIRECTION ( 'NONE',  ( 0.2657276780299911434, -0.9267025424900801056, 0.2657276780299911434 ) ) ;
#7024 = FACE_OUTER_BOUND ( 'NONE', #9750, .T. ) ;
#7025 = ORIENTED_EDGE ( 'NONE', *, *, #6761, .F. ) ;
#7026 = EDGE_CURVE ( 'NONE', #9438, #3281, #6097, .T. ) ;
#7027 = ORIENTED_EDGE ( 'NONE', *, *, #532, .T. ) ;
#7028 = VECTOR ( 'NONE', #1285, 1000.000000000000000 ) ;
#7029 = DIRECTION ( 'NONE',  ( 1.000000000000000000, 0.000000000000000000, -2.679109615408197094E-16 ) ) ;
#7030 = CARTESIAN_POINT ( 'NONE',  ( 0.000000000000000000, 7.500000000000000000, 10.49625977300367907 ) ) ;
#7031 = VERTEX_POINT ( 'NONE', #4269 ) ;
#7032 = VECTOR ( 'NONE', #1859, 1000.000000000000000 ) ;
#7033 = CARTESIAN_POINT ( 'NONE',  ( 0.5499999999999949374, 10.80000000000000071, 8.449999999999617373 ) ) ;
#7034 = CARTESIAN_POINT ( 'NONE',  ( -51.62500000000000000, 10.80000000000000426, 17.44999999999961915 ) ) ;
#7035 = DIRECTION ( 'NONE',  ( -0.000000000000000000, -1.000000000000000000, -0.000000000000000000 ) ) ;
#7036 = ORIENTED_EDGE ( 'NONE', *, *, #3797, .T. ) ;
#7037 = ORIENTED_EDGE ( 'NONE', *, *, #3142, .T. ) ;
#7038 = LINE ( 'NONE', #4183, #6633 ) ;
#7039 = PLANE ( 'NONE',  #8636 ) ;
#7040 = AXIS2_PLACEMENT_3D ( 'NONE', #5473, #11827, #5286 ) ;
#7041 = VECTOR ( 'NONE', #4991, 1000.000000000000000 ) ;
#7042 = EDGE_CURVE ( 'NONE', #10202, #2508, #11597, .T. ) ;
#7043 = CARTESIAN_POINT ( 'NONE',  ( -57.99999999999999289, 7.500000000000000000, -8.000000000000000000 ) ) ;
#7044 = ORIENTED_EDGE ( 'NONE', *, *, #10350, .T. ) ;
#7045 = LINE ( 'NONE', #9591, #8586 ) ;
#7046 = DIRECTION ( 'NONE',  ( 0.000000000000000000, 0.000000000000000000, -1.000000000000000000 ) ) ;
#7047 = ORIENTED_EDGE ( 'NONE', *, *, #4085, .F. ) ;
#7048 = CARTESIAN_POINT ( 'NONE',  ( 24.62500000000000000, 10.80000000000000071, 0.000000000000000000 ) ) ;
#7049 = VECTOR ( 'NONE', #8678, 1000.000000000000114 ) ;
#7050 = FACE_OUTER_BOUND ( 'NONE', #7261, .T. ) ;
#7051 = EDGE_CURVE ( 'NONE', #1075, #10495, #10690, .T. ) ;
#7052 = ADVANCED_BREP_SHAPE_REPRESENTATION ( '4 Segment Subtap', ( #7539, #755 ), #4633 ) ;
#7053 = AXIS2_PLACEMENT_3D ( 'NONE', #9229, #3707, #9519 ) ;
#7054 = ORIENTED_EDGE ( 'NONE', *, *, #9828, .T. ) ;
#7055 = CARTESIAN_POINT ( 'NONE',  ( 1.190566005527637028, 8.566080860090853122, 34.80943399447238562 ) ) ;
#7056 = CARTESIAN_POINT ( 'NONE',  ( 0.000000000000000000, 10.80000000000000071, 33.62500000000000000 ) ) ;
#7057 = ORIENTED_EDGE ( 'NONE', *, *, #5592, .T. ) ;
#7058 = CARTESIAN_POINT ( 'NONE',  ( 24.62500000000000000, 10.80000000000000426, -26.45000000000038298 ) ) ;
#7059 = CARTESIAN_POINT ( 'NONE',  ( 51.62500000000000000, 10.80000000000000426, -33.62500000000000000 ) ) ;
#7060 = AXIS2_PLACEMENT_3D ( 'NONE', #3172, #3350, #498 ) ;
#7061 = CARTESIAN_POINT ( 'NONE',  ( 0.000000000000000000, 7.500000000000000000, -25.50374022699630672 ) ) ;
#7062 = VECTOR ( 'NONE', #229, 1000.000000000000000 ) ;
#7063 = DIRECTION ( 'NONE',  ( -0.1378445374916336952, -0.9808148484639876985, 0.1378445374916336952 ) ) ;
#7064 = DIRECTION ( 'NONE',  ( 1.000000000000000000, -0.000000000000000000, -0.000000000000000000 ) ) ;
#7065 = ORIENTED_EDGE ( 'NONE', *, *, #1178, .T. ) ;
#7066 = EDGE_CURVE ( 'NONE', #2861, #3625, #6999, .T. ) ;
#7067 = CARTESIAN_POINT ( 'NONE',  ( 29.37500000000000000, 10.80000000000000071, 0.000000000000000000 ) ) ;
#7068 = ORIENTED_EDGE ( 'NONE', *, *, #3358, .F. ) ;
#7069 = DIRECTION ( 'NONE',  ( -0.9612616959383175619, -0.2756373558170040483, 0.000000000000000000 ) ) ;
#7070 = ORIENTED_EDGE ( 'NONE', *, *, #413, .T. ) ;
#7071 = PLANE ( 'NONE',  #1376 ) ;
#7072 = ADVANCED_FACE ( 'NONE', ( #5001 ), #6028, .F. ) ;
#7073 = CARTESIAN_POINT ( 'NONE',  ( -1.190566005527361249, 8.566080860090398374, 0.000000000000000000 ) ) ;
#7074 = VERTEX_POINT ( 'NONE', #9715 ) ;
#7076 = ADVANCED_FACE ( 'NONE', ( #11366 ), #7849, .F. ) ;
#7075 = FACE_OUTER_BOUND ( 'NONE', #7480, .T. ) ;
#7077 = ORIENTED_EDGE ( 'NONE', *, *, #11690, .T. ) ;
#7078 = CARTESIAN_POINT ( 'NONE',  ( 1.190566005527356364, 8.566080860090391269, -28.19056600552774938 ) ) ;
#7079 = ORIENTED_EDGE ( 'NONE', *, *, #4361, .T. ) ;
#7080 = DIRECTION ( 'NONE',  ( -0.5001519828512179799, -0.8323926831162092865, -0.2386847610229711203 ) ) ;
#7081 = ADVANCED_FACE ( 'NONE', ( #10625 ), #5179, .F. ) ;
#7082 = PLANE ( 'NONE',  #769 ) ;
#7083 = VECTOR ( 'NONE', #5156, 1000.000000000000114 ) ;
#7084 = ORIENTED_EDGE ( 'NONE', *, *, #5466, .F. ) ;
#7085 = EDGE_CURVE ( 'NONE', #9148, #10964, #10451, .T. ) ;
#7086 = LINE ( 'NONE', #2410, #1795 ) ;
#7087 = DIRECTION ( 'NONE',  ( -1.000000000000000000, 0.000000000000000000, 0.000000000000000000 ) ) ;
#7088 = FACE_OUTER_BOUND ( 'NONE', #1627, .T. ) ;
#7089 = CARTESIAN_POINT ( 'NONE',  ( -28.19056600552735858, 8.566080860090403704, 0.000000000000000000 ) ) ;
#7090 = AXIS2_PLACEMENT_3D ( 'NONE', #9352, #1049, #2923 ) ;
#7091 = VERTEX_POINT ( 'NONE', #7786 ) ;
#7092 = ORIENTED_EDGE ( 'NONE', *, *, #6874, .F. ) ;
#7093 = DIRECTION ( 'NONE',  ( 0.000000000000000000, 0.000000000000000000, -1.000000000000000000 ) ) ;
#7094 = DIRECTION ( 'NONE',  ( -0.000000000000000000, -0.2756373558170021609, -0.9612616959383181170 ) ) ;
#7095 = ORIENTED_EDGE ( 'NONE', *, *, #933, .F. ) ;
#7096 = EDGE_CURVE ( 'NONE', #8801, #5324, #5120, .T. ) ;
#7097 = DIRECTION ( 'NONE',  ( 1.000000000000000000, 0.000000000000000000, 0.000000000000000000 ) ) ;
#7098 = CARTESIAN_POINT ( 'NONE',  ( 29.37500000000000000, 10.80000000000000071, 0.000000000000000000 ) ) ;
#7099 = CARTESIAN_POINT ( 'NONE',  ( 11.58572673386329299, 32.23830501688261307, 20.58572673386330365 ) ) ;
#7100 = ORIENTED_EDGE ( 'NONE', *, *, #7618, .T. ) ;
#7101 = VECTOR ( 'NONE', #9151, 1000.000000000000000 ) ;
#7102 = ORIENTED_EDGE ( 'NONE', *, *, #747, .T. ) ;
#7103 = DIRECTION ( 'NONE',  ( -0.4578768884082908830, -0.7620351108204154178, 0.4578768884082908830 ) ) ;
#7104 = EDGE_CURVE ( 'NONE', #5275, #8782, #4208, .T. ) ;
#7105 = DIRECTION ( 'NONE',  ( 0.000000000000000000, -0.9612616959383180060, -0.2756373558170021054 ) ) ;
#7106 = EDGE_CURVE ( 'NONE', #4682, #159, #5051, .T. ) ;
#7108 = CARTESIAN_POINT ( 'NONE',  ( -8.449999999999999289, 10.80000000000000071, -26.45000000000038298 ) ) ;
#7107 = VECTOR ( 'NONE', #158, 1000.000000000000000 ) ;
#7109 = ORIENTED_EDGE ( 'NONE', *, *, #588, .T. ) ;
#7110 = CARTESIAN_POINT ( 'NONE',  ( -51.62500000000000711, 7.500000000000000000, -1.496259773004444904 ) ) ;
#7111 = FACE_OUTER_BOUND ( 'NONE', #9915, .T. ) ;
#7112 = EDGE_LOOP ( 'NONE', ( #3880, #6088, #1775, #7716 ) ) ;
#7113 = CARTESIAN_POINT ( 'NONE',  ( 27.54999999999999005, 10.80000000000000071, 26.44999999999961204 ) ) ;
#7114 = DIRECTION ( 'NONE',  ( 0.000000000000000000, 0.000000000000000000, 1.000000000000000000 ) ) ;
#7115 = ORIENTED_EDGE ( 'NONE', *, *, #8038, .F. ) ;
#7116 = CARTESIAN_POINT ( 'NONE',  ( -24.33839134370868962, 3.435945472310297788, -15.33839134370907686 ) ) ;
#7117 = DIRECTION ( 'NONE',  ( 0.4999999999999957256, 0.7071067811865535679, 0.4999999999999957256 ) ) ;
#7118 = EDGE_CURVE ( 'NONE', #7738, #7516, #8754, .T. ) ;
#7119 = DIRECTION ( 'NONE',  ( -1.000000000000000000, 0.000000000000000000, 0.000000000000000000 ) ) ;
#7120 = VECTOR ( 'NONE', #2974, 1000.000000000000000 ) ;
#7121 = AXIS2_PLACEMENT_3D ( 'NONE', #11045, #9171, #10015 ) ;
#7122 = DIRECTION ( 'NONE',  ( 0.000000000000000000, 0.000000000000000000, 1.000000000000000000 ) ) ;
#7123 = LINE ( 'NONE', #5296, #3122 ) ;
#7124 = CARTESIAN_POINT ( 'NONE',  ( 20.65831223607736788, -3.969694544262557745, 4.214858240365220610 ) ) ;
#7125 = CARTESIAN_POINT ( 'NONE',  ( 2.375000000000005773, 10.80000000000000426, 33.62500000000000000 ) ) ;
#7126 = ORIENTED_EDGE ( 'NONE', *, *, #8853, .F. ) ;
#7127 = LINE ( 'NONE', #7244, #11680 ) ;
#7128 = ORIENTED_EDGE ( 'NONE', *, *, #9162, .F. ) ;
#7129 = DIRECTION ( 'NONE',  ( -1.000000000000000000, 0.000000000000000000, 0.000000000000000000 ) ) ;
#7130 = ORIENTED_EDGE ( 'NONE', *, *, #385, .T. ) ;
#7131 = PLANE ( 'NONE',  #8736 ) ;
#7132 = EDGE_CURVE ( 'NONE', #4819, #6479, #9120, .T. ) ;
#7133 = DIRECTION ( 'NONE',  ( -0.000000000000000000, 0.000000000000000000, 1.000000000000000000 ) ) ;
#7134 = VERTEX_POINT ( 'NONE', #2567 ) ;
#7135 = LINE ( 'NONE', #1607, #8967 ) ;
#7136 = ORIENTED_EDGE ( 'NONE', *, *, #730, .F. ) ;
#7137 = CARTESIAN_POINT ( 'NONE',  ( 51.62500000000000000, 10.80000000000000426, 18.54999999999960991 ) ) ;
#7138 = ORIENTED_EDGE ( 'NONE', *, *, #1448, .T. ) ;
#7139 = DIRECTION ( 'NONE',  ( 0.000000000000000000, -0.2756373558170040483, 0.9612616959383175619 ) ) ;
#7140 = EDGE_CURVE ( 'NONE', #2187, #11995, #811, .T. ) ;
#7141 = FACE_OUTER_BOUND ( 'NONE', #2463, .T. ) ;
#7142 = EDGE_LOOP ( 'NONE', ( #124, #7176, #4348, #904 ) ) ;
#7143 = DIRECTION ( 'NONE',  ( -1.000000000000000000, -0.000000000000000000, -0.000000000000000000 ) ) ;
#7144 = PLANE ( 'NONE',  #8945 ) ;
#7145 = LINE ( 'NONE', #2596, #11633 ) ;
#7146 = DIRECTION ( 'NONE',  ( 0.000000000000000000, 0.000000000000000000, -1.000000000000000000 ) ) ;
#7147 = VECTOR ( 'NONE', #10045, 1000.000000000000000 ) ;
#7148 = VERTEX_POINT ( 'NONE', #687 ) ;
#7149 = VERTEX_POINT ( 'NONE', #8089 ) ;
#7150 = ORIENTED_EDGE ( 'NONE', *, *, #1867, .T. ) ;
#7151 = LINE ( 'NONE', #3452, #8445 ) ;
#7152 = CARTESIAN_POINT ( 'NONE',  ( 24.62500000000000000, 10.53731005528969256, -33.62500000000000000 ) ) ;
#7153 = ORIENTED_EDGE ( 'NONE', *, *, #9294, .F. ) ;
#7154 = DIRECTION ( 'NONE',  ( -0.7071067811865452413, -0.000000000000000000, -0.7071067811865497932 ) ) ;
#7155 = DIRECTION ( 'NONE',  ( -0.9612616959383180060, -0.2756373558170023830, 0.000000000000000000 ) ) ;
#7156 = ORIENTED_EDGE ( 'NONE', *, *, #282, .F. ) ;
#7157 = ORIENTED_EDGE ( 'NONE', *, *, #8339, .T. ) ;
#7158 = EDGE_LOOP ( 'NONE', ( #4865, #3751, #11989, #10100 ) ) ;
#7159 = DIRECTION ( 'NONE',  ( -1.000000000000000000, 0.000000000000000000, -0.000000000000000000 ) ) ;
#7160 = EDGE_CURVE ( 'NONE', #9340, #6951, #10030, .T. ) ;
#7161 = LINE ( 'NONE', #5464, #4767 ) ;
#7162 = CARTESIAN_POINT ( 'NONE',  ( 29.37500000000000000, 10.53731005528968012, 33.62500000000000000 ) ) ;
#7163 = VERTEX_POINT ( 'NONE', #6276 ) ;
#7164 = DIRECTION ( 'NONE',  ( -0.000000000000000000, -0.2756373558170040483, -0.9612616959383175619 ) ) ;
#7165 = ORIENTED_EDGE ( 'NONE', *, *, #2488, .F. ) ;
#7166 = PLANE ( 'NONE',  #4201 ) ;
#7167 = DIRECTION ( 'NONE',  ( -0.000000000000000000, 1.000000000000000000, -0.000000000000000000 ) ) ;
#7168 = EDGE_LOOP ( 'NONE', ( #4586, #3762, #9540, #5453 ) ) ;
#7169 = DIRECTION ( 'NONE',  ( -0.7071067811865475727, 0.000000000000000000, -0.7071067811865475727 ) ) ;
#7170 = DIRECTION ( 'NONE',  ( 0.9612616959383174509, -0.2756373558170042704, 0.000000000000000000 ) ) ;
#7171 = CARTESIAN_POINT ( 'NONE',  ( 27.54999999999999005, 10.80000000000000071, 27.54999999999960991 ) ) ;
#7172 = DIRECTION ( 'NONE',  ( 1.000000000000000000, 0.000000000000000000, 0.000000000000000000 ) ) ;
#7173 = LINE ( 'NONE', #11659, #10683 ) ;
#7174 = DIRECTION ( 'NONE',  ( 0.7071067811865497932, 0.000000000000000000, 0.7071067811865452413 ) ) ;
#7175 = CARTESIAN_POINT ( 'NONE',  ( -35.44999999999999574, 10.80000000000000071, 27.54999999999960991 ) ) ;
#7176 = ORIENTED_EDGE ( 'NONE', *, *, #4904, .T. ) ;
#7177 = ADVANCED_FACE ( 'NONE', ( #4335 ), #1720, .F. ) ;
#7178 = LINE ( 'NONE', #11784, #7644 ) ;
#7179 = EDGE_CURVE ( 'NONE', #112, #9661, #3422, .T. ) ;
#7180 = VECTOR ( 'NONE', #1291, 1000.000000000000114 ) ;
#7181 = ORIENTED_EDGE ( 'NONE', *, *, #21, .T. ) ;
#7182 = DIRECTION ( 'NONE',  ( -0.000000000000000000, -0.000000000000000000, 1.000000000000000000 ) ) ;
#7183 = DIRECTION ( 'NONE',  ( -1.000000000000000000, -0.000000000000000000, -0.000000000000000000 ) ) ;
#7184 = ORIENTED_EDGE ( 'NONE', *, *, #1156, .T. ) ;
#7185 = DIRECTION ( 'NONE',  ( 0.2756373558170042704, 0.9612616959383174509, 0.000000000000000000 ) ) ;
#7186 = FACE_OUTER_BOUND ( 'NONE', #2729, .T. ) ;
#7188 = ORIENTED_EDGE ( 'NONE', *, *, #1015, .T. ) ;
#7187 = EDGE_CURVE ( 'NONE', #9494, #7833, #6397, .T. ) ;
#7189 = LINE ( 'NONE', #10887, #6270 ) ;
#7190 = AXIS2_PLACEMENT_3D ( 'NONE', #3986, #1425, #8703 ) ;
#7191 = VERTEX_POINT ( 'NONE', #9897 ) ;
#7192 = CARTESIAN_POINT ( 'NONE',  ( -2.375000000000005773, 10.80000000000000071, 0.000000000000000000 ) ) ;
#7193 = ORIENTED_EDGE ( 'NONE', *, *, #538, .T. ) ;
#7194 = FACE_OUTER_BOUND ( 'NONE', #4583, .T. ) ;
#7195 = DIRECTION ( 'NONE',  ( 0.000000000000000000, -0.000000000000000000, -1.000000000000000000 ) ) ;
#7196 = ORIENTED_EDGE ( 'NONE', *, *, #5181, .F. ) ;
#7197 = ADVANCED_FACE ( 'NONE', ( #8931 ), #10996, .F. ) ;
#7198 = DIRECTION ( 'NONE',  ( 0.000000000000000000, 0.000000000000000000, 1.000000000000000000 ) ) ;
#7199 = DIRECTION ( 'NONE',  ( 0.000000000000000000, -0.2756373558170042704, 0.9612616959383174509 ) ) ;
#7200 = VECTOR ( 'NONE', #8273, 1000.000000000000000 ) ;
#7201 = DIRECTION ( 'NONE',  ( 0.000000000000000000, 0.000000000000000000, -1.000000000000000000 ) ) ;
#7202 = EDGE_CURVE ( 'NONE', #11977, #9905, #5362, .T. ) ;
#7203 = CARTESIAN_POINT ( 'NONE',  ( 57.89895923599142691, 7.500000000000000000, -36.89895923599147665 ) ) ;
#7204 = VECTOR ( 'NONE', #10243, 1000.000000000000000 ) ;
#7205 = ORIENTED_EDGE ( 'NONE', *, *, #3374, .T. ) ;
#7206 = ORIENTED_EDGE ( 'NONE', *, *, #9650, .T. ) ;
#7207 = ORIENTED_EDGE ( 'NONE', *, *, #10750, .T. ) ;
#7208 = FACE_OUTER_BOUND ( 'NONE', #4398, .T. ) ;
#7209 = DIRECTION ( 'NONE',  ( 0.000000000000000000, 0.000000000000000000, -1.000000000000000000 ) ) ;
#7210 = ORIENTED_EDGE ( 'NONE', *, *, #9407, .F. ) ;
#7211 = ADVANCED_FACE ( 'NONE', ( #3481 ), #9060, .F. ) ;
#7212 = LINE ( 'NONE', #10910, #8464 ) ;
#7213 = FACE_OUTER_BOUND ( 'NONE', #168, .T. ) ;
#7214 = ORIENTED_EDGE ( 'NONE', *, *, #11601, .F. ) ;
#7215 = ORIENTED_EDGE ( 'NONE', *, *, #11376, .F. ) ;
#7216 = VECTOR ( 'NONE', #6487, 1000.000000000000114 ) ;
#7217 = ORIENTED_EDGE ( 'NONE', *, *, #103, .F. ) ;
#7218 = CARTESIAN_POINT ( 'NONE',  ( 35.44999999999999574, 10.80000000000000426, 33.62500000000000000 ) ) ;
#7219 = LINE ( 'NONE', #5342, #3402 ) ;
#7220 = VECTOR ( 'NONE', #10319, 1000.000000000000114 ) ;
#7221 = FACE_OUTER_BOUND ( 'NONE', #1671, .T. ) ;
#7222 = ORIENTED_EDGE ( 'NONE', *, *, #7513, .F. ) ;
#7223 = DIRECTION ( 'NONE',  ( 1.000000000000000000, 0.000000000000000000, 0.000000000000000000 ) ) ;
#7224 = VERTEX_POINT ( 'NONE', #4514 ) ;
#7225 = LINE ( 'NONE', #4503, #11756 ) ;
#7226 = DIRECTION ( 'NONE',  ( -0.9612616959383174509, -0.2756373558170042704, 0.000000000000000000 ) ) ;
#7227 = EDGE_LOOP ( 'NONE', ( #9716, #10041, #6822, #1545, #3088, #8134, #3878, #8743, #8247, #9210, #11295, #4209, #4213, #10188, #2099, #8249, #7722, #5089, #8456, #166, #2213, #2444, #7351, #4546, #4610, #11874, #6830, #303, #1289, #8367, #4841, #4431 ) ) ;
#7228 = EDGE_LOOP ( 'NONE', ( #4360, #6663, #598, #11870 ) ) ;
#7229 = LINE ( 'NONE', #9889, #9485 ) ;
#7230 = VECTOR ( 'NONE', #8513, 1000.000000000000000 ) ;
#7231 = CARTESIAN_POINT ( 'NONE',  ( -51.62500000000000000, 7.500000000000000000, 10.49625977300367907 ) ) ;
#7232 = VECTOR ( 'NONE', #1201, 1000.000000000000114 ) ;
#7233 = CARTESIAN_POINT ( 'NONE',  ( -27.54999999999999361, 10.80000000000000071, 8.449999999999617373 ) ) ;
#7234 = EDGE_CURVE ( 'NONE', #9795, #2500, #8148, .T. ) ;
#7235 = VECTOR ( 'NONE', #6705, 1000.000000000000114 ) ;
#7236 = FACE_OUTER_BOUND ( 'NONE', #866, .T. ) ;
#7237 = LINE ( 'NONE', #9895, #8368 ) ;
#7238 = VECTOR ( 'NONE', #3683, 1000.000000000000000 ) ;
#7239 = VECTOR ( 'NONE', #7760, 1000.000000000000000 ) ;
#7240 = CARTESIAN_POINT ( 'NONE',  ( 45.54999999999999005, 10.80000000000000071, 35.44999999999961204 ) ) ;
#7241 = CARTESIAN_POINT ( 'NONE',  ( 0.000000000000000000, 8.566080860090853122, 34.80943399447238562 ) ) ;
#7242 = ORIENTED_EDGE ( 'NONE', *, *, #7376, .F. ) ;
#7243 = VECTOR ( 'NONE', #10153, 1000.000000000000000 ) ;
#7244 = CARTESIAN_POINT ( 'NONE',  ( -0.4124163967275036868, 7.271022431965715960, 10.56191803407978469 ) ) ;
#7245 = ADVANCED_FACE ( 'NONE', ( #5421 ), #11836, .F. ) ;
#7246 = ORIENTED_EDGE ( 'NONE', *, *, #1560, .F. ) ;
#7247 = DIRECTION ( 'NONE',  ( 0.000000000000000000, -0.000000000000000000, 1.000000000000000000 ) ) ;
#7248 = CARTESIAN_POINT ( 'NONE',  ( -17.44999999999999929, 10.80000000000000426, -33.62500000000000000 ) ) ;
#7249 = ORIENTED_EDGE ( 'NONE', *, *, #7474, .F. ) ;
#7250 = VECTOR ( 'NONE', #6915, 1000.000000000000000 ) ;
#7251 = EDGE_CURVE ( 'NONE', #9693, #8631, #3544, .T. ) ;
#7252 = CARTESIAN_POINT ( 'NONE',  ( -53.44999999999999574, 10.80000000000000071, 27.54999999999960991 ) ) ;
#7253 = EDGE_CURVE ( 'NONE', #8451, #8043, #10813, .T. ) ;
#7254 = VECTOR ( 'NONE', #10841, 1000.000000000000114 ) ;
#7255 = DIRECTION ( 'NONE',  ( 0.5001519828512182020, 0.8323926831162096196, -0.2386847610229694550 ) ) ;
#7256 = EDGE_CURVE ( 'NONE', #1504, #11069, #10938, .T. ) ;
#7257 = CARTESIAN_POINT ( 'NONE',  ( 25.50374022699593368, 7.500000000000000000, 0.000000000000000000 ) ) ;
#7258 = EDGE_CURVE ( 'NONE', #447, #9917, #1533, .T. ) ;
#7259 = ORIENTED_EDGE ( 'NONE', *, *, #5024, .T. ) ;
#7260 = DIRECTION ( 'NONE',  ( -0.2657276780299911434, -0.9267025424900801056, 0.2657276780299911434 ) ) ;
#7261 = EDGE_LOOP ( 'NONE', ( #781, #3423, #11268, #11876 ) ) ;
#7262 = EDGE_CURVE ( 'NONE', #6465, #6500, #10086, .T. ) ;
#7263 = CARTESIAN_POINT ( 'NONE',  ( -26.45000000000000284, 10.80000000000000071, -0.5500000000003835154 ) ) ;
#7264 = LINE ( 'NONE', #5506, #7933 ) ;
#7265 = ORIENTED_EDGE ( 'NONE', *, *, #10868, .T. ) ;
#7266 = CARTESIAN_POINT ( 'NONE',  ( -46.49625977300406277, 7.500000000000000000, 0.000000000000000000 ) ) ;
#7267 = LINE ( 'NONE', #1618, #10693 ) ;
#7268 = EDGE_CURVE ( 'NONE', #6247, #2970, #6335, .T. ) ;
#7269 = DIRECTION ( 'NONE',  ( 1.000000000000000000, 0.000000000000000000, 0.000000000000000000 ) ) ;
#7270 = DIRECTION ( 'NONE',  ( 0.000000000000000000, -0.2756373558170042704, 0.9612616959383174509 ) ) ;
#7271 = VERTEX_POINT ( 'NONE', #6635 ) ;
#7272 = ORIENTED_EDGE ( 'NONE', *, *, #9696, .F. ) ;
#7273 = ORIENTED_EDGE ( 'NONE', *, *, #3626, .F. ) ;
#7274 = DIRECTION ( 'NONE',  ( 0.5001519828512182020, 0.8323926831162096196, 0.2386847610229696770 ) ) ;
#7275 = DIRECTION ( 'NONE',  ( -0.000000000000000000, -0.000000000000000000, 1.000000000000000000 ) ) ;
#7276 = ORIENTED_EDGE ( 'NONE', *, *, #2420, .F. ) ;
#7277 = FACE_OUTER_BOUND ( 'NONE', #626, .T. ) ;
#7278 = VERTEX_POINT ( 'NONE', #144 ) ;
#7279 = VERTEX_POINT ( 'NONE', #8329 ) ;
#7280 = ORIENTED_EDGE ( 'NONE', *, *, #4040, .F. ) ;
#7281 = ORIENTED_EDGE ( 'NONE', *, *, #2186, .F. ) ;
#7282 = LINE ( 'NONE', #1637, #7980 ) ;
#7283 = DIRECTION ( 'NONE',  ( 0.000000000000000000, 0.000000000000000000, -1.000000000000000000 ) ) ;
#7284 = AXIS2_PLACEMENT_3D ( 'NONE', #7928, #4168, #529 ) ;
#7285 = EDGE_CURVE ( 'NONE', #8090, #5004, #199, .T. ) ;
#7286 = ORIENTED_EDGE ( 'NONE', *, *, #4071, .F. ) ;
#7287 = PLANE ( 'NONE',  #11469 ) ;
#7288 = CARTESIAN_POINT ( 'NONE',  ( 53.44999999999999574, 10.80000000000000071, -18.55000000000037730 ) ) ;
#7289 = ORIENTED_EDGE ( 'NONE', *, *, #2287, .T. ) ;
#7290 = AXIS2_PLACEMENT_3D ( 'NONE', #8618, #9287, #3886 ) ;
#7291 = LINE ( 'NONE', #8318, #4987 ) ;
#7292 = PLANE ( 'NONE',  #9360 ) ;
#7293 = ORIENTED_EDGE ( 'NONE', *, *, #8698, .F. ) ;
#7294 = ORIENTED_EDGE ( 'NONE', *, *, #2517, .T. ) ;
#7295 = EDGE_CURVE ( 'NONE', #2036, #9898, #5608, .T. ) ;
#7296 = CARTESIAN_POINT ( 'NONE',  ( 24.62500000000000355, 7.500000000000000000, 1.496259773003681737 ) ) ;
#7297 = FACE_OUTER_BOUND ( 'NONE', #9818, .T. ) ;
#7298 = LINE ( 'NONE', #8323, #694 ) ;
#7299 = EDGE_CURVE ( 'NONE', #754, #4530, #8275, .T. ) ;
#7300 = LINE ( 'NONE', #3944, #6726 ) ;
#7301 = VECTOR ( 'NONE', #7260, 1000.000000000000227 ) ;
#7302 = FACE_OUTER_BOUND ( 'NONE', #6041, .T. ) ;
#7303 = CARTESIAN_POINT ( 'NONE',  ( 29.37500000000000355, 7.500000000000000000, -7.503740226996326257 ) ) ;
#7304 = CARTESIAN_POINT ( 'NONE',  ( 43.50374022699593723, 7.500000000000000000, 33.62500000000000000 ) ) ;
#7305 = ORIENTED_EDGE ( 'NONE', *, *, #5070, .T. ) ;
#7306 = DIRECTION ( 'NONE',  ( 0.000000000000000000, 0.000000000000000000, -1.000000000000000000 ) ) ;
#7307 = AXIS2_PLACEMENT_3D ( 'NONE', #1264, #4972, #1498 ) ;
#7308 = AXIS2_PLACEMENT_3D ( 'NONE', #5148, #539, #2421 ) ;
#7309 = ORIENTED_EDGE ( 'NONE', *, *, #1513, .T. ) ;
#7310 = DIRECTION ( 'NONE',  ( 0.000000000000000000, 0.000000000000000000, -1.000000000000000000 ) ) ;
#7311 = DIRECTION ( 'NONE',  ( 0.000000000000000000, 0.000000000000000000, 1.000000000000000000 ) ) ;
#7312 = ORIENTED_EDGE ( 'NONE', *, *, #1274, .F. ) ;
#7313 = EDGE_CURVE ( 'NONE', #3635, #8874, #9245, .T. ) ;
#7314 = DIRECTION ( 'NONE',  ( -0.9612616959383174509, -0.2756373558170042704, 0.000000000000000000 ) ) ;
#7315 = VECTOR ( 'NONE', #1918, 1000.000000000000000 ) ;
#7316 = LINE ( 'NONE', #11791, #4210 ) ;
#7317 = EDGE_CURVE ( 'NONE', #7900, #1748, #11119, .T. ) ;
#7318 = CARTESIAN_POINT ( 'NONE',  ( 29.37500000000000000, 10.80000000000000426, 33.62500000000000000 ) ) ;
#7319 = EDGE_CURVE ( 'NONE', #3101, #9747, #2816, .T. ) ;
#7320 = ORIENTED_EDGE ( 'NONE', *, *, #270, .F. ) ;
#7321 = LINE ( 'NONE', #1736, #327 ) ;
#7322 = ORIENTED_EDGE ( 'NONE', *, *, #4810, .F. ) ;
#7323 = ADVANCED_FACE ( 'NONE', ( #2083 ), #3902, .T. ) ;
#7324 = EDGE_CURVE ( 'NONE', #525, #5487, #6521, .T. ) ;
#7325 = CARTESIAN_POINT ( 'NONE',  ( -0.5499999999999949374, 10.80000000000000071, -0.5500000000003835154 ) ) ;
#7326 = CARTESIAN_POINT ( 'NONE',  ( 1.190566005527361249, 8.566080860090398374, 0.000000000000000000 ) ) ;
#7327 = VERTEX_POINT ( 'NONE', #4697 ) ;
#7328 = PLANE ( 'NONE',  #6080 ) ;
#7329 = LINE ( 'NONE', #1925, #618 ) ;
#7330 = DIRECTION ( 'NONE',  ( -1.000000000000000000, -0.000000000000000000, -0.000000000000000000 ) ) ;
#7331 = FACE_OUTER_BOUND ( 'NONE', #3885, .T. ) ;
#7332 = ORIENTED_EDGE ( 'NONE', *, *, #9760, .T. ) ;
#7333 = ORIENTED_EDGE ( 'NONE', *, *, #504, .F. ) ;
#7334 = ORIENTED_EDGE ( 'NONE', *, *, #6477, .F. ) ;
#7335 = DIRECTION ( 'NONE',  ( -0.000000000000000000, 0.9612616959383174509, 0.2756373558170039373 ) ) ;
#7336 = CARTESIAN_POINT ( 'NONE',  ( -27.55000000000000426, -11.50000000000000000, -35.45000000000002416 ) ) ;
#7337 = VERTEX_POINT ( 'NONE', #4759 ) ;
#7338 = LINE ( 'NONE', #10060, #721 ) ;
#7339 = VERTEX_POINT ( 'NONE', #5550 ) ;
#7340 = ORIENTED_EDGE ( 'NONE', *, *, #3166, .F. ) ;
#7341 = ORIENTED_EDGE ( 'NONE', *, *, #1343, .F. ) ;
#7342 = ORIENTED_EDGE ( 'NONE', *, *, #6571, .T. ) ;
#7343 = PLANE ( 'NONE',  #4892 ) ;
#7344 = VECTOR ( 'NONE', #4102, 1000.000000000000114 ) ;
#7345 = LINE ( 'NONE', #5530, #9596 ) ;
#7346 = EDGE_LOOP ( 'NONE', ( #7894, #5128, #714, #7276 ) ) ;
#7347 = ADVANCED_FACE ( 'NONE', ( #8389 ), #7422, .F. ) ;
#7348 = LINE ( 'NONE', #9947, #9923 ) ;
#7349 = VECTOR ( 'NONE', #7080, 1000.000000000000114 ) ;
#7350 = LINE ( 'NONE', #126, #847 ) ;
#7351 = ORIENTED_EDGE ( 'NONE', *, *, #5047, .F. ) ;
#7352 = DIRECTION ( 'NONE',  ( -0.9612616959383174509, -0.2756373558170042704, 0.000000000000000000 ) ) ;
#7353 = CARTESIAN_POINT ( 'NONE',  ( 24.62500000000000000, 10.80000000000000426, 8.449999999999617373 ) ) ;
#7354 = ORIENTED_EDGE ( 'NONE', *, *, #8881, .F. ) ;
#7355 = EDGE_CURVE ( 'NONE', #11866, #9905, #8509, .T. ) ;
#7356 = ORIENTED_EDGE ( 'NONE', *, *, #5625, .T. ) ;
#7357 = CARTESIAN_POINT ( 'NONE',  ( 1.190566005527356142, 8.566080860090391269, 0.000000000000000000 ) ) ;
#7358 = CARTESIAN_POINT ( 'NONE',  ( 8.449999999999999289, 10.80000000000000426, -33.62500000000000000 ) ) ;
#7359 = VECTOR ( 'NONE', #10988, 1000.000000000000114 ) ;
#7360 = EDGE_CURVE ( 'NONE', #15, #2486, #7483, .T. ) ;
#7361 = LINE ( 'NONE', #4815, #2748 ) ;
#7362 = ADVANCED_FACE ( 'NONE', ( #2872 ), #5785, .F. ) ;
#7363 = DIRECTION ( 'NONE',  ( 1.000000000000000000, 0.000000000000000000, 0.000000000000000000 ) ) ;
#7364 = CARTESIAN_POINT ( 'NONE',  ( -24.62500000000000000, 10.80000000000000426, -0.5500000000003835154 ) ) ;
#7365 = ORIENTED_EDGE ( 'NONE', *, *, #2819, .T. ) ;
#7366 = LINE ( 'NONE', #2755, #4333 ) ;
#7367 = ADVANCED_FACE ( 'NONE', ( #5665 ), #3844, .F. ) ;
#7368 = ORIENTED_EDGE ( 'NONE', *, *, #1746, .T. ) ;
#7369 = LINE ( 'NONE', #9001, #3766 ) ;
#7370 = CARTESIAN_POINT ( 'NONE',  ( 0.000000000000000000, 7.500000000000000000, -28.49625977300445356 ) ) ;
#7371 = EDGE_LOOP ( 'NONE', ( #8482, #3585, #8960, #8438 ) ) ;
#7372 = CARTESIAN_POINT ( 'NONE',  ( -26.45000000000000284, -11.50000000000000000, -35.44999999999999574 ) ) ;
#7373 = PLANE ( 'NONE',  #7506 ) ;
#7374 = DIRECTION ( 'NONE',  ( 1.000000000000000000, 0.000000000000000000, 0.000000000000000000 ) ) ;
#7375 = VERTEX_POINT ( 'NONE', #8450 ) ;
#7376 = EDGE_CURVE ( 'NONE', #11785, #8126, #7541, .T. ) ;
#7377 = CARTESIAN_POINT ( 'NONE',  ( -19.83347944262236595, 18.51173940819399988, -16.33869430852633897 ) ) ;
#7378 = ORIENTED_EDGE ( 'NONE', *, *, #4085, .T. ) ;
#7379 = CARTESIAN_POINT ( 'NONE',  ( -29.37500000000000000, 10.80000000000000426, 17.44999999999961560 ) ) ;
#7380 = DIRECTION ( 'NONE',  ( -0.000000000000000000, -0.2756373558170040483, -0.9612616959383175619 ) ) ;
#7381 = ORIENTED_EDGE ( 'NONE', *, *, #10838, .T. ) ;
#7382 = DIRECTION ( 'NONE',  ( 0.000000000000000000, 0.000000000000000000, 1.000000000000000000 ) ) ;
#7383 = CARTESIAN_POINT ( 'NONE',  ( 27.54999999999999005, 10.80000000000000071, 0.5499999999996132427 ) ) ;
#7384 = DIRECTION ( 'NONE',  ( 0.000000000000000000, 0.000000000000000000, -1.000000000000000000 ) ) ;
#7385 = EDGE_CURVE ( 'NONE', #4179, #3655, #11237, .T. ) ;
#7386 = DIRECTION ( 'NONE',  ( 1.000000000000000000, 0.000000000000000000, -0.000000000000000000 ) ) ;
#7387 = VECTOR ( 'NONE', #1927, 1000.000000000000114 ) ;
#7388 = ORIENTED_EDGE ( 'NONE', *, *, #7857, .T. ) ;
#7389 = AXIS2_PLACEMENT_3D ( 'NONE', #11272, #1031, #2173 ) ;
#7390 = EDGE_LOOP ( 'NONE', ( #5022, #3493, #10055, #497 ) ) ;
#7391 = ORIENTED_EDGE ( 'NONE', *, *, #5574, .T. ) ;
#7392 = PLANE ( 'NONE',  #2248 ) ;
#7393 = CARTESIAN_POINT ( 'NONE',  ( -24.62500000000000000, 10.80000000000000071, 0.000000000000000000 ) ) ;
#7394 = ORIENTED_EDGE ( 'NONE', *, *, #5403, .F. ) ;
#7395 = CARTESIAN_POINT ( 'NONE',  ( -25.80943399447264142, 8.566080860090407256, 1.190566005526970228 ) ) ;
#7396 = ORIENTED_EDGE ( 'NONE', *, *, #11278, .T. ) ;
#7397 = VERTEX_POINT ( 'NONE', #4579 ) ;
#7398 = AXIS2_PLACEMENT_3D ( 'NONE', #5049, #503, #3236 ) ;
#7399 = VECTOR ( 'NONE', #3732, 1000.000000000000114 ) ;
#7400 = VERTEX_POINT ( 'NONE', #7364 ) ;
#7401 = CARTESIAN_POINT ( 'NONE',  ( 18.54999999999999716, 10.80000000000000071, 18.54999999999960991 ) ) ;
#7402 = DIRECTION ( 'NONE',  ( 1.000000000000000000, 0.000000000000000000, 0.000000000000000000 ) ) ;
#7403 = EDGE_CURVE ( 'NONE', #8252, #9008, #10555, .T. ) ;
#7404 = VECTOR ( 'NONE', #3017, 1000.000000000000000 ) ;
#7405 = EDGE_LOOP ( 'NONE', ( #9841, #7762, #7092, #2905, #11424, #2441, #3948, #8078, #141, #10573, #8865, #2273 ) ) ;
#7406 = PLANE ( 'NONE',  #8824 ) ;
#7407 = LINE ( 'NONE', #4562, #3768 ) ;
#7408 = VECTOR ( 'NONE', #8833, 1000.000000000000000 ) ;
#7409 = VERTEX_POINT ( 'NONE', #1167 ) ;
#7410 = DIRECTION ( 'NONE',  ( -0.000000000000000000, -0.2756373558170042704, -0.9612616959383174509 ) ) ;
#7411 = CARTESIAN_POINT ( 'NONE',  ( -52.80943399447264142, 8.566080860090407256, 0.000000000000000000 ) ) ;
#7412 = VERTEX_POINT ( 'NONE', #10613 ) ;
#7413 = VERTEX_POINT ( 'NONE', #5102 ) ;
#7414 = LINE ( 'NONE', #10313, #11222 ) ;
#7415 = CARTESIAN_POINT ( 'NONE',  ( -40.07937528197223997, 29.75245638442227047, 31.88452941702788479 ) ) ;
#7416 = VECTOR ( 'NONE', #8996, 1000.000000000000000 ) ;
#7417 = EDGE_CURVE ( 'NONE', #9773, #6692, #2312, .T. ) ;
#7418 = DIRECTION ( 'NONE',  ( -1.000000000000000000, -0.000000000000000000, -0.000000000000000000 ) ) ;
#7419 = ORIENTED_EDGE ( 'NONE', *, *, #4939, .T. ) ;
#7420 = LINE ( 'NONE', #2566, #1405 ) ;
#7421 = ADVANCED_FACE ( 'NONE', ( #3052 ), #9701, .F. ) ;
#7422 = PLANE ( 'NONE',  #6669 ) ;
#7423 = ORIENTED_EDGE ( 'NONE', *, *, #6561, .F. ) ;
#7424 = VECTOR ( 'NONE', #7306, 1000.000000000000000 ) ;
#7425 = DIRECTION ( 'NONE',  ( 0.5001519828512182020, -0.8323926831162096196, 0.2386847610229694550 ) ) ;
#7426 = AXIS2_PLACEMENT_3D ( 'NONE', #575, #3125, #5981 ) ;
#7427 = ORIENTED_EDGE ( 'NONE', *, *, #2844, .F. ) ;
#7428 = DIRECTION ( 'NONE',  ( -0.000000000000000000, -0.000000000000000000, 1.000000000000000000 ) ) ;
#7429 = LINE ( 'NONE', #6527, #3893 ) ;
#7430 = ORIENTED_EDGE ( 'NONE', *, *, #2234, .F. ) ;
#7431 = DIRECTION ( 'NONE',  ( 0.000000000000000000, 0.000000000000000000, -1.000000000000000000 ) ) ;
#7432 = VECTOR ( 'NONE', #3421, 1000.000000000000114 ) ;
#7433 = CARTESIAN_POINT ( 'NONE',  ( 24.62500000000000000, 10.53731005528969256, -27.62532512953128716 ) ) ;
#7434 = EDGE_CURVE ( 'NONE', #6968, #11842, #3223, .T. ) ;
#7435 = VECTOR ( 'NONE', #7947, 1000.000000000000000 ) ;
#7436 = CARTESIAN_POINT ( 'NONE',  ( 29.37500000000000355, 7.500000000000000000, 7.503740226995549101 ) ) ;
#7437 = ORIENTED_EDGE ( 'NONE', *, *, #8814, .T. ) ;
#7438 = LINE ( 'NONE', #10339, #3821 ) ;
#7439 = EDGE_LOOP ( 'NONE', ( #9315, #3730, #1950, #4724 ) ) ;
#7440 = VECTOR ( 'NONE', #11285, 1000.000000000000114 ) ;
#7441 = FACE_OUTER_BOUND ( 'NONE', #9998, .T. ) ;
#7442 = ORIENTED_EDGE ( 'NONE', *, *, #2488, .T. ) ;
#7443 = FACE_OUTER_BOUND ( 'NONE', #930, .T. ) ;
#7444 = EDGE_CURVE ( 'NONE', #10479, #8782, #9648, .T. ) ;
#7445 = VECTOR ( 'NONE', #6607, 1000.000000000000000 ) ;
#7446 = CARTESIAN_POINT ( 'NONE',  ( -28.19056600552735148, 8.566080860090394822, 0.000000000000000000 ) ) ;
#7447 = CARTESIAN_POINT ( 'NONE',  ( -9.625325129530896362, 10.53731005528969611, -33.62500000000000000 ) ) ;
#7448 = CARTESIAN_POINT ( 'NONE',  ( -34.50374022699593013, 7.500000000000000000, 0.000000000000000000 ) ) ;
#7449 = EDGE_CURVE ( 'NONE', #7148, #10202, #5959, .T. ) ;
#7450 = ORIENTED_EDGE ( 'NONE', *, *, #9384, .T. ) ;
#7451 = CARTESIAN_POINT ( 'NONE',  ( 44.37467487046909298, 10.53731005528967302, 33.62500000000000000 ) ) ;
#7452 = ORIENTED_EDGE ( 'NONE', *, *, #8460, .T. ) ;
#7453 = ORIENTED_EDGE ( 'NONE', *, *, #2880, .T. ) ;
#7454 = EDGE_CURVE ( 'NONE', #2500, #6804, #9592, .T. ) ;
#7455 = CARTESIAN_POINT ( 'NONE',  ( -51.62500000000000000, 10.80000000000000071, 0.000000000000000000 ) ) ;
#7456 = CARTESIAN_POINT ( 'NONE',  ( 26.45000000000000284, 10.80000000000000071, 0.5499999999996132427 ) ) ;
#7457 = EDGE_LOOP ( 'NONE', ( #5671, #6540, #542, #3957 ) ) ;
#7458 = EDGE_CURVE ( 'NONE', #6241, #7339, #6982, .T. ) ;
#7459 = DIRECTION ( 'NONE',  ( -1.000000000000000000, 0.000000000000000000, 0.000000000000000000 ) ) ;
#7460 = DIRECTION ( 'NONE',  ( -0.000000000000000000, -0.000000000000000000, 1.000000000000000000 ) ) ;
#7461 = ORIENTED_EDGE ( 'NONE', *, *, #11955, .T. ) ;
#7462 = ORIENTED_EDGE ( 'NONE', *, *, #4951, .F. ) ;
#7463 = LINE ( 'NONE', #4855, #7594 ) ;
#7464 = DIRECTION ( 'NONE',  ( -0.000000000000000000, -0.2756373558170042704, -0.9612616959383174509 ) ) ;
#7465 = EDGE_CURVE ( 'NONE', #11029, #7697, #6013, .T. ) ;
#7466 = VERTEX_POINT ( 'NONE', #2137 ) ;
#7467 = DIRECTION ( 'NONE',  ( -0.000000000000000000, 0.000000000000000000, 1.000000000000000000 ) ) ;
#7468 = CARTESIAN_POINT ( 'NONE',  ( 53.44999999999999574, 10.80000000000000071, 26.44999999999961204 ) ) ;
#7469 = ORIENTED_EDGE ( 'NONE', *, *, #2429, .T. ) ;
#7470 = CARTESIAN_POINT ( 'NONE',  ( 25.50374022699592658, 7.500000000000000000, 0.000000000000000000 ) ) ;
#7471 = LINE ( 'NONE', #6511, #1048 ) ;
#7472 = ORIENTED_EDGE ( 'NONE', *, *, #6208, .F. ) ;
#7473 = EDGE_CURVE ( 'NONE', #4150, #2620, #11409, .T. ) ;
#7474 = EDGE_CURVE ( 'NONE', #1824, #3101, #7772, .T. ) ;
#7475 = ORIENTED_EDGE ( 'NONE', *, *, #2774, .F. ) ;
#7476 = CARTESIAN_POINT ( 'NONE',  ( 45.54999999999999005, 10.80000000000000071, 27.54999999999960991 ) ) ;
#7477 = VECTOR ( 'NONE', #3274, 1000.000000000000114 ) ;
#7478 = DIRECTION ( 'NONE',  ( 0.9612616959383174509, -0.2756373558170042704, 0.000000000000000000 ) ) ;
#7479 = LINE ( 'NONE', #934, #7780 ) ;
#7480 = EDGE_LOOP ( 'NONE', ( #1815, #8032, #11401, #11449 ) ) ;
#7481 = VECTOR ( 'NONE', #3839, 1000.000000000000114 ) ;
#7482 = CARTESIAN_POINT ( 'NONE',  ( 56.48474567361831333, 7.500000000000000000, -35.48474567361837018 ) ) ;
#7483 = LINE ( 'NONE', #10320, #1233 ) ;
#7484 = ORIENTED_EDGE ( 'NONE', *, *, #9741, .F. ) ;
#7485 = LINE ( 'NONE', #1059, #7802 ) ;
#7486 = EDGE_CURVE ( 'NONE', #7705, #6198, #3968, .T. ) ;
#7487 = ORIENTED_EDGE ( 'NONE', *, *, #4058, .T. ) ;
#7488 = CARTESIAN_POINT ( 'NONE',  ( 2.375000000000005773, 10.80000000000000426, -8.450000000000388312 ) ) ;
#7489 = PLANE ( 'NONE',  #2528 ) ;
#7490 = EDGE_LOOP ( 'NONE', ( #9938, #9141, #9356, #213 ) ) ;
#7491 = VECTOR ( 'NONE', #6606, 1000.000000000000000 ) ;
#7492 = DIRECTION ( 'NONE',  ( 0.2386847610229713423, 0.8323926831162092865, -0.5001519828512179799 ) ) ;
#7493 = CARTESIAN_POINT ( 'NONE',  ( 1.390607076609482240, 7.868454739437195755, 16.60939292339012852 ) ) ;
#7494 = CARTESIAN_POINT ( 'NONE',  ( 17.45000000000000639, 10.80000000000000071, -35.45000000000039364 ) ) ;
#7495 = VECTOR ( 'NONE', #8270, 1000.000000000000114 ) ;
#7496 = VECTOR ( 'NONE', #8016, 1000.000000000000114 ) ;
#7497 = LINE ( 'NONE', #3738, #9806 ) ;
#7498 = ORIENTED_EDGE ( 'NONE', *, *, #10409, .F. ) ;
#7499 = CARTESIAN_POINT ( 'NONE',  ( 1.190566005527356364, 8.566080860090391269, 7.809433994472256835 ) ) ;
#7500 = VECTOR ( 'NONE', #7004, 1000.000000000000114 ) ;
#7501 = LINE ( 'NONE', #10277, #2689 ) ;
#7502 = VERTEX_POINT ( 'NONE', #6078 ) ;
#7503 = EDGE_CURVE ( 'NONE', #9271, #5568, #6927, .T. ) ;
#7504 = CARTESIAN_POINT ( 'NONE',  ( 1.390607076609475357, 7.868454739437193979, -1.390607076609864157 ) ) ;
#7505 = CARTESIAN_POINT ( 'NONE',  ( -1.190566005527361026, 8.566080860090398374, -25.80943399447301445 ) ) ;
#7506 = AXIS2_PLACEMENT_3D ( 'NONE', #3856, #3673, #5617 ) ;
#7507 = AXIS2_PLACEMENT_3D ( 'NONE', #6185, #8305, #8181 ) ;
#7508 = DIRECTION ( 'NONE',  ( -1.000000000000000000, 0.000000000000000000, 0.000000000000000000 ) ) ;
#7509 = ORIENTED_EDGE ( 'NONE', *, *, #9403, .T. ) ;
#7510 = CARTESIAN_POINT ( 'NONE',  ( -51.62500000000000000, 10.80000000000000426, 33.62500000000000000 ) ) ;
#7511 = ORIENTED_EDGE ( 'NONE', *, *, #10714, .F. ) ;
#7512 = ORIENTED_EDGE ( 'NONE', *, *, #9855, .F. ) ;
#7513 = EDGE_CURVE ( 'NONE', #11120, #10913, #7893, .T. ) ;
#7514 = DIRECTION ( 'NONE',  ( 0.9612616959383174509, -0.2756373558170042704, 0.000000000000000000 ) ) ;
#7515 = DIRECTION ( 'NONE',  ( -0.000000000000000000, -0.2756373558170042704, -0.9612616959383174509 ) ) ;
#7516 = VERTEX_POINT ( 'NONE', #3280 ) ;
#7517 = LINE ( 'NONE', #4789, #332 ) ;
#7518 = LINE ( 'NONE', #4671, #8394 ) ;
#7519 = VERTEX_POINT ( 'NONE', #8573 ) ;
#7520 = CARTESIAN_POINT ( 'NONE',  ( 25.80943399447264497, 8.566080860090401927, 0.000000000000000000 ) ) ;
#7521 = ORIENTED_EDGE ( 'NONE', *, *, #230, .T. ) ;
#7522 = LINE ( 'NONE', #7574, #3921 ) ;
#7523 = PLANE ( 'NONE',  #11526 ) ;
#7524 = DIRECTION ( 'NONE',  ( 0.2657276780299913099, -0.9267025424900799946, 0.2657276780299913099 ) ) ;
#7525 = ORIENTED_EDGE ( 'NONE', *, *, #8552, .T. ) ;
#7526 = CARTESIAN_POINT ( 'NONE',  ( 61.43449314192414334, 7.500000000000000000, -33.36342533005872468 ) ) ;
#7527 = LINE ( 'NONE', #5595, #5118 ) ;
#7528 = ORIENTED_EDGE ( 'NONE', *, *, #790, .F. ) ;
#7529 = CARTESIAN_POINT ( 'NONE',  ( -28.19056600552735503, 8.566080860090394822, 25.80943399447225417 ) ) ;
#7530 = CARTESIAN_POINT ( 'NONE',  ( -2.375000000000005773, 10.53731005528968545, 33.62500000000000000 ) ) ;
#7532 = ORIENTED_EDGE ( 'NONE', *, *, #8814, .F. ) ;
#7531 = EDGE_CURVE ( 'NONE', #849, #10876, #3103, .T. ) ;
#7533 = VERTEX_POINT ( 'NONE', #10439 ) ;
#7534 = DIRECTION ( 'NONE',  ( -0.000000000000000000, -0.000000000000000000, 1.000000000000000000 ) ) ;
#7535 = CARTESIAN_POINT ( 'NONE',  ( 0.000000000000000000, 7.500000000000000000, -1.496259773004444904 ) ) ;
#7536 = EDGE_CURVE ( 'NONE', #4532, #10611, #1229, .T. ) ;
#7537 = CARTESIAN_POINT ( 'NONE',  ( 53.44999999999999574, -11.50000000000000000, 35.44999999999998863 ) ) ;
#7538 = ORIENTED_EDGE ( 'NONE', *, *, #3257, .T. ) ;
#7539 = MANIFOLD_SOLID_BREP ( 'Boss-Extrude10', #7804 ) ;
#7540 = DIRECTION ( 'NONE',  ( -0.9612616959383174509, -0.2756373558170042704, 0.000000000000000000 ) ) ;
#7541 = LINE ( 'NONE', #9478, #1050 ) ;
#7542 = ORIENTED_EDGE ( 'NONE', *, *, #10315, .F. ) ;
#7543 = CARTESIAN_POINT ( 'NONE',  ( 29.37500000000000000, 10.80000000000000071, 0.000000000000000000 ) ) ;
#7544 = ORIENTED_EDGE ( 'NONE', *, *, #5619, .F. ) ;
#7545 = LINE ( 'NONE', #324, #1622 ) ;
#7546 = CARTESIAN_POINT ( 'NONE',  ( 38.73571359999212405, 22.25864506693676148, -26.58211138907234172 ) ) ;
#7547 = EDGE_LOOP ( 'NONE', ( #10187, #1914, #11864, #9729 ) ) ;
#7548 = VECTOR ( 'NONE', #5090, 1000.000000000000000 ) ;
#7549 = PLANE ( 'NONE',  #8559 ) ;
#7550 = EDGE_CURVE ( 'NONE', #7763, #2046, #4022, .T. ) ;
#7551 = DIRECTION ( 'NONE',  ( -0.2657276780299911434, 0.9267025424900801056, 0.2657276780299911434 ) ) ;
#7552 = VECTOR ( 'NONE', #399, 1000.000000000000114 ) ;
#7553 = CARTESIAN_POINT ( 'NONE',  ( -0.5500000000000088152, -11.50000000000000000, -35.45000000000000284 ) ) ;
#7554 = DIRECTION ( 'NONE',  ( 0.2386847610229713423, 0.8323926831162092865, 0.5001519828512179799 ) ) ;
#7555 = ORIENTED_EDGE ( 'NONE', *, *, #7202, .T. ) ;
#7556 = CARTESIAN_POINT ( 'NONE',  ( 0.000000000000000000, 7.500000000000000000, 19.49625977300367552 ) ) ;
#7557 = EDGE_LOOP ( 'NONE', ( #2858, #5055, #8432, #6723 ) ) ;
#7558 = DIRECTION ( 'NONE',  ( 0.000000000000000000, -0.9612616959383174509, 0.2756373558170042704 ) ) ;
#7559 = DIRECTION ( 'NONE',  ( -0.000000000000000000, 0.000000000000000000, 1.000000000000000000 ) ) ;
#7560 = EDGE_CURVE ( 'NONE', #5822, #4973, #1459, .T. ) ;
#7561 = VERTEX_POINT ( 'NONE', #7288 ) ;
#7562 = AXIS2_PLACEMENT_3D ( 'NONE', #11908, #3613, #10091 ) ;
#7563 = CARTESIAN_POINT ( 'NONE',  ( -35.44999999999999574, 10.80000000000000071, -17.45000000000039009 ) ) ;
#7564 = VERTEX_POINT ( 'NONE', #2435 ) ;
#7565 = ORIENTED_EDGE ( 'NONE', *, *, #4212, .T. ) ;
#7566 = CARTESIAN_POINT ( 'NONE',  ( 20.73571359999213115, 22.25864506693675438, -26.58211138907232041 ) ) ;
#7567 = CARTESIAN_POINT ( 'NONE',  ( 2.375000000000005773, 10.80000000000000426, -0.5500000000003835154 ) ) ;
#7568 = ADVANCED_FACE ( 'NONE', ( #8916 ), #1644, .F. ) ;
#7569 = ORIENTED_EDGE ( 'NONE', *, *, #8520, .F. ) ;
#7570 = DIRECTION ( 'NONE',  ( 0.000000000000000000, 0.000000000000000000, 1.000000000000000000 ) ) ;
#7571 = LINE ( 'NONE', #9330, #5687 ) ;
#7572 = FACE_OUTER_BOUND ( 'NONE', #2977, .T. ) ;
#7573 = EDGE_LOOP ( 'NONE', ( #3644, #5057, #8676, #6896 ) ) ;
#7574 = CARTESIAN_POINT ( 'NONE',  ( 27.55000000000000426, -11.50000000000000000, 35.45000000000000284 ) ) ;
#7575 = DIRECTION ( 'NONE',  ( -1.000000000000000000, 0.000000000000000000, 0.000000000000000000 ) ) ;
#7576 = VECTOR ( 'NONE', #4402, 1000.000000000000000 ) ;
#7577 = CARTESIAN_POINT ( 'NONE',  ( -27.54999999999999361, 10.80000000000000071, -27.55000000000038796 ) ) ;
#7578 = EDGE_CURVE ( 'NONE', #9553, #819, #9948, .T. ) ;
#7579 = ORIENTED_EDGE ( 'NONE', *, *, #10538, .T. ) ;
#7580 = CARTESIAN_POINT ( 'NONE',  ( 52.80943399447263431, 8.566080860090425020, -10.19056600552774228 ) ) ;
#7581 = PLANE ( 'NONE',  #10723 ) ;
#7582 = ORIENTED_EDGE ( 'NONE', *, *, #7746, .T. ) ;
#7583 = VECTOR ( 'NONE', #27, 1000.000000000000227 ) ;
#7584 = LINE ( 'NONE', #8560, #5763 ) ;
#7585 = CARTESIAN_POINT ( 'NONE',  ( 53.44999999999999574, 10.80000000000000071, -0.5500000000003835154 ) ) ;
#7586 = ORIENTED_EDGE ( 'NONE', *, *, #11486, .T. ) ;
#7587 = VERTEX_POINT ( 'NONE', #4442 ) ;
#7588 = CARTESIAN_POINT ( 'NONE',  ( -2.375000000000005773, 10.80000000000000426, 8.449999999999617373 ) ) ;
#7589 = DIRECTION ( 'NONE',  ( 0.000000000000000000, 0.000000000000000000, 1.000000000000000000 ) ) ;
#7590 = VECTOR ( 'NONE', #3604, 1000.000000000000114 ) ;
#7591 = EDGE_CURVE ( 'NONE', #763, #5703, #10923, .T. ) ;
#7592 = CARTESIAN_POINT ( 'NONE',  ( -51.62500000000000000, 10.80000000000000071, 0.000000000000000000 ) ) ;
#7593 = ORIENTED_EDGE ( 'NONE', *, *, #1224, .F. ) ;
#7594 = VECTOR ( 'NONE', #8547, 1000.000000000000114 ) ;
#7595 = DIRECTION ( 'NONE',  ( -0.000000000000000000, -0.000000000000000000, 1.000000000000000000 ) ) ;
#7596 = CARTESIAN_POINT ( 'NONE',  ( -54.49999999999997868, 10.79999999999989235, 36.49999999999959499 ) ) ;
#7597 = ORIENTED_EDGE ( 'NONE', *, *, #7550, .F. ) ;
#7598 = DIRECTION ( 'NONE',  ( -0.000000000000000000, -0.2756373558170042704, -0.9612616959383174509 ) ) ;
#7599 = VECTOR ( 'NONE', #1553, 1000.000000000000000 ) ;
#7600 = ADVANCED_FACE ( 'NONE', ( #7111 ), #6140, .F. ) ;
#7601 = VERTEX_POINT ( 'NONE', #550 ) ;
#7602 = DIRECTION ( 'NONE',  ( 1.000000000000000000, 0.000000000000000000, 0.000000000000000000 ) ) ;
#7603 = DIRECTION ( 'NONE',  ( 1.000000000000000000, 0.000000000000000000, 0.000000000000000000 ) ) ;
#7604 = ORIENTED_EDGE ( 'NONE', *, *, #5195, .F. ) ;
#7605 = VECTOR ( 'NONE', #3069, 1000.000000000000000 ) ;
#7606 = ADVANCED_FACE ( 'NONE', ( #10801 ), #4319, .F. ) ;
#7607 = CARTESIAN_POINT ( 'NONE',  ( 24.62500000000000000, 10.80000000000000426, 26.44999999999961204 ) ) ;
#7608 = DIRECTION ( 'NONE',  ( -0.2657276780299894225, 0.9267025424900811048, 0.2657276780299894225 ) ) ;
#7609 = VECTOR ( 'NONE', #2006, 1000.000000000000000 ) ;
#7610 = DIRECTION ( 'NONE',  ( 0.000000000000000000, -1.000000000000000000, 0.000000000000000000 ) ) ;
#7611 = EDGE_CURVE ( 'NONE', #2135, #5383, #2494, .T. ) ;
#7612 = VECTOR ( 'NONE', #1363, 1000.000000000000114 ) ;
#7613 = CARTESIAN_POINT ( 'NONE',  ( 61.43449314192414334, 10.49999999999999822, 33.36342533005872468 ) ) ;
#7614 = ORIENTED_EDGE ( 'NONE', *, *, #6855, .T. ) ;
#7615 = DIRECTION ( 'NONE',  ( 0.000000000000000000, 0.9612616959383174509, -0.2756373558170039373 ) ) ;
#7616 = PLANE ( 'NONE',  #6993 ) ;
#7617 = ORIENTED_EDGE ( 'NONE', *, *, #4898, .F. ) ;
#7618 = EDGE_CURVE ( 'NONE', #7601, #6907, #5283, .T. ) ;
#7619 = ADVANCED_FACE ( 'NONE', ( #3593 ), #2616, .F. ) ;
#7620 = CARTESIAN_POINT ( 'NONE',  ( 7.503740226995931017, 7.500000000000000000, -33.62500000000000000 ) ) ;
#7621 = VECTOR ( 'NONE', #11411, 1000.000000000000000 ) ;
#7622 = CARTESIAN_POINT ( 'NONE',  ( -62.00000000000000000, -11.50000000000000000, -41.00000000000000000 ) ) ;
#7623 = ADVANCED_FACE ( 'NONE', ( #9884 ), #11770, .F. ) ;
#7624 = VECTOR ( 'NONE', #9358, 1000.000000000000000 ) ;
#7625 = VERTEX_POINT ( 'NONE', #4500 ) ;
#7626 = CARTESIAN_POINT ( 'NONE',  ( 2.375000000000005773, 10.80000000000000426, 33.62500000000000000 ) ) ;
#7627 = EDGE_CURVE ( 'NONE', #8175, #5600, #10857, .T. ) ;
#7628 = VECTOR ( 'NONE', #9859, 1000.000000000000114 ) ;
#7629 = VERTEX_POINT ( 'NONE', #11885 ) ;
#7630 = VECTOR ( 'NONE', #3071, 1000.000000000000114 ) ;
#7631 = DIRECTION ( 'NONE',  ( 0.2386847610229713423, 0.8323926831162092865, 0.5001519828512179799 ) ) ;
#7632 = LINE ( 'NONE', #5758, #85 ) ;
#7633 = ORIENTED_EDGE ( 'NONE', *, *, #10719, .F. ) ;
#7634 = VECTOR ( 'NONE', #11568, 999.9999999999998863 ) ;
#7635 = DIRECTION ( 'NONE',  ( 0.7071067811865474617, 0.000000000000000000, -0.7071067811865474617 ) ) ;
#7636 = CARTESIAN_POINT ( 'NONE',  ( 26.45000000000000284, 10.80000000000000071, -9.550000000000384404 ) ) ;
#7637 = EDGE_CURVE ( 'NONE', #1416, #5079, #7350, .T. ) ;
#7638 = LINE ( 'NONE', #6672, #3340 ) ;
#7639 = ORIENTED_EDGE ( 'NONE', *, *, #8787, .T. ) ;
#7640 = LINE ( 'NONE', #7401, #6449 ) ;
#7641 = CARTESIAN_POINT ( 'NONE',  ( 27.54999999999999005, 10.80000000000000071, -9.550000000000384404 ) ) ;
#7642 = AXIS2_PLACEMENT_3D ( 'NONE', #2636, #11000, #6403 ) ;
#7643 = PLANE ( 'NONE',  #921 ) ;
#7644 = VECTOR ( 'NONE', #4518, 1000.000000000000227 ) ;
#7645 = EDGE_LOOP ( 'NONE', ( #2823, #1740, #11930, #1045 ) ) ;
#7646 = LINE ( 'NONE', #10369, #6709 ) ;
#7647 = DIRECTION ( 'NONE',  ( 0.000000000000000000, 0.000000000000000000, -1.000000000000000000 ) ) ;
#7648 = ORIENTED_EDGE ( 'NONE', *, *, #10449, .T. ) ;
#7649 = DIRECTION ( 'NONE',  ( 0.000000000000000000, 0.9612616959383174509, -0.2756373558170042704 ) ) ;
#7650 = CARTESIAN_POINT ( 'NONE',  ( 0.000000000000000000, 7.500000000000000000, -25.50374022699630672 ) ) ;
#7651 = PRODUCT_DEFINITION_CONTEXT ( 'detailed design', #1541, 'design' ) ;
#7652 = VERTEX_POINT ( 'NONE', #1041 ) ;
#7653 = ORIENTED_EDGE ( 'NONE', *, *, #7187, .T. ) ;
#7654 = CARTESIAN_POINT ( 'NONE',  ( 51.62500000000000711, 7.500000000000000000, -28.49625977300445356 ) ) ;
#7655 = CARTESIAN_POINT ( 'NONE',  ( 0.000000000000000000, 7.500000000000000000, 7.503740226995549101 ) ) ;
#7656 = ADVANCED_FACE ( 'NONE', ( #11043 ), #3771, .F. ) ;
#7657 = LINE ( 'NONE', #2992, #5458 ) ;
#7658 = VERTEX_POINT ( 'NONE', #10195 ) ;
#7659 = LINE ( 'NONE', #8449, #5678 ) ;
#7660 = CARTESIAN_POINT ( 'NONE',  ( 29.37500000000000000, 10.53731005528968012, 33.62500000000000000 ) ) ;
#7661 = ORIENTED_EDGE ( 'NONE', *, *, #8689, .T. ) ;
#7662 = ADVANCED_FACE ( 'NONE', ( #9406 ), #9169, .F. ) ;
#7663 = DIRECTION ( 'NONE',  ( -0.000000000000000000, -0.000000000000000000, -1.000000000000000000 ) ) ;
#7664 = VECTOR ( 'NONE', #354, 1000.000000000000114 ) ;
#7665 = ORIENTED_EDGE ( 'NONE', *, *, #2043, .F. ) ;
#7666 = LINE ( 'NONE', #11359, #2400 ) ;
#7667 = LINE ( 'NONE', #10444, #11427 ) ;
#7668 = ORIENTED_EDGE ( 'NONE', *, *, #2192, .F. ) ;
#7669 = EDGE_CURVE ( 'NONE', #10044, #9773, #977, .T. ) ;
#7670 = LINE ( 'NONE', #7725, #5849 ) ;
#7671 = VECTOR ( 'NONE', #6992, 1000.000000000000000 ) ;
#7672 = PLANE ( 'NONE',  #3320 ) ;
#7673 = DIRECTION ( 'NONE',  ( 0.000000000000000000, 0.000000000000000000, 1.000000000000000000 ) ) ;
#7674 = EDGE_CURVE ( 'NONE', #6771, #8267, #861, .T. ) ;
#7675 = ORIENTED_EDGE ( 'NONE', *, *, #8883, .F. ) ;
#7676 = AXIS2_PLACEMENT_3D ( 'NONE', #5392, #9087, #11809 ) ;
#7677 = PLANE ( 'NONE',  #2264 ) ;
#7678 = VERTEX_POINT ( 'NONE', #2007 ) ;
#7679 = EDGE_CURVE ( 'NONE', #10942, #10848, #7407, .T. ) ;
#7680 = FACE_OUTER_BOUND ( 'NONE', #2275, .T. ) ;
#7681 = LINE ( 'NONE', #7913, #10665 ) ;
#7682 = VECTOR ( 'NONE', #6291, 1000.000000000000114 ) ;
#7683 = LINE ( 'NONE', #11377, #7630 ) ;
#7684 = ORIENTED_EDGE ( 'NONE', *, *, #875, .T. ) ;
#7685 = LINE ( 'NONE', #961, #2756 ) ;
#7686 = EDGE_CURVE ( 'NONE', #9078, #6569, #5718, .T. ) ;
#7687 = EDGE_CURVE ( 'NONE', #5487, #4806, #6508, .T. ) ;
#7688 = EDGE_LOOP ( 'NONE', ( #7817, #6991, #1026, #2044 ) ) ;
#7689 = CARTESIAN_POINT ( 'NONE',  ( -1.190566005527357918, 8.566080860090394822, 0.000000000000000000 ) ) ;
#7690 = CARTESIAN_POINT ( 'NONE',  ( -19.83347944262236950, 18.51173940819399988, -1.661305691474436408 ) ) ;
#7691 = VERTEX_POINT ( 'NONE', #11162 ) ;
#7692 = PLANE ( 'NONE',  #4801 ) ;
#7693 = CARTESIAN_POINT ( 'NONE',  ( 0.5499999999999949374, 10.80000000000000071, 26.44999999999961204 ) ) ;
#7694 = VECTOR ( 'NONE', #10366, 1000.000000000000227 ) ;
#7695 = VECTOR ( 'NONE', #11224, 1000.000000000000000 ) ;
#7696 = CARTESIAN_POINT ( 'NONE',  ( 0.000000000000000000, 7.500000000000000000, -16.50374022699631382 ) ) ;
#7697 = VERTEX_POINT ( 'NONE', #6564 ) ;
#7698 = DIRECTION ( 'NONE',  ( 0.000000000000000000, 0.8571673007021120005, 0.5150380749100545996 ) ) ;
#7699 = FACE_OUTER_BOUND ( 'NONE', #6773, .T. ) ;
#7700 = CARTESIAN_POINT ( 'NONE',  ( 52.50374022699593013, 7.500000000000000000, 0.000000000000000000 ) ) ;
#7701 = EDGE_CURVE ( 'NONE', #10232, #7587, #1946, .T. ) ;
#7702 = VERTEX_POINT ( 'NONE', #7468 ) ;
#7703 = DIRECTION ( 'NONE',  ( 2.679109615408197094E-16, -0.000000000000000000, 1.000000000000000000 ) ) ;
#7704 = DIRECTION ( 'NONE',  ( 0.000000000000000000, 0.9612616959383174509, -0.2756373558170039373 ) ) ;
#7705 = VERTEX_POINT ( 'NONE', #1095 ) ;
#7706 = DIRECTION ( 'NONE',  ( 0.000000000000000000, 0.000000000000000000, -1.000000000000000000 ) ) ;
#7707 = LINE ( 'NONE', #308, #7049 ) ;
#7708 = VERTEX_POINT ( 'NONE', #10135 ) ;
#7709 = ORIENTED_EDGE ( 'NONE', *, *, #6598, .T. ) ;
#7710 = DIRECTION ( 'NONE',  ( 0.000000000000000000, -0.2756373558170023830, 0.9612616959383180060 ) ) ;
#7711 = LINE ( 'NONE', #4814, #3991 ) ;
#7712 = DIRECTION ( 'NONE',  ( -1.000000000000000000, -0.000000000000000000, -5.358219230816394188E-16 ) ) ;
#7713 = ORIENTED_EDGE ( 'NONE', *, *, #8401, .F. ) ;
#7714 = FACE_OUTER_BOUND ( 'NONE', #5161, .T. ) ;
#7715 = DIRECTION ( 'NONE',  ( 0.000000000000000000, 0.000000000000000000, -1.000000000000000000 ) ) ;
#7716 = ORIENTED_EDGE ( 'NONE', *, *, #10714, .T. ) ;
#7717 = EDGE_CURVE ( 'NONE', #6547, #5079, #7527, .T. ) ;
#7718 = LINE ( 'NONE', #1402, #3745 ) ;
#7719 = VERTEX_POINT ( 'NONE', #8316 ) ;
#7720 = LINE ( 'NONE', #10328, #8408 ) ;
#7721 = CARTESIAN_POINT ( 'NONE',  ( 0.000000000000000000, 7.500000000000000000, -7.503740226996326257 ) ) ;
#7722 = ORIENTED_EDGE ( 'NONE', *, *, #7779, .F. ) ;
#7723 = ADVANCED_FACE ( 'NONE', ( #10249 ), #11220, .F. ) ;
#7724 = VECTOR ( 'NONE', #3441, 1000.000000000000000 ) ;
#7725 = CARTESIAN_POINT ( 'NONE',  ( -24.62500000000000000, 10.80000000000000071, 0.000000000000000000 ) ) ;
#7726 = ADVANCED_FACE ( 'NONE', ( #4805 ), #5650, .F. ) ;
#7727 = LINE ( 'NONE', #10450, #409 ) ;
#7728 = DIRECTION ( 'NONE',  ( 0.000000000000000000, -0.9612616959383174509, 0.2756373558170042704 ) ) ;
#7729 = ADVANCED_FACE ( 'NONE', ( #6620 ), #7581, .F. ) ;
#7730 = VERTEX_POINT ( 'NONE', #8261 ) ;
#7731 = VERTEX_POINT ( 'NONE', #11949 ) ;
#7732 = DIRECTION ( 'NONE',  ( -0.5001519828512179799, -0.8323926831162092865, 0.2386847610229711203 ) ) ;
#7733 = ORIENTED_EDGE ( 'NONE', *, *, #6668, .F. ) ;
#7734 = LINE ( 'NONE', #8820, #4281 ) ;
#7735 = AXIS2_PLACEMENT_3D ( 'NONE', #251, #3715, #6688 ) ;
#7736 = DIRECTION ( 'NONE',  ( -0.000000000000000000, -0.000000000000000000, 1.000000000000000000 ) ) ;
#7738 = VERTEX_POINT ( 'NONE', #7755 ) ;
#7737 = ADVANCED_FACE ( 'NONE', ( #1834 ), #3651, .F. ) ;
#7739 = CARTESIAN_POINT ( 'NONE',  ( 28.19056600552735858, 8.566080860090405480, -19.19056600552774583 ) ) ;
#7740 = EDGE_LOOP ( 'NONE', ( #6122, #6283, #6946, #5052 ) ) ;
#7741 = CARTESIAN_POINT ( 'NONE',  ( 28.19056600552762504, 8.566080860090844240, 34.80943399447237852 ) ) ;
#7742 = CARTESIAN_POINT ( 'NONE',  ( 54.49999999999999289, 10.80000000000000426, -36.50000000000039080 ) ) ;
#7743 = VERTEX_POINT ( 'NONE', #11340 ) ;
#7744 = CARTESIAN_POINT ( 'NONE',  ( 2.375000000000005773, 10.80000000000000426, -33.62500000000000000 ) ) ;
#7745 = CARTESIAN_POINT ( 'NONE',  ( -53.44999999999999574, 10.80000000000000071, -9.550000000000384404 ) ) ;
#7746 = EDGE_CURVE ( 'NONE', #4410, #6465, #8785, .T. ) ;
#7747 = CARTESIAN_POINT ( 'NONE',  ( 1.390607076609487569, 7.868454739437199308, -10.39060707660987859 ) ) ;
#7748 = VERTEX_POINT ( 'NONE', #4116 ) ;
#7749 = LINE ( 'NONE', #6842, #424 ) ;
#7750 = FACE_OUTER_BOUND ( 'NONE', #9655, .T. ) ;
#7751 = CARTESIAN_POINT ( 'NONE',  ( 24.62500000000000000, 10.53731005528969256, -33.62500000000000000 ) ) ;
#7752 = ORIENTED_EDGE ( 'NONE', *, *, #3778, .T. ) ;
#7753 = EDGE_LOOP ( 'NONE', ( #8290, #671, #7391, #11160 ) ) ;
#7754 = LINE ( 'NONE', #11447, #6892 ) ;
#7755 = CARTESIAN_POINT ( 'NONE',  ( 60.72738636073759722, 10.49999999999999822, 32.65631854887217145 ) ) ;
#7756 = VECTOR ( 'NONE', #6584, 1000.000000000000114 ) ;
#7757 = EDGE_LOOP ( 'NONE', ( #3720, #10410, #8998, #8825 ) ) ;
#7758 = EDGE_CURVE ( 'NONE', #533, #9078, #8619, .T. ) ;
#7759 = LINE ( 'NONE', #1505, #6545 ) ;
#7760 = DIRECTION ( 'NONE',  ( -1.000000000000000000, -0.000000000000000000, -0.000000000000000000 ) ) ;
#7761 = FACE_OUTER_BOUND ( 'NONE', #3688, .T. ) ;
#7762 = ORIENTED_EDGE ( 'NONE', *, *, #5919, .F. ) ;
#7763 = VERTEX_POINT ( 'NONE', #9464 ) ;
#7764 = FACE_OUTER_BOUND ( 'NONE', #10739, .T. ) ;
#7765 = EDGE_CURVE ( 'NONE', #4073, #10488, #3148, .T. ) ;
#7766 = LINE ( 'NONE', #4070, #11336 ) ;
#7767 = ADVANCED_FACE ( 'NONE', ( #3950 ), #4174, .F. ) ;
#7768 = VECTOR ( 'NONE', #2394, 1000.000000000000000 ) ;
#7769 = DIRECTION ( 'NONE',  ( 0.000000000000000000, 0.000000000000000000, 1.000000000000000000 ) ) ;
#7770 = VERTEX_POINT ( 'NONE', #6001 ) ;
#7771 = DIRECTION ( 'NONE',  ( -0.7071067811865475727, 0.000000000000000000, -0.7071067811865475727 ) ) ;
#7772 = LINE ( 'NONE', #3164, #3568 ) ;
#7773 = ORIENTED_EDGE ( 'NONE', *, *, #9911, .F. ) ;
#7774 = CARTESIAN_POINT ( 'NONE',  ( -41.06738976402689190, -0.9965637948165171345, -32.06738976402728980 ) ) ;
#7775 = VERTEX_POINT ( 'NONE', #3036 ) ;
#7776 = CARTESIAN_POINT ( 'NONE',  ( -53.44999999999999574, 10.80000000000000071, -9.550000000000384404 ) ) ;
#7777 = DIRECTION ( 'NONE',  ( -0.2657276780299911434, -0.9267025424900801056, 0.2657276780299911434 ) ) ;
#7778 = ORIENTED_EDGE ( 'NONE', *, *, #6073, .F. ) ;
#7779 = EDGE_CURVE ( 'NONE', #10974, #11940, #245, .T. ) ;
#7780 = VECTOR ( 'NONE', #4693, 1000.000000000000114 ) ;
#7781 = CARTESIAN_POINT ( 'NONE',  ( -19.83347944262236950, 18.51173940819399988, 25.33869430852556093 ) ) ;
#7782 = AXIS2_PLACEMENT_3D ( 'NONE', #179, #1998, #2796 ) ;
#7783 = CARTESIAN_POINT ( 'NONE',  ( 0.000000000000000000, 7.500000000000000000, 1.496259773003681737 ) ) ;
#7784 = AXIS2_PLACEMENT_3D ( 'NONE', #10177, #10798, #10920 ) ;
#7785 = CARTESIAN_POINT ( 'NONE',  ( -53.44999999999999574, -11.50000000000000000, -35.45000000000003126 ) ) ;
#7786 = CARTESIAN_POINT ( 'NONE',  ( 24.62500000000000000, 10.53731005528969256, -0.6253251295312847180 ) ) ;
#7787 = ORIENTED_EDGE ( 'NONE', *, *, #7686, .F. ) ;
#7788 = VECTOR ( 'NONE', #617, 1000.000000000000000 ) ;
#7789 = VERTEX_POINT ( 'NONE', #5773 ) ;
#7790 = DIRECTION ( 'NONE',  ( -0.000000000000000000, -0.2756373558170040483, -0.9612616959383175619 ) ) ;
#7791 = VERTEX_POINT ( 'NONE', #10600 ) ;
#7792 = LINE ( 'NONE', #2216, #999 ) ;
#7793 = EDGE_CURVE ( 'NONE', #250, #4078, #1213, .T. ) ;
#7794 = AXIS2_PLACEMENT_3D ( 'NONE', #4513, #8215, #7363 ) ;
#7795 = DIRECTION ( 'NONE',  ( 1.000000000000000000, 0.000000000000000000, 0.000000000000000000 ) ) ;
#7796 = VERTEX_POINT ( 'NONE', #10482 ) ;
#7797 = CARTESIAN_POINT ( 'NONE',  ( 53.88039450307227440, 12.30096400656391431, 18.11960549692732769 ) ) ;
#7798 = ORIENTED_EDGE ( 'NONE', *, *, #4916, .T. ) ;
#7799 = CARTESIAN_POINT ( 'NONE',  ( 53.24489371323137021, 10.08470937300049464, 9.755106286768237212 ) ) ;
#7800 = EDGE_LOOP ( 'NONE', ( #4635, #1519, #3024, #8900 ) ) ;
#7801 = CARTESIAN_POINT ( 'NONE',  ( 1.190566005527361249, 8.566080860090398374, 0.000000000000000000 ) ) ;
#7802 = VECTOR ( 'NONE', #4761, 1000.000000000000000 ) ;
#7803 = CARTESIAN_POINT ( 'NONE',  ( 25.80943399447264142, 8.566080860090407256, 0.000000000000000000 ) ) ;
#7804 = CLOSED_SHELL ( 'NONE', ( #9495, #1695, #1214, #11605, #4015, #6344, #10609, #3995, #9799, #4573, #5189, #5053, #5084, #5675, #3910, #11183, #8571, #6380, #10042, #3958, #10941, #11405, #10678, #2909, #357, #6407, #9230, #5792, #11757, #1777, #11055, #6882, #492, #684, #11393, #11742, #6505, #8137, #11003, #5629, #1888, #11643, #7984, #5539, #3403, #6923, #1169, #7726, #8372, #9020, #8567, #5972, #9508, #3054, #4785, #548, #808, #1301, #7623, #343, #11703, #11565, #3690, #5900, #7362, #7076, #6361, #8358, #7831, #9594, #2511, #3603, #3963, #8417, #3538, #6272, #6697, #2954, #9007, #6617, #5483, #9139, #5490, #11221, #2943, #5993, #9237, #4653, #9981, #5839, #2780, #11547, #11392, #2431, #3365, #4151, #5696, #344, #9736, #3298, #1910, #10418, #2172, #2698, #9566, #3540, #1360, #10446, #1615, #2640, #4414, #400, #8256, #9666, #147, #9431, #380, #11425, #10865, #6053, #1619, #7568, #3689, #1412, #5463, #3004, #742, #6565, #6432, #7211, #1535, #2509, #7864, #1831, #4692, #6026, #8704, #7926, #5832, #9907, #8940, #2932, #2580, #3416, #3520, #10279, #627, #8130, #163, #805, #10694, #11083, #1313, #4993, #6532, #10206, #1990, #3389, #9004, #7197, #8867, #919, #1199, #4952, #4403, #8514, #11668, #11245, #2334, #11733, #3541, #757, #2073, #8992, #6794, #584, #5533, #10367, #6410, #1827, #7081, #2063, #10273, #5021, #3749, #7767, #1209, #5387, #2626, #9402, #4328, #2766, #5526, #6734, #7600, #10284, #10478, #8696, #1634, #2752, #7662, #6105, #6174, #6223, #6587, #905, #10753, #77, #4673, #6827, #8939, #8953, #644, #7619, #2485, #4985, #3857, #1180, #5820, #1320, #3912, #11729, #9790, #5294, #9892, #10220, #11240, #281, #998, #3159, #4621, #6812, #7723, #5909, #8870, #6119, #289, #6930, #6943, #11655, #5475, #11818, #5843, #2719, #867, #10763, #8, #3590, #969, #1149, #3914, #8735, #9036, #2892, #8041, #8177, #4840, #5933, #6948, #7177, #9240, #7729, #2155, #1943, #5042, #3015, #7990, #7606, #5139, #2734, #8272, #9440, #9062, #1858, #9829, #5445, #3476, #3233, #11365, #11140, #11097, #4005, #9751, #4264, #1686, #9683, #10597, #423, #4931, #5157, #11099, #7010, #2330, #10434, #2314, #4719, #9466, #3202, #2912, #744, #7737, #7347, #2562, #522, #6823, #8924, #11849, #11040, #3318, #7656, #4590, #9354, #7323, #8227, #11577, #8143, #3484, #11711, #10636, #799, #10295, #4180, #10970, #4669, #1682, #3750, #5603, #4185, #1587, #10499, #1529, #10121, #4025, #4435, #6713, #7072, #7367, #5005, #8626, #11419, #8980, #8019, #10222, #10653, #5320, #4437, #1894, #2950, #8702, #11617, #337, #8804, #10760, #6242, #10457, #7421, #9502, #6977, #11606, #5297, #7245, #659, #4205, #9135, #5999, #11472, #8324, #6189, #11914, #6972, #5221, #2247, #9777, #4947, #4497 ) ) ;
#7805 = DIRECTION ( 'NONE',  ( 0.000000000000000000, 0.000000000000000000, -1.000000000000000000 ) ) ;
#7806 = ORIENTED_EDGE ( 'NONE', *, *, #9197, .F. ) ;
#7807 = AXIS2_PLACEMENT_3D ( 'NONE', #8405, #10165, #3796 ) ;
#7808 = LINE ( 'NONE', #10535, #9147 ) ;
#7809 = EDGE_CURVE ( 'NONE', #3705, #112, #7876, .T. ) ;
#7810 = LINE ( 'NONE', #6902, #6886 ) ;
#7811 = DIRECTION ( 'NONE',  ( 1.000000000000000000, 4.458787163891844428E-16, -0.000000000000000000 ) ) ;
#7812 = EDGE_CURVE ( 'NONE', #9641, #1597, #6909, .T. ) ;
#7813 = VECTOR ( 'NONE', #5598, 1000.000000000000000 ) ;
#7814 = EDGE_LOOP ( 'NONE', ( #828, #11646, #9472, #5731 ) ) ;
#7815 = EDGE_CURVE ( 'NONE', #7702, #3739, #2979, .T. ) ;
#7816 = VECTOR ( 'NONE', #1340, 1000.000000000000000 ) ;
#7817 = ORIENTED_EDGE ( 'NONE', *, *, #3610, .T. ) ;
#7818 = CARTESIAN_POINT ( 'NONE',  ( 34.50374022699593013, 7.500000000000000000, -33.62500000000000000 ) ) ;
#7819 = PLANE ( 'NONE',  #6084 ) ;
#7820 = ORIENTED_EDGE ( 'NONE', *, *, #4289, .T. ) ;
#7821 = LINE ( 'NONE', #5945, #8083 ) ;
#7822 = PLANE ( 'NONE',  #8601 ) ;
#7823 = LINE ( 'NONE', #1567, #4145 ) ;
#7824 = VERTEX_POINT ( 'NONE', #9635 ) ;
#7825 = VECTOR ( 'NONE', #2357, 1000.000000000000000 ) ;
#7826 = ORIENTED_EDGE ( 'NONE', *, *, #8853, .T. ) ;
#7827 = DIRECTION ( 'NONE',  ( -0.000000000000000000, -0.2756373558170042704, -0.9612616959383174509 ) ) ;
#7828 = CARTESIAN_POINT ( 'NONE',  ( 2.375000000000005773, 10.53731005528968545, -9.625325129531294266 ) ) ;
#7829 = AXIS2_PLACEMENT_3D ( 'NONE', #8495, #2860, #4624 ) ;
#7830 = EDGE_CURVE ( 'NONE', #11184, #4370, #1152, .T. ) ;
#7831 = ADVANCED_FACE ( 'NONE', ( #8556 ), #5824, .F. ) ;
#7832 = LINE ( 'NONE', #1164, #603 ) ;
#7833 = VERTEX_POINT ( 'NONE', #305 ) ;
#7834 = FACE_OUTER_BOUND ( 'NONE', #2397, .T. ) ;
#7835 = CARTESIAN_POINT ( 'NONE',  ( -51.62500000000000000, 10.53731005528966946, 33.62500000000000000 ) ) ;
#7836 = ORIENTED_EDGE ( 'NONE', *, *, #1281, .F. ) ;
#7837 = EDGE_CURVE ( 'NONE', #3214, #10885, #5082, .T. ) ;
#7838 = EDGE_CURVE ( 'NONE', #3994, #7923, #11448, .T. ) ;
#7839 = CARTESIAN_POINT ( 'NONE',  ( -8.449999999999999289, 10.80000000000000426, -33.62500000000000000 ) ) ;
#7840 = CARTESIAN_POINT ( 'NONE',  ( -24.62500000000000000, 10.80000000000000426, -33.62500000000000000 ) ) ;
#7841 = ORIENTED_EDGE ( 'NONE', *, *, #10529, .T. ) ;
#7842 = PLANE ( 'NONE',  #567 ) ;
#7843 = DIRECTION ( 'NONE',  ( 1.000000000000000000, -3.018354541273066194E-16, 8.654992372942126676E-17 ) ) ;
#7844 = ORIENTED_EDGE ( 'NONE', *, *, #10141, .T. ) ;
#7845 = LINE ( 'NONE', #6814, #807 ) ;
#7846 = CARTESIAN_POINT ( 'NONE',  ( 51.62500000000000000, 10.80000000000000426, -27.55000000000038796 ) ) ;
#7847 = EDGE_CURVE ( 'NONE', #2224, #9105, #3090, .T. ) ;
#7848 = LINE ( 'NONE', #623, #5310 ) ;
#7849 = PLANE ( 'NONE',  #5690 ) ;
#7850 = ORIENTED_EDGE ( 'NONE', *, *, #6381, .T. ) ;
#7851 = ORIENTED_EDGE ( 'NONE', *, *, #11348, .T. ) ;
#7852 = CARTESIAN_POINT ( 'NONE',  ( 29.37500000000000000, 10.80000000000000426, 33.62500000000000000 ) ) ;
#7853 = ORIENTED_EDGE ( 'NONE', *, *, #3648, .F. ) ;
#7854 = VECTOR ( 'NONE', #6009, 1000.000000000000000 ) ;
#7855 = DIRECTION ( 'NONE',  ( 1.000000000000000000, 0.000000000000000000, -0.000000000000000000 ) ) ;
#7856 = FACE_OUTER_BOUND ( 'NONE', #7390, .T. ) ;
#7858 = ORIENTED_EDGE ( 'NONE', *, *, #9962, .T. ) ;
#7857 = EDGE_CURVE ( 'NONE', #7652, #5016, #6850, .T. ) ;
#7859 = CARTESIAN_POINT ( 'NONE',  ( -62.00000000000000000, 7.500000000000000000, 41.00000000000000000 ) ) ;
#7860 = AXIS2_PLACEMENT_3D ( 'NONE', #5451, #11693, #4364 ) ;
#7861 = ORIENTED_EDGE ( 'NONE', *, *, #2349, .T. ) ;
#7862 = DIRECTION ( 'NONE',  ( -1.000000000000000000, 0.000000000000000000, 0.000000000000000000 ) ) ;
#7863 = VERTEX_POINT ( 'NONE', #411 ) ;
#7864 = ADVANCED_FACE ( 'NONE', ( #2237 ), #7819, .F. ) ;
#7865 = FACE_OUTER_BOUND ( 'NONE', #6621, .T. ) ;
#7866 = LINE ( 'NONE', #11557, #4457 ) ;
#7867 = LINE ( 'NONE', #649, #9154 ) ;
#7868 = LINE ( 'NONE', #9739, #7408 ) ;
#7869 = LINE ( 'NONE', #11562, #10181 ) ;
#7870 = VECTOR ( 'NONE', #10167, 1000.000000000000114 ) ;
#7871 = LINE ( 'NONE', #3201, #138 ) ;
#7872 = EDGE_CURVE ( 'NONE', #4675, #11950, #10658, .T. ) ;
#7873 = ORIENTED_EDGE ( 'NONE', *, *, #6863, .F. ) ;
#7874 = ORIENTED_EDGE ( 'NONE', *, *, #10688, .T. ) ;
#7875 = CARTESIAN_POINT ( 'NONE',  ( -2.375000000000005773, 10.80000000000000426, 27.54999999999960991 ) ) ;
#7876 = LINE ( 'NONE', #9686, #11497 ) ;
#7877 = ORIENTED_EDGE ( 'NONE', *, *, #7360, .T. ) ;
#7878 = VECTOR ( 'NONE', #7146, 1000.000000000000000 ) ;
#7879 = VECTOR ( 'NONE', #7649, 1000.000000000000114 ) ;
#7880 = CARTESIAN_POINT ( 'NONE',  ( -51.62500000000000711, 7.500000000000000000, -7.503740226996326257 ) ) ;
#7881 = CARTESIAN_POINT ( 'NONE',  ( 29.37500000000000000, 10.80000000000000426, 0.5499999999996132427 ) ) ;
#7882 = DIRECTION ( 'NONE',  ( -1.000000000000000000, 0.000000000000000000, 0.000000000000000000 ) ) ;
#7883 = ORIENTED_EDGE ( 'NONE', *, *, #6422, .F. ) ;
#7884 = VERTEX_POINT ( 'NONE', #2536 ) ;
#7885 = LINE ( 'NONE', #11456, #419 ) ;
#7886 = CARTESIAN_POINT ( 'NONE',  ( 0.000000000000000000, 7.500000000000000000, -10.49625977300446067 ) ) ;
#7887 = VECTOR ( 'NONE', #4591, 1000.000000000000114 ) ;
#7888 = VECTOR ( 'NONE', #7635, 1000.000000000000114 ) ;
#7889 = CARTESIAN_POINT ( 'NONE',  ( 35.44999999999999574, 10.80000000000000071, 35.44999999999961204 ) ) ;
#7890 = VERTEX_POINT ( 'NONE', #4484 ) ;
#7891 = EDGE_CURVE ( 'NONE', #9105, #8193, #2353, .T. ) ;
#7892 = DIRECTION ( 'NONE',  ( 0.000000000000000000, 0.000000000000000000, 1.000000000000000000 ) ) ;
#7893 = LINE ( 'NONE', #8633, #4917 ) ;
#7894 = ORIENTED_EDGE ( 'NONE', *, *, #5919, .T. ) ;
#7895 = FACE_OUTER_BOUND ( 'NONE', #6585, .T. ) ;
#7896 = DIRECTION ( 'NONE',  ( -0.4578768884082908830, -0.7620351108204154178, -0.4578768884082909940 ) ) ;
#7897 = ORIENTED_EDGE ( 'NONE', *, *, #10449, .F. ) ;
#7898 = DIRECTION ( 'NONE',  ( -1.000000000000000000, -0.000000000000000000, -0.000000000000000000 ) ) ;
#7899 = LINE ( 'NONE', #11589, #3313 ) ;
#7900 = VERTEX_POINT ( 'NONE', #3393 ) ;
#7901 = LINE ( 'NONE', #11591, #7605 ) ;
#7902 = EDGE_CURVE ( 'NONE', #5957, #7833, #4365, .T. ) ;
#7903 = FACE_OUTER_BOUND ( 'NONE', #3398, .T. ) ;
#7904 = DIRECTION ( 'NONE',  ( -1.000000000000000000, 0.000000000000000000, 0.000000000000000000 ) ) ;
#7905 = DIRECTION ( 'NONE',  ( 0.9612616959383174509, -0.2756373558170042704, 0.000000000000000000 ) ) ;
#7906 = DIRECTION ( 'NONE',  ( -0.9612616959383174509, -0.2756373558170042704, 0.000000000000000000 ) ) ;
#7907 = VERTEX_POINT ( 'NONE', #9749 ) ;
#7908 = VECTOR ( 'NONE', #3802, 1000.000000000000000 ) ;
#7909 = ORIENTED_EDGE ( 'NONE', *, *, #10393, .T. ) ;
#7910 = LINE ( 'NONE', #5123, #3495 ) ;
#7911 = EDGE_LOOP ( 'NONE', ( #4822, #5345, #8798, #8885 ) ) ;
#7912 = EDGE_CURVE ( 'NONE', #3584, #2055, #9029, .T. ) ;
#7913 = CARTESIAN_POINT ( 'NONE',  ( 55.00000000000000000, -11.50000000000000000, -41.00000000000000000 ) ) ;
#7914 = DIRECTION ( 'NONE',  ( 0.000000000000000000, -0.2756373558170021609, 0.9612616959383181170 ) ) ;
#7915 = VERTEX_POINT ( 'NONE', #9932 ) ;
#7916 = AXIS2_PLACEMENT_3D ( 'NONE', #3381, #2468, #6170 ) ;
#7917 = DIRECTION ( 'NONE',  ( 0.2386847610229713423, -0.8323926831162092865, 0.5001519828512179799 ) ) ;
#7918 = EDGE_LOOP ( 'NONE', ( #11467, #7215, #3373, #5394 ) ) ;
#7919 = CARTESIAN_POINT ( 'NONE',  ( -0.5500000000000088152, 82.98258077199005811, 35.45000000000000995 ) ) ;
#7920 = ORIENTED_EDGE ( 'NONE', *, *, #10345, .F. ) ;
#7921 = CARTESIAN_POINT ( 'NONE',  ( -29.37500000000000000, 10.53731005528968012, 33.62500000000000000 ) ) ;
#7922 = DIRECTION ( 'NONE',  ( 1.000000000000000000, 0.000000000000000000, 0.000000000000000000 ) ) ;
#7923 = VERTEX_POINT ( 'NONE', #8058 ) ;
#7924 = DIRECTION ( 'NONE',  ( 0.2657276780299913099, 0.9267025424900799946, 0.2657276780299913099 ) ) ;
#7925 = LINE ( 'NONE', #299, #10886 ) ;
#7926 = ADVANCED_FACE ( 'NONE', ( #9811 ), #1629, .F. ) ;
#7927 = VECTOR ( 'NONE', #870, 1000.000000000000114 ) ;
#7928 = CARTESIAN_POINT ( 'NONE',  ( 0.000000000000000000, 7.500000000000000000, 19.49625977300367552 ) ) ;
#7929 = CARTESIAN_POINT ( 'NONE',  ( -53.44999999999999574, 10.80000000000000071, 9.549999999999611688 ) ) ;
#7930 = ORIENTED_EDGE ( 'NONE', *, *, #804, .F. ) ;
#7931 = EDGE_CURVE ( 'NONE', #7796, #8660, #11753, .T. ) ;
#7932 = ORIENTED_EDGE ( 'NONE', *, *, #11739, .T. ) ;
#7933 = VECTOR ( 'NONE', #705, 1000.000000000000000 ) ;
#7934 = LINE ( 'NONE', #9579, #9037 ) ;
#7935 = DIRECTION ( 'NONE',  ( 0.000000000000000000, 0.000000000000000000, -1.000000000000000000 ) ) ;
#7936 = EDGE_LOOP ( 'NONE', ( #9946, #10253, #11074, #10783 ) ) ;
#7937 = PLANE ( 'NONE',  #1300 ) ;
#7938 = CARTESIAN_POINT ( 'NONE',  ( 2.375000000000005773, 10.53731005528968723, -27.62532512953129427 ) ) ;
#7939 = CARTESIAN_POINT ( 'NONE',  ( -27.75510628676856584, 10.08470937300070069, -9.755106286768954860 ) ) ;
#7940 = VERTEX_POINT ( 'NONE', #11810 ) ;
#7941 = ORIENTED_EDGE ( 'NONE', *, *, #7324, .F. ) ;
#7942 = CARTESIAN_POINT ( 'NONE',  ( 24.62500000000000355, 7.500000000000000000, 28.49625977300367907 ) ) ;
#7943 = DIRECTION ( 'NONE',  ( 1.000000000000000000, 0.000000000000000000, 0.000000000000000000 ) ) ;
#7944 = DIRECTION ( 'NONE',  ( 1.000000000000000000, 0.000000000000000000, 0.000000000000000000 ) ) ;
#7945 = ORIENTED_EDGE ( 'NONE', *, *, #7465, .F. ) ;
#7946 = CARTESIAN_POINT ( 'NONE',  ( 27.54999999999999005, 10.80000000000000071, -0.5500000000003835154 ) ) ;
#7947 = DIRECTION ( 'NONE',  ( -1.000000000000000000, 3.018354541273066194E-16, -8.654992372942126676E-17 ) ) ;
#7948 = ORIENTED_EDGE ( 'NONE', *, *, #7251, .T. ) ;
#7949 = DIRECTION ( 'NONE',  ( -1.000000000000000000, -0.000000000000000000, -0.000000000000000000 ) ) ;
#7950 = CARTESIAN_POINT ( 'NONE',  ( -20.65831223607736788, -3.969694544262557745, 4.785141759634010228 ) ) ;
#7951 = ORIENTED_EDGE ( 'NONE', *, *, #2429, .F. ) ;
#7952 = DIRECTION ( 'NONE',  ( 0.2657276780299913099, -0.9267025424900799946, 0.2657276780299913099 ) ) ;
#7953 = LINE ( 'NONE', #7056, #2743 ) ;
#7954 = ORIENTED_EDGE ( 'NONE', *, *, #7473, .T. ) ;
#7955 = DIRECTION ( 'NONE',  ( -0.000000000000000000, 0.000000000000000000, -1.000000000000000000 ) ) ;
#7956 = EDGE_CURVE ( 'NONE', #11223, #6557, #9088, .T. ) ;
#7957 = DIRECTION ( 'NONE',  ( -0.000000000000000000, -0.000000000000000000, 1.000000000000000000 ) ) ;
#7958 = AXIS2_PLACEMENT_3D ( 'NONE', #10230, #165, #7384 ) ;
#7959 = VECTOR ( 'NONE', #1715, 1000.000000000000000 ) ;
#7960 = CARTESIAN_POINT ( 'NONE',  ( 60.72738636073759011, 10.49999999999999822, 32.65631854887217145 ) ) ;
#7961 = EDGE_CURVE ( 'NONE', #2162, #6032, #5334, .T. ) ;
#7962 = FACE_BOUND ( 'NONE', #1908, .T. ) ;
#7963 = DIRECTION ( 'NONE',  ( 0.000000000000000000, -0.9612616959383174509, 0.2756373558170042704 ) ) ;
#7964 = ORIENTED_EDGE ( 'NONE', *, *, #11039, .T. ) ;
#7965 = EDGE_CURVE ( 'NONE', #10837, #5251, #3509, .T. ) ;
#7966 = DIRECTION ( 'NONE',  ( -0.9612616959383174509, -0.2756373558170042704, 0.000000000000000000 ) ) ;
#7967 = VECTOR ( 'NONE', #5968, 1000.000000000000000 ) ;
#7968 = AXIS2_PLACEMENT_3D ( 'NONE', #10507, #5048, #1410 ) ;
#7969 = VERTEX_POINT ( 'NONE', #5393 ) ;
#7970 = EDGE_CURVE ( 'NONE', #1365, #7561, #11626, .T. ) ;
#7971 = CARTESIAN_POINT ( 'NONE',  ( 0.5499999999999949374, 10.80000000000000071, -26.45000000000038298 ) ) ;
#7972 = ORIENTED_EDGE ( 'NONE', *, *, #6736, .F. ) ;
#7973 = CARTESIAN_POINT ( 'NONE',  ( 0.4124163967275038534, 7.271022431965715960, -25.43808196592020110 ) ) ;
#7974 = AXIS2_PLACEMENT_3D ( 'NONE', #10581, #9561, #1309 ) ;
#7975 = CARTESIAN_POINT ( 'NONE',  ( -24.62500000000000000, 10.80000000000000071, 0.000000000000000000 ) ) ;
#7976 = EDGE_CURVE ( 'NONE', #8000, #11866, #5146, .T. ) ;
#7977 = ORIENTED_EDGE ( 'NONE', *, *, #3327, .F. ) ;
#7978 = CARTESIAN_POINT ( 'NONE',  ( -28.19056600552735503, 8.566080860090394822, 7.809433994472256835 ) ) ;
#7979 = ORIENTED_EDGE ( 'NONE', *, *, #3610, .F. ) ;
#7980 = VECTOR ( 'NONE', #11037, 1000.000000000000000 ) ;
#7981 = DIRECTION ( 'NONE',  ( 0.000000000000000000, 0.000000000000000000, -1.000000000000000000 ) ) ;
#7982 = ORIENTED_EDGE ( 'NONE', *, *, #11647, .T. ) ;
#7983 = EDGE_CURVE ( 'NONE', #3510, #8907, #9997, .T. ) ;
#7984 = ADVANCED_FACE ( 'NONE', ( #7999 ), #3265, .F. ) ;
#7985 = CARTESIAN_POINT ( 'NONE',  ( -8.449999999999999289, 10.80000000000000071, -18.55000000000037730 ) ) ;
#7986 = LINE ( 'NONE', #2342, #8524 ) ;
#7987 = ORIENTED_EDGE ( 'NONE', *, *, #1482, .F. ) ;
#7988 = VECTOR ( 'NONE', #1370, 1000.000000000000227 ) ;
#7989 = DIRECTION ( 'NONE',  ( 0.5001519828512179799, 0.8323926831162092865, 0.2386847610229711203 ) ) ;
#7990 = ADVANCED_FACE ( 'NONE', ( #3330 ), #11694, .F. ) ;
#7991 = DIRECTION ( 'NONE',  ( 0.2657276780299913099, -0.9267025424900799946, 0.2657276780299913099 ) ) ;
#7992 = LINE ( 'NONE', #585, #9894 ) ;
#7993 = DIRECTION ( 'NONE',  ( 0.7071067811865452413, 0.000000000000000000, 0.7071067811865497932 ) ) ;
#7994 = EDGE_LOOP ( 'NONE', ( #3812, #879, #9273, #9469 ) ) ;
#7995 = ORIENTED_EDGE ( 'NONE', *, *, #11328, .T. ) ;
#7996 = VECTOR ( 'NONE', #1577, 1000.000000000000000 ) ;
#7997 = EDGE_CURVE ( 'NONE', #5800, #3969, #2418, .T. ) ;
#7998 = CARTESIAN_POINT ( 'NONE',  ( -43.50374022699593013, 7.500000000000000000, -33.62500000000000000 ) ) ;
#7999 = FACE_OUTER_BOUND ( 'NONE', #4222, .T. ) ;
#8000 = VERTEX_POINT ( 'NONE', #9869 ) ;
#8001 = VECTOR ( 'NONE', #9964, 1000.000000000000114 ) ;
#8002 = DIRECTION ( 'NONE',  ( -0.5001519828512179799, -0.8323926831162092865, -0.2386847610229713423 ) ) ;
#8003 = LINE ( 'NONE', #11697, #10517 ) ;
#8004 = CARTESIAN_POINT ( 'NONE',  ( 24.62500000000000000, 10.53731005528970321, 33.62500000000000000 ) ) ;
#8005 = ORIENTED_EDGE ( 'NONE', *, *, #10847, .T. ) ;
#8006 = ORIENTED_EDGE ( 'NONE', *, *, #2968, .F. ) ;
#8007 = CARTESIAN_POINT ( 'NONE',  ( 29.37500000000000000, 10.80000000000000426, -33.62500000000000000 ) ) ;
#8008 = PLANE ( 'NONE',  #11922 ) ;
#8009 = VECTOR ( 'NONE', #8919, 1000.000000000000000 ) ;
#8010 = VECTOR ( 'NONE', #4392, 1000.000000000000000 ) ;
#8011 = CARTESIAN_POINT ( 'NONE',  ( -35.44999999999999574, 10.80000000000000071, 35.44999999999961204 ) ) ;
#8012 = ORIENTED_EDGE ( 'NONE', *, *, #6424, .T. ) ;
#8013 = LINE ( 'NONE', #5901, #6825 ) ;
#8014 = DIRECTION ( 'NONE',  ( 0.7071067811865474617, 0.000000000000000000, 0.7071067811865474617 ) ) ;
#8015 = ORIENTED_EDGE ( 'NONE', *, *, #1394, .F. ) ;
#8016 = DIRECTION ( 'NONE',  ( -0.2657276780299897001, -0.9267025424900808828, 0.2657276780299897001 ) ) ;
#8017 = AXIS2_PLACEMENT_3D ( 'NONE', #3654, #1897, #6624 ) ;
#8018 = CARTESIAN_POINT ( 'NONE',  ( 44.45000000000000284, 10.80000000000000071, 35.44999999999961204 ) ) ;
#8019 = ADVANCED_FACE ( 'NONE', ( #1563 ), #6369, .F. ) ;
#8020 = VECTOR ( 'NONE', #8118, 1000.000000000000000 ) ;
#8021 = ORIENTED_EDGE ( 'NONE', *, *, #2149, .F. ) ;
#8022 = LINE ( 'NONE', #739, #7359 ) ;
#8023 = DIRECTION ( 'NONE',  ( -0.000000000000000000, -1.000000000000000000, -0.000000000000000000 ) ) ;
#8024 = LINE ( 'NONE', #10406, #7788 ) ;
#8025 = DIRECTION ( 'NONE',  ( -0.5150380749100545996, -0.8571673007021120005, 0.000000000000000000 ) ) ;
#8026 = CARTESIAN_POINT ( 'NONE',  ( -23.70289055386782096, 1.219690838746989137, -12.29710944613256451 ) ) ;
#8027 = EDGE_CURVE ( 'NONE', #7375, #1365, #3580, .T. ) ;
#8028 = CARTESIAN_POINT ( 'NONE',  ( 37.49625977300406987, 7.500000000000000000, 33.62500000000000000 ) ) ;
#8029 = DIRECTION ( 'NONE',  ( 0.000000000000000000, 0.000000000000000000, -1.000000000000000000 ) ) ;
#8030 = ORIENTED_EDGE ( 'NONE', *, *, #6094, .T. ) ;
#8031 = LINE ( 'NONE', #9899, #843 ) ;
#8032 = ORIENTED_EDGE ( 'NONE', *, *, #6806, .T. ) ;
#8033 = DIRECTION ( 'NONE',  ( 1.000000000000000000, -0.000000000000000000, -0.000000000000000000 ) ) ;
#8034 = VERTEX_POINT ( 'NONE', #2666 ) ;
#8035 = DIRECTION ( 'NONE',  ( 0.000000000000000000, 0.000000000000000000, -1.000000000000000000 ) ) ;
#8036 = LINE ( 'NONE', #11730, #10408 ) ;
#8037 = ORIENTED_EDGE ( 'NONE', *, *, #2406, .T. ) ;
#8038 = EDGE_CURVE ( 'NONE', #1597, #3335, #11869, .T. ) ;
#8039 = DIRECTION ( 'NONE',  ( 1.000000000000000000, 0.000000000000000000, 0.000000000000000000 ) ) ;
#8040 = ORIENTED_EDGE ( 'NONE', *, *, #8442, .T. ) ;
#8041 = ADVANCED_FACE ( 'NONE', ( #4667 ), #111, .F. ) ;
#8042 = CARTESIAN_POINT ( 'NONE',  ( 0.000000000000000000, 7.500000000000000000, 34.50374022699554644 ) ) ;
#8043 = VERTEX_POINT ( 'NONE', #5582 ) ;
#8044 = CARTESIAN_POINT ( 'NONE',  ( -60.00000000000000000, 7.500000000000000000, 8.000000000000000000 ) ) ;
#8045 = CARTESIAN_POINT ( 'NONE',  ( 3.482387728013434741E-16, 8.566080860089968496, -34.80943399447290432 ) ) ;
#8046 = VECTOR ( 'NONE', #1638, 1000.000000000000114 ) ;
#8047 = EDGE_LOOP ( 'NONE', ( #7582, #1452, #3551, #9735 ) ) ;
#8048 = DIRECTION ( 'NONE',  ( -0.5001519828512179799, 0.8323926831162092865, 0.2386847610229713423 ) ) ;
#8049 = CARTESIAN_POINT ( 'NONE',  ( -30.93261023597309389, -0.9965637948165171345, -32.06738976402728980 ) ) ;
#8050 = LINE ( 'NONE', #652, #4088 ) ;
#8051 = CARTESIAN_POINT ( 'NONE',  ( -27.54999999999999361, 10.80000000000000071, -0.5500000000003835154 ) ) ;
#8052 = EDGE_CURVE ( 'NONE', #4297, #11774, #9215, .T. ) ;
#8053 = VECTOR ( 'NONE', #558, 1000.000000000000114 ) ;
#8054 = VERTEX_POINT ( 'NONE', #7456 ) ;
#8055 = ORIENTED_EDGE ( 'NONE', *, *, #493, .F. ) ;
#8056 = EDGE_LOOP ( 'NONE', ( #4255, #10442, #2386, #11015, #6318, #376, #8374, #8637, #5061, #2833, #6179, #5315 ) ) ;
#8057 = PLANE ( 'NONE',  #7676 ) ;
#8058 = CARTESIAN_POINT ( 'NONE',  ( -53.44999999999999574, 10.80000000000000071, -0.5500000000003835154 ) ) ;
#8059 = ORIENTED_EDGE ( 'NONE', *, *, #11858, .T. ) ;
#8060 = CARTESIAN_POINT ( 'NONE',  ( 45.54999999999999005, 10.80000000000000071, 35.44999999999961204 ) ) ;
#8061 = LINE ( 'NONE', #10729, #11485 ) ;
#8062 = VERTEX_POINT ( 'NONE', #7336 ) ;
#8063 = VERTEX_POINT ( 'NONE', #51 ) ;
#8064 = VECTOR ( 'NONE', #8302, 1000.000000000000000 ) ;
#8065 = VERTEX_POINT ( 'NONE', #11028 ) ;
#8066 = CARTESIAN_POINT ( 'NONE',  ( -51.62500000000000000, 10.53731005528969256, 17.37467487046870218 ) ) ;
#8067 = DIRECTION ( 'NONE',  ( -0.7071067811865452413, -0.000000000000000000, 0.7071067811865497932 ) ) ;
#8068 = EDGE_CURVE ( 'NONE', #11315, #3586, #2846, .T. ) ;
#8069 = EDGE_CURVE ( 'NONE', #6439, #10073, #9276, .T. ) ;
#8070 = VECTOR ( 'NONE', #301, 1000.000000000000114 ) ;
#8072 = DIRECTION ( 'NONE',  ( 0.000000000000000000, -0.2756373558170023830, 0.9612616959383180060 ) ) ;
#8071 = AXIS2_PLACEMENT_3D ( 'NONE', #494, #2095, #3409 ) ;
#8073 = VERTEX_POINT ( 'NONE', #5452 ) ;
#8074 = CARTESIAN_POINT ( 'NONE',  ( 24.62500000000000000, 10.80000000000000071, 0.000000000000000000 ) ) ;
#8075 = ORIENTED_EDGE ( 'NONE', *, *, #7746, .F. ) ;
#8076 = DIRECTION ( 'NONE',  ( 0.000000000000000000, -0.2756373558170042704, 0.9612616959383174509 ) ) ;
#8077 = CARTESIAN_POINT ( 'NONE',  ( 36.54999999999999716, 10.80000000000000071, 35.44999999999961204 ) ) ;
#8078 = ORIENTED_EDGE ( 'NONE', *, *, #2622, .F. ) ;
#8079 = CARTESIAN_POINT ( 'NONE',  ( -19.49625977300406632, 7.500000000000000000, 0.000000000000000000 ) ) ;
#8080 = CARTESIAN_POINT ( 'NONE',  ( 0.000000000000000000, 7.500000000000000000, -1.496259773004444904 ) ) ;
#8081 = DIRECTION ( 'NONE',  ( -0.2657276780299913099, -0.9267025424900799946, 0.2657276780299913099 ) ) ;
#8082 = VECTOR ( 'NONE', #8228, 1000.000000000000000 ) ;
#8083 = VECTOR ( 'NONE', #8904, 1000.000000000000000 ) ;
#8084 = EDGE_CURVE ( 'NONE', #4073, #11825, #10118, .T. ) ;
#8085 = FACE_OUTER_BOUND ( 'NONE', #9691, .T. ) ;
#8086 = DIRECTION ( 'NONE',  ( 0.000000000000000000, 0.000000000000000000, -1.000000000000000000 ) ) ;
#8087 = DIRECTION ( 'NONE',  ( 0.000000000000000000, -0.2756373558170021609, 0.9612616959383181170 ) ) ;
#8088 = EDGE_CURVE ( 'NONE', #2620, #6910, #1818, .T. ) ;
#8089 = CARTESIAN_POINT ( 'NONE',  ( 9.550000000000002487, 10.80000000000000071, -35.45000000000039364 ) ) ;
#8090 = VERTEX_POINT ( 'NONE', #11206 ) ;
#8091 = CARTESIAN_POINT ( 'NONE',  ( -53.44999999999999574, 10.80000000000000071, 17.44999999999961560 ) ) ;
#8092 = VERTEX_POINT ( 'NONE', #4613 ) ;
#8093 = LINE ( 'NONE', #6219, #8984 ) ;
#8094 = EDGE_CURVE ( 'NONE', #10666, #1437, #6552, .T. ) ;
#8095 = DIRECTION ( 'NONE',  ( 0.000000000000000000, 0.000000000000000000, -1.000000000000000000 ) ) ;
#8096 = VERTEX_POINT ( 'NONE', #2900 ) ;
#8097 = CARTESIAN_POINT ( 'NONE',  ( 27.54999999999999005, 10.80000000000000071, -9.550000000000384404 ) ) ;
#8098 = EDGE_CURVE ( 'NONE', #5960, #10344, #1934, .T. ) ;
#8099 = DIRECTION ( 'NONE',  ( -0.000000000000000000, -0.000000000000000000, 1.000000000000000000 ) ) ;
#8100 = VERTEX_POINT ( 'NONE', #9326 ) ;
#8101 = DIRECTION ( 'NONE',  ( 0.000000000000000000, -0.2756373558170042704, 0.9612616959383174509 ) ) ;
#8102 = VERTEX_POINT ( 'NONE', #11991 ) ;
#8103 = CARTESIAN_POINT ( 'NONE',  ( 17.45000000000000639, 10.80000000000000426, 33.62500000000000000 ) ) ;
#8104 = ORIENTED_EDGE ( 'NONE', *, *, #4276, .T. ) ;
#8105 = LINE ( 'NONE', #893, #9656 ) ;
#8106 = DIRECTION ( 'NONE',  ( -0.000000000000000000, -0.000000000000000000, 1.000000000000000000 ) ) ;
#8107 = VERTEX_POINT ( 'NONE', #1988 ) ;
#8108 = LINE ( 'NONE', #6485, #9181 ) ;
#8109 = CARTESIAN_POINT ( 'NONE',  ( -0.5158952929131825904, 14.51721864012731977, 26.48410470708643416 ) ) ;
#8110 = FACE_OUTER_BOUND ( 'NONE', #9537, .T. ) ;
#8111 = EDGE_CURVE ( 'NONE', #2677, #2011, #3815, .T. ) ;
#8112 = LINE ( 'NONE', #838, #3630 ) ;
#8113 = VECTOR ( 'NONE', #2588, 1000.000000000000114 ) ;
#8114 = ORIENTED_EDGE ( 'NONE', *, *, #10538, .F. ) ;
#8115 = ORIENTED_EDGE ( 'NONE', *, *, #7560, .F. ) ;
#8116 = ORIENTED_EDGE ( 'NONE', *, *, #6571, .F. ) ;
#8117 = FACE_OUTER_BOUND ( 'NONE', #9455, .T. ) ;
#8118 = DIRECTION ( 'NONE',  ( -0.000000000000000000, -1.000000000000000000, -0.000000000000000000 ) ) ;
#8119 = ORIENTED_EDGE ( 'NONE', *, *, #7403, .T. ) ;
#8120 = EDGE_CURVE ( 'NONE', #182, #11322, #4728, .T. ) ;
#8121 = LINE ( 'NONE', #8248, #6922 ) ;
#8122 = CARTESIAN_POINT ( 'NONE',  ( 2.375000000000005773, 10.80000000000000426, 0.5499999999996132427 ) ) ;
#8123 = ORIENTED_EDGE ( 'NONE', *, *, #5091, .T. ) ;
#8124 = ORIENTED_EDGE ( 'NONE', *, *, #5764, .F. ) ;
#8125 = VECTOR ( 'NONE', #4140, 1000.000000000000114 ) ;
#8126 = VERTEX_POINT ( 'NONE', #9390 ) ;
#8127 = PLANE ( 'NONE',  #239 ) ;
#8128 = DIRECTION ( 'NONE',  ( 1.000000000000000000, 0.000000000000000000, 0.000000000000000000 ) ) ;
#8129 = CARTESIAN_POINT ( 'NONE',  ( -24.62500000000000000, 10.80000000000000426, 33.62500000000000000 ) ) ;
#8130 = ADVANCED_FACE ( 'NONE', ( #845 ), #1081, .F. ) ;
#8131 = EDGE_LOOP ( 'NONE', ( #6810, #7205, #4098, #674 ) ) ;
#8132 = DIRECTION ( 'NONE',  ( -0.000000000000000000, -0.000000000000000000, 1.000000000000000000 ) ) ;
#8133 = DIRECTION ( 'NONE',  ( 0.000000000000000000, 0.000000000000000000, -1.000000000000000000 ) ) ;
#8134 = ORIENTED_EDGE ( 'NONE', *, *, #6371, .F. ) ;
#8135 = PLANE ( 'NONE',  #4607 ) ;
#8136 = CARTESIAN_POINT ( 'NONE',  ( 52.80943399447264852, 8.566080860090405480, 1.190566005526970450 ) ) ;
#8137 = ADVANCED_FACE ( 'NONE', ( #4550 ), #8246, .F. ) ;
#8138 = EDGE_LOOP ( 'NONE', ( #7126, #7851, #7259, #10465 ) ) ;
#8139 = LINE ( 'NONE', #7116, #2308 ) ;
#8140 = PLANE ( 'NONE',  #11637 ) ;
#8141 = CARTESIAN_POINT ( 'NONE',  ( -24.62500000000000000, 10.80000000000000071, 0.000000000000000000 ) ) ;
#8142 = EDGE_CURVE ( 'NONE', #7400, #533, #11326, .T. ) ;
#8143 = ADVANCED_FACE ( 'NONE', ( #3023 ), #5183, .T. ) ;
#8144 = CARTESIAN_POINT ( 'NONE',  ( 27.55000000000000426, 7.500000000000000000, 35.45000000000000284 ) ) ;
#8145 = AXIS2_PLACEMENT_3D ( 'NONE', #9845, #7069, #9002 ) ;
#8146 = DIRECTION ( 'NONE',  ( 0.9612616959383181170, -0.2756373558170021609, 0.000000000000000000 ) ) ;
#8147 = PLANE ( 'NONE',  #7794 ) ;
#8148 = LINE ( 'NONE', #10872, #3759 ) ;
#8149 = ORIENTED_EDGE ( 'NONE', *, *, #4312, .F. ) ;
#8150 = LINE ( 'NONE', #813, #10509 ) ;
#8151 = EDGE_CURVE ( 'NONE', #8874, #3584, #7632, .T. ) ;
#8152 = ORIENTED_EDGE ( 'NONE', *, *, #5155, .T. ) ;
#8153 = DIRECTION ( 'NONE',  ( 0.5001519828512182020, -0.8323926831162096196, 0.2386847610229696770 ) ) ;
#8154 = CARTESIAN_POINT ( 'NONE',  ( 51.62500000000000000, 10.53731005528969256, 17.37467487046870218 ) ) ;
#8155 = ORIENTED_EDGE ( 'NONE', *, *, #6477, .T. ) ;
#8156 = VECTOR ( 'NONE', #1980, 1000.000000000000000 ) ;
#8157 = FACE_OUTER_BOUND ( 'NONE', #9977, .T. ) ;
#8158 = DIRECTION ( 'NONE',  ( 1.000000000000000000, 0.000000000000000000, 0.000000000000000000 ) ) ;
#8159 = LINE ( 'NONE', #11851, #3747 ) ;
#8160 = VECTOR ( 'NONE', #6345, 1000.000000000000114 ) ;
#8161 = ORIENTED_EDGE ( 'NONE', *, *, #4189, .F. ) ;
#8162 = PLANE ( 'NONE',  #10972 ) ;
#8163 = ORIENTED_EDGE ( 'NONE', *, *, #10647, .F. ) ;
#8164 = CARTESIAN_POINT ( 'NONE',  ( -29.37500000000000355, 10.53731005528968545, 27.62532512953051267 ) ) ;
#8165 = DIRECTION ( 'NONE',  ( 0.000000000000000000, 0.000000000000000000, -1.000000000000000000 ) ) ;
#8166 = ORIENTED_EDGE ( 'NONE', *, *, #11128, .F. ) ;
#8167 = LINE ( 'NONE', #707, #4533 ) ;
#8168 = EDGE_CURVE ( 'NONE', #7824, #11412, #8540, .T. ) ;
#8169 = LINE ( 'NONE', #8049, #824 ) ;
#8170 = VECTOR ( 'NONE', #6458, 1000.000000000000227 ) ;
#8171 = LINE ( 'NONE', #8238, #9320 ) ;
#8172 = DIRECTION ( 'NONE',  ( -0.000000000000000000, -0.2756373558170021609, -0.9612616959383181170 ) ) ;
#8173 = VECTOR ( 'NONE', #10849, 1000.000000000000114 ) ;
#8174 = EDGE_LOOP ( 'NONE', ( #1801, #9212, #1111, #4474 ) ) ;
#8175 = VERTEX_POINT ( 'NONE', #1138 ) ;
#8176 = ORIENTED_EDGE ( 'NONE', *, *, #1995, .F. ) ;
#8177 = ADVANCED_FACE ( 'NONE', ( #3934 ), #8604, .F. ) ;
#8178 = PLANE ( 'NONE',  #11533 ) ;
#8179 = CARTESIAN_POINT ( 'NONE',  ( 0.000000000000000000, 7.500000000000000000, 34.50374022699554644 ) ) ;
#8180 = ORIENTED_EDGE ( 'NONE', *, *, #8401, .T. ) ;
#8181 = DIRECTION ( 'NONE',  ( -0.7071067811865452413, 0.000000000000000000, -0.7071067811865497932 ) ) ;
#8182 = ORIENTED_EDGE ( 'NONE', *, *, #8340, .F. ) ;
#8183 = ORIENTED_EDGE ( 'NONE', *, *, #1379, .T. ) ;
#8184 = VECTOR ( 'NONE', #4953, 1000.000000000000114 ) ;
#8185 = EDGE_CURVE ( 'NONE', #8537, #7148, #10414, .T. ) ;
#8186 = VERTEX_POINT ( 'NONE', #6722 ) ;
#8187 = ORIENTED_EDGE ( 'NONE', *, *, #6180, .F. ) ;
#8188 = DIRECTION ( 'NONE',  ( -1.000000000000000000, 6.036709082546132388E-16, 1.730998474588425335E-16 ) ) ;
#8189 = CARTESIAN_POINT ( 'NONE',  ( 60.02027957955104398, 10.49999999999999822, -31.94921176768562177 ) ) ;
#8190 = EDGE_CURVE ( 'NONE', #5205, #7629, #2050, .T. ) ;
#8191 = VECTOR ( 'NONE', #746, 1000.000000000000114 ) ;
#8192 = VECTOR ( 'NONE', #5236, 1000.000000000000000 ) ;
#8193 = VERTEX_POINT ( 'NONE', #4847 ) ;
#8194 = DIRECTION ( 'NONE',  ( -1.000000000000000000, 0.000000000000000000, 0.000000000000000000 ) ) ;
#8195 = CARTESIAN_POINT ( 'NONE',  ( -19.83347944262236950, 18.51173940819399988, 16.33869430852556093 ) ) ;
#8196 = ORIENTED_EDGE ( 'NONE', *, *, #9995, .T. ) ;
#8197 = DIRECTION ( 'NONE',  ( 0.000000000000000000, 0.000000000000000000, 1.000000000000000000 ) ) ;
#8198 = FACE_OUTER_BOUND ( 'NONE', #8768, .T. ) ;
#8200 = EDGE_CURVE ( 'NONE', #9917, #9160, #11382, .T. ) ;
#8199 = VERTEX_POINT ( 'NONE', #2109 ) ;
#8201 = VERTEX_POINT ( 'NONE', #7742 ) ;
#8202 = CARTESIAN_POINT ( 'NONE',  ( 0.5500000000000088152, 7.500000000000007105, -35.45000000000000284 ) ) ;
#8203 = VECTOR ( 'NONE', #5238, 1000.000000000000114 ) ;
#8204 = DIRECTION ( 'NONE',  ( 0.9612616959383174509, -0.2756373558170042704, 0.000000000000000000 ) ) ;
#8205 = CARTESIAN_POINT ( 'NONE',  ( 61.85875721063606392, 9.699999999999974420, 33.78768939877064525 ) ) ;
#8206 = EDGE_CURVE ( 'NONE', #9160, #11223, #4271, .T. ) ;
#8207 = VECTOR ( 'NONE', #6320, 1000.000000000000000 ) ;
#8208 = EDGE_CURVE ( 'NONE', #906, #9994, #566, .T. ) ;
#8209 = CARTESIAN_POINT ( 'NONE',  ( -26.88039450307228151, 12.30096400656391431, 18.11960549692732769 ) ) ;
#8210 = EDGE_CURVE ( 'NONE', #4407, #3649, #11433, .T. ) ;
#8211 = EDGE_CURVE ( 'NONE', #1312, #5370, #4903, .T. ) ;
#8212 = PLANE ( 'NONE',  #11271 ) ;
#8213 = AXIS2_PLACEMENT_3D ( 'NONE', #9079, #4418, #767 ) ;
#8214 = VECTOR ( 'NONE', #1838, 1000.000000000000114 ) ;
#8215 = DIRECTION ( 'NONE',  ( 0.000000000000000000, -0.2756373558170040483, 0.9612616959383175619 ) ) ;
#8216 = CARTESIAN_POINT ( 'NONE',  ( 56.48474567361831333, 10.49999999999999822, -35.48474567361837018 ) ) ;
#8217 = VERTEX_POINT ( 'NONE', #4962 ) ;
#8218 = VECTOR ( 'NONE', #6867, 1000.000000000000114 ) ;
#8219 = PLANE ( 'NONE',  #8770 ) ;
#8220 = ORIENTED_EDGE ( 'NONE', *, *, #296, .T. ) ;
#8221 = FACE_OUTER_BOUND ( 'NONE', #2789, .T. ) ;
#8222 = CARTESIAN_POINT ( 'NONE',  ( 2.375000000000005773, 10.53731005528969078, -33.62500000000000000 ) ) ;
#8223 = ORIENTED_EDGE ( 'NONE', *, *, #4777, .F. ) ;
#8224 = AXIS2_PLACEMENT_3D ( 'NONE', #2821, #1964, #1912 ) ;
#8225 = CARTESIAN_POINT ( 'NONE',  ( -1.190566005527357696, 8.566080860090394822, 16.80943399447225417 ) ) ;
#8226 = VECTOR ( 'NONE', #6496, 1000.000000000000000 ) ;
#8227 = ADVANCED_FACE ( 'NONE', ( #3129 ), #5868, .T. ) ;
#8228 = DIRECTION ( 'NONE',  ( 0.000000000000000000, -0.000000000000000000, -1.000000000000000000 ) ) ;
#8229 = LINE ( 'NONE', #2706, #2193 ) ;
#8230 = ORIENTED_EDGE ( 'NONE', *, *, #11132, .T. ) ;
#8231 = DIRECTION ( 'NONE',  ( 0.000000000000000000, 0.8571673007021120005, 0.5150380749100545996 ) ) ;
#8232 = VERTEX_POINT ( 'NONE', #347 ) ;
#8233 = CARTESIAN_POINT ( 'NONE',  ( 51.62500000000000000, 10.80000000000000426, -26.45000000000038298 ) ) ;
#8234 = PLANE ( 'NONE',  #9488 ) ;
#8235 = VERTEX_POINT ( 'NONE', #6832 ) ;
#8236 = CARTESIAN_POINT ( 'NONE',  ( -52.50374022699593723, 7.500000000000000000, 0.000000000000000000 ) ) ;
#8237 = LINE ( 'NONE', #7504, #8756 ) ;
#8238 = CARTESIAN_POINT ( 'NONE',  ( -37.49625977300406277, 7.500000000000000000, 33.62500000000000000 ) ) ;
#8239 = EDGE_CURVE ( 'NONE', #6905, #4064, #2963, .T. ) ;
#8240 = LINE ( 'NONE', #5388, #10399 ) ;
#8241 = ORIENTED_EDGE ( 'NONE', *, *, #5181, .T. ) ;
#8242 = VERTEX_POINT ( 'NONE', #4787 ) ;
#8243 = EDGE_CURVE ( 'NONE', #5699, #4480, #1476, .T. ) ;
#8244 = VERTEX_POINT ( 'NONE', #3872 ) ;
#8245 = DIRECTION ( 'NONE',  ( 2.679109615408197094E-16, 0.000000000000000000, -1.000000000000000000 ) ) ;
#8246 = PLANE ( 'NONE',  #8988 ) ;
#8247 = ORIENTED_EDGE ( 'NONE', *, *, #11993, .F. ) ;
#8248 = CARTESIAN_POINT ( 'NONE',  ( 26.24489371323143061, 10.08470937300070069, -9.755106286768954860 ) ) ;
#8249 = ORIENTED_EDGE ( 'NONE', *, *, #2287, .F. ) ;
#8250 = ORIENTED_EDGE ( 'NONE', *, *, #4266, .T. ) ;
#8251 = ORIENTED_EDGE ( 'NONE', *, *, #1915, .T. ) ;
#8252 = VERTEX_POINT ( 'NONE', #7567 ) ;
#8253 = FACE_OUTER_BOUND ( 'NONE', #4113, .T. ) ;
#8254 = EDGE_CURVE ( 'NONE', #6659, #1759, #7178, .T. ) ;
#8255 = DIRECTION ( 'NONE',  ( -1.000000000000000000, -0.000000000000000000, -0.000000000000000000 ) ) ;
#8256 = ADVANCED_FACE ( 'NONE', ( #689 ), #2510, .F. ) ;
#8257 = AXIS2_PLACEMENT_3D ( 'NONE', #7886, #9761, #1335 ) ;
#8258 = EDGE_CURVE ( 'NONE', #9034, #3198, #8031, .T. ) ;
#8259 = ORIENTED_EDGE ( 'NONE', *, *, #4951, .T. ) ;
#8260 = DIRECTION ( 'NONE',  ( -0.000000000000000000, 0.9612616959383174509, 0.2756373558170039373 ) ) ;
#8261 = CARTESIAN_POINT ( 'NONE',  ( 2.375000000000005773, 10.80000000000000426, -9.550000000000384404 ) ) ;
#8262 = EDGE_LOOP ( 'NONE', ( #2617, #6434, #1165, #793 ) ) ;
#8263 = AXIS2_PLACEMENT_3D ( 'NONE', #2417, #6124, #1502 ) ;
#8264 = CARTESIAN_POINT ( 'NONE',  ( 53.44999999999999574, 10.80000000000000071, 8.449999999999617373 ) ) ;
#8265 = CARTESIAN_POINT ( 'NONE',  ( 36.54999999999999716, 10.80000000000000426, -33.62500000000000000 ) ) ;
#8266 = ORIENTED_EDGE ( 'NONE', *, *, #3144, .F. ) ;
#8267 = VERTEX_POINT ( 'NONE', #1596 ) ;
#8268 = PLANE ( 'NONE',  #2894 ) ;
#8269 = DIRECTION ( 'NONE',  ( 0.5001519828512179799, 0.8323926831162092865, -0.2386847610229713423 ) ) ;
#8270 = DIRECTION ( 'NONE',  ( -0.2657276780299913099, -0.9267025424900799946, 0.2657276780299913099 ) ) ;
#8271 = AXIS2_PLACEMENT_3D ( 'NONE', #212, #34, #8406 ) ;
#8272 = ADVANCED_FACE ( 'NONE', ( #11839 ), #8219, .F. ) ;
#8273 = DIRECTION ( 'NONE',  ( 0.000000000000000000, 0.000000000000000000, -1.000000000000000000 ) ) ;
#8274 = CARTESIAN_POINT ( 'NONE',  ( 24.62500000000000000, 10.80000000000000426, -8.450000000000388312 ) ) ;
#8275 = LINE ( 'NONE', #10210, #9178 ) ;
#8276 = VERTEX_POINT ( 'NONE', #4581 ) ;
#8277 = CARTESIAN_POINT ( 'NONE',  ( 0.000000000000000000, 7.500000000000000000, -7.503740226996326257 ) ) ;
#8278 = AXIS2_PLACEMENT_3D ( 'NONE', #6733, #1148, #806 ) ;
#8279 = AXIS2_PLACEMENT_3D ( 'NONE', #6308, #1696, #4615 ) ;
#8280 = EDGE_CURVE ( 'NONE', #5698, #3999, #7127, .T. ) ;
#8281 = ORIENTED_EDGE ( 'NONE', *, *, #3262, .T. ) ;
#8282 = CARTESIAN_POINT ( 'NONE',  ( -51.62500000000000000, 10.80000000000000426, -33.62500000000000000 ) ) ;
#8283 = CARTESIAN_POINT ( 'NONE',  ( 36.54999999999999716, 10.80000000000000071, -27.55000000000038796 ) ) ;
#8284 = ORIENTED_EDGE ( 'NONE', *, *, #1590, .T. ) ;
#8285 = CARTESIAN_POINT ( 'NONE',  ( 24.33839134370868962, 3.435945472310297788, -15.33839134370907686 ) ) ;
#8286 = LINE ( 'NONE', #4768, #3827 ) ;
#8287 = DIRECTION ( 'NONE',  ( 0.000000000000000000, 0.000000000000000000, -1.000000000000000000 ) ) ;
#8288 = ORIENTED_EDGE ( 'NONE', *, *, #7758, .T. ) ;
#8289 = PLANE ( 'NONE',  #3218 ) ;
#8290 = ORIENTED_EDGE ( 'NONE', *, *, #2684, .F. ) ;
#8291 = PRODUCT_CONTEXT ( 'NONE', #8602, 'mechanical' ) ;
#8292 = LINE ( 'NONE', #2590, #3304 ) ;
#8293 = VERTEX_POINT ( 'NONE', #11723 ) ;
#8294 = EDGE_CURVE ( 'NONE', #11054, #9034, #1723, .T. ) ;
#8295 = CARTESIAN_POINT ( 'NONE',  ( -32.06738976402692032, -0.9965637948164198789, 32.06738976402653662 ) ) ;
#8296 = DIRECTION ( 'NONE',  ( 0.000000000000000000, -0.2756373558170021609, 0.9612616959383181170 ) ) ;
#8297 = DIRECTION ( 'NONE',  ( -0.2657276780299894225, 0.9267025424900811048, 0.2657276780299894225 ) ) ;
#8298 = FACE_OUTER_BOUND ( 'NONE', #7573, .T. ) ;
#8299 = EDGE_LOOP ( 'NONE', ( #2662, #11612, #4487, #11207 ) ) ;
#8300 = ORIENTED_EDGE ( 'NONE', *, *, #8520, .T. ) ;
#8301 = ORIENTED_EDGE ( 'NONE', *, *, #10116, .F. ) ;
#8302 = DIRECTION ( 'NONE',  ( 1.000000000000000000, 0.000000000000000000, 2.679109615408197094E-16 ) ) ;
#8303 = DIRECTION ( 'NONE',  ( -0.2657276780299913099, 0.9267025424900799946, 0.2657276780299913099 ) ) ;
#8304 = ORIENTED_EDGE ( 'NONE', *, *, #3131, .F. ) ;
#8305 = DIRECTION ( 'NONE',  ( 0.7071067811865497932, 0.000000000000000000, -0.7071067811865452413 ) ) ;
#8306 = ORIENTED_EDGE ( 'NONE', *, *, #2043, .T. ) ;
#8308 = ORIENTED_EDGE ( 'NONE', *, *, #1639, .F. ) ;
#8307 = EDGE_CURVE ( 'NONE', #1431, #9632, #3483, .T. ) ;
#8309 = EDGE_LOOP ( 'NONE', ( #7115, #4963, #6698, #10562 ) ) ;
#8310 = CARTESIAN_POINT ( 'NONE',  ( 9.625325129530901691, 10.53731005528970321, 33.62500000000000000 ) ) ;
#8311 = AXIS2_PLACEMENT_3D ( 'NONE', #10531, #1435, #523 ) ;
#8312 = LINE ( 'NONE', #11038, #6316 ) ;
#8313 = EDGE_CURVE ( 'NONE', #8541, #8201, #9188, .T. ) ;
#8314 = ORIENTED_EDGE ( 'NONE', *, *, #63, .T. ) ;
#8315 = DIRECTION ( 'NONE',  ( -0.000000000000000000, 0.000000000000000000, 1.000000000000000000 ) ) ;
#8316 = CARTESIAN_POINT ( 'NONE',  ( -2.375000000000005773, 10.80000000000000426, -8.450000000000388312 ) ) ;
#8317 = ORIENTED_EDGE ( 'NONE', *, *, #3110, .T. ) ;
#8318 = CARTESIAN_POINT ( 'NONE',  ( -40.07937528197223287, 29.75245638442227047, -22.88452941702864862 ) ) ;
#8319 = CARTESIAN_POINT ( 'NONE',  ( 1.190566005527353033, 8.566080860090385940, -7.809433994473030438 ) ) ;
#8320 = ORIENTED_EDGE ( 'NONE', *, *, #1281, .T. ) ;
#8321 = VERTEX_POINT ( 'NONE', #5364 ) ;
#8322 = LINE ( 'NONE', #8440, #6769 ) ;
#8323 = CARTESIAN_POINT ( 'NONE',  ( -8.449999999999999289, 10.80000000000000071, 17.44999999999961560 ) ) ;
#8324 = ADVANCED_FACE ( 'NONE', ( #750 ), #2634, .T. ) ;
#8325 = VECTOR ( 'NONE', #3228, 1000.000000000000114 ) ;
#8326 = DIRECTION ( 'NONE',  ( 0.9612616959383174509, -0.2756373558170042704, 0.000000000000000000 ) ) ;
#8327 = ORIENTED_EDGE ( 'NONE', *, *, #5302, .F. ) ;
#8328 = CARTESIAN_POINT ( 'NONE',  ( -1.190566005527356142, 8.566080860090391269, 0.000000000000000000 ) ) ;
#8329 = CARTESIAN_POINT ( 'NONE',  ( 35.37467487046910719, 10.53731005528973164, -33.62500000000000000 ) ) ;
#8330 = EDGE_LOOP ( 'NONE', ( #6743, #7853, #7437, #8301 ) ) ;
#8331 = EDGE_CURVE ( 'NONE', #7516, #10675, #8150, .T. ) ;
#8332 = DIRECTION ( 'NONE',  ( 1.000000000000000000, 6.036709082546132388E-16, 1.730998474588425335E-16 ) ) ;
#8333 = ORIENTED_EDGE ( 'NONE', *, *, #1358, .F. ) ;
#8334 = CARTESIAN_POINT ( 'NONE',  ( 51.62500000000000000, 10.80000000000000426, 33.62500000000000000 ) ) ;
#8335 = PLANE ( 'NONE',  #3111 ) ;
#8336 = ORIENTED_EDGE ( 'NONE', *, *, #5378, .F. ) ;
#8337 = EDGE_CURVE ( 'NONE', #2457, #9030, #10088, .T. ) ;
#8338 = CARTESIAN_POINT ( 'NONE',  ( -29.37500000000000355, 7.500000000000000000, 7.503740226995549101 ) ) ;
#8339 = EDGE_CURVE ( 'NONE', #10321, #5237, #10032, .T. ) ;
#8340 = EDGE_CURVE ( 'NONE', #5240, #9034, #11904, .T. ) ;
#8341 = LINE ( 'NONE', #946, #10992 ) ;
#8342 = EDGE_CURVE ( 'NONE', #6547, #8783, #6401, .T. ) ;
#8343 = AXIS2_PLACEMENT_3D ( 'NONE', #11529, #5045, #10681 ) ;
#8344 = FACE_OUTER_BOUND ( 'NONE', #1338, .T. ) ;
#8345 = EDGE_LOOP ( 'NONE', ( #6611, #3575, #7733, #1702 ) ) ;
#8346 = DIRECTION ( 'NONE',  ( -0.2657276780299913099, -0.9267025424900799946, 0.2657276780299913099 ) ) ;
#8347 = EDGE_LOOP ( 'NONE', ( #11923, #365, #4238, #812 ) ) ;
#8348 = DIRECTION ( 'NONE',  ( 1.000000000000000000, 0.000000000000000000, 0.000000000000000000 ) ) ;
#8349 = ORIENTED_EDGE ( 'NONE', *, *, #3471, .T. ) ;
#8350 = PLANE ( 'NONE',  #856 ) ;
#8351 = DIRECTION ( 'NONE',  ( -0.2657276780299897001, 0.9267025424900808828, 0.2657276780299897001 ) ) ;
#8352 = CARTESIAN_POINT ( 'NONE',  ( -25.80943399447264142, 8.566080860090407256, 0.000000000000000000 ) ) ;
#8353 = EDGE_CURVE ( 'NONE', #8321, #8738, #9967, .T. ) ;
#8354 = DIRECTION ( 'NONE',  ( 0.000000000000000000, 0.000000000000000000, 1.000000000000000000 ) ) ;
#8355 = VECTOR ( 'NONE', #6360, 1000.000000000000114 ) ;
#8356 = ORIENTED_EDGE ( 'NONE', *, *, #1238, .T. ) ;
#8357 = CARTESIAN_POINT ( 'NONE',  ( 28.49625977300405921, 7.500000000000000000, 0.000000000000000000 ) ) ;
#8358 = ADVANCED_FACE ( 'NONE', ( #6463 ), #5489, .F. ) ;
#8359 = EDGE_CURVE ( 'NONE', #2257, #5411, #7366, .T. ) ;
#8360 = ORIENTED_EDGE ( 'NONE', *, *, #11490, .T. ) ;
#8361 = ORIENTED_EDGE ( 'NONE', *, *, #10157, .T. ) ;
#8362 = DIRECTION ( 'NONE',  ( -1.000000000000000000, 0.000000000000000000, 0.000000000000000000 ) ) ;
#8363 = DIRECTION ( 'NONE',  ( 0.000000000000000000, -0.8571673007021120005, 0.5150380749100545996 ) ) ;
#8364 = VERTEX_POINT ( 'NONE', #4338 ) ;
#8365 = CARTESIAN_POINT ( 'NONE',  ( -57.99999999999999289, 7.500000000000000000, 8.000000000000000000 ) ) ;
#8366 = CARTESIAN_POINT ( 'NONE',  ( -26.45000000000000284, 10.80000000000000071, -26.45000000000038298 ) ) ;
#8367 = ORIENTED_EDGE ( 'NONE', *, *, #2217, .F. ) ;
#8368 = VECTOR ( 'NONE', #8929, 1000.000000000000000 ) ;
#8369 = VERTEX_POINT ( 'NONE', #146 ) ;
#8370 = DIRECTION ( 'NONE',  ( 0.000000000000000000, 0.000000000000000000, -1.000000000000000000 ) ) ;
#8371 = DIRECTION ( 'NONE',  ( 0.000000000000000000, 0.000000000000000000, 1.000000000000000000 ) ) ;
#8372 = ADVANCED_FACE ( 'NONE', ( #8393 ), #2085, .F. ) ;
#8373 = AXIS2_PLACEMENT_3D ( 'NONE', #6978, #8913, #10671 ) ;
#8374 = ORIENTED_EDGE ( 'NONE', *, *, #887, .F. ) ;
#8375 = LINE ( 'NONE', #183, #4326 ) ;
#8376 = CARTESIAN_POINT ( 'NONE',  ( -26.45000000000000284, 10.80000000000000071, 8.449999999999617373 ) ) ;
#8377 = VECTOR ( 'NONE', #8894, 1000.000000000000114 ) ;
#8378 = ORIENTED_EDGE ( 'NONE', *, *, #8120, .F. ) ;
#8379 = LINE ( 'NONE', #9467, #7879 ) ;
#8380 = CARTESIAN_POINT ( 'NONE',  ( -9.549999999999995381, 10.80000000000000071, 35.44999999999961204 ) ) ;
#8381 = ORIENTED_EDGE ( 'NONE', *, *, #2550, .T. ) ;
#8382 = ORIENTED_EDGE ( 'NONE', *, *, #421, .F. ) ;
#8383 = LINE ( 'NONE', #11229, #11997 ) ;
#8384 = PLANE ( 'NONE',  #7090 ) ;
#8385 = VECTOR ( 'NONE', #1398, 1000.000000000000000 ) ;
#8386 = DIRECTION ( 'NONE',  ( 1.000000000000000000, 0.000000000000000000, 0.000000000000000000 ) ) ;
#8387 = ORIENTED_EDGE ( 'NONE', *, *, #2538, .F. ) ;
#8388 = LINE ( 'NONE', #4758, #1808 ) ;
#8389 = FACE_OUTER_BOUND ( 'NONE', #9526, .T. ) ;
#8390 = ORIENTED_EDGE ( 'NONE', *, *, #3121, .F. ) ;
#8391 = EDGE_CURVE ( 'NONE', #6907, #11069, #10263, .T. ) ;
#8392 = VECTOR ( 'NONE', #9651, 1000.000000000000114 ) ;
#8393 = FACE_OUTER_BOUND ( 'NONE', #9598, .T. ) ;
#8394 = VECTOR ( 'NONE', #9453, 1000.000000000000000 ) ;
#8395 = AXIS2_PLACEMENT_3D ( 'NONE', #3858, #1123, #5618 ) ;
#8396 = ORIENTED_EDGE ( 'NONE', *, *, #3303, .F. ) ;
#8397 = CARTESIAN_POINT ( 'NONE',  ( -2.375000000000005773, 10.53731005528968545, 26.37467487046870929 ) ) ;
#8398 = DIRECTION ( 'NONE',  ( 0.2657276780299911434, -0.9267025424900801056, 0.2657276780299911434 ) ) ;
#8399 = VERTEX_POINT ( 'NONE', #5667 ) ;
#8400 = CARTESIAN_POINT ( 'NONE',  ( 44.45000000000000284, 10.80000000000000426, 33.62500000000000000 ) ) ;
#8401 = EDGE_CURVE ( 'NONE', #2011, #754, #11122, .T. ) ;
#8402 = VECTOR ( 'NONE', #4627, 1000.000000000000114 ) ;
#8403 = DIRECTION ( 'NONE',  ( 0.000000000000000000, -0.000000000000000000, 1.000000000000000000 ) ) ;
#8404 = VECTOR ( 'NONE', #8800, 1000.000000000000114 ) ;
#8405 = CARTESIAN_POINT ( 'NONE',  ( 0.000000000000000000, 7.500000000000000000, -10.49625977300446067 ) ) ;
#8406 = DIRECTION ( 'NONE',  ( 0.000000000000000000, 0.000000000000000000, 1.000000000000000000 ) ) ;
#8407 = ORIENTED_EDGE ( 'NONE', *, *, #10081, .F. ) ;
#8408 = VECTOR ( 'NONE', #7602, 1000.000000000000000 ) ;
#8409 = CARTESIAN_POINT ( 'NONE',  ( 5.979967243906085805, 16.53698307386825661, 30.02003275609393640 ) ) ;
#8410 = AXIS2_PLACEMENT_3D ( 'NONE', #11537, #3360, #2266 ) ;
#8411 = CARTESIAN_POINT ( 'NONE',  ( 1.190566005527361471, 8.566080860090400151, -19.19056600552774583 ) ) ;
#8412 = ORIENTED_EDGE ( 'NONE', *, *, #11247, .F. ) ;
#8413 = AXIS2_PLACEMENT_3D ( 'NONE', #7030, #7094, #10726 ) ;
#8414 = LINE ( 'NONE', #10173, #9718 ) ;
#8415 = DIRECTION ( 'NONE',  ( -1.000000000000000000, 0.000000000000000000, 0.000000000000000000 ) ) ;
#8416 = CARTESIAN_POINT ( 'NONE',  ( -36.54999999999999005, 10.80000000000000071, -35.45000000000039364 ) ) ;
#8418 = VERTEX_POINT ( 'NONE', #5610 ) ;
#8417 = ADVANCED_FACE ( 'NONE', ( #86 ), #9423, .F. ) ;
#8419 = CARTESIAN_POINT ( 'NONE',  ( -53.44999999999999574, 10.80000000000000071, -27.55000000000038796 ) ) ;
#8420 = ORIENTED_EDGE ( 'NONE', *, *, #2951, .F. ) ;
#8421 = ORIENTED_EDGE ( 'NONE', *, *, #10331, .F. ) ;
#8422 = LINE ( 'NONE', #5581, #1282 ) ;
#8423 = CARTESIAN_POINT ( 'NONE',  ( -35.44999999999999574, 10.80000000000000071, -8.450000000000388312 ) ) ;
#8424 = VERTEX_POINT ( 'NONE', #20 ) ;
#8425 = CARTESIAN_POINT ( 'NONE',  ( 29.37500000000000000, 10.53731005528972631, -33.62500000000000000 ) ) ;
#8426 = CARTESIAN_POINT ( 'NONE',  ( -35.44999999999999574, 10.80000000000000071, 35.44999999999961204 ) ) ;
#8427 = ORIENTED_EDGE ( 'NONE', *, *, #8068, .T. ) ;
#8428 = DIRECTION ( 'NONE',  ( -0.2657276780299913099, 0.9267025424900799946, 0.2657276780299913099 ) ) ;
#8429 = VERTEX_POINT ( 'NONE', #9247 ) ;
#8430 = CARTESIAN_POINT ( 'NONE',  ( 0.000000000000000000, 7.500000000000000000, -1.496259773004444904 ) ) ;
#8431 = PLANE ( 'NONE',  #109 ) ;
#8432 = ORIENTED_EDGE ( 'NONE', *, *, #10472, .T. ) ;
#8433 = LINE ( 'NONE', #6507, #5557 ) ;
#8434 = CARTESIAN_POINT ( 'NONE',  ( 40.07937528197223287, 29.75245638442227047, -4.115470582972125868 ) ) ;
#8435 = VERTEX_POINT ( 'NONE', #2874 ) ;
#8436 = DIRECTION ( 'NONE',  ( 0.9612616959383175619, -0.2756373558170040483, 0.000000000000000000 ) ) ;
#8437 = PLANE ( 'NONE',  #8017 ) ;
#8438 = ORIENTED_EDGE ( 'NONE', *, *, #814, .T. ) ;
#8439 = EDGE_LOOP ( 'NONE', ( #4564, #2374, #10391, #5585 ) ) ;
#8440 = CARTESIAN_POINT ( 'NONE',  ( -40.07937528197223997, 29.75245638442227047, 13.88452941702789190 ) ) ;
#8441 = VECTOR ( 'NONE', #4109, 1000.000000000000114 ) ;
#8442 = EDGE_CURVE ( 'NONE', #4762, #5982, #7485, .T. ) ;
#8443 = CARTESIAN_POINT ( 'NONE',  ( 2.375000000000005773, 10.80000000000000426, -33.62500000000000000 ) ) ;
#8444 = EDGE_CURVE ( 'NONE', #703, #481, #10212, .T. ) ;
#8446 = PLANE ( 'NONE',  #9900 ) ;
#8445 = VECTOR ( 'NONE', #9996, 1000.000000000000114 ) ;
#8447 = ORIENTED_EDGE ( 'NONE', *, *, #622, .T. ) ;
#8448 = AXIS2_PLACEMENT_3D ( 'NONE', #4450, #8993, #681 ) ;
#8449 = CARTESIAN_POINT ( 'NONE',  ( -42.26428640000786885, 22.25864506693674727, 26.58211138907232041 ) ) ;
#8450 = CARTESIAN_POINT ( 'NONE',  ( 52.80943399447264142, 8.566080860090416138, -25.80943399447301800 ) ) ;
#8451 = VERTEX_POINT ( 'NONE', #6580 ) ;
#8452 = LINE ( 'NONE', #6696, #2191 ) ;
#8453 = EDGE_LOOP ( 'NONE', ( #3929, #7341, #9394, #11327, #8813, #3691, #8701, #11496, #1284, #3109, #11422, #10817, #4195, #10949, #10114, #6558, #3816, #6181, #5449, #6148, #1814, #104, #6686, #6740, #10001, #6351, #869, #10196, #8989, #10692, #3664, #11461 ) ) ;
#8454 = FACE_OUTER_BOUND ( 'NONE', #3485, .T. ) ;
#8455 = CARTESIAN_POINT ( 'NONE',  ( -28.49625977300406277, 7.500000000000000000, 0.000000000000000000 ) ) ;
#8456 = ORIENTED_EDGE ( 'NONE', *, *, #5676, .F. ) ;
#8457 = EDGE_CURVE ( 'NONE', #738, #15, #8452, .T. ) ;
#8458 = VECTOR ( 'NONE', #460, 1000.000000000000114 ) ;
#8459 = CARTESIAN_POINT ( 'NONE',  ( 25.80943399447264497, 8.566080860090401927, 7.809433994472259499 ) ) ;
#8460 = EDGE_CURVE ( 'NONE', #9094, #11676, #3971, .T. ) ;
#8461 = CARTESIAN_POINT ( 'NONE',  ( 0.000000000000000000, 7.500000000000000000, -25.50374022699630672 ) ) ;
#8462 = CARTESIAN_POINT ( 'NONE',  ( -52.80943399447264142, 8.566080860090416138, -25.80943399447301800 ) ) ;
#8463 = AXIS2_PLACEMENT_3D ( 'NONE', #4169, #1322, #11505 ) ;
#8464 = VECTOR ( 'NONE', #3456, 1000.000000000000000 ) ;
#8465 = LINE ( 'NONE', #5743, #7870 ) ;
#8466 = ORIENTED_EDGE ( 'NONE', *, *, #9041, .F. ) ;
#8467 = LINE ( 'NONE', #10342, #4044 ) ;
#8468 = VECTOR ( 'NONE', #4656, 1000.000000000000114 ) ;
#8469 = DIRECTION ( 'NONE',  ( -0.5001519828512182020, 0.8323926831162096196, 0.2386847610229694550 ) ) ;
#8470 = VERTEX_POINT ( 'NONE', #2931 ) ;
#8471 = CARTESIAN_POINT ( 'NONE',  ( -28.19056600552735148, 8.566080860090394822, 34.80943399447265563 ) ) ;
#8472 = EDGE_CURVE ( 'NONE', #7625, #9553, #4699, .T. ) ;
#8473 = CARTESIAN_POINT ( 'NONE',  ( -53.44999999999999574, 10.80000000000000071, -8.450000000000388312 ) ) ;
#8474 = AXIS2_PLACEMENT_3D ( 'NONE', #4647, #8403, #28 ) ;
#8475 = VECTOR ( 'NONE', #6555, 1000.000000000000114 ) ;
#8476 = ORIENTED_EDGE ( 'NONE', *, *, #8088, .T. ) ;
#8477 = LINE ( 'NONE', #11202, #8566 ) ;
#8478 = ORIENTED_EDGE ( 'NONE', *, *, #333, .T. ) ;
#8479 = EDGE_LOOP ( 'NONE', ( #2568, #2913, #9719, #2794 ) ) ;
#8480 = FACE_OUTER_BOUND ( 'NONE', #6522, .T. ) ;
#8481 = CARTESIAN_POINT ( 'NONE',  ( -26.45000000000000284, 7.500000000000007105, -35.44999999999999574 ) ) ;
#8482 = ORIENTED_EDGE ( 'NONE', *, *, #5232, .T. ) ;
#8483 = PLANE ( 'NONE',  #6339 ) ;
#8484 = LINE ( 'NONE', #11210, #10512 ) ;
#8485 = ORIENTED_EDGE ( 'NONE', *, *, #10146, .T. ) ;
#8486 = LINE ( 'NONE', #9571, #2363 ) ;
#8487 = ORIENTED_EDGE ( 'NONE', *, *, #9819, .F. ) ;
#8488 = CARTESIAN_POINT ( 'NONE',  ( 52.50374022699593013, 7.500000000000000000, 0.000000000000000000 ) ) ;
#8489 = EDGE_CURVE ( 'NONE', #11783, #3242, #3786, .T. ) ;
#8490 = CARTESIAN_POINT ( 'NONE',  ( 25.50374022699594079, 7.500000000000000000, 0.000000000000000000 ) ) ;
#8491 = LINE ( 'NONE', #11898, #8070 ) ;
#8492 = EDGE_CURVE ( 'NONE', #1841, #7339, #1112, .T. ) ;
#8493 = ORIENTED_EDGE ( 'NONE', *, *, #7891, .F. ) ;
#8494 = CARTESIAN_POINT ( 'NONE',  ( -62.00000000000000000, -11.50000000000000000, 41.00000000000000000 ) ) ;
#8495 = CARTESIAN_POINT ( 'NONE',  ( 0.000000000000000000, 7.500000000000000000, -34.50374022699632093 ) ) ;
#8496 = VERTEX_POINT ( 'NONE', #3725 ) ;
#8497 = DIRECTION ( 'NONE',  ( -0.000000000000000000, 0.000000000000000000, 1.000000000000000000 ) ) ;
#8498 = EDGE_CURVE ( 'NONE', #10986, #9949, #10324, .T. ) ;
#8499 = DIRECTION ( 'NONE',  ( -1.000000000000000000, -0.000000000000000000, -0.000000000000000000 ) ) ;
#8500 = ORIENTED_EDGE ( 'NONE', *, *, #3900, .F. ) ;
#8501 = ORIENTED_EDGE ( 'NONE', *, *, #9255, .F. ) ;
#8502 = CARTESIAN_POINT ( 'NONE',  ( -36.54999999999999005, 10.80000000000000071, 35.44999999999961204 ) ) ;
#8503 = LINE ( 'NONE', #2133, #7481 ) ;
#8504 = EDGE_CURVE ( 'NONE', #6204, #4416, #2026, .T. ) ;
#8505 = VECTOR ( 'NONE', #9013, 1000.000000000000000 ) ;
#8506 = FACE_OUTER_BOUND ( 'NONE', #6045, .T. ) ;
#8507 = ORIENTED_EDGE ( 'NONE', *, *, #1419, .F. ) ;
#8508 = CARTESIAN_POINT ( 'NONE',  ( 0.000000000000000000, 7.500000000000000000, -7.503740226996326257 ) ) ;
#8509 = LINE ( 'NONE', #3663, #76 ) ;
#8510 = VERTEX_POINT ( 'NONE', #201 ) ;
#8511 = EDGE_CURVE ( 'NONE', #169, #1963, #10387, .T. ) ;
#8512 = EDGE_CURVE ( 'NONE', #4407, #4662, #4878, .T. ) ;
#8513 = DIRECTION ( 'NONE',  ( -0.000000000000000000, -0.000000000000000000, 1.000000000000000000 ) ) ;
#8514 = ADVANCED_FACE ( 'NONE', ( #3055 ), #10156, .F. ) ;
#8515 = ORIENTED_EDGE ( 'NONE', *, *, #7006, .F. ) ;
#8516 = CARTESIAN_POINT ( 'NONE',  ( -24.62500000000000000, 7.500000000000000000, -16.50374022699631382 ) ) ;
#8517 = LINE ( 'NONE', #11967, #5435 ) ;
#8518 = ORIENTED_EDGE ( 'NONE', *, *, #8629, .T. ) ;
#8519 = VECTOR ( 'NONE', #4631, 1000.000000000000000 ) ;
#8520 = EDGE_CURVE ( 'NONE', #11123, #5949, #5842, .T. ) ;
#8521 = DIRECTION ( 'NONE',  ( 0.000000000000000000, -0.2756373558170040483, 0.9612616959383175619 ) ) ;
#8522 = EDGE_CURVE ( 'NONE', #9994, #10921, #8742, .T. ) ;
#8523 = LINE ( 'NONE', #7493, #9625 ) ;
#8524 = VECTOR ( 'NONE', #5197, 1000.000000000000000 ) ;
#8525 = EDGE_CURVE ( 'NONE', #7743, #2840, #2255, .T. ) ;
#8526 = FACE_OUTER_BOUND ( 'NONE', #11444, .T. ) ;
#8527 = CARTESIAN_POINT ( 'NONE',  ( 34.50374022699593013, 7.500000000000000000, 0.000000000000000000 ) ) ;
#8528 = ORIENTED_EDGE ( 'NONE', *, *, #4552, .T. ) ;
#8529 = LINE ( 'NONE', #11255, #560 ) ;
#8530 = CARTESIAN_POINT ( 'NONE',  ( -28.39060707660944516, 7.868454739437289902, -1.390607076609836623 ) ) ;
#8531 = ORIENTED_EDGE ( 'NONE', *, *, #9728, .T. ) ;
#8532 = CARTESIAN_POINT ( 'NONE',  ( 52.80943399447264142, 8.566080860090410809, 10.19056600552696956 ) ) ;
#8533 = LINE ( 'NONE', #3014, #4871 ) ;
#8534 = ORIENTED_EDGE ( 'NONE', *, *, #875, .F. ) ;
#8535 = AXIS2_PLACEMENT_3D ( 'NONE', #2152, #10515, #9904 ) ;
#8536 = DIRECTION ( 'NONE',  ( 0.9612616959383180060, -0.2756373558170023830, 0.000000000000000000 ) ) ;
#8537 = VERTEX_POINT ( 'NONE', #11525 ) ;
#8538 = ORIENTED_EDGE ( 'NONE', *, *, #4342, .F. ) ;
#8539 = LINE ( 'NONE', #11148, #2839 ) ;
#8540 = LINE ( 'NONE', #7690, #3179 ) ;
#8541 = VERTEX_POINT ( 'NONE', #4994 ) ;
#8542 = EDGE_CURVE ( 'NONE', #1198, #2024, #10616, .T. ) ;
#8543 = CARTESIAN_POINT ( 'NONE',  ( -25.80943399447264142, 8.566080860090407256, 0.000000000000000000 ) ) ;
#8544 = CARTESIAN_POINT ( 'NONE',  ( -54.49999999999997868, 7.500000000000000000, 36.96378475451749068 ) ) ;
#8545 = LINE ( 'NONE', #235, #11662 ) ;
#8546 = EDGE_LOOP ( 'NONE', ( #1540, #4252, #2542, #10142 ) ) ;
#8547 = DIRECTION ( 'NONE',  ( -0.000000000000000000, 0.9612616959383174509, 0.2756373558170039373 ) ) ;
#8548 = LINE ( 'NONE', #2910, #8818 ) ;
#8549 = VECTOR ( 'NONE', #2458, 1000.000000000000000 ) ;
#8550 = LINE ( 'NONE', #240, #7495 ) ;
#8551 = VECTOR ( 'NONE', #4197, 1000.000000000000114 ) ;
#8552 = EDGE_CURVE ( 'NONE', #1685, #4973, #7718, .T. ) ;
#8553 = ORIENTED_EDGE ( 'NONE', *, *, #9471, .T. ) ;
#8554 = VECTOR ( 'NONE', #6749, 1000.000000000000000 ) ;
#8555 = CARTESIAN_POINT ( 'NONE',  ( 52.80943399447264142, 8.566080860090410809, 0.000000000000000000 ) ) ;
#8556 = FACE_OUTER_BOUND ( 'NONE', #749, .T. ) ;
#8557 = EDGE_CURVE ( 'NONE', #7890, #4171, #8688, .T. ) ;
#8558 = ORIENTED_EDGE ( 'NONE', *, *, #3672, .F. ) ;
#8559 = AXIS2_PLACEMENT_3D ( 'NONE', #10163, #6470, #3855 ) ;
#8560 = CARTESIAN_POINT ( 'NONE',  ( -53.44999999999999574, 7.500000000000000000, 35.44999999999998863 ) ) ;
#8561 = PLANE ( 'NONE',  #4135 ) ;
#8562 = ORIENTED_EDGE ( 'NONE', *, *, #5034, .F. ) ;
#8563 = EDGE_LOOP ( 'NONE', ( #6405, #2424, #1974, #8625 ) ) ;
#8564 = DIRECTION ( 'NONE',  ( 0.5001519828512179799, 0.8323926831162092865, 0.2386847610229713423 ) ) ;
#8565 = CARTESIAN_POINT ( 'NONE',  ( 1.190566005527361249, 8.566080860090398374, -16.80943399447302156 ) ) ;
#8566 = VECTOR ( 'NONE', #5754, 1000.000000000000000 ) ;
#8567 = ADVANCED_FACE ( 'NONE', ( #6805 ), #11586, .F. ) ;
#8568 = CARTESIAN_POINT ( 'NONE',  ( -20.65831223607736788, -3.969694544262559521, -22.78514175963477939 ) ) ;
#8569 = ORIENTED_EDGE ( 'NONE', *, *, #4769, .T. ) ;
#8570 = VECTOR ( 'NONE', #2611, 1000.000000000000114 ) ;
#8571 = ADVANCED_FACE ( 'NONE', ( #3169 ), #3283, .T. ) ;
#8572 = DIRECTION ( 'NONE',  ( -0.4999999999999957256, -0.7071067811865535679, 0.4999999999999957256 ) ) ;
#8573 = CARTESIAN_POINT ( 'NONE',  ( -2.375000000000005773, 10.80000000000000426, 0.5499999999996132427 ) ) ;
#8574 = ORIENTED_EDGE ( 'NONE', *, *, #11799, .T. ) ;
#8575 = CARTESIAN_POINT ( 'NONE',  ( 0.5499999999999949374, 10.80000000000000071, -9.550000000000384404 ) ) ;
#8576 = VECTOR ( 'NONE', #4794, 1000.000000000000227 ) ;
#8577 = EDGE_CURVE ( 'NONE', #2205, #706, #10557, .T. ) ;
#8578 = ORIENTED_EDGE ( 'NONE', *, *, #5352, .T. ) ;
#8579 = CARTESIAN_POINT ( 'NONE',  ( -26.45000000000000284, 10.80000000000000071, -26.45000000000038298 ) ) ;
#8580 = DIRECTION ( 'NONE',  ( -0.2657276780299913099, 0.9267025424900799946, 0.2657276780299913099 ) ) ;
#8581 = ORIENTED_EDGE ( 'NONE', *, *, #3846, .F. ) ;
#8582 = EDGE_CURVE ( 'NONE', #791, #10375, #375, .T. ) ;
#8583 = DIRECTION ( 'NONE',  ( 0.000000000000000000, 0.000000000000000000, -1.000000000000000000 ) ) ;
#8584 = EDGE_CURVE ( 'NONE', #11134, #5242, #1342, .T. ) ;
#8585 = LINE ( 'NONE', #5117, #6037 ) ;
#8586 = VECTOR ( 'NONE', #2251, 1000.000000000000114 ) ;
#8587 = DIRECTION ( 'NONE',  ( 0.000000000000000000, -0.9612616959383174509, -0.2756373558170042704 ) ) ;
#8588 = AXIS2_PLACEMENT_3D ( 'NONE', #4829, #7610, #8873 ) ;
#8589 = CARTESIAN_POINT ( 'NONE',  ( 18.54999999999999716, 10.80000000000000071, 9.549999999999611688 ) ) ;
#8590 = ORIENTED_EDGE ( 'NONE', *, *, #7618, .F. ) ;
#8591 = CARTESIAN_POINT ( 'NONE',  ( 44.45000000000000284, 10.80000000000000426, -33.62500000000000000 ) ) ;
#8592 = ORIENTED_EDGE ( 'NONE', *, *, #9696, .T. ) ;
#8593 = FACE_OUTER_BOUND ( 'NONE', #2280, .T. ) ;
#8594 = VECTOR ( 'NONE', #3410, 999.9999999999998863 ) ;
#8595 = EDGE_CURVE ( 'NONE', #8096, #8399, #3105, .T. ) ;
#8596 = CARTESIAN_POINT ( 'NONE',  ( -3.482387728013483552E-16, 8.566080860089984483, -34.80943399447291142 ) ) ;
#8597 = VECTOR ( 'NONE', #1657, 999.9999999999998863 ) ;
#8598 = EDGE_LOOP ( 'NONE', ( #9408, #2491, #6280, #8714 ) ) ;
#8599 = CARTESIAN_POINT ( 'NONE',  ( -26.45000000000000284, 10.80000000000000071, 8.449999999999617373 ) ) ;
#8600 = ORIENTED_EDGE ( 'NONE', *, *, #11518, .F. ) ;
#8601 = AXIS2_PLACEMENT_3D ( 'NONE', #364, #11571, #1273 ) ;
#8602 = APPLICATION_CONTEXT ( 'automotive_design' ) ;
#8603 = CARTESIAN_POINT ( 'NONE',  ( 18.54999999999999716, 10.80000000000000071, 17.44999999999961560 ) ) ;
#8604 = PLANE ( 'NONE',  #4742 ) ;
#8605 = ORIENTED_EDGE ( 'NONE', *, *, #276, .T. ) ;
#8606 = VECTOR ( 'NONE', #10542, 1000.000000000000000 ) ;
#8607 = CARTESIAN_POINT ( 'NONE',  ( -2.375000000000005773, 10.80000000000000426, 33.62500000000000000 ) ) ;
#8608 = CARTESIAN_POINT ( 'NONE',  ( -27.54999999999999361, 10.80000000000000071, 17.44999999999961560 ) ) ;
#8609 = CARTESIAN_POINT ( 'NONE',  ( 0.5499999999999949374, 10.80000000000000071, 35.44999999999961204 ) ) ;
#8610 = VERTEX_POINT ( 'NONE', #9595 ) ;
#8611 = PLANE ( 'NONE',  #9344 ) ;
#8612 = EDGE_CURVE ( 'NONE', #2723, #763, #495, .T. ) ;
#8613 = DIRECTION ( 'NONE',  ( -1.000000000000000000, 0.000000000000000000, 0.000000000000000000 ) ) ;
#8614 = VECTOR ( 'NONE', #7952, 1000.000000000000114 ) ;
#8615 = LINE ( 'NONE', #10993, #1293 ) ;
#8616 = EDGE_CURVE ( 'NONE', #906, #7224, #1462, .T. ) ;
#8617 = ORIENTED_EDGE ( 'NONE', *, *, #8243, .T. ) ;
#8618 = CARTESIAN_POINT ( 'NONE',  ( 0.000000000000000000, 7.500000000000000000, 16.50374022699554644 ) ) ;
#8619 = LINE ( 'NONE', #475, #9954 ) ;
#8620 = EDGE_LOOP ( 'NONE', ( #7272, #5737, #8815, #3308 ) ) ;
#8621 = CARTESIAN_POINT ( 'NONE',  ( -18.62532512953089281, 10.53731005528970144, 33.62500000000000000 ) ) ;
#8622 = LINE ( 'NONE', #9583, #7239 ) ;
#8623 = EDGE_CURVE ( 'NONE', #5016, #8541, #4938, .T. ) ;
#8624 = ORIENTED_EDGE ( 'NONE', *, *, #1172, .T. ) ;
#8625 = ORIENTED_EDGE ( 'NONE', *, *, #5403, .T. ) ;
#8626 = ADVANCED_FACE ( 'NONE', ( #6754 ), #10441, .F. ) ;
#8627 = DIRECTION ( 'NONE',  ( 0.000000000000000000, 0.000000000000000000, -1.000000000000000000 ) ) ;
#8628 = CARTESIAN_POINT ( 'NONE',  ( -53.44999999999999574, 10.80000000000000071, -18.55000000000037730 ) ) ;
#8629 = EDGE_CURVE ( 'NONE', #8429, #9854, #4024, .T. ) ;
#8630 = CARTESIAN_POINT ( 'NONE',  ( 28.19056600552735148, 8.566080860090391269, 28.19056600552697134 ) ) ;
#8631 = VERTEX_POINT ( 'NONE', #2200 ) ;
#8632 = CARTESIAN_POINT ( 'NONE',  ( -25.50374022699593368, 7.500000000000000000, 0.000000000000000000 ) ) ;
#8633 = CARTESIAN_POINT ( 'NONE',  ( -2.661608656291305941, 3.435945472310297788, -15.33839134370907686 ) ) ;
#8634 = ORIENTED_EDGE ( 'NONE', *, *, #10500, .T. ) ;
#8635 = DIRECTION ( 'NONE',  ( 0.000000000000000000, -0.2756373558170040483, 0.9612616959383175619 ) ) ;
#8636 = AXIS2_PLACEMENT_3D ( 'NONE', #8910, #9695, #600 ) ;
#8637 = ORIENTED_EDGE ( 'NONE', *, *, #4449, .F. ) ;
#8638 = DIRECTION ( 'NONE',  ( 0.9612616959383174509, -0.2756373558170042704, 0.000000000000000000 ) ) ;
#8639 = CARTESIAN_POINT ( 'NONE',  ( 2.375000000000005773, 10.80000000000000426, 18.54999999999960991 ) ) ;
#8640 = VERTEX_POINT ( 'NONE', #5904 ) ;
#8641 = EDGE_CURVE ( 'NONE', #2135, #576, #4077, .T. ) ;
#8642 = CARTESIAN_POINT ( 'NONE',  ( 42.41427326613671056, 32.23830501688261307, -20.58572673386331076 ) ) ;
#8643 = VECTOR ( 'NONE', #4329, 1000.000000000000000 ) ;
#8644 = CARTESIAN_POINT ( 'NONE',  ( -8.449999999999999289, 10.80000000000000071, -27.55000000000038796 ) ) ;
#8645 = CARTESIAN_POINT ( 'NONE',  ( -0.5499999999999949374, 10.80000000000000071, 26.44999999999961204 ) ) ;
#8646 = EDGE_CURVE ( 'NONE', #6032, #4384, #4566, .T. ) ;
#8647 = ORIENTED_EDGE ( 'NONE', *, *, #4701, .T. ) ;
#8648 = VECTOR ( 'NONE', #5772, 1000.000000000000000 ) ;
#8649 = CARTESIAN_POINT ( 'NONE',  ( 42.26428640000786174, 22.25864506693676859, -26.58211138907234172 ) ) ;
#8650 = VERTEX_POINT ( 'NONE', #11710 ) ;
#8651 = LINE ( 'NONE', #338, #7671 ) ;
#8652 = CARTESIAN_POINT ( 'NONE',  ( 0.5499999999999949374, 10.80000000000000071, -9.550000000000384404 ) ) ;
#8653 = VECTOR ( 'NONE', #2586, 1000.000000000000000 ) ;
#8654 = DIRECTION ( 'NONE',  ( 1.000000000000000000, 0.000000000000000000, 0.000000000000000000 ) ) ;
#8655 = ORIENTED_EDGE ( 'NONE', *, *, #8185, .F. ) ;
#8656 = LINE ( 'NONE', #3618, #6658 ) ;
#8657 = VERTEX_POINT ( 'NONE', #8018 ) ;
#8658 = DIRECTION ( 'NONE',  ( 0.9612616959383174509, -0.2756373558170042704, 0.000000000000000000 ) ) ;
#8659 = CARTESIAN_POINT ( 'NONE',  ( -54.49999999999997868, 10.79999999999989235, 36.49999999999959499 ) ) ;
#8660 = VERTEX_POINT ( 'NONE', #10927 ) ;
#8661 = EDGE_CURVE ( 'NONE', #11421, #7278, #9887, .T. ) ;
#8662 = DIRECTION ( 'NONE',  ( -1.000000000000000000, 0.000000000000000000, 0.000000000000000000 ) ) ;
#8663 = FACE_OUTER_BOUND ( 'NONE', #5815, .T. ) ;
#8664 = AXIS2_PLACEMENT_3D ( 'NONE', #8959, #8172, #712 ) ;
#8665 = VECTOR ( 'NONE', #5085, 1000.000000000000114 ) ;
#8666 = LINE ( 'NONE', #10079, #6455 ) ;
#8667 = ORIENTED_EDGE ( 'NONE', *, *, #4516, .F. ) ;
#8668 = FACE_OUTER_BOUND ( 'NONE', #3076, .T. ) ;
#8669 = LINE ( 'NONE', #1375, #3605 ) ;
#8670 = LINE ( 'NONE', #8836, #4396 ) ;
#8671 = ORIENTED_EDGE ( 'NONE', *, *, #7258, .T. ) ;
#8672 = ORIENTED_EDGE ( 'NONE', *, *, #6127, .F. ) ;
#8673 = EDGE_CURVE ( 'NONE', #5866, #7191, #9831, .T. ) ;
#8674 = DIRECTION ( 'NONE',  ( 0.000000000000000000, 0.000000000000000000, 1.000000000000000000 ) ) ;
#8675 = DIRECTION ( 'NONE',  ( -0.2657276780299913099, 0.9267025424900799946, 0.2657276780299913099 ) ) ;
#8676 = ORIENTED_EDGE ( 'NONE', *, *, #2406, .F. ) ;
#8677 = CARTESIAN_POINT ( 'NONE',  ( 0.000000000000000000, 7.500000000000000000, 19.49625977300367552 ) ) ;
#8678 = DIRECTION ( 'NONE',  ( -0.2657276780299913099, 0.9267025424900799946, 0.2657276780299913099 ) ) ;
#8679 = VERTEX_POINT ( 'NONE', #8136 ) ;
#8680 = EDGE_LOOP ( 'NONE', ( #3353, #11009, #6758, #1688 ) ) ;
#8681 = DIRECTION ( 'NONE',  ( -1.000000000000000000, -0.000000000000000000, -0.000000000000000000 ) ) ;
#8682 = LINE ( 'NONE', #5092, #3021 ) ;
#8683 = PLANE ( 'NONE',  #1779 ) ;
#8684 = ORIENTED_EDGE ( 'NONE', *, *, #7872, .F. ) ;
#8685 = CARTESIAN_POINT ( 'NONE',  ( -2.375000000000005773, 10.80000000000000426, -26.45000000000038298 ) ) ;
#8686 = DIRECTION ( 'NONE',  ( 0.000000000000000000, -0.9612616959383180060, -0.2756373558170023830 ) ) ;
#8687 = ORIENTED_EDGE ( 'NONE', *, *, #4038, .F. ) ;
#8688 = LINE ( 'NONE', #9538, #2578 ) ;
#8689 = EDGE_CURVE ( 'NONE', #9920, #2096, #6324, .T. ) ;
#8690 = VERTEX_POINT ( 'NONE', #676 ) ;
#8691 = DIRECTION ( 'NONE',  ( -1.000000000000000000, 0.000000000000000000, 0.000000000000000000 ) ) ;
#8692 = FACE_OUTER_BOUND ( 'NONE', #9067, .T. ) ;
#8693 = ORIENTED_EDGE ( 'NONE', *, *, #157, .F. ) ;
#8694 = LINE ( 'NONE', #7781, #2749 ) ;
#8695 = LINE ( 'NONE', #1179, #2941 ) ;
#8696 = ADVANCED_FACE ( 'NONE', ( #1647 ), #7292, .F. ) ;
#8697 = CARTESIAN_POINT ( 'NONE',  ( 29.37500000000000000, 10.80000000000000071, 0.000000000000000000 ) ) ;
#8698 = EDGE_CURVE ( 'NONE', #7969, #5067, #9050, .T. ) ;
#8699 = ORIENTED_EDGE ( 'NONE', *, *, #1530, .T. ) ;
#8700 = CARTESIAN_POINT ( 'NONE',  ( -43.80943399447252062, 8.566080860089993365, -34.80943399447291853 ) ) ;
#8701 = ORIENTED_EDGE ( 'NONE', *, *, #11278, .F. ) ;
#8702 = ADVANCED_FACE ( 'NONE', ( #7050 ), #2682, .F. ) ;
#8703 = DIRECTION ( 'NONE',  ( 0.000000000000000000, -0.000000000000000000, 1.000000000000000000 ) ) ;
#8704 = ADVANCED_FACE ( 'NONE', ( #6387 ), #2439, .F. ) ;
#8705 = LINE ( 'NONE', #340, #857 ) ;
#8706 = ORIENTED_EDGE ( 'NONE', *, *, #468, .F. ) ;
#8707 = CARTESIAN_POINT ( 'NONE',  ( 51.62500000000000000, 10.80000000000000426, -9.550000000000384404 ) ) ;
#8708 = ORIENTED_EDGE ( 'NONE', *, *, #3854, .F. ) ;
#8709 = LINE ( 'NONE', #8603, #11362 ) ;
#8710 = ORIENTED_EDGE ( 'NONE', *, *, #4417, .T. ) ;
#8711 = DIRECTION ( 'NONE',  ( -1.000000000000000000, 0.000000000000000000, -0.000000000000000000 ) ) ;
#8712 = DIRECTION ( 'NONE',  ( -1.000000000000000000, -0.000000000000000000, -0.000000000000000000 ) ) ;
#8713 = CARTESIAN_POINT ( 'NONE',  ( -29.37500000000000000, 7.500000000000000000, -19.49625977300445356 ) ) ;
#8715 = EDGE_CURVE ( 'NONE', #9898, #5263, #3530, .T. ) ;
#8714 = ORIENTED_EDGE ( 'NONE', *, *, #10334, .F. ) ;
#8716 = LINE ( 'NONE', #403, #11455 ) ;
#8717 = CARTESIAN_POINT ( 'NONE',  ( -53.44999999999999574, 10.80000000000000071, -27.55000000000038796 ) ) ;
#8718 = CARTESIAN_POINT ( 'NONE',  ( -29.37500000000000000, 10.80000000000000426, -26.45000000000038298 ) ) ;
#8719 = VECTOR ( 'NONE', #1790, 1000.000000000000227 ) ;
#8720 = EDGE_CURVE ( 'NONE', #8657, #4819, #4504, .T. ) ;
#8721 = EDGE_CURVE ( 'NONE', #11573, #4384, #1521, .T. ) ;
#8722 = ORIENTED_EDGE ( 'NONE', *, *, #4538, .T. ) ;
#8723 = VERTEX_POINT ( 'NONE', #10075 ) ;
#8724 = DIRECTION ( 'NONE',  ( -0.2386847610229713423, -0.8323926831162092865, 0.5001519828512179799 ) ) ;
#8725 = CARTESIAN_POINT ( 'NONE',  ( 1.390607076609507775, 7.868454739437104273, 1.390607076609126302 ) ) ;
#8726 = VECTOR ( 'NONE', #2143, 1000.000000000000000 ) ;
#8727 = ORIENTED_EDGE ( 'NONE', *, *, #6256, .T. ) ;
#8728 = LINE ( 'NONE', #1329, #8665 ) ;
#8729 = DIRECTION ( 'NONE',  ( -0.000000000000000000, -0.2756373558170042704, -0.9612616959383174509 ) ) ;
#8730 = CARTESIAN_POINT ( 'NONE',  ( -53.44999999999999574, 7.500000000000007105, -35.45000000000003126 ) ) ;
#8731 = ORIENTED_EDGE ( 'NONE', *, *, #1227, .T. ) ;
#8732 = VERTEX_POINT ( 'NONE', #1772 ) ;
#8733 = CARTESIAN_POINT ( 'NONE',  ( 2.375000000000005773, 10.53731005528968545, 33.62500000000000000 ) ) ;
#8734 = CARTESIAN_POINT ( 'NONE',  ( -0.4124163967275039089, 7.271022431965715960, 7.438081965919443483 ) ) ;
#8735 = ADVANCED_FACE ( 'NONE', ( #8198 ), #9172, .F. ) ;
#8736 = AXIS2_PLACEMENT_3D ( 'NONE', #1601, #9068, #2641 ) ;
#8737 = DIRECTION ( 'NONE',  ( -0.000000000000000000, 0.000000000000000000, 1.000000000000000000 ) ) ;
#8738 = VERTEX_POINT ( 'NONE', #865 ) ;
#8739 = CARTESIAN_POINT ( 'NONE',  ( 6.964775456032696207E-16, 8.566080860090862004, 34.80943399447238562 ) ) ;
#8740 = CARTESIAN_POINT ( 'NONE',  ( 2.375000000000005773, 7.500000000000000000, -25.50374022699630672 ) ) ;
#8741 = ORIENTED_EDGE ( 'NONE', *, *, #4165, .F. ) ;
#8742 = LINE ( 'NONE', #7950, #10323 ) ;
#8743 = ORIENTED_EDGE ( 'NONE', *, *, #11672, .F. ) ;
#8744 = PLANE ( 'NONE',  #7060 ) ;
#8745 = LINE ( 'NONE', #11414, #1555 ) ;
#8746 = VERTEX_POINT ( 'NONE', #8077 ) ;
#8747 = AXIS2_PLACEMENT_3D ( 'NONE', #2249, #5956, #4019 ) ;
#8748 = PRODUCT_RELATED_PRODUCT_CATEGORY ( 'part', '', ( #9756 ) ) ;
#8749 = LINE ( 'NONE', #8642, #6031 ) ;
#8750 = VECTOR ( 'NONE', #9039, 1000.000000000000000 ) ;
#8751 = DIRECTION ( 'NONE',  ( -1.000000000000000000, 0.000000000000000000, 0.000000000000000000 ) ) ;
#8752 = EDGE_CURVE ( 'NONE', #8510, #6786, #11773, .T. ) ;
#8753 = CARTESIAN_POINT ( 'NONE',  ( -8.449999999999999289, 10.80000000000000071, 35.44999999999961204 ) ) ;
#8754 = LINE ( 'NONE', #4149, #8192 ) ;
#8755 = EDGE_LOOP ( 'NONE', ( #7977, #6336, #9809, #6807 ) ) ;
#8756 = VECTOR ( 'NONE', #8351, 1000.000000000000114 ) ;
#8757 = ORIENTED_EDGE ( 'NONE', *, *, #4428, .F. ) ;
#8758 = DIRECTION ( 'NONE',  ( 0.000000000000000000, 0.9612616959383180060, -0.2756373558170021054 ) ) ;
#8759 = VERTEX_POINT ( 'NONE', #8265 ) ;
#8760 = EDGE_CURVE ( 'NONE', #10311, #3532, #6143, .T. ) ;
#8761 = CARTESIAN_POINT ( 'NONE',  ( 45.54999999999999005, 10.80000000000000071, -35.45000000000039364 ) ) ;
#8762 = VECTOR ( 'NONE', #2368, 1000.000000000000000 ) ;
#8763 = PLANE ( 'NONE',  #6274 ) ;
#8764 = VERTEX_POINT ( 'NONE', #9953 ) ;
#8765 = CARTESIAN_POINT ( 'NONE',  ( 29.37500000000000355, 7.500000000000000000, 28.49625977300367907 ) ) ;
#8766 = ORIENTED_EDGE ( 'NONE', *, *, #2651, .T. ) ;
#8767 = FACE_OUTER_BOUND ( 'NONE', #10178, .T. ) ;
#8768 = EDGE_LOOP ( 'NONE', ( #6388, #1706, #1606, #10356 ) ) ;
#8769 = DIRECTION ( 'NONE',  ( -1.000000000000000000, 0.000000000000000000, 0.000000000000000000 ) ) ;
#8770 = AXIS2_PLACEMENT_3D ( 'NONE', #629, #3547, #9122 ) ;
#8771 = PLANE ( 'NONE',  #4126 ) ;
#8772 = VECTOR ( 'NONE', #233, 1000.000000000000114 ) ;
#8773 = DIRECTION ( 'NONE',  ( 0.000000000000000000, -0.9612616959383180060, 0.2756373558170021054 ) ) ;
#8774 = ORIENTED_EDGE ( 'NONE', *, *, #314, .T. ) ;
#8775 = VECTOR ( 'NONE', #8587, 1000.000000000000114 ) ;
#8776 = DIRECTION ( 'NONE',  ( 1.000000000000000000, 0.000000000000000000, 0.000000000000000000 ) ) ;
#8777 = CARTESIAN_POINT ( 'NONE',  ( -24.62500000000000000, 7.500000000000000000, 16.50374022699554644 ) ) ;
#8778 = EDGE_CURVE ( 'NONE', #8961, #4532, #4445, .T. ) ;
#8779 = DIRECTION ( 'NONE',  ( -0.7071067811865497932, 0.000000000000000000, 0.7071067811865452413 ) ) ;
#8780 = VECTOR ( 'NONE', #10048, 1000.000000000000114 ) ;
#8781 = VECTOR ( 'NONE', #3188, 1000.000000000000000 ) ;
#8782 = VERTEX_POINT ( 'NONE', #4863 ) ;
#8783 = VERTEX_POINT ( 'NONE', #8380 ) ;
#8784 = CARTESIAN_POINT ( 'NONE',  ( 1.190566005527358140, 8.566080860090394822, 16.80943399447225417 ) ) ;
#8785 = LINE ( 'NONE', #2296, #1830 ) ;
#8786 = ORIENTED_EDGE ( 'NONE', *, *, #3012, .T. ) ;
#8787 = EDGE_CURVE ( 'NONE', #991, #11421, #980, .T. ) ;
#8788 = LINE ( 'NONE', #2298, #9056 ) ;
#8789 = DIRECTION ( 'NONE',  ( 1.000000000000000000, 0.000000000000000000, 0.000000000000000000 ) ) ;
#8790 = CARTESIAN_POINT ( 'NONE',  ( -26.45000000000000284, 10.80000000000000071, -35.45000000000039364 ) ) ;
#8791 = EDGE_LOOP ( 'NONE', ( #1658, #3115, #8187, #7188, #6820, #6427, #3810, #5923, #8196, #2401, #4363, #5422, #1895, #4324, #6376, #6290, #11044, #1873, #11445, #11828, #4959, #9289, #6790, #11963, #6326, #9061, #3517, #783, #11234, #3701, #173, #1187 ) ) ;
#8792 = VECTOR ( 'NONE', #9754, 1000.000000000000114 ) ;
#8793 = EDGE_LOOP ( 'NONE', ( #8569, #1211, #2533, #8251 ) ) ;
#8794 = DIRECTION ( 'NONE',  ( 0.9612616959383174509, -0.2756373558170042704, 0.000000000000000000 ) ) ;
#8795 = CARTESIAN_POINT ( 'NONE',  ( -27.55000000000000426, 82.98258077199005811, 35.45000000000000284 ) ) ;
#8796 = VECTOR ( 'NONE', #10370, 1000.000000000000000 ) ;
#8797 = CARTESIAN_POINT ( 'NONE',  ( 0.000000000000000000, 7.500000000000000000, -1.496259773004444904 ) ) ;
#8798 = ORIENTED_EDGE ( 'NONE', *, *, #4054, .T. ) ;
#8799 = CARTESIAN_POINT ( 'NONE',  ( 29.37500000000000355, 7.500000000000000000, 19.49625977300367552 ) ) ;
#8800 = DIRECTION ( 'NONE',  ( -0.000000000000000000, 0.9612616959383174509, 0.2756373558170039373 ) ) ;
#8801 = VERTEX_POINT ( 'NONE', #7353 ) ;
#8802 = DIRECTION ( 'NONE',  ( 1.000000000000000000, 0.000000000000000000, 0.000000000000000000 ) ) ;
#8803 = DIRECTION ( 'NONE',  ( 0.000000000000000000, 0.000000000000000000, -1.000000000000000000 ) ) ;
#8804 = ADVANCED_FACE ( 'NONE', ( #9347 ), #1157, .F. ) ;
#8805 = ORIENTED_EDGE ( 'NONE', *, *, #2790, .F. ) ;
#8806 = PLANE ( 'NONE',  #1836 ) ;
#8807 = LINE ( 'NONE', #9600, #7180 ) ;
#8808 = ORIENTED_EDGE ( 'NONE', *, *, #6748, .T. ) ;
#8809 = DIRECTION ( 'NONE',  ( 0.5001519828512179799, 0.8323926831162092865, -0.2386847610229713423 ) ) ;
#8810 = PLANE ( 'NONE',  #9517 ) ;
#8811 = CARTESIAN_POINT ( 'NONE',  ( -51.62500000000000000, 10.53731005528966946, 33.62500000000000000 ) ) ;
#8812 = CARTESIAN_POINT ( 'NONE',  ( 0.000000000000000000, 10.80000000000000071, -33.62500000000000000 ) ) ;
#8813 = ORIENTED_EDGE ( 'NONE', *, *, #5098, .F. ) ;
#8814 = EDGE_CURVE ( 'NONE', #9850, #9885, #7471, .T. ) ;
#8815 = ORIENTED_EDGE ( 'NONE', *, *, #4218, .F. ) ;
#8816 = DIRECTION ( 'NONE',  ( -0.7071067811865483499, -0.000000000000000000, 0.7071067811865467956 ) ) ;
#8817 = ORIENTED_EDGE ( 'NONE', *, *, #3874, .T. ) ;
#8818 = VECTOR ( 'NONE', #238, 1000.000000000000114 ) ;
#8819 = EDGE_CURVE ( 'NONE', #1380, #5681, #10310, .T. ) ;
#8820 = CARTESIAN_POINT ( 'NONE',  ( -19.83347944262235885, 18.51173940819401054, 7.338694308525584908 ) ) ;
#8821 = PLANE ( 'NONE',  #3564 ) ;
#8822 = ORIENTED_EDGE ( 'NONE', *, *, #11944, .T. ) ;
#8823 = LINE ( 'NONE', #2398, #64 ) ;
#8824 = AXIS2_PLACEMENT_3D ( 'NONE', #4745, #10305, #10248 ) ;
#8825 = ORIENTED_EDGE ( 'NONE', *, *, #5592, .F. ) ;
#8826 = CARTESIAN_POINT ( 'NONE',  ( 0.000000000000000000, 10.80000000000000071, 33.62500000000000000 ) ) ;
#8827 = ORIENTED_EDGE ( 'NONE', *, *, #3571, .T. ) ;
#8828 = LINE ( 'NONE', #7801, #6178 ) ;
#8829 = CARTESIAN_POINT ( 'NONE',  ( 24.62500000000000000, 7.500000000000000000, -16.50374022699631382 ) ) ;
#8830 = EDGE_LOOP ( 'NONE', ( #8757, #5642, #11935, #1698 ) ) ;
#8831 = EDGE_CURVE ( 'NONE', #10702, #4556, #3835, .T. ) ;
#8832 = LINE ( 'NONE', #1316, #241 ) ;
#8833 = DIRECTION ( 'NONE',  ( -0.000000000000000000, 0.000000000000000000, -1.000000000000000000 ) ) ;
#8834 = DIRECTION ( 'NONE',  ( -0.000000000000000000, 0.9612616959383180060, 0.2756373558170021054 ) ) ;
#8835 = AXIS2_PLACEMENT_3D ( 'NONE', #8527, #891, #3798 ) ;
#8836 = CARTESIAN_POINT ( 'NONE',  ( -19.49625977300406632, 7.500000000000000000, -33.62500000000000000 ) ) ;
#8837 = VERTEX_POINT ( 'NONE', #7585 ) ;
#8838 = ORIENTED_EDGE ( 'NONE', *, *, #5210, .F. ) ;
#8839 = DIRECTION ( 'NONE',  ( 0.000000000000000000, 0.000000000000000000, -1.000000000000000000 ) ) ;
#8840 = DIRECTION ( 'NONE',  ( 0.2657276780299911434, 0.9267025424900801056, 0.2657276780299911434 ) ) ;
#8841 = ORIENTED_EDGE ( 'NONE', *, *, #5243, .T. ) ;
#8842 = VECTOR ( 'NONE', #771, 1000.000000000000000 ) ;
#8843 = AXIS2_PLACEMENT_3D ( 'NONE', #1896, #7352, #8197 ) ;
#8844 = DIRECTION ( 'NONE',  ( -0.2657276780299913099, 0.9267025424900799946, 0.2657276780299913099 ) ) ;
#8845 = DIRECTION ( 'NONE',  ( 0.000000000000000000, 0.000000000000000000, -1.000000000000000000 ) ) ;
#8846 = CARTESIAN_POINT ( 'NONE',  ( -48.93261023597309389, -0.9965637948165171345, -32.06738976402728980 ) ) ;
#8847 = ORIENTED_EDGE ( 'NONE', *, *, #471, .F. ) ;
#8848 = EDGE_CURVE ( 'NONE', #10945, #1267, #11046, .T. ) ;
#8849 = ORIENTED_EDGE ( 'NONE', *, *, #3670, .F. ) ;
#8850 = FACE_OUTER_BOUND ( 'NONE', #5230, .T. ) ;
#8851 = DIRECTION ( 'NONE',  ( 0.5001519828512182020, -0.8323926831162096196, 0.2386847610229696770 ) ) ;
#8852 = AXIS2_PLACEMENT_3D ( 'NONE', #7448, #5691, #11079 ) ;
#8853 = EDGE_CURVE ( 'NONE', #10184, #2121, #2982, .T. ) ;
#8854 = DIRECTION ( 'NONE',  ( 0.2657276780299913099, 0.9267025424900799946, 0.2657276780299913099 ) ) ;
#8855 = ORIENTED_EDGE ( 'NONE', *, *, #392, .F. ) ;
#8856 = EDGE_CURVE ( 'NONE', #2541, #3763, #10138, .T. ) ;
#8857 = LINE ( 'NONE', #7110, #4114 ) ;
#8858 = CARTESIAN_POINT ( 'NONE',  ( -54.49999999999997868, 10.80000000000000426, 36.49999999999959499 ) ) ;
#8859 = EDGE_LOOP ( 'NONE', ( #4122, #9808, #3638, #9461 ) ) ;
#8860 = CARTESIAN_POINT ( 'NONE',  ( 27.54999999999999005, 10.80000000000000071, 8.449999999999617373 ) ) ;
#8861 = DIRECTION ( 'NONE',  ( 0.1378445374916336952, 0.9808148484639876985, 0.1378445374916336952 ) ) ;
#8862 = ORIENTED_EDGE ( 'NONE', *, *, #11777, .T. ) ;
#8863 = FACE_OUTER_BOUND ( 'NONE', #1468, .T. ) ;
#8864 = DIRECTION ( 'NONE',  ( 1.000000000000000000, 0.000000000000000000, 0.000000000000000000 ) ) ;
#8865 = ORIENTED_EDGE ( 'NONE', *, *, #7385, .F. ) ;
#8866 = CARTESIAN_POINT ( 'NONE',  ( -51.62500000000000000, 10.53731005528969256, -33.62500000000000000 ) ) ;
#8867 = ADVANCED_FACE ( 'NONE', ( #2918 ), #8437, .F. ) ;
#8868 = LINE ( 'NONE', #1653, #5572 ) ;
#8869 = EDGE_CURVE ( 'NONE', #11598, #5398, #10373, .T. ) ;
#8870 = ADVANCED_FACE ( 'NONE', ( #11166 ), #5721, .F. ) ;
#8871 = LINE ( 'NONE', #3357, #3717 ) ;
#8872 = CARTESIAN_POINT ( 'NONE',  ( -54.49999999999997868, 10.79999999999989235, 36.49999999999959499 ) ) ;
#8873 = DIRECTION ( 'NONE',  ( 0.000000000000000000, 0.000000000000000000, -1.000000000000000000 ) ) ;
#8874 = VERTEX_POINT ( 'NONE', #8319 ) ;
#8875 = EDGE_CURVE ( 'NONE', #3310, #10890, #9410, .T. ) ;
#8876 = DIRECTION ( 'NONE',  ( 0.000000000000000000, -0.2756373558170042704, 0.9612616959383174509 ) ) ;
#8877 = ORIENTED_EDGE ( 'NONE', *, *, #9333, .T. ) ;
#8878 = FACE_OUTER_BOUND ( 'NONE', #6188, .T. ) ;
#8879 = ORIENTED_EDGE ( 'NONE', *, *, #2149, .T. ) ;
#8880 = VECTOR ( 'NONE', #3497, 1000.000000000000114 ) ;
#8881 = EDGE_CURVE ( 'NONE', #6729, #4106, #10252, .T. ) ;
#8882 = CARTESIAN_POINT ( 'NONE',  ( 62.00000000000000000, 7.500000000000000000, 41.00000000000000000 ) ) ;
#8883 = EDGE_CURVE ( 'NONE', #11071, #11653, #1099, .T. ) ;
#8884 = FACE_OUTER_BOUND ( 'NONE', #4748, .T. ) ;
#8885 = ORIENTED_EDGE ( 'NONE', *, *, #8720, .T. ) ;
#8886 = PLANE ( 'NONE',  #7426 ) ;
#8887 = ORIENTED_EDGE ( 'NONE', *, *, #261, .T. ) ;
#8888 = DIRECTION ( 'NONE',  ( -0.2657276780299913099, -0.9267025424900799946, 0.2657276780299913099 ) ) ;
#8889 = VERTEX_POINT ( 'NONE', #3891 ) ;
#8890 = CARTESIAN_POINT ( 'NONE',  ( 8.374674870469101862, 10.53731005528970144, 33.62500000000000000 ) ) ;
#8891 = FACE_OUTER_BOUND ( 'NONE', #5578, .T. ) ;
#8892 = ORIENTED_EDGE ( 'NONE', *, *, #1953, .T. ) ;
#8893 = CARTESIAN_POINT ( 'NONE',  ( -1.496259773004070315, 7.500000000000000000, 0.000000000000000000 ) ) ;
#8894 = DIRECTION ( 'NONE',  ( 0.2657276780299894225, -0.9267025424900811048, 0.2657276780299894225 ) ) ;
#8895 = VECTOR ( 'NONE', #9527, 1000.000000000000000 ) ;
#8896 = DIRECTION ( 'NONE',  ( 0.5001519828512179799, -0.8323926831162092865, -0.2386847610229713423 ) ) ;
#8897 = LINE ( 'NONE', #586, #3820 ) ;
#8898 = VERTEX_POINT ( 'NONE', #2863 ) ;
#8899 = EDGE_CURVE ( 'NONE', #11977, #7884, #4808, .T. ) ;
#8900 = ORIENTED_EDGE ( 'NONE', *, *, #11286, .T. ) ;
#8901 = DIRECTION ( 'NONE',  ( -0.8571673007021120005, 0.5150380749100545996, 0.000000000000000000 ) ) ;
#8902 = CARTESIAN_POINT ( 'NONE',  ( -29.37500000000000000, 10.53731005528968012, 33.62500000000000000 ) ) ;
#8903 = ORIENTED_EDGE ( 'NONE', *, *, #9606, .T. ) ;
#8904 = DIRECTION ( 'NONE',  ( 0.000000000000000000, 0.000000000000000000, -1.000000000000000000 ) ) ;
#8905 = LINE ( 'NONE', #8969, #4726 ) ;
#8906 = DIRECTION ( 'NONE',  ( -1.000000000000000000, 0.000000000000000000, -0.000000000000000000 ) ) ;
#8907 = VERTEX_POINT ( 'NONE', #5654 ) ;
#8908 = VERTEX_POINT ( 'NONE', #11107 ) ;
#8909 = FACE_OUTER_BOUND ( 'NONE', #9525, .T. ) ;
#8910 = CARTESIAN_POINT ( 'NONE',  ( -52.50374022699592302, 7.500000000000000000, 0.000000000000000000 ) ) ;
#8911 = EDGE_CURVE ( 'NONE', #1986, #6883, #6568, .T. ) ;
#8912 = VECTOR ( 'NONE', #6872, 1000.000000000000114 ) ;
#8913 = DIRECTION ( 'NONE',  ( -1.000000000000000000, 0.000000000000000000, 0.000000000000000000 ) ) ;
#8914 = VERTEX_POINT ( 'NONE', #3094 ) ;
#8915 = DIRECTION ( 'NONE',  ( 0.7071067811865474617, 0.000000000000000000, -0.7071067811865474617 ) ) ;
#8916 = FACE_OUTER_BOUND ( 'NONE', #6215, .T. ) ;
#8917 = ORIENTED_EDGE ( 'NONE', *, *, #6881, .F. ) ;
#8918 = CARTESIAN_POINT ( 'NONE',  ( -26.45000000000000284, 10.80000000000000071, 8.449999999999617373 ) ) ;
#8919 = DIRECTION ( 'NONE',  ( -0.000000000000000000, -0.000000000000000000, 1.000000000000000000 ) ) ;
#8920 = EDGE_LOOP ( 'NONE', ( #8166, #7544, #2268, #309 ) ) ;
#8921 = LINE ( 'NONE', #6871, #8125 ) ;
#8922 = PLANE ( 'NONE',  #4285 ) ;
#8923 = CARTESIAN_POINT ( 'NONE',  ( 0.000000000000000000, 7.500000000000000000, 28.49625977300367907 ) ) ;
#8924 = ADVANCED_FACE ( 'NONE', ( #9638 ), #7822, .F. ) ;
#8925 = PLANE ( 'NONE',  #5762 ) ;
#8926 = AXIS2_PLACEMENT_3D ( 'NONE', #2657, #3629, #2529 ) ;
#8927 = EDGE_CURVE ( 'NONE', #5242, #11315, #6792, .T. ) ;
#8928 = VECTOR ( 'NONE', #11776, 1000.000000000000114 ) ;
#8929 = DIRECTION ( 'NONE',  ( 0.000000000000000000, 0.000000000000000000, -1.000000000000000000 ) ) ;
#8930 = CARTESIAN_POINT ( 'NONE',  ( -0.5500000000000088152, 7.500000000000007105, -35.45000000000000284 ) ) ;
#8931 = FACE_OUTER_BOUND ( 'NONE', #3611, .T. ) ;
#8932 = VERTEX_POINT ( 'NONE', #3953 ) ;
#8933 = CARTESIAN_POINT ( 'NONE',  ( 47.73571359999213115, 22.25864506693676503, -26.58211138907234528 ) ) ;
#8934 = VECTOR ( 'NONE', #1297, 1000.000000000000000 ) ;
#8935 = VECTOR ( 'NONE', #8583, 1000.000000000000000 ) ;
#8936 = EDGE_LOOP ( 'NONE', ( #7210, #4784, #4245, #4560 ) ) ;
#8937 = CARTESIAN_POINT ( 'NONE',  ( -51.62500000000000000, 10.80000000000000426, -33.62500000000000000 ) ) ;
#8938 = VERTEX_POINT ( 'NONE', #3040 ) ;
#8939 = ADVANCED_FACE ( 'NONE', ( #478 ), #4980, .F. ) ;
#8940 = ADVANCED_FACE ( 'NONE', ( #11512 ), #6970, .F. ) ;
#8941 = FACE_OUTER_BOUND ( 'NONE', #2348, .T. ) ;
#8942 = VECTOR ( 'NONE', #731, 1000.000000000000227 ) ;
#8943 = LINE ( 'NONE', #6408, #5373 ) ;
#8944 = ORIENTED_EDGE ( 'NONE', *, *, #1477, .F. ) ;
#8945 = AXIS2_PLACEMENT_3D ( 'NONE', #10833, #10958, #10049 ) ;
#8946 = DIRECTION ( 'NONE',  ( 0.9612616959383174509, -0.2756373558170042704, 0.000000000000000000 ) ) ;
#8947 = VERTEX_POINT ( 'NONE', #7881 ) ;
#8948 = CARTESIAN_POINT ( 'NONE',  ( 24.62500000000000355, 7.500000000000000000, 7.503740226995549101 ) ) ;
#8949 = ORIENTED_EDGE ( 'NONE', *, *, #4755, .T. ) ;
#8950 = LINE ( 'NONE', #1738, #2303 ) ;
#8951 = DIRECTION ( 'NONE',  ( -1.000000000000000000, 0.000000000000000000, 0.000000000000000000 ) ) ;
#8952 = ORIENTED_EDGE ( 'NONE', *, *, #8254, .F. ) ;
#8953 = ADVANCED_FACE ( 'NONE', ( #11343 ), #2185, .F. ) ;
#8954 = CARTESIAN_POINT ( 'NONE',  ( 2.375000000000005773, 7.500000000000000000, -19.49625977300445356 ) ) ;
#8955 = CARTESIAN_POINT ( 'NONE',  ( 0.5500000000000088152, 7.500000000000000000, -35.45000000000000284 ) ) ;
#8956 = VECTOR ( 'NONE', #10383, 1000.000000000000114 ) ;
#8957 = EDGE_CURVE ( 'NONE', #1077, #4567, #8622, .T. ) ;
#8958 = CARTESIAN_POINT ( 'NONE',  ( 27.54999999999999005, 10.80000000000000071, 8.449999999999617373 ) ) ;
#8959 = CARTESIAN_POINT ( 'NONE',  ( 0.000000000000000000, 7.500000000000000000, 10.49625977300367907 ) ) ;
#8960 = ORIENTED_EDGE ( 'NONE', *, *, #3791, .T. ) ;
#8961 = VERTEX_POINT ( 'NONE', #9753 ) ;
#8962 = VERTEX_POINT ( 'NONE', #248 ) ;
#8963 = VECTOR ( 'NONE', #7663, 1000.000000000000000 ) ;
#8964 = CARTESIAN_POINT ( 'NONE',  ( -26.45000000000000284, 7.500000000000000000, -35.44999999999999574 ) ) ;
#8965 = DIRECTION ( 'NONE',  ( -0.9612616959383174509, -0.2756373558170042704, 0.000000000000000000 ) ) ;
#8966 = EDGE_LOOP ( 'NONE', ( #11937, #4638, #4873, #6765 ) ) ;
#8967 = VECTOR ( 'NONE', #9009, 1000.000000000000000 ) ;
#8968 = CARTESIAN_POINT ( 'NONE',  ( -62.00000000000000000, 7.500000000000000000, 41.00000000000000000 ) ) ;
#8969 = CARTESIAN_POINT ( 'NONE',  ( -27.54999999999999361, 10.80000000000000071, 8.449999999999617373 ) ) ;
#8970 = DIRECTION ( 'NONE',  ( -0.000000000000000000, 0.000000000000000000, 1.000000000000000000 ) ) ;
#8971 = ORIENTED_EDGE ( 'NONE', *, *, #3477, .F. ) ;
#8972 = ORIENTED_EDGE ( 'NONE', *, *, #2234, .T. ) ;
#8973 = CARTESIAN_POINT ( 'NONE',  ( -16.50374022699593013, 7.500000000000000000, 33.62500000000000000 ) ) ;
#8974 = CARTESIAN_POINT ( 'NONE',  ( -27.55000000000000426, 7.500000000000000000, -35.45000000000002416 ) ) ;
#8975 = EDGE_CURVE ( 'NONE', #5020, #10123, #7707, .T. ) ;
#8976 = VECTOR ( 'NONE', #3210, 1000.000000000000114 ) ;
#8977 = AXIS2_PLACEMENT_3D ( 'NONE', #7125, #1784, #5300 ) ;
#8978 = LINE ( 'NONE', #6258, #10883 ) ;
#8979 = VERTEX_POINT ( 'NONE', #11451 ) ;
#8980 = ADVANCED_FACE ( 'NONE', ( #4923 ), #4011, .F. ) ;
#8981 = CARTESIAN_POINT ( 'NONE',  ( -0.5500000000000088152, 82.98258077199005811, -35.45000000000000284 ) ) ;
#8982 = CARTESIAN_POINT ( 'NONE',  ( 0.000000000000000000, 7.500000000000000000, -10.49625977300446067 ) ) ;
#8983 = EDGE_LOOP ( 'NONE', ( #2198, #8727, #7883, #10427, #10762, #11131, #994 ) ) ;
#8984 = VECTOR ( 'NONE', #2700, 1000.000000000000000 ) ;
#8985 = CARTESIAN_POINT ( 'NONE',  ( 0.000000000000000000, 7.500000000000000000, -28.49625977300445356 ) ) ;
#8986 = AXIS2_PLACEMENT_3D ( 'NONE', #1532, #7905, #1473 ) ;
#8987 = DIRECTION ( 'NONE',  ( -0.000000000000000000, -1.000000000000000000, -0.000000000000000000 ) ) ;
#8988 = AXIS2_PLACEMENT_3D ( 'NONE', #11934, #7966, #292 ) ;
#8989 = ORIENTED_EDGE ( 'NONE', *, *, #3925, .F. ) ;
#8990 = DIRECTION ( 'NONE',  ( 0.7071067811865474617, 0.000000000000000000, -0.7071067811865474617 ) ) ;
#8991 = LINE ( 'NONE', #9775, #10095 ) ;
#8992 = ADVANCED_FACE ( 'NONE', ( #10661 ), #10545, .F. ) ;
#8993 = DIRECTION ( 'NONE',  ( 0.000000000000000000, -0.2756373558170042704, 0.9612616959383174509 ) ) ;
#8994 = DIRECTION ( 'NONE',  ( 1.000000000000000000, 0.000000000000000000, 0.000000000000000000 ) ) ;
#8995 = DIRECTION ( 'NONE',  ( -1.000000000000000000, 0.000000000000000000, 0.000000000000000000 ) ) ;
#8996 = DIRECTION ( 'NONE',  ( 1.000000000000000000, 0.000000000000000000, 0.000000000000000000 ) ) ;
#8997 = CARTESIAN_POINT ( 'NONE',  ( 61.43449314192414334, 9.099999999999983658, 33.36342533005872468 ) ) ;
#8998 = ORIENTED_EDGE ( 'NONE', *, *, #1353, .F. ) ;
#8999 = DIRECTION ( 'NONE',  ( 0.2657276780299911434, 0.9267025424900801056, 0.2657276780299911434 ) ) ;
#9000 = VERTEX_POINT ( 'NONE', #5946 ) ;
#9001 = CARTESIAN_POINT ( 'NONE',  ( 40.07937528197222576, 29.75245638442229179, -13.88452941702862553 ) ) ;
#9002 = DIRECTION ( 'NONE',  ( 0.000000000000000000, 0.000000000000000000, 1.000000000000000000 ) ) ;
#9003 = ORIENTED_EDGE ( 'NONE', *, *, #9863, .T. ) ;
#9004 = ADVANCED_FACE ( 'NONE', ( #1217 ), #1330, .F. ) ;
#9005 = CARTESIAN_POINT ( 'NONE',  ( 0.5499999999999949374, 10.80000000000000071, -8.450000000000388312 ) ) ;
#9006 = CARTESIAN_POINT ( 'NONE',  ( 28.19056600552735148, 8.566080860090400151, 25.80943399447225417 ) ) ;
#9007 = ADVANCED_FACE ( 'NONE', ( #4119 ), #6004, .F. ) ;
#9008 = VERTEX_POINT ( 'NONE', #2356 ) ;
#9009 = DIRECTION ( 'NONE',  ( -0.000000000000000000, -1.000000000000000000, -0.000000000000000000 ) ) ;
#9010 = ORIENTED_EDGE ( 'NONE', *, *, #1527, .F. ) ;
#9011 = LINE ( 'NONE', #9073, #5751 ) ;
#9012 = ORIENTED_EDGE ( 'NONE', *, *, #2165, .T. ) ;
#9013 = DIRECTION ( 'NONE',  ( 1.000000000000000000, 0.000000000000000000, 0.000000000000000000 ) ) ;
#9014 = CARTESIAN_POINT ( 'NONE',  ( 0.000000000000000000, 7.500000000000000000, -16.50374022699631382 ) ) ;
#9015 = VECTOR ( 'NONE', #10245, 1000.000000000000000 ) ;
#9016 = EDGE_LOOP ( 'NONE', ( #1, #606, #8396, #6172 ) ) ;
#9017 = DIRECTION ( 'NONE',  ( -0.5001519828512179799, 0.8323926831162092865, -0.2386847610229713423 ) ) ;
#9018 = LINE ( 'NONE', #3319, #8377 ) ;
#9019 = LINE ( 'NONE', #9081, #1364 ) ;
#9020 = ADVANCED_FACE ( 'NONE', ( #1450 ), #8561, .F. ) ;
#9021 = DIRECTION ( 'NONE',  ( 0.000000000000000000, 0.000000000000000000, -1.000000000000000000 ) ) ;
#9022 = VECTOR ( 'NONE', #11325, 1000.000000000000000 ) ;
#9023 = VECTOR ( 'NONE', #4387, 1000.000000000000000 ) ;
#9024 = ORIENTED_EDGE ( 'NONE', *, *, #7902, .T. ) ;
#9025 = EDGE_CURVE ( 'NONE', #8537, #2508, #2127, .T. ) ;
#9026 = ORIENTED_EDGE ( 'NONE', *, *, #9577, .T. ) ;
#9027 = ORIENTED_EDGE ( 'NONE', *, *, #3121, .T. ) ;
#9028 = FACE_OUTER_BOUND ( 'NONE', #7757, .T. ) ;
#9029 = LINE ( 'NONE', #4300, #7634 ) ;
#9030 = VERTEX_POINT ( 'NONE', #7034 ) ;
#9031 = EDGE_CURVE ( 'NONE', #269, #10980, #5396, .T. ) ;
#9032 = DIRECTION ( 'NONE',  ( -1.000000000000000000, -0.000000000000000000, -0.000000000000000000 ) ) ;
#9033 = CARTESIAN_POINT ( 'NONE',  ( 54.96378475451788859, 7.500000000000000000, 36.96378475451749068 ) ) ;
#9034 = VERTEX_POINT ( 'NONE', #540 ) ;
#9035 = EDGE_LOOP ( 'NONE', ( #11724, #1046, #5390, #3608 ) ) ;
#9036 = ADVANCED_FACE ( 'NONE', ( #4368 ), #664, .F. ) ;
#9037 = VECTOR ( 'NONE', #5023, 1000.000000000000000 ) ;
#9038 = EDGE_LOOP ( 'NONE', ( #2188, #5884, #4772, #2654 ) ) ;
#9039 = DIRECTION ( 'NONE',  ( -0.7071067811865452413, -0.000000000000000000, 0.7071067811865497932 ) ) ;
#9040 = CARTESIAN_POINT ( 'NONE',  ( 0.000000000000000000, 7.500000000000000000, -28.49625977300445356 ) ) ;
#9041 = EDGE_CURVE ( 'NONE', #3458, #906, #8905, .T. ) ;
#9042 = VECTOR ( 'NONE', #10537, 1000.000000000000000 ) ;
#9044 = LINE ( 'NONE', #546, #2560 ) ;
#9043 = VECTOR ( 'NONE', #1461, 1000.000000000000114 ) ;
#9045 = VERTEX_POINT ( 'NONE', #8122 ) ;
#9046 = DIRECTION ( 'NONE',  ( -1.000000000000000000, 0.000000000000000000, 0.000000000000000000 ) ) ;
#9047 = VERTEX_POINT ( 'NONE', #2422 ) ;
#9048 = DIRECTION ( 'NONE',  ( 0.9612616959383174509, -0.2756373558170042704, 0.000000000000000000 ) ) ;
#9049 = AXIS2_PLACEMENT_3D ( 'NONE', #9609, #7790, #4090 ) ;
#9050 = LINE ( 'NONE', #1711, #9176 ) ;
#9051 = ORIENTED_EDGE ( 'NONE', *, *, #1074, .T. ) ;
#9052 = LINE ( 'NONE', #6265, #185 ) ;
#9053 = LINE ( 'NONE', #11830, #7959 ) ;
#9054 = CARTESIAN_POINT ( 'NONE',  ( -2.375000000000005773, 10.53731005528968545, 33.62500000000000000 ) ) ;
#9055 = AXIS2_PLACEMENT_3D ( 'NONE', #10767, #4346, #2462 ) ;
#9056 = VECTOR ( 'NONE', #477, 1000.000000000000000 ) ;
#9057 = CARTESIAN_POINT ( 'NONE',  ( -24.62500000000000000, 10.53731005528969433, -26.37467487046947667 ) ) ;
#9058 = DIRECTION ( 'NONE',  ( 1.000000000000000000, 0.000000000000000000, 0.000000000000000000 ) ) ;
#9059 = CARTESIAN_POINT ( 'NONE',  ( -27.54999999999999361, 10.80000000000000071, -17.45000000000039009 ) ) ;
#9060 = PLANE ( 'NONE',  #6278 ) ;
#9061 = ORIENTED_EDGE ( 'NONE', *, *, #3515, .T. ) ;
#9062 = ADVANCED_FACE ( 'NONE', ( #7213 ), #9873, .F. ) ;
#9063 = CARTESIAN_POINT ( 'NONE',  ( 0.000000000000000000, 7.500000000000000000, -34.50374022699632093 ) ) ;
#9064 = ORIENTED_EDGE ( 'NONE', *, *, #8313, .F. ) ;
#9065 = CARTESIAN_POINT ( 'NONE',  ( 0.5500000000000088152, 7.500000000000007105, -35.45000000000000284 ) ) ;
#9066 = CARTESIAN_POINT ( 'NONE',  ( 0.000000000000000000, 8.566080860090853122, 34.80943399447238562 ) ) ;
#9067 = EDGE_LOOP ( 'NONE', ( #7653, #4505, #4422, #1101 ) ) ;
#9068 = DIRECTION ( 'NONE',  ( 0.000000000000000000, -0.2756373558170042704, 0.9612616959383174509 ) ) ;
#9069 = LINE ( 'NONE', #7975, #5954 ) ;
#9071 = EDGE_CURVE ( 'NONE', #10059, #7748, #8003, .T. ) ;
#9070 = CARTESIAN_POINT ( 'NONE',  ( -35.44999999999999574, 10.80000000000000071, 8.449999999999617373 ) ) ;
#9072 = VERTEX_POINT ( 'NONE', #9033 ) ;
#9073 = CARTESIAN_POINT ( 'NONE',  ( -53.44999999999999574, 10.80000000000000071, 18.54999999999960991 ) ) ;
#9074 = ORIENTED_EDGE ( 'NONE', *, *, #7701, .F. ) ;
#9075 = DIRECTION ( 'NONE',  ( 1.000000000000000000, 0.000000000000000000, 0.000000000000000000 ) ) ;
#9076 = EDGE_CURVE ( 'NONE', #9008, #3635, #8061, .T. ) ;
#9077 = LINE ( 'NONE', #9983, #194 ) ;
#9078 = VERTEX_POINT ( 'NONE', #6129 ) ;
#9079 = CARTESIAN_POINT ( 'NONE',  ( -0.5500000000000088152, 82.98258077199005811, -35.45000000000000284 ) ) ;
#9080 = LINE ( 'NONE', #2473, #4307 ) ;
#9081 = CARTESIAN_POINT ( 'NONE',  ( -20.65831223607736078, -3.969694544262571956, 13.78514175963398358 ) ) ;
#9082 = DIRECTION ( 'NONE',  ( 0.000000000000000000, 0.000000000000000000, 1.000000000000000000 ) ) ;
#9084 = ORIENTED_EDGE ( 'NONE', *, *, #2301, .F. ) ;
#9083 = EDGE_CURVE ( 'NONE', #5866, #9174, #10792, .T. ) ;
#9085 = ORIENTED_EDGE ( 'NONE', *, *, #2271, .T. ) ;
#9086 = ORIENTED_EDGE ( 'NONE', *, *, #438, .F. ) ;
#9087 = DIRECTION ( 'NONE',  ( 0.7071067811865475727, 0.000000000000000000, 0.7071067811865475727 ) ) ;
#9088 = LINE ( 'NONE', #6062, #9187 ) ;
#9089 = ORIENTED_EDGE ( 'NONE', *, *, #6299, .F. ) ;
#9090 = EDGE_CURVE ( 'NONE', #5829, #9111, #2607, .T. ) ;
#9091 = DIRECTION ( 'NONE',  ( 0.5001519828512179799, 0.8323926831162092865, -0.2386847610229711203 ) ) ;
#9092 = DIRECTION ( 'NONE',  ( 0.000000000000000000, -0.9612616959383174509, 0.2756373558170042704 ) ) ;
#9093 = EDGE_LOOP ( 'NONE', ( #4192, #2614, #3682, #10259 ) ) ;
#9094 = VERTEX_POINT ( 'NONE', #9937 ) ;
#9095 = EDGE_LOOP ( 'NONE', ( #9157, #2964, #5246, #8317 ) ) ;
#9096 = VECTOR ( 'NONE', #6859, 1000.000000000000114 ) ;
#9097 = EDGE_CURVE ( 'NONE', #10351, #3677, #6309, .T. ) ;
#9098 = ORIENTED_EDGE ( 'NONE', *, *, #9097, .T. ) ;
#9099 = VERTEX_POINT ( 'NONE', #5149 ) ;
#9100 = LINE ( 'NONE', #6378, #8750 ) ;
#9101 = EDGE_CURVE ( 'NONE', #7339, #11383, #3457, .T. ) ;
#9102 = PLANE ( 'NONE',  #4577 ) ;
#9103 = EDGE_CURVE ( 'NONE', #11187, #11875, #9816, .T. ) ;
#9104 = VECTOR ( 'NONE', #8106, 1000.000000000000000 ) ;
#9105 = VERTEX_POINT ( 'NONE', #1632 ) ;
#9106 = CARTESIAN_POINT ( 'NONE',  ( -26.45000000000000284, 10.80000000000000071, 17.44999999999961560 ) ) ;
#9107 = EDGE_LOOP ( 'NONE', ( #323, #9912, #850, #9484 ) ) ;
#9108 = FACE_OUTER_BOUND ( 'NONE', #2685, .T. ) ;
#9109 = CARTESIAN_POINT ( 'NONE',  ( 46.49625977300406277, 7.500000000000000000, 0.000000000000000000 ) ) ;
#9110 = ORIENTED_EDGE ( 'NONE', *, *, #11173, .F. ) ;
#9111 = VERTEX_POINT ( 'NONE', #723 ) ;
#9112 = LINE ( 'NONE', #7357, #3091 ) ;
#9113 = CARTESIAN_POINT ( 'NONE',  ( 24.62500000000000000, 10.53731005528969256, 8.374674870468716392 ) ) ;
#9114 = EDGE_CURVE ( 'NONE', #5263, #7564, #10000, .T. ) ;
#9115 = CARTESIAN_POINT ( 'NONE',  ( -52.80943399447263431, 8.566080860090417914, -16.80943399447302511 ) ) ;
#9116 = FACE_OUTER_BOUND ( 'NONE', #954, .T. ) ;
#9117 = VECTOR ( 'NONE', #7183, 1000.000000000000000 ) ;
#9118 = CARTESIAN_POINT ( 'NONE',  ( -1.496259773004070315, 7.500000000000000000, 0.000000000000000000 ) ) ;
#9119 = FACE_OUTER_BOUND ( 'NONE', #290, .T. ) ;
#9120 = LINE ( 'NONE', #7304, #8001 ) ;
#9121 = ORIENTED_EDGE ( 'NONE', *, *, #772, .F. ) ;
#9122 = DIRECTION ( 'NONE',  ( 0.000000000000000000, 0.000000000000000000, 1.000000000000000000 ) ) ;
#9123 = ORIENTED_EDGE ( 'NONE', *, *, #8875, .T. ) ;
#9124 = LINE ( 'NONE', #23, #4739 ) ;
#9125 = DIRECTION ( 'NONE',  ( 0.000000000000000000, 0.000000000000000000, -1.000000000000000000 ) ) ;
#9126 = VERTEX_POINT ( 'NONE', #7938 ) ;
#9127 = EDGE_CURVE ( 'NONE', #2104, #1324, #11629, .T. ) ;
#9128 = AXIS2_PLACEMENT_3D ( 'NONE', #4156, #11487, #7855 ) ;
#9129 = PLANE ( 'NONE',  #5446 ) ;
#9130 = EDGE_CURVE ( 'NONE', #11378, #8321, #10520, .T. ) ;
#9131 = CARTESIAN_POINT ( 'NONE',  ( 0.5499999999999949374, 10.80000000000000071, -0.5500000000003835154 ) ) ;
#9132 = CARTESIAN_POINT ( 'NONE',  ( -51.62500000000000711, 10.53731005528969256, 26.37467487046871284 ) ) ;
#9133 = VECTOR ( 'NONE', #1348, 1000.000000000000000 ) ;
#9134 = ORIENTED_EDGE ( 'NONE', *, *, #2307, .F. ) ;
#9135 = ADVANCED_FACE ( 'NONE', ( #11550 ), #5863, .T. ) ;
#9136 = FACE_OUTER_BOUND ( 'NONE', #4162, .T. ) ;
#9137 = ORIENTED_EDGE ( 'NONE', *, *, #4305, .F. ) ;
#9138 = CARTESIAN_POINT ( 'NONE',  ( 54.96378475451788859, 7.500000000000000000, 36.49999999999959499 ) ) ;
#9139 = ADVANCED_FACE ( 'NONE', ( #10459 ), #8763, .F. ) ;
#9140 = CARTESIAN_POINT ( 'NONE',  ( 0.000000000000000000, 7.500000000000000000, -34.50374022699632093 ) ) ;
#9141 = ORIENTED_EDGE ( 'NONE', *, *, #1057, .T. ) ;
#9142 = PLANE ( 'NONE',  #9743 ) ;
#9143 = CARTESIAN_POINT ( 'NONE',  ( -3.932610235973041046, -0.9965637948163279525, 32.06738976402657215 ) ) ;
#9144 = AXIS2_PLACEMENT_3D ( 'NONE', #1904, #2692, #2750 ) ;
#9145 = CARTESIAN_POINT ( 'NONE',  ( -29.37500000000000000, 10.53731005528968012, -27.62532512953129427 ) ) ;
#9146 = CARTESIAN_POINT ( 'NONE',  ( -27.54999999999999361, 10.80000000000000071, -0.5500000000003835154 ) ) ;
#9147 = VECTOR ( 'NONE', #4229, 1000.000000000000000 ) ;
#9148 = VERTEX_POINT ( 'NONE', #5060 ) ;
#9149 = ORIENTED_EDGE ( 'NONE', *, *, #5047, .T. ) ;
#9150 = ORIENTED_EDGE ( 'NONE', *, *, #9458, .T. ) ;
#9151 = DIRECTION ( 'NONE',  ( -0.000000000000000000, -0.000000000000000000, 1.000000000000000000 ) ) ;
#9152 = DIRECTION ( 'NONE',  ( -0.000000000000000000, -0.000000000000000000, 1.000000000000000000 ) ) ;
#9153 = ORIENTED_EDGE ( 'NONE', *, *, #9644, .F. ) ;
#9154 = VECTOR ( 'NONE', #8048, 1000.000000000000114 ) ;
#9155 = PLANE ( 'NONE',  #7507 ) ;
#9156 = PLANE ( 'NONE',  #2002 ) ;
#9157 = ORIENTED_EDGE ( 'NONE', *, *, #7965, .F. ) ;
#9158 = VECTOR ( 'NONE', #6235, 1000.000000000000000 ) ;
#9159 = ORIENTED_EDGE ( 'NONE', *, *, #1764, .T. ) ;
#9160 = VERTEX_POINT ( 'NONE', #11609 ) ;
#9161 = CARTESIAN_POINT ( 'NONE',  ( -0.4124163967275038534, 7.271022431965715960, -19.56191803408055918 ) ) ;
#9162 = EDGE_CURVE ( 'NONE', #4482, #4410, #6826, .T. ) ;
#9163 = CARTESIAN_POINT ( 'NONE',  ( 27.54999999999999005, 10.80000000000000071, 27.54999999999960991 ) ) ;
#9164 = VECTOR ( 'NONE', #8315, 1000.000000000000000 ) ;
#9165 = EDGE_CURVE ( 'NONE', #4530, #4459, #1251, .T. ) ;
#9166 = VECTOR ( 'NONE', #9975, 1000.000000000000000 ) ;
#9167 = ORIENTED_EDGE ( 'NONE', *, *, #4811, .T. ) ;
#9168 = LINE ( 'NONE', #1707, #3546 ) ;
#9169 = PLANE ( 'NONE',  #7829 ) ;
#9170 = ORIENTED_EDGE ( 'NONE', *, *, #3515, .F. ) ;
#9171 = DIRECTION ( 'NONE',  ( 0.9612616959383174509, -0.2756373558170042704, 0.000000000000000000 ) ) ;
#9172 = PLANE ( 'NONE',  #9555 ) ;
#9173 = ORIENTED_EDGE ( 'NONE', *, *, #468, .T. ) ;
#9174 = VERTEX_POINT ( 'NONE', #3302 ) ;
#9175 = DIRECTION ( 'NONE',  ( -0.000000000000000000, -0.000000000000000000, 1.000000000000000000 ) ) ;
#9176 = VECTOR ( 'NONE', #1581, 1000.000000000000114 ) ;
#9177 = CARTESIAN_POINT ( 'NONE',  ( 20.65831223607736788, -3.969694544262557745, 31.78514175963400490 ) ) ;
#9178 = VECTOR ( 'NONE', #11053, 1000.000000000000114 ) ;
#9179 = LINE ( 'NONE', #9400, #2460 ) ;
#9180 = LINE ( 'NONE', #1957, #11066 ) ;
#9181 = VECTOR ( 'NONE', #897, 1000.000000000000000 ) ;
#9182 = VECTOR ( 'NONE', #9781, 1000.000000000000114 ) ;
#9183 = CARTESIAN_POINT ( 'NONE',  ( -24.62500000000000000, 7.500000000000000000, 10.49625977300367907 ) ) ;
#9184 = CARTESIAN_POINT ( 'NONE',  ( 24.62500000000000355, 7.500000000000000000, -7.503740226996326257 ) ) ;
#9185 = EDGE_LOOP ( 'NONE', ( #10363, #3737, #3252, #630 ) ) ;
#9186 = EDGE_CURVE ( 'NONE', #8962, #8063, #4956, .T. ) ;
#9187 = VECTOR ( 'NONE', #6967, 1000.000000000000000 ) ;
#9188 = LINE ( 'NONE', #2697, #10144 ) ;
#9189 = EDGE_LOOP ( 'NONE', ( #10382, #761, #9246, #5942 ) ) ;
#9190 = DIRECTION ( 'NONE',  ( 0.000000000000000000, -0.2756373558170021609, 0.9612616959383181170 ) ) ;
#9191 = DIRECTION ( 'NONE',  ( 1.000000000000000000, 0.000000000000000000, 0.000000000000000000 ) ) ;
#9192 = ORIENTED_EDGE ( 'NONE', *, *, #7096, .T. ) ;
#9193 = VECTOR ( 'NONE', #2318, 1000.000000000000000 ) ;
#9194 = CARTESIAN_POINT ( 'NONE',  ( 27.54999999999999005, 10.80000000000000071, -27.55000000000038796 ) ) ;
#9195 = VECTOR ( 'NONE', #6775, 1000.000000000000000 ) ;
#9196 = CARTESIAN_POINT ( 'NONE',  ( -26.45000000000000284, 7.500000000000000000, 35.45000000000000995 ) ) ;
#9197 = EDGE_CURVE ( 'NONE', #3763, #9706, #5007, .T. ) ;
#9198 = CARTESIAN_POINT ( 'NONE',  ( 2.375000000000005773, 10.53731005528968545, 17.37467487046870218 ) ) ;
#9199 = ORIENTED_EDGE ( 'NONE', *, *, #2349, .F. ) ;
#9200 = CARTESIAN_POINT ( 'NONE',  ( -61.00000000000000000, 9.899999999999998579, 8.000000000000000000 ) ) ;
#9201 = ORIENTED_EDGE ( 'NONE', *, *, #10334, .T. ) ;
#9202 = CARTESIAN_POINT ( 'NONE',  ( 0.5499999999999949374, 10.80000000000000071, 8.449999999999617373 ) ) ;
#9203 = LINE ( 'NONE', #1675, #9104 ) ;
#9204 = ORIENTED_EDGE ( 'NONE', *, *, #6561, .T. ) ;
#9205 = EDGE_CURVE ( 'NONE', #9661, #7502, #9724, .T. ) ;
#9206 = CARTESIAN_POINT ( 'NONE',  ( 26.45000000000000284, 10.80000000000000071, 17.44999999999961560 ) ) ;
#9207 = CARTESIAN_POINT ( 'NONE',  ( -61.00000000000000000, 9.899999999999998579, -8.000000000000000000 ) ) ;
#9208 = DIRECTION ( 'NONE',  ( 0.000000000000000000, 0.000000000000000000, 1.000000000000000000 ) ) ;
#9209 = LINE ( 'NONE', #2475, #11548 ) ;
#9210 = ORIENTED_EDGE ( 'NONE', *, *, #2469, .F. ) ;
#9211 = VERTEX_POINT ( 'NONE', #4157 ) ;
#9212 = ORIENTED_EDGE ( 'NONE', *, *, #8778, .F. ) ;
#9213 = VECTOR ( 'NONE', #5217, 1000.000000000000114 ) ;
#9214 = DIRECTION ( 'NONE',  ( -1.000000000000000000, -0.000000000000000000, -0.000000000000000000 ) ) ;
#9215 = LINE ( 'NONE', #908, #4345 ) ;
#9216 = ORIENTED_EDGE ( 'NONE', *, *, #9976, .F. ) ;
#9217 = EDGE_CURVE ( 'NONE', #7863, #3625, #9559, .T. ) ;
#9218 = DIRECTION ( 'NONE',  ( -1.000000000000000000, 0.000000000000000000, 0.000000000000000000 ) ) ;
#9219 = ORIENTED_EDGE ( 'NONE', *, *, #5378, .T. ) ;
#9220 = ORIENTED_EDGE ( 'NONE', *, *, #10257, .T. ) ;
#9221 = ORIENTED_EDGE ( 'NONE', *, *, #1764, .F. ) ;
#9222 = EDGE_LOOP ( 'NONE', ( #3270, #2514, #8722, #5477 ) ) ;
#9223 = LINE ( 'NONE', #5646, #7204 ) ;
#9224 = LINE ( 'NONE', #11943, #9788 ) ;
#9225 = AXIS2_PLACEMENT_3D ( 'NONE', #2688, #6392, #10080 ) ;
#9226 = EDGE_CURVE ( 'NONE', #10727, #11089, #8705, .T. ) ;
#9227 = ORIENTED_EDGE ( 'NONE', *, *, #6299, .T. ) ;
#9228 = CARTESIAN_POINT ( 'NONE',  ( 0.000000000000000000, 7.500000000000000000, -25.50374022699630672 ) ) ;
#9229 = CARTESIAN_POINT ( 'NONE',  ( 34.50374022699593013, 7.500000000000000000, 0.000000000000000000 ) ) ;
#9230 = ADVANCED_FACE ( 'NONE', ( #7856 ), #8821, .T. ) ;
#9231 = ORIENTED_EDGE ( 'NONE', *, *, #3358, .T. ) ;
#9232 = VECTOR ( 'NONE', #4549, 1000.000000000000000 ) ;
#9233 = LINE ( 'NONE', #4381, #10570 ) ;
#9234 = DIRECTION ( 'NONE',  ( 0.000000000000000000, 0.000000000000000000, -1.000000000000000000 ) ) ;
#9235 = EDGE_LOOP ( 'NONE', ( #8605, #4940, #1254, #4998 ) ) ;
#9236 = ORIENTED_EDGE ( 'NONE', *, *, #5165, .F. ) ;
#9237 = ADVANCED_FACE ( 'NONE', ( #8884 ), #4095, .F. ) ;
#9238 = DIRECTION ( 'NONE',  ( 0.2657276780299913099, -0.9267025424900799946, 0.2657276780299913099 ) ) ;
#9239 = CARTESIAN_POINT ( 'NONE',  ( 2.375000000000005773, 10.53731005528968545, 33.62500000000000000 ) ) ;
#9240 = ADVANCED_FACE ( 'NONE', ( #11428 ), #3123, .F. ) ;
#9241 = AXIS2_PLACEMENT_3D ( 'NONE', #3008, #4256, #6142 ) ;
#9242 = LINE ( 'NONE', #3841, #5660 ) ;
#9243 = ORIENTED_EDGE ( 'NONE', *, *, #4347, .F. ) ;
#9244 = DIRECTION ( 'NONE',  ( 0.9612616959383174509, -0.2756373558170042704, 0.000000000000000000 ) ) ;
#9245 = LINE ( 'NONE', #1907, #5883 ) ;
#9246 = ORIENTED_EDGE ( 'NONE', *, *, #3312, .T. ) ;
#9247 = CARTESIAN_POINT ( 'NONE',  ( -37.19056600552722358, 8.566080860090837135, 34.80943399447237852 ) ) ;
#9248 = VECTOR ( 'NONE', #7524, 1000.000000000000114 ) ;
#9249 = AXIS2_PLACEMENT_3D ( 'NONE', #4862, #1043, #2862 ) ;
#9250 = EDGE_CURVE ( 'NONE', #8470, #3753, #1486, .T. ) ;
#9251 = ORIENTED_EDGE ( 'NONE', *, *, #2774, .T. ) ;
#9252 = CARTESIAN_POINT ( 'NONE',  ( 51.62500000000000000, 10.80000000000000426, -8.450000000000388312 ) ) ;
#9253 = FACE_OUTER_BOUND ( 'NONE', #578, .T. ) ;
#9254 = ORIENTED_EDGE ( 'NONE', *, *, #486, .F. ) ;
#9255 = EDGE_CURVE ( 'NONE', #11507, #2919, #6106, .T. ) ;
#9256 = DIRECTION ( 'NONE',  ( -0.000000000000000000, -0.000000000000000000, -1.000000000000000000 ) ) ;
#9257 = EDGE_CURVE ( 'NONE', #10278, #6596, #7683, .T. ) ;
#9258 = FACE_OUTER_BOUND ( 'NONE', #1938, .T. ) ;
#9259 = FACE_OUTER_BOUND ( 'NONE', #911, .T. ) ;
#9260 = ORIENTED_EDGE ( 'NONE', *, *, #3642, .F. ) ;
#9261 = LINE ( 'NONE', #4831, #7107 ) ;
#9262 = EDGE_LOOP ( 'NONE', ( #7036, #8241, #5447, #9277 ) ) ;
#9263 = DIRECTION ( 'NONE',  ( 0.000000000000000000, -0.9612616959383174509, -0.2756373558170042704 ) ) ;
#9264 = DIRECTION ( 'NONE',  ( 0.000000000000000000, 0.000000000000000000, -1.000000000000000000 ) ) ;
#9265 = ORIENTED_EDGE ( 'NONE', *, *, #7042, .F. ) ;
#9266 = FACE_OUTER_BOUND ( 'NONE', #11352, .T. ) ;
#9267 = CARTESIAN_POINT ( 'NONE',  ( -24.62500000000000355, 7.500000000000000000, 25.50374022699554288 ) ) ;
#9268 = EDGE_CURVE ( 'NONE', #2024, #10351, #5119, .T. ) ;
#9269 = DIRECTION ( 'NONE',  ( -0.000000000000000000, -0.000000000000000000, 1.000000000000000000 ) ) ;
#9270 = LINE ( 'NONE', #11200, #9813 ) ;
#9271 = VERTEX_POINT ( 'NONE', #3237 ) ;
#9272 = LINE ( 'NONE', #2548, #6244 ) ;
#9273 = ORIENTED_EDGE ( 'NONE', *, *, #11766, .F. ) ;
#9274 = ORIENTED_EDGE ( 'NONE', *, *, #6784, .T. ) ;
#9275 = DIRECTION ( 'NONE',  ( -0.2657276780299913099, 0.9267025424900799946, 0.2657276780299913099 ) ) ;
#9276 = LINE ( 'NONE', #6430, #4547 ) ;
#9277 = ORIENTED_EDGE ( 'NONE', *, *, #5880, .F. ) ;
#9278 = DIRECTION ( 'NONE',  ( -0.000000000000000000, -0.2756373558170042704, -0.9612616959383174509 ) ) ;
#9279 = ORIENTED_EDGE ( 'NONE', *, *, #1119, .F. ) ;
#9280 = ORIENTED_EDGE ( 'NONE', *, *, #4679, .F. ) ;
#9281 = ORIENTED_EDGE ( 'NONE', *, *, #10649, .F. ) ;
#9282 = CARTESIAN_POINT ( 'NONE',  ( 26.45000000000000284, 10.80000000000000071, 27.54999999999960991 ) ) ;
#9283 = AXIS2_PLACEMENT_3D ( 'NONE', #10952, #7139, #11679 ) ;
#9284 = DIRECTION ( 'NONE',  ( 0.000000000000000000, -0.2756373558170023830, 0.9612616959383180060 ) ) ;
#9285 = EDGE_CURVE ( 'NONE', #7031, #11584, #5299, .T. ) ;
#9286 = VERTEX_POINT ( 'NONE', #442 ) ;
#9287 = DIRECTION ( 'NONE',  ( 0.000000000000000000, -0.2756373558170021609, 0.9612616959383181170 ) ) ;
#9288 = DIRECTION ( 'NONE',  ( -0.000000000000000000, -0.000000000000000000, 1.000000000000000000 ) ) ;
#9289 = ORIENTED_EDGE ( 'NONE', *, *, #5953, .T. ) ;
#9290 = CARTESIAN_POINT ( 'NONE',  ( 0.000000000000000000, 7.500000000000000000, 25.50374022699554288 ) ) ;
#9291 = CARTESIAN_POINT ( 'NONE',  ( -61.00000000000000000, 9.899999999999998579, 8.000000000000000000 ) ) ;
#9292 = ORIENTED_EDGE ( 'NONE', *, *, #636, .T. ) ;
#9293 = VERTEX_POINT ( 'NONE', #5969 ) ;
#9294 = EDGE_CURVE ( 'NONE', #4370, #6343, #10567, .T. ) ;
#9295 = DIRECTION ( 'NONE',  ( 0.2756373558170042704, -0.9612616959383174509, 0.000000000000000000 ) ) ;
#9296 = CARTESIAN_POINT ( 'NONE',  ( -51.62500000000000000, 10.80000000000000071, 0.000000000000000000 ) ) ;
#9297 = DIRECTION ( 'NONE',  ( -3.469446951953605354E-14, -1.000000000000000000, -0.000000000000000000 ) ) ;
#9298 = VERTEX_POINT ( 'NONE', #4207 ) ;
#9299 = CARTESIAN_POINT ( 'NONE',  ( 58.32322330470334037, 9.699999999999974420, -37.32322330470339011 ) ) ;
#9300 = CARTESIAN_POINT ( 'NONE',  ( -20.65831223607736788, -3.969694544262559521, -22.21485824036598089 ) ) ;
#9301 = ORIENTED_EDGE ( 'NONE', *, *, #5689, .T. ) ;
#9302 = CARTESIAN_POINT ( 'NONE',  ( 19.83347944262235885, 18.51173940819401054, 7.338694308525584908 ) ) ;
#9303 = ORIENTED_EDGE ( 'NONE', *, *, #1240, .T. ) ;
#9304 = DIRECTION ( 'NONE',  ( 0.5001519828512179799, -0.8323926831162092865, -0.2386847610229713423 ) ) ;
#9305 = DIRECTION ( 'NONE',  ( 1.000000000000000000, 0.000000000000000000, 0.000000000000000000 ) ) ;
#9306 = ORIENTED_EDGE ( 'NONE', *, *, #5096, .F. ) ;
#9307 = EDGE_CURVE ( 'NONE', #9905, #1075, #2450, .T. ) ;
#9308 = LINE ( 'NONE', #3671, #5261 ) ;
#9309 = CARTESIAN_POINT ( 'NONE',  ( 45.54999999999999005, 10.80000000000000071, 17.44999999999961560 ) ) ;
#9310 = VECTOR ( 'NONE', #3908, 1000.000000000000000 ) ;
#9311 = PLANE ( 'NONE',  #1605 ) ;
#9312 = CARTESIAN_POINT ( 'NONE',  ( 28.19056600552735503, 8.566080860090398374, 0.000000000000000000 ) ) ;
#9313 = ORIENTED_EDGE ( 'NONE', *, *, #8646, .F. ) ;
#9314 = LINE ( 'NONE', #98, #7908 ) ;
#9315 = ORIENTED_EDGE ( 'NONE', *, *, #11899, .F. ) ;
#9316 = DIRECTION ( 'NONE',  ( 0.000000000000000000, 0.000000000000000000, 1.000000000000000000 ) ) ;
#9317 = LINE ( 'NONE', #9267, #7216 ) ;
#9318 = CARTESIAN_POINT ( 'NONE',  ( 36.62532512953090702, 10.53731005528968367, 33.62500000000000000 ) ) ;
#9319 = CARTESIAN_POINT ( 'NONE',  ( 24.62500000000000000, 10.53731005528969256, -33.62500000000000000 ) ) ;
#9320 = VECTOR ( 'NONE', #10109, 1000.000000000000114 ) ;
#9321 = ORIENTED_EDGE ( 'NONE', *, *, #11010, .T. ) ;
#9322 = DIRECTION ( 'NONE',  ( -0.000000000000000000, 0.000000000000000000, -1.000000000000000000 ) ) ;
#9323 = ORIENTED_EDGE ( 'NONE', *, *, #4592, .T. ) ;
#9324 = ORIENTED_EDGE ( 'NONE', *, *, #4741, .F. ) ;
#9325 = LINE ( 'NONE', #10413, #9022 ) ;
#9326 = CARTESIAN_POINT ( 'NONE',  ( 51.62500000000000000, 10.80000000000000426, 9.549999999999613465 ) ) ;
#9327 = ORIENTED_EDGE ( 'NONE', *, *, #10627, .F. ) ;
#9328 = EDGE_CURVE ( 'NONE', #7516, #3782, #9714, .T. ) ;
#9329 = CARTESIAN_POINT ( 'NONE',  ( 24.62500000000000000, 10.80000000000000071, 0.000000000000000000 ) ) ;
#9330 = CARTESIAN_POINT ( 'NONE',  ( 55.00000000000000000, 7.500000000000000000, -41.00000000000000000 ) ) ;
#9331 = ORIENTED_EDGE ( 'NONE', *, *, #571, .F. ) ;
#9332 = VECTOR ( 'NONE', #4872, 1000.000000000000000 ) ;
#9333 = EDGE_CURVE ( 'NONE', #7678, #9854, #10755, .T. ) ;
#9334 = FACE_OUTER_BOUND ( 'NONE', #1568, .T. ) ;
#9335 = ORIENTED_EDGE ( 'NONE', *, *, #1642, .T. ) ;
#9336 = CARTESIAN_POINT ( 'NONE',  ( 27.55000000000000426, -11.50000000000000000, -35.45000000000002416 ) ) ;
#9337 = FACE_OUTER_BOUND ( 'NONE', #9235, .T. ) ;
#9338 = VECTOR ( 'NONE', #10975, 1000.000000000000114 ) ;
#9339 = VECTOR ( 'NONE', #4438, 1000.000000000000000 ) ;
#9340 = VERTEX_POINT ( 'NONE', #11719 ) ;
#9341 = EDGE_CURVE ( 'NONE', #10073, #5353, #1414, .T. ) ;
#9342 = LINE ( 'NONE', #6681, #9417 ) ;
#9343 = DIRECTION ( 'NONE',  ( 1.000000000000000000, 0.000000000000000000, 0.000000000000000000 ) ) ;
#9344 = AXIS2_PLACEMENT_3D ( 'NONE', #10471, #2175, #3137 ) ;
#9345 = EDGE_LOOP ( 'NONE', ( #1168, #8578, #1287, #6357 ) ) ;
#9346 = CARTESIAN_POINT ( 'NONE',  ( -8.449999999999999289, 10.80000000000000071, 26.44999999999961204 ) ) ;
#9347 = FACE_OUTER_BOUND ( 'NONE', #4622, .T. ) ;
#9348 = ORIENTED_EDGE ( 'NONE', *, *, #11442, .F. ) ;
#9349 = ORIENTED_EDGE ( 'NONE', *, *, #9103, .F. ) ;
#9350 = FACE_OUTER_BOUND ( 'NONE', #2949, .T. ) ;
#9351 = EDGE_CURVE ( 'NONE', #4580, #703, #383, .T. ) ;
#9352 = CARTESIAN_POINT ( 'NONE',  ( 0.000000000000000000, 7.500000000000000000, -7.503740226996326257 ) ) ;
#9353 = VECTOR ( 'NONE', #7223, 1000.000000000000000 ) ;
#9354 = ADVANCED_FACE ( 'NONE', ( #10624 ), #4334, .F. ) ;
#9355 = CARTESIAN_POINT ( 'NONE',  ( 37.49625977300406987, 7.500000000000000000, 0.000000000000000000 ) ) ;
#9356 = ORIENTED_EDGE ( 'NONE', *, *, #3072, .T. ) ;
#9357 = FACE_OUTER_BOUND ( 'NONE', #7645, .T. ) ;
#9358 = DIRECTION ( 'NONE',  ( -1.000000000000000000, -0.000000000000000000, -0.000000000000000000 ) ) ;
#9359 = ORIENTED_EDGE ( 'NONE', *, *, #3257, .F. ) ;
#9360 = AXIS2_PLACEMENT_3D ( 'NONE', #9109, #7226, #7114 ) ;
#9361 = DIRECTION ( 'NONE',  ( 0.000000000000000000, -0.9612616959383174509, -0.2756373558170039373 ) ) ;
#9362 = VECTOR ( 'NONE', #5873, 1000.000000000000000 ) ;
#9363 = EDGE_CURVE ( 'NONE', #5067, #1633, #11596, .T. ) ;
#9364 = VECTOR ( 'NONE', #9782, 1000.000000000000000 ) ;
#9365 = ORIENTED_EDGE ( 'NONE', *, *, #4598, .T. ) ;
#9366 = CARTESIAN_POINT ( 'NONE',  ( 8.449999999999999289, 10.80000000000000071, -35.45000000000039364 ) ) ;
#9367 = CARTESIAN_POINT ( 'NONE',  ( -24.62500000000000355, 7.500000000000000000, -28.49625977300445356 ) ) ;
#9368 = ORIENTED_EDGE ( 'NONE', *, *, #3432, .T. ) ;
#9369 = LINE ( 'NONE', #4766, #31 ) ;
#9370 = VECTOR ( 'NONE', #6005, 1000.000000000000000 ) ;
#9371 = AXIS2_PLACEMENT_3D ( 'NONE', #5827, #2299, #5028 ) ;
#9372 = PLANE ( 'NONE',  #2668 ) ;
#9373 = VECTOR ( 'NONE', #7064, 1000.000000000000000 ) ;
#9374 = CARTESIAN_POINT ( 'NONE',  ( -1.390607076609507775, 7.868454739437104273, 1.390607076609126302 ) ) ;
#9375 = CARTESIAN_POINT ( 'NONE',  ( -60.00000000000000000, 8.099999999999999645, 8.000000000000000000 ) ) ;
#9376 = VERTEX_POINT ( 'NONE', #7785 ) ;
#9377 = AXIS2_PLACEMENT_3D ( 'NONE', #3397, #4120, #4304 ) ;
#9378 = CARTESIAN_POINT ( 'NONE',  ( 2.375000000000005773, 10.80000000000000426, 17.44999999999961560 ) ) ;
#9379 = PLANE ( 'NONE',  #1132 ) ;
#9380 = VERTEX_POINT ( 'NONE', #4148 ) ;
#9381 = VECTOR ( 'NONE', #9288, 1000.000000000000000 ) ;
#9382 = PLANE ( 'NONE',  #10307 ) ;
#9383 = CARTESIAN_POINT ( 'NONE',  ( 54.51589529291322833, 14.51721864012751162, -26.48410470708715536 ) ) ;
#9384 = EDGE_CURVE ( 'NONE', #8199, #1824, #6998, .T. ) ;
#9385 = ORIENTED_EDGE ( 'NONE', *, *, #11023, .T. ) ;
#9386 = LINE ( 'NONE', #2106, #4104 ) ;
#9387 = VERTEX_POINT ( 'NONE', #2384 ) ;
#9388 = ORIENTED_EDGE ( 'NONE', *, *, #8512, .F. ) ;
#9389 = CARTESIAN_POINT ( 'NONE',  ( 57.89895923599141980, 10.49999999999999822, -36.89895923599146954 ) ) ;
#9390 = CARTESIAN_POINT ( 'NONE',  ( 51.62500000000000000, 10.53731005528969433, -26.37467487046947667 ) ) ;
#9391 = EDGE_LOOP ( 'NONE', ( #8115, #5515, #1487, #7525 ) ) ;
#9392 = PLANE ( 'NONE',  #4211 ) ;
#9393 = CARTESIAN_POINT ( 'NONE',  ( 0.000000000000000000, 7.500000000000000000, -34.50374022699632093 ) ) ;
#9394 = ORIENTED_EDGE ( 'NONE', *, *, #11926, .F. ) ;
#9395 = DIRECTION ( 'NONE',  ( 1.000000000000000000, 0.000000000000000000, 0.000000000000000000 ) ) ;
#9397 = EDGE_CURVE ( 'NONE', #2046, #7652, #3181, .T. ) ;
#9396 = EDGE_LOOP ( 'NONE', ( #840, #4809, #7979, #9832 ) ) ;
#9398 = DIRECTION ( 'NONE',  ( 0.000000000000000000, -0.2756373558170042704, 0.9612616959383174509 ) ) ;
#9399 = CARTESIAN_POINT ( 'NONE',  ( -8.449999999999999289, 10.80000000000000071, -35.45000000000039364 ) ) ;
#9400 = CARTESIAN_POINT ( 'NONE',  ( 57.89895923599141980, 7.500000000000000000, -36.89895923599146954 ) ) ;
#9401 = EDGE_CURVE ( 'NONE', #11358, #8065, #7848, .T. ) ;
#9402 = ADVANCED_FACE ( 'NONE', ( #2324, #6096, #563, #4268, #7962 ), #11660, .F. ) ;
#9403 = EDGE_CURVE ( 'NONE', #11154, #7003, #10812, .T. ) ;
#9404 = ORIENTED_EDGE ( 'NONE', *, *, #10148, .T. ) ;
#9405 = CARTESIAN_POINT ( 'NONE',  ( -21.93261023597304060, -0.9965637948163279525, 32.06738976402657215 ) ) ;
#9406 = FACE_OUTER_BOUND ( 'NONE', #9396, .T. ) ;
#9407 = EDGE_CURVE ( 'NONE', #5771, #5875, #9896, .T. ) ;
#9408 = ORIENTED_EDGE ( 'NONE', *, *, #8280, .F. ) ;
#9409 = LINE ( 'NONE', #9346, #3434 ) ;
#9410 = LINE ( 'NONE', #131, #1829 ) ;
#9411 = ORIENTED_EDGE ( 'NONE', *, *, #8511, .T. ) ;
#9412 = ORIENTED_EDGE ( 'NONE', *, *, #4563, .F. ) ;
#9413 = LINE ( 'NONE', #10, #6961 ) ;
#9414 = VECTOR ( 'NONE', #7023, 1000.000000000000227 ) ;
#9415 = CARTESIAN_POINT ( 'NONE',  ( -51.62500000000000000, 10.53731005528969256, -9.625325129531292490 ) ) ;
#9416 = EDGE_CURVE ( 'NONE', #4480, #8199, #6520, .T. ) ;
#9418 = PLANE ( 'NONE',  #9710 ) ;
#9417 = VECTOR ( 'NONE', #2859, 1000.000000000000114 ) ;
#9419 = ORIENTED_EDGE ( 'NONE', *, *, #8243, .F. ) ;
#9420 = CARTESIAN_POINT ( 'NONE',  ( 20.65831223607736788, -3.969694544262559521, -22.21485824036598089 ) ) ;
#9421 = DIRECTION ( 'NONE',  ( -0.2386847610229713701, 0.8323926831162093976, -0.5001519828512178689 ) ) ;
#9422 = ORIENTED_EDGE ( 'NONE', *, *, #2650, .T. ) ;
#9423 = PLANE ( 'NONE',  #2383 ) ;
#9424 = ORIENTED_EDGE ( 'NONE', *, *, #5559, .T. ) ;
#9425 = DIRECTION ( 'NONE',  ( -1.000000000000000000, -0.000000000000000000, -0.000000000000000000 ) ) ;
#9426 = DIRECTION ( 'NONE',  ( 0.000000000000000000, -0.2756373558170042704, 0.9612616959383174509 ) ) ;
#9427 = EDGE_LOOP ( 'NONE', ( #3205, #6169, #9123, #293 ) ) ;
#9428 = AXIS2_PLACEMENT_3D ( 'NONE', #4531, #1609, #8231 ) ;
#9429 = DIRECTION ( 'NONE',  ( -0.5001519828512179799, 0.8323926831162092865, 0.2386847610229711203 ) ) ;
#9430 = LINE ( 'NONE', #11129, #6346 ) ;
#9431 = ADVANCED_FACE ( 'NONE', ( #10937 ), #2694, .F. ) ;
#9432 = DIRECTION ( 'NONE',  ( 0.2657276780299913099, -0.9267025424900799946, 0.2657276780299913099 ) ) ;
#9433 = AXIS2_PLACEMENT_3D ( 'NONE', #5444, #653, #9082 ) ;
#9434 = AXIS2_PLACEMENT_3D ( 'NONE', #3710, #7410, #3529 ) ;
#9435 = DIRECTION ( 'NONE',  ( -0.000000000000000000, -1.000000000000000000, -0.000000000000000000 ) ) ;
#9436 = ORIENTED_EDGE ( 'NONE', *, *, #2968, .T. ) ;
#9437 = CARTESIAN_POINT ( 'NONE',  ( -0.4124163967275039089, 7.271022431965715960, 28.56191803407978114 ) ) ;
#9438 = VERTEX_POINT ( 'NONE', #10084 ) ;
#9439 = CARTESIAN_POINT ( 'NONE',  ( 0.000000000000000000, 7.500000000000000000, -19.49625977300445356 ) ) ;
#9440 = ADVANCED_FACE ( 'NONE', ( #2631 ), #6459, .F. ) ;
#9441 = PLANE ( 'NONE',  #26 ) ;
#9442 = VECTOR ( 'NONE', #573, 1000.000000000000000 ) ;
#9443 = AXIS2_PLACEMENT_3D ( 'NONE', #2052, #5760, #1140 ) ;
#9444 = EDGE_CURVE ( 'NONE', #11154, #11084, #2815, .T. ) ;
#9445 = ORIENTED_EDGE ( 'NONE', *, *, #9403, .F. ) ;
#9446 = LINE ( 'NONE', #47, #7404 ) ;
#9447 = ORIENTED_EDGE ( 'NONE', *, *, #108, .F. ) ;
#9448 = VERTEX_POINT ( 'NONE', #7240 ) ;
#9449 = DIRECTION ( 'NONE',  ( -1.000000000000000000, 0.000000000000000000, 0.000000000000000000 ) ) ;
#9450 = DIRECTION ( 'NONE',  ( -0.5001519828512179799, -0.8323926831162092865, 0.2386847610229713423 ) ) ;
#9451 = ORIENTED_EDGE ( 'NONE', *, *, #1753, .T. ) ;
#9452 = CARTESIAN_POINT ( 'NONE',  ( -29.37500000000000000, 10.80000000000000426, -0.5500000000003835154 ) ) ;
#9453 = DIRECTION ( 'NONE',  ( -1.000000000000000000, 0.000000000000000000, 0.000000000000000000 ) ) ;
#9454 = LINE ( 'NONE', #1087, #10669 ) ;
#9455 = EDGE_LOOP ( 'NONE', ( #3239, #3042, #10930, #5882 ) ) ;
#9456 = DIRECTION ( 'NONE',  ( 0.000000000000000000, -0.2756373558170023830, 0.9612616959383180060 ) ) ;
#9457 = DIRECTION ( 'NONE',  ( 0.9612616959383180060, -0.2756373558170023830, 0.000000000000000000 ) ) ;
#9458 = EDGE_CURVE ( 'NONE', #3198, #697, #11118, .T. ) ;
#9459 = DIRECTION ( 'NONE',  ( 1.000000000000000000, 0.000000000000000000, 0.000000000000000000 ) ) ;
#9460 = EDGE_CURVE ( 'NONE', #5908, #10547, #5361, .T. ) ;
#9461 = ORIENTED_EDGE ( 'NONE', *, *, #1668, .F. ) ;
#9462 = LINE ( 'NONE', #976, #1091 ) ;
#9463 = VECTOR ( 'NONE', #3010, 1000.000000000000114 ) ;
#9464 = CARTESIAN_POINT ( 'NONE',  ( 54.49999999999999289, 10.80000000000000426, 36.49999999999959499 ) ) ;
#9465 = ORIENTED_EDGE ( 'NONE', *, *, #3884, .T. ) ;
#9466 = ADVANCED_FACE ( 'NONE', ( #1656 ), #6334, .F. ) ;
#9467 = CARTESIAN_POINT ( 'NONE',  ( -2.375000000000005773, 7.500000000000000000, 28.49625977300367907 ) ) ;
#9468 = CARTESIAN_POINT ( 'NONE',  ( -26.48410470708681785, 14.51721864012731977, 26.48410470708643416 ) ) ;
#9469 = ORIENTED_EDGE ( 'NONE', *, *, #2496, .T. ) ;
#9470 = EDGE_CURVE ( 'NONE', #4848, #8369, #10152, .T. ) ;
#9471 = EDGE_CURVE ( 'NONE', #3586, #2638, #4454, .T. ) ;
#9472 = ORIENTED_EDGE ( 'NONE', *, *, #8444, .T. ) ;
#9473 = CARTESIAN_POINT ( 'NONE',  ( 46.49625977300406277, 7.500000000000000000, -33.62500000000000000 ) ) ;
#9474 = LINE ( 'NONE', #1161, #10754 ) ;
#9475 = CARTESIAN_POINT ( 'NONE',  ( -53.44999999999999574, 10.80000000000000071, 8.449999999999617373 ) ) ;
#9476 = ORIENTED_EDGE ( 'NONE', *, *, #7234, .T. ) ;
#9477 = CARTESIAN_POINT ( 'NONE',  ( 26.45000000000000284, -11.50000000000000000, -35.44999999999999574 ) ) ;
#9478 = CARTESIAN_POINT ( 'NONE',  ( 51.62500000000000000, 7.500000000000000000, -25.50374022699630672 ) ) ;
#9479 = ORIENTED_EDGE ( 'NONE', *, *, #4604, .F. ) ;
#9480 = CARTESIAN_POINT ( 'NONE',  ( -61.00000000000000000, 9.899999999999998579, 8.000000000000000000 ) ) ;
#9481 = ORIENTED_EDGE ( 'NONE', *, *, #10264, .F. ) ;
#9482 = DIRECTION ( 'NONE',  ( -0.5001519828512179799, 0.8323926831162092865, 0.2386847610229711203 ) ) ;
#9483 = LINE ( 'NONE', #10329, #4082 ) ;
#9484 = ORIENTED_EDGE ( 'NONE', *, *, #6103, .F. ) ;
#9485 = VECTOR ( 'NONE', #3413, 1000.000000000000227 ) ;
#9486 = CARTESIAN_POINT ( 'NONE',  ( 24.62500000000000000, 10.80000000000000426, -33.62500000000000000 ) ) ;
#9487 = CARTESIAN_POINT ( 'NONE',  ( 19.19056600552747938, 8.566080860089961391, -34.80943399447290432 ) ) ;
#9488 = AXIS2_PLACEMENT_3D ( 'NONE', #6356, #10829, #10046 ) ;
#9489 = FACE_OUTER_BOUND ( 'NONE', #3189, .T. ) ;
#9490 = LINE ( 'NONE', #7113, #2852 ) ;
#9491 = EDGE_LOOP ( 'NONE', ( #5723, #2072, #1549, #6683 ) ) ;
#9492 = DIRECTION ( 'NONE',  ( 0.000000000000000000, 0.000000000000000000, 1.000000000000000000 ) ) ;
#9493 = CARTESIAN_POINT ( 'NONE',  ( -29.02610786645038843, 5.652200105873706804, -6.973892133549991712 ) ) ;
#9494 = VERTEX_POINT ( 'NONE', #8274 ) ;
#9495 = ADVANCED_FACE ( 'NONE', ( #686, #11901, #4636, #5419, #877 ), #10995, .F. ) ;
#9496 = LINE ( 'NONE', #1469, #2365 ) ;
#9497 = CARTESIAN_POINT ( 'NONE',  ( 17.45000000000000639, 10.80000000000000071, 35.44999999999961204 ) ) ;
#9498 = EDGE_CURVE ( 'NONE', #7719, #1042, #9963, .T. ) ;
#9499 = ORIENTED_EDGE ( 'NONE', *, *, #11897, .F. ) ;
#9500 = DIRECTION ( 'NONE',  ( 0.000000000000000000, 0.000000000000000000, -1.000000000000000000 ) ) ;
#9501 = VERTEX_POINT ( 'NONE', #9059 ) ;
#9502 = ADVANCED_FACE ( 'NONE', ( #9119 ), #1846, .F. ) ;
#9503 = DIRECTION ( 'NONE',  ( 0.000000000000000000, 0.000000000000000000, -1.000000000000000000 ) ) ;
#9504 = DIRECTION ( 'NONE',  ( 0.5001519828512182020, 0.8323926831162096196, -0.2386847610229696770 ) ) ;
#9505 = ORIENTED_EDGE ( 'NONE', *, *, #4836, .F. ) ;
#9506 = FACE_OUTER_BOUND ( 'NONE', #10521, .T. ) ;
#9507 = FACE_OUTER_BOUND ( 'NONE', #6138, .T. ) ;
#9508 = ADVANCED_FACE ( 'NONE', ( #17 ), #8147, .F. ) ;
#9509 = DIRECTION ( 'NONE',  ( -0.000000000000000000, -0.2756373558170040483, -0.9612616959383175619 ) ) ;
#9510 = ORIENTED_EDGE ( 'NONE', *, *, #4155, .F. ) ;
#9511 = CARTESIAN_POINT ( 'NONE',  ( 0.000000000000000000, 7.500000000000000000, -1.496259773004444904 ) ) ;
#9512 = DIRECTION ( 'NONE',  ( -1.000000000000000000, 0.000000000000000000, 0.000000000000000000 ) ) ;
#9513 = VECTOR ( 'NONE', #3446, 1000.000000000000114 ) ;
#9514 = DIRECTION ( 'NONE',  ( -0.000000000000000000, -0.000000000000000000, 1.000000000000000000 ) ) ;
#9515 = VECTOR ( 'NONE', #5413, 1000.000000000000114 ) ;
#9516 = ORIENTED_EDGE ( 'NONE', *, *, #2103, .F. ) ;
#9517 = AXIS2_PLACEMENT_3D ( 'NONE', #3292, #6815, #6025 ) ;
#9518 = CARTESIAN_POINT ( 'NONE',  ( -23.70289055386784938, 1.219690838747020445, 14.70289055386746568 ) ) ;
#9519 = DIRECTION ( 'NONE',  ( 0.000000000000000000, 0.000000000000000000, -1.000000000000000000 ) ) ;
#9520 = ORIENTED_EDGE ( 'NONE', *, *, #5611, .F. ) ;
#9521 = VECTOR ( 'NONE', #4203, 1000.000000000000114 ) ;
#9522 = LINE ( 'NONE', #130, #6912 ) ;
#9523 = DIRECTION ( 'NONE',  ( 0.9612616959383174509, -0.2756373558170042704, 0.000000000000000000 ) ) ;
#9525 = EDGE_LOOP ( 'NONE', ( #6377, #3153, #10598, #11257 ) ) ;
#9524 = EDGE_CURVE ( 'NONE', #7149, #8907, #11835, .T. ) ;
#9526 = EDGE_LOOP ( 'NONE', ( #8381, #10601, #4427, #2471 ) ) ;
#9527 = DIRECTION ( 'NONE',  ( 0.000000000000000000, 0.000000000000000000, -1.000000000000000000 ) ) ;
#9528 = FACE_OUTER_BOUND ( 'NONE', #9852, .T. ) ;
#9529 = VECTOR ( 'NONE', #1456, 1000.000000000000000 ) ;
#9530 = EDGE_CURVE ( 'NONE', #1077, #10278, #7420, .T. ) ;
#9531 = AXIS2_PLACEMENT_3D ( 'NONE', #4000, #353, #7698 ) ;
#9532 = DIRECTION ( 'NONE',  ( -1.000000000000000000, 0.000000000000000000, 0.000000000000000000 ) ) ;
#9533 = VERTEX_POINT ( 'NONE', #5729 ) ;
#9534 = VECTOR ( 'NONE', #1033, 1000.000000000000114 ) ;
#9535 = PLANE ( 'NONE',  #4907 ) ;
#9536 = DIRECTION ( 'NONE',  ( 0.000000000000000000, 0.000000000000000000, 1.000000000000000000 ) ) ;
#9537 = EDGE_LOOP ( 'NONE', ( #9939, #8624, #11682, #6687, #3645, #1931, #11318, #11227 ) ) ;
#9538 = CARTESIAN_POINT ( 'NONE',  ( -53.44999999999999574, 7.500000000000000000, -35.45000000000003126 ) ) ;
#9539 = VECTOR ( 'NONE', #4853, 1000.000000000000227 ) ;
#9540 = ORIENTED_EDGE ( 'NONE', *, *, #7838, .T. ) ;
#9541 = CARTESIAN_POINT ( 'NONE',  ( -29.37500000000000000, 10.80000000000000071, 0.000000000000000000 ) ) ;
#9542 = AXIS2_PLACEMENT_3D ( 'NONE', #5485, #8087, #4578 ) ;
#9543 = DIRECTION ( 'NONE',  ( 1.000000000000000000, 0.000000000000000000, 0.000000000000000000 ) ) ;
#9544 = ORIENTED_EDGE ( 'NONE', *, *, #2399, .T. ) ;
#9545 = PLANE ( 'NONE',  #11640 ) ;
#9546 = EDGE_CURVE ( 'NONE', #5353, #9693, #198, .T. ) ;
#9547 = DIRECTION ( 'NONE',  ( -1.000000000000000000, 0.000000000000000000, 0.000000000000000000 ) ) ;
#9548 = AXIS2_PLACEMENT_3D ( 'NONE', #1833, #10981, #5346 ) ;
#9549 = DIRECTION ( 'NONE',  ( 0.2657276780299894225, -0.9267025424900811048, 0.2657276780299894225 ) ) ;
#9550 = VECTOR ( 'NONE', #11251, 1000.000000000000114 ) ;
#9551 = ORIENTED_EDGE ( 'NONE', *, *, #8211, .T. ) ;
#9552 = LINE ( 'NONE', #448, #11007 ) ;
#9553 = VERTEX_POINT ( 'NONE', #2022 ) ;
#9554 = CARTESIAN_POINT ( 'NONE',  ( 35.44999999999999574, 10.80000000000000071, -35.45000000000039364 ) ) ;
#9555 = AXIS2_PLACEMENT_3D ( 'NONE', #11890, #737, #4382 ) ;
#9556 = LINE ( 'NONE', #2157, #6227 ) ;
#9557 = COLOUR_RGB ( '',0.7921568627450980005, 0.8196078431372548767, 0.9333333333333333481 ) ;
#9558 = EDGE_CURVE ( 'NONE', #11464, #4601, #1054, .T. ) ;
#9559 = LINE ( 'NONE', #6950, #8781 ) ;
#9560 = EDGE_LOOP ( 'NONE', ( #5563, #9673, #6925, #1608, #1381, #11041 ) ) ;
#9561 = DIRECTION ( 'NONE',  ( -0.000000000000000000, -0.2756373558170042704, -0.9612616959383174509 ) ) ;
#9562 = ORIENTED_EDGE ( 'NONE', *, *, #385, .F. ) ;
#9563 = VECTOR ( 'NONE', #8845, 1000.000000000000000 ) ;
#9564 = FACE_OUTER_BOUND ( 'NONE', #9933, .T. ) ;
#9565 = DIRECTION ( 'NONE',  ( 0.000000000000000000, 0.000000000000000000, 1.000000000000000000 ) ) ;
#9566 = ADVANCED_FACE ( 'NONE', ( #4934 ), #2928, .F. ) ;
#9567 = ORIENTED_EDGE ( 'NONE', *, *, #7793, .T. ) ;
#9568 = VECTOR ( 'NONE', #2725, 1000.000000000000000 ) ;
#9569 = DIRECTION ( 'NONE',  ( 0.2657276780299913099, -0.9267025424900799946, 0.2657276780299913099 ) ) ;
#9570 = CARTESIAN_POINT ( 'NONE',  ( 51.62500000000000000, 10.53731005528969256, -33.62500000000000000 ) ) ;
#9571 = CARTESIAN_POINT ( 'NONE',  ( 61.85875721063606392, 9.699999999999974420, -33.78768939877064525 ) ) ;
#9572 = EDGE_LOOP ( 'NONE', ( #11887, #2728, #257, #7675 ) ) ;
#9573 = CARTESIAN_POINT ( 'NONE',  ( -48.79638818434513325, -5.429073061943231693, 30.79638818434474956 ) ) ;
#9574 = LINE ( 'NONE', #5934, #9984 ) ;
#9575 = FACE_OUTER_BOUND ( 'NONE', #9262, .T. ) ;
#9576 = ORIENTED_EDGE ( 'NONE', *, *, #11970, .T. ) ;
#9577 = EDGE_CURVE ( 'NONE', #8962, #1805, #143, .T. ) ;
#9578 = ORIENTED_EDGE ( 'NONE', *, *, #8698, .T. ) ;
#9579 = CARTESIAN_POINT ( 'NONE',  ( 24.62500000000000000, 10.80000000000000071, 0.000000000000000000 ) ) ;
#9580 = DIRECTION ( 'NONE',  ( -1.000000000000000000, -0.000000000000000000, -0.000000000000000000 ) ) ;
#9581 = ORIENTED_EDGE ( 'NONE', *, *, #8200, .F. ) ;
#9582 = DIRECTION ( 'NONE',  ( 0.000000000000000000, -0.9612616959383180060, 0.2756373558170023830 ) ) ;
#9583 = CARTESIAN_POINT ( 'NONE',  ( 45.54999999999999005, 10.80000000000000071, -35.45000000000039364 ) ) ;
#9584 = ORIENTED_EDGE ( 'NONE', *, *, #2307, .T. ) ;
#9585 = ORIENTED_EDGE ( 'NONE', *, *, #10257, .F. ) ;
#9586 = PLANE ( 'NONE',  #2947 ) ;
#9587 = CARTESIAN_POINT ( 'NONE',  ( -51.62500000000000000, 10.80000000000000426, -8.450000000000388312 ) ) ;
#9588 = EDGE_CURVE ( 'NONE', #8640, #7013, #2082, .T. ) ;
#9589 = CARTESIAN_POINT ( 'NONE',  ( -47.73571359999212405, 22.25864506693676503, -26.58211138907234528 ) ) ;
#9590 = ORIENTED_EDGE ( 'NONE', *, *, #7578, .F. ) ;
#9591 = CARTESIAN_POINT ( 'NONE',  ( 19.83347944262236950, 18.51173940819399988, 10.66130569147366813 ) ) ;
#9592 = LINE ( 'NONE', #11354, #7816 ) ;
#9593 = ORIENTED_EDGE ( 'NONE', *, *, #10331, .T. ) ;
#9594 = ADVANCED_FACE ( 'NONE', ( #9357 ), #1228, .F. ) ;
#9595 = CARTESIAN_POINT ( 'NONE',  ( -28.19056600552735858, 8.566080860090403704, -16.80943399447302511 ) ) ;
#9596 = VECTOR ( 'NONE', #4495, 1000.000000000000114 ) ;
#9597 = EDGE_CURVE ( 'NONE', #6034, #10242, #11353, .T. ) ;
#9598 = EDGE_LOOP ( 'NONE', ( #9359, #2795, #11520, #9159 ) ) ;
#9599 = CARTESIAN_POINT ( 'NONE',  ( 2.375000000000006217, 10.53731005528968723, 18.62532512953050912 ) ) ;
#9600 = CARTESIAN_POINT ( 'NONE',  ( -40.07937528197223287, 29.75245638442227047, -31.88452941702864152 ) ) ;
#9601 = VERTEX_POINT ( 'NONE', #2871 ) ;
#9602 = LINE ( 'NONE', #2206, #6437 ) ;
#9603 = AXIS2_PLACEMENT_3D ( 'NONE', #8443, #6747, #5658 ) ;
#9604 = PLANE ( 'NONE',  #10875 ) ;
#9605 = DIRECTION ( 'NONE',  ( 1.000000000000000000, 0.000000000000000000, 0.000000000000000000 ) ) ;
#9606 = EDGE_CURVE ( 'NONE', #6343, #2633, #5784, .T. ) ;
#9607 = AXIS2_PLACEMENT_3D ( 'NONE', #228, #964, #9449 ) ;
#9608 = EDGE_LOOP ( 'NONE', ( #2726, #1866, #5662, #11032 ) ) ;
#9609 = CARTESIAN_POINT ( 'NONE',  ( 0.000000000000000000, 7.500000000000000000, -25.50374022699630672 ) ) ;
#9610 = ORIENTED_EDGE ( 'NONE', *, *, #2016, .T. ) ;
#9611 = EDGE_CURVE ( 'NONE', #4943, #11035, #1109, .T. ) ;
#9612 = EDGE_CURVE ( 'NONE', #2104, #1491, #8388, .T. ) ;
#9613 = FACE_BOUND ( 'NONE', #9107, .T. ) ;
#9614 = VECTOR ( 'NONE', #5819, 1000.000000000000114 ) ;
#9615 = VECTOR ( 'NONE', #7981, 1000.000000000000000 ) ;
#9616 = CARTESIAN_POINT ( 'NONE',  ( 45.54999999999999005, 10.80000000000000071, -17.45000000000039009 ) ) ;
#9617 = ORIENTED_EDGE ( 'NONE', *, *, #5897, .T. ) ;
#9618 = PLANE ( 'NONE',  #10326 ) ;
#9619 = ORIENTED_EDGE ( 'NONE', *, *, #7891, .T. ) ;
#9620 = PLANE ( 'NONE',  #11542 ) ;
#9621 = ORIENTED_EDGE ( 'NONE', *, *, #2584, .F. ) ;
#9622 = PLANE ( 'NONE',  #950 ) ;
#9623 = DIRECTION ( 'NONE',  ( -0.000000000000000000, 0.000000000000000000, 1.000000000000000000 ) ) ;
#9624 = EDGE_CURVE ( 'NONE', #5275, #2457, #3102, .T. ) ;
#9625 = VECTOR ( 'NONE', #7608, 1000.000000000000114 ) ;
#9626 = AXIS2_PLACEMENT_3D ( 'NONE', #5395, #9936, #5270 ) ;
#9627 = DIRECTION ( 'NONE',  ( 0.000000000000000000, 0.000000000000000000, -1.000000000000000000 ) ) ;
#9628 = ORIENTED_EDGE ( 'NONE', *, *, #6589, .F. ) ;
#9629 = CARTESIAN_POINT ( 'NONE',  ( 61.43449314192414334, 10.49999999999999822, 33.36342533005872468 ) ) ;
#9630 = CARTESIAN_POINT ( 'NONE',  ( -52.80943399447264852, 8.566080860090394822, 7.809433994472258611 ) ) ;
#9631 = DIRECTION ( 'NONE',  ( -0.5001519828512179799, 0.8323926831162092865, -0.2386847610229713423 ) ) ;
#9632 = VERTEX_POINT ( 'NONE', #2994 ) ;
#9633 = ORIENTED_EDGE ( 'NONE', *, *, #1170, .T. ) ;
#9634 = CARTESIAN_POINT ( 'NONE',  ( 29.37500000000000000, 10.53731005528967835, -26.37467487046946957 ) ) ;
#9635 = CARTESIAN_POINT ( 'NONE',  ( -24.62500000000000000, 10.53731005528970144, 0.6253251295305130020 ) ) ;
#9636 = EDGE_LOOP ( 'NONE', ( #1724, #6944, #7844, #1735 ) ) ;
#9637 = CARTESIAN_POINT ( 'NONE',  ( -29.37500000000000000, 10.80000000000000426, -8.450000000000388312 ) ) ;
#9638 = FACE_OUTER_BOUND ( 'NONE', #2933, .T. ) ;
#9639 = LINE ( 'NONE', #541, #8792 ) ;
#9640 = VERTEX_POINT ( 'NONE', #9477 ) ;
#9641 = VERTEX_POINT ( 'NONE', #3967 ) ;
#9642 = LINE ( 'NONE', #11403, #7548 ) ;
#9643 = FACE_OUTER_BOUND ( 'NONE', #923, .T. ) ;
#9644 = EDGE_CURVE ( 'NONE', #754, #6198, #7659, .T. ) ;
#9645 = CARTESIAN_POINT ( 'NONE',  ( -27.55000000000000426, 82.98258077199005811, -35.45000000000002416 ) ) ;
#9646 = ORIENTED_EDGE ( 'NONE', *, *, #6876, .F. ) ;
#9647 = DIRECTION ( 'NONE',  ( -0.9612616959383174509, -0.2756373558170042704, 0.000000000000000000 ) ) ;
#9648 = LINE ( 'NONE', #259, #6847 ) ;
#9649 = ORIENTED_EDGE ( 'NONE', *, *, #11394, .T. ) ;
#9650 = EDGE_CURVE ( 'NONE', #7412, #2960, #6802, .T. ) ;
#9651 = DIRECTION ( 'NONE',  ( 0.5001519828512179799, 0.8323926831162092865, 0.2386847610229713423 ) ) ;
#9652 = ORIENTED_EDGE ( 'NONE', *, *, #6689, .T. ) ;
#9653 = CARTESIAN_POINT ( 'NONE',  ( -35.44999999999999574, 10.80000000000000071, -9.550000000000384404 ) ) ;
#9654 = DIRECTION ( 'NONE',  ( -1.000000000000000000, 0.000000000000000000, 0.000000000000000000 ) ) ;
#9655 = EDGE_LOOP ( 'NONE', ( #10250, #4618, #11415, #6491 ) ) ;
#9656 = VECTOR ( 'NONE', #11738, 1000.000000000000000 ) ;
#9657 = DIRECTION ( 'NONE',  ( 0.000000000000000000, 0.000000000000000000, 1.000000000000000000 ) ) ;
#9658 = DIRECTION ( 'NONE',  ( 1.000000000000000000, -0.000000000000000000, -0.000000000000000000 ) ) ;
#9659 = DIRECTION ( 'NONE',  ( -0.4999999999999957256, -0.7071067811865535679, -0.4999999999999957256 ) ) ;
#9660 = DIRECTION ( 'NONE',  ( 1.000000000000000000, 0.000000000000000000, 0.000000000000000000 ) ) ;
#9661 = VERTEX_POINT ( 'NONE', #2136 ) ;
#9662 = VECTOR ( 'NONE', #4996, 1000.000000000000000 ) ;
#9663 = ORIENTED_EDGE ( 'NONE', *, *, #1527, .T. ) ;
#9664 = DIRECTION ( 'NONE',  ( -0.000000000000000000, -0.000000000000000000, -1.000000000000000000 ) ) ;
#9665 = ORIENTED_EDGE ( 'NONE', *, *, #255, .T. ) ;
#9666 = ADVANCED_FACE ( 'NONE', ( #5836 ), #9535, .F. ) ;
#9667 = DIRECTION ( 'NONE',  ( -0.5001519828512182020, -0.8323926831162096196, 0.2386847610229694550 ) ) ;
#9668 = DIRECTION ( 'NONE',  ( 1.000000000000000000, 3.018354541273066194E-16, -8.654992372942126676E-17 ) ) ;
#9669 = ORIENTED_EDGE ( 'NONE', *, *, #2364, .T. ) ;
#9670 = LINE ( 'NONE', #6108, #11872 ) ;
#9671 = ORIENTED_EDGE ( 'NONE', *, *, #3290, .F. ) ;
#9672 = CARTESIAN_POINT ( 'NONE',  ( -27.54999999999999361, 10.80000000000000071, 26.44999999999961204 ) ) ;
#9673 = ORIENTED_EDGE ( 'NONE', *, *, #4645, .T. ) ;
#9674 = PLANE ( 'NONE',  #11976 ) ;
#9675 = CARTESIAN_POINT ( 'NONE',  ( 20.65831223607736788, -3.969694544262559521, -13.21485824036598800 ) ) ;
#9676 = CARTESIAN_POINT ( 'NONE',  ( 51.62500000000000000, 7.500000000000000000, 10.49625977300367907 ) ) ;
#9677 = ORIENTED_EDGE ( 'NONE', *, *, #2924, .F. ) ;
#9678 = DIRECTION ( 'NONE',  ( 0.000000000000000000, 0.000000000000000000, 1.000000000000000000 ) ) ;
#9679 = CARTESIAN_POINT ( 'NONE',  ( -53.44999999999999574, 7.500000000000007105, -35.45000000000003126 ) ) ;
#9680 = CARTESIAN_POINT ( 'NONE',  ( 27.54999999999999005, 10.80000000000000071, -8.450000000000388312 ) ) ;
#9681 = AXIS2_PLACEMENT_3D ( 'NONE', #8455, #11125, #1965 ) ;
#9682 = ORIENTED_EDGE ( 'NONE', *, *, #516, .T. ) ;
#9683 = ADVANCED_FACE ( 'NONE', ( #7714 ), #11408, .F. ) ;
#9684 = VERTEX_POINT ( 'NONE', #3783 ) ;
#9685 = LINE ( 'NONE', #1383, #3615 ) ;
#9686 = CARTESIAN_POINT ( 'NONE',  ( 26.45000000000000284, 10.80000000000000071, -27.55000000000038796 ) ) ;
#9687 = ORIENTED_EDGE ( 'NONE', *, *, #5966, .T. ) ;
#9688 = CARTESIAN_POINT ( 'NONE',  ( 50.70289055386784582, 1.219690838747078621, 23.70289055386746213 ) ) ;
#9689 = CARTESIAN_POINT ( 'NONE',  ( 0.000000000000000000, 7.500000000000000000, 7.503740226995549101 ) ) ;
#9690 = DIRECTION ( 'NONE',  ( 0.000000000000000000, 0.000000000000000000, -1.000000000000000000 ) ) ;
#9691 = EDGE_LOOP ( 'NONE', ( #10359, #345, #972, #10973 ) ) ;
#9692 = VECTOR ( 'NONE', #2837, 1000.000000000000000 ) ;
#9693 = VERTEX_POINT ( 'NONE', #7482 ) ;
#9694 = CARTESIAN_POINT ( 'NONE',  ( -28.19056600552736214, 8.566080860090405480, -10.19056600552774938 ) ) ;
#9695 = DIRECTION ( 'NONE',  ( -0.9612616959383175619, -0.2756373558170040483, 0.000000000000000000 ) ) ;
#9696 = EDGE_CURVE ( 'NONE', #3894, #269, #11176, .T. ) ;
#9697 = VECTOR ( 'NONE', #9256, 1000.000000000000000 ) ;
#9698 = DIRECTION ( 'NONE',  ( 0.7071067811865426878, -0.7071067811865524577, -0.000000000000000000 ) ) ;
#9699 = ORIENTED_EDGE ( 'NONE', *, *, #4747, .F. ) ;
#9700 = CARTESIAN_POINT ( 'NONE',  ( 28.19056600552735148, 8.566080860090391269, 0.000000000000000000 ) ) ;
#9701 = PLANE ( 'NONE',  #265 ) ;
#9702 = ORIENTED_EDGE ( 'NONE', *, *, #11080, .F. ) ;
#9703 = FACE_OUTER_BOUND ( 'NONE', #7158, .T. ) ;
#9704 = CARTESIAN_POINT ( 'NONE',  ( -16.50374022699593013, 7.500000000000000000, -33.62500000000000000 ) ) ;
#9705 = EDGE_CURVE ( 'NONE', #4806, #1154, #7045, .T. ) ;
#9706 = VERTEX_POINT ( 'NONE', #8685 ) ;
#9707 = LINE ( 'NONE', #1404, #5416 ) ;
#9708 = DIRECTION ( 'NONE',  ( -0.000000000000000000, 0.000000000000000000, -1.000000000000000000 ) ) ;
#9709 = ORIENTED_EDGE ( 'NONE', *, *, #9974, .F. ) ;
#9710 = AXIS2_PLACEMENT_3D ( 'NONE', #10994, #8326, #2813 ) ;
#9711 = DIRECTION ( 'NONE',  ( -0.000000000000000000, 0.000000000000000000, 1.000000000000000000 ) ) ;
#9712 = VECTOR ( 'NONE', #7103, 1000.000000000000114 ) ;
#9713 = DIRECTION ( 'NONE',  ( 0.5001519828512179799, 0.8323926831162092865, 0.2386847610229713423 ) ) ;
#9714 = LINE ( 'NONE', #11476, #3960 ) ;
#9715 = CARTESIAN_POINT ( 'NONE',  ( -36.54999999999999005, 10.80000000000000071, 33.62500000000000000 ) ) ;
#9716 = ORIENTED_EDGE ( 'NONE', *, *, #1146, .F. ) ;
#9717 = EDGE_CURVE ( 'NONE', #11054, #10170, #11706, .T. ) ;
#9718 = VECTOR ( 'NONE', #100, 1000.000000000000000 ) ;
#9719 = ORIENTED_EDGE ( 'NONE', *, *, #10386, .T. ) ;
#9720 = CARTESIAN_POINT ( 'NONE',  ( -24.62500000000000000, 10.80000000000000426, 0.5499999999996132427 ) ) ;
#9721 = ORIENTED_EDGE ( 'NONE', *, *, #9470, .T. ) ;
#9722 = PLANE ( 'NONE',  #7190 ) ;
#9723 = AXIS2_PLACEMENT_3D ( 'NONE', #10496, #5607, #4696 ) ;
#9724 = LINE ( 'NONE', #455, #5700 ) ;
#9725 = VECTOR ( 'NONE', #1593, 1000.000000000000227 ) ;
#9726 = ORIENTED_EDGE ( 'NONE', *, *, #1423, .T. ) ;
#9728 = EDGE_CURVE ( 'NONE', #9387, #4532, #10554, .T. ) ;
#9727 = CARTESIAN_POINT ( 'NONE',  ( -11.73571359999212405, 22.25864506693675438, 26.58211138907232751 ) ) ;
#9729 = ORIENTED_EDGE ( 'NONE', *, *, #3062, .T. ) ;
#9730 = LINE ( 'NONE', #3128, #4780 ) ;
#9731 = VERTEX_POINT ( 'NONE', #1458 ) ;
#9732 = FACE_OUTER_BOUND ( 'NONE', #4341, .T. ) ;
#9733 = AXIS2_PLACEMENT_3D ( 'NONE', #11056, #4458, #2570 ) ;
#9734 = LINE ( 'NONE', #7745, #10908 ) ;
#9735 = ORIENTED_EDGE ( 'NONE', *, *, #9162, .T. ) ;
#9736 = ADVANCED_FACE ( 'NONE', ( #489 ), #4190, .F. ) ;
#9737 = DIRECTION ( 'NONE',  ( 0.000000000000000000, 0.000000000000000000, -1.000000000000000000 ) ) ;
#9738 = VECTOR ( 'NONE', #6200, 1000.000000000000000 ) ;
#9739 = CARTESIAN_POINT ( 'NONE',  ( -24.62500000000000000, 10.53731005528969256, -33.62500000000000000 ) ) ;
#9740 = LINE ( 'NONE', #4001, #8441 ) ;
#9741 = EDGE_CURVE ( 'NONE', #10591, #6302, #5162, .T. ) ;
#9742 = CARTESIAN_POINT ( 'NONE',  ( 56.48474567361831333, 7.500000000000000000, 35.48474567361836307 ) ) ;
#9743 = AXIS2_PLACEMENT_3D ( 'NONE', #4539, #4658, #11138 ) ;
#9744 = AXIS2_PLACEMENT_3D ( 'NONE', #2010, #6, #928 ) ;
#9745 = ORIENTED_EDGE ( 'NONE', *, *, #6043, .T. ) ;
#9746 = VECTOR ( 'NONE', #8303, 1000.000000000000114 ) ;
#9747 = VERTEX_POINT ( 'NONE', #5958 ) ;
#9748 = CARTESIAN_POINT ( 'NONE',  ( 27.55000000000000426, 7.500000000000000000, 35.45000000000000284 ) ) ;
#9749 = CARTESIAN_POINT ( 'NONE',  ( -2.375000000000005773, 10.80000000000000426, -0.5500000000003835154 ) ) ;
#9750 = EDGE_LOOP ( 'NONE', ( #9012, #8574, #4686, #6673 ) ) ;
#9751 = ADVANCED_FACE ( 'NONE', ( #11462 ), #11582, .F. ) ;
#9752 = DIRECTION ( 'NONE',  ( -1.000000000000000000, 0.000000000000000000, 0.000000000000000000 ) ) ;
#9753 = CARTESIAN_POINT ( 'NONE',  ( -57.99999999999999289, 9.499999999999998224, -8.000000000000000000 ) ) ;
#9754 = DIRECTION ( 'NONE',  ( 0.000000000000000000, -0.9612616959383174509, 0.2756373558170039373 ) ) ;
#9755 = ORIENTED_EDGE ( 'NONE', *, *, #3166, .T. ) ;
#9756 = PRODUCT ( '4 Segment Subtap', '4 Segment Subtap', '', ( #8291 ) ) ;
#9757 = VECTOR ( 'NONE', #4880, 1000.000000000000114 ) ;
#9758 = ORIENTED_EDGE ( 'NONE', *, *, #3900, .T. ) ;
#9759 = LINE ( 'NONE', #3215, #4099 ) ;
#9760 = EDGE_CURVE ( 'NONE', #7731, #4481, #2196, .T. ) ;
#9761 = DIRECTION ( 'NONE',  ( 0.000000000000000000, -0.2756373558170040483, 0.9612616959383175619 ) ) ;
#9762 = EDGE_CURVE ( 'NONE', #5609, #7397, #8857, .T. ) ;
#9763 = VECTOR ( 'NONE', #8675, 1000.000000000000114 ) ;
#9764 = EDGE_CURVE ( 'NONE', #11324, #4179, #4990, .T. ) ;
#9765 = LINE ( 'NONE', #1874, #6444 ) ;
#9766 = ORIENTED_EDGE ( 'NONE', *, *, #1249, .T. ) ;
#9767 = DIRECTION ( 'NONE',  ( 0.000000000000000000, 0.000000000000000000, 1.000000000000000000 ) ) ;
#9768 = DIRECTION ( 'NONE',  ( -0.000000000000000000, 0.9612616959383180060, 0.2756373558170021054 ) ) ;
#9769 = ORIENTED_EDGE ( 'NONE', *, *, #5204, .T. ) ;
#9770 = EDGE_CURVE ( 'NONE', #7890, #250, #371, .T. ) ;
#9771 = DIRECTION ( 'NONE',  ( 0.000000000000000000, 0.000000000000000000, -1.000000000000000000 ) ) ;
#9772 = CARTESIAN_POINT ( 'NONE',  ( -61.00000000000000000, 10.49999999999999822, 8.000000000000000000 ) ) ;
#9773 = VERTEX_POINT ( 'NONE', #1517 ) ;
#9774 = DIRECTION ( 'NONE',  ( 0.000000000000000000, 0.000000000000000000, -1.000000000000000000 ) ) ;
#9775 = CARTESIAN_POINT ( 'NONE',  ( -2.375000000000005773, 7.500000000000000000, 16.50374022699554644 ) ) ;
#9776 = EDGE_LOOP ( 'NONE', ( #6288, #1689, #191, #6085 ) ) ;
#9777 = ADVANCED_FACE ( 'NONE', ( #10740 ), #4253, .T. ) ;
#9778 = CARTESIAN_POINT ( 'NONE',  ( -8.449999999999999289, 10.80000000000000071, -35.45000000000039364 ) ) ;
#9779 = CARTESIAN_POINT ( 'NONE',  ( -54.96378475451787438, 7.500000000000000000, -36.96378475451828649 ) ) ;
#9780 = CARTESIAN_POINT ( 'NONE',  ( -7.809433994472520624, 8.566080860089980931, -34.80943399447290432 ) ) ;
#9781 = DIRECTION ( 'NONE',  ( -0.000000000000000000, 0.9612616959383174509, 0.2756373558170039373 ) ) ;
#9782 = DIRECTION ( 'NONE',  ( 1.000000000000000000, 0.000000000000000000, 0.000000000000000000 ) ) ;
#9783 = ORIENTED_EDGE ( 'NONE', *, *, #2387, .T. ) ;
#9784 = DIRECTION ( 'NONE',  ( 0.9902680687415695848, 0.1391731009600706559, -0.000000000000000000 ) ) ;
#9785 = ORIENTED_EDGE ( 'NONE', *, *, #8577, .F. ) ;
#9786 = DIRECTION ( 'NONE',  ( -0.9612616959383174509, -0.2756373558170042704, 0.000000000000000000 ) ) ;
#9787 = ORIENTED_EDGE ( 'NONE', *, *, #851, .F. ) ;
#9788 = VECTOR ( 'NONE', #1828, 1000.000000000000114 ) ;
#9789 = CARTESIAN_POINT ( 'NONE',  ( 0.000000000000000000, 7.500000000000000000, -16.50374022699631382 ) ) ;
#9790 = ADVANCED_FACE ( 'NONE', ( #7834 ), #3343, .F. ) ;
#9791 = CARTESIAN_POINT ( 'NONE',  ( -9.549999999999995381, 10.80000000000000071, -27.55000000000038796 ) ) ;
#9792 = ORIENTED_EDGE ( 'NONE', *, *, #10990, .F. ) ;
#9793 = CARTESIAN_POINT ( 'NONE',  ( -17.44999999999999929, 10.80000000000000071, -35.45000000000039364 ) ) ;
#9794 = VECTOR ( 'NONE', #3329, 1000.000000000000000 ) ;
#9795 = VERTEX_POINT ( 'NONE', #10673 ) ;
#9796 = CARTESIAN_POINT ( 'NONE',  ( -2.375000000000005773, 10.80000000000000071, 0.000000000000000000 ) ) ;
#9797 = ORIENTED_EDGE ( 'NONE', *, *, #8340, .T. ) ;
#9798 = LINE ( 'NONE', #1492, #9847 ) ;
#9799 = ADVANCED_FACE ( 'NONE', ( #607 ), #11521, .T. ) ;
#9800 = CARTESIAN_POINT ( 'NONE',  ( 0.000000000000000000, 7.500000000000000000, -25.50374022699630672 ) ) ;
#9801 = ORIENTED_EDGE ( 'NONE', *, *, #1318, .F. ) ;
#9802 = LINE ( 'NONE', #5071, #7599 ) ;
#9803 = CARTESIAN_POINT ( 'NONE',  ( 25.80943399447264142, 8.566080860090409033, 34.80943399447264852 ) ) ;
#9804 = EDGE_CURVE ( 'NONE', #1230, #9640, #10612, .T. ) ;
#9805 = PLANE ( 'NONE',  #3516 ) ;
#9806 = VECTOR ( 'NONE', #9435, 1000.000000000000000 ) ;
#9807 = DIRECTION ( 'NONE',  ( 0.000000000000000000, 0.000000000000000000, 1.000000000000000000 ) ) ;
#9808 = ORIENTED_EDGE ( 'NONE', *, *, #10593, .T. ) ;
#9809 = ORIENTED_EDGE ( 'NONE', *, *, #6942, .F. ) ;
#9810 = FACE_OUTER_BOUND ( 'NONE', #10432, .T. ) ;
#9811 = FACE_OUTER_BOUND ( 'NONE', #6654, .T. ) ;
#9812 = ORIENTED_EDGE ( 'NONE', *, *, #4538, .F. ) ;
#9813 = VECTOR ( 'NONE', #4661, 1000.000000000000114 ) ;
#9814 = AXIS2_PLACEMENT_3D ( 'NONE', #8677, #6969, #9752 ) ;
#9815 = LINE ( 'NONE', #2239, #11368 ) ;
#9816 = LINE ( 'NONE', #2540, #10335 ) ;
#9817 = PLANE ( 'NONE',  #10917 ) ;
#9818 = EDGE_LOOP ( 'NONE', ( #8104, #4068, #1848, #11344 ) ) ;
#9819 = EDGE_CURVE ( 'NONE', #1516, #3999, #5037, .T. ) ;
#9820 = EDGE_LOOP ( 'NONE', ( #4008, #2605, #5808, #5474 ) ) ;
#9821 = CARTESIAN_POINT ( 'NONE',  ( 6.964775456032696207E-16, 8.566080860090862004, 34.80943399447238562 ) ) ;
#9822 = EDGE_CURVE ( 'NONE', #11916, #9494, #8013, .T. ) ;
#9823 = FACE_OUTER_BOUND ( 'NONE', #1108, .T. ) ;
#9824 = CARTESIAN_POINT ( 'NONE',  ( 61.43449314192414334, 9.099999999999983658, -33.36342533005872468 ) ) ;
#9825 = ORIENTED_EDGE ( 'NONE', *, *, #4110, .F. ) ;
#9826 = DIRECTION ( 'NONE',  ( -0.000000000000000000, 0.9612616959383180060, 0.2756373558170023830 ) ) ;
#9827 = ORIENTED_EDGE ( 'NONE', *, *, #3874, .F. ) ;
#9828 = EDGE_CURVE ( 'NONE', #2389, #3050, #6260, .T. ) ;
#9829 = ADVANCED_FACE ( 'NONE', ( #10134 ), #792, .F. ) ;
#9830 = CARTESIAN_POINT ( 'NONE',  ( -18.54999999999999716, 10.80000000000000071, 35.44999999999961204 ) ) ;
#9831 = LINE ( 'NONE', #3596, #8594 ) ;
#9832 = ORIENTED_EDGE ( 'NONE', *, *, #7872, .T. ) ;
#9833 = CARTESIAN_POINT ( 'NONE',  ( 2.375000000000006217, 10.53731005528968723, 27.62532512953050912 ) ) ;
#9834 = LINE ( 'NONE', #3600, #218 ) ;
#9835 = ORIENTED_EDGE ( 'NONE', *, *, #123, .F. ) ;
#9836 = LINE ( 'NONE', #9891, #11727 ) ;
#9837 = CARTESIAN_POINT ( 'NONE',  ( -29.37500000000000000, 10.80000000000000071, 0.000000000000000000 ) ) ;
#9838 = DIRECTION ( 'NONE',  ( 0.5000000000000058842, -0.7071067811865415775, 0.5000000000000026645 ) ) ;
#9839 = DIRECTION ( 'NONE',  ( -0.7071067811865452413, -0.000000000000000000, -0.7071067811865497932 ) ) ;
#9840 = DIRECTION ( 'NONE',  ( -0.8164965809277230369, -0.5773502691896301720, 0.000000000000000000 ) ) ;
#9841 = ORIENTED_EDGE ( 'NONE', *, *, #11926, .T. ) ;
#9842 = EDGE_CURVE ( 'NONE', #3625, #7, #7348, .T. ) ;
#9843 = CARTESIAN_POINT ( 'NONE',  ( 51.62500000000000000, 10.53731005528969256, -33.62500000000000000 ) ) ;
#9844 = ORIENTED_EDGE ( 'NONE', *, *, #8068, .F. ) ;
#9845 = CARTESIAN_POINT ( 'NONE',  ( -52.50374022699592302, 7.500000000000000000, 0.000000000000000000 ) ) ;
#9846 = EDGE_LOOP ( 'NONE', ( #8152, #5317, #6737, #1218 ) ) ;
#9847 = VECTOR ( 'NONE', #9569, 1000.000000000000114 ) ;
#9848 = CARTESIAN_POINT ( 'NONE',  ( 19.49625977300406632, 7.500000000000000000, 0.000000000000000000 ) ) ;
#9849 = LINE ( 'NONE', #6287, #1113 ) ;
#9850 = VERTEX_POINT ( 'NONE', #6383 ) ;
#9851 = CARTESIAN_POINT ( 'NONE',  ( -8.449999999999999289, 10.80000000000000071, -0.5500000000003835154 ) ) ;
#9852 = EDGE_LOOP ( 'NONE', ( #5363, #3020, #9219, #10076 ) ) ;
#9853 = CARTESIAN_POINT ( 'NONE',  ( 57.89895923599141980, 10.49999999999999822, 36.89895923599146954 ) ) ;
#9854 = VERTEX_POINT ( 'NONE', #10856 ) ;
#9855 = EDGE_CURVE ( 'NONE', #9376, #8062, #2492, .T. ) ;
#9856 = CARTESIAN_POINT ( 'NONE',  ( 26.45000000000000284, 10.80000000000000071, -8.450000000000388312 ) ) ;
#9857 = FACE_OUTER_BOUND ( 'NONE', #7753, .T. ) ;
#9858 = ORIENTED_EDGE ( 'NONE', *, *, #10918, .T. ) ;
#9859 = DIRECTION ( 'NONE',  ( -0.2657276780299913099, 0.9267025424900799946, 0.2657276780299913099 ) ) ;
#9860 = DIRECTION ( 'NONE',  ( 1.000000000000000000, 3.018354541273066194E-16, -8.654992372942126676E-17 ) ) ;
#9861 = VECTOR ( 'NONE', #4689, 1000.000000000000000 ) ;
#9862 = CARTESIAN_POINT ( 'NONE',  ( -0.5499999999999949374, 10.80000000000000071, -8.450000000000388312 ) ) ;
#9863 = EDGE_CURVE ( 'NONE', #6562, #7702, #4499, .T. ) ;
#9864 = CARTESIAN_POINT ( 'NONE',  ( 51.62500000000000000, 10.53731005528970854, 27.62532512953050201 ) ) ;
#9865 = EDGE_CURVE ( 'NONE', #2257, #11602, #5532, .T. ) ;
#9866 = ORIENTED_EDGE ( 'NONE', *, *, #8522, .T. ) ;
#9867 = ORIENTED_EDGE ( 'NONE', *, *, #3840, .T. ) ;
#9868 = LINE ( 'NONE', #844, #9232 ) ;
#9869 = CARTESIAN_POINT ( 'NONE',  ( -29.37500000000000000, 10.53731005528968012, 26.37467487046870929 ) ) ;
#9870 = VERTEX_POINT ( 'NONE', #3466 ) ;
#9871 = EDGE_CURVE ( 'NONE', #1824, #5699, #924, .T. ) ;
#9872 = CARTESIAN_POINT ( 'NONE',  ( -29.37500000000000000, 10.80000000000000426, 33.62500000000000000 ) ) ;
#9873 = PLANE ( 'NONE',  #6482 ) ;
#9874 = LINE ( 'NONE', #2241, #7825 ) ;
#9875 = ORIENTED_EDGE ( 'NONE', *, *, #1500, .F. ) ;
#9876 = ORIENTED_EDGE ( 'NONE', *, *, #4342, .T. ) ;
#9877 = CARTESIAN_POINT ( 'NONE',  ( 28.19056600552735148, 8.566080860090391269, 1.190566005526974669 ) ) ;
#9878 = LINE ( 'NONE', #3462, #4374 ) ;
#9879 = VECTOR ( 'NONE', #89, 1000.000000000000114 ) ;
#9880 = CARTESIAN_POINT ( 'NONE',  ( 51.62500000000000000, 10.80000000000000426, 33.62500000000000000 ) ) ;
#9881 = ORIENTED_EDGE ( 'NONE', *, *, #612, .T. ) ;
#9882 = EDGE_CURVE ( 'NONE', #4274, #11322, #9168, .T. ) ;
#9883 = CARTESIAN_POINT ( 'NONE',  ( 2.375000000000005773, 10.80000000000000071, 0.000000000000000000 ) ) ;
#9884 = FACE_OUTER_BOUND ( 'NONE', #433, .T. ) ;
#9885 = VERTEX_POINT ( 'NONE', #9106 ) ;
#9886 = LINE ( 'NONE', #8589, #10578 ) ;
#9887 = LINE ( 'NONE', #2619, #8009 ) ;
#9888 = ORIENTED_EDGE ( 'NONE', *, *, #4375, .F. ) ;
#9889 = CARTESIAN_POINT ( 'NONE',  ( 61.43449314192414334, 9.099999999999983658, -33.36342533005872468 ) ) ;
#9890 = DIRECTION ( 'NONE',  ( 1.000000000000000000, 0.000000000000000000, 0.000000000000000000 ) ) ;
#9891 = CARTESIAN_POINT ( 'NONE',  ( 9.550000000000002487, 10.80000000000000071, -35.45000000000039364 ) ) ;
#9892 = ADVANCED_FACE ( 'NONE', ( #10071 ), #10922, .F. ) ;
#9893 = PLANE ( 'NONE',  #710 ) ;
#9894 = VECTOR ( 'NONE', #5442, 1000.000000000000114 ) ;
#9895 = CARTESIAN_POINT ( 'NONE',  ( 2.375000000000005773, 10.53731005528968545, 33.62500000000000000 ) ) ;
#9896 = LINE ( 'NONE', #1592, #3177 ) ;
#9897 = CARTESIAN_POINT ( 'NONE',  ( 51.62500000000000000, 10.80000000000000426, -0.5500000000003835154 ) ) ;
#9898 = VERTEX_POINT ( 'NONE', #11948 ) ;
#9899 = CARTESIAN_POINT ( 'NONE',  ( 20.65831223607735723, -3.969694544262568403, -4.214858240366020858 ) ) ;
#9900 = AXIS2_PLACEMENT_3D ( 'NONE', #9355, #196, #1844 ) ;
#9901 = EDGE_CURVE ( 'NONE', #775, #2024, #3592, .T. ) ;
#9902 = ORIENTED_EDGE ( 'NONE', *, *, #1036, .T. ) ;
#9903 = PLANE ( 'NONE',  #10341 ) ;
#9904 = DIRECTION ( 'NONE',  ( -0.7071067811865452413, 0.000000000000000000, 0.7071067811865497932 ) ) ;
#9905 = VERTEX_POINT ( 'NONE', #2736 ) ;
#9906 = AXIS2_PLACEMENT_3D ( 'NONE', #4912, #10592, #2290 ) ;
#9907 = ADVANCED_FACE ( 'NONE', ( #4561 ), #7287, .F. ) ;
#9908 = CARTESIAN_POINT ( 'NONE',  ( -28.19056600552735148, 8.566080860090394822, 0.000000000000000000 ) ) ;
#9909 = VECTOR ( 'NONE', #6548, 1000.000000000000114 ) ;
#9910 = FACE_OUTER_BOUND ( 'NONE', #7490, .T. ) ;
#9911 = EDGE_CURVE ( 'NONE', #1039, #6819, #4440, .T. ) ;
#9912 = ORIENTED_EDGE ( 'NONE', *, *, #5978, .F. ) ;
#9913 = VECTOR ( 'NONE', #10347, 1000.000000000000114 ) ;
#9914 = FACE_OUTER_BOUND ( 'NONE', #1635, .T. ) ;
#9915 = EDGE_LOOP ( 'NONE', ( #4551, #3830, #3191, #2359 ) ) ;
#9916 = CARTESIAN_POINT ( 'NONE',  ( -29.37500000000000000, 10.80000000000000426, 33.62500000000000000 ) ) ;
#9917 = VERTEX_POINT ( 'NONE', #2615 ) ;
#9918 = CARTESIAN_POINT ( 'NONE',  ( -34.80943399447276221, 8.566080860090849569, 34.80943399447237852 ) ) ;
#9919 = DIRECTION ( 'NONE',  ( -1.000000000000000000, 0.000000000000000000, 0.000000000000000000 ) ) ;
#9920 = VERTEX_POINT ( 'NONE', #860 ) ;
#9921 = DIRECTION ( 'NONE',  ( -0.7071067811865452413, -0.000000000000000000, -0.7071067811865497932 ) ) ;
#9922 = LINE ( 'NONE', #583, #1982 ) ;
#9923 = VECTOR ( 'NONE', #8260, 1000.000000000000114 ) ;
#9924 = EDGE_CURVE ( 'NONE', #7796, #6988, #3650, .T. ) ;
#9925 = DIRECTION ( 'NONE',  ( -0.5001519828512182020, 0.8323926831162096196, -0.2386847610229694550 ) ) ;
#9926 = DIRECTION ( 'NONE',  ( -1.000000000000000000, 0.000000000000000000, -0.000000000000000000 ) ) ;
#9927 = ORIENTED_EDGE ( 'NONE', *, *, #10656, .T. ) ;
#9928 = ORIENTED_EDGE ( 'NONE', *, *, #1325, .F. ) ;
#9929 = ORIENTED_EDGE ( 'NONE', *, *, #2622, .T. ) ;
#9930 = VECTOR ( 'NONE', #5350, 1000.000000000000114 ) ;
#9931 = CARTESIAN_POINT ( 'NONE',  ( 55.00000000000000000, 7.500000000000000000, 41.00000000000000000 ) ) ;
#9932 = CARTESIAN_POINT ( 'NONE',  ( 52.80943399447264142, 8.566080860090405480, 28.19056600552696779 ) ) ;
#9933 = EDGE_LOOP ( 'NONE', ( #10062, #1245, #7469, #5335 ) ) ;
#9934 = AXIS2_PLACEMENT_3D ( 'NONE', #1141, #5640, #4851 ) ;
#9935 = AXIS2_PLACEMENT_3D ( 'NONE', #1669, #11008, #10948 ) ;
#9936 = DIRECTION ( 'NONE',  ( -0.000000000000000000, -0.2756373558170042704, -0.9612616959383174509 ) ) ;
#9937 = CARTESIAN_POINT ( 'NONE',  ( 29.37500000000000000, 10.80000000000000426, 27.54999999999960991 ) ) ;
#9938 = ORIENTED_EDGE ( 'NONE', *, *, #2459, .T. ) ;
#9939 = ORIENTED_EDGE ( 'NONE', *, *, #7701, .T. ) ;
#9940 = ORIENTED_EDGE ( 'NONE', *, *, #11019, .T. ) ;
#9941 = DIRECTION ( 'NONE',  ( 0.000000000000000000, 0.000000000000000000, 1.000000000000000000 ) ) ;
#9942 = LINE ( 'NONE', #2676, #2430 ) ;
#9943 = VECTOR ( 'NONE', #3987, 1000.000000000000000 ) ;
#9944 = EDGE_CURVE ( 'NONE', #3785, #5263, #4623, .T. ) ;
#9945 = DIRECTION ( 'NONE',  ( -0.000000000000000000, -0.000000000000000000, 1.000000000000000000 ) ) ;
#9946 = ORIENTED_EDGE ( 'NONE', *, *, #11159, .T. ) ;
#9947 = CARTESIAN_POINT ( 'NONE',  ( -51.62500000000000000, 7.500000000000000000, -10.49625977300446067 ) ) ;
#9948 = LINE ( 'NONE', #3344, #2018 ) ;
#9949 = VERTEX_POINT ( 'NONE', #10800 ) ;
#9950 = VECTOR ( 'NONE', #5948, 1000.000000000000000 ) ;
#9951 = PLANE ( 'NONE',  #8843 ) ;
#9952 = AXIS2_PLACEMENT_3D ( 'NONE', #3606, #6275, #1783 ) ;
#9953 = CARTESIAN_POINT ( 'NONE',  ( -17.37467487046910009, 10.53731005528970144, 33.62500000000000000 ) ) ;
#9954 = VECTOR ( 'NONE', #4860, 1000.000000000000000 ) ;
#9955 = ORIENTED_EDGE ( 'NONE', *, *, #13, .T. ) ;
#9956 = CARTESIAN_POINT ( 'NONE',  ( 14.03553390593270578, 0.000000000000000000, 14.03553390593272709 ) ) ;
#9957 = FACE_OUTER_BOUND ( 'NONE', #9345, .T. ) ;
#9958 = DIRECTION ( 'NONE',  ( -1.000000000000000000, -0.000000000000000000, -0.000000000000000000 ) ) ;
#9959 = EDGE_CURVE ( 'NONE', #2930, #5982, #6199, .T. ) ;
#9960 = CARTESIAN_POINT ( 'NONE',  ( 0.4124163967275039089, 7.271022431965715960, 19.56191803407978114 ) ) ;
#9961 = CARTESIAN_POINT ( 'NONE',  ( 24.62500000000000000, 10.80000000000000426, -17.45000000000039009 ) ) ;
#9962 = EDGE_CURVE ( 'NONE', #8199, #6973, #5282, .T. ) ;
#9963 = LINE ( 'NONE', #2751, #4517 ) ;
#9964 = DIRECTION ( 'NONE',  ( -0.2756373558170042704, -0.9612616959383174509, 0.000000000000000000 ) ) ;
#9965 = ORIENTED_EDGE ( 'NONE', *, *, #10510, .T. ) ;
#9966 = EDGE_CURVE ( 'NONE', #4369, #11123, #4804, .T. ) ;
#9967 = LINE ( 'NONE', #8933, #6472 ) ;
#9968 = ORIENTED_EDGE ( 'NONE', *, *, #10737, .T. ) ;
#9969 = CARTESIAN_POINT ( 'NONE',  ( 11.73571359999212405, 22.25864506693675438, 26.58211138907232751 ) ) ;
#9970 = CARTESIAN_POINT ( 'NONE',  ( -29.37500000000000000, 10.80000000000000426, -9.550000000000384404 ) ) ;
#9971 = EDGE_LOOP ( 'NONE', ( #8037, #4791, #6512, #5269 ) ) ;
#9972 = DIRECTION ( 'NONE',  ( -0.000000000000000000, -0.2756373558170040483, -0.9612616959383175619 ) ) ;
#9973 = CARTESIAN_POINT ( 'NONE',  ( 0.5499999999999949374, 10.80000000000000071, 17.44999999999961560 ) ) ;
#9974 = EDGE_CURVE ( 'NONE', #4866, #4948, #8375, .T. ) ;
#9975 = DIRECTION ( 'NONE',  ( 1.000000000000000000, 0.000000000000000000, 0.000000000000000000 ) ) ;
#9976 = EDGE_CURVE ( 'NONE', #9870, #6032, #4919, .T. ) ;
#9977 = EDGE_LOOP ( 'NONE', ( #7354, #8944, #10235, #397 ) ) ;
#9978 = CARTESIAN_POINT ( 'NONE',  ( -25.80943399447264142, 8.566080860090400151, -28.19056600552774583 ) ) ;
#9979 = ORIENTED_EDGE ( 'NONE', *, *, #11531, .T. ) ;
#9980 = EDGE_CURVE ( 'NONE', #4369, #2696, #2914, .T. ) ;
#9981 = ADVANCED_FACE ( 'NONE', ( #1892 ), #66, .F. ) ;
#9982 = CARTESIAN_POINT ( 'NONE',  ( 0.000000000000000000, 7.500000000000000000, 34.50374022699554644 ) ) ;
#9983 = CARTESIAN_POINT ( 'NONE',  ( 2.375000000000005773, 7.500000000000000000, -28.49625977300445356 ) ) ;
#9984 = VECTOR ( 'NONE', #3321, 1000.000000000000227 ) ;
#9985 = ORIENTED_EDGE ( 'NONE', *, *, #4777, .T. ) ;
#9986 = LINE ( 'NONE', #1806, #6661 ) ;
#9987 = CARTESIAN_POINT ( 'NONE',  ( 38.73571359999211694, 22.25864506693675438, 26.58211138907231685 ) ) ;
#9988 = PLANE ( 'NONE',  #8926 ) ;
#9989 = DIRECTION ( 'NONE',  ( 0.000000000000000000, 0.000000000000000000, 1.000000000000000000 ) ) ;
#9990 = VECTOR ( 'NONE', #2236, 1000.000000000000114 ) ;
#9991 = VECTOR ( 'NONE', #8081, 1000.000000000000114 ) ;
#9992 = VERTEX_POINT ( 'NONE', #11339 ) ;
#9993 = ORIENTED_EDGE ( 'NONE', *, *, #2576, .T. ) ;
#9994 = VERTEX_POINT ( 'NONE', #304 ) ;
#9995 = EDGE_CURVE ( 'NONE', #3408, #2861, #3770, .T. ) ;
#9996 = DIRECTION ( 'NONE',  ( 0.000000000000000000, -0.9612616959383174509, -0.2756373558170039373 ) ) ;
#9997 = LINE ( 'NONE', #1691, #1434 ) ;
#9998 = EDGE_LOOP ( 'NONE', ( #4933, #11566, #1193, #1247 ) ) ;
#9999 = DIRECTION ( 'NONE',  ( 0.000000000000000000, 0.000000000000000000, -1.000000000000000000 ) ) ;
#10000 = LINE ( 'NONE', #4430, #9563 ) ;
#10001 = ORIENTED_EDGE ( 'NONE', *, *, #7262, .F. ) ;
#10002 = ORIENTED_EDGE ( 'NONE', *, *, #4569, .F. ) ;
#10003 = VERTEX_POINT ( 'NONE', #6619 ) ;
#10004 = VECTOR ( 'NONE', #11133, 1000.000000000000000 ) ;
#10005 = VERTEX_POINT ( 'NONE', #6563 ) ;
#10006 = LINE ( 'NONE', #9821, #1008 ) ;
#10007 = DIRECTION ( 'NONE',  ( 0.000000000000000000, 1.000000000000000000, 0.000000000000000000 ) ) ;
#10008 = AXIS2_PLACEMENT_3D ( 'NONE', #6152, #6091, #7122 ) ;
#10009 = AXIS2_PLACEMENT_3D ( 'NONE', #9290, #8076, #11772 ) ;
#10010 = EDGE_LOOP ( 'NONE', ( #10672, #3204, #1371, #1385 ) ) ;
#10011 = EDGE_CURVE ( 'NONE', #3325, #2723, #1094, .T. ) ;
#10012 = CARTESIAN_POINT ( 'NONE',  ( 45.54999999999999005, 10.80000000000000071, 26.44999999999961204 ) ) ;
#10013 = CARTESIAN_POINT ( 'NONE',  ( 16.50374022699593723, 7.500000000000000000, 0.000000000000000000 ) ) ;
#10014 = ORIENTED_EDGE ( 'NONE', *, *, #4032, .T. ) ;
#10015 = DIRECTION ( 'NONE',  ( 0.000000000000000000, 0.000000000000000000, -1.000000000000000000 ) ) ;
#10016 = VECTOR ( 'NONE', #6945, 1000.000000000000227 ) ;
#10017 = CARTESIAN_POINT ( 'NONE',  ( 0.4124163967275039089, 7.271022431965715960, 28.56191803407978114 ) ) ;
#10018 = ORIENTED_EDGE ( 'NONE', *, *, #9944, .F. ) ;
#10019 = EDGE_CURVE ( 'NONE', #4049, #5370, #9342, .T. ) ;
#10020 = ORIENTED_EDGE ( 'NONE', *, *, #8911, .F. ) ;
#10021 = DIRECTION ( 'NONE',  ( -0.2657276780299894225, -0.9267025424900811048, 0.2657276780299894225 ) ) ;
#10022 = CARTESIAN_POINT ( 'NONE',  ( 53.44999999999999574, 82.98258077199005811, -35.45000000000003126 ) ) ;
#10023 = LINE ( 'NONE', #11957, #895 ) ;
#10024 = VECTOR ( 'NONE', #6224, 1000.000000000000000 ) ;
#10025 = AXIS2_PLACEMENT_3D ( 'NONE', #5196, #349, #8769 ) ;
#10026 = DIRECTION ( 'NONE',  ( 1.000000000000000000, 0.000000000000000000, 0.000000000000000000 ) ) ;
#10027 = CARTESIAN_POINT ( 'NONE',  ( -1.496259773004063209, 7.500000000000000000, 0.000000000000000000 ) ) ;
#10028 = EDGE_CURVE ( 'NONE', #1312, #6562, #11161, .T. ) ;
#10029 = DIRECTION ( 'NONE',  ( 0.000000000000000000, 0.000000000000000000, -1.000000000000000000 ) ) ;
#10030 = LINE ( 'NONE', #2507, #9725 ) ;
#10031 = ORIENTED_EDGE ( 'NONE', *, *, #7793, .F. ) ;
#10032 = LINE ( 'NONE', #5424, #11100 ) ;
#10033 = ORIENTED_EDGE ( 'NONE', *, *, #10393, .F. ) ;
#10034 = FACE_OUTER_BOUND ( 'NONE', #11750, .T. ) ;
#10035 = LINE ( 'NONE', #692, #8719 ) ;
#10036 = ORIENTED_EDGE ( 'NONE', *, *, #1705, .F. ) ;
#10037 = LINE ( 'NONE', #572, #8160 ) ;
#10038 = LINE ( 'NONE', #5498, #9442 ) ;
#10039 = VECTOR ( 'NONE', #5801, 1000.000000000000000 ) ;
#10040 = DIRECTION ( 'NONE',  ( -1.000000000000000000, 0.000000000000000000, 0.000000000000000000 ) ) ;
#10041 = ORIENTED_EDGE ( 'NONE', *, *, #4886, .F. ) ;
#10042 = ADVANCED_FACE ( 'NONE', ( #6738 ), #7406, .T. ) ;
#10043 = DIRECTION ( 'NONE',  ( 1.000000000000000000, 0.000000000000000000, -5.358219230816394188E-16 ) ) ;
#10044 = VERTEX_POINT ( 'NONE', #7580 ) ;
#10045 = DIRECTION ( 'NONE',  ( -0.000000000000000000, -0.000000000000000000, 1.000000000000000000 ) ) ;
#10046 = DIRECTION ( 'NONE',  ( -1.000000000000000000, 0.000000000000000000, 0.000000000000000000 ) ) ;
#10047 = ORIENTED_EDGE ( 'NONE', *, *, #8616, .F. ) ;
#10048 = DIRECTION ( 'NONE',  ( -0.2657276780299913099, 0.9267025424900799946, 0.2657276780299913099 ) ) ;
#10049 = DIRECTION ( 'NONE',  ( 0.000000000000000000, 0.000000000000000000, -1.000000000000000000 ) ) ;
#10050 = CARTESIAN_POINT ( 'NONE',  ( 14.03553390593270578, 0.000000000000000000, -14.03553390593272709 ) ) ;
#10051 = EDGE_CURVE ( 'NONE', #8043, #3281, #1151, .T. ) ;
#10052 = DIRECTION ( 'NONE',  ( -3.469446951953605354E-14, -1.000000000000000000, 0.000000000000000000 ) ) ;
#10053 = VECTOR ( 'NONE', #3680, 999.9999999999998863 ) ;
#10054 = ORIENTED_EDGE ( 'NONE', *, *, #3686, .T. ) ;
#10055 = ORIENTED_EDGE ( 'NONE', *, *, #10354, .T. ) ;
#10056 = EDGE_LOOP ( 'NONE', ( #306, #2168, #6846, #6793 ) ) ;
#10057 = CARTESIAN_POINT ( 'NONE',  ( -8.374674870469096533, 10.53731005528968723, -33.62500000000000000 ) ) ;
#10058 = DIRECTION ( 'NONE',  ( -0.2756373558170042704, -0.9612616959383174509, 0.000000000000000000 ) ) ;
#10059 = VERTEX_POINT ( 'NONE', #3831 ) ;
#10060 = CARTESIAN_POINT ( 'NONE',  ( -26.45000000000000284, 10.80000000000000071, -35.45000000000039364 ) ) ;
#10061 = VERTEX_POINT ( 'NONE', #11280 ) ;
#10062 = ORIENTED_EDGE ( 'NONE', *, *, #1121, .T. ) ;
#10063 = VECTOR ( 'NONE', #4507, 1000.000000000000114 ) ;
#10064 = ORIENTED_EDGE ( 'NONE', *, *, #10353, .F. ) ;
#10065 = ORIENTED_EDGE ( 'NONE', *, *, #4821, .T. ) ;
#10066 = CARTESIAN_POINT ( 'NONE',  ( 29.37500000000000355, 7.500000000000000000, 25.50374022699554288 ) ) ;
#10067 = PLANE ( 'NONE',  #685 ) ;
#10068 = EDGE_CURVE ( 'NONE', #5016, #8979, #8433, .T. ) ;
#10069 = AXIS2_PLACEMENT_3D ( 'NONE', #1804, #4354, #3442 ) ;
#10070 = ORIENTED_EDGE ( 'NONE', *, *, #2276, .F. ) ;
#10071 = FACE_OUTER_BOUND ( 'NONE', #1610, .T. ) ;
#10072 = DIRECTION ( 'NONE',  ( 0.000000000000000000, -0.2756373558170042704, 0.9612616959383174509 ) ) ;
#10073 = VERTEX_POINT ( 'NONE', #7526 ) ;
#10074 = CARTESIAN_POINT ( 'NONE',  ( 45.54999999999999005, 10.80000000000000071, -33.62500000000000000 ) ) ;
#10075 = CARTESIAN_POINT ( 'NONE',  ( 18.54999999999999716, 10.80000000000000071, 35.44999999999961204 ) ) ;
#10076 = ORIENTED_EDGE ( 'NONE', *, *, #8975, .F. ) ;
#10077 = VERTEX_POINT ( 'NONE', #2978 ) ;
#10078 = LINE ( 'NONE', #1776, #7927 ) ;
#10079 = CARTESIAN_POINT ( 'NONE',  ( 27.54999999999999005, 10.80000000000000071, 35.44999999999961204 ) ) ;
#10080 = DIRECTION ( 'NONE',  ( -1.000000000000000000, 0.000000000000000000, 2.679109615408197094E-16 ) ) ;
#10081 = EDGE_CURVE ( 'NONE', #2480, #2518, #7646, .T. ) ;
#10082 = DIRECTION ( 'NONE',  ( 1.000000000000000000, 0.000000000000000000, 0.000000000000000000 ) ) ;
#10083 = DIRECTION ( 'NONE',  ( 0.000000000000000000, -0.2756373558170040483, 0.9612616959383175619 ) ) ;
#10084 = CARTESIAN_POINT ( 'NONE',  ( -26.45000000000000284, 10.80000000000000071, 35.44999999999961204 ) ) ;
#10085 = EDGE_CURVE ( 'NONE', #4316, #7890, #5823, .T. ) ;
#10086 = LINE ( 'NONE', #11720, #454 ) ;
#10087 = ORIENTED_EDGE ( 'NONE', *, *, #4802, .T. ) ;
#10088 = LINE ( 'NONE', #8091, #5872 ) ;
#10089 = ORIENTED_EDGE ( 'NONE', *, *, #5287, .F. ) ;
#10090 = DIRECTION ( 'NONE',  ( 0.9612616959383174509, -0.2756373558170042704, 0.000000000000000000 ) ) ;
#10091 = DIRECTION ( 'NONE',  ( 1.000000000000000000, 0.000000000000000000, 0.000000000000000000 ) ) ;
#10092 = ORIENTED_EDGE ( 'NONE', *, *, #2186, .T. ) ;
#10093 = AXIS2_PLACEMENT_3D ( 'NONE', #10050, #6300, #5386 ) ;
#10094 = DIRECTION ( 'NONE',  ( 0.2756373558170042704, -0.9612616959383174509, 0.000000000000000000 ) ) ;
#10095 = VECTOR ( 'NONE', #680, 1000.000000000000114 ) ;
#10096 = FACE_OUTER_BOUND ( 'NONE', #8859, .T. ) ;
#10097 = VECTOR ( 'NONE', #5796, 1000.000000000000000 ) ;
#10098 = PLANE ( 'NONE',  #3941 ) ;
#10099 = VECTOR ( 'NONE', #6023, 1000.000000000000000 ) ;
#10100 = ORIENTED_EDGE ( 'NONE', *, *, #1178, .F. ) ;
#10101 = FACE_OUTER_BOUND ( 'NONE', #2455, .T. ) ;
#10102 = ORIENTED_EDGE ( 'NONE', *, *, #2427, .T. ) ;
#10103 = CARTESIAN_POINT ( 'NONE',  ( -40.07937528197223997, 29.75245638442227047, 22.11547058297133717 ) ) ;
#10104 = DIRECTION ( 'NONE',  ( 0.000000000000000000, 0.000000000000000000, 1.000000000000000000 ) ) ;
#10105 = ORIENTED_EDGE ( 'NONE', *, *, #5091, .F. ) ;
#10106 = CARTESIAN_POINT ( 'NONE',  ( -23.70289055386785648, 1.219690838747015338, -3.297109446132530763 ) ) ;
#10107 = CARTESIAN_POINT ( 'NONE',  ( -51.62500000000000000, 10.53731005528970854, 0.6253251295305098933 ) ) ;
#10108 = VECTOR ( 'NONE', #5865, 1000.000000000000000 ) ;
#10109 = DIRECTION ( 'NONE',  ( 0.2756373558170042704, 0.9612616959383174509, 0.000000000000000000 ) ) ;
#10110 = CARTESIAN_POINT ( 'NONE',  ( 26.45000000000000284, 10.80000000000000071, -0.5500000000003835154 ) ) ;
#10111 = EDGE_CURVE ( 'NONE', #1431, #10913, #9462, .T. ) ;
#10112 = VECTOR ( 'NONE', #9941, 1000.000000000000000 ) ;
#10113 = ORIENTED_EDGE ( 'NONE', *, *, #7531, .T. ) ;
#10114 = ORIENTED_EDGE ( 'NONE', *, *, #9588, .F. ) ;
#10115 = EDGE_LOOP ( 'NONE', ( #3220, #962, #8592, #10487 ) ) ;
#10116 = EDGE_CURVE ( 'NONE', #10061, #9885, #244, .T. ) ;
#10117 = LINE ( 'NONE', #5520, #4181 ) ;
#10118 = LINE ( 'NONE', #11149, #2395 ) ;
#10119 = ORIENTED_EDGE ( 'NONE', *, *, #63, .F. ) ;
#10120 = AXIS2_PLACEMENT_3D ( 'NONE', #2906, #3083, #9395 ) ;
#10121 = ADVANCED_FACE ( 'NONE', ( #2802 ), #10193, .T. ) ;
#10122 = DIRECTION ( 'NONE',  ( -0.000000000000000000, -0.000000000000000000, 1.000000000000000000 ) ) ;
#10123 = VERTEX_POINT ( 'NONE', #5081 ) ;
#10124 = ORIENTED_EDGE ( 'NONE', *, *, #5415, .T. ) ;
#10125 = EDGE_LOOP ( 'NONE', ( #9671, #3836, #5899, #10405 ) ) ;
#10126 = ORIENTED_EDGE ( 'NONE', *, *, #6162, .T. ) ;
#10127 = DIRECTION ( 'NONE',  ( 0.7071067811865452413, 0.000000000000000000, -0.7071067811865497932 ) ) ;
#10128 = EDGE_CURVE ( 'NONE', #10724, #1986, #4062, .T. ) ;
#10129 = DIRECTION ( 'NONE',  ( -0.5001519828512179799, -0.8323926831162092865, -0.2386847610229711203 ) ) ;
#10130 = VECTOR ( 'NONE', #7595, 1000.000000000000000 ) ;
#10131 = EDGE_CURVE ( 'NONE', #3198, #11822, #1326, .T. ) ;
#10132 = VECTOR ( 'NONE', #7728, 1000.000000000000114 ) ;
#10133 = ORIENTED_EDGE ( 'NONE', *, *, #1103, .F. ) ;
#10134 = FACE_OUTER_BOUND ( 'NONE', #8439, .T. ) ;
#10135 = CARTESIAN_POINT ( 'NONE',  ( -28.19056600552735503, 8.566080860090398374, 10.19056600552697311 ) ) ;
#10136 = ORIENTED_EDGE ( 'NONE', *, *, #1295, .F. ) ;
#10137 = DIRECTION ( 'NONE',  ( 0.5001519828512182020, -0.8323926831162096196, -0.2386847610229694550 ) ) ;
#10138 = LINE ( 'NONE', #11952, #1424 ) ;
#10139 = VERTEX_POINT ( 'NONE', #8784 ) ;
#10140 = EDGE_CURVE ( 'NONE', #5703, #10702, #11508, .T. ) ;
#10141 = EDGE_CURVE ( 'NONE', #7279, #1347, #474, .T. ) ;
#10142 = ORIENTED_EDGE ( 'NONE', *, *, #1722, .T. ) ;
#10143 = DIRECTION ( 'NONE',  ( 0.000000000000000000, 0.000000000000000000, 1.000000000000000000 ) ) ;
#10144 = VECTOR ( 'NONE', #4395, 1000.000000000000000 ) ;
#10145 = PLANE ( 'NONE',  #4383 ) ;
#10146 = EDGE_CURVE ( 'NONE', #6932, #8217, #3264, .T. ) ;
#10147 = VECTOR ( 'NONE', #9536, 1000.000000000000000 ) ;
#10148 = EDGE_CURVE ( 'NONE', #4567, #9533, #11625, .T. ) ;
#10149 = CARTESIAN_POINT ( 'NONE',  ( 53.44999999999999574, 10.80000000000000071, 35.44999999999961204 ) ) ;
#10150 = ORIENTED_EDGE ( 'NONE', *, *, #10990, .T. ) ;
#10151 = AXIS2_PLACEMENT_3D ( 'NONE', #10603, #415, #2240 ) ;
#10152 = LINE ( 'NONE', #1719, #7416 ) ;
#10153 = DIRECTION ( 'NONE',  ( 0.000000000000000000, 0.000000000000000000, -1.000000000000000000 ) ) ;
#10154 = ORIENTED_EDGE ( 'NONE', *, *, #3455, .F. ) ;
#10155 = AXIS2_PLACEMENT_3D ( 'NONE', #536, #4237, #7935 ) ;
#10156 = PLANE ( 'NONE',  #3946 ) ;
#10157 = EDGE_CURVE ( 'NONE', #703, #2702, #1445, .T. ) ;
#10158 = ORIENTED_EDGE ( 'NONE', *, *, #7417, .T. ) ;
#10159 = DIRECTION ( 'NONE',  ( -0.000000000000000000, -1.000000000000000000, -0.000000000000000000 ) ) ;
#10160 = CARTESIAN_POINT ( 'NONE',  ( 29.37500000000000000, 7.500000000000000000, -25.50374022699630672 ) ) ;
#10161 = ORIENTED_EDGE ( 'NONE', *, *, #701, .F. ) ;
#10162 = VECTOR ( 'NONE', #5087, 1000.000000000000114 ) ;
#10163 = CARTESIAN_POINT ( 'NONE',  ( 0.000000000000000000, 7.500000000000000000, 34.50374022699554644 ) ) ;
#10164 = CARTESIAN_POINT ( 'NONE',  ( -1.190566005527353033, 8.566080860090385940, -7.809433994473030438 ) ) ;
#10165 = DIRECTION ( 'NONE',  ( 0.000000000000000000, -0.2756373558170040483, 0.9612616959383175619 ) ) ;
#10166 = EDGE_LOOP ( 'NONE', ( #7047, #3154, #3591, #3622 ) ) ;
#10167 = DIRECTION ( 'NONE',  ( 0.2386847610229713423, -0.8323926831162092865, 0.5001519828512179799 ) ) ;
#10168 = EDGE_LOOP ( 'NONE', ( #4443, #5400, #3297, #6277 ) ) ;
#10169 = FACE_OUTER_BOUND ( 'NONE', #11539, .T. ) ;
#10170 = VERTEX_POINT ( 'NONE', #10657 ) ;
#10171 = FACE_OUTER_BOUND ( 'NONE', #10924, .T. ) ;
#10172 = EDGE_CURVE ( 'NONE', #6479, #9992, #9685, .T. ) ;
#10173 = CARTESIAN_POINT ( 'NONE',  ( -24.62500000000000000, 10.53731005528969256, -33.62500000000000000 ) ) ;
#10174 = DIRECTION ( 'NONE',  ( -0.8571673007021120005, 0.5150380749100545996, 0.000000000000000000 ) ) ;
#10175 = DIRECTION ( 'NONE',  ( 0.000000000000000000, -0.2756373558170021609, 0.9612616959383181170 ) ) ;
#10176 = ORIENTED_EDGE ( 'NONE', *, *, #6456, .F. ) ;
#10177 = CARTESIAN_POINT ( 'NONE',  ( -25.50374022699594079, 7.500000000000000000, 0.000000000000000000 ) ) ;
#10178 = EDGE_LOOP ( 'NONE', ( #8005, #816, #4091, #3263 ) ) ;
#10179 = ORIENTED_EDGE ( 'NONE', *, *, #8457, .F. ) ;
#10180 = EDGE_CURVE ( 'NONE', #1150, #7337, #4975, .T. ) ;
#10181 = VECTOR ( 'NONE', #5878, 1000.000000000000114 ) ;
#10182 = LINE ( 'NONE', #10236, #4971 ) ;
#10183 = CARTESIAN_POINT ( 'NONE',  ( 0.000000000000000000, 7.500000000000000000, 1.496259773003681737 ) ) ;
#10184 = VERTEX_POINT ( 'NONE', #4173 ) ;
#10185 = CARTESIAN_POINT ( 'NONE',  ( -60.00000000000000000, 8.099999999999999645, -8.000000000000000000 ) ) ;
#10186 = EDGE_LOOP ( 'NONE', ( #5046, #10254, #9274, #10893 ) ) ;
#10187 = ORIENTED_EDGE ( 'NONE', *, *, #4317, .F. ) ;
#10188 = ORIENTED_EDGE ( 'NONE', *, *, #10500, .F. ) ;
#10189 = DIRECTION ( 'NONE',  ( -0.000000000000000000, -0.2756373558170021609, -0.9612616959383181170 ) ) ;
#10190 = CARTESIAN_POINT ( 'NONE',  ( -29.37500000000000000, 10.80000000000000426, 33.62500000000000000 ) ) ;
#10191 = VECTOR ( 'NONE', #9958, 1000.000000000000000 ) ;
#10192 = ORIENTED_EDGE ( 'NONE', *, *, #1318, .T. ) ;
#10193 = PLANE ( 'NONE',  #3031 ) ;
#10194 = EDGE_CURVE ( 'NONE', #7327, #6039, #7934, .T. ) ;
#10195 = CARTESIAN_POINT ( 'NONE',  ( -24.62500000000000000, 10.80000000000000426, 27.54999999999960991 ) ) ;
#10196 = ORIENTED_EDGE ( 'NONE', *, *, #8027, .F. ) ;
#10197 = VECTOR ( 'NONE', #11219, 1000.000000000000114 ) ;
#10198 = DIRECTION ( 'NONE',  ( 1.000000000000000000, 0.000000000000000000, 0.000000000000000000 ) ) ;
#10199 = CARTESIAN_POINT ( 'NONE',  ( 51.62500000000000711, 7.500000000000000000, 19.49625977300367552 ) ) ;
#10201 = EDGE_CURVE ( 'NONE', #7224, #11598, #4236, .T. ) ;
#10200 = VERTEX_POINT ( 'NONE', #7875 ) ;
#10202 = VERTEX_POINT ( 'NONE', #6787 ) ;
#10203 = LINE ( 'NONE', #3838, #11416 ) ;
#10204 = PLANE ( 'NONE',  #1665 ) ;
#10205 = VECTOR ( 'NONE', #11070, 1000.000000000000114 ) ;
#10206 = ADVANCED_FACE ( 'NONE', ( #5940 ), #10481, .F. ) ;
#10207 = DIRECTION ( 'NONE',  ( -0.000000000000000000, 0.000000000000000000, -1.000000000000000000 ) ) ;
#10208 = ORIENTED_EDGE ( 'NONE', *, *, #3847, .F. ) ;
#10209 = DIRECTION ( 'NONE',  ( 0.000000000000000000, 0.000000000000000000, -1.000000000000000000 ) ) ;
#10210 = CARTESIAN_POINT ( 'NONE',  ( -48.93261023597304415, -0.9965637948163279525, 32.06738976402657215 ) ) ;
#10211 = ORIENTED_EDGE ( 'NONE', *, *, #11313, .T. ) ;
#10212 = LINE ( 'NONE', #263, #3553 ) ;
#10213 = VECTOR ( 'NONE', #9514, 1000.000000000000000 ) ;
#10214 = VECTOR ( 'NONE', #8497, 1000.000000000000000 ) ;
#10215 = VERTEX_POINT ( 'NONE', #9748 ) ;
#10216 = CARTESIAN_POINT ( 'NONE',  ( -52.80943399447276221, 8.566080860090831806, 34.80943399447237852 ) ) ;
#10217 = DIRECTION ( 'NONE',  ( 1.000000000000000000, 0.000000000000000000, 0.000000000000000000 ) ) ;
#10218 = ORIENTED_EDGE ( 'NONE', *, *, #5278, .F. ) ;
#10219 = DIRECTION ( 'NONE',  ( 1.000000000000000000, 0.000000000000000000, 0.000000000000000000 ) ) ;
#10220 = ADVANCED_FACE ( 'NONE', ( #535 ), #10725, .F. ) ;
#10221 = LINE ( 'NONE', #9309, #3240 ) ;
#10222 = ADVANCED_FACE ( 'NONE', ( #9810 ), #5207, .F. ) ;
#10223 = PLANE ( 'NONE',  #8395 ) ;
#10224 = PLANE ( 'NONE',  #8271 ) ;
#10225 = ORIENTED_EDGE ( 'NONE', *, *, #6735, .T. ) ;
#10226 = DIRECTION ( 'NONE',  ( 1.000000000000000000, 0.000000000000000000, 0.000000000000000000 ) ) ;
#10227 = ORIENTED_EDGE ( 'NONE', *, *, #9588, .T. ) ;
#10228 = CARTESIAN_POINT ( 'NONE',  ( -24.62500000000000000, 10.53731005528969256, -27.62532512953128716 ) ) ;
#10229 = PLANE ( 'NONE',  #2176 ) ;
#10230 = CARTESIAN_POINT ( 'NONE',  ( -1.496259773004063209, 7.500000000000000000, 0.000000000000000000 ) ) ;
#10231 = CARTESIAN_POINT ( 'NONE',  ( -2.375000000000005773, 10.53731005528968545, 33.62500000000000000 ) ) ;
#10232 = VERTEX_POINT ( 'NONE', #359 ) ;
#10233 = CARTESIAN_POINT ( 'NONE',  ( -10.19056600552722536, 8.566080860090853122, 34.80943399447238562 ) ) ;
#10234 = ORIENTED_EDGE ( 'NONE', *, *, #3670, .T. ) ;
#10235 = ORIENTED_EDGE ( 'NONE', *, *, #5947, .T. ) ;
#10236 = CARTESIAN_POINT ( 'NONE',  ( -48.79638818434513325, -5.429073061943231693, 3.796388184344751782 ) ) ;
#10237 = CARTESIAN_POINT ( 'NONE',  ( 1.390607076609480686, 7.868454739437197532, -28.39060707660987148 ) ) ;
#10238 = ORIENTED_EDGE ( 'NONE', *, *, #3290, .T. ) ;
#10239 = DIRECTION ( 'NONE',  ( -1.000000000000000000, 0.000000000000000000, 0.000000000000000000 ) ) ;
#10240 = CARTESIAN_POINT ( 'NONE',  ( -27.55000000000000426, -11.50000000000000000, 35.45000000000000284 ) ) ;
#10241 = ORIENTED_EDGE ( 'NONE', *, *, #8472, .F. ) ;
#10242 = VERTEX_POINT ( 'NONE', #9634 ) ;
#10243 = DIRECTION ( 'NONE',  ( -1.000000000000000000, 0.000000000000000000, 0.000000000000000000 ) ) ;
#10244 = EDGE_CURVE ( 'NONE', #5744, #4424, #7754, .T. ) ;
#10245 = DIRECTION ( 'NONE',  ( -1.000000000000000000, -0.000000000000000000, -0.000000000000000000 ) ) ;
#10246 = EDGE_CURVE ( 'NONE', #2508, #10318, #10541, .T. ) ;
#10247 = ORIENTED_EDGE ( 'NONE', *, *, #4644, .F. ) ;
#10248 = DIRECTION ( 'NONE',  ( -1.000000000000000000, 0.000000000000000000, -0.000000000000000000 ) ) ;
#10249 = FACE_OUTER_BOUND ( 'NONE', #4060, .T. ) ;
#10250 = ORIENTED_EDGE ( 'NONE', *, *, #2989, .F. ) ;
#10251 = CARTESIAN_POINT ( 'NONE',  ( 37.19056600552723069, 8.566080860090831806, 34.80943399447237852 ) ) ;
#10252 = LINE ( 'NONE', #7411, #11881 ) ;
#10253 = ORIENTED_EDGE ( 'NONE', *, *, #3501, .T. ) ;
#10254 = ORIENTED_EDGE ( 'NONE', *, *, #4769, .F. ) ;
#10255 = CARTESIAN_POINT ( 'NONE',  ( 45.54999999999999005, 10.80000000000000071, 0.5499999999996132427 ) ) ;
#10256 = DIRECTION ( 'NONE',  ( 0.000000000000000000, -0.2756373558170023830, 0.9612616959383180060 ) ) ;
#10257 = EDGE_CURVE ( 'NONE', #3335, #4480, #2535, .T. ) ;
#10258 = CARTESIAN_POINT ( 'NONE',  ( -25.80943399447264852, 8.566080860090401927, -7.809433994473034879 ) ) ;
#10259 = ORIENTED_EDGE ( 'NONE', *, *, #9114, .T. ) ;
#10260 = DIRECTION ( 'NONE',  ( -1.000000000000000000, 0.000000000000000000, 0.000000000000000000 ) ) ;
#10261 = CARTESIAN_POINT ( 'NONE',  ( 0.000000000000000000, 7.500000000000000000, -10.49625977300446067 ) ) ;
#10262 = ORIENTED_EDGE ( 'NONE', *, *, #1687, .F. ) ;
#10263 = LINE ( 'NONE', #11180, #5497 ) ;
#10264 = EDGE_CURVE ( 'NONE', #6513, #6786, #1628, .T. ) ;
#10265 = ORIENTED_EDGE ( 'NONE', *, *, #493, .T. ) ;
#10266 = DIRECTION ( 'NONE',  ( -0.5001519828512179799, 0.8323926831162092865, -0.2386847610229711203 ) ) ;
#10267 = DIRECTION ( 'NONE',  ( -0.000000000000000000, -1.000000000000000000, -0.000000000000000000 ) ) ;
#10268 = ORIENTED_EDGE ( 'NONE', *, *, #2101, .T. ) ;
#10269 = VECTOR ( 'NONE', #753, 1000.000000000000000 ) ;
#10270 = DIRECTION ( 'NONE',  ( 1.000000000000000000, 0.000000000000000000, 0.000000000000000000 ) ) ;
#10271 = DIRECTION ( 'NONE',  ( -0.5001519828512182020, -0.8323926831162096196, 0.2386847610229696770 ) ) ;
#10272 = CARTESIAN_POINT ( 'NONE',  ( 16.80943399447277642, 8.566080860090853122, 34.80943399447238562 ) ) ;
#10273 = ADVANCED_FACE ( 'NONE', ( #9028 ), #8178, .F. ) ;
#10274 = FACE_OUTER_BOUND ( 'NONE', #3787, .T. ) ;
#10275 = EDGE_LOOP ( 'NONE', ( #1195, #3224, #2714, #4371 ) ) ;
#10276 = LINE ( 'NONE', #1126, #5604 ) ;
#10277 = CARTESIAN_POINT ( 'NONE',  ( -29.37500000000000355, 7.500000000000000000, -1.496259773004444904 ) ) ;
#10278 = VERTEX_POINT ( 'NONE', #660 ) ;
#10279 = ADVANCED_FACE ( 'NONE', ( #8117 ), #10905, .F. ) ;
#10280 = LINE ( 'NONE', #2775, #11081 ) ;
#10281 = CARTESIAN_POINT ( 'NONE',  ( 26.48410470708681785, 14.51721864012737306, 18.51589529291278780 ) ) ;
#10282 = EDGE_CURVE ( 'NONE', #4973, #2389, #1690, .T. ) ;
#10283 = DIRECTION ( 'NONE',  ( 0.000000000000000000, 0.000000000000000000, -1.000000000000000000 ) ) ;
#10284 = ADVANCED_FACE ( 'NONE', ( #7208 ), #8057, .T. ) ;
#10285 = AXIS2_PLACEMENT_3D ( 'NONE', #9789, #9972, #1729 ) ;
#10286 = ORIENTED_EDGE ( 'NONE', *, *, #9606, .F. ) ;
#10287 = CARTESIAN_POINT ( 'NONE',  ( 51.62500000000000000, 10.80000000000000426, 26.44999999999961204 ) ) ;
#10288 = ORIENTED_EDGE ( 'NONE', *, *, #6193, .F. ) ;
#10289 = ORIENTED_EDGE ( 'NONE', *, *, #6947, .F. ) ;
#10290 = DIRECTION ( 'NONE',  ( 0.000000000000000000, -0.000000000000000000, -1.000000000000000000 ) ) ;
#10291 = DIRECTION ( 'NONE',  ( -0.000000000000000000, 0.000000000000000000, 1.000000000000000000 ) ) ;
#10292 = ORIENTED_EDGE ( 'NONE', *, *, #7591, .T. ) ;
#10293 = CARTESIAN_POINT ( 'NONE',  ( -24.62500000000000000, 10.80000000000000426, -9.550000000000384404 ) ) ;
#10294 = DIRECTION ( 'NONE',  ( 0.2657276780299913099, -0.9267025424900799946, 0.2657276780299913099 ) ) ;
#10296 = ORIENTED_EDGE ( 'NONE', *, *, #3905, .T. ) ;
#10295 = ADVANCED_FACE ( 'NONE', ( #3508 ), #1750, .F. ) ;
#10297 = AXIS2_PLACEMENT_3D ( 'NONE', #3719, #10083, #8386 ) ;
#10298 = LINE ( 'NONE', #8609, #10476 ) ;
#10299 = ORIENTED_EDGE ( 'NONE', *, *, #9294, .T. ) ;
#10300 = DIRECTION ( 'NONE',  ( 0.9612616959383174509, -0.2756373558170042704, 0.000000000000000000 ) ) ;
#10301 = DIRECTION ( 'NONE',  ( -1.000000000000000000, 0.000000000000000000, 0.000000000000000000 ) ) ;
#10302 = VECTOR ( 'NONE', #5710, 1000.000000000000000 ) ;
#10303 = DIRECTION ( 'NONE',  ( 1.000000000000000000, 0.000000000000000000, 0.000000000000000000 ) ) ;
#10304 = ORIENTED_EDGE ( 'NONE', *, *, #286, .T. ) ;
#10305 = DIRECTION ( 'NONE',  ( 0.000000000000000000, 0.000000000000000000, -1.000000000000000000 ) ) ;
#10306 = CARTESIAN_POINT ( 'NONE',  ( 52.50374022699592302, 7.500000000000000000, 0.000000000000000000 ) ) ;
#10307 = AXIS2_PLACEMENT_3D ( 'NONE', #3684, #8296, #11076 ) ;
#10308 = ORIENTED_EDGE ( 'NONE', *, *, #7997, .T. ) ;
#10309 = DIRECTION ( 'NONE',  ( -0.000000000000000000, -0.2756373558170021609, -0.9612616959383181170 ) ) ;
#10310 = LINE ( 'NONE', #6685, #8402 ) ;
#10311 = VERTEX_POINT ( 'NONE', #6305 ) ;
#10312 = EDGE_LOOP ( 'NONE', ( #1749, #7586, #57, #11283 ) ) ;
#10313 = CARTESIAN_POINT ( 'NONE',  ( 27.55000000000000426, 82.98258077199005811, 35.45000000000000284 ) ) ;
#10314 = DIRECTION ( 'NONE',  ( -0.2657276780299913099, -0.9267025424900799946, 0.2657276780299913099 ) ) ;
#10315 = EDGE_CURVE ( 'NONE', #1042, #10945, #7151, .T. ) ;
#10316 = VECTOR ( 'NONE', #4378, 1000.000000000000000 ) ;
#10317 = CARTESIAN_POINT ( 'NONE',  ( -29.66160865629130683, 3.435945472310297788, -15.33839134370907686 ) ) ;
#10318 = VERTEX_POINT ( 'NONE', #776 ) ;
#10319 = DIRECTION ( 'NONE',  ( 0.5001519828512179799, 0.8323926831162092865, -0.2386847610229711203 ) ) ;
#10320 = CARTESIAN_POINT ( 'NONE',  ( -20.65831223607736788, -3.969694544262559521, -13.78514175963478472 ) ) ;
#10321 = VERTEX_POINT ( 'NONE', #10785 ) ;
#10322 = EDGE_CURVE ( 'NONE', #3184, #4762, #3636, .T. ) ;
#10323 = VECTOR ( 'NONE', #6931, 1000.000000000000114 ) ;
#10324 = LINE ( 'NONE', #9302, #5686 ) ;
#10325 = VECTOR ( 'NONE', #2904, 1000.000000000000000 ) ;
#10326 = AXIS2_PLACEMENT_3D ( 'NONE', #6829, #10522, #1488 ) ;
#10327 = VERTEX_POINT ( 'NONE', #3579 ) ;
#10328 = CARTESIAN_POINT ( 'NONE',  ( -53.44999999999999574, 10.80000000000000071, -27.55000000000038796 ) ) ;
#10329 = CARTESIAN_POINT ( 'NONE',  ( -27.55000000000000426, 7.500000000000007105, 35.45000000000000284 ) ) ;
#10330 = ORIENTED_EDGE ( 'NONE', *, *, #374, .T. ) ;
#10331 = EDGE_CURVE ( 'NONE', #4416, #11213, #1562, .T. ) ;
#10332 = CARTESIAN_POINT ( 'NONE',  ( -0.5499999999999949374, 10.80000000000000071, 17.44999999999961560 ) ) ;
#10333 = AXIS2_PLACEMENT_3D ( 'NONE', #7266, #1741, #5440 ) ;
#10334 = EDGE_CURVE ( 'NONE', #3999, #9286, #10965, .T. ) ;
#10335 = VECTOR ( 'NONE', #1506, 1000.000000000000000 ) ;
#10336 = CARTESIAN_POINT ( 'NONE',  ( -2.375000000000005773, 7.500000000000000000, -7.503740226996326257 ) ) ;
#10337 = VECTOR ( 'NONE', #9768, 1000.000000000000114 ) ;
#10338 = PLANE ( 'NONE',  #8588 ) ;
#10339 = CARTESIAN_POINT ( 'NONE',  ( -26.45000000000000284, 10.80000000000000071, 18.54999999999960991 ) ) ;
#10340 = EDGE_LOOP ( 'NONE', ( #11102, #10119, #7512, #4879 ) ) ;
#10341 = AXIS2_PLACEMENT_3D ( 'NONE', #2573, #10090, #1725 ) ;
#10342 = CARTESIAN_POINT ( 'NONE',  ( -27.11960549692771139, 12.30096400656391431, 18.11960549692732769 ) ) ;
#10343 = LINE ( 'NONE', #4714, #4826 ) ;
#10344 = VERTEX_POINT ( 'NONE', #10057 ) ;
#10345 = EDGE_CURVE ( 'NONE', #7658, #3776, #9868, .T. ) ;
#10346 = VECTOR ( 'NONE', #6183, 1000.000000000000000 ) ;
#10347 = DIRECTION ( 'NONE',  ( -0.2386847610229713423, -0.8323926831162092865, -0.5001519828512179799 ) ) ;
#10348 = CARTESIAN_POINT ( 'NONE',  ( -46.19056600552747227, 8.566080860089995141, -34.80943399447291853 ) ) ;
#10349 = EDGE_CURVE ( 'NONE', #9293, #7327, #11933, .T. ) ;
#10350 = EDGE_CURVE ( 'NONE', #6562, #4049, #11027, .T. ) ;
#10351 = VERTEX_POINT ( 'NONE', #6429 ) ;
#10352 = CARTESIAN_POINT ( 'NONE',  ( 55.00000000000000000, 7.500000000000000000, 41.00000000000000000 ) ) ;
#10353 = EDGE_CURVE ( 'NONE', #10170, #9099, #10117, .T. ) ;
#10354 = EDGE_CURVE ( 'NONE', #3106, #5383, #590, .T. ) ;
#10355 = ORIENTED_EDGE ( 'NONE', *, *, #10574, .T. ) ;
#10356 = ORIENTED_EDGE ( 'NONE', *, *, #4679, .T. ) ;
#10357 = LINE ( 'NONE', #2899, #3809 ) ;
#10358 = DIRECTION ( 'NONE',  ( -0.000000000000000000, 0.000000000000000000, 1.000000000000000000 ) ) ;
#10359 = ORIENTED_EDGE ( 'NONE', *, *, #8673, .F. ) ;
#10360 = PLANE ( 'NONE',  #9443 ) ;
#10361 = CARTESIAN_POINT ( 'NONE',  ( 25.80943399447263786, 8.566080860090416138, -10.19056600552774583 ) ) ;
#10362 = CARTESIAN_POINT ( 'NONE',  ( 0.000000000000000000, 7.500000000000000000, -19.49625977300445356 ) ) ;
#10363 = ORIENTED_EDGE ( 'NONE', *, *, #11112, .F. ) ;
#10364 = CARTESIAN_POINT ( 'NONE',  ( 0.5499999999999949374, 10.80000000000000071, 17.44999999999961560 ) ) ;
#10365 = CARTESIAN_POINT ( 'NONE',  ( -2.375000000000005773, 10.80000000000000426, 33.62500000000000000 ) ) ;
#10366 = DIRECTION ( 'NONE',  ( -0.4999999999999978906, -0.7071067811865504593, 0.4999999999999978906 ) ) ;
#10367 = ADVANCED_FACE ( 'NONE', ( #907 ), #1933, .F. ) ;
#10368 = ORIENTED_EDGE ( 'NONE', *, *, #10656, .F. ) ;
#10369 = CARTESIAN_POINT ( 'NONE',  ( -24.62500000000000355, 7.500000000000000000, -7.503740226996326257 ) ) ;
#10370 = DIRECTION ( 'NONE',  ( 0.000000000000000000, 0.000000000000000000, -1.000000000000000000 ) ) ;
#10371 = EDGE_LOOP ( 'NONE', ( #6604, #7320, #658, #5975, #5518, #4506, #3656, #6145, #9199, #8507, #5527, #6579, #2520, #7920, #8667, #2195, #11665, #10483, #1082, #5461, #7532, #4629, #9844, #2174, #7787, #11614, #10695, #1773, #7475, #4520, #9520, #6115, #3714, #11947, #2238, #11238, #8562, #11632, #3149, #11265, #8855, #5132, #826, #10708, #7068, #5144, #8501, #632, #11085, #5078, #915, #5786, #7511, #2310, #7617, #4067, #7273, #1747, #2522, #8015, #10641, #11057, #1056, #1978, #1252, #8500, #6840, #2674, #2013, #948, #8223, #8971, #6501, #9010, #10939, #4020 ) ) ;
#10372 = CARTESIAN_POINT ( 'NONE',  ( -1.190566005527355919, 8.566080860090384164, 25.80943399447224706 ) ) ;
#10373 = LINE ( 'NONE', #4685, #7813 ) ;
#10374 = VERTEX_POINT ( 'NONE', #9389 ) ;
#10375 = VERTEX_POINT ( 'NONE', #3871 ) ;
#10376 = DIRECTION ( 'NONE',  ( -0.000000000000000000, 0.9612616959383174509, 0.2756373558170042704 ) ) ;
#10377 = VECTOR ( 'NONE', #6798, 1000.000000000000114 ) ;
#10378 = CARTESIAN_POINT ( 'NONE',  ( -24.62500000000000000, 10.80000000000000426, 9.549999999999613465 ) ) ;
#10379 = EDGE_CURVE ( 'NONE', #4106, #6241, #10182, .T. ) ;
#10381 = LINE ( 'NONE', #11460, #5848 ) ;
#10380 = VECTOR ( 'NONE', #5145, 1000.000000000000114 ) ;
#10382 = ORIENTED_EDGE ( 'NONE', *, *, #10395, .F. ) ;
#10383 = DIRECTION ( 'NONE',  ( -0.7071067811865474617, 0.000000000000000000, 0.7071067811865474617 ) ) ;
#10384 = DIRECTION ( 'NONE',  ( 0.000000000000000000, -0.9612616959383174509, 0.2756373558170039373 ) ) ;
#10385 = ORIENTED_EDGE ( 'NONE', *, *, #11599, .T. ) ;
#10386 = EDGE_CURVE ( 'NONE', #10344, #10890, #6495, .T. ) ;
#10387 = LINE ( 'NONE', #9480, #8963 ) ;
#10388 = ORIENTED_EDGE ( 'NONE', *, *, #1543, .T. ) ;
#10389 = DIRECTION ( 'NONE',  ( 0.000000000000000000, 0.000000000000000000, -1.000000000000000000 ) ) ;
#10390 = CARTESIAN_POINT ( 'NONE',  ( -40.07937528197222576, 29.75245638442229179, 4.884529417027853704 ) ) ;
#10391 = ORIENTED_EDGE ( 'NONE', *, *, #10719, .T. ) ;
#10392 = VECTOR ( 'NONE', #8888, 1000.000000000000114 ) ;
#10393 = EDGE_CURVE ( 'NONE', #7397, #4306, #110, .T. ) ;
#10394 = PLANE ( 'NONE',  #604 ) ;
#10395 = EDGE_CURVE ( 'NONE', #4179, #9448, #8422, .T. ) ;
#10396 = CARTESIAN_POINT ( 'NONE',  ( -48.79638818434512615, -5.429073061943221035, -14.20361181565525222 ) ) ;
#10397 = CARTESIAN_POINT ( 'NONE',  ( 2.375000000000005773, 7.500000000000000000, 7.503740226995549101 ) ) ;
#10398 = EDGE_CURVE ( 'NONE', #4171, #3799, #1080, .T. ) ;
#10399 = VECTOR ( 'NONE', #4478, 1000.000000000000000 ) ;
#10400 = VECTOR ( 'NONE', #5888, 1000.000000000000114 ) ;
#10401 = LINE ( 'NONE', #8918, #10780 ) ;
#10402 = ORIENTED_EDGE ( 'NONE', *, *, #2664, .T. ) ;
#10403 = APPLICATION_PROTOCOL_DEFINITION ( 'draft international standard', 'automotive_design', 1998, #1541 ) ;
#10404 = CARTESIAN_POINT ( 'NONE',  ( -51.62500000000000000, 10.80000000000000426, -33.62500000000000000 ) ) ;
#10405 = ORIENTED_EDGE ( 'NONE', *, *, #8641, .T. ) ;
#10406 = CARTESIAN_POINT ( 'NONE',  ( 0.5499999999999949374, 10.80000000000000071, -27.55000000000038796 ) ) ;
#10407 = LINE ( 'NONE', #9497, #5248 ) ;
#10408 = VECTOR ( 'NONE', #3435, 1000.000000000000000 ) ;
#10410 = ORIENTED_EDGE ( 'NONE', *, *, #6503, .T. ) ;
#10409 = EDGE_CURVE ( 'NONE', #6307, #3119, #8539, .T. ) ;
#10411 = DIRECTION ( 'NONE',  ( 0.000000000000000000, 0.000000000000000000, 1.000000000000000000 ) ) ;
#10412 = ORIENTED_EDGE ( 'NONE', *, *, #8391, .F. ) ;
#10413 = CARTESIAN_POINT ( 'NONE',  ( -61.00000000000000000, 10.49999999999999822, -8.000000000000000000 ) ) ;
#10414 = LINE ( 'NONE', #6157, #10736 ) ;
#10415 = ORIENTED_EDGE ( 'NONE', *, *, #4234, .F. ) ;
#10416 = DIRECTION ( 'NONE',  ( 0.000000000000000000, 0.000000000000000000, 1.000000000000000000 ) ) ;
#10417 = DIRECTION ( 'NONE',  ( -1.000000000000000000, -0.000000000000000000, -0.000000000000000000 ) ) ;
#10418 = ADVANCED_FACE ( 'NONE', ( #5701 ), #2962, .F. ) ;
#10419 = DIRECTION ( 'NONE',  ( -0.7071067811865452413, -0.000000000000000000, -0.7071067811865497932 ) ) ;
#10420 = ORIENTED_EDGE ( 'NONE', *, *, #6317, .F. ) ;
#10421 = CARTESIAN_POINT ( 'NONE',  ( 0.000000000000000000, 7.500000000000000000, 16.50374022699554644 ) ) ;
#10422 = DIRECTION ( 'NONE',  ( 0.000000000000000000, 0.000000000000000000, -1.000000000000000000 ) ) ;
#10423 = LINE ( 'NONE', #3659, #9614 ) ;
#10424 = ORIENTED_EDGE ( 'NONE', *, *, #1353, .T. ) ;
#10425 = DIRECTION ( 'NONE',  ( 0.2756373558170042704, 0.9612616959383174509, 0.000000000000000000 ) ) ;
#10426 = DIRECTION ( 'NONE',  ( -0.2386847610229713423, -0.8323926831162092865, -0.5001519828512179799 ) ) ;
#10427 = ORIENTED_EDGE ( 'NONE', *, *, #10244, .F. ) ;
#10428 = DIRECTION ( 'NONE',  ( 0.4578768884082908830, -0.7620351108204154178, 0.4578768884082911050 ) ) ;
#10429 = DIRECTION ( 'NONE',  ( -1.000000000000000000, 0.000000000000000000, 0.000000000000000000 ) ) ;
#10430 = ORIENTED_EDGE ( 'NONE', *, *, #1573, .T. ) ;
#10431 = VECTOR ( 'NONE', #6652, 1000.000000000000114 ) ;
#10432 = EDGE_LOOP ( 'NONE', ( #11768, #8879, #3124, #7193, #8671, #4233, #5100, #5088, #5255, #10268, #9677, #6890, #6159, #9593, #11737, #2549, #10234, #437, #8420, #10773, #480, #6218, #7334, #1481, #7982, #7826, #8304, #8259, #11749, #10402, #8617, #9585 ) ) ;
#10433 = DIRECTION ( 'NONE',  ( -1.000000000000000000, 0.000000000000000000, 0.000000000000000000 ) ) ;
#10434 = ADVANCED_FACE ( 'NONE', ( #5636 ), #4727, .F. ) ;
#10435 = PLANE ( 'NONE',  #5351 ) ;
#10436 = CARTESIAN_POINT ( 'NONE',  ( 36.54999999999999716, 10.80000000000000426, 33.62500000000000000 ) ) ;
#10437 = ORIENTED_EDGE ( 'NONE', *, *, #10019, .T. ) ;
#10438 = DIRECTION ( 'NONE',  ( -0.4578768884082908830, -0.7620351108204154178, -0.4578768884082909940 ) ) ;
#10439 = CARTESIAN_POINT ( 'NONE',  ( 51.62500000000000000, 10.53731005528970854, -8.374674870469490884 ) ) ;
#10440 = ORIENTED_EDGE ( 'NONE', *, *, #920, .F. ) ;
#10441 = PLANE ( 'NONE',  #6656 ) ;
#10442 = ORIENTED_EDGE ( 'NONE', *, *, #3378, .F. ) ;
#10443 = DIRECTION ( 'NONE',  ( -0.000000000000000000, 1.000000000000000000, -0.000000000000000000 ) ) ;
#10444 = CARTESIAN_POINT ( 'NONE',  ( -53.44999999999999574, 10.80000000000000071, -0.5500000000003835154 ) ) ;
#10445 = EDGE_LOOP ( 'NONE', ( #2575, #2284, #1860, #10776 ) ) ;
#10446 = ADVANCED_FACE ( 'NONE', ( #11205 ), #3693, .F. ) ;
#10447 = VECTOR ( 'NONE', #9295, 1000.000000000000114 ) ;
#10448 = DIRECTION ( 'NONE',  ( -0.9612616959383174509, -0.2756373558170042704, 0.000000000000000000 ) ) ;
#10449 = EDGE_CURVE ( 'NONE', #8217, #4369, #4666, .T. ) ;
#10450 = CARTESIAN_POINT ( 'NONE',  ( 0.5500000000000088152, 7.500000000000007105, 35.45000000000000995 ) ) ;
#10451 = LINE ( 'NONE', #1415, #5097 ) ;
#10452 = ORIENTED_EDGE ( 'NONE', *, *, #8258, .F. ) ;
#10453 = PLANE ( 'NONE',  #788 ) ;
#10454 = EDGE_LOOP ( 'NONE', ( #8055, #3391, #978, #3867 ) ) ;
#10455 = CARTESIAN_POINT ( 'NONE',  ( 0.000000000000000000, 7.500000000000000000, 25.50374022699554288 ) ) ;
#10456 = DIRECTION ( 'NONE',  ( 0.000000000000000000, -0.8571673007021120005, 0.5150380749100545996 ) ) ;
#10457 = ADVANCED_FACE ( 'NONE', ( #171 ), #7392, .T. ) ;
#10458 = AXIS2_PLACEMENT_3D ( 'NONE', #7370, #9426, #7603 ) ;
#10459 = FACE_OUTER_BOUND ( 'NONE', #8598, .T. ) ;
#10460 = EDGE_LOOP ( 'NONE', ( #11273, #5367, #941, #7388 ) ) ;
#10461 = CARTESIAN_POINT ( 'NONE',  ( -6.964775456032696207E-16, 8.566080860090862004, 34.80943399447238562 ) ) ;
#10462 = ORIENTED_EDGE ( 'NONE', *, *, #1065, .F. ) ;
#10463 = CARTESIAN_POINT ( 'NONE',  ( -58.99999999999998579, 10.49999999999999822, 8.000000000000000000 ) ) ;
#10464 = CARTESIAN_POINT ( 'NONE',  ( -28.39060707660950911, 7.868454739437104273, 1.390607076609126302 ) ) ;
#10465 = ORIENTED_EDGE ( 'NONE', *, *, #3142, .F. ) ;
#10466 = EDGE_CURVE ( 'NONE', #10375, #3284, #10357, .T. ) ;
#10467 = FACE_OUTER_BOUND ( 'NONE', #3698, .T. ) ;
#10468 = LINE ( 'NONE', #6778, #9362 ) ;
#10469 = CARTESIAN_POINT ( 'NONE',  ( -36.54999999999999005, 10.80000000000000071, 35.44999999999961204 ) ) ;
#10470 = VERTEX_POINT ( 'NONE', #6551 ) ;
#10471 = CARTESIAN_POINT ( 'NONE',  ( 0.000000000000000000, 7.500000000000000000, 1.496259773003681737 ) ) ;
#10472 = EDGE_CURVE ( 'NONE', #7409, #2840, #9325, .T. ) ;
#10473 = CARTESIAN_POINT ( 'NONE',  ( 54.49999999999999289, 10.80000000000000426, 36.49999999999959499 ) ) ;
#10474 = VECTOR ( 'NONE', #5058, 1000.000000000000000 ) ;
#10475 = PLANE ( 'NONE',  #8278 ) ;
#10476 = VECTOR ( 'NONE', #6391, 1000.000000000000000 ) ;
#10477 = EDGE_CURVE ( 'NONE', #336, #2090, #11087, .T. ) ;
#10478 = ADVANCED_FACE ( 'NONE', ( #8480 ), #2787, .F. ) ;
#10479 = VERTEX_POINT ( 'NONE', #4846 ) ;
#10480 = AXIS2_PLACEMENT_3D ( 'NONE', #7960, #9838, #1654 ) ;
#10481 = PLANE ( 'NONE',  #902 ) ;
#10482 = CARTESIAN_POINT ( 'NONE',  ( -29.37500000000000000, 10.53731005528968012, 17.37467487046870218 ) ) ;
#10483 = ORIENTED_EDGE ( 'NONE', *, *, #10852, .F. ) ;
#10484 = VECTOR ( 'NONE', #4944, 1000.000000000000000 ) ;
#10485 = CARTESIAN_POINT ( 'NONE',  ( -24.62500000000000000, 10.53731005528969256, -0.6253251295312847180 ) ) ;
#10486 = CARTESIAN_POINT ( 'NONE',  ( -24.62500000000000355, 7.500000000000000000, 7.503740226995549101 ) ) ;
#10487 = ORIENTED_EDGE ( 'NONE', *, *, #4654, .T. ) ;
#10488 = VERTEX_POINT ( 'NONE', #396 ) ;
#10489 = CARTESIAN_POINT ( 'NONE',  ( 58.32322330470334748, 9.899999999999975486, 37.32322330470339011 ) ) ;
#10490 = CARTESIAN_POINT ( 'NONE',  ( 56.48474567361831333, 9.499999999999980460, 35.48474567361837018 ) ) ;
#10491 = VECTOR ( 'NONE', #11263, 1000.000000000000000 ) ;
#10492 = EDGE_CURVE ( 'NONE', #5635, #11992, #11495, .T. ) ;
#10493 = VECTOR ( 'NONE', #5385, 1000.000000000000114 ) ;
#10494 = PLANE ( 'NONE',  #1971 ) ;
#10495 = VERTEX_POINT ( 'NONE', #9672 ) ;
#10496 = CARTESIAN_POINT ( 'NONE',  ( 0.000000000000000000, 7.500000000000000000, 25.50374022699554288 ) ) ;
#10497 = FILL_AREA_STYLE ('',( #6803 ) ) ;
#10498 = ORIENTED_EDGE ( 'NONE', *, *, #9186, .T. ) ;
#10499 = ADVANCED_FACE ( 'NONE', ( #1366 ), #4902, .T. ) ;
#10500 = EDGE_CURVE ( 'NONE', #3652, #9008, #291, .T. ) ;
#10501 = DIRECTION ( 'NONE',  ( 4.592890314649034515E-16, 0.5150380749100545996, 0.8571673007021120005 ) ) ;
#10502 = ORIENTED_EDGE ( 'NONE', *, *, #2027, .F. ) ;
#10503 = CARTESIAN_POINT ( 'NONE',  ( -19.83347944262236950, 18.51173940819399988, -25.33869430852633897 ) ) ;
#10504 = AXIS2_PLACEMENT_3D ( 'NONE', #3843, #7540, #6751 ) ;
#10505 = PLANE ( 'NONE',  #6789 ) ;
#10506 = ORIENTED_EDGE ( 'NONE', *, *, #7912, .F. ) ;
#10507 = CARTESIAN_POINT ( 'NONE',  ( 60.02027957955104398, 9.499999999999980460, -31.94921176768562177 ) ) ;
#10508 = PLANE ( 'NONE',  #7398 ) ;
#10509 = VECTOR ( 'NONE', #6337, 1000.000000000000114 ) ;
#10510 = EDGE_CURVE ( 'NONE', #5828, #10724, #1311, .T. ) ;
#10511 = CARTESIAN_POINT ( 'NONE',  ( -9.549999999999995381, 10.80000000000000071, 33.62500000000000000 ) ) ;
#10512 = VECTOR ( 'NONE', #5761, 1000.000000000000000 ) ;
#10513 = AXIS2_PLACEMENT_3D ( 'NONE', #94, #6647, #30 ) ;
#10514 = ORIENTED_EDGE ( 'NONE', *, *, #10194, .T. ) ;
#10515 = DIRECTION ( 'NONE',  ( -0.7071067811865497932, 0.000000000000000000, -0.7071067811865452413 ) ) ;
#10516 = ORIENTED_EDGE ( 'NONE', *, *, #10085, .F. ) ;
#10517 = VECTOR ( 'NONE', #6249, 1000.000000000000114 ) ;
#10518 = CARTESIAN_POINT ( 'NONE',  ( 26.45000000000000284, 82.98258077199005811, -35.44999999999999574 ) ) ;
#10519 = AXIS2_PLACEMENT_3D ( 'NONE', #7596, #2753, #990 ) ;
#10520 = LINE ( 'NONE', #4042, #74 ) ;
#10521 = EDGE_LOOP ( 'NONE', ( #4046, #951, #2699, #1173 ) ) ;
#10522 = DIRECTION ( 'NONE',  ( 0.000000000000000000, 0.5150380749100545996, 0.8571673007021120005 ) ) ;
#10523 = AXIS2_PLACEMENT_3D ( 'NONE', #10943, #3612, #7310 ) ;
#10524 = ORIENTED_EDGE ( 'NONE', *, *, #8957, .F. ) ;
#10525 = VECTOR ( 'NONE', #1906, 1000.000000000000000 ) ;
#10526 = DIRECTION ( 'NONE',  ( 1.000000000000000000, 0.000000000000000000, 0.000000000000000000 ) ) ;
#10527 = DIRECTION ( 'NONE',  ( 0.000000000000000000, 0.1391731009600706559, 0.9902680687415695848 ) ) ;
#10528 = ORIENTED_EDGE ( 'NONE', *, *, #7815, .T. ) ;
#10529 = EDGE_CURVE ( 'NONE', #8914, #3325, #4100, .T. ) ;
#10530 = VECTOR ( 'NONE', #10358, 1000.000000000000000 ) ;
#10531 = CARTESIAN_POINT ( 'NONE',  ( 27.55000000000000426, 82.98258077199005811, -35.45000000000002416 ) ) ;
#10532 = DIRECTION ( 'NONE',  ( 0.000000000000000000, -0.2756373558170042704, 0.9612616959383174509 ) ) ;
#10533 = CARTESIAN_POINT ( 'NONE',  ( -52.60939292339048734, 7.868454739437104273, 1.390607076609126302 ) ) ;
#10534 = VERTEX_POINT ( 'NONE', #6895 ) ;
#10535 = CARTESIAN_POINT ( 'NONE',  ( 27.54999999999999005, 10.80000000000000071, -18.55000000000037730 ) ) ;
#10536 = DIRECTION ( 'NONE',  ( 0.2657276780299911434, -0.9267025424900801056, 0.2657276780299911434 ) ) ;
#10537 = DIRECTION ( 'NONE',  ( -0.000000000000000000, -1.000000000000000000, -0.000000000000000000 ) ) ;
#10538 = EDGE_CURVE ( 'NONE', #7148, #1525, #8709, .T. ) ;
#10539 = EDGE_LOOP ( 'NONE', ( #3889, #3548, #11726, #5709 ) ) ;
#10540 = ORIENTED_EDGE ( 'NONE', *, *, #133, .T. ) ;
#10541 = LINE ( 'NONE', #4115, #4587 ) ;
#10542 = DIRECTION ( 'NONE',  ( 0.000000000000000000, 0.000000000000000000, -1.000000000000000000 ) ) ;
#10543 = ORIENTED_EDGE ( 'NONE', *, *, #2037, .T. ) ;
#10544 = FACE_OUTER_BOUND ( 'NONE', #8138, .T. ) ;
#10545 = PLANE ( 'NONE',  #10151 ) ;
#10546 = CARTESIAN_POINT ( 'NONE',  ( 18.62532512953089281, 10.53731005528970321, 33.62500000000000000 ) ) ;
#10547 = VERTEX_POINT ( 'NONE', #11381 ) ;
#10548 = ORIENTED_EDGE ( 'NONE', *, *, #9341, .T. ) ;
#10549 = CARTESIAN_POINT ( 'NONE',  ( 0.000000000000000000, 7.500000000000000000, -34.50374022699632093 ) ) ;
#10550 = LINE ( 'NONE', #1393, #10377 ) ;
#10551 = LINE ( 'NONE', #6800, #9332 ) ;
#10552 = ORIENTED_EDGE ( 'NONE', *, *, #9577, .F. ) ;
#10553 = EDGE_CURVE ( 'NONE', #7691, #9601, #7015, .T. ) ;
#10554 = LINE ( 'NONE', #6139, #5488 ) ;
#10555 = LINE ( 'NONE', #5837, #1426 ) ;
#10556 = ORIENTED_EDGE ( 'NONE', *, *, #955, .F. ) ;
#10557 = LINE ( 'NONE', #9704, #1602 ) ;
#10558 = AXIS2_PLACEMENT_3D ( 'NONE', #10365, #10301, #120 ) ;
#10559 = ORIENTED_EDGE ( 'NONE', *, *, #6782, .F. ) ;
#10560 = LINE ( 'NONE', #10503, #760 ) ;
#10561 = CARTESIAN_POINT ( 'NONE',  ( -2.375000000000005773, 10.80000000000000426, -9.550000000000384404 ) ) ;
#10562 = ORIENTED_EDGE ( 'NONE', *, *, #2192, .T. ) ;
#10563 = CARTESIAN_POINT ( 'NONE',  ( 51.62500000000000000, 10.53731005528966946, 33.62500000000000000 ) ) ;
#10564 = AXIS2_PLACEMENT_3D ( 'NONE', #2108, #1137, #8362 ) ;
#10565 = AXIS2_PLACEMENT_3D ( 'NONE', #741, #5292, #1586 ) ;
#10566 = DIRECTION ( 'NONE',  ( 0.5001519828512182020, 0.8323926831162096196, 0.2386847610229694550 ) ) ;
#10567 = LINE ( 'NONE', #8028, #7432 ) ;
#10568 = CARTESIAN_POINT ( 'NONE',  ( -26.45000000000000284, 10.80000000000000071, 35.44999999999961204 ) ) ;
#10569 = ORIENTED_EDGE ( 'NONE', *, *, #1903, .T. ) ;
#10570 = VECTOR ( 'NONE', #10926, 1000.000000000000000 ) ;
#10571 = ORIENTED_EDGE ( 'NONE', *, *, #6980, .F. ) ;
#10572 = PLANE ( 'NONE',  #9049 ) ;
#10573 = ORIENTED_EDGE ( 'NONE', *, *, #4904, .F. ) ;
#10574 = EDGE_CURVE ( 'NONE', #9380, #11084, #4047, .T. ) ;
#10575 = DIRECTION ( 'NONE',  ( 1.000000000000000000, 3.018354541273066194E-16, -8.654992372942126676E-17 ) ) ;
#10576 = EDGE_CURVE ( 'NONE', #4609, #5698, #6044, .T. ) ;
#10577 = VECTOR ( 'NONE', #4799, 1000.000000000000114 ) ;
#10578 = VECTOR ( 'NONE', #7949, 1000.000000000000000 ) ;
#10579 = DIRECTION ( 'NONE',  ( -1.000000000000000000, 0.000000000000000000, 0.000000000000000000 ) ) ;
#10580 = VERTEX_POINT ( 'NONE', #10707 ) ;
#10581 = CARTESIAN_POINT ( 'NONE',  ( 0.000000000000000000, 7.500000000000000000, 1.496259773003681737 ) ) ;
#10582 = ORIENTED_EDGE ( 'NONE', *, *, #5852, .F. ) ;
#10583 = VECTOR ( 'NONE', #9664, 1000.000000000000000 ) ;
#10584 = DIRECTION ( 'NONE',  ( -0.7071067811865452413, -0.000000000000000000, 0.7071067811865497932 ) ) ;
#10585 = ORIENTED_EDGE ( 'NONE', *, *, #6838, .F. ) ;
#10586 = PLANE ( 'NONE',  #10025 ) ;
#10587 = DIRECTION ( 'NONE',  ( 0.000000000000000000, 0.000000000000000000, 1.000000000000000000 ) ) ;
#10588 = VECTOR ( 'NONE', #6531, 1000.000000000000000 ) ;
#10589 = VECTOR ( 'NONE', #2606, 1000.000000000000000 ) ;
#10590 = LINE ( 'NONE', #4228, #1210 ) ;
#10591 = VERTEX_POINT ( 'NONE', #7741 ) ;
#10592 = DIRECTION ( 'NONE',  ( -1.000000000000000000, 0.000000000000000000, 0.000000000000000000 ) ) ;
#10593 = EDGE_CURVE ( 'NONE', #1614, #9376, #5983, .T. ) ;
#10594 = LINE ( 'NONE', #5018, #6703 ) ;
#10595 = LINE ( 'NONE', #3323, #9042 ) ;
#10596 = ORIENTED_EDGE ( 'NONE', *, *, #2413, .F. ) ;
#10597 = ADVANCED_FACE ( 'NONE', ( #8767 ), #5809, .F. ) ;
#10598 = ORIENTED_EDGE ( 'NONE', *, *, #3221, .F. ) ;
#10599 = DIRECTION ( 'NONE',  ( 0.000000000000000000, 0.000000000000000000, -1.000000000000000000 ) ) ;
#10600 = CARTESIAN_POINT ( 'NONE',  ( 57.89895923599141980, 9.099999999999983658, -36.89895923599146954 ) ) ;
#10601 = ORIENTED_EDGE ( 'NONE', *, *, #103, .T. ) ;
#10602 = DIRECTION ( 'NONE',  ( 0.2657276780299913099, -0.9267025424900799946, 0.2657276780299913099 ) ) ;
#10603 = CARTESIAN_POINT ( 'NONE',  ( 29.37500000000000000, 10.80000000000000426, 33.62500000000000000 ) ) ;
#10604 = CARTESIAN_POINT ( 'NONE',  ( 0.000000000000000000, 10.80000000000000071, -33.62500000000000000 ) ) ;
#10605 = ORIENTED_EDGE ( 'NONE', *, *, #360, .T. ) ;
#10606 = EDGE_LOOP ( 'NONE', ( #9578, #3056, #6601, #9368 ) ) ;
#10607 = PLANE ( 'NONE',  #5471 ) ;
#10608 = DIRECTION ( 'NONE',  ( -0.2657276780299913099, 0.9267025424900799946, 0.2657276780299913099 ) ) ;
#10609 = ADVANCED_FACE ( 'NONE', ( #9564 ), #4161, .T. ) ;
#10610 = LINE ( 'NONE', #3100, #6630 ) ;
#10611 = VERTEX_POINT ( 'NONE', #10463 ) ;
#10612 = LINE ( 'NONE', #5101, #8762 ) ;
#10613 = CARTESIAN_POINT ( 'NONE',  ( 1.190566005527356808, 8.566080860090391269, -34.80943399447265563 ) ) ;
#10614 = ORIENTED_EDGE ( 'NONE', *, *, #1651, .F. ) ;
#10615 = DIRECTION ( 'NONE',  ( -0.000000000000000000, 0.000000000000000000, 1.000000000000000000 ) ) ;
#10616 = LINE ( 'NONE', #1232, #2001 ) ;
#10617 = ORIENTED_EDGE ( 'NONE', *, *, #11790, .T. ) ;
#10618 = DIRECTION ( 'NONE',  ( 0.9612616959383174509, -0.2756373558170042704, 0.000000000000000000 ) ) ;
#10619 = DIRECTION ( 'NONE',  ( 0.2657276780299911434, 0.9267025424900801056, 0.2657276780299911434 ) ) ;
#10620 = VERTEX_POINT ( 'NONE', #2166 ) ;
#10621 = EDGE_CURVE ( 'NONE', #9387, #4424, #6954, .T. ) ;
#10622 = LINE ( 'NONE', #3061, #9133 ) ;
#10623 = CARTESIAN_POINT ( 'NONE',  ( -40.07937528197223997, 29.75245638442227047, -22.11547058297211166 ) ) ;
#10624 = FACE_OUTER_BOUND ( 'NONE', #4296, .T. ) ;
#10625 = FACE_OUTER_BOUND ( 'NONE', #11545, .T. ) ;
#10626 = ORIENTED_EDGE ( 'NONE', *, *, #2998, .T. ) ;
#10627 = EDGE_CURVE ( 'NONE', #849, #9148, #1255, .T. ) ;
#10628 = VECTOR ( 'NONE', #5412, 1000.000000000000000 ) ;
#10629 = VERTEX_POINT ( 'NONE', #2339 ) ;
#10630 = EDGE_CURVE ( 'NONE', #9731, #3208, #9730, .T. ) ;
#10631 = FACE_OUTER_BOUND ( 'NONE', #5971, .T. ) ;
#10632 = ORIENTED_EDGE ( 'NONE', *, *, #1238, .F. ) ;
#10633 = DIRECTION ( 'NONE',  ( -1.000000000000000000, -0.000000000000000000, -0.000000000000000000 ) ) ;
#10634 = VECTOR ( 'NONE', #2470, 1000.000000000000114 ) ;
#10635 = CARTESIAN_POINT ( 'NONE',  ( 51.97389213354960447, 5.652200105873706804, -6.973892133549991712 ) ) ;
#10636 = ADVANCED_FACE ( 'NONE', ( #5925 ), #9620, .F. ) ;
#10637 = ORIENTED_EDGE ( 'NONE', *, *, #6744, .T. ) ;
#10638 = LINE ( 'NONE', #3306, #5876 ) ;
#10639 = EDGE_LOOP ( 'NONE', ( #6468, #11854, #10412, #11623 ) ) ;
#10640 = DIRECTION ( 'NONE',  ( 0.000000000000000000, 0.9612616959383174509, -0.2756373558170039373 ) ) ;
#10641 = ORIENTED_EDGE ( 'NONE', *, *, #9498, .F. ) ;
#10642 = EDGE_CURVE ( 'NONE', #4482, #6500, #2648, .T. ) ;
#10643 = EDGE_CURVE ( 'NONE', #8063, #7789, #7321, .T. ) ;
#10644 = PLANE ( 'NONE',  #4244 ) ;
#10645 = LINE ( 'NONE', #7803, #3158 ) ;
#10646 = FACE_OUTER_BOUND ( 'NONE', #5645, .T. ) ;
#10647 = EDGE_CURVE ( 'NONE', #49, #6250, #6168, .T. ) ;
#10648 = PLANE ( 'NONE',  #4695 ) ;
#10649 = EDGE_CURVE ( 'NONE', #570, #10232, #6110, .T. ) ;
#10650 = CARTESIAN_POINT ( 'NONE',  ( -23.70289055386779609, 1.219690838746894768, -23.70289055386817267 ) ) ;
#10651 = CARTESIAN_POINT ( 'NONE',  ( 26.45000000000000284, 10.80000000000000071, 8.449999999999617373 ) ) ;
#10652 = AXIS2_PLACEMENT_3D ( 'NONE', #2822, #996, #9305 ) ;
#10653 = ADVANCED_FACE ( 'NONE', ( #5318 ), #6353, .F. ) ;
#10654 = ORIENTED_EDGE ( 'NONE', *, *, #5519, .T. ) ;
#10655 = ORIENTED_EDGE ( 'NONE', *, *, #6980, .T. ) ;
#10656 = EDGE_CURVE ( 'NONE', #9045, #4073, #10826, .T. ) ;
#10657 = CARTESIAN_POINT ( 'NONE',  ( 27.54999999999999005, 10.80000000000000071, -0.5500000000003835154 ) ) ;
#10658 = LINE ( 'NONE', #3453, #3371 ) ;
#10659 = ORIENTED_EDGE ( 'NONE', *, *, #3925, .T. ) ;
#10660 = DIRECTION ( 'NONE',  ( -0.000000000000000000, 0.000000000000000000, 1.000000000000000000 ) ) ;
#10661 = FACE_OUTER_BOUND ( 'NONE', #5927, .T. ) ;
#10662 = CARTESIAN_POINT ( 'NONE',  ( -2.375000000000005773, 10.53731005528968723, -18.62532512953128716 ) ) ;
#10664 = VERTEX_POINT ( 'NONE', #2466 ) ;
#10663 = VECTOR ( 'NONE', #5323, 1000.000000000000000 ) ;
#10665 = VECTOR ( 'NONE', #4217, 1000.000000000000000 ) ;
#10666 = VERTEX_POINT ( 'NONE', #7078 ) ;
#10667 = PLANE ( 'NONE',  #11082 ) ;
#10668 = CARTESIAN_POINT ( 'NONE',  ( 45.62532512953089991, 10.53731005528967479, 33.62500000000000000 ) ) ;
#10669 = VECTOR ( 'NONE', #177, 1000.000000000000000 ) ;
#10670 = VECTOR ( 'NONE', #4885, 1000.000000000000114 ) ;
#10671 = DIRECTION ( 'NONE',  ( 0.000000000000000000, 0.000000000000000000, 1.000000000000000000 ) ) ;
#10672 = ORIENTED_EDGE ( 'NONE', *, *, #1001, .F. ) ;
#10673 = CARTESIAN_POINT ( 'NONE',  ( -51.62500000000000000, 10.80000000000000426, 27.54999999999960991 ) ) ;
#10674 = DIRECTION ( 'NONE',  ( 1.000000000000000000, 0.000000000000000000, 0.000000000000000000 ) ) ;
#10675 = VERTEX_POINT ( 'NONE', #9853 ) ;
#10676 = CARTESIAN_POINT ( 'NONE',  ( -48.79638818434518299, -5.429073061943155309, 12.79638818434480285 ) ) ;
#10677 = CARTESIAN_POINT ( 'NONE',  ( 20.65831223607736078, -3.969694544262571956, 13.78514175963398358 ) ) ;
#10678 = ADVANCED_FACE ( 'NONE', ( #3494 ), #10772, .T. ) ;
#10679 = VERTEX_POINT ( 'NONE', #5250 ) ;
#10680 = DIRECTION ( 'NONE',  ( 0.000000000000000000, 0.9612616959383174509, -0.2756373558170042704 ) ) ;
#10681 = DIRECTION ( 'NONE',  ( 0.000000000000000000, 0.000000000000000000, 1.000000000000000000 ) ) ;
#10682 = ORIENTED_EDGE ( 'NONE', *, *, #4528, .T. ) ;
#10683 = VECTOR ( 'NONE', #11780, 1000.000000000000000 ) ;
#10684 = LINE ( 'NONE', #2379, #6519 ) ;
#10685 = CARTESIAN_POINT ( 'NONE',  ( -29.37500000000000355, 7.500000000000000000, 25.50374022699554288 ) ) ;
#10686 = VECTOR ( 'NONE', #4123, 1000.000000000000000 ) ;
#10687 = LINE ( 'NONE', #5000, #10097 ) ;
#10688 = EDGE_CURVE ( 'NONE', #1805, #7533, #11917, .T. ) ;
#10689 = DIRECTION ( 'NONE',  ( 1.000000000000000000, 0.000000000000000000, 0.000000000000000000 ) ) ;
#10690 = LINE ( 'NONE', #3294, #9364 ) ;
#10691 = VECTOR ( 'NONE', #4967, 1000.000000000000000 ) ;
#10692 = ORIENTED_EDGE ( 'NONE', *, *, #5673, .F. ) ;
#10693 = VECTOR ( 'NONE', #1678, 1000.000000000000114 ) ;
#10694 = ADVANCED_FACE ( 'NONE', ( #9136 ), #8162, .F. ) ;
#10695 = ORIENTED_EDGE ( 'NONE', *, *, #8142, .F. ) ;
#10696 = CARTESIAN_POINT ( 'NONE',  ( 26.48410470708679654, 14.51721864012741214, -8.484104707087190889 ) ) ;
#10697 = ORIENTED_EDGE ( 'NONE', *, *, #1021, .T. ) ;
#10698 = DIRECTION ( 'NONE',  ( 0.5001519828512179799, 0.8323926831162092865, -0.2386847610229711203 ) ) ;
#10699 = VECTOR ( 'NONE', #810, 1000.000000000000000 ) ;
#10700 = DIRECTION ( 'NONE',  ( -0.2657276780299897001, -0.9267025424900808828, 0.2657276780299897001 ) ) ;
#10701 = VECTOR ( 'NONE', #1732, 1000.000000000000000 ) ;
#10702 = VERTEX_POINT ( 'NONE', #7137 ) ;
#10703 = EDGE_CURVE ( 'NONE', #1154, #8801, #827, .T. ) ;
#10704 = DIRECTION ( 'NONE',  ( -0.2386847610229713423, 0.8323926831162092865, -0.5001519828512179799 ) ) ;
#10705 = ORIENTED_EDGE ( 'NONE', *, *, #833, .F. ) ;
#10706 = EDGE_CURVE ( 'NONE', #2919, #10837, #641, .T. ) ;
#10707 = CARTESIAN_POINT ( 'NONE',  ( 34.80943399447252062, 8.566080860089979154, -34.80943399447291142 ) ) ;
#10708 = ORIENTED_EDGE ( 'NONE', *, *, #2835, .F. ) ;
#10709 = DIRECTION ( 'NONE',  ( 0.000000000000000000, 0.000000000000000000, -1.000000000000000000 ) ) ;
#10710 = AXIS2_PLACEMENT_3D ( 'NONE', #10804, #6263, #611 ) ;
#10711 = CARTESIAN_POINT ( 'NONE',  ( 9.550000000000002487, 10.80000000000000071, 35.44999999999961204 ) ) ;
#10712 = ORIENTED_EDGE ( 'NONE', *, *, #11231, .F. ) ;
#10713 = CARTESIAN_POINT ( 'NONE',  ( 50.70289055386778898, 1.219690838746894768, -23.70289055386817267 ) ) ;
#10714 = EDGE_CURVE ( 'NONE', #9706, #11705, #2402, .T. ) ;
#10715 = VECTOR ( 'NONE', #6460, 1000.000000000000114 ) ;
#10716 = DIRECTION ( 'NONE',  ( -0.000000000000000000, 0.9612616959383180060, 0.2756373558170023830 ) ) ;
#10717 = LINE ( 'NONE', #10473, #5542 ) ;
#10718 = DIRECTION ( 'NONE',  ( -0.7071067811865452413, 0.000000000000000000, 0.7071067811865497932 ) ) ;
#10719 = EDGE_CURVE ( 'NONE', #9047, #1525, #11736, .T. ) ;
#10720 = EDGE_CURVE ( 'NONE', #5829, #11627, #9011, .T. ) ;
#10721 = VECTOR ( 'NONE', #10844, 1000.000000000000000 ) ;
#10722 = ORIENTED_EDGE ( 'NONE', *, *, #11841, .T. ) ;
#10723 = AXIS2_PLACEMENT_3D ( 'NONE', #11281, #10072, #1768 ) ;
#10724 = VERTEX_POINT ( 'NONE', #8103 ) ;
#10725 = PLANE ( 'NONE',  #8263 ) ;
#10726 = DIRECTION ( 'NONE',  ( -1.000000000000000000, 0.000000000000000000, 0.000000000000000000 ) ) ;
#10727 = VERTEX_POINT ( 'NONE', #1490 ) ;
#10728 = CARTESIAN_POINT ( 'NONE',  ( -25.60939292339048734, 7.868454739437104273, 1.390607076609126302 ) ) ;
#10729 = CARTESIAN_POINT ( 'NONE',  ( 0.4124163967275037423, 7.271022431965715960, -1.561918034080550077 ) ) ;
#10730 = LINE ( 'NONE', #6187, #863 ) ;
#10731 = ORIENTED_EDGE ( 'NONE', *, *, #7931, .F. ) ;
#10732 = AXIS2_PLACEMENT_3D ( 'NONE', #8334, #7247, #6341 ) ;
#10733 = ORIENTED_EDGE ( 'NONE', *, *, #6329, .T. ) ;
#10734 = CARTESIAN_POINT ( 'NONE',  ( -24.62500000000000000, 10.53731005528969256, 17.37467487046870218 ) ) ;
#10735 = LINE ( 'NONE', #6071, #7477 ) ;
#10736 = VECTOR ( 'NONE', #6666, 1000.000000000000114 ) ;
#10737 = EDGE_CURVE ( 'NONE', #7519, #7907, #11796, .T. ) ;
#10738 = DIRECTION ( 'NONE',  ( 0.000000000000000000, 0.000000000000000000, -1.000000000000000000 ) ) ;
#10739 = EDGE_LOOP ( 'NONE', ( #7995, #8731, #4611, #8817 ) ) ;
#10740 = FACE_OUTER_BOUND ( 'NONE', #4485, .T. ) ;
#10741 =( LENGTH_UNIT ( ) NAMED_UNIT ( * ) SI_UNIT ( .MILLI., .METRE. ) );
#10742 = VERTEX_POINT ( 'NONE', #10889 ) ;
#10743 = LINE ( 'NONE', #9830, #11172 ) ;
#10744 = DIRECTION ( 'NONE',  ( 0.000000000000000000, 0.9612616959383174509, -0.2756373558170039373 ) ) ;
#10745 = ORIENTED_EDGE ( 'NONE', *, *, #992, .T. ) ;
#10746 = CARTESIAN_POINT ( 'NONE',  ( -51.62500000000000000, 10.80000000000000071, 0.000000000000000000 ) ) ;
#10747 = CARTESIAN_POINT ( 'NONE',  ( -37.49625977300406277, 7.500000000000000000, 0.000000000000000000 ) ) ;
#10748 = VERTEX_POINT ( 'NONE', #9978 ) ;
#10749 = CARTESIAN_POINT ( 'NONE',  ( -16.50374022699593013, 7.500000000000000000, 0.000000000000000000 ) ) ;
#10750 = EDGE_CURVE ( 'NONE', #8073, #8102, #762, .T. ) ;
#10751 = DIRECTION ( 'NONE',  ( 0.000000000000000000, 0.000000000000000000, 1.000000000000000000 ) ) ;
#10752 = CARTESIAN_POINT ( 'NONE',  ( 18.54999999999999716, 10.80000000000000071, 26.44999999999961204 ) ) ;
#10753 = ADVANCED_FACE ( 'NONE', ( #1973 ), #5680, .F. ) ;
#10754 = VECTOR ( 'NONE', #4868, 1000.000000000000114 ) ;
#10755 = LINE ( 'NONE', #8811, #6845 ) ;
#10756 = CARTESIAN_POINT ( 'NONE',  ( -25.80943399447263786, 8.566080860090416138, 0.000000000000000000 ) ) ;
#10757 = ORIENTED_EDGE ( 'NONE', *, *, #5780, .F. ) ;
#10758 = DIRECTION ( 'NONE',  ( 1.000000000000000000, 0.000000000000000000, 0.000000000000000000 ) ) ;
#10759 = ORIENTED_EDGE ( 'NONE', *, *, #9186, .F. ) ;
#10760 = ADVANCED_FACE ( 'NONE', ( #10274 ), #2884, .F. ) ;
#10761 = PLANE ( 'NONE',  #7562 ) ;
#10762 = ORIENTED_EDGE ( 'NONE', *, *, #6210, .F. ) ;
#10763 = ADVANCED_FACE ( 'NONE', ( #1068 ), #8289, .F. ) ;
#10764 = VECTOR ( 'NONE', #8269, 1000.000000000000114 ) ;
#10765 = FACE_OUTER_BOUND ( 'NONE', #4925, .T. ) ;
#10766 = EDGE_CURVE ( 'NONE', #7705, #5020, #8465, .T. ) ;
#10767 = CARTESIAN_POINT ( 'NONE',  ( -16.50374022699593013, 7.500000000000000000, 0.000000000000000000 ) ) ;
#10768 = ORIENTED_EDGE ( 'NONE', *, *, #11722, .F. ) ;
#10769 = PLANE ( 'NONE',  #3160 ) ;
#10770 = VECTOR ( 'NONE', #7467, 1000.000000000000000 ) ;
#10771 = ORIENTED_EDGE ( 'NONE', *, *, #8595, .T. ) ;
#10772 = PLANE ( 'NONE',  #129 ) ;
#10773 = ORIENTED_EDGE ( 'NONE', *, *, #4494, .T. ) ;
#10774 = PLANE ( 'NONE',  #7916 ) ;
#10775 = DIRECTION ( 'NONE',  ( -1.000000000000000000, 0.000000000000000000, 0.000000000000000000 ) ) ;
#10776 = ORIENTED_EDGE ( 'NONE', *, *, #9842, .F. ) ;
#10777 = CARTESIAN_POINT ( 'NONE',  ( 30.13361562617344092, -27.76612549695436627, -9.133615626173485325 ) ) ;
#10778 = CARTESIAN_POINT ( 'NONE',  ( -24.62500000000000355, 7.500000000000000000, -1.496259773004444904 ) ) ;
#10779 = CARTESIAN_POINT ( 'NONE',  ( -51.62500000000000000, 10.80000000000000426, 0.5499999999996132427 ) ) ;
#10780 = VECTOR ( 'NONE', #8802, 1000.000000000000000 ) ;
#10781 = EDGE_CURVE ( 'NONE', #2090, #9920, #9261, .T. ) ;
#10782 = DIRECTION ( 'NONE',  ( 0.2657276780299913099, -0.9267025424900799946, 0.2657276780299913099 ) ) ;
#10783 = ORIENTED_EDGE ( 'NONE', *, *, #3430, .T. ) ;
#10784 = ORIENTED_EDGE ( 'NONE', *, *, #8760, .F. ) ;
#10785 = CARTESIAN_POINT ( 'NONE',  ( 57.89895923599141980, 7.500000000000000000, 36.89895923599146954 ) ) ;
#10786 = CARTESIAN_POINT ( 'NONE',  ( 2.375000000000005773, 10.80000000000000071, 0.000000000000000000 ) ) ;
#10787 = ORIENTED_EDGE ( 'NONE', *, *, #851, .T. ) ;
#10788 = AXIS2_PLACEMENT_3D ( 'NONE', #7700, #1092, #11391 ) ;
#10789 = VECTOR ( 'NONE', #10660, 1000.000000000000000 ) ;
#10790 = EDGE_CURVE ( 'NONE', #9917, #4, #3678, .T. ) ;
#10791 = CARTESIAN_POINT ( 'NONE',  ( -29.37500000000000000, 10.80000000000000426, -18.55000000000037730 ) ) ;
#10792 = LINE ( 'NONE', #11813, #1241 ) ;
#10793 = LINE ( 'NONE', #8730, #4133 ) ;
#10794 = ORIENTED_EDGE ( 'NONE', *, *, #128, .T. ) ;
#10795 = ORIENTED_EDGE ( 'NONE', *, *, #7234, .F. ) ;
#10796 = CARTESIAN_POINT ( 'NONE',  ( -29.37500000000000000, 10.53731005528967835, -17.37467487046947312 ) ) ;
#10797 = CARTESIAN_POINT ( 'NONE',  ( 40.07937528197222576, 29.75245638442229179, 4.884529417027853704 ) ) ;
#10798 = DIRECTION ( 'NONE',  ( -0.9612616959383180060, -0.2756373558170023830, 0.000000000000000000 ) ) ;
#10799 = EDGE_LOOP ( 'NONE', ( #7633, #5460, #557, #7579 ) ) ;
#10800 = CARTESIAN_POINT ( 'NONE',  ( 25.80943399447264142, 8.566080860090410809, 10.19056600552696956 ) ) ;
#10801 = FACE_OUTER_BOUND ( 'NONE', #10951, .T. ) ;
#10802 = ORIENTED_EDGE ( 'NONE', *, *, #6730, .T. ) ;
#10803 = LINE ( 'NONE', #7613, #9043 ) ;
#10804 = CARTESIAN_POINT ( 'NONE',  ( -60.00000000000000000, 7.500000000000000000, 8.000000000000000000 ) ) ;
#10805 = EDGE_CURVE ( 'NONE', #6988, #7708, #1006, .T. ) ;
#10806 = ORIENTED_EDGE ( 'NONE', *, *, #10816, .F. ) ;
#10807 = CARTESIAN_POINT ( 'NONE',  ( 2.375000000000006217, 10.53731005528968723, -17.37467487046947667 ) ) ;
#10808 = CARTESIAN_POINT ( 'NONE',  ( 51.62500000000000000, 10.80000000000000426, -33.62500000000000000 ) ) ;
#10809 = CARTESIAN_POINT ( 'NONE',  ( 25.60939292339048734, 7.868454739437104273, 1.390607076609126302 ) ) ;
#10810 = CARTESIAN_POINT ( 'NONE',  ( -34.80943399447252062, 8.566080860089979154, -34.80943399447291142 ) ) ;
#10811 = CARTESIAN_POINT ( 'NONE',  ( -24.97389213354960802, 5.652200105873706804, -6.973892133549991712 ) ) ;
#10812 = LINE ( 'NONE', #2506, #2208 ) ;
#10813 = LINE ( 'NONE', #7241, #9373 ) ;
#10814 = ORIENTED_EDGE ( 'NONE', *, *, #7085, .F. ) ;
#10815 = DIRECTION ( 'NONE',  ( 0.5001519828512182020, 0.8323926831162096196, -0.2386847610229696770 ) ) ;
#10816 = EDGE_CURVE ( 'NONE', #10470, #11479, #2035, .T. ) ;
#10817 = ORIENTED_EDGE ( 'NONE', *, *, #10011, .F. ) ;
#10818 = LINE ( 'NONE', #9066, #2920 ) ;
#10819 = EDGE_LOOP ( 'NONE', ( #6509, #10304, #3460, #10757 ) ) ;
#10820 = VECTOR ( 'NONE', #5682, 1000.000000000000114 ) ;
#10821 = DIRECTION ( 'NONE',  ( -0.000000000000000000, -0.2756373558170021609, -0.9612616959383181170 ) ) ;
#10822 = LINE ( 'NONE', #2516, #10024 ) ;
#10823 = EDGE_LOOP ( 'NONE', ( #3935, #9567, #2235, #1310 ) ) ;
#10824 = CARTESIAN_POINT ( 'NONE',  ( -2.375000000000006217, 10.53731005528968723, 0.6253251295305165547 ) ) ;
#10825 = ORIENTED_EDGE ( 'NONE', *, *, #4802, .F. ) ;
#10826 = LINE ( 'NONE', #577, #8653 ) ;
#10827 = ORIENTED_EDGE ( 'NONE', *, *, #8512, .T. ) ;
#10828 = DIRECTION ( 'NONE',  ( -0.000000000000000000, 1.000000000000000000, -0.000000000000000000 ) ) ;
#10829 = DIRECTION ( 'NONE',  ( -0.000000000000000000, -0.2756373558170040483, -0.9612616959383175619 ) ) ;
#10830 = ORIENTED_EDGE ( 'NONE', *, *, #1374, .F. ) ;
#10831 = DIRECTION ( 'NONE',  ( 1.000000000000000000, 0.000000000000000000, 0.000000000000000000 ) ) ;
#10832 = EDGE_CURVE ( 'NONE', #6659, #6034, #2710, .T. ) ;
#10833 = CARTESIAN_POINT ( 'NONE',  ( -28.49625977300406987, 7.500000000000000000, 0.000000000000000000 ) ) ;
#10834 = DIRECTION ( 'NONE',  ( 0.000000000000000000, -0.9612616959383180060, -0.2756373558170021054 ) ) ;
#10835 = FACE_OUTER_BOUND ( 'NONE', #2673, .T. ) ;
#10836 = ORIENTED_EDGE ( 'NONE', *, *, #11064, .F. ) ;
#10838 = EDGE_CURVE ( 'NONE', #7413, #11584, #1861, .T. ) ;
#10837 = VERTEX_POINT ( 'NONE', #3859 ) ;
#10839 = ORIENTED_EDGE ( 'NONE', *, *, #7313, .T. ) ;
#10840 = DIRECTION ( 'NONE',  ( 0.5001519828512179799, -0.8323926831162092865, 0.2386847610229713423 ) ) ;
#10841 = DIRECTION ( 'NONE',  ( 0.2657276780299894225, -0.9267025424900811048, 0.2657276780299894225 ) ) ;
#10842 = ORIENTED_EDGE ( 'NONE', *, *, #2062, .F. ) ;
#10843 = FACE_OUTER_BOUND ( 'NONE', #8453, .T. ) ;
#10844 = DIRECTION ( 'NONE',  ( -0.000000000000000000, 0.000000000000000000, 1.000000000000000000 ) ) ;
#10845 = ORIENTED_EDGE ( 'NONE', *, *, #6958, .F. ) ;
#10846 = EDGE_LOOP ( 'NONE', ( #4433, #10227, #7487, #944 ) ) ;
#10847 = EDGE_CURVE ( 'NONE', #4076, #10318, #5564, .T. ) ;
#10848 = VERTEX_POINT ( 'NONE', #4712 ) ;
#10849 = DIRECTION ( 'NONE',  ( 0.5001519828512179799, -0.8323926831162092865, -0.2386847610229713423 ) ) ;
#10850 = CARTESIAN_POINT ( 'NONE',  ( -26.45000000000000284, 10.80000000000000071, 17.44999999999961560 ) ) ;
#10851 = EDGE_CURVE ( 'NONE', #9045, #8252, #6536, .T. ) ;
#10852 = EDGE_CURVE ( 'NONE', #1911, #8073, #7438, .T. ) ;
#10853 = VECTOR ( 'NONE', #7843, 1000.000000000000000 ) ;
#10854 = DIRECTION ( 'NONE',  ( -1.000000000000000000, -0.000000000000000000, -0.000000000000000000 ) ) ;
#10855 = EDGE_LOOP ( 'NONE', ( #9510, #10308, #9835, #3869, #6885, #7130, #11569, #6123, #4548, #10054, #2621, #6701, #10368, #153, #7286, #2338, #9280, #8766, #831, #9388, #11762, #1630, #884, #1534, #1758, #8476, #6253, #2742, #9827, #726, #4029, #6506, #966, #8672, #1308, #4652, #6566, #2370, #10105, #2150, #11279, #1184, #8917, #10514, #5962, #4617, #3449, #10912, #6707, #5693, #5615, #3932, #5524, #3227, #11094, #10150, #11402, #4891, #8114, #778, #8805, #1071, #5606, #3712, #10002, #1882, #4694, #7394, #9965, #11674, #6608, #3250, #2141, #10136, #7593, #11482 ) ) ;
#10856 = CARTESIAN_POINT ( 'NONE',  ( -36.62532512953089281, 10.53731005528968900, 33.62500000000000000 ) ) ;
#10857 = LINE ( 'NONE', #8195, #6074 ) ;
#10858 = ORIENTED_EDGE ( 'NONE', *, *, #5476, .T. ) ;
#10859 = CARTESIAN_POINT ( 'NONE',  ( -51.62500000000000000, 10.80000000000000426, -33.62500000000000000 ) ) ;
#10860 = DIRECTION ( 'NONE',  ( 0.000000000000000000, 0.000000000000000000, -1.000000000000000000 ) ) ;
#10861 = ORIENTED_EDGE ( 'NONE', *, *, #1560, .T. ) ;
#10862 = FACE_OUTER_BOUND ( 'NONE', #4308, .T. ) ;
#10863 = FACE_OUTER_BOUND ( 'NONE', #11893, .T. ) ;
#10864 = CARTESIAN_POINT ( 'NONE',  ( 1.496259773004063209, 7.500000000000000000, 0.000000000000000000 ) ) ;
#10865 = ADVANCED_FACE ( 'NONE', ( #10101 ), #10224, .F. ) ;
#10866 = CARTESIAN_POINT ( 'NONE',  ( -0.5499999999999949374, 10.80000000000000071, 8.449999999999617373 ) ) ;
#10867 = VECTOR ( 'NONE', #4358, 1000.000000000000114 ) ;
#10868 = EDGE_CURVE ( 'NONE', #7743, #169, #3918, .T. ) ;
#10869 = EDGE_CURVE ( 'NONE', #1582, #5568, #7497, .T. ) ;
#10870 = CARTESIAN_POINT ( 'NONE',  ( 28.19056600552735503, 8.566080860090398374, -25.80943399447301445 ) ) ;
#10871 = DIRECTION ( 'NONE',  ( 0.7071067811865452413, 0.000000000000000000, -0.7071067811865497932 ) ) ;
#10872 = CARTESIAN_POINT ( 'NONE',  ( -51.62500000000000711, 7.500000000000000000, 28.49625977300367907 ) ) ;
#10873 = ORIENTED_EDGE ( 'NONE', *, *, #6806, .F. ) ;
#10874 = CARTESIAN_POINT ( 'NONE',  ( 28.19056600552734793, 8.566080860090385940, 0.000000000000000000 ) ) ;
#10875 = AXIS2_PLACEMENT_3D ( 'NONE', #4206, #2210, #8751 ) ;
#10876 = VERTEX_POINT ( 'NONE', #1920 ) ;
#10877 = DIRECTION ( 'NONE',  ( 1.000000000000000000, 0.000000000000000000, 0.000000000000000000 ) ) ;
#10878 = LINE ( 'NONE', #7971, #9117 ) ;
#10879 = ORIENTED_EDGE ( 'NONE', *, *, #11188, .T. ) ;
#10880 = VECTOR ( 'NONE', #6314, 1000.000000000000114 ) ;
#10881 = CARTESIAN_POINT ( 'NONE',  ( 0.000000000000000000, 7.500000000000000000, 10.49625977300367907 ) ) ;
#10882 = EDGE_CURVE ( 'NONE', #6819, #7519, #6412, .T. ) ;
#10883 = VECTOR ( 'NONE', #8854, 1000.000000000000114 ) ;
#10884 = CARTESIAN_POINT ( 'NONE',  ( -53.44999999999999574, 82.98258077199005811, -35.45000000000003126 ) ) ;
#10885 = VERTEX_POINT ( 'NONE', #1800 ) ;
#10886 = VECTOR ( 'NONE', #6051, 1000.000000000000000 ) ;
#10887 = CARTESIAN_POINT ( 'NONE',  ( 32.97996724390608136, 16.53698307386826372, 30.02003275609392574 ) ) ;
#10888 = VERTEX_POINT ( 'NONE', #1124 ) ;
#10889 = CARTESIAN_POINT ( 'NONE',  ( 1.190566005527361249, 8.566080860090400151, -10.19056600552774938 ) ) ;
#10890 = VERTEX_POINT ( 'NONE', #7839 ) ;
#10891 = CARTESIAN_POINT ( 'NONE',  ( -29.37500000000000000, 10.53731005528968012, 33.62500000000000000 ) ) ;
#10892 = FACE_OUTER_BOUND ( 'NONE', #10125, .T. ) ;
#10893 = ORIENTED_EDGE ( 'NONE', *, *, #6443, .F. ) ;
#10894 = CARTESIAN_POINT ( 'NONE',  ( 51.62500000000000000, 10.53731005528970144, 9.625325129530517998 ) ) ;
#10895 = DIRECTION ( 'NONE',  ( 1.000000000000000000, 0.000000000000000000, 0.000000000000000000 ) ) ;
#10896 = VECTOR ( 'NONE', #3721, 1000.000000000000000 ) ;
#10897 = CARTESIAN_POINT ( 'NONE',  ( -0.5500000000000088152, 7.500000000000000000, 35.45000000000000995 ) ) ;
#10898 = EDGE_CURVE ( 'NONE', #7738, #1636, #10803, .T. ) ;
#10899 = LINE ( 'NONE', #9146, #7878 ) ;
#10900 = VERTEX_POINT ( 'NONE', #1520 ) ;
#10901 = ORIENTED_EDGE ( 'NONE', *, *, #1722, .F. ) ;
#10902 = EDGE_CURVE ( 'NONE', #481, #4064, #5167, .T. ) ;
#10903 = ORIENTED_EDGE ( 'NONE', *, *, #7026, .T. ) ;
#10904 = VECTOR ( 'NONE', #1949, 1000.000000000000000 ) ;
#10905 = PLANE ( 'NONE',  #7860 ) ;
#10906 = CARTESIAN_POINT ( 'NONE',  ( 53.88039450307232414, 12.30096400656410083, -18.11960549692805245 ) ) ;
#10907 = ORIENTED_EDGE ( 'NONE', *, *, #4035, .T. ) ;
#10908 = VECTOR ( 'NONE', #7922, 1000.000000000000000 ) ;
#10909 = VECTOR ( 'NONE', #3238, 1000.000000000000114 ) ;
#10910 = CARTESIAN_POINT ( 'NONE',  ( 29.37500000000000000, 10.53731005528968012, 33.62500000000000000 ) ) ;
#10911 = CARTESIAN_POINT ( 'NONE',  ( 1.496259773004056326, 7.500000000000000000, 0.000000000000000000 ) ) ;
#10912 = ORIENTED_EDGE ( 'NONE', *, *, #1163, .T. ) ;
#10913 = VERTEX_POINT ( 'NONE', #11648 ) ;
#10914 = ORIENTED_EDGE ( 'NONE', *, *, #4361, .F. ) ;
#10915 = PLANE ( 'NONE',  #1792 ) ;
#10916 = LINE ( 'NONE', #11765, #3985 ) ;
#10917 = AXIS2_PLACEMENT_3D ( 'NONE', #1507, #8906, #8970 ) ;
#10918 = EDGE_CURVE ( 'NONE', #892, #10591, #2315, .T. ) ;
#10919 = VECTOR ( 'NONE', #5127, 1000.000000000000114 ) ;
#10920 = DIRECTION ( 'NONE',  ( 0.000000000000000000, 0.000000000000000000, 1.000000000000000000 ) ) ;
#10921 = VERTEX_POINT ( 'NONE', #3346 ) ;
#10922 = PLANE ( 'NONE',  #3937 ) ;
#10923 = LINE ( 'NONE', #1578, #10337 ) ;
#10924 = EDGE_LOOP ( 'NONE', ( #9153, #6974, #11194, #10247 ) ) ;
#10925 = AXIS2_PLACEMENT_3D ( 'NONE', #8282, #1852, #11843 ) ;
#10926 = DIRECTION ( 'NONE',  ( -0.000000000000000000, -0.000000000000000000, 1.000000000000000000 ) ) ;
#10927 = CARTESIAN_POINT ( 'NONE',  ( -29.37500000000000355, 10.53731005528968545, 18.62532512953051267 ) ) ;
#10928 = ORIENTED_EDGE ( 'NONE', *, *, #11958, .F. ) ;
#10929 = AXIS2_PLACEMENT_3D ( 'NONE', #4007, #3207, #11509 ) ;
#10930 = ORIENTED_EDGE ( 'NONE', *, *, #1514, .T. ) ;
#10931 = CARTESIAN_POINT ( 'NONE',  ( -53.44999999999999574, 10.80000000000000071, 9.549999999999611688 ) ) ;
#10932 = FACE_OUTER_BOUND ( 'NONE', #11361, .T. ) ;
#10933 = LINE ( 'NONE', #4632, #9991 ) ;
#10934 = CARTESIAN_POINT ( 'NONE',  ( -43.80943399447276221, 8.566080860090831806, 34.80943399447237852 ) ) ;
#10935 = EDGE_CURVE ( 'NONE', #975, #2457, #552, .T. ) ;
#10936 = FACE_OUTER_BOUND ( 'NONE', #2051, .T. ) ;
#10937 = FACE_OUTER_BOUND ( 'NONE', #7547, .T. ) ;
#10938 = LINE ( 'NONE', #11902, #5499 ) ;
#10939 = ORIENTED_EDGE ( 'NONE', *, *, #2399, .F. ) ;
#10940 = DIRECTION ( 'NONE',  ( -0.5001519828512182020, 0.8323926831162096196, -0.2386847610229694550 ) ) ;
#10941 = ADVANCED_FACE ( 'NONE', ( #7895 ), #675, .T. ) ;
#10942 = VERTEX_POINT ( 'NONE', #1580 ) ;
#10943 = CARTESIAN_POINT ( 'NONE',  ( -10.49625977300406454, 7.500000000000000000, 0.000000000000000000 ) ) ;
#10944 = CARTESIAN_POINT ( 'NONE',  ( -46.19056600552723069, 8.566080860090830029, 34.80943399447237852 ) ) ;
#10945 = VERTEX_POINT ( 'NONE', #11314 ) ;
#10946 = FACE_OUTER_BOUND ( 'NONE', #6413, .T. ) ;
#10947 = CARTESIAN_POINT ( 'NONE',  ( -51.62500000000000000, 10.80000000000000426, -27.55000000000038796 ) ) ;
#10948 = DIRECTION ( 'NONE',  ( 1.000000000000000000, 0.000000000000000000, 0.000000000000000000 ) ) ;
#10949 = ORIENTED_EDGE ( 'NONE', *, *, #6503, .F. ) ;
#10950 = DIRECTION ( 'NONE',  ( 0.000000000000000000, -0.9612616959383180060, 0.2756373558170023830 ) ) ;
#10951 = EDGE_LOOP ( 'NONE', ( #9516, #6893, #10292, #3988 ) ) ;
#10952 = CARTESIAN_POINT ( 'NONE',  ( 0.000000000000000000, 7.500000000000000000, -10.49625977300446067 ) ) ;
#10953 = CARTESIAN_POINT ( 'NONE',  ( -61.00000000000000000, 10.49999999999999822, 8.000000000000000000 ) ) ;
#10954 = VECTOR ( 'NONE', #11504, 1000.000000000000114 ) ;
#10955 = ORIENTED_EDGE ( 'NONE', *, *, #6296, .T. ) ;
#10956 = EDGE_CURVE ( 'NONE', #8065, #3785, #5798, .T. ) ;
#10957 = CARTESIAN_POINT ( 'NONE',  ( -26.45000000000000284, 10.80000000000000071, -27.55000000000038796 ) ) ;
#10958 = DIRECTION ( 'NONE',  ( 0.9612616959383175619, -0.2756373558170040483, 0.000000000000000000 ) ) ;
#10959 = CARTESIAN_POINT ( 'NONE',  ( -20.65831223607736788, -3.969694544262557745, 4.214858240365220610 ) ) ;
#10960 = DIRECTION ( 'NONE',  ( 1.000000000000000000, 0.000000000000000000, 0.000000000000000000 ) ) ;
#10961 = AXIS2_PLACEMENT_3D ( 'NONE', #6721, #4612, #3814 ) ;
#10962 = ORIENTED_EDGE ( 'NONE', *, *, #4275, .T. ) ;
#10963 = ORIENTED_EDGE ( 'NONE', *, *, #2613, .F. ) ;
#10964 = VERTEX_POINT ( 'NONE', #11709 ) ;
#10965 = LINE ( 'NONE', #2665, #1664 ) ;
#10966 = DIRECTION ( 'NONE',  ( 0.000000000000000000, -0.2756373558170042704, 0.9612616959383174509 ) ) ;
#10967 = ORIENTED_EDGE ( 'NONE', *, *, #189, .F. ) ;
#10968 = LINE ( 'NONE', #3511, #5955 ) ;
#10969 = ORIENTED_EDGE ( 'NONE', *, *, #8831, .F. ) ;
#10971 = VERTEX_POINT ( 'NONE', #3225 ) ;
#10970 = ADVANCED_FACE ( 'NONE', ( #11524 ), #11585, .F. ) ;
#10972 = AXIS2_PLACEMENT_3D ( 'NONE', #8042, #3439, #11853 ) ;
#10973 = ORIENTED_EDGE ( 'NONE', *, *, #4417, .F. ) ;
#10974 = VERTEX_POINT ( 'NONE', #6016 ) ;
#10975 = DIRECTION ( 'NONE',  ( 0.000000000000000000, 0.9612616959383174509, -0.2756373558170042704 ) ) ;
#10976 = FACE_OUTER_BOUND ( 'NONE', #5838, .T. ) ;
#10977 = EDGE_CURVE ( 'NONE', #358, #11676, #9490, .T. ) ;
#10978 = VECTOR ( 'NONE', #8809, 1000.000000000000114 ) ;
#10979 = VECTOR ( 'NONE', #7097, 1000.000000000000000 ) ;
#10980 = VERTEX_POINT ( 'NONE', #6202 ) ;
#10981 = DIRECTION ( 'NONE',  ( 0.9612616959383181170, -0.2756373558170021609, 0.000000000000000000 ) ) ;
#10982 = PRESENTATION_STYLE_ASSIGNMENT (( #5902 ) ) ;
#10983 = ORIENTED_EDGE ( 'NONE', *, *, #10282, .F. ) ;
#10984 = CARTESIAN_POINT ( 'NONE',  ( 26.45000000000000284, 7.500000000000007105, -35.44999999999999574 ) ) ;
#10985 = CARTESIAN_POINT ( 'NONE',  ( -62.00000000000000000, 7.500000000000000000, -41.00000000000000000 ) ) ;
#10986 = VERTEX_POINT ( 'NONE', #5285 ) ;
#10987 = ORIENTED_EDGE ( 'NONE', *, *, #2016, .F. ) ;
#10988 = DIRECTION ( 'NONE',  ( -0.2386847610229713423, 0.8323926831162092865, 0.5001519828512179799 ) ) ;
#10989 = CARTESIAN_POINT ( 'NONE',  ( -1.190566005527361026, 8.566080860090400151, -19.19056600552774583 ) ) ;
#10990 = EDGE_CURVE ( 'NONE', #8801, #412, #4890, .T. ) ;
#10991 = DIRECTION ( 'NONE',  ( 1.000000000000000000, 0.000000000000000000, 0.000000000000000000 ) ) ;
#10992 = VECTOR ( 'NONE', #4708, 1000.000000000000000 ) ;
#10993 = CARTESIAN_POINT ( 'NONE',  ( 40.07937528197223997, 29.75245638442227047, 22.11547058297133717 ) ) ;
#10994 = CARTESIAN_POINT ( 'NONE',  ( 43.50374022699593723, 7.500000000000000000, 0.000000000000000000 ) ) ;
#10995 = PLANE ( 'NONE',  #2966 ) ;
#10996 = PLANE ( 'NONE',  #8977 ) ;
#10997 = ORIENTED_EDGE ( 'NONE', *, *, #5314, .T. ) ;
#10998 = DIRECTION ( 'NONE',  ( 1.000000000000000000, 0.000000000000000000, 0.000000000000000000 ) ) ;
#10999 = ORIENTED_EDGE ( 'NONE', *, *, #5985, .T. ) ;
#11000 = DIRECTION ( 'NONE',  ( -0.8571673007021120005, 0.5150380749100545996, 0.000000000000000000 ) ) ;
#11001 = LINE ( 'NONE', #3487, #5039 ) ;
#11002 = ORIENTED_EDGE ( 'NONE', *, *, #9307, .F. ) ;
#11003 = ADVANCED_FACE ( 'NONE', ( #9703 ), #5225, .F. ) ;
#11004 = DIRECTION ( 'NONE',  ( 0.5001519828512179799, -0.8323926831162092865, -0.2386847610229713423 ) ) ;
#11005 = DIRECTION ( 'NONE',  ( 0.2756373558170042704, -0.9612616959383174509, 0.000000000000000000 ) ) ;
#11006 = EDGE_CURVE ( 'NONE', #6569, #11315, #10401, .T. ) ;
#11007 = VECTOR ( 'NONE', #2214, 1000.000000000000000 ) ;
#11008 = DIRECTION ( 'NONE',  ( 0.000000000000000000, -0.2756373558170040483, 0.9612616959383175619 ) ) ;
#11009 = ORIENTED_EDGE ( 'NONE', *, *, #8778, .T. ) ;
#11010 = EDGE_CURVE ( 'NONE', #10664, #412, #9886, .T. ) ;
#11011 = DIRECTION ( 'NONE',  ( 0.8741572761215374854, 0.4856429311786325531, -0.000000000000000000 ) ) ;
#11012 = VERTEX_POINT ( 'NONE', #610 ) ;
#11013 = LINE ( 'NONE', #7985, #11021 ) ;
#11014 = DIRECTION ( 'NONE',  ( 1.000000000000000000, -3.018354541273066194E-16, 8.654992372942126676E-17 ) ) ;
#11015 = ORIENTED_EDGE ( 'NONE', *, *, #9130, .F. ) ;
#11016 = LINE ( 'NONE', #8295, #8780 ) ;
#11017 = CARTESIAN_POINT ( 'NONE',  ( -37.19056600552746517, 8.566080860089993365, -34.80943399447291142 ) ) ;
#11018 = CARTESIAN_POINT ( 'NONE',  ( 24.97389213354964355, 5.652200105873887992, 6.973892133549262518 ) ) ;
#11019 = EDGE_CURVE ( 'NONE', #3281, #5284, #10743, .T. ) ;
#11020 = PLANE ( 'NONE',  #3433 ) ;
#11021 = VECTOR ( 'NONE', #11855, 1000.000000000000000 ) ;
#11022 = ORIENTED_EDGE ( 'NONE', *, *, #3554, .T. ) ;
#11023 = EDGE_CURVE ( 'NONE', #8764, #11201, #431, .T. ) ;
#11024 = EDGE_CURVE ( 'NONE', #11916, #5012, #4134, .T. ) ;
#11025 = ORIENTED_EDGE ( 'NONE', *, *, #7258, .F. ) ;
#11026 = ORIENTED_EDGE ( 'NONE', *, *, #4312, .T. ) ;
#11027 = LINE ( 'NONE', #4299, #1872 ) ;
#11028 = CARTESIAN_POINT ( 'NONE',  ( -27.54999999999999361, 10.80000000000000071, -18.55000000000037730 ) ) ;
#11029 = VERTEX_POINT ( 'NONE', #3282 ) ;
#11030 = EDGE_CURVE ( 'NONE', #3586, #9850, #1771, .T. ) ;
#11031 = CARTESIAN_POINT ( 'NONE',  ( 0.5499999999999949374, 10.80000000000000071, 18.54999999999960991 ) ) ;
#11032 = ORIENTED_EDGE ( 'NONE', *, *, #11249, .T. ) ;
#11033 = ORIENTED_EDGE ( 'NONE', *, *, #8752, .F. ) ;
#11034 = VECTOR ( 'NONE', #11468, 1000.000000000000000 ) ;
#11035 = VERTEX_POINT ( 'NONE', #5536 ) ;
#11036 = VERTEX_POINT ( 'NONE', #1710 ) ;
#11037 = DIRECTION ( 'NONE',  ( 0.000000000000000000, 0.000000000000000000, -1.000000000000000000 ) ) ;
#11038 = CARTESIAN_POINT ( 'NONE',  ( -10.49625977300406454, 7.500000000000000000, 33.62500000000000000 ) ) ;
#11039 = EDGE_CURVE ( 'NONE', #2553, #10921, #9233, .T. ) ;
#11040 = ADVANCED_FACE ( 'NONE', ( #5408 ), #8135, .F. ) ;
#11041 = ORIENTED_EDGE ( 'NONE', *, *, #1265, .T. ) ;
#11042 = CARTESIAN_POINT ( 'NONE',  ( -20.65831223607736078, -3.969694544262571956, 13.21485824036524193 ) ) ;
#11043 = FACE_OUTER_BOUND ( 'NONE', #5339, .T. ) ;
#11044 = ORIENTED_EDGE ( 'NONE', *, *, #8881, .T. ) ;
#11045 = CARTESIAN_POINT ( 'NONE',  ( 52.50374022699593013, 7.500000000000000000, 0.000000000000000000 ) ) ;
#11046 = LINE ( 'NONE', #7530, #1612 ) ;
#11047 = ORIENTED_EDGE ( 'NONE', *, *, #5978, .T. ) ;
#11048 = EDGE_LOOP ( 'NONE', ( #9064, #1891, #7597, #8687 ) ) ;
#11049 = DIRECTION ( 'NONE',  ( 0.000000000000000000, 0.000000000000000000, -1.000000000000000000 ) ) ;
#11050 = DIRECTION ( 'NONE',  ( 0.5001519828512179799, 0.8323926831162092865, 0.2386847610229713423 ) ) ;
#11051 = LINE ( 'NONE', #876, #4691 ) ;
#11052 = DIRECTION ( 'NONE',  ( 0.000000000000000000, -0.000000000000000000, -1.000000000000000000 ) ) ;
#11053 = DIRECTION ( 'NONE',  ( 0.2657276780299913099, 0.9267025424900799946, 0.2657276780299913099 ) ) ;
#11054 = VERTEX_POINT ( 'NONE', #2618 ) ;
#11055 = ADVANCED_FACE ( 'NONE', ( #927 ), #7166, .T. ) ;
#11056 = CARTESIAN_POINT ( 'NONE',  ( 61.43449314192414334, 9.099999999999983658, -33.36342533005872468 ) ) ;
#11057 = ORIENTED_EDGE ( 'NONE', *, *, #5739, .F. ) ;
#11058 = CARTESIAN_POINT ( 'NONE',  ( -0.7551062867686216817, 10.08470937300049464, 9.755106286768237212 ) ) ;
#11059 = FACE_OUTER_BOUND ( 'NONE', #491, .T. ) ;
#11060 = VERTEX_POINT ( 'NONE', #4626 ) ;
#11061 = VECTOR ( 'NONE', #3070, 1000.000000000000114 ) ;
#11062 = DIRECTION ( 'NONE',  ( 0.1378445374916336952, -0.9808148484639876985, 0.1378445374916336952 ) ) ;
#11063 = VECTOR ( 'NONE', #4448, 1000.000000000000227 ) ;
#11064 = EDGE_CURVE ( 'NONE', #7601, #8232, #6323, .T. ) ;
#11065 = LINE ( 'NONE', #11310, #4404 ) ;
#11066 = VECTOR ( 'NONE', #9297, 1000.000000000000000 ) ;
#11067 = CARTESIAN_POINT ( 'NONE',  ( -53.44999999999999574, 10.80000000000000071, -18.55000000000037730 ) ) ;
#11068 = AXIS2_PLACEMENT_3D ( 'NONE', #11832, #4388, #3356 ) ;
#11069 = VERTEX_POINT ( 'NONE', #6262 ) ;
#11070 = DIRECTION ( 'NONE',  ( 0.5001519828512179799, 0.8323926831162092865, 0.2386847610229711203 ) ) ;
#11071 = VERTEX_POINT ( 'NONE', #2681 ) ;
#11072 =( LENGTH_UNIT ( ) NAMED_UNIT ( * ) SI_UNIT ( .MILLI., .METRE. ) );
#11073 = CARTESIAN_POINT ( 'NONE',  ( -29.37500000000000000, 10.80000000000000426, 33.62500000000000000 ) ) ;
#11074 = ORIENTED_EDGE ( 'NONE', *, *, #6717, .T. ) ;
#11075 = CARTESIAN_POINT ( 'NONE',  ( -19.19056600552747938, 8.566080860089963167, -34.80943399447290432 ) ) ;
#11076 = DIRECTION ( 'NONE',  ( 1.000000000000000000, 0.000000000000000000, 0.000000000000000000 ) ) ;
#11077 = VECTOR ( 'NONE', #3277, 1000.000000000000227 ) ;
#11078 = CARTESIAN_POINT ( 'NONE',  ( 12.93261023597310277, -0.9965637948165171345, -32.06738976402728980 ) ) ;
#11079 = DIRECTION ( 'NONE',  ( 0.000000000000000000, 0.000000000000000000, 1.000000000000000000 ) ) ;
#11080 = EDGE_CURVE ( 'NONE', #2090, #11012, #736, .T. ) ;
#11081 = VECTOR ( 'NONE', #1869, 1000.000000000000114 ) ;
#11082 = AXIS2_PLACEMENT_3D ( 'NONE', #4246, #7710, #3273 ) ;
#11084 = VERTEX_POINT ( 'NONE', #6386 ) ;
#11083 = ADVANCED_FACE ( 'NONE', ( #11826 ), #9951, .F. ) ;
#11085 = ORIENTED_EDGE ( 'NONE', *, *, #8875, .F. ) ;
#11086 = VERTEX_POINT ( 'NONE', #11889 ) ;
#11087 = LINE ( 'NONE', #2049, #3800 ) ;
#11088 = CARTESIAN_POINT ( 'NONE',  ( -11.73571359999212405, 22.25864506693675438, -26.58211138907232041 ) ) ;
#11089 = VERTEX_POINT ( 'NONE', #8264 ) ;
#11090 = VECTOR ( 'NONE', #7924, 1000.000000000000114 ) ;
#11091 = LINE ( 'NONE', #11812, #3047 ) ;
#11092 = AXIS2_PLACEMENT_3D ( 'NONE', #6981, #6866, #9767 ) ;
#11093 = ORIENTED_EDGE ( 'NONE', *, *, #113, .F. ) ;
#11094 = ORIENTED_EDGE ( 'NONE', *, *, #7096, .F. ) ;
#11095 = ORIENTED_EDGE ( 'NONE', *, *, #5360, .F. ) ;
#11096 = DIRECTION ( 'NONE',  ( -0.000000000000000000, -0.000000000000000000, 1.000000000000000000 ) ) ;
#11097 = ADVANCED_FACE ( 'NONE', ( #5 ), #4444, .F. ) ;
#11098 = PLANE ( 'NONE',  #10558 ) ;
#11099 = ADVANCED_FACE ( 'NONE', ( #9108 ), #795, .F. ) ;
#11100 = VECTOR ( 'NONE', #6279, 1000.000000000000114 ) ;
#11101 = AXIS2_PLACEMENT_3D ( 'NONE', #1298, #11420, #384 ) ;
#11102 = ORIENTED_EDGE ( 'NONE', *, *, #6296, .F. ) ;
#11103 = CARTESIAN_POINT ( 'NONE',  ( 2.375000000000005773, 10.53731005528969078, -33.62500000000000000 ) ) ;
#11104 = CARTESIAN_POINT ( 'NONE',  ( 25.80943399447264142, 8.566080860090407256, 0.000000000000000000 ) ) ;
#11105 = EDGE_LOOP ( 'NONE', ( #4616, #3527, #8887, #4034 ) ) ;
#11106 = DIRECTION ( 'NONE',  ( -0.5001519828512179799, -0.8323926831162092865, 0.2386847610229711203 ) ) ;
#11107 = CARTESIAN_POINT ( 'NONE',  ( 24.62500000000000000, 10.80000000000000426, 27.54999999999960991 ) ) ;
#11108 = EDGE_LOOP ( 'NONE', ( #11431, #8862, #10914, #3028 ) ) ;
#11109 = ORIENTED_EDGE ( 'NONE', *, *, #170, .F. ) ;
#11110 = DIRECTION ( 'NONE',  ( -1.000000000000000000, -0.000000000000000000, -0.000000000000000000 ) ) ;
#11111 = VECTOR ( 'NONE', #432, 1000.000000000000000 ) ;
#11112 = EDGE_CURVE ( 'NONE', #8782, #975, #7225, .T. ) ;
#11113 = DIRECTION ( 'NONE',  ( 0.000000000000000000, 0.000000000000000000, 1.000000000000000000 ) ) ;
#11114 = PRESENTATION_LAYER_ASSIGNMENT (  '', '', ( #4337 ) ) ;
#11115 = LINE ( 'NONE', #7537, #1191 ) ;
#11116 = VERTEX_POINT ( 'NONE', #10074 ) ;
#11117 = AXIS2_PLACEMENT_3D ( 'NONE', #6889, #2396, #10579 ) ;
#11118 = LINE ( 'NONE', #7303, #5862 ) ;
#11119 = LINE ( 'NONE', #937, #2201 ) ;
#11120 = VERTEX_POINT ( 'NONE', #864 ) ;
#11121 = VECTOR ( 'NONE', #5521, 1000.000000000000000 ) ;
#11122 = LINE ( 'NONE', #5733, #441 ) ;
#11123 = VERTEX_POINT ( 'NONE', #6450 ) ;
#11124 = PLANE ( 'NONE',  #10925 ) ;
#11125 = DIRECTION ( 'NONE',  ( 0.9612616959383174509, -0.2756373558170042704, 0.000000000000000000 ) ) ;
#11126 = ORIENTED_EDGE ( 'NONE', *, *, #9612, .T. ) ;
#11127 = CARTESIAN_POINT ( 'NONE',  ( 0.000000000000000000, 7.500000000000000000, -19.49625977300445356 ) ) ;
#11128 = EDGE_CURVE ( 'NONE', #8435, #3408, #7291, .T. ) ;
#11129 = CARTESIAN_POINT ( 'NONE',  ( -28.19056600552735148, 8.566080860090389493, 0.000000000000000000 ) ) ;
#11130 = LINE ( 'NONE', #10397, #7235 ) ;
#11131 = ORIENTED_EDGE ( 'NONE', *, *, #11579, .F. ) ;
#11132 = EDGE_CURVE ( 'NONE', #6497, #4609, #4565, .T. ) ;
#11133 = DIRECTION ( 'NONE',  ( 0.000000000000000000, 0.000000000000000000, -1.000000000000000000 ) ) ;
#11134 = VERTEX_POINT ( 'NONE', #2805 ) ;
#11135 = CARTESIAN_POINT ( 'NONE',  ( 9.550000000000002487, 10.80000000000000071, 35.44999999999961204 ) ) ;
#11136 = CARTESIAN_POINT ( 'NONE',  ( 51.62500000000000000, 10.80000000000000426, -18.55000000000037730 ) ) ;
#11137 = ORIENTED_EDGE ( 'NONE', *, *, #2027, .T. ) ;
#11138 = DIRECTION ( 'NONE',  ( 0.000000000000000000, 0.000000000000000000, 1.000000000000000000 ) ) ;
#11139 = CARTESIAN_POINT ( 'NONE',  ( 0.5499999999999949374, 10.80000000000000071, -26.45000000000038298 ) ) ;
#11140 = ADVANCED_FACE ( 'NONE', ( #6510 ), #5597, .F. ) ;
#11141 = CARTESIAN_POINT ( 'NONE',  ( -28.19056600552735148, 8.566080860090394822, 0.000000000000000000 ) ) ;
#11142 = LINE ( 'NONE', #9319, #1693 ) ;
#11143 = EDGE_LOOP ( 'NONE', ( #3405, #716, #2921, #1561 ) ) ;
#11144 = LINE ( 'NONE', #2841, #9909 ) ;
#11145 = ORIENTED_EDGE ( 'NONE', *, *, #2459, .F. ) ;
#11146 = ORIENTED_EDGE ( 'NONE', *, *, #6208, .T. ) ;
#11147 = VECTOR ( 'NONE', #2546, 1000.000000000000000 ) ;
#11148 = CARTESIAN_POINT ( 'NONE',  ( -1.190566005527356142, 8.566080860090391269, 0.000000000000000000 ) ) ;
#11149 = CARTESIAN_POINT ( 'NONE',  ( 0.5499999999999949374, 10.80000000000000071, 8.449999999999617373 ) ) ;
#11150 = ORIENTED_EDGE ( 'NONE', *, *, #2691, .T. ) ;
#11151 = LINE ( 'NONE', #1991, #8475 ) ;
#11152 = LINE ( 'NONE', #11330, #7232 ) ;
#11153 = ORIENTED_EDGE ( 'NONE', *, *, #11799, .F. ) ;
#11154 = VERTEX_POINT ( 'NONE', #10372 ) ;
#11155 = LINE ( 'NONE', #5588, #3127 ) ;
#11156 = EDGE_CURVE ( 'NONE', #3679, #10200, #8379, .T. ) ;
#11157 = DIRECTION ( 'NONE',  ( 0.9612616959383175619, -0.2756373558170040483, 0.000000000000000000 ) ) ;
#11158 = VECTOR ( 'NONE', #11050, 1000.000000000000114 ) ;
#11159 = EDGE_CURVE ( 'NONE', #3850, #6302, #3890, .T. ) ;
#11160 = ORIENTED_EDGE ( 'NONE', *, *, #2272, .T. ) ;
#11161 = LINE ( 'NONE', #3035, #10197 ) ;
#11162 = CARTESIAN_POINT ( 'NONE',  ( 61.43449314192414334, 9.099999999999983658, 33.36342533005872468 ) ) ;
#11163 = EDGE_LOOP ( 'NONE', ( #1985, #10999, #7381, #2820 ) ) ;
#11164 = VECTOR ( 'NONE', #1269, 1000.000000000000114 ) ;
#11165 = DIRECTION ( 'NONE',  ( 0.2657276780299913099, -0.9267025424900799946, 0.2657276780299913099 ) ) ;
#11166 = FACE_OUTER_BOUND ( 'NONE', #581, .T. ) ;
#11167 = ORIENTED_EDGE ( 'NONE', *, *, #6144, .T. ) ;
#11168 = ORIENTED_EDGE ( 'NONE', *, *, #6748, .F. ) ;
#11169 = CARTESIAN_POINT ( 'NONE',  ( 0.000000000000000000, 7.500000000000000000, 34.50374022699554644 ) ) ;
#11170 = DIRECTION ( 'NONE',  ( 0.000000000000000000, 0.000000000000000000, -1.000000000000000000 ) ) ;
#11171 = AXIS2_PLACEMENT_3D ( 'NONE', #11443, #8779, #7993 ) ;
#11172 = VECTOR ( 'NONE', #9771, 1000.000000000000000 ) ;
#11173 = EDGE_CURVE ( 'NONE', #2011, #10679, #7584, .T. ) ;
#11174 = DIRECTION ( 'NONE',  ( -0.7071067811865452413, -0.000000000000000000, 0.7071067811865497932 ) ) ;
#11175 = ORIENTED_EDGE ( 'NONE', *, *, #9901, .T. ) ;
#11176 = LINE ( 'NONE', #8799, #5279 ) ;
#11177 = DIRECTION ( 'NONE',  ( 0.5001519828512179799, -0.8323926831162092865, -0.2386847610229711203 ) ) ;
#11178 = ORIENTED_EDGE ( 'NONE', *, *, #4212, .F. ) ;
#11179 = EDGE_CURVE ( 'NONE', #3242, #10620, #9522, .T. ) ;
#11180 = CARTESIAN_POINT ( 'NONE',  ( 26.45000000000000284, -11.50000000000000000, 35.45000000000000995 ) ) ;
#11181 = VECTOR ( 'NONE', #3490, 1000.000000000000114 ) ;
#11182 = VECTOR ( 'NONE', #8844, 1000.000000000000114 ) ;
#11183 = ADVANCED_FACE ( 'NONE', ( #5775 ), #6741, .T. ) ;
#11184 = VERTEX_POINT ( 'NONE', #10251 ) ;
#11185 = CARTESIAN_POINT ( 'NONE',  ( -10.49625977300406454, 7.500000000000000000, 0.000000000000000000 ) ) ;
#11186 = LINE ( 'NONE', #10390, #12 ) ;
#11187 = VERTEX_POINT ( 'NONE', #7529 ) ;
#11188 = EDGE_CURVE ( 'NONE', #11506, #11012, #2184, .T. ) ;
#11189 = CARTESIAN_POINT ( 'NONE',  ( 19.49625977300406632, 7.500000000000000000, -33.62500000000000000 ) ) ;
#11190 = CARTESIAN_POINT ( 'NONE',  ( -26.45000000000000284, 10.80000000000000071, -8.450000000000388312 ) ) ;
#11191 = EDGE_CURVE ( 'NONE', #8679, #8640, #1155, .T. ) ;
#11192 = PLANE ( 'NONE',  #2778 ) ;
#11193 = CARTESIAN_POINT ( 'NONE',  ( -2.375000000000005773, 7.500000000000000000, 1.496259773003681737 ) ) ;
#11194 = ORIENTED_EDGE ( 'NONE', *, *, #9165, .T. ) ;
#11195 = CARTESIAN_POINT ( 'NONE',  ( -29.37500000000000000, 7.500000000000000000, -16.50374022699631382 ) ) ;
#11196 = CARTESIAN_POINT ( 'NONE',  ( -53.44999999999999574, 10.80000000000000071, -9.550000000000384404 ) ) ;
#11197 = ORIENTED_EDGE ( 'NONE', *, *, #1757, .F. ) ;
#11198 = CARTESIAN_POINT ( 'NONE',  ( 24.62500000000000000, 10.53731005528969256, -33.62500000000000000 ) ) ;
#11199 = LINE ( 'NONE', #899, #11254 ) ;
#11200 = CARTESIAN_POINT ( 'NONE',  ( -6.264286400007872402, 22.25864506693675438, -26.58211138907232396 ) ) ;
#11201 = VERTEX_POINT ( 'NONE', #8621 ) ;
#11202 = CARTESIAN_POINT ( 'NONE',  ( 51.62500000000000000, 10.53731005528969256, -33.62500000000000000 ) ) ;
#11203 = EDGE_LOOP ( 'NONE', ( #3903, #9646, #8774, #5399 ) ) ;
#11204 = VERTEX_POINT ( 'NONE', #2009 ) ;
#11205 = FACE_OUTER_BOUND ( 'NONE', #2730, .T. ) ;
#11206 = CARTESIAN_POINT ( 'NONE',  ( 28.19056600552735858, 8.566080860090405480, -10.19056600552774938 ) ) ;
#11207 = ORIENTED_EDGE ( 'NONE', *, *, #9250, .T. ) ;
#11208 = EDGE_CURVE ( 'NONE', #10611, #7409, #307, .T. ) ;
#11209 = DIRECTION ( 'NONE',  ( -1.000000000000000000, 0.000000000000000000, 0.000000000000000000 ) ) ;
#11210 = CARTESIAN_POINT ( 'NONE',  ( -51.62500000000000000, 10.80000000000000071, 0.000000000000000000 ) ) ;
#11211 = ORIENTED_EDGE ( 'NONE', *, *, #10157, .F. ) ;
#11212 = DIRECTION ( 'NONE',  ( -1.000000000000000000, 0.000000000000000000, 0.000000000000000000 ) ) ;
#11213 = VERTEX_POINT ( 'NONE', #10485 ) ;
#11214 = PLANE ( 'NONE',  #5663 ) ;
#11215 = VECTOR ( 'NONE', #1368, 1000.000000000000114 ) ;
#11216 = DIRECTION ( 'NONE',  ( 0.000000000000000000, 0.8571673007021120005, 0.5150380749100545996 ) ) ;
#11217 = DIRECTION ( 'NONE',  ( -1.000000000000000000, 0.000000000000000000, 0.000000000000000000 ) ) ;
#11218 = ORIENTED_EDGE ( 'NONE', *, *, #5544, .F. ) ;
#11219 = DIRECTION ( 'NONE',  ( -0.000000000000000000, 0.9612616959383174509, 0.2756373558170042704 ) ) ;
#11220 = PLANE ( 'NONE',  #657 ) ;
#11221 = ADVANCED_FACE ( 'NONE', ( #5653 ), #5720, .F. ) ;
#11222 = VECTOR ( 'NONE', #4867, 1000.000000000000000 ) ;
#11223 = VERTEX_POINT ( 'NONE', #5826 ) ;
#11224 = DIRECTION ( 'NONE',  ( -0.000000000000000000, -0.000000000000000000, 1.000000000000000000 ) ) ;
#11225 = DIRECTION ( 'NONE',  ( -0.000000000000000000, -0.000000000000000000, 1.000000000000000000 ) ) ;
#11226 = VERTEX_POINT ( 'NONE', #3773 ) ;
#11227 = ORIENTED_EDGE ( 'NONE', *, *, #10649, .T. ) ;
#11228 = EDGE_CURVE ( 'NONE', #8235, #688, #1216, .T. ) ;
#11229 = CARTESIAN_POINT ( 'NONE',  ( -17.44999999999999929, 10.80000000000000071, 35.44999999999961204 ) ) ;
#11230 = FACE_OUTER_BOUND ( 'NONE', #7918, .T. ) ;
#11231 = EDGE_CURVE ( 'NONE', #366, #8451, #2981, .T. ) ;
#11232 = VECTOR ( 'NONE', #3133, 1000.000000000000000 ) ;
#11233 = DIRECTION ( 'NONE',  ( -0.2657276780299911434, 0.9267025424900801056, 0.2657276780299911434 ) ) ;
#11234 = ORIENTED_EDGE ( 'NONE', *, *, #8111, .T. ) ;
#11235 = EDGE_CURVE ( 'NONE', #4023, #7003, #9409, .T. ) ;
#11236 = DIRECTION ( 'NONE',  ( -0.000000000000000000, -0.2756373558170023830, -0.9612616959383180060 ) ) ;
#11237 = LINE ( 'NONE', #2929, #650 ) ;
#11238 = ORIENTED_EDGE ( 'NONE', *, *, #8206, .F. ) ;
#11239 = DIRECTION ( 'NONE',  ( 0.000000000000000000, 0.000000000000000000, -1.000000000000000000 ) ) ;
#11240 = ADVANCED_FACE ( 'NONE', ( #4749 ), #4010, .F. ) ;
#11241 = ORIENTED_EDGE ( 'NONE', *, *, #4736, .F. ) ;
#11242 = CARTESIAN_POINT ( 'NONE',  ( -27.11960549692766875, 12.30096400656410083, -18.11960549692805245 ) ) ;
#11243 = DIRECTION ( 'NONE',  ( 0.2386847610229713423, 0.8323926831162092865, 0.5001519828512179799 ) ) ;
#11244 = ORIENTED_EDGE ( 'NONE', *, *, #4645, .F. ) ;
#11245 = ADVANCED_FACE ( 'NONE', ( #4807 ), #6684, .F. ) ;
#11246 = AXIS2_PLACEMENT_3D ( 'NONE', #6342, #7129, #7311 ) ;
#11247 = EDGE_CURVE ( 'NONE', #2970, #5072, #3093, .T. ) ;
#11248 = LINE ( 'NONE', #945, #4884 ) ;
#11249 = EDGE_CURVE ( 'NONE', #3310, #5960, #979, .T. ) ;
#11250 = CARTESIAN_POINT ( 'NONE',  ( -28.19056600552735148, 8.566080860090396598, -34.80943399447266984 ) ) ;
#11251 = DIRECTION ( 'NONE',  ( 0.2756373558170042704, -0.9612616959383174509, 0.000000000000000000 ) ) ;
#11252 = CARTESIAN_POINT ( 'NONE',  ( -26.45000000000000284, 10.80000000000000071, -9.550000000000384404 ) ) ;
#11253 = ORIENTED_EDGE ( 'NONE', *, *, #9397, .F. ) ;
#11254 = VECTOR ( 'NONE', #5512, 1000.000000000000114 ) ;
#11255 = CARTESIAN_POINT ( 'NONE',  ( 60.72738636073759011, 10.49999999999999822, -32.65631854887216434 ) ) ;
#11256 = DIRECTION ( 'NONE',  ( -0.000000000000000000, -0.2756373558170042704, -0.9612616959383174509 ) ) ;
#11257 = ORIENTED_EDGE ( 'NONE', *, *, #6985, .F. ) ;
#11258 = CARTESIAN_POINT ( 'NONE',  ( -2.375000000000006217, 10.53731005528968723, -17.37467487046947667 ) ) ;
#11259 = EDGE_CURVE ( 'NONE', #11995, #106, #3267, .T. ) ;
#11260 = LINE ( 'NONE', #101, #9692 ) ;
#11261 = VECTOR ( 'NONE', #7492, 1000.000000000000114 ) ;
#11262 = ORIENTED_EDGE ( 'NONE', *, *, #10011, .T. ) ;
#11263 = DIRECTION ( 'NONE',  ( -0.000000000000000000, 0.000000000000000000, 1.000000000000000000 ) ) ;
#11264 = EDGE_LOOP ( 'NONE', ( #7841, #11262, #1879, #1648 ) ) ;
#11265 = ORIENTED_EDGE ( 'NONE', *, *, #1509, .F. ) ;
#11266 = CARTESIAN_POINT ( 'NONE',  ( -27.55000000000000426, 7.500000000000007105, -35.45000000000002416 ) ) ;
#11267 = DIRECTION ( 'NONE',  ( -1.000000000000000000, 0.000000000000000000, 0.000000000000000000 ) ) ;
#11268 = ORIENTED_EDGE ( 'NONE', *, *, #2437, .F. ) ;
#11269 = FACE_OUTER_BOUND ( 'NONE', #903, .T. ) ;
#11270 = DIRECTION ( 'NONE',  ( -0.5001519828512179799, 0.8323926831162092865, 0.2386847610229713423 ) ) ;
#11271 = AXIS2_PLACEMENT_3D ( 'NONE', #11717, #5234, #8995 ) ;
#11272 = CARTESIAN_POINT ( 'NONE',  ( -2.375000000000005773, 10.80000000000000426, 33.62500000000000000 ) ) ;
#11273 = ORIENTED_EDGE ( 'NONE', *, *, #10068, .T. ) ;
#11274 = DIRECTION ( 'NONE',  ( 0.000000000000000000, 0.000000000000000000, -1.000000000000000000 ) ) ;
#11275 = CARTESIAN_POINT ( 'NONE',  ( 52.50374022699592302, 7.500000000000000000, 0.000000000000000000 ) ) ;
#11276 = AXIS2_PLACEMENT_3D ( 'NONE', #6440, #10189, #5529 ) ;
#11277 = PLANE ( 'NONE',  #10788 ) ;
#11278 = EDGE_CURVE ( 'NONE', #1845, #1312, #8728, .T. ) ;
#11279 = ORIENTED_EDGE ( 'NONE', *, *, #10466, .F. ) ;
#11280 = CARTESIAN_POINT ( 'NONE',  ( -25.80943399447264142, 8.566080860090419691, 16.80943399447226128 ) ) ;
#11281 = CARTESIAN_POINT ( 'NONE',  ( 0.000000000000000000, 7.500000000000000000, 7.503740226995549101 ) ) ;
#11282 = VECTOR ( 'NONE', #40, 1000.000000000000000 ) ;
#11283 = ORIENTED_EDGE ( 'NONE', *, *, #3348, .T. ) ;
#11284 = DIRECTION ( 'NONE',  ( -0.4578768884082909940, -0.7620351108204156398, 0.4578768884082907165 ) ) ;
#11285 = DIRECTION ( 'NONE',  ( 0.5001519828512179799, 0.8323926831162092865, 0.2386847610229713423 ) ) ;
#11286 = EDGE_CURVE ( 'NONE', #11825, #10327, #1272, .T. ) ;
#11287 = EDGE_LOOP ( 'NONE', ( #6141, #10794, #11241, #9562 ) ) ;
#11288 = ORIENTED_EDGE ( 'NONE', *, *, #3686, .F. ) ;
#11289 = EDGE_CURVE ( 'NONE', #2046, #8541, #6065, .T. ) ;
#11290 = DIRECTION ( 'NONE',  ( -1.000000000000000000, -0.000000000000000000, -0.000000000000000000 ) ) ;
#11291 = PLANE ( 'NONE',  #9603 ) ;
#11292 = VECTOR ( 'NONE', #4874, 1000.000000000000114 ) ;
#11293 = VECTOR ( 'NONE', #6214, 1000.000000000000000 ) ;
#11294 = CARTESIAN_POINT ( 'NONE',  ( -53.44999999999999574, 10.80000000000000071, 26.44999999999961204 ) ) ;
#11295 = ORIENTED_EDGE ( 'NONE', *, *, #8151, .F. ) ;
#11296 = DIRECTION ( 'NONE',  ( -1.000000000000000000, -0.000000000000000000, -0.000000000000000000 ) ) ;
#11297 = DIRECTION ( 'NONE',  ( 0.5001519828512179799, -0.8323926831162092865, 0.2386847610229713423 ) ) ;
#11298 = ORIENTED_EDGE ( 'NONE', *, *, #1849, .T. ) ;
#11299 = VECTOR ( 'NONE', #4257, 1000.000000000000114 ) ;
#11300 = DIRECTION ( 'NONE',  ( -0.000000000000000000, 0.9612616959383174509, 0.2756373558170042704 ) ) ;
#11301 = AXIS2_PLACEMENT_3D ( 'NONE', #8982, #1708, #3467 ) ;
#11302 = ORIENTED_EDGE ( 'NONE', *, *, #7965, .T. ) ;
#11303 = DIRECTION ( 'NONE',  ( 0.2657276780299911434, 0.9267025424900801056, 0.2657276780299911434 ) ) ;
#11304 = PLANE ( 'NONE',  #10458 ) ;
#11305 = ORIENTED_EDGE ( 'NONE', *, *, #21, .F. ) ;
#11306 = EDGE_CURVE ( 'NONE', #8640, #11089, #1386, .T. ) ;
#11307 = LINE ( 'NONE', #5850, #3911 ) ;
#11308 = AXIS2_PLACEMENT_3D ( 'NONE', #11743, #10831, #5508 ) ;
#11309 = AXIS2_PLACEMENT_3D ( 'NONE', #11489, #5977, #7009 ) ;
#11310 = CARTESIAN_POINT ( 'NONE',  ( 24.62500000000000000, 7.500000000000000000, -10.49625977300446067 ) ) ;
#11311 = VECTOR ( 'NONE', #67, 1000.000000000000114 ) ;
#11312 = LINE ( 'NONE', #1919, #1408 ) ;
#11313 = EDGE_CURVE ( 'NONE', #9078, #11412, #6003, .T. ) ;
#11314 = CARTESIAN_POINT ( 'NONE',  ( -2.375000000000005773, 10.53731005528968545, -9.625325129531294266 ) ) ;
#11315 = VERTEX_POINT ( 'NONE', #4302 ) ;
#11316 = VECTOR ( 'NONE', #3907, 1000.000000000000000 ) ;
#11317 = LINE ( 'NONE', #1977, #6375 ) ;
#11318 = ORIENTED_EDGE ( 'NONE', *, *, #1799, .T. ) ;
#11319 = VECTOR ( 'NONE', #1197, 1000.000000000000114 ) ;
#11320 = CARTESIAN_POINT ( 'NONE',  ( 2.026107866450391537, 5.652200105873706804, -6.973892133549991712 ) ) ;
#11321 = CARTESIAN_POINT ( 'NONE',  ( 0.5499999999999949374, 10.80000000000000071, -17.45000000000039009 ) ) ;
#11322 = VERTEX_POINT ( 'NONE', #9637 ) ;
#11323 = FACE_OUTER_BOUND ( 'NONE', #2221, .T. ) ;
#11324 = VERTEX_POINT ( 'NONE', #6128 ) ;
#11325 = DIRECTION ( 'NONE',  ( -1.000000000000000000, -0.000000000000000000, -0.000000000000000000 ) ) ;
#11326 = LINE ( 'NONE', #4048, #10530 ) ;
#11327 = ORIENTED_EDGE ( 'NONE', *, *, #1170, .F. ) ;
#11328 = EDGE_CURVE ( 'NONE', #6711, #7412, #7759, .T. ) ;
#11329 = FACE_OUTER_BOUND ( 'NONE', #9491, .T. ) ;
#11330 = CARTESIAN_POINT ( 'NONE',  ( 19.83347944262236950, 18.51173940819399988, 25.33869430852556093 ) ) ;
#11331 = LINE ( 'NONE', #7520, #3926 ) ;
#11332 = EDGE_LOOP ( 'NONE', ( #2671, #10733, #8493, #6133 ) ) ;
#11333 = CARTESIAN_POINT ( 'NONE',  ( 60.02027957955104398, 9.499999999999980460, 31.94921176768562177 ) ) ;
#11334 = FACE_OUTER_BOUND ( 'NONE', #10115, .T. ) ;
#11335 = LINE ( 'NONE', #5769, #7694 ) ;
#11336 = VECTOR ( 'NONE', #11457, 1000.000000000000000 ) ;
#11337 = VERTEX_POINT ( 'NONE', #5211 ) ;
#11338 = EDGE_CURVE ( 'NONE', #5593, #3272, #7821, .T. ) ;
#11339 = CARTESIAN_POINT ( 'NONE',  ( 43.80943399447276931, 8.566080860090835358, 34.80943399447237852 ) ) ;
#11340 = CARTESIAN_POINT ( 'NONE',  ( -61.00000000000000000, 10.49999999999999822, 8.000000000000000000 ) ) ;
#11341 = VERTEX_POINT ( 'NONE', #11511 ) ;
#11342 = DIRECTION ( 'NONE',  ( 0.2657276780299913099, -0.9267025424900799946, 0.2657276780299913099 ) ) ;
#11343 = FACE_OUTER_BOUND ( 'NONE', #3692, .T. ) ;
#11344 = ORIENTED_EDGE ( 'NONE', *, *, #5695, .T. ) ;
#11345 = EDGE_LOOP ( 'NONE', ( #5905, #7100, #4751, #5190 ) ) ;
#11346 = CARTESIAN_POINT ( 'NONE',  ( 45.54999999999999005, 10.80000000000000426, 33.62500000000000000 ) ) ;
#11347 = VECTOR ( 'NONE', #6615, 1000.000000000000114 ) ;
#11348 = EDGE_CURVE ( 'NONE', #10184, #8102, #363, .T. ) ;
#11349 = DIRECTION ( 'NONE',  ( -0.000000000000000000, 0.000000000000000000, -1.000000000000000000 ) ) ;
#11351 = CARTESIAN_POINT ( 'NONE',  ( 24.62500000000000000, 10.53731005528969433, -26.37467487046947667 ) ) ;
#11350 = VECTOR ( 'NONE', #5333, 1000.000000000000114 ) ;
#11352 = EDGE_LOOP ( 'NONE', ( #11025, #249, #1128, #9581 ) ) ;
#11353 = LINE ( 'NONE', #9420, #7220 ) ;
#11354 = CARTESIAN_POINT ( 'NONE',  ( -51.62500000000000000, 10.53731005528969256, -33.62500000000000000 ) ) ;
#11355 = ORIENTED_EDGE ( 'NONE', *, *, #5726, .F. ) ;
#11356 = DIRECTION ( 'NONE',  ( -0.000000000000000000, -0.000000000000000000, 1.000000000000000000 ) ) ;
#11357 = EDGE_CURVE ( 'NONE', #6250, #6438, #8788, .T. ) ;
#11358 = VERTEX_POINT ( 'NONE', #10791 ) ;
#11359 = CARTESIAN_POINT ( 'NONE',  ( 57.89895923599141980, 9.099999999999983658, 36.89895923599146954 ) ) ;
#11360 = CARTESIAN_POINT ( 'NONE',  ( -0.1196054969276687807, 12.30096400656410083, -18.11960549692805245 ) ) ;
#11361 = EDGE_LOOP ( 'NONE', ( #1100, #9134, #1275, #11372 ) ) ;
#11362 = VECTOR ( 'NONE', #5131, 1000.000000000000000 ) ;
#11363 = CARTESIAN_POINT ( 'NONE',  ( 51.62500000000000000, 10.53731005528969256, -33.62500000000000000 ) ) ;
#11364 = DIRECTION ( 'NONE',  ( 1.000000000000000000, 0.000000000000000000, -0.000000000000000000 ) ) ;
#11365 = ADVANCED_FACE ( 'NONE', ( #4176 ), #3209, .F. ) ;
#11366 = FACE_OUTER_BOUND ( 'NONE', #3059, .T. ) ;
#11367 = AXIS2_PLACEMENT_3D ( 'NONE', #3808, #5630, #7386 ) ;
#11368 = VECTOR ( 'NONE', #8002, 1000.000000000000114 ) ;
#11369 = ORIENTED_EDGE ( 'NONE', *, *, #1687, .T. ) ;
#11370 = EDGE_CURVE ( 'NONE', #4012, #5593, #9815, .T. ) ;
#11371 = LINE ( 'NONE', #6884, #1684 ) ;
#11372 = ORIENTED_EDGE ( 'NONE', *, *, #5589, .T. ) ;
#11373 = PLANE ( 'NONE',  #3216 ) ;
#11374 = EDGE_CURVE ( 'NONE', #1845, #7702, #11450, .T. ) ;
#11375 = LINE ( 'NONE', #4039, #11061 ) ;
#11376 = EDGE_CURVE ( 'NONE', #3669, #7863, #2481, .T. ) ;
#11377 = CARTESIAN_POINT ( 'NONE',  ( 48.02003275609391864, 16.53698307386826016, -30.02003275609395416 ) ) ;
#11378 = VERTEX_POINT ( 'NONE', #4979 ) ;
#11379 = DIRECTION ( 'NONE',  ( -1.000000000000000000, 0.000000000000000000, 0.000000000000000000 ) ) ;
#11380 = ORIENTED_EDGE ( 'NONE', *, *, #8911, .T. ) ;
#11381 = CARTESIAN_POINT ( 'NONE',  ( 53.44999999999999574, 10.80000000000000071, -27.55000000000038796 ) ) ;
#11382 = LINE ( 'NONE', #5810, #1840 ) ;
#11383 = VERTEX_POINT ( 'NONE', #3150 ) ;
#11384 = DIRECTION ( 'NONE',  ( 0.000000000000000000, 0.000000000000000000, -1.000000000000000000 ) ) ;
#11385 = CARTESIAN_POINT ( 'NONE',  ( 25.60939292339055129, 7.868454739437289902, -1.390607076609836623 ) ) ;
#11386 = DIRECTION ( 'NONE',  ( 1.000000000000000000, 0.000000000000000000, 0.000000000000000000 ) ) ;
#11388 = EDGE_CURVE ( 'NONE', #6500, #10044, #1449, .T. ) ;
#11387 = ORIENTED_EDGE ( 'NONE', *, *, #9924, .F. ) ;
#11389 = PLANE ( 'NONE',  #9531 ) ;
#11390 = CARTESIAN_POINT ( 'NONE',  ( 2.375000000000006217, 10.53731005528968723, -26.37467487046947312 ) ) ;
#11391 = DIRECTION ( 'NONE',  ( 0.000000000000000000, 0.000000000000000000, -1.000000000000000000 ) ) ;
#11392 = ADVANCED_FACE ( 'NONE', ( #10544 ), #2355, .F. ) ;
#11393 = ADVANCED_FACE ( 'NONE', ( #4239 ), #7937, .T. ) ;
#11394 = EDGE_CURVE ( 'NONE', #6439, #7791, #3582, .T. ) ;
#11395 = EDGE_LOOP ( 'NONE', ( #551, #10179, #6445, #1115 ) ) ;
#11396 = DIRECTION ( 'NONE',  ( -0.2657276780299913099, -0.9267025424900799946, 0.2657276780299913099 ) ) ;
#11397 = CARTESIAN_POINT ( 'NONE',  ( -53.44999999999999574, 10.80000000000000071, -0.5500000000003835154 ) ) ;
#11398 = ORIENTED_EDGE ( 'NONE', *, *, #9205, .T. ) ;
#11399 = DIRECTION ( 'NONE',  ( -1.000000000000000000, 0.000000000000000000, 0.000000000000000000 ) ) ;
#11400 = DIRECTION ( 'NONE',  ( -0.5150380749100545996, 0.8571673007021120005, 0.000000000000000000 ) ) ;
#11401 = ORIENTED_EDGE ( 'NONE', *, *, #11006, .T. ) ;
#11402 = ORIENTED_EDGE ( 'NONE', *, *, #11010, .F. ) ;
#11403 = CARTESIAN_POINT ( 'NONE',  ( 27.54999999999999005, 10.80000000000000071, 26.44999999999961204 ) ) ;
#11404 = FACE_OUTER_BOUND ( 'NONE', #8755, .T. ) ;
#11405 = ADVANCED_FACE ( 'NONE', ( #4486 ), #2727, .T. ) ;
#11406 = CARTESIAN_POINT ( 'NONE',  ( 1.190566005527357918, 8.566080860090394822, 0.000000000000000000 ) ) ;
#11407 = ORIENTED_EDGE ( 'NONE', *, *, #2595, .F. ) ;
#11408 = PLANE ( 'NONE',  #9723 ) ;
#11409 = LINE ( 'NONE', #8740, #8218 ) ;
#11410 = ORIENTED_EDGE ( 'NONE', *, *, #6668, .T. ) ;
#11411 = DIRECTION ( 'NONE',  ( 0.2386847610229713701, 0.8323926831162093976, -0.5001519828512178689 ) ) ;
#11412 = VERTEX_POINT ( 'NONE', #7395 ) ;
#11413 = CARTESIAN_POINT ( 'NONE',  ( 2.375000000000005773, 7.500000000000000000, 28.49625977300367907 ) ) ;
#11414 = CARTESIAN_POINT ( 'NONE',  ( 29.37500000000000000, 10.80000000000000071, 0.000000000000000000 ) ) ;
#11415 = ORIENTED_EDGE ( 'NONE', *, *, #10720, .T. ) ;
#11416 = VECTOR ( 'NONE', #3895, 1000.000000000000114 ) ;
#11417 = CARTESIAN_POINT ( 'NONE',  ( 52.80943399447264142, 8.566080860090407256, 0.000000000000000000 ) ) ;
#11418 = LINE ( 'NONE', #10623, #4094 ) ;
#11419 = ADVANCED_FACE ( 'NONE', ( #10843 ), #780, .F. ) ;
#11420 = DIRECTION ( 'NONE',  ( 0.8571673007021120005, 0.5150380749100545996, 0.000000000000000000 ) ) ;
#11421 = VERTEX_POINT ( 'NONE', #11031 ) ;
#11422 = ORIENTED_EDGE ( 'NONE', *, *, #8612, .F. ) ;
#11423 = CARTESIAN_POINT ( 'NONE',  ( 24.62500000000000355, 7.500000000000000000, 25.50374022699554288 ) ) ;
#11424 = ORIENTED_EDGE ( 'NONE', *, *, #3098, .F. ) ;
#11425 = ADVANCED_FACE ( 'NONE', ( #7277 ), #2670, .F. ) ;
#11426 = FACE_BOUND ( 'NONE', #10639, .T. ) ;
#11427 = VECTOR ( 'NONE', #9543, 1000.000000000000000 ) ;
#11428 = FACE_OUTER_BOUND ( 'NONE', #9016, .T. ) ;
#11429 = ORIENTED_EDGE ( 'NONE', *, *, #6035, .T. ) ;
#11430 = DIRECTION ( 'NONE',  ( -1.000000000000000000, 0.000000000000000000, 0.000000000000000000 ) ) ;
#11431 = ORIENTED_EDGE ( 'NONE', *, *, #6942, .T. ) ;
#11432 = CARTESIAN_POINT ( 'NONE',  ( 29.37500000000000000, 7.500000000000000000, -16.50374022699631382 ) ) ;
#11433 = LINE ( 'NONE', #5926, #283 ) ;
#11434 = ORIENTED_EDGE ( 'NONE', *, *, #7473, .F. ) ;
#11435 = LINE ( 'NONE', #11498, #11215 ) ;
#11436 = DIRECTION ( 'NONE',  ( -0.000000000000000000, -0.000000000000000000, 1.000000000000000000 ) ) ;
#11437 = CARTESIAN_POINT ( 'NONE',  ( 8.449999999999999289, 10.80000000000000071, 35.44999999999961204 ) ) ;
#11438 = ORIENTED_EDGE ( 'NONE', *, *, #1156, .F. ) ;
#11439 = PLANE ( 'NONE',  #11846 ) ;
#11440 = DIRECTION ( 'NONE',  ( -1.000000000000000000, -0.000000000000000000, -0.000000000000000000 ) ) ;
#11441 = VECTOR ( 'NONE', #10575, 1000.000000000000000 ) ;
#11442 = EDGE_CURVE ( 'NONE', #9949, #9047, #10968, .T. ) ;
#11443 = CARTESIAN_POINT ( 'NONE',  ( 60.02027957955104398, 10.49999999999999822, -31.94921176768562177 ) ) ;
#11444 = EDGE_LOOP ( 'NONE', ( #1997, #4377, #2419, #6058 ) ) ;
#11445 = ORIENTED_EDGE ( 'NONE', *, *, #483, .F. ) ;
#11446 = VECTOR ( 'NONE', #1591, 1000.000000000000000 ) ;
#11447 = CARTESIAN_POINT ( 'NONE',  ( -60.00000000000000000, 7.500000000000000000, -8.000000000000000000 ) ) ;
#11448 = LINE ( 'NONE', #11397, #1626 ) ;
#11449 = ORIENTED_EDGE ( 'NONE', *, *, #8927, .F. ) ;
#11450 = LINE ( 'NONE', #9688, #11946 ) ;
#11451 = CARTESIAN_POINT ( 'NONE',  ( 54.96378475451788859, 7.500000000000000000, -36.96378475451828649 ) ) ;
#11452 = CARTESIAN_POINT ( 'NONE',  ( 0.000000000000000000, 7.500000000000000000, 19.49625977300367552 ) ) ;
#11453 = ORIENTED_EDGE ( 'NONE', *, *, #11672, .T. ) ;
#11454 = ORIENTED_EDGE ( 'NONE', *, *, #9401, .F. ) ;
#11455 = VECTOR ( 'NONE', #4107, 1000.000000000000000 ) ;
#11456 = CARTESIAN_POINT ( 'NONE',  ( -35.44999999999999574, 10.80000000000000071, -35.45000000000039364 ) ) ;
#11457 = DIRECTION ( 'NONE',  ( -0.000000000000000000, -0.000000000000000000, 1.000000000000000000 ) ) ;
#11458 = VECTOR ( 'NONE', #6891, 1000.000000000000114 ) ;
#11459 = VECTOR ( 'NONE', #11925, 1000.000000000000000 ) ;
#11460 = CARTESIAN_POINT ( 'NONE',  ( -29.37500000000000355, 7.500000000000000000, -28.49625977300445356 ) ) ;
#11461 = ORIENTED_EDGE ( 'NONE', *, *, #2576, .F. ) ;
#11462 = FACE_OUTER_BOUND ( 'NONE', #7994, .T. ) ;
#11463 = DIRECTION ( 'NONE',  ( -0.000000000000000000, -1.000000000000000000, -0.000000000000000000 ) ) ;
#11464 = VERTEX_POINT ( 'NONE', #6372 ) ;
#11465 = DIRECTION ( 'NONE',  ( -0.2756373558170042704, 0.9612616959383174509, 0.000000000000000000 ) ) ;
#11466 = EDGE_CURVE ( 'NONE', #11060, #1756, #7338, .T. ) ;
#11467 = ORIENTED_EDGE ( 'NONE', *, *, #5732, .F. ) ;
#11468 = DIRECTION ( 'NONE',  ( -0.000000000000000000, -0.000000000000000000, 1.000000000000000000 ) ) ;
#11469 = AXIS2_PLACEMENT_3D ( 'NONE', #11823, #733, #672 ) ;
#11470 = LINE ( 'NONE', #3173, #8912 ) ;
#11471 = ORIENTED_EDGE ( 'NONE', *, *, #421, .T. ) ;
#11472 = ADVANCED_FACE ( 'NONE', ( #5455 ), #9155, .T. ) ;
#11473 = CARTESIAN_POINT ( 'NONE',  ( -3.932610235973094781, -0.9965637948165171345, -32.06738976402728980 ) ) ;
#11474 = LINE ( 'NONE', #11595, #6236 ) ;
#11475 = VECTOR ( 'NONE', #796, 1000.000000000000114 ) ;
#11476 = CARTESIAN_POINT ( 'NONE',  ( 30.13361562617344092, -27.76612549695436627, 9.133615626173485325 ) ) ;
#11477 = CARTESIAN_POINT ( 'NONE',  ( -0.5499999999999949374, 10.80000000000000071, -26.45000000000038298 ) ) ;
#11478 = VECTOR ( 'NONE', #7460, 1000.000000000000000 ) ;
#11479 = VERTEX_POINT ( 'NONE', #11758 ) ;
#11480 = VECTOR ( 'NONE', #6879, 1000.000000000000114 ) ;
#11481 = EDGE_CURVE ( 'NONE', #8914, #8100, #848, .T. ) ;
#11482 = ORIENTED_EDGE ( 'NONE', *, *, #11188, .F. ) ;
#11483 = CARTESIAN_POINT ( 'NONE',  ( 26.48410470708680720, 14.51721864012737306, 0.5158952929128017839 ) ) ;
#11484 = ORIENTED_EDGE ( 'NONE', *, *, #3674, .T. ) ;
#11485 = VECTOR ( 'NONE', #5337, 1000.000000000000227 ) ;
#11486 = EDGE_CURVE ( 'NONE', #3649, #2282, #1565, .T. ) ;
#11487 = DIRECTION ( 'NONE',  ( 0.000000000000000000, -0.000000000000000000, 1.000000000000000000 ) ) ;
#11488 = AXIS2_PLACEMENT_3D ( 'NONE', #2995, #2023, #6694 ) ;
#11489 = CARTESIAN_POINT ( 'NONE',  ( 10.49999999999997868, 0.000000000000000000, -10.49999999999997868 ) ) ;
#11490 = EDGE_CURVE ( 'NONE', #68, #90, #8121, .T. ) ;
#11491 = ORIENTED_EDGE ( 'NONE', *, *, #11191, .T. ) ;
#11492 = DIRECTION ( 'NONE',  ( 0.2386847610229713423, -0.8323926831162092865, 0.5001519828512179799 ) ) ;
#11493 = VECTOR ( 'NONE', #5669, 1000.000000000000114 ) ;
#11494 = ORIENTED_EDGE ( 'NONE', *, *, #7674, .T. ) ;
#11495 = LINE ( 'NONE', #5011, #121 ) ;
#11496 = ORIENTED_EDGE ( 'NONE', *, *, #4937, .F. ) ;
#11497 = VECTOR ( 'NONE', #7647, 1000.000000000000000 ) ;
#11498 = CARTESIAN_POINT ( 'NONE',  ( 0.4124163967275039089, 7.271022431965715960, 25.43808196591944082 ) ) ;
#11499 = DIRECTION ( 'NONE',  ( -0.000000000000000000, -0.2756373558170040483, -0.9612616959383175619 ) ) ;
#11500 = EDGE_CURVE ( 'NONE', #11573, #2162, #3640, .T. ) ;
#11501 = LINE ( 'NONE', #8713, #5105 ) ;
#11502 = EDGE_LOOP ( 'NONE', ( #6230, #9858, #2114, #9721 ) ) ;
#11503 = CARTESIAN_POINT ( 'NONE',  ( 25.80943399447264142, 8.566080860090416138, -25.80943399447301800 ) ) ;
#11504 = DIRECTION ( 'NONE',  ( 0.000000000000000000, -0.9612616959383174509, 0.2756373558170039373 ) ) ;
#11505 = DIRECTION ( 'NONE',  ( -0.5150380749100545996, 0.8571673007021120005, 0.000000000000000000 ) ) ;
#11506 = VERTEX_POINT ( 'NONE', #1821 ) ;
#11507 = VERTEX_POINT ( 'NONE', #1631 ) ;
#11508 = LINE ( 'NONE', #3089, #9794 ) ;
#11509 = DIRECTION ( 'NONE',  ( 0.000000000000000000, 0.000000000000000000, -1.000000000000000000 ) ) ;
#11510 = ORIENTED_EDGE ( 'NONE', *, *, #6838, .T. ) ;
#11511 = CARTESIAN_POINT ( 'NONE',  ( 25.80943399447264142, 8.566080860090412585, -19.19056600552774228 ) ) ;
#11512 = FACE_OUTER_BOUND ( 'NONE', #6625, .T. ) ;
#11513 = LINE ( 'NONE', #8004, #9370 ) ;
#11514 = ORIENTED_EDGE ( 'NONE', *, *, #7187, .F. ) ;
#11515 = VERTEX_POINT ( 'NONE', #5523 ) ;
#11516 = LINE ( 'NONE', #7942, #820 ) ;
#11517 = CARTESIAN_POINT ( 'NONE',  ( 1.390607076609480686, 7.868454739437197532, 7.609392923390132069 ) ) ;
#11518 = EDGE_CURVE ( 'NONE', #5151, #7748, #910, .T. ) ;
#11519 = LINE ( 'NONE', #11406, #8554 ) ;
#11520 = ORIENTED_EDGE ( 'NONE', *, *, #10647, .T. ) ;
#11521 = PLANE ( 'NONE',  #54 ) ;
#11522 = DIRECTION ( 'NONE',  ( -1.000000000000000000, -8.917574327783688856E-16, -0.000000000000000000 ) ) ;
#11523 = ORIENTED_EDGE ( 'NONE', *, *, #10882, .F. ) ;
#11524 = FACE_OUTER_BOUND ( 'NONE', #11345, .T. ) ;
#11525 = CARTESIAN_POINT ( 'NONE',  ( 24.62500000000000000, 10.53731005528969256, 17.37467487046870218 ) ) ;
#11526 = AXIS2_PLACEMENT_3D ( 'NONE', #5768, #7575, #1034 ) ;
#11527 = ORIENTED_EDGE ( 'NONE', *, *, #9530, .F. ) ;
#11528 = CARTESIAN_POINT ( 'NONE',  ( 21.93261023597309745, -0.9965637948165171345, -32.06738976402728980 ) ) ;
#11529 = CARTESIAN_POINT ( 'NONE',  ( 1.496259773004070315, 7.500000000000000000, 0.000000000000000000 ) ) ;
#11530 = ORIENTED_EDGE ( 'NONE', *, *, #10131, .T. ) ;
#11531 = EDGE_CURVE ( 'NONE', #7940, #9501, #11091, .T. ) ;
#11532 = FACE_OUTER_BOUND ( 'NONE', #5040, .T. ) ;
#11533 = AXIS2_PLACEMENT_3D ( 'NONE', #11868, #717, #7093 ) ;
#11534 = EDGE_CURVE ( 'NONE', #2416, #9448, #4367, .T. ) ;
#11535 = EDGE_CURVE ( 'NONE', #3894, #7731, #7212, .T. ) ;
#11536 = LINE ( 'NONE', #1242, #8934 ) ;
#11537 = CARTESIAN_POINT ( 'NONE',  ( 0.000000000000000000, 10.80000000000000071, 0.000000000000000000 ) ) ;
#11538 = DIRECTION ( 'NONE',  ( 1.000000000000000000, 0.000000000000000000, 0.000000000000000000 ) ) ;
#11539 = EDGE_LOOP ( 'NONE', ( #373, #9149, #11484, #7639 ) ) ;
#11540 = EDGE_CURVE ( 'NONE', #3266, #10311, #6248, .T. ) ;
#11541 = EDGE_CURVE ( 'NONE', #4557, #5791, #7517, .T. ) ;
#11542 = AXIS2_PLACEMENT_3D ( 'NONE', #520, #4223, #10043 ) ;
#11543 = ORIENTED_EDGE ( 'NONE', *, *, #5715, .T. ) ;
#11544 = CARTESIAN_POINT ( 'NONE',  ( -19.83347944262236595, 18.51173940819399988, -28.66130569147442486 ) ) ;
#11545 = EDGE_LOOP ( 'NONE', ( #5407, #9551, #1018, #6411 ) ) ;
#11546 = LINE ( 'NONE', #5125, #5652 ) ;
#11547 = ADVANCED_FACE ( 'NONE', ( #294 ), #2111, .F. ) ;
#11548 = VECTOR ( 'NONE', #901, 1000.000000000000000 ) ;
#11549 = AXIS2_PLACEMENT_3D ( 'NONE', #5812, #9278, #11209 ) ;
#11550 = FACE_OUTER_BOUND ( 'NONE', #3171, .T. ) ;
#11551 = ORIENTED_EDGE ( 'NONE', *, *, #9558, .T. ) ;
#11552 = LINE ( 'NONE', #4221, #5491 ) ;
#11553 = EDGE_LOOP ( 'NONE', ( #2916, #2250, #4950, #11692 ) ) ;
#11554 = DIRECTION ( 'NONE',  ( 0.000000000000000000, 0.000000000000000000, -1.000000000000000000 ) ) ;
#11555 = ORIENTED_EDGE ( 'NONE', *, *, #1001, .T. ) ;
#11556 = DIRECTION ( 'NONE',  ( 0.000000000000000000, 0.000000000000000000, -1.000000000000000000 ) ) ;
#11557 = CARTESIAN_POINT ( 'NONE',  ( 26.24489371323137377, 10.08470937300049464, 9.755106286768237212 ) ) ;
#11558 = VECTOR ( 'NONE', #1928, 1000.000000000000000 ) ;
#11559 = AXIS2_PLACEMENT_3D ( 'NONE', #6834, #463, #11556 ) ;
#11560 = LINE ( 'NONE', #3255, #4313 ) ;
#11561 = PLANE ( 'NONE',  #5855 ) ;
#11562 = CARTESIAN_POINT ( 'NONE',  ( 52.42887829972521274, 25.53679663750741469, -34.42887829972561775 ) ) ;
#11563 = DIRECTION ( 'NONE',  ( -0.7071067811865452413, -0.000000000000000000, 0.7071067811865497932 ) ) ;
#11564 = ORIENTED_EDGE ( 'NONE', *, *, #7202, .F. ) ;
#11565 = ADVANCED_FACE ( 'NONE', ( #3996 ), #8483, .F. ) ;
#11566 = ORIENTED_EDGE ( 'NONE', *, *, #9217, .T. ) ;
#11567 = DIRECTION ( 'NONE',  ( 0.2657276780299913099, -0.9267025424900799946, 0.2657276780299913099 ) ) ;
#11568 = DIRECTION ( 'NONE',  ( 0.000000000000000000, 0.9612616959383180060, -0.2756373558170023830 ) ) ;
#11569 = ORIENTED_EDGE ( 'NONE', *, *, #10492, .F. ) ;
#11570 = CARTESIAN_POINT ( 'NONE',  ( -35.44999999999999574, 10.80000000000000071, 17.44999999999961560 ) ) ;
#11571 = DIRECTION ( 'NONE',  ( -0.9612616959383174509, -0.2756373558170042704, 0.000000000000000000 ) ) ;
#11572 = DIRECTION ( 'NONE',  ( 0.2657276780299913099, 0.9267025424900799946, 0.2657276780299913099 ) ) ;
#11573 = VERTEX_POINT ( 'NONE', #3817 ) ;
#11574 = ORIENTED_EDGE ( 'NONE', *, *, #5897, .F. ) ;
#11575 = LINE ( 'NONE', #1454, #10686 ) ;
#11576 = CARTESIAN_POINT ( 'NONE',  ( 2.375000000000006217, 10.53731005528968723, 0.6253251295305165547 ) ) ;
#11577 = ADVANCED_FACE ( 'NONE', ( #9506 ), #2848, .T. ) ;
#11578 = VECTOR ( 'NONE', #1127, 1000.000000000000000 ) ;
#11579 = EDGE_CURVE ( 'NONE', #1963, #8932, #6609, .T. ) ;
#11580 = DIRECTION ( 'NONE',  ( 0.000000000000000000, 0.000000000000000000, -1.000000000000000000 ) ) ;
#11581 = ORIENTED_EDGE ( 'NONE', *, *, #4836, .T. ) ;
#11582 = PLANE ( 'NONE',  #6462 ) ;
#11583 = DIRECTION ( 'NONE',  ( -0.2657276780299911434, -0.9267025424900801056, 0.2657276780299911434 ) ) ;
#11584 = VERTEX_POINT ( 'NONE', #10293 ) ;
#11585 = PLANE ( 'NONE',  #8071 ) ;
#11586 = PLANE ( 'NONE',  #5094 ) ;
#11587 = ORIENTED_EDGE ( 'NONE', *, *, #1307, .T. ) ;
#11588 = CARTESIAN_POINT ( 'NONE',  ( -62.00000000000000000, 7.500000000000000000, 41.00000000000000000 ) ) ;
#11589 = CARTESIAN_POINT ( 'NONE',  ( -23.70289055386782451, 1.219690838746983141, -30.29710944613256274 ) ) ;
#11590 = ORIENTED_EDGE ( 'NONE', *, *, #2691, .F. ) ;
#11591 = CARTESIAN_POINT ( 'NONE',  ( 3.482387728013483552E-16, 8.566080860089984483, -34.80943399447291142 ) ) ;
#11592 = VECTOR ( 'NONE', #2405, 1000.000000000000000 ) ;
#11593 = LINE ( 'NONE', #9960, #10978 ) ;
#11594 = EDGE_CURVE ( 'NONE', #5875, #3284, #6670, .T. ) ;
#11595 = CARTESIAN_POINT ( 'NONE',  ( -23.70289055386782451, 1.219690838746983141, 32.70289055386743371 ) ) ;
#11596 = LINE ( 'NONE', #3293, #6860 ) ;
#11597 = LINE ( 'NONE', #1351, #10132 ) ;
#11598 = VERTEX_POINT ( 'NONE', #9452 ) ;
#11599 = EDGE_CURVE ( 'NONE', #4557, #11797, #11151, .T. ) ;
#11600 = VECTOR ( 'NONE', #9175, 1000.000000000000000 ) ;
#11601 = EDGE_CURVE ( 'NONE', #7466, #10374, #5705, .T. ) ;
#11602 = VERTEX_POINT ( 'NONE', #1083 ) ;
#11603 = CARTESIAN_POINT ( 'NONE',  ( 19.83347944262236950, 18.51173940819399988, 28.66130569147366103 ) ) ;
#11604 = VERTEX_POINT ( 'NONE', #6724 ) ;
#11605 = ADVANCED_FACE ( 'NONE', ( #11329 ), #9392, .T. ) ;
#11606 = ADVANCED_FACE ( 'NONE', ( #174 ), #7692, .F. ) ;
#11607 = FACE_OUTER_BOUND ( 'NONE', #8479, .T. ) ;
#11608 = VECTOR ( 'NONE', #4103, 1000.000000000000114 ) ;
#11609 = CARTESIAN_POINT ( 'NONE',  ( -26.45000000000000284, 10.80000000000000071, -18.55000000000037730 ) ) ;
#11610 = ORIENTED_EDGE ( 'NONE', *, *, #9804, .T. ) ;
#11611 = LINE ( 'NONE', #1429, #5293 ) ;
#11612 = ORIENTED_EDGE ( 'NONE', *, *, #6030, .T. ) ;
#11613 = CARTESIAN_POINT ( 'NONE',  ( 2.375000000000005773, 10.53731005528968545, 33.62500000000000000 ) ) ;
#11614 = ORIENTED_EDGE ( 'NONE', *, *, #7758, .F. ) ;
#11615 = FACE_OUTER_BOUND ( 'NONE', #6858, .T. ) ;
#11616 = CARTESIAN_POINT ( 'NONE',  ( -26.45000000000000284, 10.80000000000000071, -17.45000000000039009 ) ) ;
#11617 = ADVANCED_FACE ( 'NONE', ( #1936 ), #53, .F. ) ;
#11618 = ORIENTED_EDGE ( 'NONE', *, *, #3954, .F. ) ;
#11619 = CARTESIAN_POINT ( 'NONE',  ( -1.190566005527361471, 8.566080860090401927, -10.19056600552774938 ) ) ;
#11620 = DIRECTION ( 'NONE',  ( -0.5001519828512179799, -0.8323926831162092865, 0.2386847610229713423 ) ) ;
#11621 = CARTESIAN_POINT ( 'NONE',  ( 0.5499999999999949374, 10.80000000000000071, 0.5499999999996132427 ) ) ;
#11622 = DIRECTION ( 'NONE',  ( -0.2756373558170042704, -0.9612616959383174509, 0.000000000000000000 ) ) ;
#11623 = ORIENTED_EDGE ( 'NONE', *, *, #940, .F. ) ;
#11624 = ORIENTED_EDGE ( 'NONE', *, *, #5509, .F. ) ;
#11625 = LINE ( 'NONE', #2295, #4773 ) ;
#11626 = LINE ( 'NONE', #10906, #11892 ) ;
#11627 = VERTEX_POINT ( 'NONE', #1027 ) ;
#11628 = CARTESIAN_POINT ( 'NONE',  ( -51.62500000000000000, 10.80000000000000426, -33.62500000000000000 ) ) ;
#11629 = LINE ( 'NONE', #2279, #2589 ) ;
#11630 = PLANE ( 'NONE',  #5712 ) ;
#11632 = ORIENTED_EDGE ( 'NONE', *, *, #43, .F. ) ;
#11631 = AXIS2_PLACEMENT_3D ( 'NONE', #9140, #830, #4536 ) ;
#11633 = VECTOR ( 'NONE', #10834, 1000.000000000000114 ) ;
#11634 = ORIENTED_EDGE ( 'NONE', *, *, #7961, .T. ) ;
#11635 = DIRECTION ( 'NONE',  ( -0.2756373558170042704, -0.9612616959383174509, 0.000000000000000000 ) ) ;
#11636 = DIRECTION ( 'NONE',  ( 5.358219230816394188E-16, 0.000000000000000000, -1.000000000000000000 ) ) ;
#11637 = AXIS2_PLACEMENT_3D ( 'NONE', #5355, #8864, #556 ) ;
#11638 = EDGE_CURVE ( 'NONE', #7279, #4614, #4731, .T. ) ;
#11639 = VECTOR ( 'NONE', #6273, 1000.000000000000000 ) ;
#11640 = AXIS2_PLACEMENT_3D ( 'NONE', #207, #3977, #328 ) ;
#11641 = FACE_OUTER_BOUND ( 'NONE', #1645, .T. ) ;
#11642 = VERTEX_POINT ( 'NONE', #114 ) ;
#11643 = ADVANCED_FACE ( 'NONE', ( #11269 ), #10360, .F. ) ;
#11644 = DIRECTION ( 'NONE',  ( -0.9612616959383174509, -0.2756373558170042704, 0.000000000000000000 ) ) ;
#11645 = DIRECTION ( 'NONE',  ( 0.9612616959383175619, -0.2756373558170040483, 0.000000000000000000 ) ) ;
#11646 = ORIENTED_EDGE ( 'NONE', *, *, #9351, .T. ) ;
#11647 = EDGE_CURVE ( 'NONE', #5600, #10184, #4849, .T. ) ;
#11648 = CARTESIAN_POINT ( 'NONE',  ( -1.190566005527361249, 8.566080860090398374, -16.80943399447302156 ) ) ;
#11649 = CARTESIAN_POINT ( 'NONE',  ( -35.44999999999999574, 10.80000000000000071, 0.5499999999996132427 ) ) ;
#11650 = EDGE_LOOP ( 'NONE', ( #4282, #6941, #1822, #1944 ) ) ;
#11651 = LINE ( 'NONE', #614, #8325 ) ;
#11652 = DIRECTION ( 'NONE',  ( 0.000000000000000000, -0.2756373558170023830, 0.9612616959383180060 ) ) ;
#11653 = VERTEX_POINT ( 'NONE', #3936 ) ;
#11654 = AXIS2_PLACEMENT_3D ( 'NONE', #8797, #8072, #3463 ) ;
#11655 = ADVANCED_FACE ( 'NONE', ( #6046 ), #10586, .F. ) ;
#11656 = FACE_OUTER_BOUND ( 'NONE', #5656, .T. ) ;
#11657 = DIRECTION ( 'NONE',  ( 0.000000000000000000, 0.000000000000000000, -1.000000000000000000 ) ) ;
#11658 = VECTOR ( 'NONE', #4434, 1000.000000000000114 ) ;
#11659 = CARTESIAN_POINT ( 'NONE',  ( -51.62500000000000000, 10.53731005528969256, -33.62500000000000000 ) ) ;
#11660 = PLANE ( 'NONE',  #8410 ) ;
#11661 = DIRECTION ( 'NONE',  ( 0.000000000000000000, 1.000000000000000000, 0.000000000000000000 ) ) ;
#11662 = VECTOR ( 'NONE', #9627, 1000.000000000000000 ) ;
#11663 = EDGE_LOOP ( 'NONE', ( #5036, #2294, #7932, #2585 ) ) ;
#11664 = DIRECTION ( 'NONE',  ( 0.2657276780299911434, -0.9267025424900801056, 0.2657276780299911434 ) ) ;
#11665 = ORIENTED_EDGE ( 'NONE', *, *, #10750, .F. ) ;
#11666 = CARTESIAN_POINT ( 'NONE',  ( -62.00000000000000000, 7.500000000000000000, -41.00000000000000000 ) ) ;
#11667 = ORIENTED_EDGE ( 'NONE', *, *, #7295, .F. ) ;
#11668 = ADVANCED_FACE ( 'NONE', ( #7865 ), #6956, .F. ) ;
#11669 = CARTESIAN_POINT ( 'NONE',  ( 58.32322330470334037, 9.699999999999974420, -37.32322330470339011 ) ) ;
#11670 = AXIS2_PLACEMENT_3D ( 'NONE', #5222, #11644, #7892 ) ;
#11671 = PLANE ( 'NONE',  #3639 ) ;
#11672 = EDGE_CURVE ( 'NONE', #10742, #3649, #8828, .T. ) ;
#11673 = AXIS2_PLACEMENT_3D ( 'NONE', #3182, #3064, #6762 ) ;
#11674 = ORIENTED_EDGE ( 'NONE', *, *, #4582, .F. ) ;
#11675 = FACE_OUTER_BOUND ( 'NONE', #3145, .T. ) ;
#11676 = VERTEX_POINT ( 'NONE', #3314 ) ;
#11677 = DIRECTION ( 'NONE',  ( -0.000000000000000000, -0.000000000000000000, 1.000000000000000000 ) ) ;
#11678 = ORIENTED_EDGE ( 'NONE', *, *, #5332, .F. ) ;
#11679 = DIRECTION ( 'NONE',  ( 1.000000000000000000, 0.000000000000000000, 0.000000000000000000 ) ) ;
#11680 = VECTOR ( 'NONE', #10940, 1000.000000000000227 ) ;
#11681 = CARTESIAN_POINT ( 'NONE',  ( -17.44999999999999929, 10.80000000000000071, 35.44999999999961204 ) ) ;
#11682 = ORIENTED_EDGE ( 'NONE', *, *, #10898, .T. ) ;
#11683 = LINE ( 'NONE', #10777, #625 ) ;
#11684 = VECTOR ( 'NONE', #6752, 1000.000000000000000 ) ;
#11685 = LINE ( 'NONE', #9143, #10493 ) ;
#11686 = CARTESIAN_POINT ( 'NONE',  ( 57.89895923599141980, 7.500000000000000000, 36.89895923599146954 ) ) ;
#11687 = LINE ( 'NONE', #7089, #3231 ) ;
#11688 = VECTOR ( 'NONE', #5212, 1000.000000000000000 ) ;
#11689 = ORIENTED_EDGE ( 'NONE', *, *, #5114, .T. ) ;
#11690 = EDGE_CURVE ( 'NONE', #7775, #8199, #3195, .T. ) ;
#11691 = VECTOR ( 'NONE', #2803, 1000.000000000000000 ) ;
#11692 = ORIENTED_EDGE ( 'NONE', *, *, #9611, .F. ) ;
#11693 = DIRECTION ( 'NONE',  ( 0.000000000000000000, -0.2756373558170042704, 0.9612616959383174509 ) ) ;
#11694 = PLANE ( 'NONE',  #8413 ) ;
#11695 = EDGE_LOOP ( 'NONE', ( #7874, #6632, #10759, #9026 ) ) ;
#11696 = DIRECTION ( 'NONE',  ( 0.000000000000000000, 0.000000000000000000, -1.000000000000000000 ) ) ;
#11697 = CARTESIAN_POINT ( 'NONE',  ( -29.37500000000000000, 7.500000000000000000, 10.49625977300367907 ) ) ;
#11698 = PLANE ( 'NONE',  #9377 ) ;
#11699 = ORIENTED_EDGE ( 'NONE', *, *, #9444, .T. ) ;
#11700 = ORIENTED_EDGE ( 'NONE', *, *, #4040, .T. ) ;
#11701 = CARTESIAN_POINT ( 'NONE',  ( -19.83347944262236595, 18.51173940819399988, -19.66130569147443197 ) ) ;
#11702 = LINE ( 'NONE', #11517, #11718 ) ;
#11703 = ADVANCED_FACE ( 'NONE', ( #4163 ), #10644, .F. ) ;
#11704 = CARTESIAN_POINT ( 'NONE',  ( -0.5499999999999949374, 10.80000000000000071, -35.45000000000039364 ) ) ;
#11705 = VERTEX_POINT ( 'NONE', #1314 ) ;
#11706 = LINE ( 'NONE', #7946, #2180 ) ;
#11707 = DIRECTION ( 'NONE',  ( 0.000000000000000000, -0.2756373558170021609, 0.9612616959383181170 ) ) ;
#11708 = EDGE_LOOP ( 'NONE', ( #997, #6015, #2772, #5192, #4657, #7453, #5921, #2886, #935, #9669, #10731, #25, #11816, #7565, #725, #8250, #1673, #9866, #3468, #4995, #6069, #8528, #10768, #7877, #2760, #6201, #4678, #2202, #6499, #4488, #6079, #10962 ) ) ;
#11709 = CARTESIAN_POINT ( 'NONE',  ( 29.37500000000000000, 10.80000000000000426, -18.55000000000037730 ) ) ;
#11710 = CARTESIAN_POINT ( 'NONE',  ( -53.44999999999999574, 10.80000000000000071, -17.45000000000039009 ) ) ;
#11711 = ADVANCED_FACE ( 'NONE', ( #9732 ), #2341, .F. ) ;
#11712 = ORIENTED_EDGE ( 'NONE', *, *, #3048, .F. ) ;
#11713 = CARTESIAN_POINT ( 'NONE',  ( -29.37500000000000000, 10.80000000000000426, 18.54999999999960991 ) ) ;
#11714 = DIRECTION ( 'NONE',  ( 1.000000000000000000, 0.000000000000000000, 0.000000000000000000 ) ) ;
#11715 = CARTESIAN_POINT ( 'NONE',  ( -17.44999999999999929, 10.80000000000000071, -27.55000000000038796 ) ) ;
#11716 = FACE_OUTER_BOUND ( 'NONE', #648, .T. ) ;
#11717 = CARTESIAN_POINT ( 'NONE',  ( 0.000000000000000000, 7.500000000000000000, 10.49625977300367907 ) ) ;
#11718 = VECTOR ( 'NONE', #10608, 1000.000000000000114 ) ;
#11719 = CARTESIAN_POINT ( 'NONE',  ( -53.44999999999999574, 10.80000000000000071, -26.45000000000038298 ) ) ;
#11720 = CARTESIAN_POINT ( 'NONE',  ( 40.07937528197223287, 29.75245638442227047, -22.88452941702864862 ) ) ;
#11721 = VERTEX_POINT ( 'NONE', #4225 ) ;
#11722 = EDGE_CURVE ( 'NONE', #15, #4274, #5986, .T. ) ;
#11723 = CARTESIAN_POINT ( 'NONE',  ( 27.54999999999999005, 10.80000000000000071, -17.45000000000039009 ) ) ;
#11724 = ORIENTED_EDGE ( 'NONE', *, *, #6193, .T. ) ;
#11725 = DIRECTION ( 'NONE',  ( 0.000000000000000000, -0.9612616959383174509, 0.2756373558170042704 ) ) ;
#11726 = ORIENTED_EDGE ( 'NONE', *, *, #10395, .T. ) ;
#11727 = VECTOR ( 'NONE', #5859, 1000.000000000000000 ) ;
#11728 = DIRECTION ( 'NONE',  ( 0.000000000000000000, 0.000000000000000000, 1.000000000000000000 ) ) ;
#11729 = ADVANCED_FACE ( 'NONE', ( #11615 ), #4050, .F. ) ;
#11730 = CARTESIAN_POINT ( 'NONE',  ( -28.19056600552735858, 8.566080860090403704, 0.000000000000000000 ) ) ;
#11731 = ORIENTED_EDGE ( 'NONE', *, *, #11777, .F. ) ;
#11733 = ADVANCED_FACE ( 'NONE', ( #7017 ), #9674, .F. ) ;
#11732 = LINE ( 'NONE', #11067, #446 ) ;
#11734 = VECTOR ( 'NONE', #11396, 1000.000000000000114 ) ;
#11735 = ORIENTED_EDGE ( 'NONE', *, *, #588, .F. ) ;
#11736 = LINE ( 'NONE', #6229, #3425 ) ;
#11737 = ORIENTED_EDGE ( 'NONE', *, *, #1057, .F. ) ;
#11738 = DIRECTION ( 'NONE',  ( -0.000000000000000000, -0.000000000000000000, 1.000000000000000000 ) ) ;
#11739 = EDGE_CURVE ( 'NONE', #4306, #3870, #2169, .T. ) ;
#11740 = PLANE ( 'NONE',  #5423 ) ;
#11741 = ORIENTED_EDGE ( 'NONE', *, *, #5104, .T. ) ;
#11742 = ADVANCED_FACE ( 'NONE', ( #10467 ), #9622, .T. ) ;
#11743 = CARTESIAN_POINT ( 'NONE',  ( -26.45000000000000284, 82.98258077199005811, -35.44999999999999574 ) ) ;
#11744 = DIRECTION ( 'NONE',  ( 0.2657276780299913099, 0.9267025424900799946, 0.2657276780299913099 ) ) ;
#11745 = DIRECTION ( 'NONE',  ( -0.000000000000000000, -1.000000000000000000, -0.000000000000000000 ) ) ;
#11746 = AXIS2_PLACEMENT_3D ( 'NONE', #7059, #7172, #3478 ) ;
#11747 = VECTOR ( 'NONE', #2498, 1000.000000000000000 ) ;
#11748 = CARTESIAN_POINT ( 'NONE',  ( 56.48474567361831333, 10.49999999999999822, 35.48474567361837018 ) ) ;
#11749 = ORIENTED_EDGE ( 'NONE', *, *, #11231, .T. ) ;
#11750 = EDGE_LOOP ( 'NONE', ( #2721, #3919, #839, #846 ) ) ;
#11751 = ORIENTED_EDGE ( 'NONE', *, *, #10111, .T. ) ;
#11752 = CARTESIAN_POINT ( 'NONE',  ( 0.5500000000000088152, 82.98258077199005811, -35.45000000000000284 ) ) ;
#11753 = LINE ( 'NONE', #1446, #3577 ) ;
#11754 = EDGE_LOOP ( 'NONE', ( #9576, #5887, #7027, #4537 ) ) ;
#11755 = VECTOR ( 'NONE', #11657, 1000.000000000000000 ) ;
#11756 = VECTOR ( 'NONE', #3595, 1000.000000000000000 ) ;
#11757 = ADVANCED_FACE ( 'NONE', ( #6777 ), #579, .T. ) ;
#11758 = CARTESIAN_POINT ( 'NONE',  ( 8.374674870469098309, 10.53731005528969433, -33.62500000000000000 ) ) ;
#11759 = DIRECTION ( 'NONE',  ( 0.000000000000000000, 0.000000000000000000, 1.000000000000000000 ) ) ;
#11760 = VERTEX_POINT ( 'NONE', #398 ) ;
#11761 = ORIENTED_EDGE ( 'NONE', *, *, #2785, .T. ) ;
#11762 = ORIENTED_EDGE ( 'NONE', *, *, #3348, .F. ) ;
#11763 = LINE ( 'NONE', #10066, #11658 ) ;
#11764 = EDGE_CURVE ( 'NONE', #3037, #6968, #11435, .T. ) ;
#11765 = CARTESIAN_POINT ( 'NONE',  ( 20.65831223607736788, -3.969694544262559521, -13.78514175963478472 ) ) ;
#11766 = EDGE_CURVE ( 'NONE', #6493, #3272, #9798, .T. ) ;
#11767 = CARTESIAN_POINT ( 'NONE',  ( -0.5499999999999949374, 10.80000000000000071, -9.550000000000384404 ) ) ;
#11768 = ORIENTED_EDGE ( 'NONE', *, *, #4347, .T. ) ;
#11769 = DIRECTION ( 'NONE',  ( 0.000000000000000000, 0.9612616959383180060, -0.2756373558170023830 ) ) ;
#11770 = PLANE ( 'NONE',  #11301 ) ;
#11771 = VERTEX_POINT ( 'NONE', #1258 ) ;
#11772 = DIRECTION ( 'NONE',  ( 1.000000000000000000, 0.000000000000000000, 0.000000000000000000 ) ) ;
#11773 = LINE ( 'NONE', #3470, #5881 ) ;
#11774 = VERTEX_POINT ( 'NONE', #8890 ) ;
#11775 = LINE ( 'NONE', #5354, #11600 ) ;
#11776 = DIRECTION ( 'NONE',  ( 0.000000000000000000, -0.9612616959383180060, 0.2756373558170021054 ) ) ;
#11777 = EDGE_CURVE ( 'NONE', #3772, #2403, #8950, .T. ) ;
#11778 = LINE ( 'NONE', #9239, #2440 ) ;
#11779 = PLANE ( 'NONE',  #11746 ) ;
#11780 = DIRECTION ( 'NONE',  ( -0.000000000000000000, 0.000000000000000000, -1.000000000000000000 ) ) ;
#11781 = CARTESIAN_POINT ( 'NONE',  ( 0.000000000000000000, 7.500000000000000000, 0.000000000000000000 ) ) ;
#11782 = DIRECTION ( 'NONE',  ( 0.000000000000000000, -0.2756373558170042704, 0.9612616959383174509 ) ) ;
#11783 = VERTEX_POINT ( 'NONE', #9918 ) ;
#11784 = CARTESIAN_POINT ( 'NONE',  ( 26.48410470708679654, 14.51721864012741214, -17.48410470708718378 ) ) ;
#11785 = VERTEX_POINT ( 'NONE', #8233 ) ;
#11786 = FACE_OUTER_BOUND ( 'NONE', #7142, .T. ) ;
#11787 = DIRECTION ( 'NONE',  ( -1.000000000000000000, -0.000000000000000000, -0.000000000000000000 ) ) ;
#11788 = ORIENTED_EDGE ( 'NONE', *, *, #9444, .F. ) ;
#11789 = LINE ( 'NONE', #3489, #1569 ) ;
#11790 = EDGE_CURVE ( 'NONE', #11604, #7400, #6231, .T. ) ;
#11791 = CARTESIAN_POINT ( 'NONE',  ( 51.62500000000000000, 10.80000000000000071, 0.000000000000000000 ) ) ;
#11792 = ORIENTED_EDGE ( 'NONE', *, *, #9760, .F. ) ;
#11793 = FACE_OUTER_BOUND ( 'NONE', #1457, .T. ) ;
#11794 = VECTOR ( 'NONE', #5779, 1000.000000000000114 ) ;
#11795 = VERTEX_POINT ( 'NONE', #6293 ) ;
#11796 = LINE ( 'NONE', #7192, #6535 ) ;
#11797 = VERTEX_POINT ( 'NONE', #7325 ) ;
#11798 = LINE ( 'NONE', #10891, #7147 ) ;
#11799 = EDGE_CURVE ( 'NONE', #10876, #6659, #5504, .T. ) ;
#11800 = PLANE ( 'NONE',  #1743 ) ;
#11801 = ORIENTED_EDGE ( 'NONE', *, *, #9025, .T. ) ;
#11802 = CARTESIAN_POINT ( 'NONE',  ( -8.449999999999999289, 10.80000000000000071, 18.54999999999960991 ) ) ;
#11803 = PLANE ( 'NONE',  #6818 ) ;
#11804 = CARTESIAN_POINT ( 'NONE',  ( -51.97389213354960447, 5.652200105873706804, -6.973892133549991712 ) ) ;
#11805 = CARTESIAN_POINT ( 'NONE',  ( -20.65831223607736788, -3.969694544262559521, -13.21485824036598800 ) ) ;
#11806 = ORIENTED_EDGE ( 'NONE', *, *, #7474, .T. ) ;
#11807 = ORIENTED_EDGE ( 'NONE', *, *, #3980, .F. ) ;
#11808 = ORIENTED_EDGE ( 'NONE', *, *, #1809, .T. ) ;
#11809 = DIRECTION ( 'NONE',  ( 0.7071067811865474617, 0.000000000000000000, -0.7071067811865474617 ) ) ;
#11810 = CARTESIAN_POINT ( 'NONE',  ( -27.54999999999999361, 10.80000000000000071, -9.550000000000384404 ) ) ;
#11811 = ORIENTED_EDGE ( 'NONE', *, *, #7997, .F. ) ;
#11812 = CARTESIAN_POINT ( 'NONE',  ( -27.54999999999999361, 10.80000000000000071, -9.550000000000384404 ) ) ;
#11813 = CARTESIAN_POINT ( 'NONE',  ( 51.62500000000000000, 10.53731005528969256, -33.62500000000000000 ) ) ;
#11814 = ORIENTED_EDGE ( 'NONE', *, *, #10398, .T. ) ;
#11815 = ORIENTED_EDGE ( 'NONE', *, *, #2256, .T. ) ;
#11816 = ORIENTED_EDGE ( 'NONE', *, *, #10805, .T. ) ;
#11817 = LINE ( 'NONE', #11701, #10880 ) ;
#11818 = ADVANCED_FACE ( 'NONE', ( #7194 ), #4353, .F. ) ;
#11819 = VECTOR ( 'NONE', #883, 1000.000000000000000 ) ;
#11820 = LINE ( 'NONE', #669, #11147 ) ;
#11821 = PLANE ( 'NONE',  #8373 ) ;
#11822 = VERTEX_POINT ( 'NONE', #1550 ) ;
#11823 = CARTESIAN_POINT ( 'NONE',  ( -1.496259773004063209, 7.500000000000000000, 0.000000000000000000 ) ) ;
#11824 =( NAMED_UNIT ( * ) SI_UNIT ( $, .STERADIAN. ) SOLID_ANGLE_UNIT ( ) );
#11825 = VERTEX_POINT ( 'NONE', #9202 ) ;
#11826 = FACE_OUTER_BOUND ( 'NONE', #11203, .T. ) ;
#11827 = DIRECTION ( 'NONE',  ( -0.9612616959383181170, -0.2756373558170021609, 0.000000000000000000 ) ) ;
#11828 = ORIENTED_EDGE ( 'NONE', *, *, #7444, .T. ) ;
#11829 = DIRECTION ( 'NONE',  ( -1.000000000000000000, -0.000000000000000000, -0.000000000000000000 ) ) ;
#11830 = CARTESIAN_POINT ( 'NONE',  ( -27.54999999999999361, 10.80000000000000071, 26.44999999999961204 ) ) ;
#11831 = DIRECTION ( 'NONE',  ( -0.000000000000000000, -0.000000000000000000, 1.000000000000000000 ) ) ;
#11832 = CARTESIAN_POINT ( 'NONE',  ( 2.375000000000005773, 10.80000000000000426, 33.62500000000000000 ) ) ;
#11833 = AXIS2_PLACEMENT_3D ( 'NONE', #11862, #3570, #7269 ) ;
#11834 = LINE ( 'NONE', #10811, #7590 ) ;
#11835 = LINE ( 'NONE', #5549, #10896 ) ;
#11836 = PLANE ( 'NONE',  #3947 ) ;
#11837 = ORIENTED_EDGE ( 'NONE', *, *, #6784, .F. ) ;
#11838 = EDGE_CURVE ( 'NONE', #2500, #2677, #704, .T. ) ;
#11839 = FACE_OUTER_BOUND ( 'NONE', #8830, .T. ) ;
#11840 = VECTOR ( 'NONE', #7712, 1000.000000000000000 ) ;
#11841 = EDGE_CURVE ( 'NONE', #8938, #488, #3623, .T. ) ;
#11842 = VERTEX_POINT ( 'NONE', #829 ) ;
#11843 = DIRECTION ( 'NONE',  ( 0.000000000000000000, 0.000000000000000000, -1.000000000000000000 ) ) ;
#11844 = DIRECTION ( 'NONE',  ( -1.000000000000000000, 0.000000000000000000, 2.679109615408197094E-16 ) ) ;
#11845 = EDGE_LOOP ( 'NONE', ( #9451, #10582, #2957, #5153, #3708, #6679, #5811, #408, #10020, #10614, #6321, #227 ) ) ;
#11846 = AXIS2_PLACEMENT_3D ( 'NONE', #9511, #3199, #467 ) ;
#11847 = LINE ( 'NONE', #9908, #7768 ) ;
#11848 = CARTESIAN_POINT ( 'NONE',  ( 0.4124163967275036868, 7.271022431965715960, 10.56191803407978469 ) ) ;
#11849 = ADVANCED_FACE ( 'NONE', ( #764 ), #1674, .F. ) ;
#11850 = VECTOR ( 'NONE', #6359, 1000.000000000000000 ) ;
#11851 = CARTESIAN_POINT ( 'NONE',  ( -54.51589529291317149, 14.51721864012731977, 26.48410470708643416 ) ) ;
#11852 = ORIENTED_EDGE ( 'NONE', *, *, #10956, .T. ) ;
#11853 = DIRECTION ( 'NONE',  ( 1.000000000000000000, 0.000000000000000000, 0.000000000000000000 ) ) ;
#11854 = ORIENTED_EDGE ( 'NONE', *, *, #11979, .F. ) ;
#11855 = DIRECTION ( 'NONE',  ( 1.000000000000000000, 0.000000000000000000, 0.000000000000000000 ) ) ;
#11856 = PLANE ( 'NONE',  #1766 ) ;
#11857 = ORIENTED_EDGE ( 'NONE', *, *, #5764, .T. ) ;
#11858 = EDGE_CURVE ( 'NONE', #10488, #3652, #4471, .T. ) ;
#11859 = CARTESIAN_POINT ( 'NONE',  ( 17.45000000000000639, 10.80000000000000071, 35.44999999999961204 ) ) ;
#11860 = CARTESIAN_POINT ( 'NONE',  ( -0.5500000000000088152, -11.50000000000000000, 35.45000000000000995 ) ) ;
#11861 = VECTOR ( 'NONE', #3279, 1000.000000000000227 ) ;
#11862 = CARTESIAN_POINT ( 'NONE',  ( 0.000000000000000000, 7.500000000000000000, 25.50374022699554288 ) ) ;
#11863 = PLANE ( 'NONE',  #9433 ) ;
#11864 = ORIENTED_EDGE ( 'NONE', *, *, #5158, .T. ) ;
#11865 = EDGE_LOOP ( 'NONE', ( #2853, #5551, #11175, #6667 ) ) ;
#11866 = VERTEX_POINT ( 'NONE', #8164 ) ;
#11867 = VECTOR ( 'NONE', #5168, 1000.000000000000000 ) ;
#11868 = CARTESIAN_POINT ( 'NONE',  ( 51.62500000000000000, 10.80000000000000426, -33.62500000000000000 ) ) ;
#11869 = LINE ( 'NONE', #3694, #9568 ) ;
#11870 = ORIENTED_EDGE ( 'NONE', *, *, #5076, .T. ) ;
#11871 = EDGE_CURVE ( 'NONE', #3819, #473, #11013, .T. ) ;
#11872 = VECTOR ( 'NONE', #5009, 1000.000000000000114 ) ;
#11873 = CARTESIAN_POINT ( 'NONE',  ( 0.4124163967275038534, 7.271022431965715960, -16.43808196592020821 ) ) ;
#11874 = ORIENTED_EDGE ( 'NONE', *, *, #3471, .F. ) ;
#11875 = VERTEX_POINT ( 'NONE', #3563 ) ;
#11876 = ORIENTED_EDGE ( 'NONE', *, *, #571, .T. ) ;
#11877 = ORIENTED_EDGE ( 'NONE', *, *, #11338, .F. ) ;
#11878 = DIRECTION ( 'NONE',  ( -1.000000000000000000, 0.000000000000000000, 0.000000000000000000 ) ) ;
#11879 = DIRECTION ( 'NONE',  ( -1.000000000000000000, -0.000000000000000000, -0.000000000000000000 ) ) ;
#11880 = VECTOR ( 'NONE', #9017, 1000.000000000000114 ) ;
#11881 = VECTOR ( 'NONE', #2070, 1000.000000000000000 ) ;
#11882 = VECTOR ( 'NONE', #4379, 1000.000000000000000 ) ;
#11883 = ORIENTED_EDGE ( 'NONE', *, *, #10703, .T. ) ;
#11884 = CARTESIAN_POINT ( 'NONE',  ( -34.50374022699593013, 7.500000000000000000, -33.62500000000000000 ) ) ;
#11885 = CARTESIAN_POINT ( 'NONE',  ( 27.54999999999999005, 10.80000000000000071, 17.44999999999961560 ) ) ;
#11886 = EDGE_CURVE ( 'NONE', #4362, #8418, #645, .T. ) ;
#11887 = ORIENTED_EDGE ( 'NONE', *, *, #917, .F. ) ;
#11888 = VECTOR ( 'NONE', #88, 1000.000000000000000 ) ;
#11889 = CARTESIAN_POINT ( 'NONE',  ( -51.62500000000000000, 10.80000000000000426, -26.45000000000038298 ) ) ;
#11890 = CARTESIAN_POINT ( 'NONE',  ( 0.000000000000000000, 7.500000000000000000, -7.503740226996326257 ) ) ;
#11891 = ORIENTED_EDGE ( 'NONE', *, *, #7465, .T. ) ;
#11892 = VECTOR ( 'NONE', #8840, 1000.000000000000227 ) ;
#11893 = EDGE_LOOP ( 'NONE', ( #11996, #8284, #3331, #11618 ) ) ;
#11894 = LINE ( 'NONE', #3599, #5805 ) ;
#11895 = CARTESIAN_POINT ( 'NONE',  ( 0.5158952929132372134, 14.51721864012751162, -26.48410470708715536 ) ) ;
#11896 = DIRECTION ( 'NONE',  ( -0.000000000000000000, -0.000000000000000000, 1.000000000000000000 ) ) ;
#11897 = EDGE_CURVE ( 'NONE', #8364, #8232, #1802, .T. ) ;
#11898 = CARTESIAN_POINT ( 'NONE',  ( 28.39060707660950555, 7.868454739437104273, 1.390607076609126302 ) ) ;
#11899 = EDGE_CURVE ( 'NONE', #3983, #9387, #5322, .T. ) ;
#11900 = DIRECTION ( 'NONE',  ( 0.000000000000000000, 0.000000000000000000, -1.000000000000000000 ) ) ;
#11901 = FACE_OUTER_BOUND ( 'NONE', #9560, .T. ) ;
#11902 = CARTESIAN_POINT ( 'NONE',  ( 0.5500000000000088152, 82.98258077199005811, 35.45000000000000995 ) ) ;
#11903 = ORIENTED_EDGE ( 'NONE', *, *, #5673, .T. ) ;
#11904 = LINE ( 'NONE', #10874, #7424 ) ;
#11905 = EDGE_CURVE ( 'NONE', #1721, #3214, #8105, .T. ) ;
#11906 = EDGE_LOOP ( 'NONE', ( #3426, #5184, #10903, #5026 ) ) ;
#11907 = PLANE ( 'NONE',  #10523 ) ;
#11908 = CARTESIAN_POINT ( 'NONE',  ( 0.000000000000000000, 7.500000000000000000, 34.50374022699554644 ) ) ;
#11909 = EDGE_LOOP ( 'NONE', ( #6011, #3955, #3614, #3244 ) ) ;
#11910 = EDGE_CURVE ( 'NONE', #4288, #9898, #11798, .T. ) ;
#11911 = DIRECTION ( 'NONE',  ( 1.000000000000000000, 0.000000000000000000, 0.000000000000000000 ) ) ;
#11912 = EDGE_CURVE ( 'NONE', #8979, #9072, #5437, .T. ) ;
#11913 = CARTESIAN_POINT ( 'NONE',  ( 53.44999999999999574, -11.50000000000000000, 35.44999999999998863 ) ) ;
#11914 = ADVANCED_FACE ( 'NONE', ( #6414 ), #10774, .T. ) ;
#11915 = LINE ( 'NONE', #9070, #9166 ) ;
#11916 = VERTEX_POINT ( 'NONE', #9856 ) ;
#11917 = LINE ( 'NONE', #5434, #4186 ) ;
#11918 = ORIENTED_EDGE ( 'NONE', *, *, #5481, .F. ) ;
#11919 = EDGE_CURVE ( 'NONE', #2090, #1504, #11980, .T. ) ;
#11920 = CARTESIAN_POINT ( 'NONE',  ( 21.02003275609392929, 16.53698307386825661, -30.02003275609392574 ) ) ;
#11921 = CARTESIAN_POINT ( 'NONE',  ( 24.62500000000000000, 10.80000000000000426, 9.549999999999613465 ) ) ;
#11922 = AXIS2_PLACEMENT_3D ( 'NONE', #8795, #11636, #4184 ) ;
#11923 = ORIENTED_EDGE ( 'NONE', *, *, #3778, .F. ) ;
#11924 = DIRECTION ( 'NONE',  ( 1.000000000000000000, 0.000000000000000000, 0.000000000000000000 ) ) ;
#11925 = DIRECTION ( 'NONE',  ( -0.000000000000000000, -1.000000000000000000, -0.000000000000000000 ) ) ;
#11926 = EDGE_CURVE ( 'NONE', #11324, #1582, #10276, .T. ) ;
#11927 = CARTESIAN_POINT ( 'NONE',  ( 18.54999999999999716, 10.80000000000000071, -17.45000000000039009 ) ) ;
#11928 = FACE_OUTER_BOUND ( 'NONE', #7740, .T. ) ;
#11929 = VECTOR ( 'NONE', #1040, 1000.000000000000114 ) ;
#11930 = ORIENTED_EDGE ( 'NONE', *, *, #8120, .T. ) ;
#11931 = ORIENTED_EDGE ( 'NONE', *, *, #9071, .F. ) ;
#11932 = VERTEX_POINT ( 'NONE', #11135 ) ;
#11933 = LINE ( 'NONE', #2724, #4002 ) ;
#11934 = CARTESIAN_POINT ( 'NONE',  ( -7.503740226995931017, 7.500000000000000000, 0.000000000000000000 ) ) ;
#11935 = ORIENTED_EDGE ( 'NONE', *, *, #2998, .F. ) ;
#11936 = DIRECTION ( 'NONE',  ( 0.2657276780299911434, 0.9267025424900801056, 0.2657276780299911434 ) ) ;
#11937 = ORIENTED_EDGE ( 'NONE', *, *, #3724, .T. ) ;
#11938 = ORIENTED_EDGE ( 'NONE', *, *, #1065, .T. ) ;
#11939 = VECTOR ( 'NONE', #10640, 1000.000000000000114 ) ;
#11940 = VERTEX_POINT ( 'NONE', #7499 ) ;
#11941 = ORIENTED_EDGE ( 'NONE', *, *, #3430, .F. ) ;
#11942 = LINE ( 'NONE', #8973, #3337 ) ;
#11943 = CARTESIAN_POINT ( 'NONE',  ( 19.83347944262236595, 18.51173940819399988, -7.338694308526345189 ) ) ;
#11944 = EDGE_CURVE ( 'NONE', #2465, #1516, #5566, .T. ) ;
#11945 = VECTOR ( 'NONE', #7811, 1000.000000000000000 ) ;
#11946 = VECTOR ( 'NONE', #3395, 1000.000000000000114 ) ;
#11947 = ORIENTED_EDGE ( 'NONE', *, *, #5574, .F. ) ;
#11948 = CARTESIAN_POINT ( 'NONE',  ( -29.37500000000000000, 10.53731005528967835, -26.37467487046946957 ) ) ;
#11949 = CARTESIAN_POINT ( 'NONE',  ( 29.37500000000000000, 10.53731005528968012, 17.37467487046870218 ) ) ;
#11950 = VERTEX_POINT ( 'NONE', #160 ) ;
#11951 = CARTESIAN_POINT ( 'NONE',  ( 1.390607076609480686, 7.868454739437197532, 34.60939292339013207 ) ) ;
#11952 = CARTESIAN_POINT ( 'NONE',  ( -2.375000000000005773, 10.53731005528968545, 33.62500000000000000 ) ) ;
#11953 = ORIENTED_EDGE ( 'NONE', *, *, #11179, .T. ) ;
#11954 = ORIENTED_EDGE ( 'NONE', *, *, #11370, .T. ) ;
#11955 = EDGE_CURVE ( 'NONE', #2591, #9684, #4833, .T. ) ;
#11956 = LINE ( 'NONE', #7296, #10063 ) ;
#11957 = CARTESIAN_POINT ( 'NONE',  ( 20.65831223607736788, -3.969694544262557745, 22.78514175963400490 ) ) ;
#11958 = EDGE_CURVE ( 'NONE', #7466, #2104, #8529, .T. ) ;
#11959 = LINE ( 'NONE', #6677, #10213 ) ;
#11960 = CARTESIAN_POINT ( 'NONE',  ( 27.54999999999999005, 10.80000000000000071, 9.549999999999611688 ) ) ;
#11961 = DIRECTION ( 'NONE',  ( 0.000000000000000000, -1.000000000000000000, 0.000000000000000000 ) ) ;
#11962 = CARTESIAN_POINT ( 'NONE',  ( -26.45000000000000284, -11.50000000000000000, 35.45000000000000995 ) ) ;
#11963 = ORIENTED_EDGE ( 'NONE', *, *, #2989, .T. ) ;
#11964 = DIRECTION ( 'NONE',  ( -0.000000000000000000, -0.2756373558170023830, -0.9612616959383180060 ) ) ;
#11965 = ORIENTED_EDGE ( 'NONE', *, *, #3018, .T. ) ;
#11966 = LINE ( 'NONE', #11058, #6857 ) ;
#11967 = CARTESIAN_POINT ( 'NONE',  ( 0.000000000000000000, 10.80000000000000071, 33.62500000000000000 ) ) ;
#11968 = ORIENTED_EDGE ( 'NONE', *, *, #5466, .T. ) ;
#11969 = EDGE_CURVE ( 'NONE', #3873, #11875, #8467, .T. ) ;
#11970 = EDGE_CURVE ( 'NONE', #9099, #8186, #3861, .T. ) ;
#11971 = DIRECTION ( 'NONE',  ( -0.2657276780299913099, 0.9267025424900799946, 0.2657276780299913099 ) ) ;
#11972 = DIRECTION ( 'NONE',  ( 1.000000000000000000, -0.000000000000000000, -2.679109615408197094E-16 ) ) ;
#11973 = CARTESIAN_POINT ( 'NONE',  ( -30.29710944613220036, 1.219690838746894768, -23.70289055386817267 ) ) ;
#11974 = ORIENTED_EDGE ( 'NONE', *, *, #5098, .T. ) ;
#11975 = DIRECTION ( 'NONE',  ( -1.000000000000000000, 0.000000000000000000, 0.000000000000000000 ) ) ;
#11976 = AXIS2_PLACEMENT_3D ( 'NONE', #7744, #10709, #2225 ) ;
#11977 = VERTEX_POINT ( 'NONE', #1975 ) ;
#11978 = EDGE_CURVE ( 'NONE', #11201, #5284, #6480, .T. ) ;
#11979 = EDGE_CURVE ( 'NONE', #11069, #1230, #952, .T. ) ;
#11980 = LINE ( 'NONE', #8409, #5799 ) ;
#11981 = DIRECTION ( 'NONE',  ( 0.000000000000000000, 0.000000000000000000, -1.000000000000000000 ) ) ;
#11982 = ORIENTED_EDGE ( 'NONE', *, *, #6574, .F. ) ;
#11983 = LINE ( 'NONE', #6417, #1422 ) ;
#11984 = DIRECTION ( 'NONE',  ( 0.000000000000000000, -0.000000000000000000, -1.000000000000000000 ) ) ;
#11985 = FACE_OUTER_BOUND ( 'NONE', #7227, .T. ) ;
#11986 = LINE ( 'NONE', #2531, #8842 ) ;
#11987 = ORIENTED_EDGE ( 'NONE', *, *, #9865, .F. ) ;
#11988 = ORIENTED_EDGE ( 'NONE', *, *, #9828, .F. ) ;
#11989 = ORIENTED_EDGE ( 'NONE', *, *, #5870, .T. ) ;
#11990 = DIRECTION ( 'NONE',  ( 0.000000000000000000, 0.000000000000000000, -1.000000000000000000 ) ) ;
#11991 = CARTESIAN_POINT ( 'NONE',  ( -26.45000000000000284, 10.80000000000000071, 26.44999999999961204 ) ) ;
#11992 = VERTEX_POINT ( 'NONE', #9378 ) ;
#11993 = EDGE_CURVE ( 'NONE', #3666, #10742, #2830, .T. ) ;
#11994 = CARTESIAN_POINT ( 'NONE',  ( -35.44999999999999574, 10.80000000000000071, 9.549999999999611688 ) ) ;
#11995 = VERTEX_POINT ( 'NONE', #7379 ) ;
#11996 = ORIENTED_EDGE ( 'NONE', *, *, #612, .F. ) ;
#11997 = VECTOR ( 'NONE', #7534, 1000.000000000000000 ) ;
#11998 = ORIENTED_EDGE ( 'NONE', *, *, #3221, .T. ) ;
#11999 = DIRECTION ( 'NONE',  ( 1.000000000000000000, 0.000000000000000000, 0.000000000000000000 ) ) ;
#12000 = FACE_OUTER_BOUND ( 'NONE', #9093, .T. ) ;
ENDSEC;
END-ISO-10303-21;
