ISO-10303-21;
HEADER;
FILE_DESCRIPTION (( 'STEP AP214' ),
    '1' );
FILE_NAME ('No Segment Subtap.STEP',
    '2026-09-02T23:01:29',
    ( '' ),
    ( '' ),
    'SwSTEP 2.0',
    'SolidWorks 2024',
    '' );
FILE_SCHEMA (( 'AUTOMOTIVE_DESIGN' ));
ENDSEC;

DATA;
#1 = VECTOR ( 'NONE', #2124, 1000.000000000000000 ) ;
#2 = CARTESIAN_POINT ( 'NONE',  ( 40.07937528197222576, 29.75245638442229179, 13.88452941702785459 ) ) ;
#3 = CARTESIAN_POINT ( 'NONE',  ( 50.70289055386778898, 1.219690838746888550, -23.70289055386817978 ) ) ;
#4 = ORIENTED_EDGE ( 'NONE', *, *, #5404, .F. ) ;
#5 = ORIENTED_EDGE ( 'NONE', *, *, #2370, .F. ) ;
#6 = ORIENTED_EDGE ( 'NONE', *, *, #2923, .T. ) ;
#7 = VECTOR ( 'NONE', #4072, 1000.000000000000114 ) ;
#8 = ADVANCED_FACE ( 'NONE', ( #5583 ), #835, .F. ) ;
#9 = ORIENTED_EDGE ( 'NONE', *, *, #4940, .T. ) ;
#10 = CARTESIAN_POINT ( 'NONE',  ( 18.62532512953090347, 10.53731005528970321, 33.62500000000000000 ) ) ;
#11 = DIRECTION ( 'NONE',  ( -1.000000000000000000, 0.000000000000000000, 0.000000000000000000 ) ) ;
#12 = AXIS2_PLACEMENT_3D ( 'NONE', #2090, #3126, #5179 ) ;
#13 = FACE_OUTER_BOUND ( 'NONE', #4165, .T. ) ;
#14 = CARTESIAN_POINT ( 'NONE',  ( -51.62500000000000000, 10.80000000000000426, -8.450000000000388312 ) ) ;
#15 = EDGE_CURVE ( 'NONE', #3715, #4626, #2908, .T. ) ;
#16 = CARTESIAN_POINT ( 'NONE',  ( 0.5499999999999949374, 10.80000000000000071, -35.45000000000039364 ) ) ;
#17 = FACE_OUTER_BOUND ( 'NONE', #5015, .T. ) ;
#18 = VECTOR ( 'NONE', #1003, 1000.000000000000227 ) ;
#19 = VERTEX_POINT ( 'NONE', #868 ) ;
#20 = VERTEX_POINT ( 'NONE', #6073 ) ;
#21 = EDGE_LOOP ( 'NONE', ( #2330, #5032, #469, #3858 ) ) ;
#22 = ADVANCED_FACE ( 'NONE', ( #3399 ), #2974, .T. ) ;
#23 = CARTESIAN_POINT ( 'NONE',  ( 0.5499999999999949374, 10.80000000000000071, -35.45000000000039364 ) ) ;
#24 = LINE ( 'NONE', #6183, #306 ) ;
#25 = DIRECTION ( 'NONE',  ( -1.000000000000000000, 0.000000000000000000, 0.000000000000000000 ) ) ;
#26 = EDGE_CURVE ( 'NONE', #4157, #6836, #4481, .T. ) ;
#27 = ORIENTED_EDGE ( 'NONE', *, *, #6265, .T. ) ;
#28 = EDGE_CURVE ( 'NONE', #748, #5678, #6579, .T. ) ;
#29 = DIRECTION ( 'NONE',  ( 0.2657276780299913099, -0.9267025424900799946, 0.2657276780299913099 ) ) ;
#30 = CARTESIAN_POINT ( 'NONE',  ( -50.46304075958532565, 7.439221183800119874, 35.48651959712561421 ) ) ;
#31 = ORIENTED_EDGE ( 'NONE', *, *, #3183, .T. ) ;
#32 = ORIENTED_EDGE ( 'NONE', *, *, #72, .T. ) ;
#33 = EDGE_CURVE ( 'NONE', #5188, #82, #6507, .T. ) ;
#34 = LINE ( 'NONE', #4254, #4502 ) ;
#35 = DIRECTION ( 'NONE',  ( -1.000000000000000000, -0.000000000000000000, -0.000000000000000000 ) ) ;
#36 = DIRECTION ( 'NONE',  ( -1.000000000000000000, 0.000000000000000000, 0.000000000000000000 ) ) ;
#37 = LINE ( 'NONE', #6394, #2278 ) ;
#38 = DIRECTION ( 'NONE',  ( 0.2386847610229713146, 0.8323926831162099527, -0.5001519828512170918 ) ) ;
#39 = EDGE_LOOP ( 'NONE', ( #3111, #4312, #5128, #4214 ) ) ;
#40 = ORIENTED_EDGE ( 'NONE', *, *, #5848, .T. ) ;
#41 = ORIENTED_EDGE ( 'NONE', *, *, #5823, .F. ) ;
#42 = ORIENTED_EDGE ( 'NONE', *, *, #1332, .T. ) ;
#43 = CARTESIAN_POINT ( 'NONE',  ( 9.550000000000002487, 10.80000000000000071, -35.45000000000039364 ) ) ;
#44 = CARTESIAN_POINT ( 'NONE',  ( 51.62500000000000711, 7.500000000000000000, -25.50374022699631382 ) ) ;
#45 = CARTESIAN_POINT ( 'NONE',  ( -40.07937528197223997, 29.75245638442227047, -22.88452941702866283 ) ) ;
#46 = VERTEX_POINT ( 'NONE', #3953 ) ;
#47 = DIRECTION ( 'NONE',  ( 0.7071067811865452413, 0.000000000000000000, -0.7071067811865497932 ) ) ;
#48 = CARTESIAN_POINT ( 'NONE',  ( -61.00000000000000000, 10.49999999999999822, 8.000000000000000000 ) ) ;
#49 = LINE ( 'NONE', #1672, #6178 ) ;
#50 = ORIENTED_EDGE ( 'NONE', *, *, #3785, .F. ) ;
#51 = ORIENTED_EDGE ( 'NONE', *, *, #3236, .F. ) ;
#52 = ORIENTED_EDGE ( 'NONE', *, *, #905, .T. ) ;
#53 = DIRECTION ( 'NONE',  ( -1.000000000000000000, 0.000000000000000000, 0.000000000000000000 ) ) ;
#54 = CARTESIAN_POINT ( 'NONE',  ( -44.44999999999999574, 10.80000000000000071, 35.44999999999961204 ) ) ;
#55 = CARTESIAN_POINT ( 'NONE',  ( 50.06999999999688100, 7.500000000021168844, 35.44999999999991758 ) ) ;
#56 = ORIENTED_EDGE ( 'NONE', *, *, #3661, .F. ) ;
#57 = CARTESIAN_POINT ( 'NONE',  ( 55.00000000000000000, 0.000000000000000000, 41.00000000000000000 ) ) ;
#58 = LINE ( 'NONE', #2161, #2395 ) ;
#59 = CARTESIAN_POINT ( 'NONE',  ( -48.93261023597309389, -0.9965637948165171345, -32.06738976402728980 ) ) ;
#60 = VERTEX_POINT ( 'NONE', #1254 ) ;
#61 = EDGE_CURVE ( 'NONE', #260, #1155, #3360, .T. ) ;
#62 = LINE ( 'NONE', #678, #5834 ) ;
#63 = CARTESIAN_POINT ( 'NONE',  ( 53.46433284087009952, 7.476146147016117460, 32.85609948042137773 ) ) ;
#64 = CARTESIAN_POINT ( 'NONE',  ( -15.26428640000788306, 22.25864506693675793, 26.58211138907232751 ) ) ;
#65 = ADVANCED_FACE ( 'NONE', ( #735 ), #2840, .T. ) ;
#66 = DIRECTION ( 'NONE',  ( -1.000000000000000000, 8.917574327783688856E-16, 0.000000000000000000 ) ) ;
#67 = DIRECTION ( 'NONE',  ( 0.000000000000000000, 0.000000000000000000, 1.000000000000000000 ) ) ;
#68 = VERTEX_POINT ( 'NONE', #284 ) ;
#69 = ORIENTED_EDGE ( 'NONE', *, *, #4381, .T. ) ;
#70 = ADVANCED_FACE ( 'NONE', ( #3920 ), #6034, .F. ) ;
#71 = ADVANCED_FACE ( 'NONE', ( #1564 ), #4161, .F. ) ;
#72 = EDGE_CURVE ( 'NONE', #2524, #5071, #456, .T. ) ;
#73 = VECTOR ( 'NONE', #2276, 1000.000000000000000 ) ;
#74 = LINE ( 'NONE', #5407, #767 ) ;
#75 = LINE ( 'NONE', #6231, #2412 ) ;
#76 = CARTESIAN_POINT ( 'NONE',  ( 52.50374022699593723, 7.500000000000000000, 0.000000000000000000 ) ) ;
#77 = DIRECTION ( 'NONE',  ( 0.2386847610229713423, 0.8323926831162092865, 0.5001519828512179799 ) ) ;
#78 = AXIS2_PLACEMENT_3D ( 'NONE', #2570, #2538, #3478 ) ;
#79 = VECTOR ( 'NONE', #1147, 1000.000000000000000 ) ;
#80 = DIRECTION ( 'NONE',  ( 1.000000000000000000, 0.000000000000000000, 0.000000000000000000 ) ) ;
#81 = AXIS2_PLACEMENT_3D ( 'NONE', #1722, #3833, #5369 ) ;
#82 = VERTEX_POINT ( 'NONE', #6706 ) ;
#83 = CARTESIAN_POINT ( 'NONE',  ( -62.00000000000000000, 7.500000000000000000, 41.00000000000000000 ) ) ;
#84 = VECTOR ( 'NONE', #3853, 1000.000000000000000 ) ;
#85 = ORIENTED_EDGE ( 'NONE', *, *, #277, .T. ) ;
#86 = ADVANCED_FACE ( 'NONE', ( #6269 ), #5722, .F. ) ;
#87 = CARTESIAN_POINT ( 'NONE',  ( -52.80943399447264852, 8.566080860090394822, -19.19056600552773872 ) ) ;
#88 = CARTESIAN_POINT ( 'NONE',  ( 45.54999999999999005, 10.80000000000000071, -35.45000000000039364 ) ) ;
#89 = DIRECTION ( 'NONE',  ( 0.2386847610229713423, -0.8323926831162092865, -0.5001519828512179799 ) ) ;
#90 = VERTEX_POINT ( 'NONE', #1529 ) ;
#91 = PLANE ( 'NONE',  #2594 ) ;
#92 = VECTOR ( 'NONE', #4932, 1000.000000000000000 ) ;
#93 = VERTEX_POINT ( 'NONE', #3596 ) ;
#94 = VECTOR ( 'NONE', #833, 1000.000000000000114 ) ;
#95 = PLANE ( 'NONE',  #4511 ) ;
#96 = CARTESIAN_POINT ( 'NONE',  ( 53.44999999999999574, 7.500000000000007105, 33.24983049629118881 ) ) ;
#97 = CARTESIAN_POINT ( 'NONE',  ( -19.49625977300407342, 7.500000000000000000, 33.62500000000000000 ) ) ;
#98 = DIRECTION ( 'NONE',  ( -1.000000000000000000, 0.000000000000000000, 0.000000000000000000 ) ) ;
#99 = DIRECTION ( 'NONE',  ( 1.000000000000000000, 0.000000000000000000, 0.000000000000000000 ) ) ;
#100 = VECTOR ( 'NONE', #3779, 1000.000000000000000 ) ;
#101 = ORIENTED_EDGE ( 'NONE', *, *, #5630, .T. ) ;
#102 = VERTEX_POINT ( 'NONE', #5166 ) ;
#103 = VECTOR ( 'NONE', #760, 1000.000000000000114 ) ;
#104 = CARTESIAN_POINT ( 'NONE',  ( 51.62500000000000000, 10.80000000000000071, 0.000000000000000000 ) ) ;
#105 = DIRECTION ( 'NONE',  ( 0.000000000000000000, 0.000000000000000000, -1.000000000000000000 ) ) ;
#106 = CARTESIAN_POINT ( 'NONE',  ( -53.44999999999999574, 7.499999999999947597, -32.07000000000001450 ) ) ;
#107 = EDGE_CURVE ( 'NONE', #1423, #5257, #5683, .T. ) ;
#108 = AXIS2_PLACEMENT_3D ( 'NONE', #5117, #985, #6722 ) ;
#109 = ADVANCED_FACE ( 'NONE', ( #4717 ), #1010, .F. ) ;
#110 = ORIENTED_EDGE ( 'NONE', *, *, #6620, .T. ) ;
#111 = ADVANCED_FACE ( 'NONE', ( #3004 ), #1044, .F. ) ;
#112 = DIRECTION ( 'NONE',  ( 1.000000000000000000, 0.000000000000000000, 0.000000000000000000 ) ) ;
#113 = CARTESIAN_POINT ( 'NONE',  ( 61.43449314192414334, 10.49999999999999822, 33.36342533005872468 ) ) ;
#114 = CARTESIAN_POINT ( 'NONE',  ( -50.26605971237383130, 7.425829079490167572, -35.49456638521138530 ) ) ;
#115 = VERTEX_POINT ( 'NONE', #5242 ) ;
#116 = DIRECTION ( 'NONE',  ( 0.000000000000000000, 0.000000000000000000, 1.000000000000000000 ) ) ;
#117 = EDGE_LOOP ( 'NONE', ( #5847, #4, #4754, #4236 ) ) ;
#118 = ORIENTED_EDGE ( 'NONE', *, *, #6235, .F. ) ;
#119 = AXIS2_PLACEMENT_3D ( 'NONE', #5264, #2138, #3212 ) ;
#120 = LINE ( 'NONE', #3813, #177 ) ;
#121 = CARTESIAN_POINT ( 'NONE',  ( 18.54999999999999716, 10.80000000000000071, -33.62500000000000000 ) ) ;
#122 = FACE_OUTER_BOUND ( 'NONE', #2106, .T. ) ;
#123 = ORIENTED_EDGE ( 'NONE', *, *, #3877, .F. ) ;
#124 = CARTESIAN_POINT ( 'NONE',  ( -43.50374022699593013, 7.500000000000000000, 0.000000000000000000 ) ) ;
#125 = ORIENTED_EDGE ( 'NONE', *, *, #699, .F. ) ;
#126 = VECTOR ( 'NONE', #2111, 1000.000000000000227 ) ;
#127 = LINE ( 'NONE', #3307, #5168 ) ;
#128 = CARTESIAN_POINT ( 'NONE',  ( 53.44999999999999574, 7.500000000000007105, 30.89016950370480075 ) ) ;
#129 = DIRECTION ( 'NONE',  ( -0.2657276780299911434, 0.9267025424900801056, 0.2657276780299911434 ) ) ;
#130 = ADVANCED_FACE ( 'NONE', ( #6305 ), #934, .F. ) ;
#131 = DIRECTION ( 'NONE',  ( -0.2657276780299913099, 0.9267025424900799946, 0.2657276780299913099 ) ) ;
#132 = CARTESIAN_POINT ( 'NONE',  ( 53.44999999999999574, 7.500000000000007105, -35.45000000000003126 ) ) ;
#133 = VERTEX_POINT ( 'NONE', #4685 ) ;
#134 = EDGE_LOOP ( 'NONE', ( #3992, #5572, #452, #2649 ) ) ;
#135 = ADVANCED_FACE ( 'NONE', ( #417 ), #5761, .F. ) ;
#136 = DIRECTION ( 'NONE',  ( 1.000000000000000000, 0.000000000000000000, 0.000000000000000000 ) ) ;
#137 = CARTESIAN_POINT ( 'NONE',  ( -45.54999999999999005, 10.80000000000000071, 35.44999999999961204 ) ) ;
#138 = LINE ( 'NONE', #2728, #2385 ) ;
#139 = PLANE ( 'NONE',  #6310 ) ;
#140 = CARTESIAN_POINT ( 'NONE',  ( -28.19056600552735503, 8.566080860090394822, -34.80943399447265563 ) ) ;
#141 = ADVANCED_FACE ( 'NONE', ( #2041 ), #4654, .F. ) ;
#142 = ORIENTED_EDGE ( 'NONE', *, *, #1101, .F. ) ;
#143 = DIRECTION ( 'NONE',  ( -1.000000000000000000, -3.018354541273066194E-16, 8.654992372942126676E-17 ) ) ;
#144 = CARTESIAN_POINT ( 'NONE',  ( -53.44999999999999574, 10.80000000000000071, 0.5499999999996132427 ) ) ;
#145 = CARTESIAN_POINT ( 'NONE',  ( -38.73571359999212405, 22.25864506693676148, -26.58211138907234172 ) ) ;
#146 = VERTEX_POINT ( 'NONE', #4055 ) ;
#147 = CARTESIAN_POINT ( 'NONE',  ( 0.000000000000000000, 7.500000000000000000, 19.49625977300368262 ) ) ;
#148 = ORIENTED_EDGE ( 'NONE', *, *, #3812, .T. ) ;
#149 = ORIENTED_EDGE ( 'NONE', *, *, #3140, .F. ) ;
#150 = DIRECTION ( 'NONE',  ( 0.000000000000000000, 0.000000000000000000, 1.000000000000000000 ) ) ;
#151 = PLANE ( 'NONE',  #3838 ) ;
#152 = PLANE ( 'NONE',  #5207 ) ;
#153 = ORIENTED_EDGE ( 'NONE', *, *, #4327, .F. ) ;
#154 = LINE ( 'NONE', #4379, #852 ) ;
#155 = VERTEX_POINT ( 'NONE', #6169 ) ;
#156 = VERTEX_POINT ( 'NONE', #1420 ) ;
#157 = CARTESIAN_POINT ( 'NONE',  ( 46.19056600552747227, 8.566080860090005800, -34.80943399447291142 ) ) ;
#158 = DIRECTION ( 'NONE',  ( 0.000000000000000000, 0.000000000000000000, 1.000000000000000000 ) ) ;
#159 = CARTESIAN_POINT ( 'NONE',  ( -53.44999999999999574, 10.80000000000000071, -27.55000000000038796 ) ) ;
#160 = LINE ( 'NONE', #1137, #4884 ) ;
#161 = VERTEX_POINT ( 'NONE', #3527 ) ;
#162 = ORIENTED_EDGE ( 'NONE', *, *, #3455, .F. ) ;
#163 = DIRECTION ( 'NONE',  ( -0.2657276780299894225, 0.9267025424900811048, 0.2657276780299894225 ) ) ;
#164 = EDGE_CURVE ( 'NONE', #2930, #1362, #5654, .T. ) ;
#165 = PLANE ( 'NONE',  #3518 ) ;
#166 = EDGE_LOOP ( 'NONE', ( #2027, #1118, #1105, #6163 ) ) ;
#167 = LINE ( 'NONE', #3426, #5597 ) ;
#168 = DIRECTION ( 'NONE',  ( 1.000000000000000000, 0.000000000000000000, 0.000000000000000000 ) ) ;
#169 = ORIENTED_EDGE ( 'NONE', *, *, #1291, .F. ) ;
#170 = AXIS2_PLACEMENT_3D ( 'NONE', #57, #2159, #6733 ) ;
#171 = EDGE_CURVE ( 'NONE', #5982, #2880, #6746, .T. ) ;
#172 = FACE_OUTER_BOUND ( 'NONE', #5924, .T. ) ;
#173 = CARTESIAN_POINT ( 'NONE',  ( -0.6253251295308879243, 10.53731005528968012, 33.62500000000000000 ) ) ;
#174 = CARTESIAN_POINT ( 'NONE',  ( -51.15077886840396815, 7.499999999999942268, -35.45000000000001705 ) ) ;
#175 = ADVANCED_FACE ( 'NONE', ( #4613 ), #1974, .T. ) ;
#176 = ORIENTED_EDGE ( 'NONE', *, *, #5411, .F. ) ;
#177 = VECTOR ( 'NONE', #2255, 1000.000000000000000 ) ;
#178 = CARTESIAN_POINT ( 'NONE',  ( -51.62500000000000000, 10.80000000000000426, -9.550000000000384404 ) ) ;
#179 = CARTESIAN_POINT ( 'NONE',  ( -40.07937528197223997, 29.75245638442227047, -4.115470582972111657 ) ) ;
#180 = ORIENTED_EDGE ( 'NONE', *, *, #437, .T. ) ;
#181 = EDGE_CURVE ( 'NONE', #3856, #5843, #138, .T. ) ;
#182 = ORIENTED_EDGE ( 'NONE', *, *, #578, .F. ) ;
#183 = VECTOR ( 'NONE', #5020, 1000.000000000000114 ) ;
#184 = VECTOR ( 'NONE', #5393, 1000.000000000000000 ) ;
#185 = PLANE ( 'NONE',  #1501 ) ;
#186 = CARTESIAN_POINT ( 'NONE',  ( -51.62500000000000000, 10.53731005528969256, -33.62500000000000000 ) ) ;
#187 = FACE_OUTER_BOUND ( 'NONE', #2037, .T. ) ;
#188 = VERTEX_POINT ( 'NONE', #658 ) ;
#189 = CARTESIAN_POINT ( 'NONE',  ( 10.49625977300407875, 7.500000000000000000, 0.000000000000000000 ) ) ;
#190 = VECTOR ( 'NONE', #6820, 1000.000000000000000 ) ;
#191 = ORIENTED_EDGE ( 'NONE', *, *, #5024, .T. ) ;
#192 = EDGE_CURVE ( 'NONE', #82, #2913, #2241, .T. ) ;
#193 = VECTOR ( 'NONE', #5062, 1000.000000000000000 ) ;
#194 = ADVANCED_FACE ( 'NONE', ( #4893 ), #6405, .F. ) ;
#195 = ORIENTED_EDGE ( 'NONE', *, *, #2160, .T. ) ;
#196 = EDGE_CURVE ( 'NONE', #5111, #4871, #6369, .T. ) ;
#197 = ADVANCED_FACE ( 'NONE', ( #4364 ), #3836, .F. ) ;
#198 = AXIS2_PLACEMENT_3D ( 'NONE', #3682, #3648, #6758 ) ;
#199 = CARTESIAN_POINT ( 'NONE',  ( 26.37467487046910009, 10.53731005528967835, 33.62500000000000000 ) ) ;
#200 = LINE ( 'NONE', #753, #5638 ) ;
#201 = LINE ( 'NONE', #4954, #1177 ) ;
#202 = ORIENTED_EDGE ( 'NONE', *, *, #3148, .F. ) ;
#203 = ORIENTED_EDGE ( 'NONE', *, *, #2638, .F. ) ;
#204 = AXIS2_PLACEMENT_3D ( 'NONE', #5796, #3085, #1048 ) ;
#205 = CARTESIAN_POINT ( 'NONE',  ( -53.44999999999999574, 10.80000000000000071, 0.5499999999996132427 ) ) ;
#206 = LINE ( 'NONE', #3980, #103 ) ;
#207 = EDGE_CURVE ( 'NONE', #6313, #6590, #1693, .T. ) ;
#208 = AXIS2_PLACEMENT_3D ( 'NONE', #5682, #1456, #3035 ) ;
#209 = ORIENTED_EDGE ( 'NONE', *, *, #5718, .T. ) ;
#210 = DIRECTION ( 'NONE',  ( 0.000000000000000000, 0.000000000000000000, 1.000000000000000000 ) ) ;
#211 = EDGE_CURVE ( 'NONE', #271, #2633, #2763, .T. ) ;
#212 = ORIENTED_EDGE ( 'NONE', *, *, #221, .T. ) ;
#213 = VECTOR ( 'NONE', #4294, 1000.000000000000000 ) ;
#214 = PLANE ( 'NONE',  #2598 ) ;
#215 = PLANE ( 'NONE',  #6824 ) ;
#216 = CARTESIAN_POINT ( 'NONE',  ( -52.80943399447264142, 8.566080860090410809, 0.000000000000000000 ) ) ;
#217 = DIRECTION ( 'NONE',  ( 0.000000000000000000, 0.000000000000000000, -1.000000000000000000 ) ) ;
#218 = AXIS2_PLACEMENT_3D ( 'NONE', #6834, #2092, #6318 ) ;
#219 = DIRECTION ( 'NONE',  ( -0.000000000000000000, -1.000000000000000000, -0.000000000000000000 ) ) ;
#220 = ORIENTED_EDGE ( 'NONE', *, *, #4818, .F. ) ;
#221 = EDGE_CURVE ( 'NONE', #4568, #3372, #5963, .T. ) ;
#222 = ORIENTED_EDGE ( 'NONE', *, *, #4615, .T. ) ;
#223 = VECTOR ( 'NONE', #2566, 1000.000000000000114 ) ;
#224 = PLANE ( 'NONE',  #1066 ) ;
#225 = DIRECTION ( 'NONE',  ( -0.2386847610229711480, -0.8323926831162093976, 0.5001519828512179799 ) ) ;
#226 = DIRECTION ( 'NONE',  ( -0.9612616959383174509, -0.2756373558170042704, 0.000000000000000000 ) ) ;
#227 = ORIENTED_EDGE ( 'NONE', *, *, #2467, .T. ) ;
#228 = CARTESIAN_POINT ( 'NONE',  ( 51.62500000000000000, 10.80000000000000426, 27.54999999999960991 ) ) ;
#229 = ORIENTED_EDGE ( 'NONE', *, *, #3662, .F. ) ;
#230 = ADVANCED_FACE ( 'NONE', ( #2624 ), #1144, .F. ) ;
#231 = ORIENTED_EDGE ( 'NONE', *, *, #1412, .F. ) ;
#232 = VECTOR ( 'NONE', #2220, 1000.000000000000000 ) ;
#233 = DIRECTION ( 'NONE',  ( 0.000000000000000000, 0.000000000000000000, -1.000000000000000000 ) ) ;
#234 = CARTESIAN_POINT ( 'NONE',  ( -60.00000000000000000, 7.500000000000000000, -8.000000000000000000 ) ) ;
#235 = LINE ( 'NONE', #2337, #3637 ) ;
#236 = VECTOR ( 'NONE', #1011, 1000.000000000000000 ) ;
#237 = LINE ( 'NONE', #1852, #1832 ) ;
#238 = EDGE_LOOP ( 'NONE', ( #3574, #5788, #4512, #5302 ) ) ;
#239 = EDGE_CURVE ( 'NONE', #3129, #5787, #3773, .T. ) ;
#240 = ORIENTED_EDGE ( 'NONE', *, *, #4388, .F. ) ;
#241 = CARTESIAN_POINT ( 'NONE',  ( -35.44999999999999574, 10.80000000000000426, 33.62500000000000000 ) ) ;
#242 = LINE ( 'NONE', #5605, #2305 ) ;
#243 = ORIENTED_EDGE ( 'NONE', *, *, #3592, .T. ) ;
#244 = DIRECTION ( 'NONE',  ( -0.4999999999999978906, -0.7071067811865504593, 0.4999999999999978906 ) ) ;
#245 = CARTESIAN_POINT ( 'NONE',  ( -62.00000000000000000, 7.500000000000000000, 41.00000000000000000 ) ) ;
#246 = ORIENTED_EDGE ( 'NONE', *, *, #4849, .F. ) ;
#247 = VERTEX_POINT ( 'NONE', #3248 ) ;
#248 = LINE ( 'NONE', #5554, #5055 ) ;
#249 = DIRECTION ( 'NONE',  ( 1.000000000000000000, 0.000000000000000000, 0.000000000000000000 ) ) ;
#250 = CARTESIAN_POINT ( 'NONE',  ( -59.00000000000000000, 10.49999999999999822, 8.000000000000000000 ) ) ;
#251 = CARTESIAN_POINT ( 'NONE',  ( 125.9492894348812371, 10.80000000000000426, 33.62500000000000000 ) ) ;
#252 = FACE_OUTER_BOUND ( 'NONE', #134, .T. ) ;
#253 = ORIENTED_EDGE ( 'NONE', *, *, #1029, .F. ) ;
#254 = ORIENTED_EDGE ( 'NONE', *, *, #2120, .T. ) ;
#255 = CARTESIAN_POINT ( 'NONE',  ( 26.45000000000000284, 10.80000000000000071, 35.44999999999961204 ) ) ;
#256 = FACE_OUTER_BOUND ( 'NONE', #5551, .T. ) ;
#257 = ORIENTED_EDGE ( 'NONE', *, *, #239, .T. ) ;
#258 = CARTESIAN_POINT ( 'NONE',  ( -51.62500000000000000, 10.80000000000000071, 0.000000000000000000 ) ) ;
#259 = VERTEX_POINT ( 'NONE', #1111 ) ;
#260 = VERTEX_POINT ( 'NONE', #1590 ) ;
#261 = CARTESIAN_POINT ( 'NONE',  ( -28.49625977300406277, 7.500000000000000000, 0.000000000000000000 ) ) ;
#262 = CARTESIAN_POINT ( 'NONE',  ( 52.80943399447264142, 8.566080860090407256, 0.000000000000000000 ) ) ;
#263 = SURFACE_SIDE_STYLE ('',( #2301 ) ) ;
#264 = CARTESIAN_POINT ( 'NONE',  ( 41.06738976402689900, -0.9965637948165171345, -32.06738976402728980 ) ) ;
#265 = CARTESIAN_POINT ( 'NONE',  ( -51.62500000000000000, 10.80000000000000426, -33.62500000000000000 ) ) ;
#266 = ORIENTED_EDGE ( 'NONE', *, *, #5403, .F. ) ;
#267 = ORIENTED_EDGE ( 'NONE', *, *, #1498, .T. ) ;
#268 = EDGE_CURVE ( 'NONE', #665, #2289, #3703, .T. ) ;
#269 = CARTESIAN_POINT ( 'NONE',  ( 53.44999999999676987, 7.500000000022537527, -32.07000000000010687 ) ) ;
#270 = PLANE ( 'NONE',  #5860 ) ;
#271 = VERTEX_POINT ( 'NONE', #1625 ) ;
#272 = CARTESIAN_POINT ( 'NONE',  ( 0.000000000000000000, 7.500000000000000000, 7.503740226995556206 ) ) ;
#273 = DIRECTION ( 'NONE',  ( -0.2756373558170042704, -0.9612616959383174509, 0.000000000000000000 ) ) ;
#274 = CARTESIAN_POINT ( 'NONE',  ( -28.49625977300406277, 7.500000000000000000, -33.62500000000000000 ) ) ;
#275 = VERTEX_POINT ( 'NONE', #5822 ) ;
#276 = EDGE_CURVE ( 'NONE', #293, #520, #5928, .T. ) ;
#277 = EDGE_CURVE ( 'NONE', #748, #2515, #5308, .T. ) ;
#278 = ORIENTED_EDGE ( 'NONE', *, *, #6617, .F. ) ;
#279 = EDGE_CURVE ( 'NONE', #4139, #722, #4789, .T. ) ;
#280 = EDGE_CURVE ( 'NONE', #2350, #6607, #2145, .T. ) ;
#281 = DIRECTION ( 'NONE',  ( -2.052927190505096322E-15, -2.052927190505096322E-15, -1.000000000000000000 ) ) ;
#282 = CARTESIAN_POINT ( 'NONE',  ( 19.19056600552747938, 8.566080860089961391, -34.80943399447290432 ) ) ;
#283 = CARTESIAN_POINT ( 'NONE',  ( -54.49999999999997868, 10.80000000000000426, 36.49999999999959499 ) ) ;
#284 = CARTESIAN_POINT ( 'NONE',  ( -45.54999999999999005, 10.80000000000000426, 33.62500000000000000 ) ) ;
#285 = LINE ( 'NONE', #1421, #5547 ) ;
#286 = LINE ( 'NONE', #5689, #1096 ) ;
#287 = CIRCLE ( 'NONE', #2707, 3.380000000000001226 ) ;
#288 = CARTESIAN_POINT ( 'NONE',  ( 49.38207125703824829, 7.466212276640425749, 35.47030171237338436 ) ) ;
#289 = DIRECTION ( 'NONE',  ( 0.8741572761215374854, 0.4856429311786325531, -0.000000000000000000 ) ) ;
#290 = VECTOR ( 'NONE', #2732, 1000.000000000000000 ) ;
#291 = ORIENTED_EDGE ( 'NONE', *, *, #6204, .F. ) ;
#292 = FACE_BOUND ( 'NONE', #5431, .T. ) ;
#293 = VERTEX_POINT ( 'NONE', #2691 ) ;
#294 = VECTOR ( 'NONE', #29, 1000.000000000000114 ) ;
#295 = EDGE_CURVE ( 'NONE', #115, #1969, #4823, .T. ) ;
#296 = VECTOR ( 'NONE', #3207, 1000.000000000000000 ) ;
#297 = ORIENTED_EDGE ( 'NONE', *, *, #1329, .T. ) ;
#298 = DIRECTION ( 'NONE',  ( -1.000000000000000000, 0.000000000000000000, -2.679109615408197094E-16 ) ) ;
#299 = LINE ( 'NONE', #3476, #4740 ) ;
#300 = DIRECTION ( 'NONE',  ( 0.000000000000000000, 0.000000000000000000, -1.000000000000000000 ) ) ;
#301 = AXIS2_PLACEMENT_3D ( 'NONE', #4135, #873, #4100 ) ;
#302 = VECTOR ( 'NONE', #1479, 1000.000000000000114 ) ;
#303 = CARTESIAN_POINT ( 'NONE',  ( 8.449999999999999289, 10.80000000000000071, 35.44999999999961204 ) ) ;
#304 = EDGE_LOOP ( 'NONE', ( #1360, #690, #4649, #2063 ) ) ;
#305 = VERTEX_POINT ( 'NONE', #4339 ) ;
#306 = VECTOR ( 'NONE', #1436, 1000.000000000000000 ) ;
#307 = DIRECTION ( 'NONE',  ( -0.2657276780299913099, -0.9267025424900799946, 0.2657276780299913099 ) ) ;
#308 = CARTESIAN_POINT ( 'NONE',  ( 17.45000000000000639, 10.80000000000000071, 35.44999999999961204 ) ) ;
#309 = CARTESIAN_POINT ( 'NONE',  ( 40.07937528197223997, 29.75245638442227047, -4.115470582972111657 ) ) ;
#310 = CARTESIAN_POINT ( 'NONE',  ( -40.07937528197223997, 29.75245638442227047, -13.11547058297210455 ) ) ;
#311 = AXIS2_PLACEMENT_3D ( 'NONE', #352, #383, #6278 ) ;
#312 = VERTEX_POINT ( 'NONE', #6437 ) ;
#313 = ORIENTED_EDGE ( 'NONE', *, *, #641, .F. ) ;
#314 = VECTOR ( 'NONE', #619, 1000.000000000000227 ) ;
#315 = EDGE_CURVE ( 'NONE', #6060, #4663, #3800, .T. ) ;
#316 = CARTESIAN_POINT ( 'NONE',  ( -53.47030171238243668, 7.466212276625331157, -32.75792874295795798 ) ) ;
#317 = DIRECTION ( 'NONE',  ( -1.000000000000000000, -0.000000000000000000, -0.000000000000000000 ) ) ;
#318 = ORIENTED_EDGE ( 'NONE', *, *, #505, .T. ) ;
#319 = CARTESIAN_POINT ( 'NONE',  ( 61.43449314192414334, 10.49999999999999822, 33.36342533005872468 ) ) ;
#320 = EDGE_CURVE ( 'NONE', #4804, #3219, #6571, .T. ) ;
#321 = VECTOR ( 'NONE', #3535, 1000.000000000000000 ) ;
#322 = EDGE_CURVE ( 'NONE', #2289, #20, #1344, .T. ) ;
#323 = DIRECTION ( 'NONE',  ( -0.2657276780299913099, -0.9267025424900799946, 0.2657276780299913099 ) ) ;
#324 = AXIS2_PLACEMENT_3D ( 'NONE', #6148, #1989, #4112 ) ;
#325 = CARTESIAN_POINT ( 'NONE',  ( -34.50374022699592302, 7.500000000000000000, 33.62500000000000000 ) ) ;
#326 = LINE ( 'NONE', #1464, #1877 ) ;
#327 = ORIENTED_EDGE ( 'NONE', *, *, #2937, .T. ) ;
#328 = ORIENTED_EDGE ( 'NONE', *, *, #6430, .T. ) ;
#329 = VECTOR ( 'NONE', #4558, 1000.000000000000000 ) ;
#330 = VERTEX_POINT ( 'NONE', #6062 ) ;
#331 = CARTESIAN_POINT ( 'NONE',  ( 0.000000000000000000, 7.500000000000000000, -34.50374022699632093 ) ) ;
#332 = CARTESIAN_POINT ( 'NONE',  ( 25.50374022699592658, 7.500000000000000000, 33.62500000000000000 ) ) ;
#333 = DIRECTION ( 'NONE',  ( 0.2657276780299894225, -0.9267025424900811048, 0.2657276780299894225 ) ) ;
#334 = TOROIDAL_SURFACE ( 'NONE', #12, 3.580000000000000959, 0.2000000000000000111 ) ;
#335 = FACE_OUTER_BOUND ( 'NONE', #2005, .T. ) ;
#336 = ORIENTED_EDGE ( 'NONE', *, *, #6835, .F. ) ;
#337 = VERTEX_POINT ( 'NONE', #6603 ) ;
#338 = CARTESIAN_POINT ( 'NONE',  ( 53.44999999999676987, 7.500000000022530422, -35.45000000000009521 ) ) ;
#339 = CARTESIAN_POINT ( 'NONE',  ( 39.93261023597310100, -0.9965637948165171345, -32.06738976402728980 ) ) ;
#340 = VECTOR ( 'NONE', #6667, 1000.000000000000000 ) ;
#341 = DIRECTION ( 'NONE',  ( 0.000000000000000000, 0.000000000000000000, -1.000000000000000000 ) ) ;
#342 = DIRECTION ( 'NONE',  ( -1.000000000000000000, 0.000000000000000000, -0.000000000000000000 ) ) ;
#343 = ORIENTED_EDGE ( 'NONE', *, *, #1835, .T. ) ;
#344 = EDGE_CURVE ( 'NONE', #5476, #3475, #5995, .T. ) ;
#345 = ORIENTED_EDGE ( 'NONE', *, *, #4262, .F. ) ;
#346 = CARTESIAN_POINT ( 'NONE',  ( 0.000000000000000000, 7.500000000000000000, -1.496259773004451787 ) ) ;
#347 = LINE ( 'NONE', #6104, #761 ) ;
#348 = DIRECTION ( 'NONE',  ( 1.000000000000000000, 0.000000000000000000, 0.000000000000000000 ) ) ;
#349 = DIRECTION ( 'NONE',  ( -0.000000000000000000, -0.2756373558170042704, -0.9612616959383174509 ) ) ;
#350 = PLANE ( 'NONE',  #6483 ) ;
#351 = CARTESIAN_POINT ( 'NONE',  ( -8.374674870469091204, 10.53731005528970144, 33.62500000000000000 ) ) ;
#352 = CARTESIAN_POINT ( 'NONE',  ( -52.50374022699593013, 7.500000000000000000, 0.000000000000000000 ) ) ;
#353 = CARTESIAN_POINT ( 'NONE',  ( -54.49999999999997868, 10.80000000000000426, 36.49999999999959499 ) ) ;
#354 = ORIENTED_EDGE ( 'NONE', *, *, #3195, .F. ) ;
#355 = ORIENTED_EDGE ( 'NONE', *, *, #6655, .F. ) ;
#356 = VERTEX_POINT ( 'NONE', #726 ) ;
#357 = CARTESIAN_POINT ( 'NONE',  ( 42.26428640000787595, 22.25864506693675082, 26.58211138907232041 ) ) ;
#358 = PLANE ( 'NONE',  #2288 ) ;
#360 = EDGE_CURVE ( 'NONE', #3314, #4568, #6641, .T. ) ;
#359 = CARTESIAN_POINT ( 'NONE',  ( 44.45000000000000284, 10.80000000000000071, -35.45000000000039364 ) ) ;
#361 = PLANE ( 'NONE',  #3042 ) ;
#362 = ORIENTED_EDGE ( 'NONE', *, *, #2621, .F. ) ;
#363 = ORIENTED_EDGE ( 'NONE', *, *, #3390, .T. ) ;
#364 = ADVANCED_BREP_SHAPE_REPRESENTATION ( 'No Segment Subtap', ( #3884, #4160 ), #2271 ) ;
#365 = DIRECTION ( 'NONE',  ( -0.000000000000000000, -1.000000000000000000, 0.000000000000000000 ) ) ;
#366 = CARTESIAN_POINT ( 'NONE',  ( 0.000000000000000000, 7.500000000000000000, 34.50374022699553933 ) ) ;
#367 = LINE ( 'NONE', #3942, #4602 ) ;
#368 = DIRECTION ( 'NONE',  ( -0.7071067811865452413, -0.000000000000000000, 0.7071067811865497932 ) ) ;
#369 = ORIENTED_EDGE ( 'NONE', *, *, #3450, .T. ) ;
#370 = ORIENTED_EDGE ( 'NONE', *, *, #591, .F. ) ;
#371 = VERTEX_POINT ( 'NONE', #1765 ) ;
#372 = EDGE_CURVE ( 'NONE', #6587, #2053, #6540, .T. ) ;
#373 = DIRECTION ( 'NONE',  ( -0.7071067811865474617, 0.000000000000000000, -0.7071067811865474617 ) ) ;
#374 = LINE ( 'NONE', #3526, #2081 ) ;
#375 = DIRECTION ( 'NONE',  ( -0.7071067811865452413, -0.000000000000000000, 0.7071067811865497932 ) ) ;
#376 = CARTESIAN_POINT ( 'NONE',  ( 0.000000000000000000, 7.500000000000000000, -34.50374022699632093 ) ) ;
#377 = EDGE_CURVE ( 'NONE', #1568, #3243, #287, .T. ) ;
#378 = EDGE_CURVE ( 'NONE', #652, #312, #167, .T. ) ;
#379 = ORIENTED_EDGE ( 'NONE', *, *, #3095, .F. ) ;
#380 = EDGE_CURVE ( 'NONE', #3117, #429, #3986, .T. ) ;
#381 = CARTESIAN_POINT ( 'NONE',  ( -36.54999999999999005, 10.80000000000000071, -35.45000000000039364 ) ) ;
#382 = CARTESIAN_POINT ( 'NONE',  ( 54.96378475451788859, 7.500000000000000000, -36.96378475451828649 ) ) ;
#383 = DIRECTION ( 'NONE',  ( -0.9612616959383174509, -0.2756373558170042704, 0.000000000000000000 ) ) ;
#384 = PLANE ( 'NONE',  #1768 ) ;
#385 = ORIENTED_EDGE ( 'NONE', *, *, #3744, .F. ) ;
#386 = ORIENTED_EDGE ( 'NONE', *, *, #2347, .T. ) ;
#387 = EDGE_LOOP ( 'NONE', ( #2339, #4598, #3214, #4484 ) ) ;
#388 = AXIS2_PLACEMENT_3D ( 'NONE', #3635, #6780, #1457 ) ;
#389 = CARTESIAN_POINT ( 'NONE',  ( 0.000000000000000000, 7.500000000000000000, 16.50374022699554644 ) ) ;
#390 = DIRECTION ( 'NONE',  ( 0.000000000000000000, 0.000000000000000000, -1.000000000000000000 ) ) ;
#391 = CARTESIAN_POINT ( 'NONE',  ( 35.37467487046910719, 10.53731005528973164, -33.62500000000000000 ) ) ;
#392 = EDGE_LOOP ( 'NONE', ( #1051, #6197, #5579, #4347 ) ) ;
#393 = EDGE_CURVE ( 'NONE', #6152, #1264, #5474, .T. ) ;
#394 = ADVANCED_FACE ( 'NONE', ( #1371 ), #3488, .F. ) ;
#395 = DIRECTION ( 'NONE',  ( 1.000000000000000000, 0.000000000000000000, -0.000000000000000000 ) ) ;
#396 = AXIS2_PLACEMENT_3D ( 'NONE', #2714, #4329, #6431 ) ;
#397 = EDGE_LOOP ( 'NONE', ( #4508, #2481, #4634, #5342 ) ) ;
#398 = AXIS2_PLACEMENT_3D ( 'NONE', #4873, #5285, #150 ) ;
#399 = EDGE_CURVE ( 'NONE', #4301, #102, #3460, .T. ) ;
#400 = ORIENTED_EDGE ( 'NONE', *, *, #5239, .F. ) ;
#401 = EDGE_CURVE ( 'NONE', #312, #2130, #4999, .T. ) ;
#402 = LINE ( 'NONE', #6608, #5724 ) ;
#403 = VECTOR ( 'NONE', #1450, 1000.000000000000114 ) ;
#404 = CARTESIAN_POINT ( 'NONE',  ( 25.50374022699593368, 7.500000000000000000, 0.000000000000000000 ) ) ;
#406 = CARTESIAN_POINT ( 'NONE',  ( -53.44999999999999574, 10.80000000000000071, 8.449999999999617373 ) ) ;
#405 = VECTOR ( 'NONE', #5260, 1000.000000000000114 ) ;
#407 = CARTESIAN_POINT ( 'NONE',  ( 125.9492894348812371, 10.80000000000000426, -33.62500000000000000 ) ) ;
#408 = CARTESIAN_POINT ( 'NONE',  ( 23.06738976402690255, -0.9965637948165171345, -32.06738976402728980 ) ) ;
#409 = DIRECTION ( 'NONE',  ( -0.5001519828512179799, 0.8323926831162092865, 0.2386847610229713423 ) ) ;
#410 = ORIENTED_EDGE ( 'NONE', *, *, #2937, .F. ) ;
#411 = VERTEX_POINT ( 'NONE', #3983 ) ;
#412 = VECTOR ( 'NONE', #1610, 1000.000000000000000 ) ;
#413 = ORIENTED_EDGE ( 'NONE', *, *, #4517, .T. ) ;
#414 = EDGE_CURVE ( 'NONE', #4233, #5047, #6499, .T. ) ;
#415 = VECTOR ( 'NONE', #3199, 1000.000000000000114 ) ;
#416 = FACE_OUTER_BOUND ( 'NONE', #5580, .T. ) ;
#417 = FACE_OUTER_BOUND ( 'NONE', #2699, .T. ) ;
#418 = DIRECTION ( 'NONE',  ( -0.2657276780299897001, -0.9267025424900808828, 0.2657276780299897001 ) ) ;
#419 = VECTOR ( 'NONE', #1981, 1000.000000000000000 ) ;
#420 = EDGE_LOOP ( 'NONE', ( #6538, #343, #3226, #5875 ) ) ;
#421 = LINE ( 'NONE', #3119, #5171 ) ;
#422 = CARTESIAN_POINT ( 'NONE',  ( 2.375000000000005773, 10.80000000000000426, -33.62500000000000000 ) ) ;
#423 = EDGE_CURVE ( 'NONE', #4546, #6372, #1862, .T. ) ;
#424 = PLANE ( 'NONE',  #5402 ) ;
#425 = CARTESIAN_POINT ( 'NONE',  ( -53.44999999999999574, 82.98258077199005811, -35.45000000000003126 ) ) ;
#426 = VECTOR ( 'NONE', #5821, 1000.000000000000000 ) ;
#427 = VERTEX_POINT ( 'NONE', #829 ) ;
#428 = EDGE_CURVE ( 'NONE', #6575, #1217, #691, .T. ) ;
#429 = VERTEX_POINT ( 'NONE', #2795 ) ;
#430 = VECTOR ( 'NONE', #6092, 1000.000000000000114 ) ;
#431 = CARTESIAN_POINT ( 'NONE',  ( -1.190566005527354365, 8.566080860090387716, 34.80943399447264852 ) ) ;
#432 = DIRECTION ( 'NONE',  ( 1.000000000000000000, 0.000000000000000000, 0.000000000000000000 ) ) ;
#433 = LINE ( 'NONE', #2023, #5419 ) ;
#434 = EDGE_CURVE ( 'NONE', #4351, #1575, #5063, .T. ) ;
#435 = ORIENTED_EDGE ( 'NONE', *, *, #1354, .T. ) ;
#436 = DIRECTION ( 'NONE',  ( -0.9612616959383174509, -0.2756373558170042704, 0.000000000000000000 ) ) ;
#437 = EDGE_CURVE ( 'NONE', #2285, #6004, #2313, .T. ) ;
#438 = LINE ( 'NONE', #2095, #1936 ) ;
#439 = VECTOR ( 'NONE', #333, 1000.000000000000114 ) ;
#440 = ORIENTED_EDGE ( 'NONE', *, *, #1751, .F. ) ;
#441 = EDGE_LOOP ( 'NONE', ( #796, #3386, #5756, #3306, #517, #3771 ) ) ;
#442 = PRODUCT_RELATED_PRODUCT_CATEGORY ( 'part', '', ( #5899 ) ) ;
#443 = LINE ( 'NONE', #2505, #3826 ) ;
#444 = CIRCLE ( 'NONE', #3756, 3.580000000000000071 ) ;
#445 = CARTESIAN_POINT ( 'NONE',  ( -53.45000000000000995, 7.500000000000000888, 30.98907256196875082 ) ) ;
#446 = LINE ( 'NONE', #5675, #4868 ) ;
#447 = LINE ( 'NONE', #2747, #6681 ) ;
#448 = CARTESIAN_POINT ( 'NONE',  ( 60.02027957955104398, 7.500000000000000000, 31.94921176768562177 ) ) ;
#449 = DIRECTION ( 'NONE',  ( 0.7071067811865452413, 0.000000000000000000, 0.7071067811865497932 ) ) ;
#450 = VERTEX_POINT ( 'NONE', #3554 ) ;
#451 = VERTEX_POINT ( 'NONE', #1406 ) ;
#452 = ORIENTED_EDGE ( 'NONE', *, *, #1135, .F. ) ;
#453 = VECTOR ( 'NONE', #6298, 1000.000000000000000 ) ;
#454 = CARTESIAN_POINT ( 'NONE',  ( -35.37467487046907877, 10.53731005528968367, 33.62500000000000000 ) ) ;
#455 = LINE ( 'NONE', #6779, #3413 ) ;
#456 = LINE ( 'NONE', #3672, #6371 ) ;
#457 = DIRECTION ( 'NONE',  ( -0.5001519828512179799, -0.8323926831162092865, 0.2386847610229713423 ) ) ;
#458 = VECTOR ( 'NONE', #4896, 1000.000000000000000 ) ;
#459 = VERTEX_POINT ( 'NONE', #2548 ) ;
#460 = CARTESIAN_POINT ( 'NONE',  ( 38.73571359999210983, 22.25864506693675438, 26.58211138907232041 ) ) ;
#461 = DIRECTION ( 'NONE',  ( 1.000000000000000000, 0.000000000000000000, 0.000000000000000000 ) ) ;
#462 = CARTESIAN_POINT ( 'NONE',  ( 0.000000000000000000, 10.80000000000000071, -33.62500000000000000 ) ) ;
#463 = EDGE_LOOP ( 'NONE', ( #1846, #4369, #1724, #1867 ) ) ;
#464 = ORIENTED_EDGE ( 'NONE', *, *, #380, .T. ) ;
#465 = ORIENTED_EDGE ( 'NONE', *, *, #4907, .F. ) ;
#466 = CARTESIAN_POINT ( 'NONE',  ( 56.48474567361831333, 10.49999999999999822, 35.48474567361837018 ) ) ;
#467 = LINE ( 'NONE', #2702, #1187 ) ;
#468 = LINE ( 'NONE', #4034, #1761 ) ;
#469 = ORIENTED_EDGE ( 'NONE', *, *, #6612, .T. ) ;
#470 = PLANE ( 'NONE',  #78 ) ;
#471 = CARTESIAN_POINT ( 'NONE',  ( 50.06999999999676731, 7.500000000021109337, -32.07000000000009976 ) ) ;
#472 = VERTEX_POINT ( 'NONE', #3587 ) ;
#473 = EDGE_LOOP ( 'NONE', ( #6789, #504, #1683, #1059 ) ) ;
#474 = DIRECTION ( 'NONE',  ( 0.2756373558170042704, -0.9612616959383174509, 0.000000000000000000 ) ) ;
#475 = CARTESIAN_POINT ( 'NONE',  ( 57.89895923599141980, 7.500000000000000000, 36.89895923599146954 ) ) ;
#476 = DIRECTION ( 'NONE',  ( 1.000000000000000000, -0.000000000000000000, 0.000000000000000000 ) ) ;
#477 = PLANE ( 'NONE',  #2494 ) ;
#478 = CARTESIAN_POINT ( 'NONE',  ( 44.37467487046911430, 10.53731005528974052, -33.62500000000000000 ) ) ;
#479 = EDGE_LOOP ( 'NONE', ( #1304, #2366, #3141, #3201 ) ) ;
#480 = ORIENTED_EDGE ( 'NONE', *, *, #2573, .T. ) ;
#481 = EDGE_CURVE ( 'NONE', #2872, #275, #2579, .T. ) ;
#482 = ORIENTED_EDGE ( 'NONE', *, *, #6561, .T. ) ;
#483 = LINE ( 'NONE', #1008, #5294 ) ;
#484 = DIRECTION ( 'NONE',  ( -0.000000000000000000, -0.000000000000000000, 1.000000000000000000 ) ) ;
#485 = DIRECTION ( 'NONE',  ( 0.2657276780299911434, 0.9267025424900801056, 0.2657276780299911434 ) ) ;
#486 = EDGE_CURVE ( 'NONE', #155, #4787, #894, .T. ) ;
#487 = CARTESIAN_POINT ( 'NONE',  ( 53.44999999999999574, 7.500000000000007105, 30.89016950370480075 ) ) ;
#488 = ADVANCED_FACE ( 'NONE', ( #6771 ), #4123, .T. ) ;
#489 = EDGE_CURVE ( 'NONE', #562, #6299, #5646, .T. ) ;
#490 = EDGE_CURVE ( 'NONE', #615, #6389, #4044, .T. ) ;
#491 = EDGE_CURVE ( 'NONE', #4261, #1169, #5158, .T. ) ;
#492 = CARTESIAN_POINT ( 'NONE',  ( 14.03553390593270578, 0.000000000000000000, -14.03553390593272709 ) ) ;
#493 = LINE ( 'NONE', #4724, #190 ) ;
#494 = DIRECTION ( 'NONE',  ( -1.000000000000000000, 0.000000000000000000, 0.000000000000000000 ) ) ;
#495 = EDGE_LOOP ( 'NONE', ( #555, #2697, #240, #3915 ) ) ;
#496 = ORIENTED_EDGE ( 'NONE', *, *, #3362, .T. ) ;
#497 = ORIENTED_EDGE ( 'NONE', *, *, #6203, .T. ) ;
#498 = CARTESIAN_POINT ( 'NONE',  ( 62.00000000000000000, 7.500000000000000000, 41.00000000000000000 ) ) ;
#499 = FACE_OUTER_BOUND ( 'NONE', #3766, .T. ) ;
#500 = CARTESIAN_POINT ( 'NONE',  ( 52.80943399447263431, 8.566080860090423243, 16.80943399447226128 ) ) ;
#501 = EDGE_LOOP ( 'NONE', ( #3645, #2748, #6754, #2637, #31, #3975, #9 ) ) ;
#502 = CARTESIAN_POINT ( 'NONE',  ( -9.549999999999995381, 10.80000000000000071, -35.45000000000039364 ) ) ;
#503 = LINE ( 'NONE', #3717, #837 ) ;
#504 = ORIENTED_EDGE ( 'NONE', *, *, #699, .T. ) ;
#505 = EDGE_CURVE ( 'NONE', #5448, #3032, #4710, .T. ) ;
#506 = VERTEX_POINT ( 'NONE', #5093 ) ;
#507 = AXIS2_PLACEMENT_3D ( 'NONE', #2026, #4807, #2680 ) ;
#508 = FACE_OUTER_BOUND ( 'NONE', #495, .T. ) ;
#509 = LINE ( 'NONE', #2100, #1514 ) ;
#510 = LINE ( 'NONE', #1611, #1537 ) ;
#511 = VECTOR ( 'NONE', #4927, 1000.000000000000000 ) ;
#512 = VECTOR ( 'NONE', #3749, 1000.000000000000114 ) ;
#513 = LINE ( 'NONE', #5339, #5602 ) ;
#514 = CARTESIAN_POINT ( 'NONE',  ( 51.62500000000000000, 10.80000000000000426, 18.54999999999960991 ) ) ;
#515 = VERTEX_POINT ( 'NONE', #2511 ) ;
#516 = VERTEX_POINT ( 'NONE', #3520 ) ;
#517 = ORIENTED_EDGE ( 'NONE', *, *, #1496, .F. ) ;
#518 = VECTOR ( 'NONE', #3796, 1000.000000000000227 ) ;
#519 = EDGE_CURVE ( 'NONE', #6626, #5354, #2001, .T. ) ;
#520 = VERTEX_POINT ( 'NONE', #6805 ) ;
#521 = CARTESIAN_POINT ( 'NONE',  ( -51.62500000000000000, 10.80000000000000426, -18.55000000000037730 ) ) ;
#522 = DIRECTION ( 'NONE',  ( -1.000000000000000000, 0.000000000000000000, -0.000000000000000000 ) ) ;
#523 = AXIS2_PLACEMENT_3D ( 'NONE', #889, #6190, #1446 ) ;
#524 = VECTOR ( 'NONE', #5429, 1000.000000000000227 ) ;
#525 = CARTESIAN_POINT ( 'NONE',  ( 0.5499999999999949374, 10.80000000000000071, -27.55000000000038796 ) ) ;
#526 = ORIENTED_EDGE ( 'NONE', *, *, #3531, .T. ) ;
#527 = ADVANCED_FACE ( 'NONE', ( #6226 ), #477, .F. ) ;
#528 = CARTESIAN_POINT ( 'NONE',  ( 60.02027957955104398, 10.49999999999999822, 31.94921176768562177 ) ) ;
#529 = VECTOR ( 'NONE', #6147, 1000.000000000000227 ) ;
#530 = EDGE_CURVE ( 'NONE', #330, #1586, #6259, .T. ) ;
#531 = CARTESIAN_POINT ( 'NONE',  ( 53.44999999999999574, 7.500000000000007105, 30.89016950370480075 ) ) ;
#532 = LINE ( 'NONE', #2632, #5855 ) ;
#533 = EDGE_CURVE ( 'NONE', #6590, #4386, #2070, .T. ) ;
#534 = EDGE_CURVE ( 'NONE', #5873, #667, #5607, .T. ) ;
#535 = VECTOR ( 'NONE', #5316, 1000.000000000000000 ) ;
#536 = ORIENTED_EDGE ( 'NONE', *, *, #2011, .F. ) ;
#537 = ORIENTED_EDGE ( 'NONE', *, *, #6533, .F. ) ;
#538 = PLANE ( 'NONE',  #398 ) ;
#539 = VECTOR ( 'NONE', #838, 1000.000000000000227 ) ;
#540 = PLANE ( 'NONE',  #4846 ) ;
#541 = CARTESIAN_POINT ( 'NONE',  ( -36.54999999999999005, 10.80000000000000071, -27.55000000000038796 ) ) ;
#542 = ORIENTED_EDGE ( 'NONE', *, *, #5086, .T. ) ;
#543 = DIRECTION ( 'NONE',  ( 0.000000000000000000, -0.9612616959383174509, 0.2756373558170039373 ) ) ;
#544 = LINE ( 'NONE', #6355, #3155 ) ;
#545 = ORIENTED_EDGE ( 'NONE', *, *, #2762, .T. ) ;
#546 = ORIENTED_EDGE ( 'NONE', *, *, #4333, .T. ) ;
#547 = DIRECTION ( 'NONE',  ( 1.000000000000000000, 0.000000000000000000, 0.000000000000000000 ) ) ;
#548 = FACE_OUTER_BOUND ( 'NONE', #2419, .T. ) ;
#549 = LINE ( 'NONE', #5365, #651 ) ;
#550 = AXIS2_PLACEMENT_3D ( 'NONE', #601, #3229, #3128 ) ;
#551 = CARTESIAN_POINT ( 'NONE',  ( 40.07937528197221866, 29.75245638442229534, -13.88452941702861310 ) ) ;
#552 = LINE ( 'NONE', #1616, #2212 ) ;
#553 = ORIENTED_EDGE ( 'NONE', *, *, #704, .T. ) ;
#554 = ORIENTED_EDGE ( 'NONE', *, *, #5408, .F. ) ;
#555 = ORIENTED_EDGE ( 'NONE', *, *, #414, .F. ) ;
#556 = VECTOR ( 'NONE', #5220, 1000.000000000000000 ) ;
#557 = ORIENTED_EDGE ( 'NONE', *, *, #2721, .T. ) ;
#558 = PLANE ( 'NONE',  #3628 ) ;
#559 = CARTESIAN_POINT ( 'NONE',  ( -19.49625977300406632, 7.500000000000000000, -33.62500000000000000 ) ) ;
#560 = CARTESIAN_POINT ( 'NONE',  ( 43.80943399447276221, 8.566080860090844240, 34.80943399447237141 ) ) ;
#561 = VECTOR ( 'NONE', #6500, 1000.000000000000000 ) ;
#562 = VERTEX_POINT ( 'NONE', #5712 ) ;
#563 = LINE ( 'NONE', #2149, #290 ) ;
#564 = DIRECTION ( 'NONE',  ( -1.000000000000000000, 0.000000000000000000, -0.000000000000000000 ) ) ;
#565 = CARTESIAN_POINT ( 'NONE',  ( 25.80943399447263431, 8.566080860090416138, 34.80943399447262721 ) ) ;
#566 = VECTOR ( 'NONE', #4928, 1000.000000000000114 ) ;
#567 = ORIENTED_EDGE ( 'NONE', *, *, #1413, .T. ) ;
#568 = ORIENTED_EDGE ( 'NONE', *, *, #276, .T. ) ;
#569 = ORIENTED_EDGE ( 'NONE', *, *, #2770, .T. ) ;
#570 = LINE ( 'NONE', #1678, #3599 ) ;
#571 = FACE_OUTER_BOUND ( 'NONE', #1261, .T. ) ;
#572 = LINE ( 'NONE', #2703, #1209 ) ;
#573 = VERTEX_POINT ( 'NONE', #927 ) ;
#574 = FACE_OUTER_BOUND ( 'NONE', #387, .T. ) ;
#575 = LINE ( 'NONE', #4221, #6264 ) ;
#576 = CARTESIAN_POINT ( 'NONE',  ( 51.62500000000000000, 10.53731005528969256, -33.62500000000000000 ) ) ;
#577 = ORIENTED_EDGE ( 'NONE', *, *, #4179, .T. ) ;
#578 = EDGE_CURVE ( 'NONE', #4016, #5144, #1519, .T. ) ;
#579 = ADVANCED_FACE ( 'NONE', ( #6734 ), #1480, .T. ) ;
#580 = ADVANCED_FACE ( 'NONE', ( #2450 ), #4572, .F. ) ;
#581 = DIRECTION ( 'NONE',  ( -0.000000000000000000, 0.000000000000000000, -1.000000000000000000 ) ) ;
#582 = LINE ( 'NONE', #1234, #5068 ) ;
#583 = FACE_OUTER_BOUND ( 'NONE', #6188, .T. ) ;
#584 = DIRECTION ( 'NONE',  ( -0.7071067811865475727, 0.000000000000000000, -0.7071067811865475727 ) ) ;
#585 = LINE ( 'NONE', #4816, #3655 ) ;
#586 = ORIENTED_EDGE ( 'NONE', *, *, #2433, .T. ) ;
#587 = ORIENTED_EDGE ( 'NONE', *, *, #5051, .T. ) ;
#588 = DIRECTION ( 'NONE',  ( -0.000000000000000000, -1.000000000000000000, 0.000000000000000000 ) ) ;
#589 = CARTESIAN_POINT ( 'NONE',  ( 34.50374022699593013, 7.500000000000000000, 0.000000000000000000 ) ) ;
#590 = CARTESIAN_POINT ( 'NONE',  ( -53.44999999999999574, 7.500000000000000000, -35.45000000000003126 ) ) ;
#591 = EDGE_CURVE ( 'NONE', #3539, #1153, #4257, .T. ) ;
#592 = CARTESIAN_POINT ( 'NONE',  ( 52.50374022699592302, 7.500000000000000000, 0.000000000000000000 ) ) ;
#593 = DIRECTION ( 'NONE',  ( -1.000000000000000000, -0.000000000000000000, -0.000000000000000000 ) ) ;
#594 = LINE ( 'NONE', #4794, #5301 ) ;
#595 = ORIENTED_EDGE ( 'NONE', *, *, #2410, .T. ) ;
#596 = ORIENTED_EDGE ( 'NONE', *, *, #4991, .T. ) ;
#597 = B_SPLINE_CURVE_WITH_KNOTS ( 'NONE', 3,
 ( #3851, #708, #3404, #1777, #3892, #2290 ),
 .UNSPECIFIED., .F., .F.,
 ( 4, 2, 4 ),
 ( 0.000000000000000000, 0.0005992726689108892214, 0.001198545337821778443 ),
 .UNSPECIFIED. ) ;
#598 = ORIENTED_EDGE ( 'NONE', *, *, #2767, .F. ) ;
#599 = DIRECTION ( 'NONE',  ( 0.000000000000000000, 0.000000000000000000, -1.000000000000000000 ) ) ;
#600 = DIRECTION ( 'NONE',  ( 0.000000000000000000, 0.000000000000000000, -1.000000000000000000 ) ) ;
#601 = CARTESIAN_POINT ( 'NONE',  ( -50.06999999999999318, 7.299999999999948308, -32.07000000000001450 ) ) ;
#602 = ORIENTED_EDGE ( 'NONE', *, *, #6124, .T. ) ;
#603 = DIRECTION ( 'NONE',  ( -0.000000000000000000, 0.9612616959383174509, 0.2756373558170042704 ) ) ;
#604 = ORIENTED_EDGE ( 'NONE', *, *, #6367, .F. ) ;
#605 = DIRECTION ( 'NONE',  ( -0.7071067811865452413, -0.000000000000000000, 0.7071067811865497932 ) ) ;
#606 = CARTESIAN_POINT ( 'NONE',  ( 44.37467487046909298, 10.53731005528968190, 33.62500000000000000 ) ) ;
#607 = ADVANCED_FACE ( 'NONE', ( #6362 ), #6332, .F. ) ;
#608 = CARTESIAN_POINT ( 'NONE',  ( 53.44999999999677698, 7.500000000022534863, -33.24983049630029086 ) ) ;
#609 = EDGE_CURVE ( 'NONE', #573, #1244, #1615, .T. ) ;
#610 = EDGE_CURVE ( 'NONE', #520, #5352, #1658, .T. ) ;
#611 = LINE ( 'NONE', #3211, #844 ) ;
#612 = DIRECTION ( 'NONE',  ( 0.000000000000000000, 0.000000000000000000, -1.000000000000000000 ) ) ;
#613 = EDGE_LOOP ( 'NONE', ( #2492, #2551, #2108, #254 ) ) ;
#614 = EDGE_CURVE ( 'NONE', #6234, #6808, #1583, .T. ) ;
#615 = VERTEX_POINT ( 'NONE', #4295 ) ;
#617 = CARTESIAN_POINT ( 'NONE',  ( 53.46433284086996451, 7.476146147016305754, -31.28390051957675411 ) ) ;
#616 = VECTOR ( 'NONE', #5765, 1000.000000000000227 ) ;
#618 = ORIENTED_EDGE ( 'NONE', *, *, #6022, .F. ) ;
#619 = DIRECTION ( 'NONE',  ( -0.5001519828512182020, -0.8323926831162096196, 0.2386847610229696770 ) ) ;
#620 = DIRECTION ( 'NONE',  ( 0.000000000000000000, 0.000000000000000000, -1.000000000000000000 ) ) ;
#621 = CARTESIAN_POINT ( 'NONE',  ( 45.54999999999999005, 10.80000000000000071, 8.449999999999617373 ) ) ;
#622 = VECTOR ( 'NONE', #1687, 1000.000000000000000 ) ;
#623 = AXIS2_PLACEMENT_3D ( 'NONE', #5356, #3786, #1643 ) ;
#624 = LINE ( 'NONE', #4864, #953 ) ;
#625 = VECTOR ( 'NONE', #2045, 1000.000000000000227 ) ;
#626 = LINE ( 'NONE', #5376, #967 ) ;
#627 = CARTESIAN_POINT ( 'NONE',  ( -49.87310577142032741, 7.425863025100201575, -35.49454598863113830 ) ) ;
#628 = VECTOR ( 'NONE', #5295, 1000.000000000000000 ) ;
#629 = ORIENTED_EDGE ( 'NONE', *, *, #5610, .F. ) ;
#630 = DIRECTION ( 'NONE',  ( 0.4999999999999957256, 0.7071067811865535679, 0.4999999999999957256 ) ) ;
#631 = ORIENTED_EDGE ( 'NONE', *, *, #4219, .F. ) ;
#632 = VECTOR ( 'NONE', #4280, 1000.000000000000000 ) ;
#633 = ORIENTED_EDGE ( 'NONE', *, *, #996, .F. ) ;
#634 = EDGE_CURVE ( 'NONE', #4777, #356, #4885, .T. ) ;
#635 = PLANE ( 'NONE',  #623 ) ;
#636 = CARTESIAN_POINT ( 'NONE',  ( -32.06738976402689190, -0.9965637948165171345, -32.06738976402728980 ) ) ;
#637 = DIRECTION ( 'NONE',  ( -0.000000000000000000, -0.000000000000000000, -1.000000000000000000 ) ) ;
#638 = EDGE_LOOP ( 'NONE', ( #4902, #6718, #568, #5835 ) ) ;
#639 = CARTESIAN_POINT ( 'NONE',  ( 50.06999999999688100, 7.500000000021168844, 35.44999999999991758 ) ) ;
#640 = VECTOR ( 'NONE', #968, 1000.000000000000000 ) ;
#641 = EDGE_CURVE ( 'NONE', #5047, #799, #4782, .T. ) ;
#642 = ORIENTED_EDGE ( 'NONE', *, *, #2668, .F. ) ;
#643 = VECTOR ( 'NONE', #3142, 1000.000000000000000 ) ;
#644 = ADVANCED_FACE ( 'NONE', ( #5366 ), #1034, .F. ) ;
#645 = CARTESIAN_POINT ( 'NONE',  ( -51.62500000000000000, 10.53731005528969256, -33.62500000000000000 ) ) ;
#646 = CARTESIAN_POINT ( 'NONE',  ( 8.374674870469098309, 10.53731005528969433, -33.62500000000000000 ) ) ;
#647 = PLANE ( 'NONE',  #6083 ) ;
#648 = EDGE_CURVE ( 'NONE', #5476, #4561, #5299, .T. ) ;
#649 = CARTESIAN_POINT ( 'NONE',  ( -51.62500000000000000, 10.80000000000000071, 0.000000000000000000 ) ) ;
#650 = PLANE ( 'NONE',  #5878 ) ;
#651 = VECTOR ( 'NONE', #129, 1000.000000000000227 ) ;
#652 = VERTEX_POINT ( 'NONE', #2234 ) ;
#653 = VERTEX_POINT ( 'NONE', #5814 ) ;
#654 = VECTOR ( 'NONE', #6184, 1000.000000000000000 ) ;
#655 = LINE ( 'NONE', #1790, #4175 ) ;
#656 = DIRECTION ( 'NONE',  ( -1.000000000000000000, 0.000000000000000000, 0.000000000000000000 ) ) ;
#657 = ORIENTED_EDGE ( 'NONE', *, *, #4407, .F. ) ;
#658 = CARTESIAN_POINT ( 'NONE',  ( 18.54999999999999716, 10.80000000000000071, 35.44999999999961204 ) ) ;
#659 = LINE ( 'NONE', #2242, #2655 ) ;
#660 = CARTESIAN_POINT ( 'NONE',  ( 57.89895923599141980, 10.49999999999999822, -36.89895923599146954 ) ) ;
#661 = VECTOR ( 'NONE', #840, 1000.000000000000227 ) ;
#662 = LINE ( 'NONE', #3324, #1943 ) ;
#663 = CARTESIAN_POINT ( 'NONE',  ( -8.449999999999999289, 10.80000000000000071, 35.44999999999961204 ) ) ;
#664 = DIRECTION ( 'NONE',  ( 0.5001519828512179799, 0.8323926831162092865, 0.2386847610229713423 ) ) ;
#665 = VERTEX_POINT ( 'NONE', #5398 ) ;
#666 = PLANE ( 'NONE',  #6198 ) ;
#667 = VERTEX_POINT ( 'NONE', #2754 ) ;
#668 = ORIENTED_EDGE ( 'NONE', *, *, #6406, .T. ) ;
#669 = VECTOR ( 'NONE', #6806, 1000.000000000000000 ) ;
#670 = CARTESIAN_POINT ( 'NONE',  ( 60.02027957955104398, 10.49999999999999822, 31.94921176768562177 ) ) ;
#671 = CARTESIAN_POINT ( 'NONE',  ( 0.000000000000000000, 7.500000000000000000, 28.49625977300368618 ) ) ;
#672 = PLANE ( 'NONE',  #6726 ) ;
#673 = ORIENTED_EDGE ( 'NONE', *, *, #3310, .T. ) ;
#674 = FACE_BOUND ( 'NONE', #3479, .T. ) ;
#675 = ORIENTED_EDGE ( 'NONE', *, *, #2004, .T. ) ;
#676 = EDGE_CURVE ( 'NONE', #615, #2716, #611, .T. ) ;
#677 = VERTEX_POINT ( 'NONE', #1067 ) ;
#678 = CARTESIAN_POINT ( 'NONE',  ( -53.44999999999999574, 10.80000000000000071, -0.5500000000003835154 ) ) ;
#679 = B_SPLINE_CURVE_WITH_KNOTS ( 'NONE', 3,
 ( #2793, #2016, #6237, #6276, #3731, #2177, #6402, #1664, #1141, #3245, #617, #2724, #4856, #858 ),
 .UNSPECIFIED., .F., .F.,
 ( 4, 2, 2, 2, 2, 2, 4 ),
 ( 0.000000000000000000, 0.0002963748339475211387, 0.0005927496678950422773, 0.001185499335790084555, 0.001778249003685126832, 0.002074623837632657512, 0.002370998671580188625 ),
 .UNSPECIFIED. ) ;
#680 = FACE_OUTER_BOUND ( 'NONE', #238, .T. ) ;
#681 =( NAMED_UNIT ( * ) SI_UNIT ( $, .STERADIAN. ) SOLID_ANGLE_UNIT ( ) );
#682 = FACE_OUTER_BOUND ( 'NONE', #3976, .T. ) ;
#683 = ORIENTED_EDGE ( 'NONE', *, *, #6612, .F. ) ;
#684 = EDGE_LOOP ( 'NONE', ( #3031, #602, #6737, #6025 ) ) ;
#685 = ADVANCED_FACE ( 'NONE', ( #4357 ), #2137, .T. ) ;
#686 = ADVANCED_FACE ( 'NONE', ( #6458 ), #3764, .T. ) ;
#687 = B_SPLINE_CURVE_WITH_KNOTS ( 'NONE', 3,
 ( #5905, #1285, #3401, #1255, #1737, #4904 ),
 .UNSPECIFIED., .F., .F.,
 ( 4, 2, 4 ),
 ( -1.162755363909654686E-05, 0.0005878214856383594776, 0.001187270524915815494 ),
 .UNSPECIFIED. ) ;
#688 = LINE ( 'NONE', #723, #2836 ) ;
#689 = CARTESIAN_POINT ( 'NONE',  ( -9.549999999999995381, 10.80000000000000071, 35.44999999999961204 ) ) ;
#690 = ORIENTED_EDGE ( 'NONE', *, *, #4731, .T. ) ;
#691 = LINE ( 'NONE', #6128, #3159 ) ;
#692 = EDGE_CURVE ( 'NONE', #4435, #3441, #513, .T. ) ;
#693 = CARTESIAN_POINT ( 'NONE',  ( 52.80943399447264142, 8.566080860090410809, -7.809433994473029550 ) ) ;
#694 = VERTEX_POINT ( 'NONE', #3177 ) ;
#695 = DIRECTION ( 'NONE',  ( 0.000000000000000000, 0.000000000000000000, 1.000000000000000000 ) ) ;
#696 = CARTESIAN_POINT ( 'NONE',  ( -57.99999999999999289, 7.500000000000000000, -8.000000000000000000 ) ) ;
#697 = EDGE_CURVE ( 'NONE', #5354, #6575, #37, .T. ) ;
#698 = DIRECTION ( 'NONE',  ( -0.5001519828512182020, 0.8323926831162096196, 0.2386847610229694550 ) ) ;
#699 = EDGE_CURVE ( 'NONE', #155, #4307, #4749, .T. ) ;
#700 = VERTEX_POINT ( 'NONE', #1102 ) ;
#701 = ADVANCED_FACE ( 'NONE', ( #4231 ), #1136, .F. ) ;
#702 = DIRECTION ( 'NONE',  ( 0.7071067811865474617, 0.000000000000000000, 0.7071067811865474617 ) ) ;
#703 = CARTESIAN_POINT ( 'NONE',  ( 53.44999999999999574, 10.80000000000000071, -0.5500000000003835154 ) ) ;
#704 = EDGE_CURVE ( 'NONE', #5288, #4011, #237, .T. ) ;
#705 = ORIENTED_EDGE ( 'NONE', *, *, #5685, .F. ) ;
#706 = EDGE_CURVE ( 'NONE', #3998, #3012, #2303, .T. ) ;
#707 = ORIENTED_EDGE ( 'NONE', *, *, #1741, .T. ) ;
#708 = CARTESIAN_POINT ( 'NONE',  ( -49.09063757199178468, 7.500000000000004441, -35.45000000000001705 ) ) ;
#709 = CARTESIAN_POINT ( 'NONE',  ( -17.44999999999999929, 10.80000000000000071, 35.44999999999961204 ) ) ;
#710 = DIRECTION ( 'NONE',  ( 0.000000000000000000, 0.000000000000000000, 1.000000000000000000 ) ) ;
#711 = ORIENTED_EDGE ( 'NONE', *, *, #5874, .T. ) ;
#712 = CARTESIAN_POINT ( 'NONE',  ( -54.49999999999997868, 10.80000000000000426, 36.49999999999959499 ) ) ;
#713 = EDGE_LOOP ( 'NONE', ( #1760, #5513, #1806, #180 ) ) ;
#714 = VERTEX_POINT ( 'NONE', #3312 ) ;
#715 = FACE_OUTER_BOUND ( 'NONE', #928, .T. ) ;
#716 = CARTESIAN_POINT ( 'NONE',  ( -50.06999999999999318, 7.299999999999999822, 35.64999999999999858 ) ) ;
#717 = CARTESIAN_POINT ( 'NONE',  ( -52.80943399447264142, 8.566080860090416138, 0.000000000000000000 ) ) ;
#718 = EDGE_CURVE ( 'NONE', #6172, #293, #3827, .T. ) ;
#719 = CARTESIAN_POINT ( 'NONE',  ( 60.72738636073759722, 10.49999999999999822, 32.65631854887217145 ) ) ;
#720 = CARTESIAN_POINT ( 'NONE',  ( 54.49999999999999289, 10.79999999999989235, 36.49999999999959499 ) ) ;
#721 = VERTEX_POINT ( 'NONE', #3973 ) ;
#722 = VERTEX_POINT ( 'NONE', #1237 ) ;
#723 = CARTESIAN_POINT ( 'NONE',  ( -53.44999999999999574, 10.80000000000000071, -9.550000000000384404 ) ) ;
#724 = CARTESIAN_POINT ( 'NONE',  ( -48.89016950369980918, 7.500000000000007105, 35.45000000000000995 ) ) ;
#725 = EDGE_LOOP ( 'NONE', ( #2582, #253, #3504, #1083 ) ) ;
#726 = CARTESIAN_POINT ( 'NONE',  ( -53.44999999999999574, 10.80000000000000071, -18.55000000000037730 ) ) ;
#727 = PLANE ( 'NONE',  #3322 ) ;
#728 = DIRECTION ( 'NONE',  ( -1.000000000000000000, 0.000000000000000000, -0.000000000000000000 ) ) ;
#729 = EDGE_CURVE ( 'NONE', #1597, #5448, #201, .T. ) ;
#730 = EDGE_LOOP ( 'NONE', ( #1013, #668, #1795, #3102, #2635, #2296, #3327, #5877 ) ) ;
#731 = AXIS2_PLACEMENT_3D ( 'NONE', #124, #4122, #6225 ) ;
#732 = CARTESIAN_POINT ( 'NONE',  ( 61.43449314192414334, 7.500000000000000000, -33.36342533005872468 ) ) ;
#733 = CARTESIAN_POINT ( 'NONE',  ( -40.07937528197221866, 29.75245638442229534, 4.115470582971386015 ) ) ;
#734 = CARTESIAN_POINT ( 'NONE',  ( -40.07937528197223997, 29.75245638442227047, -22.11547058297211166 ) ) ;
#735 = FACE_OUTER_BOUND ( 'NONE', #4331, .T. ) ;
#736 = ADVANCED_FACE ( 'NONE', ( #5542 ), #2819, .F. ) ;
#737 = AXIS2_PLACEMENT_3D ( 'NONE', #592, #3191, #1634 ) ;
#738 = LINE ( 'NONE', #83, #5436 ) ;
#739 = ORIENTED_EDGE ( 'NONE', *, *, #1040, .F. ) ;
#740 = VECTOR ( 'NONE', #2034, 1000.000000000000114 ) ;
#741 = DIRECTION ( 'NONE',  ( -0.000000000000000000, -0.2756373558170042704, -0.9612616959383174509 ) ) ;
#742 = CARTESIAN_POINT ( 'NONE',  ( 48.98907256196579851, 7.500000000018810731, 35.44999999998871232 ) ) ;
#743 = DIRECTION ( 'NONE',  ( -0.000000000000000000, -0.2756373558170042704, -0.9612616959383174509 ) ) ;
#744 = EDGE_CURVE ( 'NONE', #2053, #2098, #820, .T. ) ;
#745 = VERTEX_POINT ( 'NONE', #791 ) ;
#746 = PLANE ( 'NONE',  #3175 ) ;
#747 = AXIS2_PLACEMENT_3D ( 'NONE', #3025, #3550, #6156 ) ;
#748 = VERTEX_POINT ( 'NONE', #6529 ) ;
#749 = VERTEX_POINT ( 'NONE', #4462 ) ;
#750 = DIRECTION ( 'NONE',  ( 0.000000000000000000, -1.000000000000000000, 0.000000000000000000 ) ) ;
#751 = VECTOR ( 'NONE', #1812, 1000.000000000000114 ) ;
#752 = CARTESIAN_POINT ( 'NONE',  ( -53.44999999999999574, 7.500000000000000000, 35.44999999999998863 ) ) ;
#753 = CARTESIAN_POINT ( 'NONE',  ( 6.964775456032752413E-16, 8.566080860090870885, 34.80943399447237852 ) ) ;
#754 = DIRECTION ( 'NONE',  ( 1.000000000000000000, 0.000000000000000000, 0.000000000000000000 ) ) ;
#755 = CARTESIAN_POINT ( 'NONE',  ( 51.62500000000000711, 7.500000000000000000, 7.503740226995556206 ) ) ;
#756 = ORIENTED_EDGE ( 'NONE', *, *, #1865, .F. ) ;
#757 = ORIENTED_EDGE ( 'NONE', *, *, #4047, .F. ) ;
#758 = VECTOR ( 'NONE', #5832, 1000.000000000000000 ) ;
#759 = CARTESIAN_POINT ( 'NONE',  ( 45.54999999999999005, 10.80000000000000071, -0.5500000000003835154 ) ) ;
#760 = DIRECTION ( 'NONE',  ( 0.2386847610229713423, -0.8323926831162092865, -0.5001519828512179799 ) ) ;
#761 = VECTOR ( 'NONE', #1973, 1000.000000000000000 ) ;
#762 = CARTESIAN_POINT ( 'NONE',  ( -37.49625977300406277, 7.500000000000000000, -33.62500000000000000 ) ) ;
#763 = DIRECTION ( 'NONE',  ( -1.000000000000000000, -0.000000000000000000, -0.000000000000000000 ) ) ;
#764 = ORIENTED_EDGE ( 'NONE', *, *, #5192, .T. ) ;
#765 =( LENGTH_UNIT ( ) NAMED_UNIT ( * ) SI_UNIT ( .MILLI., .METRE. ) );
#766 = ORIENTED_EDGE ( 'NONE', *, *, #3223, .F. ) ;
#767 = VECTOR ( 'NONE', #656, 1000.000000000000000 ) ;
#768 = LINE ( 'NONE', #6030, #2055 ) ;
#769 = CARTESIAN_POINT ( 'NONE',  ( 125.9492894348812371, 10.53731005528967657, -33.62500000000000000 ) ) ;
#770 = DIRECTION ( 'NONE',  ( -0.2386847610229713423, 0.8323926831162092865, 0.5001519828512179799 ) ) ;
#771 = DIRECTION ( 'NONE',  ( -0.2657276780299894225, -0.9267025424900811048, 0.2657276780299894225 ) ) ;
#772 = AXIS2_PLACEMENT_3D ( 'NONE', #3052, #4008, #5182 ) ;
#773 = CARTESIAN_POINT ( 'NONE',  ( 54.99999999999997868, -11.50000000000000000, 41.00000000000000711 ) ) ;
#774 = ORIENTED_EDGE ( 'NONE', *, *, #5343, .T. ) ;
#775 = AXIS2_PLACEMENT_3D ( 'NONE', #3899, #233, #1848 ) ;
#776 = DIRECTION ( 'NONE',  ( -0.000000000000000000, 0.9612616959383174509, 0.2756373558170039373 ) ) ;
#777 = B_SPLINE_CURVE_WITH_KNOTS ( 'NONE', 3,
 ( #1966, #4085, #1345, #1927, #6604, #1863, #1407, #2512, #3984, #4124, #6097, #4045, #3461, #5578 ),
 .UNSPECIFIED., .F., .F.,
 ( 4, 2, 2, 2, 2, 2, 4 ),
 ( 0.000000000000000000, 0.0002963748339480929469, 0.0005927496678961858938, 0.001185499335792373305, 0.001778249003688560717, 0.002074623837636654748, 0.002370998671584748346 ),
 .UNSPECIFIED. ) ;
#778 = CARTESIAN_POINT ( 'NONE',  ( -61.00000000000000000, 10.49999999999999822, -8.000000000000000000 ) ) ;
#779 = VERTEX_POINT ( 'NONE', #6562 ) ;
#780 = CARTESIAN_POINT ( 'NONE',  ( 6.264286400007879507, 22.25864506693675438, -26.58211138907232396 ) ) ;
#781 = VERTEX_POINT ( 'NONE', #719 ) ;
#782 = ADVANCED_FACE ( 'NONE', ( #2338 ), #2920, .F. ) ;
#783 = VERTEX_POINT ( 'NONE', #1786 ) ;
#784 = VECTOR ( 'NONE', #4258, 1000.000000000000114 ) ;
#785 = FACE_OUTER_BOUND ( 'NONE', #6131, .T. ) ;
#786 = CARTESIAN_POINT ( 'NONE',  ( -48.79638818434518299, -5.429073061943155309, -5.203611815655196260 ) ) ;
#787 = LINE ( 'NONE', #6489, #3421 ) ;
#788 = EDGE_CURVE ( 'NONE', #5600, #665, #3904, .T. ) ;
#789 = AXIS2_PLACEMENT_3D ( 'NONE', #5311, #935, #1487 ) ;
#790 = EDGE_CURVE ( 'NONE', #3998, #146, #3867, .T. ) ;
#791 = CARTESIAN_POINT ( 'NONE',  ( 53.44999999999676987, 7.500000000022530422, -35.45000000000009521 ) ) ;
#792 = EDGE_CURVE ( 'NONE', #5740, #3670, #3451, .T. ) ;
#793 = FACE_OUTER_BOUND ( 'NONE', #4320, .T. ) ;
#794 = ORIENTED_EDGE ( 'NONE', *, *, #2719, .F. ) ;
#795 = EDGE_CURVE ( 'NONE', #188, #2190, #4393, .T. ) ;
#796 = ORIENTED_EDGE ( 'NONE', *, *, #6446, .F. ) ;
#797 = DIRECTION ( 'NONE',  ( 0.000000000000000000, 0.000000000000000000, 1.000000000000000000 ) ) ;
#798 = CARTESIAN_POINT ( 'NONE',  ( -51.62500000000000000, 10.80000000000000426, -33.62500000000000000 ) ) ;
#799 = VERTEX_POINT ( 'NONE', #1814 ) ;
#800 = CARTESIAN_POINT ( 'NONE',  ( 54.49999999999999289, 7.500000000000000000, -36.96378475451828649 ) ) ;
#801 = DIRECTION ( 'NONE',  ( -0.2756373558170039373, 0.9612616959383174509, 0.000000000000000000 ) ) ;
#802 = ORIENTED_EDGE ( 'NONE', *, *, #4834, .F. ) ;
#803 = ORIENTED_EDGE ( 'NONE', *, *, #1629, .T. ) ;
#804 = DIRECTION ( 'NONE',  ( 1.000000000000000000, 4.458787163891844428E-16, 0.000000000000000000 ) ) ;
#805 = CARTESIAN_POINT ( 'NONE',  ( -50.70289055386778898, 1.219690838746888550, -23.70289055386817978 ) ) ;
#806 = LINE ( 'NONE', #2973, #6284 ) ;
#807 = ORIENTED_EDGE ( 'NONE', *, *, #4129, .T. ) ;
#808 = EDGE_CURVE ( 'NONE', #1908, #3091, #3933, .T. ) ;
#809 = DIRECTION ( 'NONE',  ( -0.7071067811865483499, -0.000000000000000000, 0.7071067811865467956 ) ) ;
#810 = CARTESIAN_POINT ( 'NONE',  ( 61.85875721063606392, 9.699999999999974420, 33.78768939877064525 ) ) ;
#811 = LINE ( 'NONE', #5108, #4300 ) ;
#812 = CARTESIAN_POINT ( 'NONE',  ( -7.809433994472520624, 8.566080860089980931, -34.80943399447290432 ) ) ;
#813 = VERTEX_POINT ( 'NONE', #1302 ) ;
#814 = CARTESIAN_POINT ( 'NONE',  ( 45.54999999999999005, 10.80000000000000071, 18.54999999999960991 ) ) ;
#815 = VERTEX_POINT ( 'NONE', #6054 ) ;
#816 = ORIENTED_EDGE ( 'NONE', *, *, #6066, .T. ) ;
#817 = DIRECTION ( 'NONE',  ( -0.000000000000000000, -0.000000000000000000, 1.000000000000000000 ) ) ;
#818 = DIRECTION ( 'NONE',  ( -0.000000000000000000, -0.000000000000000000, 1.000000000000000000 ) ) ;
#819 = PLANE ( 'NONE',  #3977 ) ;
#820 = LINE ( 'NONE', #4990, #4276 ) ;
#821 = VERTEX_POINT ( 'NONE', #3417 ) ;
#822 = ORIENTED_EDGE ( 'NONE', *, *, #6451, .F. ) ;
#823 = ADVANCED_FACE ( 'NONE', ( #2895 ), #4595, .F. ) ;
#824 = DIRECTION ( 'NONE',  ( 1.650889255947406196E-15, 1.850371707708943042E-15, 1.000000000000000000 ) ) ;
#825 = FACE_OUTER_BOUND ( 'NONE', #1168, .T. ) ;
#826 = ADVANCED_FACE ( 'NONE', ( #6119 ), #6632, .F. ) ;
#827 = CARTESIAN_POINT ( 'NONE',  ( 43.50374022699593723, 7.500000000000000000, 0.000000000000000000 ) ) ;
#828 = ADVANCED_FACE ( 'NONE', ( #3617 ), #6217, .T. ) ;
#829 = CARTESIAN_POINT ( 'NONE',  ( -60.00000000000000000, 8.099999999999999645, 8.000000000000000000 ) ) ;
#830 = ORIENTED_EDGE ( 'NONE', *, *, #6036, .F. ) ;
#831 = CARTESIAN_POINT ( 'NONE',  ( 0.000000000000000000, 0.000000000000000000, 0.000000000000000000 ) ) ;
#832 = EDGE_LOOP ( 'NONE', ( #4704, #1552, #5418, #6839 ) ) ;
#833 = DIRECTION ( 'NONE',  ( -0.7071067811865474617, 0.000000000000000000, -0.7071067811865474617 ) ) ;
#834 = FACE_OUTER_BOUND ( 'NONE', #5121, .T. ) ;
#835 = PLANE ( 'NONE',  #6256 ) ;
#836 = DIRECTION ( 'NONE',  ( -0.2657276780299911434, 0.9267025424900801056, 0.2657276780299911434 ) ) ;
#837 = VECTOR ( 'NONE', #5846, 1000.000000000000227 ) ;
#838 = DIRECTION ( 'NONE',  ( 0.2657276780299911434, 0.9267025424900801056, 0.2657276780299911434 ) ) ;
#839 = AXIS2_PLACEMENT_3D ( 'NONE', #5100, #348, #1801 ) ;
#840 = DIRECTION ( 'NONE',  ( -0.2657276780299911434, 0.9267025424900801056, 0.2657276780299911434 ) ) ;
#841 = VECTOR ( 'NONE', #4478, 1000.000000000000000 ) ;
#842 = ORIENTED_EDGE ( 'NONE', *, *, #6117, .T. ) ;
#843 = ORIENTED_EDGE ( 'NONE', *, *, #3957, .T. ) ;
#844 = VECTOR ( 'NONE', #3725, 1000.000000000000000 ) ;
#845 = VECTOR ( 'NONE', #3653, 999.9999999999998863 ) ;
#846 = ORIENTED_EDGE ( 'NONE', *, *, #2640, .F. ) ;
#847 = LINE ( 'NONE', #1886, #1216 ) ;
#848 = CARTESIAN_POINT ( 'NONE',  ( -35.44999999999999574, 10.80000000000000071, -35.45000000000039364 ) ) ;
#849 = CARTESIAN_POINT ( 'NONE',  ( -50.06999999999999318, 7.500000000000000000, 32.07000000000000028 ) ) ;
#850 = EDGE_CURVE ( 'NONE', #2075, #3507, #1366, .T. ) ;
#851 = AXIS2_PLACEMENT_3D ( 'NONE', #4658, #1171, #4438 ) ;
#852 = VECTOR ( 'NONE', #1807, 1000.000000000000000 ) ;
#853 = PLANE ( 'NONE',  #2831 ) ;
#854 = ORIENTED_EDGE ( 'NONE', *, *, #4540, .T. ) ;
#855 = ORIENTED_EDGE ( 'NONE', *, *, #5515, .T. ) ;
#856 = AXIS2_PLACEMENT_3D ( 'NONE', #716, #6015, #1685 ) ;
#857 = DIRECTION ( 'NONE',  ( 0.000000000000000000, 0.000000000000000000, -1.000000000000000000 ) ) ;
#858 = CARTESIAN_POINT ( 'NONE',  ( 53.44999999999999574, 7.500000000000007105, -30.89016950370531234 ) ) ;
#859 = LINE ( 'NONE', #6127, #1379 ) ;
#860 = DIRECTION ( 'NONE',  ( 0.000000000000000000, 0.000000000000000000, -1.000000000000000000 ) ) ;
#861 = CARTESIAN_POINT ( 'NONE',  ( 24.62500000000000000, 10.53731005528970321, 33.62500000000000000 ) ) ;
#862 = VECTOR ( 'NONE', #2939, 1000.000000000000114 ) ;
#863 = VERTEX_POINT ( 'NONE', #6724 ) ;
#864 = ORIENTED_EDGE ( 'NONE', *, *, #3877, .T. ) ;
#865 = VECTOR ( 'NONE', #1528, 1000.000000000000227 ) ;
#866 = LINE ( 'NONE', #2971, #640 ) ;
#867 = DIRECTION ( 'NONE',  ( -0.9612616959383174509, -0.2756373558170042704, 0.000000000000000000 ) ) ;
#868 = CARTESIAN_POINT ( 'NONE',  ( -50.06999999999999318, 7.425846034272650442, 35.49455619775029191 ) ) ;
#869 = LINE ( 'NONE', #5009, #2216 ) ;
#870 = VECTOR ( 'NONE', #4121, 1000.000000000000000 ) ;
#871 = ADVANCED_FACE ( 'NONE', ( #6149 ), #361, .F. ) ;
#872 = VERTEX_POINT ( 'NONE', #4114 ) ;
#873 = DIRECTION ( 'NONE',  ( 0.5000000000000154321, 0.7071067811865281438, -0.5000000000000121014 ) ) ;
#874 = DIRECTION ( 'NONE',  ( -1.000000000000000000, 0.000000000000000000, -0.000000000000000000 ) ) ;
#875 = VECTOR ( 'NONE', #4076, 1000.000000000000000 ) ;
#876 = CARTESIAN_POINT ( 'NONE',  ( -50.06999999999999318, 7.299999999999999822, 32.07000000000000028 ) ) ;
#877 = LINE ( 'NONE', #5626, #3090 ) ;
#878 = VERTEX_POINT ( 'NONE', #3546 ) ;
#879 = ORIENTED_EDGE ( 'NONE', *, *, #5355, .T. ) ;
#880 = ORIENTED_EDGE ( 'NONE', *, *, #2147, .T. ) ;
#881 = LINE ( 'NONE', #6448, #3533 ) ;
#882 = DIRECTION ( 'NONE',  ( 0.2657276780299911434, 0.9267025424900801056, 0.2657276780299911434 ) ) ;
#883 = LINE ( 'NONE', #1952, #2639 ) ;
#884 = PLANE ( 'NONE',  #2391 ) ;
#885 = LINE ( 'NONE', #5225, #2943 ) ;
#886 = ORIENTED_EDGE ( 'NONE', *, *, #2614, .F. ) ;
#887 = EDGE_CURVE ( 'NONE', #2896, #5658, #2958, .T. ) ;
#888 = ORIENTED_EDGE ( 'NONE', *, *, #401, .T. ) ;
#889 = CARTESIAN_POINT ( 'NONE',  ( -54.49999999999997868, 10.79999999999989235, -36.50000000000039080 ) ) ;
#890 = FACE_OUTER_BOUND ( 'NONE', #920, .T. ) ;
#891 = VECTOR ( 'NONE', #2755, 1000.000000000000000 ) ;
#892 = CARTESIAN_POINT ( 'NONE',  ( -50.06999999999999318, 7.299999999999999822, 32.07000000000000028 ) ) ;
#893 = ADVANCED_FACE ( 'NONE', ( #335 ), #470, .T. ) ;
#894 = LINE ( 'NONE', #4678, #3718 ) ;
#895 = LINE ( 'NONE', #5127, #1225 ) ;
#896 = ORIENTED_EDGE ( 'NONE', *, *, #1920, .F. ) ;
#897 = ORIENTED_EDGE ( 'NONE', *, *, #998, .F. ) ;
#898 = EDGE_CURVE ( 'NONE', #5787, #4777, #2442, .T. ) ;
#899 = ORIENTED_EDGE ( 'NONE', *, *, #5320, .F. ) ;
#900 = LINE ( 'NONE', #5070, #5523 ) ;
#901 = ADVANCED_FACE ( 'NONE', ( #5670 ), #853, .T. ) ;
#902 = CARTESIAN_POINT ( 'NONE',  ( 61.43449314192414334, 7.500000000000000000, 33.36342533005872468 ) ) ;
#903 = CARTESIAN_POINT ( 'NONE',  ( -2.375000000000005773, 10.80000000000000426, -33.62500000000000000 ) ) ;
#904 = ORIENTED_EDGE ( 'NONE', *, *, #533, .T. ) ;
#905 = EDGE_CURVE ( 'NONE', #2677, #3330, #4635, .T. ) ;
#906 = CARTESIAN_POINT ( 'NONE',  ( 62.00000000000000000, 7.500000000000000000, -34.00000000000000000 ) ) ;
#907 = CARTESIAN_POINT ( 'NONE',  ( -51.62500000000000000, 10.53731005528969256, -33.62500000000000000 ) ) ;
#908 = ADVANCED_FACE ( 'NONE', ( #2474 ), #6660, .F. ) ;
#909 = FACE_OUTER_BOUND ( 'NONE', #4264, .T. ) ;
#910 = DIRECTION ( 'NONE',  ( 0.000000000000000000, 1.000000000000000000, -1.850371707708594366E-15 ) ) ;
#911 = EDGE_CURVE ( 'NONE', #4993, #6082, #3512, .T. ) ;
#912 = EDGE_CURVE ( 'NONE', #5064, #2285, #3579, .T. ) ;
#913 = ORIENTED_EDGE ( 'NONE', *, *, #6320, .T. ) ;
#914 = ORIENTED_EDGE ( 'NONE', *, *, #1728, .F. ) ;
#915 = CARTESIAN_POINT ( 'NONE',  ( 51.62500000000000000, 7.500000000000000000, 28.49625977300368618 ) ) ;
#916 = CARTESIAN_POINT ( 'NONE',  ( 53.44999999999999574, 10.80000000000000071, 26.44999999999961204 ) ) ;
#917 = FACE_OUTER_BOUND ( 'NONE', #6700, .T. ) ;
#918 = VERTEX_POINT ( 'NONE', #949 ) ;
#919 = DIRECTION ( 'NONE',  ( 1.000000000000000000, 0.000000000000000000, 0.000000000000000000 ) ) ;
#920 = EDGE_LOOP ( 'NONE', ( #705, #6044, #4560, #435 ) ) ;
#921 = ORIENTED_EDGE ( 'NONE', *, *, #344, .T. ) ;
#922 = DIRECTION ( 'NONE',  ( 4.226362854693272149E-13, -1.000000000000000000, -3.488628514275818460E-28 ) ) ;
#923 = PLANE ( 'NONE',  #2718 ) ;
#924 = ADVANCED_FACE ( 'NONE', ( #1507 ), #884, .F. ) ;
#925 = DIRECTION ( 'NONE',  ( -0.2657276780299913099, -0.9267025424900799946, 0.2657276780299913099 ) ) ;
#926 = CARTESIAN_POINT ( 'NONE',  ( 15.26428640000788306, 22.25864506693675793, 26.58211138907232751 ) ) ;
#927 = CARTESIAN_POINT ( 'NONE',  ( -35.44999999999999574, 10.80000000000000071, 35.44999999999961204 ) ) ;
#928 = EDGE_LOOP ( 'NONE', ( #4417, #5217, #6548, #598 ) ) ;
#929 = VERTEX_POINT ( 'NONE', #1955 ) ;
#930 = ORIENTED_EDGE ( 'NONE', *, *, #5778, .F. ) ;
#931 = CARTESIAN_POINT ( 'NONE',  ( 51.62500000000000000, 7.500000000000000000, 10.49625977300367907 ) ) ;
#932 = DIRECTION ( 'NONE',  ( 0.000000000000000000, -0.2756373558170040483, 0.9612616959383175619 ) ) ;
#933 = EDGE_CURVE ( 'NONE', #722, #5600, #575, .T. ) ;
#934 = PLANE ( 'NONE',  #1278 ) ;
#935 = DIRECTION ( 'NONE',  ( -0.000000000000000000, 1.000000000000000000, -0.000000000000000000 ) ) ;
#936 = ORIENTED_EDGE ( 'NONE', *, *, #3693, .T. ) ;
#937 = EDGE_CURVE ( 'NONE', #1217, #5113, #2094, .T. ) ;
#938 = DIRECTION ( 'NONE',  ( -1.000000000000000000, -0.000000000000000000, -0.000000000000000000 ) ) ;
#939 = PLANE ( 'NONE',  #6497 ) ;
#940 = EDGE_CURVE ( 'NONE', #1028, #562, #4773, .T. ) ;
#941 = CARTESIAN_POINT ( 'NONE',  ( -51.62500000000000000, 10.53731005528969433, 27.62532512953051622 ) ) ;
#942 = DIRECTION ( 'NONE',  ( 4.226362854693271644E-13, -1.000000000000000000, -3.488628514275818012E-28 ) ) ;
#943 = ORIENTED_EDGE ( 'NONE', *, *, #428, .F. ) ;
#944 = ORIENTED_EDGE ( 'NONE', *, *, #1429, .T. ) ;
#945 = VECTOR ( 'NONE', #375, 1000.000000000000000 ) ;
#946 = CARTESIAN_POINT ( 'NONE',  ( 36.54999999999999716, 10.80000000000000071, 35.44999999999961204 ) ) ;
#947 = DIRECTION ( 'NONE',  ( -0.4999999999999978906, -0.7071067811865504593, -0.4999999999999978906 ) ) ;
#948 = ORIENTED_EDGE ( 'NONE', *, *, #3270, .F. ) ;
#949 = CARTESIAN_POINT ( 'NONE',  ( 57.19185245480485946, 10.49999999999999822, -36.19185245480490920 ) ) ;
#950 = LINE ( 'NONE', #1094, #6465 ) ;
#951 = VECTOR ( 'NONE', #5988, 1000.000000000000000 ) ;
#952 = ORIENTED_EDGE ( 'NONE', *, *, #4382, .F. ) ;
#953 = VECTOR ( 'NONE', #112, 1000.000000000000000 ) ;
#954 = VERTEX_POINT ( 'NONE', #3754 ) ;
#955 = CARTESIAN_POINT ( 'NONE',  ( -3.482387728013434741E-16, 8.566080860089968496, -34.80943399447290432 ) ) ;
#956 = VECTOR ( 'NONE', #6636, 1000.000000000000114 ) ;
#957 = PLANE ( 'NONE',  #5946 ) ;
#959 = LINE ( 'NONE', #6224, #1859 ) ;
#958 = AXIS2_PLACEMENT_3D ( 'NONE', #5749, #4193, #4228 ) ;
#960 = DIRECTION ( 'NONE',  ( 0.000000000000000000, 0.000000000000000000, 1.000000000000000000 ) ) ;
#961 = CARTESIAN_POINT ( 'NONE',  ( 0.000000000000000000, 0.000000000000000000, -8.000000000000000000 ) ) ;
#962 = CARTESIAN_POINT ( 'NONE',  ( 61.85875721063606392, 9.699999999999974420, -33.78768939877064525 ) ) ;
#963 = ORIENTED_EDGE ( 'NONE', *, *, #6694, .T. ) ;
#964 = EDGE_LOOP ( 'NONE', ( #4639, #3456, #4359, #6601 ) ) ;
#965 = VECTOR ( 'NONE', #5221, 1000.000000000000000 ) ;
#966 = VERTEX_POINT ( 'NONE', #3329 ) ;
#967 = VECTOR ( 'NONE', #2734, 1000.000000000000114 ) ;
#968 = DIRECTION ( 'NONE',  ( 0.000000000000000000, 0.000000000000000000, -1.000000000000000000 ) ) ;
#969 = DIRECTION ( 'NONE',  ( 1.000000000000000000, 0.000000000000000000, 0.000000000000000000 ) ) ;
#970 = CARTESIAN_POINT ( 'NONE',  ( -10.49625977300406454, 7.500000000000000000, 0.000000000000000000 ) ) ;
#971 = LINE ( 'NONE', #525, #236 ) ;
#972 = AXIS2_PLACEMENT_3D ( 'NONE', #3494, #867, #5098 ) ;
#973 = EDGE_LOOP ( 'NONE', ( #1788, #2384, #1977, #6365 ) ) ;
#974 = DIRECTION ( 'NONE',  ( 1.000000000000000000, 0.000000000000000000, 0.000000000000000000 ) ) ;
#975 = CARTESIAN_POINT ( 'NONE',  ( -59.00000000000000000, 10.49999999999999822, -8.000000000000000000 ) ) ;
#976 = DIRECTION ( 'NONE',  ( 0.2657276780299894225, 0.9267025424900811048, 0.2657276780299894225 ) ) ;
#977 = FACE_OUTER_BOUND ( 'NONE', #3164, .T. ) ;
#978 = ORIENTED_EDGE ( 'NONE', *, *, #2977, .F. ) ;
#979 = VECTOR ( 'NONE', #1829, 1000.000000000000000 ) ;
#980 = ORIENTED_EDGE ( 'NONE', *, *, #5259, .T. ) ;
#981 = ORIENTED_EDGE ( 'NONE', *, *, #533, .F. ) ;
#982 = AXIS2_PLACEMENT_3D ( 'NONE', #5861, #1622, #2239 ) ;
#983 = CARTESIAN_POINT ( 'NONE',  ( -53.44999999999999574, 7.499999999999940492, -35.45000000000000284 ) ) ;
#984 = CARTESIAN_POINT ( 'NONE',  ( 52.80943399447264142, 8.566080860090416138, 0.000000000000000000 ) ) ;
#985 = DIRECTION ( 'NONE',  ( 4.226362854693272149E-13, -1.000000000000000000, 1.850371707708245689E-15 ) ) ;
#986 = EDGE_LOOP ( 'NONE', ( #631, #2993, #3835, #410, #3251, #6654, #2141 ) ) ;
#987 = ADVANCED_FACE ( 'NONE', ( #3685 ), #5883, .F. ) ;
#988 = CARTESIAN_POINT ( 'NONE',  ( -53.44999999999999574, 10.80000000000000071, 9.549999999999611688 ) ) ;
#989 = DIRECTION ( 'NONE',  ( -1.000000000000000000, 0.000000000000000000, 0.000000000000000000 ) ) ;
#990 = VECTOR ( 'NONE', #5050, 1000.000000000000114 ) ;
#991 = ORIENTED_EDGE ( 'NONE', *, *, #2807, .F. ) ;
#992 = ORIENTED_EDGE ( 'NONE', *, *, #2254, .F. ) ;
#993 = CYLINDRICAL_SURFACE ( 'NONE', #1839, 3.380000000000001226 ) ;
#994 = VECTOR ( 'NONE', #2361, 1000.000000000000000 ) ;
#995 = FACE_OUTER_BOUND ( 'NONE', #4752, .T. ) ;
#996 = EDGE_CURVE ( 'NONE', #6113, #748, #1649, .T. ) ;
#997 = CARTESIAN_POINT ( 'NONE',  ( -47.73571359999210983, 22.25864506693675438, 26.58211138907231330 ) ) ;
#998 = EDGE_CURVE ( 'NONE', #133, #247, #5845, .T. ) ;
#999 = EDGE_CURVE ( 'NONE', #1169, #1188, #5805, .T. ) ;
#1000 = CARTESIAN_POINT ( 'NONE',  ( 26.45000000000000284, -11.50000000000000000, 35.45000000000000995 ) ) ;
#1001 = ADVANCED_FACE ( 'NONE', ( #6354 ), #1093, .F. ) ;
#1002 = CARTESIAN_POINT ( 'NONE',  ( 1.390607076609487569, 7.868454739437199308, 34.60939292339012496 ) ) ;
#1003 = DIRECTION ( 'NONE',  ( -0.4999999999999957256, -0.7071067811865535679, 0.4999999999999957256 ) ) ;
#1004 = ORIENTED_EDGE ( 'NONE', *, *, #3846, .T. ) ;
#1005 = EDGE_LOOP ( 'NONE', ( #4697, #1339, #2362, #675 ) ) ;
#1006 = ORIENTED_EDGE ( 'NONE', *, *, #4489, .T. ) ;
#1007 = VECTOR ( 'NONE', #1221, 1000.000000000000227 ) ;
#1008 = CARTESIAN_POINT ( 'NONE',  ( -24.26428640000781911, 22.25864506693693556, -26.58211138907204329 ) ) ;
#1009 = LINE ( 'NONE', #3247, #3294 ) ;
#1010 = PLANE ( 'NONE',  #3380 ) ;
#1011 = DIRECTION ( 'NONE',  ( -0.000000000000000000, -0.000000000000000000, 1.000000000000000000 ) ) ;
#1012 = VECTOR ( 'NONE', #4406, 1000.000000000000000 ) ;
#1013 = ORIENTED_EDGE ( 'NONE', *, *, #4799, .T. ) ;
#1014 = FACE_OUTER_BOUND ( 'NONE', #730, .T. ) ;
#1015 = DIRECTION ( 'NONE',  ( -0.9612616959383175619, -0.2756373558170040483, 0.000000000000000000 ) ) ;
#1016 = LINE ( 'NONE', #4211, #3955 ) ;
#1017 = EDGE_CURVE ( 'NONE', #5843, #5071, #58, .T. ) ;
#1018 = FACE_OUTER_BOUND ( 'NONE', #2297, .T. ) ;
#1019 = ORIENTED_EDGE ( 'NONE', *, *, #3651, .T. ) ;
#1020 = ORIENTED_EDGE ( 'NONE', *, *, #5954, .F. ) ;
#1021 = VERTEX_POINT ( 'NONE', #1057 ) ;
#1022 = LINE ( 'NONE', #466, #556 ) ;
#1023 = DIRECTION ( 'NONE',  ( -0.000000000000000000, 0.000000000000000000, 1.000000000000000000 ) ) ;
#1024 = CARTESIAN_POINT ( 'NONE',  ( 14.06738976402695940, -0.9965637948163210691, 32.06738976402656505 ) ) ;
#1025 = ORIENTED_EDGE ( 'NONE', *, *, #2365, .F. ) ;
#1026 = DIRECTION ( 'NONE',  ( 0.5001519828512179799, -0.8323926831162092865, 0.2386847610229713423 ) ) ;
#1027 = DIRECTION ( 'NONE',  ( -0.000000000000000000, 1.000000000000000000, -0.000000000000000000 ) ) ;
#1028 = VERTEX_POINT ( 'NONE', #3716 ) ;
#1029 = EDGE_CURVE ( 'NONE', #4125, #815, #4284, .T. ) ;
#1030 = ORIENTED_EDGE ( 'NONE', *, *, #3273, .F. ) ;
#1031 = CARTESIAN_POINT ( 'NONE',  ( 40.07937528197223287, 29.75245638442227047, 13.11547058297134960 ) ) ;
#1032 = DIRECTION ( 'NONE',  ( 0.000000000000000000, 0.000000000000000000, 1.000000000000000000 ) ) ;
#1033 = DIRECTION ( 'NONE',  ( -0.2756373558170042704, 0.9612616959383174509, 0.000000000000000000 ) ) ;
#1034 = PLANE ( 'NONE',  #4725 ) ;
#1035 = CARTESIAN_POINT ( 'NONE',  ( -42.26428640000786174, 22.25864506693676859, -26.58211138907234172 ) ) ;
#1036 = ORIENTED_EDGE ( 'NONE', *, *, #5771, .T. ) ;
#1037 = ADVANCED_FACE ( 'NONE', ( #6387 ), #3165, .F. ) ;
#1038 = ORIENTED_EDGE ( 'NONE', *, *, #280, .T. ) ;
#1039 = ORIENTED_EDGE ( 'NONE', *, *, #1224, .T. ) ;
#1040 = EDGE_CURVE ( 'NONE', #4934, #3856, #4188, .T. ) ;
#1041 = EDGE_CURVE ( 'NONE', #6055, #4386, #3652, .T. ) ;
#1042 = ORIENTED_EDGE ( 'NONE', *, *, #1809, .T. ) ;
#1043 = LINE ( 'NONE', #2109, #643 ) ;
#1044 = PLANE ( 'NONE',  #388 ) ;
#1045 = LINE ( 'NONE', #1565, #126 ) ;
#1046 = ORIENTED_EDGE ( 'NONE', *, *, #3484, .F. ) ;
#1047 = FACE_OUTER_BOUND ( 'NONE', #6557, .T. ) ;
#1048 = DIRECTION ( 'NONE',  ( -1.000000000000000000, 0.000000000000000000, 0.000000000000000000 ) ) ;
#1049 = DIRECTION ( 'NONE',  ( 1.000000000000000000, 0.000000000000000000, 0.000000000000000000 ) ) ;
#1050 = ORIENTED_EDGE ( 'NONE', *, *, #4309, .F. ) ;
#1051 = ORIENTED_EDGE ( 'NONE', *, *, #3140, .T. ) ;
#1052 = ORIENTED_EDGE ( 'NONE', *, *, #2302, .T. ) ;
#1053 = CARTESIAN_POINT ( 'NONE',  ( 125.9492894348812371, 10.53731005528967657, 33.62500000000000000 ) ) ;
#1054 = CARTESIAN_POINT ( 'NONE',  ( -61.00000000000000000, 9.899999999999998579, 8.000000000000000000 ) ) ;
#1055 = CARTESIAN_POINT ( 'NONE',  ( -51.62500000000000000, 10.80000000000000426, 18.54999999999960991 ) ) ;
#1056 = ORIENTED_EDGE ( 'NONE', *, *, #6242, .F. ) ;
#1057 = CARTESIAN_POINT ( 'NONE',  ( 26.45000000000002771, 10.80000000000000959, 33.62500000000000000 ) ) ;
#1058 = DIRECTION ( 'NONE',  ( -1.000000000000000000, -4.225359975004960122E-13, 0.000000000000000000 ) ) ;
#1059 = ORIENTED_EDGE ( 'NONE', *, *, #6743, .T. ) ;
#1060 = ORIENTED_EDGE ( 'NONE', *, *, #4688, .T. ) ;
#1061 = VECTOR ( 'NONE', #3791, 1000.000000000000000 ) ;
#1062 = DIRECTION ( 'NONE',  ( 0.000000000000000000, 0.000000000000000000, 1.000000000000000000 ) ) ;
#1063 = DIRECTION ( 'NONE',  ( 0.000000000000000000, -0.9612616959383180060, 0.2756373558170021054 ) ) ;
#1064 = CARTESIAN_POINT ( 'NONE',  ( -49.28908767307478911, 7.470323792318052547, 35.45000000000000284 ) ) ;
#1065 = VECTOR ( 'NONE', #3319, 1000.000000000000000 ) ;
#1066 = AXIS2_PLACEMENT_3D ( 'NONE', #2328, #1258, #6514 ) ;
#1067 = CARTESIAN_POINT ( 'NONE',  ( 56.48474567361831333, 7.500000000000000000, -35.48474567361837018 ) ) ;
#1068 = CARTESIAN_POINT ( 'NONE',  ( 40.07937528197223287, 29.75245638442227047, 31.88452941702787058 ) ) ;
#1069 = VERTEX_POINT ( 'NONE', #3130 ) ;
#1070 = ORIENTED_EDGE ( 'NONE', *, *, #1415, .T. ) ;
#1071 = VERTEX_POINT ( 'NONE', #502 ) ;
#1072 = VECTOR ( 'NONE', #6018, 1000.000000000000000 ) ;
#1073 = ORIENTED_EDGE ( 'NONE', *, *, #1794, .T. ) ;
#1074 = CARTESIAN_POINT ( 'NONE',  ( 57.89895923599142691, 7.500000000000000000, -36.89895923599147665 ) ) ;
#1075 = CARTESIAN_POINT ( 'NONE',  ( -53.44999999999999574, 10.80000000000000071, -27.55000000000038796 ) ) ;
#1076 = VECTOR ( 'NONE', #4399, 1000.000000000000000 ) ;
#1077 = AXIS2_PLACEMENT_3D ( 'NONE', #272, #6602, #1343 ) ;
#1078 = CARTESIAN_POINT ( 'NONE',  ( 53.44999999999999574, 7.470323792342238534, 31.28908767307533978 ) ) ;
#1079 = LINE ( 'NONE', #1671, #3266 ) ;
#1080 = AXIS2_PLACEMENT_3D ( 'NONE', #671, #4376, #1124 ) ;
#1081 = PLANE ( 'NONE',  #4968 ) ;
#1082 = ADVANCED_FACE ( 'NONE', ( #2603 ), #4741, .F. ) ;
#1083 = ORIENTED_EDGE ( 'NONE', *, *, #1917, .T. ) ;
#1084 = VECTOR ( 'NONE', #3843, 1000.000000000000000 ) ;
#1085 = ORIENTED_EDGE ( 'NONE', *, *, #6203, .F. ) ;
#1086 = EDGE_CURVE ( 'NONE', #6607, #6123, #3081, .T. ) ;
#1087 = ORIENTED_EDGE ( 'NONE', *, *, #481, .F. ) ;
#1088 = DIRECTION ( 'NONE',  ( -0.2657276780299913099, -0.9267025424900799946, 0.2657276780299913099 ) ) ;
#1089 = VECTOR ( 'NONE', #1932, 999.9999999999998863 ) ;
#1090 = CARTESIAN_POINT ( 'NONE',  ( -53.44999999999999574, -11.50000000000005862, -32.06999999999997897 ) ) ;
#1091 = FACE_OUTER_BOUND ( 'NONE', #21, .T. ) ;
#1092 = ORIENTED_EDGE ( 'NONE', *, *, #6695, .T. ) ;
#1093 = PLANE ( 'NONE',  #2942 ) ;
#1094 = CARTESIAN_POINT ( 'NONE',  ( 18.54999999999999716, 10.80000000000000071, 35.44999999999961204 ) ) ;
#1095 = ORIENTED_EDGE ( 'NONE', *, *, #3872, .T. ) ;
#1096 = VECTOR ( 'NONE', #5173, 999.9999999999998863 ) ;
#1097 = FACE_OUTER_BOUND ( 'NONE', #3669, .T. ) ;
#1098 = CARTESIAN_POINT ( 'NONE',  ( 9.550000000000002487, 10.80000000000000426, -33.62500000000000000 ) ) ;
#1099 = DIRECTION ( 'NONE',  ( 1.000000000000000000, -4.458787163891844428E-16, -0.000000000000000000 ) ) ;
#1100 = VECTOR ( 'NONE', #89, 1000.000000000000114 ) ;
#1101 = EDGE_CURVE ( 'NONE', #3046, #2153, #2015, .T. ) ;
#1102 = CARTESIAN_POINT ( 'NONE',  ( -44.44999999999999574, 10.80000000000000071, 35.44999999999961204 ) ) ;
#1103 = LINE ( 'NONE', #3, #6639 ) ;
#1104 = ORIENTED_EDGE ( 'NONE', *, *, #2461, .F. ) ;
#1105 = ORIENTED_EDGE ( 'NONE', *, *, #1922, .T. ) ;
#1106 = VECTOR ( 'NONE', #2496, 1000.000000000000000 ) ;
#1107 = EDGE_CURVE ( 'NONE', #3571, #5248, #3641, .T. ) ;
#1108 = FACE_OUTER_BOUND ( 'NONE', #2404, .T. ) ;
#1109 = ORIENTED_EDGE ( 'NONE', *, *, #5343, .F. ) ;
#1110 = CARTESIAN_POINT ( 'NONE',  ( 51.62500000000000000, 10.53731005528969256, -33.62500000000000000 ) ) ;
#1111 = CARTESIAN_POINT ( 'NONE',  ( -27.54999999999999005, 10.80000000000000426, -33.62500000000000000 ) ) ;
#1112 = AXIS2_PLACEMENT_3D ( 'NONE', #2035, #2657, #4154 ) ;
#1113 = DIRECTION ( 'NONE',  ( 1.000000000000000000, 0.000000000000000000, -0.000000000000000000 ) ) ;
#1114 = DIRECTION ( 'NONE',  ( 1.000000000000000000, 0.000000000000000000, 0.000000000000000000 ) ) ;
#1115 = LINE ( 'NONE', #2049, #3969 ) ;
#1116 = VECTOR ( 'NONE', #168, 1000.000000000000000 ) ;
#1117 = ORIENTED_EDGE ( 'NONE', *, *, #5239, .T. ) ;
#1118 = ORIENTED_EDGE ( 'NONE', *, *, #940, .F. ) ;
#1119 = ADVANCED_FACE ( 'NONE', ( #2459 ), #4582, .T. ) ;
#1120 = ORIENTED_EDGE ( 'NONE', *, *, #729, .F. ) ;
#1121 = EDGE_CURVE ( 'NONE', #6590, #156, #421, .T. ) ;
#1122 = EDGE_CURVE ( 'NONE', #4561, #2499, #6236, .T. ) ;
#1123 = CARTESIAN_POINT ( 'NONE',  ( -50.06999999999999318, 7.299999999999942091, -35.45000000000001705 ) ) ;
#1124 = DIRECTION ( 'NONE',  ( -1.000000000000000000, 0.000000000000000000, 0.000000000000000000 ) ) ;
#1125 = CARTESIAN_POINT ( 'NONE',  ( -60.00000000000000000, 7.500000000000000000, 8.000000000000000000 ) ) ;
#1126 = EDGE_CURVE ( 'NONE', #6587, #4001, #3602, .T. ) ;
#1127 = VERTEX_POINT ( 'NONE', #3040 ) ;
#1128 = CARTESIAN_POINT ( 'NONE',  ( -9.625325129530899915, 10.53731005528970499, 33.62500000000000000 ) ) ;
#1129 = CARTESIAN_POINT ( 'NONE',  ( -51.62500000000000000, 7.500000000000000000, 19.49625977300368262 ) ) ;
#1130 = CARTESIAN_POINT ( 'NONE',  ( -18.62532512953089991, 10.53731005528970499, 33.62500000000000000 ) ) ;
#1131 = VERTEX_POINT ( 'NONE', #1938 ) ;
#1132 = LINE ( 'NONE', #2708, #296 ) ;
#1133 = LINE ( 'NONE', #5364, #5951 ) ;
#1134 = CARTESIAN_POINT ( 'NONE',  ( -53.44999999999999574, 10.80000000000000071, 18.54999999999960991 ) ) ;
#1135 = EDGE_CURVE ( 'NONE', #6795, #1340, #5766, .T. ) ;
#1136 = PLANE ( 'NONE',  #3167 ) ;
#1137 = CARTESIAN_POINT ( 'NONE',  ( 53.44999999999999574, 10.80000000000000071, 17.44999999999961560 ) ) ;
#1138 = ORIENTED_EDGE ( 'NONE', *, *, #1126, .T. ) ;
#1139 = ORIENTED_EDGE ( 'NONE', *, *, #6017, .T. ) ;
#1140 = LINE ( 'NONE', #1242, #3722 ) ;
#1141 = CARTESIAN_POINT ( 'NONE',  ( 53.48650574178865469, 7.439244242953121145, -31.67668115864354661 ) ) ;
#1142 = ORIENTED_EDGE ( 'NONE', *, *, #3273, .T. ) ;
#1143 = LINE ( 'NONE', #2727, #1197 ) ;
#1144 = PLANE ( 'NONE',  #6686 ) ;
#1145 = EDGE_CURVE ( 'NONE', #6727, #371, #4620, .T. ) ;
#1146 = VERTEX_POINT ( 'NONE', #381 ) ;
#1147 = DIRECTION ( 'NONE',  ( -0.7071067811865452413, -0.000000000000000000, -0.7071067811865497932 ) ) ;
#1148 = ADVANCED_FACE ( 'NONE', ( #4167 ), #5172, .T. ) ;
#1149 = CARTESIAN_POINT ( 'NONE',  ( 50.06999999999696627, 7.300000000021168667, 32.06999999999991502 ) ) ;
#1150 = DIRECTION ( 'NONE',  ( -0.000000000000000000, -0.000000000000000000, 1.000000000000000000 ) ) ;
#1151 = ORIENTED_EDGE ( 'NONE', *, *, #2952, .T. ) ;
#1152 = LINE ( 'NONE', #4869, #4328 ) ;
#1153 = VERTEX_POINT ( 'NONE', #2590 ) ;
#1154 = ADVANCED_FACE ( 'NONE', ( #1534 ), #5138, .F. ) ;
#1155 = VERTEX_POINT ( 'NONE', #5623 ) ;
#1156 = EDGE_CURVE ( 'NONE', #4663, #1969, #493, .T. ) ;
#1157 = CARTESIAN_POINT ( 'NONE',  ( 47.73571359999211694, 22.25864506693675438, 26.58211138907231330 ) ) ;
#1158 = CARTESIAN_POINT ( 'NONE',  ( -24.62500000000000000, 10.53731005528970321, 33.62500000000000000 ) ) ;
#1159 = DIRECTION ( 'NONE',  ( -1.000000000000000000, 0.000000000000000000, -0.000000000000000000 ) ) ;
#1160 = ORIENTED_EDGE ( 'NONE', *, *, #4834, .T. ) ;
#1161 = DIRECTION ( 'NONE',  ( -0.000000000000000000, -0.000000000000000000, 1.000000000000000000 ) ) ;
#1162 = ORIENTED_EDGE ( 'NONE', *, *, #5281, .T. ) ;
#1163 = CARTESIAN_POINT ( 'NONE',  ( -61.00000000000000000, 9.899999999999998579, 8.000000000000000000 ) ) ;
#1164 = CARTESIAN_POINT ( 'NONE',  ( 0.6253251295309318891, 10.53731005528967124, 33.62500000000000000 ) ) ;
#1165 = DIRECTION ( 'NONE',  ( -0.4999999999999957256, -0.7071067811865535679, -0.4999999999999957256 ) ) ;
#1166 = CARTESIAN_POINT ( 'NONE',  ( 51.62500000000000000, 10.53731005528966946, 33.62500000000000000 ) ) ;
#1167 = LINE ( 'NONE', #6530, #5987 ) ;
#1168 = EDGE_LOOP ( 'NONE', ( #1919, #148, #3382, #1891, #2833, #5663, #6300, #1465, #336, #3301, #6039, #6787, #5284, #3573, #6709, #4323, #5267, #1598, #1730, #5819, #4346, #1706, #5218, #6736, #5235, #2359, #42, #4174, #5639, #6261, #5293, #313, #101, #2174, #2700, #2436, #195, #5137, #1186, #536, #4586, #1702, #843, #2794, #5381, #4003, #5934, #2390, #756, #899, #3591, #6454, #5203 ) ) ;
#1169 = VERTEX_POINT ( 'NONE', #2980 ) ;
#1170 = VECTOR ( 'NONE', #4962, 1000.000000000000227 ) ;
#1171 = DIRECTION ( 'NONE',  ( 0.000000000000000000, 0.000000000000000000, -1.000000000000000000 ) ) ;
#1173 = LINE ( 'NONE', #6436, #5196 ) ;
#1172 = AXIS2_PLACEMENT_3D ( 'NONE', #4446, #2798, #4897 ) ;
#1174 = ORIENTED_EDGE ( 'NONE', *, *, #1633, .T. ) ;
#1175 = DIRECTION ( 'NONE',  ( -0.000000000000000000, -0.2756373558170021609, -0.9612616959383181170 ) ) ;
#1176 = LINE ( 'NONE', #4963, #5323 ) ;
#1177 = VECTOR ( 'NONE', #2859, 1000.000000000000000 ) ;
#1178 = ORIENTED_EDGE ( 'NONE', *, *, #6112, .F. ) ;
#1179 = DIRECTION ( 'NONE',  ( -0.5001519828512179799, -0.8323926831162092865, 0.2386847610229711203 ) ) ;
#1180 = VECTOR ( 'NONE', #5925, 1000.000000000000000 ) ;
#1181 = DIRECTION ( 'NONE',  ( 0.2756373558170040483, 0.9612616959383175619, 0.000000000000000000 ) ) ;
#1182 = VECTOR ( 'NONE', #5711, 1000.000000000000000 ) ;
#1183 = ORIENTED_EDGE ( 'NONE', *, *, #6058, .T. ) ;
#1184 = ADVANCED_FACE ( 'NONE', ( #5105 ), #350, .F. ) ;
#1185 = DIRECTION ( 'NONE',  ( 1.000000000000000000, 0.000000000000000000, 0.000000000000000000 ) ) ;
#1186 = ORIENTED_EDGE ( 'NONE', *, *, #5858, .T. ) ;
#1187 = VECTOR ( 'NONE', #2778, 1000.000000000000000 ) ;
#1188 = VERTEX_POINT ( 'NONE', #5659 ) ;
#1189 = CARTESIAN_POINT ( 'NONE',  ( 0.000000000000000000, 8.566080860090860227, 34.80943399447237852 ) ) ;
#1190 = CARTESIAN_POINT ( 'NONE',  ( 53.44999999999688356, 7.500000000022596147, 32.06999999999990791 ) ) ;
#1191 = DIRECTION ( 'NONE',  ( 0.000000000000000000, 0.000000000000000000, 1.000000000000000000 ) ) ;
#1192 = ORIENTED_EDGE ( 'NONE', *, *, #2004, .F. ) ;
#1193 = DIRECTION ( 'NONE',  ( 0.000000000000000000, -1.000000000000000000, 0.000000000000000000 ) ) ;
#1194 = VECTOR ( 'NONE', #1181, 999.9999999999998863 ) ;
#1195 = VERTEX_POINT ( 'NONE', #906 ) ;
#1196 = ORIENTED_EDGE ( 'NONE', *, *, #5397, .F. ) ;
#1197 = VECTOR ( 'NONE', #1665, 1000.000000000000114 ) ;
#1198 = CARTESIAN_POINT ( 'NONE',  ( -53.44999999999999574, 10.80000000000000071, -17.45000000000039009 ) ) ;
#1199 = LINE ( 'NONE', #3239, #3505 ) ;
#1200 = FACE_OUTER_BOUND ( 'NONE', #832, .T. ) ;
#1201 = EDGE_CURVE ( 'NONE', #2617, #714, #2487, .T. ) ;
#1202 = CARTESIAN_POINT ( 'NONE',  ( 0.000000000000000000, 7.500000000000000000, -34.50374022699632093 ) ) ;
#1203 = AXIS2_PLACEMENT_3D ( 'NONE', #6844, #3209, #5262 ) ;
#1204 = VERTEX_POINT ( 'NONE', #1461 ) ;
#1205 = ORIENTED_EDGE ( 'NONE', *, *, #61, .T. ) ;
#1206 = ADVANCED_FACE ( 'NONE', ( #3565 ), #2525, .T. ) ;
#1207 = EDGE_CURVE ( 'NONE', #6248, #5257, #6023, .T. ) ;
#1208 = EDGE_CURVE ( 'NONE', #5333, #3100, #6535, .T. ) ;
#1209 = VECTOR ( 'NONE', #1680, 1000.000000000000000 ) ;
#1210 = DIRECTION ( 'NONE',  ( -1.000000000000000000, 0.000000000000000000, -2.679109615408197094E-16 ) ) ;
#1211 = EDGE_CURVE ( 'NONE', #745, #1873, #655, .T. ) ;
#1212 = ORIENTED_EDGE ( 'NONE', *, *, #4077, .F. ) ;
#1213 = EDGE_CURVE ( 'NONE', #4001, #1169, #4995, .T. ) ;
#1214 = DIRECTION ( 'NONE',  ( 0.2657276780299911434, 0.9267025424900801056, 0.2657276780299911434 ) ) ;
#1215 = DIRECTION ( 'NONE',  ( -0.2657276780299911434, 0.9267025424900801056, 0.2657276780299911434 ) ) ;
#1216 = VECTOR ( 'NONE', #298, 1000.000000000000000 ) ;
#1217 = VERTEX_POINT ( 'NONE', #5406 ) ;
#1218 = LINE ( 'NONE', #1695, #4949 ) ;
#1219 = DIRECTION ( 'NONE',  ( -4.226362854693271644E-13, 1.000000000000000000, 3.488628514275818012E-28 ) ) ;
#1220 = EDGE_LOOP ( 'NONE', ( #683, #52, #4939, #3780 ) ) ;
#1221 = DIRECTION ( 'NONE',  ( 0.2657276780299911434, 0.9267025424900801056, 0.2657276780299911434 ) ) ;
#1222 = UNCERTAINTY_MEASURE_WITH_UNIT (LENGTH_MEASURE( 1.000000000000000082E-05 ), #765, 'distance_accuracy_value', 'NONE');
#1223 = ORIENTED_EDGE ( 'NONE', *, *, #5112, .T. ) ;
#1224 = EDGE_CURVE ( 'NONE', #6364, #4396, #2273, .T. ) ;
#1225 = VECTOR ( 'NONE', #1451, 1000.000000000000114 ) ;
#1226 = CARTESIAN_POINT ( 'NONE',  ( 48.89016950369352799, 7.500000000000007105, -35.44999999999998863 ) ) ;
#1227 = LINE ( 'NONE', #636, #5394 ) ;
#1228 = CARTESIAN_POINT ( 'NONE',  ( -18.54999999999999716, 10.80000000000000071, 35.44999999999961204 ) ) ;
#1229 = ORIENTED_EDGE ( 'NONE', *, *, #5046, .T. ) ;
#1230 = CARTESIAN_POINT ( 'NONE',  ( -5.067389764026899002, -0.9965637948165171345, -32.06738976402728980 ) ) ;
#1231 = ORIENTED_EDGE ( 'NONE', *, *, #2851, .F. ) ;
#1232 = ORIENTED_EDGE ( 'NONE', *, *, #1589, .T. ) ;
#1233 = CARTESIAN_POINT ( 'NONE',  ( 0.000000000000000000, 8.566080860090860227, 34.80943399447237852 ) ) ;
#1234 = CARTESIAN_POINT ( 'NONE',  ( 53.44999999999999574, -11.50000000000000000, -35.45000000000003126 ) ) ;
#1235 = LINE ( 'NONE', #3932, #4091 ) ;
#1236 = EDGE_CURVE ( 'NONE', #4451, #5422, #3316, .T. ) ;
#1237 = CARTESIAN_POINT ( 'NONE',  ( 51.62500000000000000, 10.53731005528970854, -26.37467487046948733 ) ) ;
#1238 = FACE_OUTER_BOUND ( 'NONE', #5461, .T. ) ;
#1239 = ORIENTED_EDGE ( 'NONE', *, *, #3651, .F. ) ;
#1240 = VERTEX_POINT ( 'NONE', #2865 ) ;
#1241 = EDGE_CURVE ( 'NONE', #813, #520, #1140, .T. ) ;
#1242 = CARTESIAN_POINT ( 'NONE',  ( -51.62500000000000711, 7.500000000000000000, -28.49625977300445356 ) ) ;
#1243 = LINE ( 'NONE', #4467, #1315 ) ;
#1244 = VERTEX_POINT ( 'NONE', #4890 ) ;
#1245 = EDGE_CURVE ( 'NONE', #2608, #6433, #688, .T. ) ;
#1246 = DIRECTION ( 'NONE',  ( -1.000000000000000000, 0.000000000000000000, 0.000000000000000000 ) ) ;
#1247 = DIRECTION ( 'NONE',  ( -1.000000000000000000, 0.000000000000000000, 0.000000000000000000 ) ) ;
#1248 = CARTESIAN_POINT ( 'NONE',  ( 47.73571359999213115, 22.25864506693676503, -26.58211138907234528 ) ) ;
#1249 = ORIENTED_EDGE ( 'NONE', *, *, #2160, .F. ) ;
#1250 = EDGE_CURVE ( 'NONE', #4371, #4681, #4924, .T. ) ;
#1251 = CARTESIAN_POINT ( 'NONE',  ( 50.07000000000479645, -11.49999999997889688, -32.07000000000006423 ) ) ;
#1252 = CARTESIAN_POINT ( 'NONE',  ( -59.00000000000000000, 10.49999999999999822, 8.000000000000000000 ) ) ;
#1253 = LINE ( 'NONE', #4343, #4198 ) ;
#1254 = CARTESIAN_POINT ( 'NONE',  ( -53.44999999999999574, 7.500000000000007105, 33.24983049630021270 ) ) ;
#1255 = CARTESIAN_POINT ( 'NONE',  ( -53.44999999999999574, 7.470323792317999256, -31.28908767307481043 ) ) ;
#1256 = VERTEX_POINT ( 'NONE', #2083 ) ;
#1257 = ORIENTED_EDGE ( 'NONE', *, *, #33, .T. ) ;
#1258 = DIRECTION ( 'NONE',  ( 0.9612616959383175619, -0.2756373558170040483, 0.000000000000000000 ) ) ;
#1259 = CARTESIAN_POINT ( 'NONE',  ( 51.15077886840077781, 7.500000000021625368, 35.44999999999994600 ) ) ;
#1260 = PLANE ( 'NONE',  #6186 ) ;
#1261 = EDGE_LOOP ( 'NONE', ( #1623, #2158, #3923, #209 ) ) ;
#1262 = CARTESIAN_POINT ( 'NONE',  ( 0.000000000000000000, 7.500000000000000000, 0.000000000000000000 ) ) ;
#1263 = ORIENTED_EDGE ( 'NONE', *, *, #3146, .T. ) ;
#1264 = VERTEX_POINT ( 'NONE', #2238 ) ;
#1265 = CARTESIAN_POINT ( 'NONE',  ( -34.80943399447275510, 8.566080860090846016, 34.80943399447237852 ) ) ;
#1266 = CARTESIAN_POINT ( 'NONE',  ( -1.496259773004063209, 7.500000000000000000, -33.62500000000000000 ) ) ;
#1267 = CARTESIAN_POINT ( 'NONE',  ( -1.190566005527356364, 8.566080860090391269, -34.80943399447265563 ) ) ;
#1268 = CARTESIAN_POINT ( 'NONE',  ( 36.54999999999999716, 10.80000000000000071, -35.45000000000039364 ) ) ;
#1269 = ORIENTED_EDGE ( 'NONE', *, *, #5800, .T. ) ;
#1270 = ORIENTED_EDGE ( 'NONE', *, *, #1396, .F. ) ;
#1271 = CARTESIAN_POINT ( 'NONE',  ( -48.79638818434518299, -5.429073061943155309, 12.79638818434480285 ) ) ;
#1272 = PLANE ( 'NONE',  #1652 ) ;
#1273 = VERTEX_POINT ( 'NONE', #2723 ) ;
#1274 = CARTESIAN_POINT ( 'NONE',  ( 49.28908881655039664, 7.470323631757471716, 35.45000000000000995 ) ) ;
#1275 = LINE ( 'NONE', #4471, #5102 ) ;
#1276 = EDGE_LOOP ( 'NONE', ( #1368, #222, #2148, #3264 ) ) ;
#1277 = VERTEX_POINT ( 'NONE', #2824 ) ;
#1278 = AXIS2_PLACEMENT_3D ( 'NONE', #2557, #5792, #3143 ) ;
#1279 = DIRECTION ( 'NONE',  ( 1.000000000000000000, 0.000000000000000000, 0.000000000000000000 ) ) ;
#1280 = CARTESIAN_POINT ( 'NONE',  ( -37.49625977300406277, 7.500000000000000000, 0.000000000000000000 ) ) ;
#1281 = DIRECTION ( 'NONE',  ( -1.000000000000000000, -0.000000000000000000, -0.000000000000000000 ) ) ;
#1282 = DIRECTION ( 'NONE',  ( 0.000000000000000000, 0.000000000000000000, -1.000000000000000000 ) ) ;
#1283 = AXIS2_PLACEMENT_3D ( 'NONE', #6666, #1926, #3068 ) ;
#1284 = AXIS2_PLACEMENT_3D ( 'NONE', #6478, #4909, #3681 ) ;
#1285 = CARTESIAN_POINT ( 'NONE',  ( -53.44999999999999574, 7.347227451924116082, -31.87584506165511300 ) ) ;
#1286 = ORIENTED_EDGE ( 'NONE', *, *, #850, .T. ) ;
#1287 = AXIS2_PLACEMENT_3D ( 'NONE', #6837, #5728, #974 ) ;
#1288 = VECTOR ( 'NONE', #1338, 1000.000000000000000 ) ;
#1289 = ADVANCED_FACE ( 'NONE', ( #4361 ), #5471, .T. ) ;
#1290 = CARTESIAN_POINT ( 'NONE',  ( 40.07937528197221866, 29.75245638442229534, 4.884529417027841269 ) ) ;
#1291 = EDGE_CURVE ( 'NONE', #1273, #4998, #5894, .T. ) ;
#1292 = DIRECTION ( 'NONE',  ( 0.000000000000000000, -0.2756373558170040483, 0.9612616959383175619 ) ) ;
#1293 = ORIENTED_EDGE ( 'NONE', *, *, #4517, .F. ) ;
#1294 = DIRECTION ( 'NONE',  ( -0.000000000000000000, 1.000000000000000000, -0.000000000000000000 ) ) ;
#1295 = VECTOR ( 'NONE', #5688, 1000.000000000000114 ) ;
#1296 = ORIENTED_EDGE ( 'NONE', *, *, #6241, .T. ) ;
#1297 = ORIENTED_EDGE ( 'NONE', *, *, #2791, .F. ) ;
#1298 = CARTESIAN_POINT ( 'NONE',  ( -52.50374022699592302, 7.500000000000000000, 0.000000000000000000 ) ) ;
#1299 = VECTOR ( 'NONE', #6428, 1000.000000000000114 ) ;
#1300 = LINE ( 'NONE', #1887, #529 ) ;
#1301 = FACE_OUTER_BOUND ( 'NONE', #1220, .T. ) ;
#1302 = CARTESIAN_POINT ( 'NONE',  ( -51.62500000000000711, 10.53731005528969256, -27.62532512953128716 ) ) ;
#1303 = CARTESIAN_POINT ( 'NONE',  ( 51.62500000000000000, 10.53731005528969433, 27.62532512953051622 ) ) ;
#1304 = ORIENTED_EDGE ( 'NONE', *, *, #2509, .T. ) ;
#1305 = EDGE_LOOP ( 'NONE', ( #85, #6398, #4425, #4664 ) ) ;
#1306 = AXIS2_PLACEMENT_3D ( 'NONE', #876, #3961, #2884 ) ;
#1307 = EDGE_CURVE ( 'NONE', #2515, #5947, #6401, .T. ) ;
#1308 = DIRECTION ( 'NONE',  ( -1.000000000000000000, -0.000000000000000000, -0.000000000000000000 ) ) ;
#1309 = VECTOR ( 'NONE', #5721, 1000.000000000000000 ) ;
#1310 = ORIENTED_EDGE ( 'NONE', *, *, #1417, .F. ) ;
#1311 = FACE_OUTER_BOUND ( 'NONE', #1659, .T. ) ;
#1312 = CARTESIAN_POINT ( 'NONE',  ( -53.44999999999999574, 10.80000000000000071, 35.44999999999961204 ) ) ;
#1313 = ORIENTED_EDGE ( 'NONE', *, *, #3235, .F. ) ;
#1314 = ORIENTED_EDGE ( 'NONE', *, *, #1759, .T. ) ;
#1315 = VECTOR ( 'NONE', #1308, 1000.000000000000000 ) ;
#1316 = FACE_OUTER_BOUND ( 'NONE', #6090, .T. ) ;
#1317 = FACE_OUTER_BOUND ( 'NONE', #5250, .T. ) ;
#1318 = CARTESIAN_POINT ( 'NONE',  ( 53.44999999999999574, 7.500000000000007105, -30.89016950370531234 ) ) ;
#1319 = ORIENTED_EDGE ( 'NONE', *, *, #4813, .F. ) ;
#1320 = AXIS2_PLACEMENT_3D ( 'NONE', #6450, #6043, #3368 ) ;
#1321 = CARTESIAN_POINT ( 'NONE',  ( -29.37500000000000000, 10.80000000000000426, -33.62500000000000000 ) ) ;
#1322 = ORIENTED_EDGE ( 'NONE', *, *, #808, .T. ) ;
#1323 = DIRECTION ( 'NONE',  ( 0.7071067811865474617, -0.000000000000000000, 0.7071067811865474617 ) ) ;
#1324 = DIRECTION ( 'NONE',  ( 0.2756373558170039373, -0.9612616959383174509, 0.000000000000000000 ) ) ;
#1325 = CARTESIAN_POINT ( 'NONE',  ( 28.49625977300406632, 7.500000000000000000, 0.000000000000000000 ) ) ;
#1326 = ORIENTED_EDGE ( 'NONE', *, *, #1333, .T. ) ;
#1327 = FACE_OUTER_BOUND ( 'NONE', #4113, .T. ) ;
#1328 = VERTEX_POINT ( 'NONE', #205 ) ;
#1329 = EDGE_CURVE ( 'NONE', #146, #4819, #1762, .T. ) ;
#1330 = ORIENTED_EDGE ( 'NONE', *, *, #3891, .T. ) ;
#1331 = VECTOR ( 'NONE', #409, 1000.000000000000114 ) ;
#1332 = EDGE_CURVE ( 'NONE', #93, #714, #3244, .T. ) ;
#1333 = EDGE_CURVE ( 'NONE', #4001, #3443, #4855, .T. ) ;
#1334 = LINE ( 'NONE', #4562, #4322 ) ;
#1335 = CARTESIAN_POINT ( 'NONE',  ( 45.62532512953087860, 10.53731005528973341, -33.62500000000000000 ) ) ;
#1336 = VECTOR ( 'NONE', #4268, 1000.000000000000000 ) ;
#1337 = DIRECTION ( 'NONE',  ( 0.000000000000000000, -0.2756373558170023830, 0.9612616959383180060 ) ) ;
#1338 = DIRECTION ( 'NONE',  ( -0.000000000000000000, -0.000000000000000000, -1.000000000000000000 ) ) ;
#1339 = ORIENTED_EDGE ( 'NONE', *, *, #2682, .F. ) ;
#1340 = VERTEX_POINT ( 'NONE', #4335 ) ;
#1341 = LINE ( 'NONE', #5603, #2066 ) ;
#1342 = LINE ( 'NONE', #3423, #1976 ) ;
#1343 = DIRECTION ( 'NONE',  ( 1.000000000000000000, 0.000000000000000000, 0.000000000000000000 ) ) ;
#1344 = LINE ( 'NONE', #4544, #73 ) ;
#1345 = CARTESIAN_POINT ( 'NONE',  ( 49.08766517819098141, 7.492826535868327475, -35.45431025209873610 ) ) ;
#1346 = ORIENTED_EDGE ( 'NONE', *, *, #5642, .T. ) ;
#1347 = VERTEX_POINT ( 'NONE', #3799 ) ;
#1348 = DIRECTION ( 'NONE',  ( 1.000000000000000000, -0.000000000000000000, -0.000000000000000000 ) ) ;
#1349 = DIRECTION ( 'NONE',  ( 0.000000000000000000, 0.000000000000000000, -1.000000000000000000 ) ) ;
#1350 = DIRECTION ( 'NONE',  ( 0.9612616959383175619, -0.2756373558170040483, 0.000000000000000000 ) ) ;
#1351 = VERTEX_POINT ( 'NONE', #6435 ) ;
#1352 = ADVANCED_FACE ( 'NONE', ( #4012 ), #5574, .T. ) ;
#1353 = PLANE ( 'NONE',  #6741 ) ;
#1354 = EDGE_CURVE ( 'NONE', #1969, #2872, #4510, .T. ) ;
#1355 = CARTESIAN_POINT ( 'NONE',  ( 29.37500000000000000, 10.80000000000000426, -33.62500000000000000 ) ) ;
#1356 = LINE ( 'NONE', #325, #3949 ) ;
#1357 = LINE ( 'NONE', #5175, #4878 ) ;
#1358 = ORIENTED_EDGE ( 'NONE', *, *, #1392, .T. ) ;
#1359 = PLANE ( 'NONE',  #5837 ) ;
#1360 = ORIENTED_EDGE ( 'NONE', *, *, #3444, .F. ) ;
#1361 = EDGE_CURVE ( 'NONE', #4010, #506, #2898, .T. ) ;
#1362 = VERTEX_POINT ( 'NONE', #3938 ) ;
#1363 = DIRECTION ( 'NONE',  ( 1.000000000000000000, 0.000000000000000000, 0.000000000000000000 ) ) ;
#1364 = CARTESIAN_POINT ( 'NONE',  ( 28.49625977300405921, 7.500000000000000000, 0.000000000000000000 ) ) ;
#1365 = CARTESIAN_POINT ( 'NONE',  ( 62.00000000000000000, 7.500000000000000000, 34.00000000000000000 ) ) ;
#1366 = LINE ( 'NONE', #5742, #1946 ) ;
#1367 = VERTEX_POINT ( 'NONE', #5545 ) ;
#1368 = ORIENTED_EDGE ( 'NONE', *, *, #3548, .T. ) ;
#1369 = CARTESIAN_POINT ( 'NONE',  ( -16.50374022699592658, 7.500000000000000000, 0.000000000000000000 ) ) ;
#1370 = LINE ( 'NONE', #3483, #430 ) ;
#1371 = FACE_OUTER_BOUND ( 'NONE', #6377, .T. ) ;
#1372 = DIRECTION ( 'NONE',  ( 0.5001519828512179799, 0.8323926831162092865, 0.2386847610229713423 ) ) ;
#1373 = EDGE_LOOP ( 'NONE', ( #6080, #3222, #6532, #496 ) ) ;
#1374 = ORIENTED_EDGE ( 'NONE', *, *, #4627, .F. ) ;
#1375 = PLANE ( 'NONE',  #6494 ) ;
#1376 = DIRECTION ( 'NONE',  ( 1.000000000000000000, 0.000000000000000000, 0.000000000000000000 ) ) ;
#1377 = CARTESIAN_POINT ( 'NONE',  ( -52.50374022699593723, 7.500000000000000000, 0.000000000000000000 ) ) ;
#1378 = CARTESIAN_POINT ( 'NONE',  ( 0.000000000000000000, 7.500000000000000000, -34.50374022699632093 ) ) ;
#1379 = VECTOR ( 'NONE', #4083, 1000.000000000000000 ) ;
#1380 = ORIENTED_EDGE ( 'NONE', *, *, #6307, .T. ) ;
#1381 = CARTESIAN_POINT ( 'NONE',  ( -60.00000000000000000, 8.099999999999999645, -8.000000000000000000 ) ) ;
#1382 = DIRECTION ( 'NONE',  ( -1.000000000000000000, 0.000000000000000000, -0.000000000000000000 ) ) ;
#1383 = VECTOR ( 'NONE', #5373, 1000.000000000000114 ) ;
#1384 = ADVANCED_FACE ( 'NONE', ( #4600 ), #5089, .F. ) ;
#1385 = LINE ( 'NONE', #6210, #6302 ) ;
#1386 = VECTOR ( 'NONE', #776, 1000.000000000000114 ) ;
#1387 = ORIENTED_EDGE ( 'NONE', *, *, #3225, .F. ) ;
#1388 = ORIENTED_EDGE ( 'NONE', *, *, #4372, .T. ) ;
#1389 = VECTOR ( 'NONE', #2371, 1000.000000000000000 ) ;
#1390 = ORIENTED_EDGE ( 'NONE', *, *, #641, .T. ) ;
#1391 = DIRECTION ( 'NONE',  ( -0.000000000000000000, -0.000000000000000000, -1.000000000000000000 ) ) ;
#1392 = EDGE_CURVE ( 'NONE', #745, #3783, #6691, .T. ) ;
#1393 = LINE ( 'NONE', #2440, #3616 ) ;
#1394 = CARTESIAN_POINT ( 'NONE',  ( -10.19056600552747938, 8.566080860089964943, -34.80943399447290432 ) ) ;
#1395 = AXIS2_PLACEMENT_3D ( 'NONE', #3007, #6275, #4063 ) ;
#1396 = EDGE_CURVE ( 'NONE', #5149, #5798, #5643, .T. ) ;
#1397 = DIRECTION ( 'NONE',  ( 0.000000000000000000, 0.000000000000000000, -1.000000000000000000 ) ) ;
#1398 = CARTESIAN_POINT ( 'NONE',  ( 53.44999999999999574, 7.500000000000007105, -30.89016950370531234 ) ) ;
#1399 = ORIENTED_EDGE ( 'NONE', *, *, #3019, .T. ) ;
#1400 = ORIENTED_EDGE ( 'NONE', *, *, #3871, .T. ) ;
#1401 = AXIS2_PLACEMENT_3D ( 'NONE', #3750, #4349, #600 ) ;
#1402 = EDGE_CURVE ( 'NONE', #6299, #5421, #2994, .T. ) ;
#1403 = DIRECTION ( 'NONE',  ( -0.000000000000000000, -1.000000000000000000, 1.850371707708594366E-15 ) ) ;
#1404 = DIRECTION ( 'NONE',  ( 1.000000000000000000, 0.000000000000000000, -0.000000000000000000 ) ) ;
#1405 = LINE ( 'NONE', #5091, #5487 ) ;
#1406 = CARTESIAN_POINT ( 'NONE',  ( -8.449999999999999289, 10.80000000000000426, -33.62500000000000000 ) ) ;
#1407 = CARTESIAN_POINT ( 'NONE',  ( 49.87394028762118126, 7.425829079502259233, -35.49456638520409513 ) ) ;
#1408 = VECTOR ( 'NONE', #3356, 1000.000000000000227 ) ;
#1409 = EDGE_LOOP ( 'NONE', ( #267, #5702, #5306, #413 ) ) ;
#1410 = CARTESIAN_POINT ( 'NONE',  ( -50.06999999999999318, 7.299999999999948308, -32.07000000000001450 ) ) ;
#1411 = VERTEX_POINT ( 'NONE', #241 ) ;
#1412 = EDGE_CURVE ( 'NONE', #1568, #5908, #2446, .T. ) ;
#1413 = EDGE_CURVE ( 'NONE', #3532, #3059, #6091, .T. ) ;
#1414 = VERTEX_POINT ( 'NONE', #3422 ) ;
#1415 = EDGE_CURVE ( 'NONE', #3507, #5947, #6663, .T. ) ;
#1416 = VECTOR ( 'NONE', #770, 1000.000000000000114 ) ;
#1417 = EDGE_CURVE ( 'NONE', #1217, #2608, #2377, .T. ) ;
#1418 = CARTESIAN_POINT ( 'NONE',  ( -44.44999999999999574, 10.80000000000000071, 35.44999999999961204 ) ) ;
#1419 = LINE ( 'NONE', #5133, #1089 ) ;
#1420 = CARTESIAN_POINT ( 'NONE',  ( 51.62500000000000000, 10.80000000000000426, -17.45000000000039009 ) ) ;
#1421 = CARTESIAN_POINT ( 'NONE',  ( 52.80943399447264852, 8.566080860090401927, 0.000000000000000000 ) ) ;
#1422 = VECTOR ( 'NONE', #3026, 1000.000000000000114 ) ;
#1423 = VERTEX_POINT ( 'NONE', #3516 ) ;
#1424 = DIRECTION ( 'NONE',  ( 0.000000000000000000, -0.2756373558170021609, 0.9612616959383181170 ) ) ;
#1425 = LINE ( 'NONE', #2488, #3079 ) ;
#1426 = VECTOR ( 'NONE', #3510, 1000.000000000000114 ) ;
#1427 = PLANE ( 'NONE',  #311 ) ;
#1428 = DIRECTION ( 'NONE',  ( 1.000000000000000000, 0.000000000000000000, 0.000000000000000000 ) ) ;
#1429 = EDGE_CURVE ( 'NONE', #2293, #1524, #1857, .T. ) ;
#1430 = EDGE_LOOP ( 'NONE', ( #4828, #2312, #981, #5428 ) ) ;
#1431 = ORIENTED_EDGE ( 'NONE', *, *, #2877, .F. ) ;
#1432 = VECTOR ( 'NONE', #4141, 1000.000000000000000 ) ;
#1433 = ADVANCED_FACE ( 'NONE', ( #6125 ), #923, .F. ) ;
#1434 = ORIENTED_EDGE ( 'NONE', *, *, #1914, .F. ) ;
#1435 = DIRECTION ( 'NONE',  ( 0.000000000000000000, 0.000000000000000000, -1.000000000000000000 ) ) ;
#1436 = DIRECTION ( 'NONE',  ( -0.000000000000000000, -0.000000000000000000, 1.000000000000000000 ) ) ;
#1437 = LINE ( 'NONE', #1505, #2749 ) ;
#1438 = VERTEX_POINT ( 'NONE', #4501 ) ;
#1439 = DIRECTION ( 'NONE',  ( -0.000000000000000000, -0.000000000000000000, 1.000000000000000000 ) ) ;
#1440 = CARTESIAN_POINT ( 'NONE',  ( -53.44999999999999574, 10.80000000000000071, -9.550000000000384404 ) ) ;
#1441 = EDGE_LOOP ( 'NONE', ( #2275, #2756, #4401, #1004 ) ) ;
#1442 = VECTOR ( 'NONE', #4330, 999.9999999999998863 ) ;
#1443 = VERTEX_POINT ( 'NONE', #3978 ) ;
#1444 = APPLICATION_CONTEXT ( 'automotive_design' ) ;
#1445 = EDGE_CURVE ( 'NONE', #4472, #1993, #1341, .T. ) ;
#1446 = DIRECTION ( 'NONE',  ( 1.000000000000000000, 0.000000000000000000, -0.000000000000000000 ) ) ;
#1447 = LINE ( 'NONE', #1998, #870 ) ;
#1448 = AXIS2_PLACEMENT_3D ( 'NONE', #2558, #2314, #3839 ) ;
#1449 = LINE ( 'NONE', #926, #4958 ) ;
#1450 = DIRECTION ( 'NONE',  ( -0.000000000000000000, 0.9612616959383174509, 0.2756373558170039373 ) ) ;
#1451 = DIRECTION ( 'NONE',  ( 0.2756373558170039373, 0.9612616959383174509, 0.000000000000000000 ) ) ;
#1452 = ORIENTED_EDGE ( 'NONE', *, *, #6695, .F. ) ;
#1453 = EDGE_LOOP ( 'NONE', ( #5939, #2776, #921, #191 ) ) ;
#1454 = ORIENTED_EDGE ( 'NONE', *, *, #1496, .T. ) ;
#1455 = EDGE_CURVE ( 'NONE', #5233, #1362, #2963, .T. ) ;
#1456 = DIRECTION ( 'NONE',  ( -0.9612616959383174509, -0.2756373558170042704, 0.000000000000000000 ) ) ;
#1457 = DIRECTION ( 'NONE',  ( 1.000000000000000000, 0.000000000000000000, 0.000000000000000000 ) ) ;
#1458 = LINE ( 'NONE', #2426, #3763 ) ;
#1459 = EDGE_CURVE ( 'NONE', #1155, #156, #4675, .T. ) ;
#1460 = EDGE_LOOP ( 'NONE', ( #3898, #5553, #3006, #5757 ) ) ;
#1461 = CARTESIAN_POINT ( 'NONE',  ( -44.44999999999999574, 10.80000000000000426, -33.62500000000000000 ) ) ;
#1462 = LINE ( 'NONE', #810, #4977 ) ;
#1463 = DIRECTION ( 'NONE',  ( 0.9612616959383181170, -0.2756373558170021609, 0.000000000000000000 ) ) ;
#1464 = CARTESIAN_POINT ( 'NONE',  ( -33.26428640000786174, 22.25864506693676859, -26.58211138907234172 ) ) ;
#1465 = ORIENTED_EDGE ( 'NONE', *, *, #4905, .F. ) ;
#1466 = ORIENTED_EDGE ( 'NONE', *, *, #850, .F. ) ;
#1467 = ORIENTED_EDGE ( 'NONE', *, *, #6517, .F. ) ;
#1468 = PLANE ( 'NONE',  #4988 ) ;
#1469 = DIRECTION ( 'NONE',  ( 2.679109615408197094E-16, 0.000000000000000000, -1.000000000000000000 ) ) ;
#1470 = PLANE ( 'NONE',  #772 ) ;
#1471 = ORIENTED_EDGE ( 'NONE', *, *, #2135, .T. ) ;
#1472 = CARTESIAN_POINT ( 'NONE',  ( -6.964775456032752413E-16, 8.566080860090870885, 34.80943399447237852 ) ) ;
#1473 = FACE_OUTER_BOUND ( 'NONE', #2583, .T. ) ;
#1474 = ORIENTED_EDGE ( 'NONE', *, *, #5867, .F. ) ;
#1475 = EDGE_LOOP ( 'NONE', ( #4706, #2867, #1138, #1638 ) ) ;
#1476 = DIRECTION ( 'NONE',  ( 0.2657276780299911434, 0.9267025424900801056, 0.2657276780299911434 ) ) ;
#1477 = FACE_OUTER_BOUND ( 'NONE', #4657, .T. ) ;
#1478 = PLANE ( 'NONE',  #2523 ) ;
#1479 = DIRECTION ( 'NONE',  ( 0.000000000000000000, -0.9612616959383174509, 0.2756373558170042704 ) ) ;
#1480 = PLANE ( 'NONE',  #6374 ) ;
#1481 = CARTESIAN_POINT ( 'NONE',  ( -15.26428640000787240, 22.25864506693675438, -26.58211138907232396 ) ) ;
#1482 = ORIENTED_EDGE ( 'NONE', *, *, #6830, .F. ) ;
#1483 = ORIENTED_EDGE ( 'NONE', *, *, #2825, .F. ) ;
#1484 = ORIENTED_EDGE ( 'NONE', *, *, #3960, .F. ) ;
#1485 = LINE ( 'NONE', #3217, #6396 ) ;
#1486 = CARTESIAN_POINT ( 'NONE',  ( -21.93261023597304415, -0.9965637948163210691, 32.06738976402656505 ) ) ;
#1487 = DIRECTION ( 'NONE',  ( 0.000000000000000000, 0.000000000000000000, 1.000000000000000000 ) ) ;
#1488 = ORIENTED_EDGE ( 'NONE', *, *, #1612, .F. ) ;
#1489 = ADVANCED_FACE ( 'NONE', ( #1477 ), #6768, .F. ) ;
#1490 = DIRECTION ( 'NONE',  ( -0.2386847610229711203, -0.8323926831162092865, 0.5001519828512179799 ) ) ;
#1491 = CARTESIAN_POINT ( 'NONE',  ( 45.54999999999999005, 10.80000000000000071, 26.44999999999961204 ) ) ;
#1492 = LINE ( 'NONE', #3120, #5180 ) ;
#1493 = DIRECTION ( 'NONE',  ( -0.2756373558170039373, -0.9612616959383174509, 0.000000000000000000 ) ) ;
#1494 = ORIENTED_EDGE ( 'NONE', *, *, #3789, .F. ) ;
#1495 = VERTEX_POINT ( 'NONE', #1098 ) ;
#1496 = EDGE_CURVE ( 'NONE', #2852, #6027, #5836, .T. ) ;
#1497 = ORIENTED_EDGE ( 'NONE', *, *, #2321, .T. ) ;
#1498 = EDGE_CURVE ( 'NONE', #2486, #2886, #5750, .T. ) ;
#1499 = EDGE_CURVE ( 'NONE', #2896, #6011, #4780, .T. ) ;
#1500 = VECTOR ( 'NONE', #273, 1000.000000000000114 ) ;
#1501 = AXIS2_PLACEMENT_3D ( 'NONE', #4419, #741, #4941 ) ;
#1502 = ADVANCED_FACE ( 'NONE', ( #548 ), #2652, .F. ) ;
#1503 = PLANE ( 'NONE',  #2315 ) ;
#1504 = DIRECTION ( 'NONE',  ( 0.2657276780299911434, -0.9267025424900801056, 0.2657276780299911434 ) ) ;
#1505 = CARTESIAN_POINT ( 'NONE',  ( 15.26428640000787240, 22.25864506693675438, -26.58211138907232396 ) ) ;
#1506 = ORIENTED_EDGE ( 'NONE', *, *, #6070, .T. ) ;
#1507 = FACE_OUTER_BOUND ( 'NONE', #479, .T. ) ;
#1508 = DIRECTION ( 'NONE',  ( 0.000000000000000000, 0.000000000000000000, 1.000000000000000000 ) ) ;
#1509 = VECTOR ( 'NONE', #1557, 1000.000000000000114 ) ;
#1510 = ORIENTED_EDGE ( 'NONE', *, *, #5610, .T. ) ;
#1511 = VECTOR ( 'NONE', #4809, 1000.000000000000114 ) ;
#1512 = EDGE_LOOP ( 'NONE', ( #3389, #4966, #2248, #1596 ) ) ;
#1513 = DIRECTION ( 'NONE',  ( 0.5001519828512179799, -0.8323926831162092865, 0.2386847610229711203 ) ) ;
#1514 = VECTOR ( 'NONE', #2611, 1000.000000000000000 ) ;
#1515 = DIRECTION ( 'NONE',  ( -0.000000000000000000, 0.000000000000000000, 1.000000000000000000 ) ) ;
#1517 = CARTESIAN_POINT ( 'NONE',  ( 0.000000000000000000, 7.500000000000000000, -16.50374022699632093 ) ) ;
#1516 = VECTOR ( 'NONE', #1348, 1000.000000000000000 ) ;
#1518 = CARTESIAN_POINT ( 'NONE',  ( -52.80943399447264142, 8.566080860090409033, -25.80943399447302866 ) ) ;
#1519 = LINE ( 'NONE', #448, #6476 ) ;
#1520 = CARTESIAN_POINT ( 'NONE',  ( -24.26428640000788661, 22.25864506693673306, 26.58211138907234528 ) ) ;
#1521 = VERTEX_POINT ( 'NONE', #3174 ) ;
#1522 = ORIENTED_EDGE ( 'NONE', *, *, #3235, .T. ) ;
#1523 = AXIS2_PLACEMENT_3D ( 'NONE', #5116, #4007, #2918 ) ;
#1524 = VERTEX_POINT ( 'NONE', #3135 ) ;
#1525 = ADVANCED_FACE ( 'NONE', ( #995 ), #957, .F. ) ;
#1526 = VECTOR ( 'NONE', #373, 1000.000000000000114 ) ;
#1527 = PLANE ( 'NONE',  #3508 ) ;
#1528 = DIRECTION ( 'NONE',  ( -0.2657276780299911434, -0.9267025424900801056, 0.2657276780299911434 ) ) ;
#1529 = CARTESIAN_POINT ( 'NONE',  ( 50.07000000000491013, -11.50000000000000000, 35.45000000000000995 ) ) ;
#1530 = CARTESIAN_POINT ( 'NONE',  ( 51.62500000000000000, 10.53731005528969256, -0.6253251295312920455 ) ) ;
#1531 = AXIS2_PLACEMENT_3D ( 'NONE', #5350, #2185, #5317 ) ;
#1532 = ORIENTED_EDGE ( 'NONE', *, *, #2217, .F. ) ;
#1533 = LINE ( 'NONE', #6817, #2713 ) ;
#1534 = FACE_OUTER_BOUND ( 'NONE', #2933, .T. ) ;
#1535 = DIRECTION ( 'NONE',  ( -1.000000000000000000, 0.000000000000000000, 0.000000000000000000 ) ) ;
#1536 = VERTEX_POINT ( 'NONE', #1555 ) ;
#1537 = VECTOR ( 'NONE', #4883, 1000.000000000000227 ) ;
#1538 = VERTEX_POINT ( 'NONE', #5261 ) ;
#1539 = EDGE_LOOP ( 'NONE', ( #2903, #5470, #3849, #2870 ) ) ;
#1540 = TOROIDAL_SURFACE ( 'NONE', #324, 3.580000000000000959, 0.2000000000000000111 ) ;
#1541 = CARTESIAN_POINT ( 'NONE',  ( -53.44999999999999574, 10.80000000000000071, 17.44999999999961560 ) ) ;
#1542 = CARTESIAN_POINT ( 'NONE',  ( 51.24983049629729948, 7.500000000000007105, -35.44999999999998863 ) ) ;
#1543 = DIRECTION ( 'NONE',  ( 0.8164965809277230369, 0.5773502691896301720, 0.000000000000000000 ) ) ;
#1544 = EDGE_CURVE ( 'NONE', #5678, #1028, #509, .T. ) ;
#1545 = ORIENTED_EDGE ( 'NONE', *, *, #1711, .T. ) ;
#1546 = EDGE_CURVE ( 'NONE', #6243, #6343, #5296, .T. ) ;
#1547 = DIRECTION ( 'NONE',  ( -0.2657276780299911434, -0.9267025424900801056, 0.2657276780299911434 ) ) ;
#1548 = CARTESIAN_POINT ( 'NONE',  ( 52.50374022699593013, 7.500000000000000000, 0.000000000000000000 ) ) ;
#1549 = AXIS2_PLACEMENT_3D ( 'NONE', #2463, #289, #4526 ) ;
#1550 = ORIENTED_EDGE ( 'NONE', *, *, #3056, .T. ) ;
#1551 = EDGE_CURVE ( 'NONE', #3196, #3314, #6731, .T. ) ;
#1552 = ORIENTED_EDGE ( 'NONE', *, *, #1236, .T. ) ;
#1553 = EDGE_CURVE ( 'NONE', #5352, #4974, #1997, .T. ) ;
#1554 = FACE_OUTER_BOUND ( 'NONE', #5893, .T. ) ;
#1555 = CARTESIAN_POINT ( 'NONE',  ( -45.62532512953089991, 10.53731005528968367, 33.62500000000000000 ) ) ;
#1556 = PLANE ( 'NONE',  #4863 ) ;
#1557 = DIRECTION ( 'NONE',  ( -0.2657276780299913099, -0.9267025424900799946, 0.2657276780299913099 ) ) ;
#1558 = FACE_OUTER_BOUND ( 'NONE', #4226, .T. ) ;
#1559 = ORIENTED_EDGE ( 'NONE', *, *, #3395, .F. ) ;
#1560 = EDGE_LOOP ( 'NONE', ( #6492, #2316, #803, #5764 ) ) ;
#1561 = ORIENTED_EDGE ( 'NONE', *, *, #28, .T. ) ;
#1562 = AXIS2_PLACEMENT_3D ( 'NONE', #5502, #2304, #4434 ) ;
#1563 = LINE ( 'NONE', #2144, #426 ) ;
#1564 = FACE_OUTER_BOUND ( 'NONE', #2782, .T. ) ;
#1565 = CARTESIAN_POINT ( 'NONE',  ( 23.06738976402695229, -0.9965637948163210691, 32.06738976402656505 ) ) ;
#1566 = DIRECTION ( 'NONE',  ( -0.2756373558170042704, -0.9612616959383174509, 0.000000000000000000 ) ) ;
#1567 = CARTESIAN_POINT ( 'NONE',  ( 0.000000000000000000, 8.566080860090860227, 34.80943399447237852 ) ) ;
#1568 = VERTEX_POINT ( 'NONE', #1581 ) ;
#1569 = EDGE_LOOP ( 'NONE', ( #4298, #5706, #149, #2921 ) ) ;
#1570 = EDGE_CURVE ( 'NONE', #60, #6067, #3861, .T. ) ;
#1571 = ORIENTED_EDGE ( 'NONE', *, *, #2147, .F. ) ;
#1572 = CARTESIAN_POINT ( 'NONE',  ( -53.44999999999999574, -11.50000000000000000, 32.07000000000000028 ) ) ;
#1573 = CARTESIAN_POINT ( 'NONE',  ( 6.264286400007888389, 22.25864506693675793, 26.58211138907232751 ) ) ;
#1574 = CARTESIAN_POINT ( 'NONE',  ( -51.62500000000000000, 10.80000000000000426, 33.62500000000000000 ) ) ;
#1575 = VERTEX_POINT ( 'NONE', #6800 ) ;
#1576 = DIRECTION ( 'NONE',  ( 0.000000000000000000, 0.000000000000000000, -1.000000000000000000 ) ) ;
#1577 = DIRECTION ( 'NONE',  ( 0.000000000000000000, 0.000000000000000000, -1.000000000000000000 ) ) ;
#1578 = VERTEX_POINT ( 'NONE', #6294 ) ;
#1579 = ORIENTED_EDGE ( 'NONE', *, *, #4126, .T. ) ;
#1580 = LINE ( 'NONE', #3104, #628 ) ;
#1581 = CARTESIAN_POINT ( 'NONE',  ( 53.44999999999685514, 7.300000000022538238, -32.07000000000010687 ) ) ;
#1582 = LINE ( 'NONE', #64, #3194 ) ;
#1583 = LINE ( 'NONE', #551, #518 ) ;
#1584 = CARTESIAN_POINT ( 'NONE',  ( 60.72738636073759011, 10.49999999999999822, -32.65631854887216434 ) ) ;
#1585 = ORIENTED_EDGE ( 'NONE', *, *, #6112, .T. ) ;
#1586 = VERTEX_POINT ( 'NONE', #3658 ) ;
#1587 = ORIENTED_EDGE ( 'NONE', *, *, #795, .F. ) ;
#1588 = CARTESIAN_POINT ( 'NONE',  ( 51.62500000000000000, 10.80000000000000426, 26.44999999999961204 ) ) ;
#1589 = EDGE_CURVE ( 'NONE', #3907, #783, #5985, .T. ) ;
#1590 = CARTESIAN_POINT ( 'NONE',  ( 51.62500000000000711, 10.53731005528969256, -18.62532512953128006 ) ) ;
#1591 = FACE_OUTER_BOUND ( 'NONE', #1276, .T. ) ;
#1592 = EDGE_LOOP ( 'NONE', ( #2374, #1860, #952, #3689 ) ) ;
#1593 = CARTESIAN_POINT ( 'NONE',  ( 55.00000000000000000, 7.500000000000000000, 41.00000000000000000 ) ) ;
#1594 = DIRECTION ( 'NONE',  ( -1.000000000000000000, -0.000000000000000000, -0.000000000000000000 ) ) ;
#1595 = CARTESIAN_POINT ( 'NONE',  ( -30.93261023597309389, -0.9965637948165171345, -32.06738976402728980 ) ) ;
#1596 = ORIENTED_EDGE ( 'NONE', *, *, #5771, .F. ) ;
#1597 = VERTEX_POINT ( 'NONE', #1164 ) ;
#1598 = ORIENTED_EDGE ( 'NONE', *, *, #3484, .T. ) ;
#1599 = EDGE_CURVE ( 'NONE', #3608, #2790, #2300, .T. ) ;
#1600 = LINE ( 'NONE', #1157, #4278 ) ;
#1601 = DIRECTION ( 'NONE',  ( -4.226362854693271644E-13, 1.000000000000000000, -1.850371707708245295E-15 ) ) ;
#1602 = LINE ( 'NONE', #55, #1980 ) ;
#1603 = ORIENTED_EDGE ( 'NONE', *, *, #196, .T. ) ;
#1604 = DIRECTION ( 'NONE',  ( -0.000000000000000000, -0.2756373558170042704, -0.9612616959383174509 ) ) ;
#1605 = DIRECTION ( 'NONE',  ( -0.2386847610229713423, 0.8323926831162092865, 0.5001519828512179799 ) ) ;
#1606 = ORIENTED_EDGE ( 'NONE', *, *, #6764, .T. ) ;
#1607 = EDGE_CURVE ( 'NONE', #5908, #4549, #582, .T. ) ;
#1608 = VECTOR ( 'NONE', #2294, 1000.000000000000227 ) ;
#1609 = PLANE ( 'NONE',  #4288 ) ;
#1610 = DIRECTION ( 'NONE',  ( 0.000000000000000000, 1.000000000000000000, 0.000000000000000000 ) ) ;
#1611 = CARTESIAN_POINT ( 'NONE',  ( 34.84860391724591011, 16.73347327369081938, 37.15139608275370620 ) ) ;
#1612 = EDGE_CURVE ( 'NONE', #19, #6243, #4964, .T. ) ;
#1613 = VECTOR ( 'NONE', #1773, 1000.000000000000114 ) ;
#1614 = VECTOR ( 'NONE', #3394, 1000.000000000000000 ) ;
#1615 = LINE ( 'NONE', #4815, #622 ) ;
#1616 = CARTESIAN_POINT ( 'NONE',  ( 51.62500000000000000, 10.53731005528969256, -33.62500000000000000 ) ) ;
#1617 = VERTEX_POINT ( 'NONE', #2264 ) ;
#1618 = ORIENTED_EDGE ( 'NONE', *, *, #999, .T. ) ;
#1619 = ORIENTED_EDGE ( 'NONE', *, *, #4277, .F. ) ;
#1620 = AXIS2_PLACEMENT_3D ( 'NONE', #2787, #1337, #754 ) ;
#1621 = VECTOR ( 'NONE', #5950, 1000.000000000000000 ) ;
#1622 = DIRECTION ( 'NONE',  ( -0.5000000000000154321, -0.7071067811865281438, -0.5000000000000121014 ) ) ;
#1623 = ORIENTED_EDGE ( 'NONE', *, *, #1429, .F. ) ;
#1624 = LINE ( 'NONE', #4237, #3848 ) ;
#1625 = CARTESIAN_POINT ( 'NONE',  ( -52.80943399447264142, 8.566080860090409033, -34.80943399447266984 ) ) ;
#1626 = AXIS2_PLACEMENT_3D ( 'NONE', #4229, #6359, #4642 ) ;
#1627 = EDGE_CURVE ( 'NONE', #5947, #6113, #4882, .T. ) ;
#1628 = FACE_OUTER_BOUND ( 'NONE', #3747, .T. ) ;
#1629 = EDGE_CURVE ( 'NONE', #3668, #6569, #1199, .T. ) ;
#1630 = B_SPLINE_CURVE_WITH_KNOTS ( 'NONE', 3,
 ( #128, #3794, #1654, #4430, #6525, #4810, #5920, #3268, #4847, #1785, #63, #2166, #2751, #96 ),
 .UNSPECIFIED., .F., .F.,
 ( 4, 2, 2, 2, 2, 2, 4 ),
 ( 3.469446951953614189E-18, 0.0002963748339458599783, 0.0005927496678917060788, 0.001185499335783377680, 0.001778249003675049173, 0.002074623837620895653, 0.002370998671566742350 ),
 .UNSPECIFIED. ) ;
#1631 = EDGE_CURVE ( 'NONE', #878, #3323, #2200, .T. ) ;
#1632 = VERTEX_POINT ( 'NONE', #1753 ) ;
#1633 = EDGE_CURVE ( 'NONE', #5780, #2532, #3208, .T. ) ;
#1634 = DIRECTION ( 'NONE',  ( 0.000000000000000000, 0.000000000000000000, -1.000000000000000000 ) ) ;
#1635 = VECTOR ( 'NONE', #4075, 1000.000000000000114 ) ;
#1636 = CARTESIAN_POINT ( 'NONE',  ( 52.80943399447264142, 8.566080860090416138, 0.000000000000000000 ) ) ;
#1637 = FACE_OUTER_BOUND ( 'NONE', #166, .T. ) ;
#1638 = ORIENTED_EDGE ( 'NONE', *, *, #1213, .T. ) ;
#1639 = VECTOR ( 'NONE', #3893, 1000.000000000000000 ) ;
#1640 = ORIENTED_EDGE ( 'NONE', *, *, #2853, .F. ) ;
#1641 = ORIENTED_EDGE ( 'NONE', *, *, #5324, .F. ) ;
#1642 = ADVANCED_FACE ( 'NONE', ( #3864 ), #5433, .F. ) ;
#1643 = DIRECTION ( 'NONE',  ( 0.000000000000000000, 0.000000000000000000, -1.000000000000000000 ) ) ;
#1644 = AXIS2_PLACEMENT_3D ( 'NONE', #2389, #1350, #3467 ) ;
#1645 = LINE ( 'NONE', #88, #2619 ) ;
#1646 = PLANE ( 'NONE',  #218 ) ;
#1647 = ORIENTED_EDGE ( 'NONE', *, *, #5848, .F. ) ;
#1648 = CARTESIAN_POINT ( 'NONE',  ( 51.62500000000000711, 10.53731005528969256, -27.62532512953128716 ) ) ;
#1649 = LINE ( 'NONE', #2679, #5058 ) ;
#1650 = CARTESIAN_POINT ( 'NONE',  ( -53.44999999999999574, 7.394692537052531378, 31.68157608074655940 ) ) ;
#1651 = ORIENTED_EDGE ( 'NONE', *, *, #1544, .T. ) ;
#1652 = AXIS2_PLACEMENT_3D ( 'NONE', #798, #6536, #3910 ) ;
#1653 = DIRECTION ( 'NONE',  ( -0.000000000000000000, 1.000000000000000000, 0.000000000000000000 ) ) ;
#1654 = CARTESIAN_POINT ( 'NONE',  ( 53.45431025209759213, 7.492826535870240612, 31.08766517820088993 ) ) ;
#1655 = LINE ( 'NONE', #2685, #2634 ) ;
#1656 = AXIS2_PLACEMENT_3D ( 'NONE', #849, #6659, #1913 ) ;
#1657 = EDGE_CURVE ( 'NONE', #4670, #5564, #6456, .T. ) ;
#1658 = LINE ( 'NONE', #649, #3496 ) ;
#1659 = EDGE_LOOP ( 'NONE', ( #1488, #1046, #5758 ) ) ;
#1660 = VERTEX_POINT ( 'NONE', #199 ) ;
#1661 = EDGE_CURVE ( 'NONE', #2409, #3073, #1630, .T. ) ;
#1662 = VECTOR ( 'NONE', #1428, 1000.000000000000000 ) ;
#1663 = CARTESIAN_POINT ( 'NONE',  ( -2.375000000000005773, 10.53731005528969078, -33.62500000000000000 ) ) ;
#1664 = CARTESIAN_POINT ( 'NONE',  ( 53.49454598862204335, 7.425863025115310379, -31.87310577142445212 ) ) ;
#1665 = DIRECTION ( 'NONE',  ( 0.2756373558170042704, -0.9612616959383174509, 0.000000000000000000 ) ) ;
#1666 = EDGE_CURVE ( 'NONE', #6808, #4261, #3900, .T. ) ;
#1667 = DIRECTION ( 'NONE',  ( 0.9612616959383180060, -0.2756373558170023830, 0.000000000000000000 ) ) ;
#1668 = VECTOR ( 'NONE', #5633, 1000.000000000000000 ) ;
#1669 = EDGE_CURVE ( 'NONE', #6728, #411, #1133, .T. ) ;
#1670 = VECTOR ( 'NONE', #2349, 1000.000000000000000 ) ;
#1671 = CARTESIAN_POINT ( 'NONE',  ( 11.73571359999212405, 22.25864506693675438, -26.58211138907232041 ) ) ;
#1672 = CARTESIAN_POINT ( 'NONE',  ( 0.000000000000000000, 10.80000000000000071, -33.62500000000000000 ) ) ;
#1673 = VECTOR ( 'NONE', #4206, 1000.000000000000114 ) ;
#1674 = VERTEX_POINT ( 'NONE', #606 ) ;
#1675 = CARTESIAN_POINT ( 'NONE',  ( 0.000000000000000000, 10.80000000000000071, -33.62500000000000000 ) ) ;
#1676 = ORIENTED_EDGE ( 'NONE', *, *, #4686, .F. ) ;
#1677 = VERTEX_POINT ( 'NONE', #2709 ) ;
#1678 = CARTESIAN_POINT ( 'NONE',  ( -12.93261023597309567, -0.9965637948165171345, -32.06738976402728980 ) ) ;
#1679 = DIRECTION ( 'NONE',  ( 0.5001519828512179799, 0.8323926831162092865, 0.2386847610229711203 ) ) ;
#1680 = DIRECTION ( 'NONE',  ( -0.000000000000000000, -0.000000000000000000, 1.000000000000000000 ) ) ;
#1681 = VERTEX_POINT ( 'NONE', #646 ) ;
#1682 = PLANE ( 'NONE',  #5268 ) ;
#1683 = ORIENTED_EDGE ( 'NONE', *, *, #6329, .T. ) ;
#1684 = DIRECTION ( 'NONE',  ( 1.000000000000000000, 0.000000000000000000, 0.000000000000000000 ) ) ;
#1685 = DIRECTION ( 'NONE',  ( 0.000000000000000000, 0.000000000000000000, 1.000000000000000000 ) ) ;
#1686 = PLANE ( 'NONE',  #6503 ) ;
#1687 = DIRECTION ( 'NONE',  ( 1.000000000000000000, 0.000000000000000000, 0.000000000000000000 ) ) ;
#1688 = DIRECTION ( 'NONE',  ( 1.000000000000000000, 0.000000000000000000, 0.000000000000000000 ) ) ;
#1689 = ORIENTED_EDGE ( 'NONE', *, *, #1086, .F. ) ;
#1690 = VERTEX_POINT ( 'NONE', #1715 ) ;
#1691 = CARTESIAN_POINT ( 'NONE',  ( -33.26428640000787595, 22.25864506693675438, 26.58211138907232396 ) ) ;
#1692 = ORIENTED_EDGE ( 'NONE', *, *, #2668, .T. ) ;
#1693 = LINE ( 'NONE', #2179, #4496 ) ;
#1694 = CARTESIAN_POINT ( 'NONE',  ( -18.54999999999999716, 10.80000000000000426, 33.62500000000000000 ) ) ;
#1695 = CARTESIAN_POINT ( 'NONE',  ( 27.54999999999999005, 10.80000000000000071, -35.45000000000039364 ) ) ;
#1696 = DIRECTION ( 'NONE',  ( 0.2756373558170039373, 0.9612616959383174509, 0.000000000000000000 ) ) ;
#1697 = LINE ( 'NONE', #2838, #6716 ) ;
#1698 = ORIENTED_EDGE ( 'NONE', *, *, #1213, .F. ) ;
#1699 = CARTESIAN_POINT ( 'NONE',  ( 55.00000000000000000, 7.500000000000000000, -41.00000000000000000 ) ) ;
#1700 = VERTEX_POINT ( 'NONE', #5952 ) ;
#1701 = ADVANCED_FACE ( 'NONE', ( #680 ), #2785, .F. ) ;
#1702 = ORIENTED_EDGE ( 'NONE', *, *, #360, .T. ) ;
#1703 = PLANE ( 'NONE',  #4498 ) ;
#1704 = LINE ( 'NONE', #1158, #6599 ) ;
#1705 = CARTESIAN_POINT ( 'NONE',  ( -46.49625977300406277, 7.500000000000000000, -33.62500000000000000 ) ) ;
#1706 = ORIENTED_EDGE ( 'NONE', *, *, #911, .T. ) ;
#1707 = DIRECTION ( 'NONE',  ( -0.2657276780299913099, 0.9267025424900799946, 0.2657276780299913099 ) ) ;
#1708 = EDGE_LOOP ( 'NONE', ( #3039, #2345, #2660, #1719 ) ) ;
#1709 = ADVANCED_FACE ( 'NONE', ( #4033 ), #5049, .F. ) ;
#1710 = EDGE_CURVE ( 'NONE', #5678, #2236, #6658, .T. ) ;
#1711 = EDGE_CURVE ( 'NONE', #1153, #3811, #1300, .T. ) ;
#1712 = ADVANCED_FACE ( 'NONE', ( #1951 ), #5498, .F. ) ;
#1713 = EDGE_CURVE ( 'NONE', #1660, #1021, #3415, .T. ) ;
#1714 = LINE ( 'NONE', #3758, #3170 ) ;
#1715 = CARTESIAN_POINT ( 'NONE',  ( 36.54999999999999716, 10.80000000000000071, 35.44999999999961204 ) ) ;
#1716 = PLANE ( 'NONE',  #1203 ) ;
#1717 = DIRECTION ( 'NONE',  ( -0.9612616959383175619, -0.2756373558170040483, 0.000000000000000000 ) ) ;
#1718 = VECTOR ( 'NONE', #5606, 1000.000000000000000 ) ;
#1719 = ORIENTED_EDGE ( 'NONE', *, *, #6017, .F. ) ;
#1720 = VERTEX_POINT ( 'NONE', #6630 ) ;
#1721 = VECTOR ( 'NONE', #5412, 1000.000000000000000 ) ;
#1722 = CARTESIAN_POINT ( 'NONE',  ( -2.375000000000005773, 10.80000000000000426, -33.62500000000000000 ) ) ;
#1723 = CARTESIAN_POINT ( 'NONE',  ( -53.44999999999999574, 10.80000000000000071, -18.55000000000037730 ) ) ;
#1724 = ORIENTED_EDGE ( 'NONE', *, *, #4473, .T. ) ;
#1725 = CARTESIAN_POINT ( 'NONE',  ( 2.375000000000005773, 10.53731005528969078, -33.62500000000000000 ) ) ;
#1726 = DIRECTION ( 'NONE',  ( -1.020425574104004246E-16, -0.000000000000000000, 1.000000000000000000 ) ) ;
#1727 = VECTOR ( 'NONE', #5126, 1000.000000000000114 ) ;
#1728 = EDGE_CURVE ( 'NONE', #1240, #330, #1393, .T. ) ;
#1729 = CIRCLE ( 'NONE', #2607, 3.380000000000001226 ) ;
#1730 = ORIENTED_EDGE ( 'NONE', *, *, #5533, .T. ) ;
#1731 = CARTESIAN_POINT ( 'NONE',  ( -62.00000000000000000, -11.50000000000000000, -41.00000000000000000 ) ) ;
#1732 = VECTOR ( 'NONE', #4025, 1000.000000000000000 ) ;
#1733 = LINE ( 'NONE', #4865, #3732 ) ;
#1734 = CARTESIAN_POINT ( 'NONE',  ( -51.24983049630021981, 7.499999999999940492, -35.45000000000000995 ) ) ;
#1735 = VECTOR ( 'NONE', #1746, 1000.000000000000000 ) ;
#1736 = ORIENTED_EDGE ( 'NONE', *, *, #3373, .F. ) ;
#1737 = CARTESIAN_POINT ( 'NONE',  ( -53.44999999999999574, 7.500000000000006217, -31.09063699418186388 ) ) ;
#1738 = ORIENTED_EDGE ( 'NONE', *, *, #5238, .F. ) ;
#1739 = AXIS2_PLACEMENT_3D ( 'NONE', #6721, #5802, #3017 ) ;
#1740 = VERTEX_POINT ( 'NONE', #848 ) ;
#1741 = EDGE_CURVE ( 'NONE', #472, #2880, #4563, .T. ) ;
#1742 = FACE_OUTER_BOUND ( 'NONE', #3224, .T. ) ;
#1743 = LINE ( 'NONE', #709, #6386 ) ;
#1744 = LINE ( 'NONE', #2226, #2096 ) ;
#1745 = EDGE_LOOP ( 'NONE', ( #27, #1151, #4428, #4108, #2014, #3154 ) ) ;
#1746 = DIRECTION ( 'NONE',  ( -0.000000000000000000, 0.000000000000000000, 1.000000000000000000 ) ) ;
#1747 = VECTOR ( 'NONE', #2519, 1000.000000000000000 ) ;
#1748 = ORIENTED_EDGE ( 'NONE', *, *, #4088, .F. ) ;
#1749 = ORIENTED_EDGE ( 'NONE', *, *, #5397, .T. ) ;
#1750 = VECTOR ( 'NONE', #5106, 1000.000000000000227 ) ;
#1751 = EDGE_CURVE ( 'NONE', #3046, #1495, #3509, .T. ) ;
#1752 = DIRECTION ( 'NONE',  ( 0.5001519828512182020, 0.8323926831162096196, 0.2386847610229694550 ) ) ;
#1753 = CARTESIAN_POINT ( 'NONE',  ( -17.37467487046909298, 10.53731005528970144, 33.62500000000000000 ) ) ;
#1754 = ADVANCED_FACE ( 'NONE', ( #5634 ), #4492, .F. ) ;
#1755 = DIRECTION ( 'NONE',  ( -0.000000000000000000, 0.000000000000000000, 1.000000000000000000 ) ) ;
#1756 = CARTESIAN_POINT ( 'NONE',  ( -8.449999999999999289, 10.80000000000000071, -27.55000000000038796 ) ) ;
#1757 = VECTOR ( 'NONE', #588, 1000.000000000000000 ) ;
#1758 = EDGE_LOOP ( 'NONE', ( #5530, #5672, #1346, #4437, #5807, #2951, #567, #1117 ) ) ;
#1759 = EDGE_CURVE ( 'NONE', #5111, #1153, #6086, .T. ) ;
#1760 = ORIENTED_EDGE ( 'NONE', *, *, #4553, .T. ) ;
#1761 = VECTOR ( 'NONE', #6247, 1000.000000000000000 ) ;
#1762 = LINE ( 'NONE', #2310, #3946 ) ;
#1763 = CARTESIAN_POINT ( 'NONE',  ( -51.62500000000000000, 10.80000000000000426, 0.5499999999996132427 ) ) ;
#1764 = ORIENTED_EDGE ( 'NONE', *, *, #491, .T. ) ;
#1765 = CARTESIAN_POINT ( 'NONE',  ( -60.00000000000000000, 8.099999999999999645, -8.000000000000000000 ) ) ;
#1766 = CARTESIAN_POINT ( 'NONE',  ( 0.000000000000000000, 10.80000000000000071, -33.62500000000000000 ) ) ;
#1767 = CARTESIAN_POINT ( 'NONE',  ( 52.50374022699593013, 7.500000000000000000, 0.000000000000000000 ) ) ;
#1768 = AXIS2_PLACEMENT_3D ( 'NONE', #425, #5142, #4623 ) ;
#1769 = ORIENTED_EDGE ( 'NONE', *, *, #6074, .F. ) ;
#1770 = PLANE ( 'NONE',  #5495 ) ;
#1771 = CARTESIAN_POINT ( 'NONE',  ( -53.47033225578059046, 7.466161443874454129, -31.38258968330461585 ) ) ;
#1772 = LINE ( 'NONE', #2800, #4973 ) ;
#1773 = DIRECTION ( 'NONE',  ( 0.2386847610229713423, 0.8323926831162092865, 0.5001519828512179799 ) ) ;
#1774 = LINE ( 'NONE', #1699, #2438 ) ;
#1775 = VECTOR ( 'NONE', #3847, 1000.000000000000000 ) ;
#1776 = ORIENTED_EDGE ( 'NONE', *, *, #1415, .F. ) ;
#1777 = CARTESIAN_POINT ( 'NONE',  ( -49.68157608074655940, 7.394692537052470982, -35.45000000000000995 ) ) ;
#1778 = CARTESIAN_POINT ( 'NONE',  ( -32.06738976402692032, -0.9965637948164129956, 32.06738976402653662 ) ) ;
#1779 = CARTESIAN_POINT ( 'NONE',  ( -34.50374022699593013, 7.500000000000000000, 0.000000000000000000 ) ) ;
#1780 = ORIENTED_EDGE ( 'NONE', *, *, #5741, .T. ) ;
#1781 = FACE_OUTER_BOUND ( 'NONE', #3171, .T. ) ;
#1782 = ORIENTED_EDGE ( 'NONE', *, *, #1544, .F. ) ;
#1783 = EDGE_LOOP ( 'NONE', ( #3540, #604, #5631, #5904 ) ) ;
#1784 = CARTESIAN_POINT ( 'NONE',  ( 0.000000000000000000, 10.80000000000000071, 0.000000000000000000 ) ) ;
#1785 = CARTESIAN_POINT ( 'NONE',  ( 53.47030171237220486, 7.466212276642326451, 32.75792874295069623 ) ) ;
#1786 = CARTESIAN_POINT ( 'NONE',  ( -44.37467487046910719, 10.53731005528973341, -33.62500000000000000 ) ) ;
#1787 = LINE ( 'NONE', #4921, #6093 ) ;
#1788 = ORIENTED_EDGE ( 'NONE', *, *, #2244, .F. ) ;
#1789 = ORIENTED_EDGE ( 'NONE', *, *, #434, .F. ) ;
#1790 = CARTESIAN_POINT ( 'NONE',  ( 0.5500000000000088152, 7.500000000000007105, -35.45000000000000284 ) ) ;
#1791 = LINE ( 'NONE', #2899, #5527 ) ;
#1792 = VERTEX_POINT ( 'NONE', #1335 ) ;
#1793 = DIRECTION ( 'NONE',  ( -0.8571673007021120005, 0.5150380749100545996, 0.000000000000000000 ) ) ;
#1794 = EDGE_CURVE ( 'NONE', #2418, #1908, #299, .T. ) ;
#1795 = ORIENTED_EDGE ( 'NONE', *, *, #5195, .T. ) ;
#1796 = EDGE_CURVE ( 'NONE', #3100, #5149, #2989, .T. ) ;
#1797 = LINE ( 'NONE', #6068, #6472 ) ;
#1798 = ADVANCED_FACE ( 'NONE', ( #2956 ), #358, .F. ) ;
#1799 = DIRECTION ( 'NONE',  ( 0.000000000000000000, -0.2756373558170040483, 0.9612616959383175619 ) ) ;
#1800 = CARTESIAN_POINT ( 'NONE',  ( 51.97389213354959736, 5.652200105873709468, -6.973892133549985495 ) ) ;
#1801 = DIRECTION ( 'NONE',  ( 0.000000000000000000, 0.000000000000000000, -1.000000000000000000 ) ) ;
#1802 = LINE ( 'NONE', #4972, #3994 ) ;
#1803 = ORIENTED_EDGE ( 'NONE', *, *, #5324, .T. ) ;
#1804 = CARTESIAN_POINT ( 'NONE',  ( -9.625325129530896362, 10.53731005528969611, -33.62500000000000000 ) ) ;
#1805 = CARTESIAN_POINT ( 'NONE',  ( 49.28908767306996452, 7.470323792339033098, -35.44999999999998153 ) ) ;
#1806 = ORIENTED_EDGE ( 'NONE', *, *, #3125, .F. ) ;
#1807 = DIRECTION ( 'NONE',  ( 0.000000000000000000, 0.000000000000000000, 1.000000000000000000 ) ) ;
#1808 = ORIENTED_EDGE ( 'NONE', *, *, #5104, .T. ) ;
#1809 = EDGE_CURVE ( 'NONE', #371, #2915, #2336, .T. ) ;
#1810 = ORIENTED_EDGE ( 'NONE', *, *, #1499, .T. ) ;
#1811 = DIRECTION ( 'NONE',  ( 0.000000000000000000, 0.000000000000000000, -1.000000000000000000 ) ) ;
#1812 = DIRECTION ( 'NONE',  ( 0.5001519828512179799, -0.8323926831162092865, 0.2386847610229711203 ) ) ;
#1813 = DIRECTION ( 'NONE',  ( -0.7071067811865452413, -0.000000000000000000, 0.7071067811865497932 ) ) ;
#1814 = CARTESIAN_POINT ( 'NONE',  ( -27.62532512953087149, 10.53731005528968367, 33.62500000000000000 ) ) ;
#1815 = CARTESIAN_POINT ( 'NONE',  ( -26.45000000000000284, 10.80000000000000426, -33.62500000000000000 ) ) ;
#1816 = ORIENTED_EDGE ( 'NONE', *, *, #3390, .F. ) ;
#1817 = ORIENTED_EDGE ( 'NONE', *, *, #15, .T. ) ;
#1818 = CARTESIAN_POINT ( 'NONE',  ( 0.6253251295309132374, 10.53731005528967302, -33.62500000000000000 ) ) ;
#1819 = VERTEX_POINT ( 'NONE', #4986 ) ;
#1820 = CARTESIAN_POINT ( 'NONE',  ( -53.44999999999999574, 10.80000000000000071, 9.549999999999611688 ) ) ;
#1821 = CARTESIAN_POINT ( 'NONE',  ( 0.000000000000000000, 8.566080860090860227, 34.80943399447237852 ) ) ;
#1822 = CARTESIAN_POINT ( 'NONE',  ( 0.000000000000000000, 7.500000000000000000, 10.49625977300367907 ) ) ;
#1823 = ORIENTED_EDGE ( 'NONE', *, *, #3789, .T. ) ;
#1824 = EDGE_LOOP ( 'NONE', ( #5885, #5808, #6628, #1990 ) ) ;
#1825 = VECTOR ( 'NONE', #3878, 1000.000000000000000 ) ;
#1826 = CARTESIAN_POINT ( 'NONE',  ( 53.44999999999999574, 10.80000000000000071, 35.44999999999961204 ) ) ;
#1827 = CARTESIAN_POINT ( 'NONE',  ( -53.49454598863111698, 7.425863025100205128, -32.26689422857970868 ) ) ;
#1828 = EDGE_CURVE ( 'NONE', #4993, #4435, #3375, .T. ) ;
#1829 = DIRECTION ( 'NONE',  ( -0.000000000000000000, -0.000000000000000000, 1.000000000000000000 ) ) ;
#1830 = EDGE_CURVE ( 'NONE', #5422, #5680, #4460, .T. ) ;
#1831 = CARTESIAN_POINT ( 'NONE',  ( 20.73571359999213115, 22.25864506693675438, -26.58211138907232041 ) ) ;
#1832 = VECTOR ( 'NONE', #4433, 1000.000000000000000 ) ;
#1833 = VECTOR ( 'NONE', #4374, 1000.000000000000000 ) ;
#1834 = PLANE ( 'NONE',  #5552 ) ;
#1835 = EDGE_CURVE ( 'NONE', #472, #506, #6051, .T. ) ;
#1836 = ORIENTED_EDGE ( 'NONE', *, *, #2447, .T. ) ;
#1837 = EDGE_CURVE ( 'NONE', #1340, #6646, #3543, .T. ) ;
#1838 = VECTOR ( 'NONE', #4541, 1000.000000000000114 ) ;
#1839 = AXIS2_PLACEMENT_3D ( 'NONE', #5153, #922, #4746 ) ;
#1840 = DIRECTION ( 'NONE',  ( 0.9612616959383174509, -0.2756373558170042704, 0.000000000000000000 ) ) ;
#1841 = LINE ( 'NONE', #3405, #3184 ) ;
#1842 = LINE ( 'NONE', #3854, #6627 ) ;
#1843 = EDGE_LOOP ( 'NONE', ( #794, #4215, #4416, #1388 ) ) ;
#1844 = CARTESIAN_POINT ( 'NONE',  ( 17.45000000000000639, 10.80000000000000426, 33.62500000000000000 ) ) ;
#1845 = VECTOR ( 'NONE', #1023, 1000.000000000000000 ) ;
#1846 = ORIENTED_EDGE ( 'NONE', *, *, #2978, .F. ) ;
#1847 = ORIENTED_EDGE ( 'NONE', *, *, #4581, .T. ) ;
#1848 = DIRECTION ( 'NONE',  ( -1.000000000000000000, 0.000000000000000000, -0.000000000000000000 ) ) ;
#1849 = AXIS2_PLACEMENT_3D ( 'NONE', #3918, #3990, #2421 ) ;
#1850 = DIRECTION ( 'NONE',  ( -0.9612616959383174509, -0.2756373558170042704, 0.000000000000000000 ) ) ;
#1851 = CARTESIAN_POINT ( 'NONE',  ( -51.62500000000000711, 7.500000000000000000, -25.50374022699631382 ) ) ;
#1852 = CARTESIAN_POINT ( 'NONE',  ( 62.00000000000000000, 0.000000000000000000, 34.00000000000000000 ) ) ;
#1853 = ORIENTED_EDGE ( 'NONE', *, *, #5930, .F. ) ;
#1854 = ORIENTED_EDGE ( 'NONE', *, *, #2851, .T. ) ;
#1855 = AXIS2_PLACEMENT_3D ( 'NONE', #6645, #6705, #2520 ) ;
#1856 = ADVANCED_FACE ( 'NONE', ( #5286, #499 ), #540, .F. ) ;
#1857 = LINE ( 'NONE', #1961, #5723 ) ;
#1858 = DIRECTION ( 'NONE',  ( 0.000000000000000000, 0.000000000000000000, -1.000000000000000000 ) ) ;
#1859 = VECTOR ( 'NONE', #3660, 1000.000000000000114 ) ;
#1860 = ORIENTED_EDGE ( 'NONE', *, *, #676, .T. ) ;
#1861 = CARTESIAN_POINT ( 'NONE',  ( -18.54999999999999716, 10.80000000000000071, -35.45000000000039364 ) ) ;
#1862 = LINE ( 'NONE', #5577, #1170 ) ;
#1863 = CARTESIAN_POINT ( 'NONE',  ( 49.67741092860139673, 7.439184225588345356, -35.48654180385961610 ) ) ;
#1864 = ORIENTED_EDGE ( 'NONE', *, *, #933, .F. ) ;
#1865 = EDGE_CURVE ( 'NONE', #4546, #615, #6285, .T. ) ;
#1866 =( NAMED_UNIT ( * ) SI_UNIT ( $, .STERADIAN. ) SOLID_ANGLE_UNIT ( ) );
#1867 = ORIENTED_EDGE ( 'NONE', *, *, #4731, .F. ) ;
#1868 = AXIS2_PLACEMENT_3D ( 'NONE', #6157, #2069, #1404 ) ;
#1869 = LINE ( 'NONE', #1996, #1516 ) ;
#1870 = EDGE_CURVE ( 'NONE', #6531, #133, #2642, .T. ) ;
#1871 = CARTESIAN_POINT ( 'NONE',  ( -53.44999999999999574, 7.499999999999944933, -33.24983049630022691 ) ) ;
#1872 = CARTESIAN_POINT ( 'NONE',  ( 53.44999999999999574, 7.500000000000423661, -31.09063757199360012 ) ) ;
#1873 = VERTEX_POINT ( 'NONE', #1542 ) ;
#1874 = ADVANCED_FACE ( 'NONE', ( #2123 ), #6833, .T. ) ;
#1875 = MECHANICAL_DESIGN_GEOMETRIC_PRESENTATION_REPRESENTATION (  '', ( #4872 ), #3083 ) ;
#1876 = DIRECTION ( 'NONE',  ( -1.000000000000000000, 0.000000000000000000, 0.000000000000000000 ) ) ;
#1877 = VECTOR ( 'NONE', #5109, 1000.000000000000114 ) ;
#1878 = DIRECTION ( 'NONE',  ( -3.469446951953605354E-14, -1.000000000000000000, -0.000000000000000000 ) ) ;
#1879 = CARTESIAN_POINT ( 'NONE',  ( 50.46258907138995653, 7.439184225588519439, 35.48654180385953794 ) ) ;
#1880 = CARTESIAN_POINT ( 'NONE',  ( -52.80943399447264142, 8.566080860090437454, 16.80943399447226838 ) ) ;
#1881 = EDGE_LOOP ( 'NONE', ( #3830, #2606, #1995, #1619, #6502, #6130, #291, #5914 ) ) ;
#1882 = LINE ( 'NONE', #780, #4734 ) ;
#1883 = ORIENTED_EDGE ( 'NONE', *, *, #6331, .T. ) ;
#1884 = ORIENTED_EDGE ( 'NONE', *, *, #6619, .T. ) ;
#1885 = AXIS2_PLACEMENT_3D ( 'NONE', #4886, #6019, #99 ) ;
#1886 = CARTESIAN_POINT ( 'NONE',  ( 0.5500000000000088152, 7.500000000000007105, -35.45000000000000284 ) ) ;
#1887 = CARTESIAN_POINT ( 'NONE',  ( 2.735713599992180889, 22.25864506693693556, -26.58211138907204329 ) ) ;
#1888 = DIRECTION ( 'NONE',  ( 1.000000000000000000, 0.000000000000000000, 0.000000000000000000 ) ) ;
#1889 = CARTESIAN_POINT ( 'NONE',  ( 24.62500000000000000, 10.80000000000000426, 33.62500000000000000 ) ) ;
#1890 = VERTEX_POINT ( 'NONE', #1988 ) ;
#1891 = ORIENTED_EDGE ( 'NONE', *, *, #3357, .T. ) ;
#1892 = CARTESIAN_POINT ( 'NONE',  ( 40.07937528197223997, 29.75245638442227047, -22.11547058297211166 ) ) ;
#1893 = CARTESIAN_POINT ( 'NONE',  ( -3.932610235973094781, -0.9965637948165171345, -32.06738976402728980 ) ) ;
#1894 = LINE ( 'NONE', #1925, #1718 ) ;
#1895 = DIRECTION ( 'NONE',  ( 1.000000000000000000, 0.000000000000000000, 0.000000000000000000 ) ) ;
#1896 = ORIENTED_EDGE ( 'NONE', *, *, #6565, .T. ) ;
#1897 = PRODUCT_CONTEXT ( 'NONE', #5693, 'mechanical' ) ;
#1898 = ORIENTED_EDGE ( 'NONE', *, *, #2552, .F. ) ;
#1899 = ADVANCED_FACE ( 'NONE', ( #4142 ), #4699, .F. ) ;
#1900 = DIRECTION ( 'NONE',  ( 1.000000000000000000, 0.000000000000000000, 0.000000000000000000 ) ) ;
#1901 = CARTESIAN_POINT ( 'NONE',  ( -60.00000000000000000, 7.500000000000000000, -8.000000000000000000 ) ) ;
#1902 = ORIENTED_EDGE ( 'NONE', *, *, #4179, .F. ) ;
#1903 = DIRECTION ( 'NONE',  ( 0.000000000000000000, 0.000000000000000000, -1.000000000000000000 ) ) ;
#1904 = CARTESIAN_POINT ( 'NONE',  ( 50.06999999999685258, 7.300000000021103830, -35.45000000000010232 ) ) ;
#1905 = CARTESIAN_POINT ( 'NONE',  ( 20.73571359999212049, 22.25864506693675793, 26.58211138907232751 ) ) ;
#1906 = DIRECTION ( 'NONE',  ( 0.4999999999999957256, 0.7071067811865535679, -0.4999999999999957256 ) ) ;
#1907 = VERTEX_POINT ( 'NONE', #4111 ) ;
#1908 = VERTEX_POINT ( 'NONE', #6246 ) ;
#1909 = EDGE_CURVE ( 'NONE', #6364, #1347, #4770, .T. ) ;
#1910 = ORIENTED_EDGE ( 'NONE', *, *, #5917, .F. ) ;
#1911 = DIRECTION ( 'NONE',  ( 0.000000000000000000, 0.000000000000000000, 1.000000000000000000 ) ) ;
#1912 = DIRECTION ( 'NONE',  ( 0.000000000000000000, 0.000000000000000000, 1.000000000000000000 ) ) ;
#1913 = DIRECTION ( 'NONE',  ( 0.000000000000000000, 0.000000000000000000, 1.000000000000000000 ) ) ;
#1914 = EDGE_CURVE ( 'NONE', #5680, #1538, #5774, .T. ) ;
#1915 = EDGE_CURVE ( 'NONE', #5266, #1536, #3051, .T. ) ;
#1916 = CARTESIAN_POINT ( 'NONE',  ( -19.49625977300407342, 7.500000000000000000, 0.000000000000000000 ) ) ;
#1917 = EDGE_CURVE ( 'NONE', #6141, #4090, #4217, .T. ) ;
#1918 = DIRECTION ( 'NONE',  ( -0.000000000000000000, -0.000000000000000000, 1.000000000000000000 ) ) ;
#1919 = ORIENTED_EDGE ( 'NONE', *, *, #905, .F. ) ;
#1920 = EDGE_CURVE ( 'NONE', #3475, #2842, #2567, .T. ) ;
#1921 = ORIENTED_EDGE ( 'NONE', *, *, #1156, .T. ) ;
#1922 = EDGE_CURVE ( 'NONE', #1028, #5421, #24, .T. ) ;
#1923 = CARTESIAN_POINT ( 'NONE',  ( -20.73571359999212405, 22.25864506693675438, -26.58211138907232041 ) ) ;
#1924 = CARTESIAN_POINT ( 'NONE',  ( 50.06738976402689190, -0.9965637948165171345, -32.06738976402728980 ) ) ;
#1925 = CARTESIAN_POINT ( 'NONE',  ( -52.80943399447264142, 8.566080860090410809, 0.000000000000000000 ) ) ;
#1926 = DIRECTION ( 'NONE',  ( 0.000000000000000000, -0.2756373558170040483, 0.9612616959383175619 ) ) ;
#1927 = CARTESIAN_POINT ( 'NONE',  ( 49.28435203161826195, 7.476103651781487613, -35.46435837458305684 ) ) ;
#1928 = ORIENTED_EDGE ( 'NONE', *, *, #2470, .T. ) ;
#1929 = DIRECTION ( 'NONE',  ( 0.000000000000000000, 0.000000000000000000, -1.000000000000000000 ) ) ;
#1930 = VERTEX_POINT ( 'NONE', #4631 ) ;
#1931 = DIRECTION ( 'NONE',  ( 1.000000000000000000, 0.000000000000000000, 0.000000000000000000 ) ) ;
#1932 = DIRECTION ( 'NONE',  ( 0.000000000000000000, -0.9612616959383180060, 0.2756373558170023830 ) ) ;
#1933 = DIRECTION ( 'NONE',  ( 0.000000000000000000, 0.000000000000000000, -1.000000000000000000 ) ) ;
#1934 = ADVANCED_FACE ( 'NONE', ( #4737 ), #2600, .F. ) ;
#1935 = CARTESIAN_POINT ( 'NONE',  ( 35.44999999999999574, 10.80000000000000071, 35.44999999999961204 ) ) ;
#1936 = VECTOR ( 'NONE', #5704, 1000.000000000000227 ) ;
#1937 = ORIENTED_EDGE ( 'NONE', *, *, #2661, .T. ) ;
#1938 = CARTESIAN_POINT ( 'NONE',  ( -44.44999999999999574, 10.80000000000000071, -35.45000000000039364 ) ) ;
#1939 = DIRECTION ( 'NONE',  ( 0.000000000000000000, 0.000000000000000000, -1.000000000000000000 ) ) ;
#1940 = AXIS2_PLACEMENT_3D ( 'NONE', #76, #1667, #620 ) ;
#1941 = DIRECTION ( 'NONE',  ( 0.000000000000000000, 0.000000000000000000, -1.000000000000000000 ) ) ;
#1942 = CARTESIAN_POINT ( 'NONE',  ( -53.44999999999999574, 10.80000000000000071, 35.44999999999961204 ) ) ;
#1943 = VECTOR ( 'NONE', #3841, 1000.000000000000000 ) ;
#1944 = ORIENTED_EDGE ( 'NONE', *, *, #4489, .F. ) ;
#1945 = ORIENTED_EDGE ( 'NONE', *, *, #2970, .F. ) ;
#1946 = VECTOR ( 'NONE', #6185, 1000.000000000000114 ) ;
#1947 = EDGE_CURVE ( 'NONE', #1690, #411, #5700, .T. ) ;
#1948 = VECTOR ( 'NONE', #2263, 1000.000000000000000 ) ;
#1949 = ORIENTED_EDGE ( 'NONE', *, *, #2575, .F. ) ;
#1950 = CARTESIAN_POINT ( 'NONE',  ( -51.62500000000000000, 10.80000000000000426, -33.62500000000000000 ) ) ;
#1951 = FACE_OUTER_BOUND ( 'NONE', #5509, .T. ) ;
#1952 = CARTESIAN_POINT ( 'NONE',  ( 53.44999999999999574, 10.80000000000000071, 8.449999999999617373 ) ) ;
#1953 = AXIS2_PLACEMENT_3D ( 'NONE', #5455, #2060, #1576 ) ;
#1954 = VECTOR ( 'NONE', #2914, 1000.000000000000114 ) ;
#1955 = CARTESIAN_POINT ( 'NONE',  ( -51.62500000000000000, 10.80000000000000426, -0.5500000000003835154 ) ) ;
#1956 = EDGE_CURVE ( 'NONE', #3582, #5665, #5181, .T. ) ;
#1957 = ORIENTED_EDGE ( 'NONE', *, *, #2625, .T. ) ;
#1958 = EDGE_LOOP ( 'NONE', ( #2689, #5962, #1510, #3412 ) ) ;
#1959 = AXIS2_PLACEMENT_3D ( 'NONE', #3823, #2817, #4355 ) ;
#1960 = EDGE_CURVE ( 'NONE', #3032, #1908, #2535, .T. ) ;
#1961 = CARTESIAN_POINT ( 'NONE',  ( -40.07937528197223287, 29.75245638442227047, 22.11547058297135138 ) ) ;
#1962 = CARTESIAN_POINT ( 'NONE',  ( -50.06999999999999318, 7.499999999999947597, -32.07000000000001450 ) ) ;
#1963 = PLANE ( 'NONE',  #2946 ) ;
#1964 = EDGE_CURVE ( 'NONE', #259, #5664, #467, .T. ) ;
#1965 = DIRECTION ( 'NONE',  ( 1.000000000000000000, 0.000000000000000000, 2.679109615408197094E-16 ) ) ;
#1966 = CARTESIAN_POINT ( 'NONE',  ( 48.89016950369352799, 7.500000000000007105, -35.44999999999998863 ) ) ;
#1967 = VECTOR ( 'NONE', #5011, 1000.000000000000227 ) ;
#1968 = ORIENTED_EDGE ( 'NONE', *, *, #1837, .T. ) ;
#1969 = VERTEX_POINT ( 'NONE', #1090 ) ;
#1970 = ORIENTED_EDGE ( 'NONE', *, *, #1633, .F. ) ;
#1971 = VECTOR ( 'NONE', #2586, 1000.000000000000000 ) ;
#1972 = CARTESIAN_POINT ( 'NONE',  ( 18.54999999999999716, 10.80000000000000071, -35.45000000000039364 ) ) ;
#1973 = DIRECTION ( 'NONE',  ( -0.000000000000000000, -0.000000000000000000, 1.000000000000000000 ) ) ;
#1974 = PLANE ( 'NONE',  #5935 ) ;
#1975 = DIRECTION ( 'NONE',  ( -0.9612616959383175619, -0.2756373558170040483, 0.000000000000000000 ) ) ;
#1976 = VECTOR ( 'NONE', #307, 1000.000000000000114 ) ;
#1977 = ORIENTED_EDGE ( 'NONE', *, *, #4818, .T. ) ;
#1978 = CARTESIAN_POINT ( 'NONE',  ( -51.62500000000000000, 10.53731005528966946, 33.62500000000000000 ) ) ;
#1979 = LINE ( 'NONE', #3471, #2861 ) ;
#1980 = VECTOR ( 'NONE', #3751, 1000.000000000000000 ) ;
#1981 = DIRECTION ( 'NONE',  ( 1.000000000000000000, -0.000000000000000000, -0.000000000000000000 ) ) ;
#1982 = DIRECTION ( 'NONE',  ( -0.000000000000000000, -0.000000000000000000, 1.000000000000000000 ) ) ;
#1983 = ORIENTED_EDGE ( 'NONE', *, *, #2140, .F. ) ;
#1984 = ORIENTED_EDGE ( 'NONE', *, *, #3548, .F. ) ;
#1985 = VECTOR ( 'NONE', #6146, 1000.000000000000000 ) ;
#1986 = ORIENTED_EDGE ( 'NONE', *, *, #6361, .T. ) ;
#1987 = CARTESIAN_POINT ( 'NONE',  ( 35.37467487046908587, 10.53731005528969256, 33.62500000000000000 ) ) ;
#1988 = CARTESIAN_POINT ( 'NONE',  ( -27.54999999999999005, 10.80000000000000426, 33.62500000000000000 ) ) ;
#1989 = DIRECTION ( 'NONE',  ( -4.226362854693271644E-13, 1.000000000000000000, 3.488628514275818012E-28 ) ) ;
#1990 = ORIENTED_EDGE ( 'NONE', *, *, #912, .T. ) ;
#1991 = DIRECTION ( 'NONE',  ( -1.000000000000000000, 0.000000000000000000, 0.000000000000000000 ) ) ;
#1992 = CARTESIAN_POINT ( 'NONE',  ( 125.9492894348812371, 10.53731005528967657, -33.62500000000000000 ) ) ;
#1993 = VERTEX_POINT ( 'NONE', #5910 ) ;
#1994 = VECTOR ( 'NONE', #4679, 1000.000000000000114 ) ;
#1995 = ORIENTED_EDGE ( 'NONE', *, *, #2341, .F. ) ;
#1996 = CARTESIAN_POINT ( 'NONE',  ( 55.00000000000000000, -11.50000000000000000, -41.00000000000000000 ) ) ;
#1997 = LINE ( 'NONE', #4120, #3831 ) ;
#1998 = CARTESIAN_POINT ( 'NONE',  ( 52.80943399447264142, 8.566080860090410809, 0.000000000000000000 ) ) ;
#1999 = AXIS2_PLACEMENT_3D ( 'NONE', #319, #6648, #1903 ) ;
#2000 = FACE_OUTER_BOUND ( 'NONE', #5789, .T. ) ;
#2001 = LINE ( 'NONE', #2997, #5717 ) ;
#2002 = ORIENTED_EDGE ( 'NONE', *, *, #1086, .T. ) ;
#2003 = ORIENTED_EDGE ( 'NONE', *, *, #3400, .T. ) ;
#2004 = EDGE_CURVE ( 'NONE', #1740, #3296, #1227, .T. ) ;
#2005 = EDGE_LOOP ( 'NONE', ( #2437, #6337, #2121, #2814 ) ) ;
#2006 = CARTESIAN_POINT ( 'NONE',  ( -24.24999999999999289, -24.24999999999999289, -8.000000000000000000 ) ) ;
#2007 = DIRECTION ( 'NONE',  ( -1.000000000000000000, 8.917574327783688856E-16, 0.000000000000000000 ) ) ;
#2008 = CARTESIAN_POINT ( 'NONE',  ( -51.62500000000000000, 10.53731005528969256, -33.62500000000000000 ) ) ;
#2009 = EDGE_CURVE ( 'NONE', #1443, #515, #1743, .T. ) ;
#2010 = LINE ( 'NONE', #3116, #1336 ) ;
#2011 = EDGE_CURVE ( 'NONE', #3196, #5838, #1704, .T. ) ;
#2012 = EDGE_CURVE ( 'NONE', #2564, #4549, #6382, .T. ) ;
#2013 = EDGE_CURVE ( 'NONE', #450, #3196, #4802, .T. ) ;
#2014 = ORIENTED_EDGE ( 'NONE', *, *, #2012, .F. ) ;
#2015 = LINE ( 'NONE', #4692, #6379 ) ;
#2016 = CARTESIAN_POINT ( 'NONE',  ( 53.44999999999679119, 7.500000000022536639, -33.15077886840430210 ) ) ;
#2017 = LINE ( 'NONE', #4726, #4074 ) ;
#2018 = CARTESIAN_POINT ( 'NONE',  ( 3.932610235973094781, -0.9965637948165171345, -32.06738976402728980 ) ) ;
#2019 = ORIENTED_EDGE ( 'NONE', *, *, #6135, .F. ) ;
#2020 = ORIENTED_EDGE ( 'NONE', *, *, #4899, .T. ) ;
#2021 = CARTESIAN_POINT ( 'NONE',  ( 51.62500000000000000, 10.53731005528969256, -33.62500000000000000 ) ) ;
#2022 = CARTESIAN_POINT ( 'NONE',  ( -53.88039450307226730, 12.30096400656391253, 18.11960549692733480 ) ) ;
#2023 = CARTESIAN_POINT ( 'NONE',  ( 3.482387728013434741E-16, 8.566080860089968496, -34.80943399447290432 ) ) ;
#2024 = VERTEX_POINT ( 'NONE', #2809 ) ;
#2025 = DIRECTION ( 'NONE',  ( 0.000000000000000000, 0.000000000000000000, -1.000000000000000000 ) ) ;
#2026 = CARTESIAN_POINT ( 'NONE',  ( -28.49625977300406987, 7.500000000000000000, 0.000000000000000000 ) ) ;
#2027 = ORIENTED_EDGE ( 'NONE', *, *, #489, .F. ) ;
#2028 = ADVANCED_FACE ( 'NONE', ( #5386 ), #4943, .T. ) ;
#2029 = ORIENTED_EDGE ( 'NONE', *, *, #1669, .F. ) ;
#2030 = DIRECTION ( 'NONE',  ( -0.000000000000000000, 0.000000000000000000, 1.000000000000000000 ) ) ;
#2031 = DIRECTION ( 'NONE',  ( 0.000000000000000000, -1.000000000000000000, 0.000000000000000000 ) ) ;
#2032 = DIRECTION ( 'NONE',  ( -0.000000000000000000, -0.2756373558170042704, -0.9612616959383174509 ) ) ;
#2033 = DIRECTION ( 'NONE',  ( -1.000000000000000000, 0.000000000000000000, 0.000000000000000000 ) ) ;
#2034 = DIRECTION ( 'NONE',  ( -0.2756373558170039373, 0.9612616959383174509, 0.000000000000000000 ) ) ;
#2035 = CARTESIAN_POINT ( 'NONE',  ( 52.50374022699593013, 7.500000000000000000, 0.000000000000000000 ) ) ;
#2036 = ORIENTED_EDGE ( 'NONE', *, *, #5800, .F. ) ;
#2037 = EDGE_LOOP ( 'NONE', ( #3590, #2821, #229, #5649 ) ) ;
#2038 = ORIENTED_EDGE ( 'NONE', *, *, #211, .T. ) ;
#2039 = DIRECTION ( 'NONE',  ( 0.2756373558170040483, -0.9612616959383175619, 0.000000000000000000 ) ) ;
#2040 = CARTESIAN_POINT ( 'NONE',  ( 52.80943399447264852, 8.566080860090400151, -34.80943399447268405 ) ) ;
#2041 = FACE_OUTER_BOUND ( 'NONE', #2849, .T. ) ;
#2042 = CARTESIAN_POINT ( 'NONE',  ( 0.000000000000000000, 7.500000000000000000, 19.49625977300368262 ) ) ;
#2043 = CARTESIAN_POINT ( 'NONE',  ( 48.93261023597309389, -0.9965637948165171345, -32.06738976402728980 ) ) ;
#2044 = ORIENTED_EDGE ( 'NONE', *, *, #3914, .T. ) ;
#2045 = DIRECTION ( 'NONE',  ( 0.4856429311786325531, -0.8741572761215374854, -0.000000000000000000 ) ) ;
#2046 = DIRECTION ( 'NONE',  ( 0.2386847610229713146, -0.8323926831162099527, 0.5001519828512170918 ) ) ;
#2047 = EDGE_CURVE ( 'NONE', #2024, #5113, #2744, .T. ) ;
#2048 = CARTESIAN_POINT ( 'NONE',  ( 0.000000000000000000, 10.80000000000000071, 33.62500000000000000 ) ) ;
#2049 = CARTESIAN_POINT ( 'NONE',  ( 51.62500000000000000, 10.80000000000000071, 0.000000000000000000 ) ) ;
#2050 = ADVANCED_FACE ( 'NONE', ( #4247 ), #6449, .F. ) ;
#2051 = ADVANCED_FACE ( 'NONE', ( #6479 ), #151, .F. ) ;
#2052 = VERTEX_POINT ( 'NONE', #3713 ) ;
#2053 = VERTEX_POINT ( 'NONE', #4874 ) ;
#2054 = AXIS2_PLACEMENT_3D ( 'NONE', #2320, #217, #4449 ) ;
#2055 = VECTOR ( 'NONE', #143, 1000.000000000000000 ) ;
#2056 = LINE ( 'NONE', #6682, #1432 ) ;
#2057 = DIRECTION ( 'NONE',  ( -1.000000000000000000, 0.000000000000000000, 0.000000000000000000 ) ) ;
#2058 = CARTESIAN_POINT ( 'NONE',  ( 61.43449314192414334, 9.099999999999983658, -33.36342533005872468 ) ) ;
#2059 = VERTEX_POINT ( 'NONE', #5841 ) ;
#2060 = DIRECTION ( 'NONE',  ( 0.9612616959383175619, -0.2756373558170040483, 0.000000000000000000 ) ) ;
#2061 = CARTESIAN_POINT ( 'NONE',  ( -50.85596048120566337, 7.476133115886890224, 35.46434067076246777 ) ) ;
#2062 = VECTOR ( 'NONE', #1547, 1000.000000000000227 ) ;
#2063 = ORIENTED_EDGE ( 'NONE', *, *, #5447, .F. ) ;
#2064 = VERTEX_POINT ( 'NONE', #121 ) ;
#2065 = CARTESIAN_POINT ( 'NONE',  ( 16.80943399447252418, 8.566080860089964943, -34.80943399447290432 ) ) ;
#2066 = VECTOR ( 'NONE', #857, 1000.000000000000000 ) ;
#2067 = CARTESIAN_POINT ( 'NONE',  ( -11.73571359999211339, 22.25864506693675793, 26.58211138907232751 ) ) ;
#2069 = DIRECTION ( 'NONE',  ( 0.000000000000000000, -0.000000000000000000, 1.000000000000000000 ) ) ;
#2068 = AXIS2_PLACEMENT_3D ( 'NONE', #189, #5044, #2781 ) ;
#2070 = LINE ( 'NONE', #5199, #1727 ) ;
#2071 = LINE ( 'NONE', #3726, #669 ) ;
#2072 = ORIENTED_EDGE ( 'NONE', *, *, #6277, .F. ) ;
#2073 = ORIENTED_EDGE ( 'NONE', *, *, #4473, .F. ) ;
#2074 = AXIS2_PLACEMENT_3D ( 'NONE', #1364, #1850, #1912 ) ;
#2075 = VERTEX_POINT ( 'NONE', #2256 ) ;
#2076 = AXIS2_PLACEMENT_3D ( 'NONE', #1280, #2282, #1349 ) ;
#2077 = LINE ( 'NONE', #3076, #1971 ) ;
#2078 = ADVANCED_FACE ( 'NONE', ( #571 ), #5942, .F. ) ;
#2079 = CARTESIAN_POINT ( 'NONE',  ( 55.00000000000000000, 0.000000000000000000, -41.00000000000000000 ) ) ;
#2080 = DIRECTION ( 'NONE',  ( -1.000000000000000000, 0.000000000000000000, 0.000000000000000000 ) ) ;
#2081 = VECTOR ( 'NONE', #2007, 1000.000000000000000 ) ;
#2082 = LINE ( 'NONE', #3777, #4835 ) ;
#2083 = CARTESIAN_POINT ( 'NONE',  ( 57.19185245480486657, 10.49999999999999822, 36.19185245480491631 ) ) ;
#2084 = DIRECTION ( 'NONE',  ( 0.000000000000000000, 0.000000000000000000, -1.000000000000000000 ) ) ;
#2085 = ORIENTED_EDGE ( 'NONE', *, *, #4129, .F. ) ;
#2086 = VECTOR ( 'NONE', #6751, 1000.000000000000000 ) ;
#2087 = ORIENTED_EDGE ( 'NONE', *, *, #4210, .F. ) ;
#2088 = ORIENTED_EDGE ( 'NONE', *, *, #3908, .F. ) ;
#2089 = VECTOR ( 'NONE', #3649, 1000.000000000000114 ) ;
#2090 = CARTESIAN_POINT ( 'NONE',  ( 50.06999999999685258, 7.300000000021110047, -32.07000000000009976 ) ) ;
#2091 = DIRECTION ( 'NONE',  ( -0.2386847610229711480, 0.8323926831162093976, -0.5001519828512179799 ) ) ;
#2092 = DIRECTION ( 'NONE',  ( -0.7071067811865475727, -0.7071067811865475727, -0.000000000000000000 ) ) ;
#2093 = ORIENTED_EDGE ( 'NONE', *, *, #4929, .F. ) ;
#2094 = LINE ( 'NONE', #179, #3271 ) ;
#2095 = CARTESIAN_POINT ( 'NONE',  ( 40.07937528197221866, 29.75245638442229534, 4.115470582971386015 ) ) ;
#2096 = VECTOR ( 'NONE', #1191, 1000.000000000000000 ) ;
#2097 = ORIENTED_EDGE ( 'NONE', *, *, #5322, .F. ) ;
#2098 = VERTEX_POINT ( 'NONE', #5977 ) ;
#2099 = LINE ( 'NONE', #4707, #4392 ) ;
#2100 = CARTESIAN_POINT ( 'NONE',  ( -26.45000000000000284, 10.80000000000000071, -35.45000000000039364 ) ) ;
#2101 = DIRECTION ( 'NONE',  ( 0.2756373558170042704, -0.9612616959383174509, 0.000000000000000000 ) ) ;
#2102 = CARTESIAN_POINT ( 'NONE',  ( 10.49999999999997868, 0.000000000000000000, 10.49999999999997868 ) ) ;
#2103 = DIRECTION ( 'NONE',  ( -0.2657276780299913099, -0.9267025424900799946, 0.2657276780299913099 ) ) ;
#2104 = ORIENTED_EDGE ( 'NONE', *, *, #1661, .F. ) ;
#2105 = ORIENTED_EDGE ( 'NONE', *, *, #5915, .T. ) ;
#2106 = EDGE_LOOP ( 'NONE', ( #1532, #6470, #5078, #4948 ) ) ;
#2107 = VECTOR ( 'NONE', #2549, 1000.000000000000000 ) ;
#2108 = ORIENTED_EDGE ( 'NONE', *, *, #3581, .F. ) ;
#2109 = CARTESIAN_POINT ( 'NONE',  ( -35.44999999999999574, 10.80000000000000071, 35.44999999999961204 ) ) ;
#2110 = CARTESIAN_POINT ( 'NONE',  ( 0.000000000000000000, 7.500000000000000000, 10.49625977300367907 ) ) ;
#2111 = DIRECTION ( 'NONE',  ( 0.2657276780299911434, 0.9267025424900801056, 0.2657276780299911434 ) ) ;
#2112 = EDGE_CURVE ( 'NONE', #2922, #700, #2675, .T. ) ;
#2113 = ORIENTED_EDGE ( 'NONE', *, *, #5445, .T. ) ;
#2114 = LINE ( 'NONE', #3252, #616 ) ;
#2115 = LINE ( 'NONE', #2669, #2513 ) ;
#2116 = CARTESIAN_POINT ( 'NONE',  ( 0.000000000000000000, 7.500000000000000000, 34.50374022699553933 ) ) ;
#2117 = ORIENTED_EDGE ( 'NONE', *, *, #2508, .T. ) ;
#2118 = EDGE_CURVE ( 'NONE', #4423, #3684, #3228, .T. ) ;
#2119 = ORIENTED_EDGE ( 'NONE', *, *, #3700, .F. ) ;
#2120 = EDGE_CURVE ( 'NONE', #305, #1351, #1645, .T. ) ;
#2121 = ORIENTED_EDGE ( 'NONE', *, *, #6204, .T. ) ;
#2122 = DIRECTION ( 'NONE',  ( -0.000000000000000000, 0.9612616959383174509, 0.2756373558170042704 ) ) ;
#2123 = FACE_OUTER_BOUND ( 'NONE', #1843, .T. ) ;
#2124 = DIRECTION ( 'NONE',  ( 0.000000000000000000, 0.000000000000000000, -1.000000000000000000 ) ) ;
#2125 = ORIENTED_EDGE ( 'NONE', *, *, #4795, .F. ) ;
#2126 = EDGE_CURVE ( 'NONE', #1677, #5873, #4318, .T. ) ;
#2127 = CARTESIAN_POINT ( 'NONE',  ( -52.50374022699592302, 7.500000000000000000, 0.000000000000000000 ) ) ;
#2128 = DIRECTION ( 'NONE',  ( -0.000000000000000000, -0.2756373558170023830, -0.9612616959383180060 ) ) ;
#2129 = VERTEX_POINT ( 'NONE', #3787 ) ;
#2130 = VERTEX_POINT ( 'NONE', #3260 ) ;
#2131 = LINE ( 'NONE', #3238, #2176 ) ;
#2132 = DIRECTION ( 'NONE',  ( -0.9612616959383174509, -0.2756373558170042704, 0.000000000000000000 ) ) ;
#2133 = EDGE_CURVE ( 'NONE', #1411, #2617, #1356, .T. ) ;
#2134 = LINE ( 'NONE', #4431, #3305 ) ;
#2135 = EDGE_CURVE ( 'NONE', #6060, #6243, #4410, .T. ) ;
#2136 = EDGE_CURVE ( 'NONE', #1907, #3117, #2517, .T. ) ;
#2137 = PLANE ( 'NONE',  #6690 ) ;
#2138 = DIRECTION ( 'NONE',  ( 0.9612616959383175619, -0.2756373558170040483, 0.000000000000000000 ) ) ;
#2139 = EDGE_LOOP ( 'NONE', ( #4144, #2916, #1780 ) ) ;
#2140 = EDGE_CURVE ( 'NONE', #6372, #5613, #1841, .T. ) ;
#2141 = ORIENTED_EDGE ( 'NONE', *, *, #6357, .F. ) ;
#2142 = VERTEX_POINT ( 'NONE', #5625 ) ;
#2143 = ORIENTED_EDGE ( 'NONE', *, *, #5813, .T. ) ;
#2144 = CARTESIAN_POINT ( 'NONE',  ( 27.54999999999999005, 10.80000000000000071, 35.44999999999961204 ) ) ;
#2145 = LINE ( 'NONE', #4267, #3383 ) ;
#2146 = DIRECTION ( 'NONE',  ( -0.000000000000000000, -0.2756373558170042704, -0.9612616959383174509 ) ) ;
#2147 = EDGE_CURVE ( 'NONE', #6196, #783, #3439, .T. ) ;
#2148 = ORIENTED_EDGE ( 'NONE', *, *, #706, .F. ) ;
#2149 = CARTESIAN_POINT ( 'NONE',  ( -9.549999999999995381, 10.80000000000000071, -27.55000000000038796 ) ) ;
#2150 = FACE_OUTER_BOUND ( 'NONE', #1460, .T. ) ;
#2151 = EDGE_CURVE ( 'NONE', #2659, #5130, #2431, .T. ) ;
#2152 = ORIENTED_EDGE ( 'NONE', *, *, #6049, .T. ) ;
#2153 = VERTEX_POINT ( 'NONE', #5488 ) ;
#2154 = ORIENTED_EDGE ( 'NONE', *, *, #2554, .T. ) ;
#2155 = CARTESIAN_POINT ( 'NONE',  ( 0.000000000000000000, 7.500000000000000000, -19.49625977300444646 ) ) ;
#2156 = DIRECTION ( 'NONE',  ( -0.000000000000000000, -0.000000000000000000, 1.000000000000000000 ) ) ;
#2157 = DIRECTION ( 'NONE',  ( 0.000000000000000000, 0.000000000000000000, -1.000000000000000000 ) ) ;
#2158 = ORIENTED_EDGE ( 'NONE', *, *, #6620, .F. ) ;
#2159 = DIRECTION ( 'NONE',  ( 0.7071067811865475727, 0.000000000000000000, 0.7071067811865475727 ) ) ;
#2160 = EDGE_CURVE ( 'NONE', #1632, #1578, #4453, .T. ) ;
#2161 = CARTESIAN_POINT ( 'NONE',  ( -62.00000000000000000, 7.500000000000000000, -41.00000000000000000 ) ) ;
#2162 = DIRECTION ( 'NONE',  ( -0.2657276780299913099, -0.9267025424900799946, 0.2657276780299913099 ) ) ;
#2163 = ORIENTED_EDGE ( 'NONE', *, *, #428, .T. ) ;
#2164 = EDGE_CURVE ( 'NONE', #863, #1586, #811, .T. ) ;
#2165 = CARTESIAN_POINT ( 'NONE',  ( -51.62500000000000000, 10.53731005528969256, -33.62500000000000000 ) ) ;
#2166 = CARTESIAN_POINT ( 'NONE',  ( 53.45429975682090173, 7.492844002943854775, 33.05258873238875594 ) ) ;
#2167 = CARTESIAN_POINT ( 'NONE',  ( -49.09063699418184967, 7.500000000000007105, 35.45000000000000995 ) ) ;
#2168 = EDGE_CURVE ( 'NONE', #4423, #573, #4421, .T. ) ;
#2169 = VECTOR ( 'NONE', #5467, 1000.000000000000000 ) ;
#2170 = VECTOR ( 'NONE', #3924, 1000.000000000000000 ) ;
#2171 = DIRECTION ( 'NONE',  ( -1.000000000000000000, 0.000000000000000000, 0.000000000000000000 ) ) ;
#2172 = LINE ( 'NONE', #5786, #453 ) ;
#2173 = ORIENTED_EDGE ( 'NONE', *, *, #718, .F. ) ;
#2174 = ORIENTED_EDGE ( 'NONE', *, *, #4797, .T. ) ;
#2175 = VECTOR ( 'NONE', #5255, 1000.000000000000000 ) ;
#2176 = VECTOR ( 'NONE', #6486, 1000.000000000000000 ) ;
#2177 = CARTESIAN_POINT ( 'NONE',  ( 53.48654180385773316, 7.439184225591493949, -32.46258907139583272 ) ) ;
#2178 = LINE ( 'NONE', #6404, #314 ) ;
#2179 = CARTESIAN_POINT ( 'NONE',  ( 53.44999999999999574, 10.80000000000000071, -9.550000000000384404 ) ) ;
#2180 = VECTOR ( 'NONE', #5570, 1000.000000000000227 ) ;
#2181 = LINE ( 'NONE', #3775, #6099 ) ;
#2182 = CARTESIAN_POINT ( 'NONE',  ( 61.85875721063606392, 9.699999999999974420, -33.78768939877064525 ) ) ;
#2183 = VECTOR ( 'NONE', #5594, 1000.000000000000000 ) ;
#2184 = CARTESIAN_POINT ( 'NONE',  ( -1.496259773004063209, 7.500000000000000000, 0.000000000000000000 ) ) ;
#2185 = DIRECTION ( 'NONE',  ( -0.9612616959383174509, -0.2756373558170042704, 0.000000000000000000 ) ) ;
#2186 = EDGE_LOOP ( 'NONE', ( #6698, #4475, #1205, #4628 ) ) ;
#2187 = CARTESIAN_POINT ( 'NONE',  ( 9.550000000000002487, 10.80000000000000071, 35.44999999999961204 ) ) ;
#2188 = VECTOR ( 'NONE', #4584, 1000.000000000000000 ) ;
#2189 = ORIENTED_EDGE ( 'NONE', *, *, #5718, .F. ) ;
#2190 = VERTEX_POINT ( 'NONE', #255 ) ;
#2191 = CARTESIAN_POINT ( 'NONE',  ( 53.44999999999999574, 7.500000000000007105, -35.45000000000003126 ) ) ;
#2192 = AXIS2_PLACEMENT_3D ( 'NONE', #2116, #4727, #6822 ) ;
#2193 = CARTESIAN_POINT ( 'NONE',  ( -6.964775456032752413E-16, 8.566080860090870885, 34.80943399447237852 ) ) ;
#2194 = LINE ( 'NONE', #1125, #6508 ) ;
#2195 = ORIENTED_EDGE ( 'NONE', *, *, #3146, .F. ) ;
#2196 = LINE ( 'NONE', #3302, #6145 ) ;
#2197 = ORIENTED_EDGE ( 'NONE', *, *, #3688, .T. ) ;
#2198 = AXIS2_PLACEMENT_3D ( 'NONE', #1962, #3551, #4601 ) ;
#2199 = CARTESIAN_POINT ( 'NONE',  ( 51.62500000000000000, 10.80000000000000426, -33.62500000000000000 ) ) ;
#2200 = LINE ( 'NONE', #5336, #4299 ) ;
#2201 = DIRECTION ( 'NONE',  ( 0.2756373558170039373, 0.9612616959383174509, 0.000000000000000000 ) ) ;
#2202 = VECTOR ( 'NONE', #5953, 1000.000000000000000 ) ;
#2203 = CARTESIAN_POINT ( 'NONE',  ( 125.9492894348812371, 10.53731005528967657, -33.62500000000000000 ) ) ;
#2204 = DIRECTION ( 'NONE',  ( 0.000000000000000000, -0.2756373558170042704, 0.9612616959383174509 ) ) ;
#2205 = ORIENTED_EDGE ( 'NONE', *, *, #6415, .T. ) ;
#2206 = EDGE_LOOP ( 'NONE', ( #2672, #4537, #2960, #3049, #5079, #2104 ) ) ;
#2207 = DIRECTION ( 'NONE',  ( -0.000000000000000000, 0.000000000000000000, 1.000000000000000000 ) ) ;
#2208 = CARTESIAN_POINT ( 'NONE',  ( -38.73571359999210983, 22.25864506693675438, 26.58211138907232041 ) ) ;
#2209 = DIRECTION ( 'NONE',  ( 0.000000000000000000, -1.000000000000000000, 1.850371707708594366E-15 ) ) ;
#2210 = EDGE_CURVE ( 'NONE', #1204, #3668, #6583, .T. ) ;
#2211 = CARTESIAN_POINT ( 'NONE',  ( 0.000000000000000000, 7.500000000000000000, -1.496259773004451787 ) ) ;
#2212 = VECTOR ( 'NONE', #67, 1000.000000000000000 ) ;
#2213 = DIRECTION ( 'NONE',  ( 0.7071067811865474617, 0.000000000000000000, 0.7071067811865474617 ) ) ;
#2214 = EDGE_CURVE ( 'NONE', #3372, #4626, #1016, .T. ) ;
#2215 = CARTESIAN_POINT ( 'NONE',  ( -48.98907256196875437, 7.499999999999944933, -35.45000000000004547 ) ) ;
#2216 = VECTOR ( 'NONE', #2356, 1000.000000000000227 ) ;
#2217 = EDGE_CURVE ( 'NONE', #1578, #2240, #6209, .T. ) ;
#2218 = ORIENTED_EDGE ( 'NONE', *, *, #2429, .T. ) ;
#2219 = ADVANCED_FACE ( 'NONE', ( #5730 ), #4065, .F. ) ;
#2220 = DIRECTION ( 'NONE',  ( -3.469446951953605354E-14, -1.000000000000000000, -0.000000000000000000 ) ) ;
#2221 = ADVANCED_FACE ( 'NONE', ( #6309 ), #1427, .F. ) ;
#2222 = ORIENTED_EDGE ( 'NONE', *, *, #5809, .F. ) ;
#2223 = ORIENTED_EDGE ( 'NONE', *, *, #5534, .F. ) ;
#2224 = CARTESIAN_POINT ( 'NONE',  ( 53.44999999999999574, 10.80000000000000071, 8.449999999999617373 ) ) ;
#2225 = DIRECTION ( 'NONE',  ( -1.000000000000000000, 0.000000000000000000, -0.000000000000000000 ) ) ;
#2226 = CARTESIAN_POINT ( 'NONE',  ( -57.99999999999999289, 9.499999999999998224, 8.000000000000000000 ) ) ;
#2227 = ORIENTED_EDGE ( 'NONE', *, *, #4799, .F. ) ;
#2228 = LINE ( 'NONE', #6453, #302 ) ;
#2229 = ORIENTED_EDGE ( 'NONE', *, *, #2791, .T. ) ;
#2230 = LINE ( 'NONE', #4324, #5060 ) ;
#2231 = CARTESIAN_POINT ( 'NONE',  ( -53.44999999999999574, 10.80000000000000071, 8.449999999999617373 ) ) ;
#2232 = LINE ( 'NONE', #3724, #5967 ) ;
#2233 = EDGE_CURVE ( 'NONE', #1155, #2289, #1492, .T. ) ;
#2234 = CARTESIAN_POINT ( 'NONE',  ( -35.44999999999999574, 10.80000000000000426, -33.62500000000000000 ) ) ;
#2235 = LINE ( 'NONE', #5891, #4440 ) ;
#2236 = VERTEX_POINT ( 'NONE', #2490 ) ;
#2237 = ORIENTED_EDGE ( 'NONE', *, *, #2673, .T. ) ;
#2238 = CARTESIAN_POINT ( 'NONE',  ( 61.43449314192414334, 9.099999999999983658, -33.36342533005872468 ) ) ;
#2239 = DIRECTION ( 'NONE',  ( 0.8164965809277101583, -0.5773502691896481576, 0.000000000000000000 ) ) ;
#2240 = VERTEX_POINT ( 'NONE', #4102 ) ;
#2241 = LINE ( 'NONE', #1725, #1721 ) ;
#2242 = CARTESIAN_POINT ( 'NONE',  ( -44.44999999999999574, 10.80000000000000071, -27.55000000000038796 ) ) ;
#2243 = DIRECTION ( 'NONE',  ( 0.9612616959383181170, -0.2756373558170021609, 0.000000000000000000 ) ) ;
#2244 = EDGE_CURVE ( 'NONE', #4116, #5248, #3152, .T. ) ;
#2245 = PLANE ( 'NONE',  #4172 ) ;
#2246 = DIRECTION ( 'NONE',  ( -1.000000000000000000, 0.000000000000000000, 0.000000000000000000 ) ) ;
#2247 = CARTESIAN_POINT ( 'NONE',  ( 7.503740226995931017, 7.500000000000000000, -33.62500000000000000 ) ) ;
#2248 = ORIENTED_EDGE ( 'NONE', *, *, #3701, .F. ) ;
#2249 = LINE ( 'NONE', #5481, #232 ) ;
#2250 = EDGE_LOOP ( 'NONE', ( #3112, #4876, #318, #2334 ) ) ;
#2251 = ADVANCED_FACE ( 'NONE', ( #909 ), #2462, .F. ) ;
#2252 = EDGE_CURVE ( 'NONE', #2129, #271, #5212, .T. ) ;
#2253 = EDGE_LOOP ( 'NONE', ( #4360, #1471, #6643, #2969 ) ) ;
#2254 = EDGE_CURVE ( 'NONE', #4157, #4071, #2017, .T. ) ;
#2255 = DIRECTION ( 'NONE',  ( -1.000000000000000000, 7.597356782592645390E-30, 4.105854381010193433E-15 ) ) ;
#2256 = CARTESIAN_POINT ( 'NONE',  ( -17.44999999999999929, 10.80000000000000071, -35.45000000000039364 ) ) ;
#2257 = DIRECTION ( 'NONE',  ( -0.2756373558170042704, -0.9612616959383174509, 0.000000000000000000 ) ) ;
#2258 = ADVANCED_FACE ( 'NONE', ( #6175 ), #2562, .F. ) ;
#2259 = VERTEX_POINT ( 'NONE', #6239 ) ;
#2260 = CARTESIAN_POINT ( 'NONE',  ( 125.9492894348812371, 10.80000000000000426, -33.62500000000000000 ) ) ;
#2261 = ORIENTED_EDGE ( 'NONE', *, *, #3060, .F. ) ;
#2262 = ORIENTED_EDGE ( 'NONE', *, *, #2210, .F. ) ;
#2263 = DIRECTION ( 'NONE',  ( -0.000000000000000000, 0.000000000000000000, -1.000000000000000000 ) ) ;
#2264 = CARTESIAN_POINT ( 'NONE',  ( 54.49999999999999289, 10.80000000000000426, -36.50000000000039080 ) ) ;
#2265 = PRESENTATION_STYLE_ASSIGNMENT (( #2369 ) ) ;
#2266 = DIRECTION ( 'NONE',  ( -1.000000000000000000, -0.000000000000000000, -0.000000000000000000 ) ) ;
#2267 = FACE_OUTER_BOUND ( 'NONE', #6669, .T. ) ;
#2268 = AXIS2_PLACEMENT_3D ( 'NONE', #5913, #1193, #2678 ) ;
#2269 = ORIENTED_EDGE ( 'NONE', *, *, #4580, .F. ) ;
#2270 = ORIENTED_EDGE ( 'NONE', *, *, #6032, .F. ) ;
#2271 =( GEOMETRIC_REPRESENTATION_CONTEXT ( 3 ) GLOBAL_UNCERTAINTY_ASSIGNED_CONTEXT ( ( #1222 ) ) GLOBAL_UNIT_ASSIGNED_CONTEXT ( ( #765, #3000, #1866 ) ) REPRESENTATION_CONTEXT ( 'NONE', 'WORKASPACE' ) );
#2272 = VECTOR ( 'NONE', #244, 1000.000000000000227 ) ;
#2273 = LINE ( 'NONE', #4959, #1180 ) ;
#2274 = CARTESIAN_POINT ( 'NONE',  ( -48.98918607228159772, 7.500000000000007105, 35.45000000000000995 ) ) ;
#2275 = ORIENTED_EDGE ( 'NONE', *, *, #1455, .T. ) ;
#2276 = DIRECTION ( 'NONE',  ( 0.000000000000000000, 0.000000000000000000, -1.000000000000000000 ) ) ;
#2277 = FACE_OUTER_BOUND ( 'NONE', #5473, .T. ) ;
#2278 = VECTOR ( 'NONE', #2615, 1000.000000000000114 ) ;
#2279 = VERTEX_POINT ( 'NONE', #4694 ) ;
#2280 = DIRECTION ( 'NONE',  ( 1.000000000000000000, 0.000000000000000000, -0.000000000000000000 ) ) ;
#2281 = VECTOR ( 'NONE', #5025, 1000.000000000000000 ) ;
#2282 = DIRECTION ( 'NONE',  ( 0.9612616959383174509, -0.2756373558170042704, 0.000000000000000000 ) ) ;
#2283 = CARTESIAN_POINT ( 'NONE',  ( -50.46258907139356609, 7.439184225575350418, -35.48654180386744628 ) ) ;
#2284 = AXIS2_PLACEMENT_3D ( 'NONE', #892, #6159, #3425 ) ;
#2285 = VERTEX_POINT ( 'NONE', #3009 ) ;
#2286 = CARTESIAN_POINT ( 'NONE',  ( -62.00000000000000000, 7.500000000000000000, 41.00000000000000000 ) ) ;
#2287 = ORIENTED_EDGE ( 'NONE', *, *, #2012, .T. ) ;
#2288 = AXIS2_PLACEMENT_3D ( 'NONE', #2472, #4591, #3931 ) ;
#2289 = VERTEX_POINT ( 'NONE', #3643 ) ;
#2290 = CARTESIAN_POINT ( 'NONE',  ( -50.06999999999999318, 7.299999999999942091, -35.45000000000001705 ) ) ;
#2291 = CARTESIAN_POINT ( 'NONE',  ( -29.37500000000000000, 10.53731005528972631, -33.62500000000000000 ) ) ;
#2292 = CARTESIAN_POINT ( 'NONE',  ( 8.449999999999999289, 10.80000000000000071, -35.45000000000039364 ) ) ;
#2293 = VERTEX_POINT ( 'NONE', #941 ) ;
#2294 = DIRECTION ( 'NONE',  ( 0.2657276780299911434, 0.9267025424900801056, 0.2657276780299911434 ) ) ;
#2295 = VECTOR ( 'NONE', #2039, 999.9999999999998863 ) ;
#2296 = ORIENTED_EDGE ( 'NONE', *, *, #4919, .T. ) ;
#2297 = EDGE_LOOP ( 'NONE', ( #3615, #3522, #482, #586 ) ) ;
#2298 = VECTOR ( 'NONE', #5970, 1000.000000000000114 ) ;
#2299 = CARTESIAN_POINT ( 'NONE',  ( -51.62500000000000000, 10.53731005528969256, -33.62500000000000000 ) ) ;
#2300 = LINE ( 'NONE', #2231, #3729 ) ;
#2301 = SURFACE_STYLE_FILL_AREA ( #5019 ) ;
#2302 = EDGE_CURVE ( 'NONE', #6389, #3091, #6785, .T. ) ;
#2303 = LINE ( 'NONE', #264, #183 ) ;
#2304 = DIRECTION ( 'NONE',  ( -0.9612616959383174509, -0.2756373558170042704, 0.000000000000000000 ) ) ;
#2305 = VECTOR ( 'NONE', #5575, 1000.000000000000000 ) ;
#2306 = VERTEX_POINT ( 'NONE', #4660 ) ;
#2307 = ORIENTED_EDGE ( 'NONE', *, *, #6032, .T. ) ;
#2308 = ADVANCED_FACE ( 'NONE', ( #2591 ), #5174, .F. ) ;
#2309 = AXIS2_PLACEMENT_3D ( 'NONE', #1779, #226, #4944 ) ;
#2310 = CARTESIAN_POINT ( 'NONE',  ( 36.54999999999999716, 10.80000000000000071, -27.55000000000038796 ) ) ;
#2311 = LINE ( 'NONE', #1893, #4082 ) ;
#2312 = ORIENTED_EDGE ( 'NONE', *, *, #1041, .T. ) ;
#2313 = LINE ( 'NONE', #4442, #3491 ) ;
#2314 = DIRECTION ( 'NONE',  ( 0.000000000000000000, -0.2756373558170042704, 0.9612616959383174509 ) ) ;
#2315 = AXIS2_PLACEMENT_3D ( 'NONE', #1950, #5699, #1435 ) ;
#2316 = ORIENTED_EDGE ( 'NONE', *, *, #4289, .F. ) ;
#2317 = CARTESIAN_POINT ( 'NONE',  ( 29.37500000000000000, 10.53731005528972631, -33.62500000000000000 ) ) ;
#2318 = CARTESIAN_POINT ( 'NONE',  ( 0.000000000000000000, 7.500000000000000000, 34.50374022699553933 ) ) ;
#2319 = CARTESIAN_POINT ( 'NONE',  ( -51.05233482180386773, 7.492826535850511505, -35.45431025210944398 ) ) ;
#2320 = CARTESIAN_POINT ( 'NONE',  ( 125.9492894348812371, 10.53731005528967657, 33.62500000000000000 ) ) ;
#2321 = EDGE_CURVE ( 'NONE', #1328, #337, #3536, .T. ) ;
#2322 = FACE_OUTER_BOUND ( 'NONE', #4243, .T. ) ;
#2323 = VECTOR ( 'NONE', #6416, 1000.000000000000000 ) ;
#2324 = ORIENTED_EDGE ( 'NONE', *, *, #3914, .F. ) ;
#2325 = EDGE_LOOP ( 'NONE', ( #4156, #5648, #2476, #1474 ) ) ;
#2327 = ADVANCED_FACE ( 'NONE', ( #3043 ), #424, .F. ) ;
#2326 = AXIS2_PLACEMENT_3D ( 'NONE', #1767, #2243, #5446 ) ;
#2328 = CARTESIAN_POINT ( 'NONE',  ( -46.49625977300406987, 7.500000000000000000, 0.000000000000000000 ) ) ;
#2329 = FACE_OUTER_BOUND ( 'NONE', #5388, .T. ) ;
#2330 = ORIENTED_EDGE ( 'NONE', *, *, #1713, .F. ) ;
#2331 = CARTESIAN_POINT ( 'NONE',  ( -51.62500000000000000, 10.53731005528970144, 9.625325129530517998 ) ) ;
#2332 = ORIENTED_EDGE ( 'NONE', *, *, #1017, .T. ) ;
#2333 = EDGE_CURVE ( 'NONE', #6082, #1536, #5416, .T. ) ;
#2334 = ORIENTED_EDGE ( 'NONE', *, *, #1960, .T. ) ;
#2335 = LINE ( 'NONE', #6558, #5088 ) ;
#2336 = LINE ( 'NONE', #234, #6818 ) ;
#2337 = CARTESIAN_POINT ( 'NONE',  ( 34.50374022699593013, 7.500000000000000000, -33.62500000000000000 ) ) ;
#2338 = FACE_OUTER_BOUND ( 'NONE', #304, .T. ) ;
#2339 = ORIENTED_EDGE ( 'NONE', *, *, #898, .F. ) ;
#2340 = EDGE_LOOP ( 'NONE', ( #2542, #739, #1738, #3710 ) ) ;
#2341 = EDGE_CURVE ( 'NONE', #2142, #3631, #3253, .T. ) ;
#2342 = ADVANCED_FACE ( 'NONE', ( #6468 ), #1081, .F. ) ;
#2343 = DIRECTION ( 'NONE',  ( 0.000000000000000000, -0.8571673007021120005, 0.5150380749100545996 ) ) ;
#2344 = EDGE_CURVE ( 'NONE', #2464, #4626, #5969, .T. ) ;
#2345 = ORIENTED_EDGE ( 'NONE', *, *, #192, .T. ) ;
#2346 = CARTESIAN_POINT ( 'NONE',  ( -9.549999999999995381, 10.80000000000000426, -33.62500000000000000 ) ) ;
#2347 = EDGE_CURVE ( 'NONE', #247, #749, #5871, .T. ) ;
#2348 = CARTESIAN_POINT ( 'NONE',  ( -53.44999999999999574, 7.500000000000000000, 32.07000000000000028 ) ) ;
#2349 = DIRECTION ( 'NONE',  ( -0.000000000000000000, 0.000000000000000000, 1.000000000000000000 ) ) ;
#2350 = VERTEX_POINT ( 'NONE', #113 ) ;
#2351 = EDGE_LOOP ( 'NONE', ( #3506, #5010, #4559, #5493 ) ) ;
#2352 = FACE_OUTER_BOUND ( 'NONE', #1512, .T. ) ;
#2353 = LINE ( 'NONE', #3950, #6605 ) ;
#2354 = CARTESIAN_POINT ( 'NONE',  ( -49.38207125704207812, 7.466212276625325828, -35.47030171238245799 ) ) ;
#2355 = DIRECTION ( 'NONE',  ( -1.000000000000000000, 0.000000000000000000, 0.000000000000000000 ) ) ;
#2356 = DIRECTION ( 'NONE',  ( -0.2657276780299911434, 0.9267025424900801056, 0.2657276780299911434 ) ) ;
#2357 = EDGE_CURVE ( 'NONE', #429, #2564, #3070, .T. ) ;
#2358 = EDGE_LOOP ( 'NONE', ( #2002, #5629, #6229, #1038 ) ) ;
#2359 = ORIENTED_EDGE ( 'NONE', *, *, #6774, .T. ) ;
#2360 = CARTESIAN_POINT ( 'NONE',  ( 49.08741126759800721, 7.492844002942287140, 35.45429975682186097 ) ) ;
#2361 = DIRECTION ( 'NONE',  ( 0.000000000000000000, 0.000000000000000000, -1.000000000000000000 ) ) ;
#2362 = ORIENTED_EDGE ( 'NONE', *, *, #4327, .T. ) ;
#2363 = DIRECTION ( 'NONE',  ( -1.000000000000000000, 0.000000000000000000, 0.000000000000000000 ) ) ;
#2364 = ORIENTED_EDGE ( 'NONE', *, *, #277, .F. ) ;
#2365 = EDGE_CURVE ( 'NONE', #2789, #6364, #6345, .T. ) ;
#2366 = ORIENTED_EDGE ( 'NONE', *, *, #4088, .T. ) ;
#2367 = DIRECTION ( 'NONE',  ( 0.9612616959383174509, -0.2756373558170042704, 0.000000000000000000 ) ) ;
#2368 = CARTESIAN_POINT ( 'NONE',  ( -40.07937528197221866, 29.75245638442229534, 4.884529417027841269 ) ) ;
#2369 = SURFACE_STYLE_USAGE ( .BOTH. , #263 ) ;
#2370 = EDGE_CURVE ( 'NONE', #6796, #1443, #3290, .T. ) ;
#2371 = DIRECTION ( 'NONE',  ( 1.000000000000000000, 0.000000000000000000, 0.000000000000000000 ) ) ;
#2372 = DIRECTION ( 'NONE',  ( 1.000000000000000000, 0.000000000000000000, 0.000000000000000000 ) ) ;
#2373 = ORIENTED_EDGE ( 'NONE', *, *, #4262, .T. ) ;
#2374 = ORIENTED_EDGE ( 'NONE', *, *, #490, .F. ) ;
#2375 = EDGE_CURVE ( 'NONE', #451, #5694, #3221, .T. ) ;
#2376 = EDGE_CURVE ( 'NONE', #2350, #653, #626, .T. ) ;
#2377 = LINE ( 'NONE', #2413, #1838 ) ;
#2378 = DIRECTION ( 'NONE',  ( 0.7071067811865497932, 0.000000000000000000, -0.7071067811865452413 ) ) ;
#2379 = EDGE_LOOP ( 'NONE', ( #3096, #5650, #595, #6459 ) ) ;
#2380 = DIRECTION ( 'NONE',  ( -0.000000000000000000, -0.000000000000000000, 1.000000000000000000 ) ) ;
#2381 = CARTESIAN_POINT ( 'NONE',  ( -25.50374022699592658, 7.500000000000000000, 33.62500000000000000 ) ) ;
#2382 = ORIENTED_EDGE ( 'NONE', *, *, #5956, .F. ) ;
#2383 = DIRECTION ( 'NONE',  ( 0.000000000000000000, 1.850371707708594366E-15, 1.000000000000000000 ) ) ;
#2384 = ORIENTED_EDGE ( 'NONE', *, *, #2839, .T. ) ;
#2385 = VECTOR ( 'NONE', #5865, 1000.000000000000000 ) ;
#2386 = VECTOR ( 'NONE', #4317, 1000.000000000000000 ) ;
#2387 = CARTESIAN_POINT ( 'NONE',  ( 2.375000000000005773, 10.80000000000000426, -33.62500000000000000 ) ) ;
#2388 = DIRECTION ( 'NONE',  ( 0.2657276780299911434, 0.9267025424900801056, 0.2657276780299911434 ) ) ;
#2389 = CARTESIAN_POINT ( 'NONE',  ( 34.50374022699592302, 7.500000000000000000, 0.000000000000000000 ) ) ;
#2390 = ORIENTED_EDGE ( 'NONE', *, *, #676, .F. ) ;
#2391 = AXIS2_PLACEMENT_3D ( 'NONE', #3057, #436, #5118 ) ;
#2392 = AXIS2_PLACEMENT_3D ( 'NONE', #265, #2372, #5637 ) ;
#2393 = LINE ( 'NONE', #773, #6419 ) ;
#2394 = ORIENTED_EDGE ( 'NONE', *, *, #3237, .F. ) ;
#2395 = VECTOR ( 'NONE', #4702, 1000.000000000000000 ) ;
#2396 = VECTOR ( 'NONE', #2539, 1000.000000000000000 ) ;
#2397 = DIRECTION ( 'NONE',  ( 0.2657276780299913099, 0.9267025424900799946, 0.2657276780299913099 ) ) ;
#2398 = CARTESIAN_POINT ( 'NONE',  ( 50.75741031669187464, 7.466161443889847149, 35.47033225577136761 ) ) ;
#2399 = DIRECTION ( 'NONE',  ( -0.7071067811865452413, 0.000000000000000000, -0.7071067811865497932 ) ) ;
#2400 = EDGE_LOOP ( 'NONE', ( #1042, #6089, #6334, #5561 ) ) ;
#2401 = CARTESIAN_POINT ( 'NONE',  ( -39.93261023597303705, -0.9965637948163210691, 32.06738976402656505 ) ) ;
#2402 = VECTOR ( 'NONE', #2156, 1000.000000000000000 ) ;
#2403 = VERTEX_POINT ( 'NONE', #3192 ) ;
#2404 = EDGE_LOOP ( 'NONE', ( #4680, #5896, #4353, #4249 ) ) ;
#2405 = CARTESIAN_POINT ( 'NONE',  ( 50.06999999999688100, 7.500000000021168844, 32.06999999999991502 ) ) ;
#2406 = VECTOR ( 'NONE', #5164, 1000.000000000000114 ) ;
#2407 = DIRECTION ( 'NONE',  ( -0.000000000000000000, -0.2756373558170042704, -0.9612616959383174509 ) ) ;
#2408 = DIRECTION ( 'NONE',  ( 0.5001519828512182020, -0.8323926831162096196, 0.2386847610229696770 ) ) ;
#2409 = VERTEX_POINT ( 'NONE', #531 ) ;
#2410 = EDGE_CURVE ( 'NONE', #5838, #161, #1733, .T. ) ;
#2411 = ORIENTED_EDGE ( 'NONE', *, *, #6143, .T. ) ;
#2412 = VECTOR ( 'NONE', #3594, 1000.000000000000114 ) ;
#2413 = CARTESIAN_POINT ( 'NONE',  ( -48.79638818434513325, -5.429073061943231693, -14.20361181565525044 ) ) ;
#2414 = LINE ( 'NONE', #3874, #2743 ) ;
#2415 = VECTOR ( 'NONE', #4676, 1000.000000000000000 ) ;
#2416 = DIRECTION ( 'NONE',  ( 0.9612616959383174509, -0.2756373558170042704, 0.000000000000000000 ) ) ;
#2417 = DIRECTION ( 'NONE',  ( -0.5001519828512179799, 0.8323926831162092865, 0.2386847610229713423 ) ) ;
#2418 = VERTEX_POINT ( 'NONE', #6375 ) ;
#2419 = EDGE_LOOP ( 'NONE', ( #1056, #4832, #657, #6002 ) ) ;
#2420 = AXIS2_PLACEMENT_3D ( 'NONE', #1574, #3200, #1159 ) ;
#2421 = DIRECTION ( 'NONE',  ( -1.000000000000000000, 0.000000000000000000, 0.000000000000000000 ) ) ;
#2422 = CARTESIAN_POINT ( 'NONE',  ( -57.99999999999999289, 9.499999999999998224, -8.000000000000000000 ) ) ;
#2423 = EDGE_CURVE ( 'NONE', #450, #5671, #5279, .T. ) ;
#2424 = EDGE_LOOP ( 'NONE', ( #5923, #465, #6441, #6187 ) ) ;
#2425 = VECTOR ( 'NONE', #1391, 1000.000000000000000 ) ;
#2426 = CARTESIAN_POINT ( 'NONE',  ( 0.000000000000000000, 8.566080860090860227, 34.80943399447237852 ) ) ;
#2427 = EDGE_CURVE ( 'NONE', #1632, #5589, #5349, .T. ) ;
#2428 = CARTESIAN_POINT ( 'NONE',  ( -45.54999999999999005, 10.80000000000000071, 35.44999999999961204 ) ) ;
#2429 = EDGE_CURVE ( 'NONE', #3514, #1328, #4898, .T. ) ;
#2430 = EDGE_CURVE ( 'NONE', #4275, #4735, #2695, .T. ) ;
#2431 = LINE ( 'NONE', #1905, #2622 ) ;
#2432 = FACE_OUTER_BOUND ( 'NONE', #2846, .T. ) ;
#2433 = EDGE_CURVE ( 'NONE', #4762, #5064, #2115, .T. ) ;
#2434 = VERTEX_POINT ( 'NONE', #4793 ) ;
#2435 = ADVANCED_FACE ( 'NONE', ( #2150 ), #4271, .F. ) ;
#2436 = ORIENTED_EDGE ( 'NONE', *, *, #2427, .F. ) ;
#2437 = ORIENTED_EDGE ( 'NONE', *, *, #4690, .F. ) ;
#2438 = VECTOR ( 'NONE', #702, 1000.000000000000114 ) ;
#2439 = B_SPLINE_CURVE_WITH_KNOTS ( 'NONE', 3,
 ( #6370, #5272, #6781, #1078, #4133, #487 ),
 .UNSPECIFIED., .F., .F.,
 ( 4, 2, 4 ),
 ( -1.162755363908908619E-05, 0.0005878214856420404524, 0.001187270524923169854 ),
 .UNSPECIFIED. ) ;
#2440 = CARTESIAN_POINT ( 'NONE',  ( 26.45000000000000284, 10.80000000000000071, -27.55000000000038796 ) ) ;
#2441 = CARTESIAN_POINT ( 'NONE',  ( 55.00000000000000000, -11.50000000000000000, -41.00000000000000000 ) ) ;
#2442 = LINE ( 'NONE', #5596, #5831 ) ;
#2443 = LINE ( 'NONE', #1440, #5384 ) ;
#2444 = ORIENTED_EDGE ( 'NONE', *, *, #790, .F. ) ;
#2445 = ORIENTED_EDGE ( 'NONE', *, *, #4005, .F. ) ;
#2446 = LINE ( 'NONE', #269, #4397 ) ;
#2447 = EDGE_CURVE ( 'NONE', #2024, #2403, #4411, .T. ) ;
#2448 = CARTESIAN_POINT ( 'NONE',  ( 51.62500000000000000, 10.80000000000000426, 17.44999999999961915 ) ) ;
#2449 = CARTESIAN_POINT ( 'NONE',  ( -53.44999999999999574, 10.80000000000000071, -8.450000000000388312 ) ) ;
#2450 = FACE_OUTER_BOUND ( 'NONE', #3563, .T. ) ;
#2451 = CARTESIAN_POINT ( 'NONE',  ( -51.62500000000000000, 10.53731005528970854, -17.37467487046949444 ) ) ;
#2452 = ORIENTED_EDGE ( 'NONE', *, *, #3450, .F. ) ;
#2453 = ORIENTED_EDGE ( 'NONE', *, *, #1607, .F. ) ;
#2454 = CARTESIAN_POINT ( 'NONE',  ( -53.44999999999999574, 10.80000000000000071, -9.550000000000384404 ) ) ;
#2455 = LINE ( 'NONE', #4094, #6076 ) ;
#2456 = CARTESIAN_POINT ( 'NONE',  ( -18.54999999999999716, 10.80000000000000071, -27.55000000000038796 ) ) ;
#2457 = ADVANCED_FACE ( 'NONE', ( #1317 ), #3431, .F. ) ;
#2458 = FACE_OUTER_BOUND ( 'NONE', #5548, .T. ) ;
#2459 = FACE_OUTER_BOUND ( 'NONE', #5378, .T. ) ;
#2460 = DIRECTION ( 'NONE',  ( 0.000000000000000000, 0.000000000000000000, -1.000000000000000000 ) ) ;
#2461 = EDGE_CURVE ( 'NONE', #3314, #5671, #5555, .T. ) ;
#2462 = PLANE ( 'NONE',  #6171 ) ;
#2463 = CARTESIAN_POINT ( 'NONE',  ( -60.00000000000000000, 8.099999999999999645, 8.000000000000000000 ) ) ;
#2464 = VERTEX_POINT ( 'NONE', #173 ) ;
#2465 = EDGE_CURVE ( 'NONE', #1362, #5144, #6103, .T. ) ;
#2466 = ORIENTED_EDGE ( 'NONE', *, *, #5112, .F. ) ;
#2467 = EDGE_CURVE ( 'NONE', #2499, #6484, #5478, .T. ) ;
#2468 = ORIENTED_EDGE ( 'NONE', *, *, #4382, .T. ) ;
#2469 = EDGE_CURVE ( 'NONE', #4974, #5787, #4479, .T. ) ;
#2470 = EDGE_CURVE ( 'NONE', #2059, #667, #2353, .T. ) ;
#2471 = LINE ( 'NONE', #2534, #7 ) ;
#2472 = CARTESIAN_POINT ( 'NONE',  ( 0.5500000000000088152, 82.98258077199005811, 35.45000000000000995 ) ) ;
#2473 = CARTESIAN_POINT ( 'NONE',  ( 0.000000000000000000, 7.500000000000000000, -7.503740226996319151 ) ) ;
#2474 = FACE_OUTER_BOUND ( 'NONE', #3158, .T. ) ;
#2475 = ORIENTED_EDGE ( 'NONE', *, *, #4797, .F. ) ;
#2476 = ORIENTED_EDGE ( 'NONE', *, *, #2636, .T. ) ;
#2477 = DIRECTION ( 'NONE',  ( -1.000000000000000000, 0.000000000000000000, 0.000000000000000000 ) ) ;
#2478 = DIRECTION ( 'NONE',  ( 0.2386847610229713146, -0.8323926831162099527, 0.5001519828512170918 ) ) ;
#2479 = DIRECTION ( 'NONE',  ( 0.2657276780299897001, 0.9267025424900808828, 0.2657276780299897001 ) ) ;
#2480 = ORIENTED_EDGE ( 'NONE', *, *, #2357, .T. ) ;
#2481 = ORIENTED_EDGE ( 'NONE', *, *, #5320, .T. ) ;
#2482 = ORIENTED_EDGE ( 'NONE', *, *, #3903, .F. ) ;
#2483 = CARTESIAN_POINT ( 'NONE',  ( 18.62532512953089991, 10.53731005528968367, -33.62500000000000000 ) ) ;
#2484 = DIRECTION ( 'NONE',  ( -0.000000000000000000, 0.000000000000000000, -1.000000000000000000 ) ) ;
#2485 = DIRECTION ( 'NONE',  ( 0.000000000000000000, 0.000000000000000000, 1.000000000000000000 ) ) ;
#2486 = VERTEX_POINT ( 'NONE', #696 ) ;
#2487 = LINE ( 'NONE', #1978, #6814 ) ;
#2488 = CARTESIAN_POINT ( 'NONE',  ( 57.89895923599141980, 10.49999999999999822, 36.89895923599146954 ) ) ;
#2489 = CLOSED_SHELL ( 'NONE', ( #6713, #4723, #2342, #2654, #4547, #6527, #5135, #5568, #4520, #1709, #1525, #2051, #4225, #4039, #5198, #1856, #5918, #6509, #1289, #1206, #3303, #686, #6551, #5748, #901, #5424, #22, #3452, #4610, #3865, #4066, #488, #2972, #6314, #71, #141, #4180, #5839, #2435, #4903, #2050, #1712, #4705, #3803, #6738, #4000, #2630, #5538, #782, #6038, #1184, #6012, #5120, #6444, #1433, #5110, #908, #4636, #4729, #1037, #2078, #4844, #4181, #86, #4426, #1001, #736, #2765, #2888, #5745, #2221, #1701, #8, #1642, #987, #2251, #4202, #3742, #3595, #2555, #4474, #580, #3572, #826, #3188, #5092, #5435, #4305, #3875, #5298, #5614, #607, #3407, #5687, #5234, #135, #3169, #5145, #5348, #527, #3552, #109, #5825, #4811, #924, #6335, #6220, #6623, #1489, #5697, #2219, #3084, #6573, #2890, #871, #1754, #3015, #6534, #3234, #4841, #111, #5449, #3601, #3014, #130, #2457, #6819, #6803, #823, #5695, #197, #194, #4588, #2308, #6447, #2938, #4880, #230, #1154, #2725, #6238, #6467, #4185, #1384, #6327, #2962, #701, #3855, #5916, #1082, #3352, #4418, #3638, #1874, #6537, #1352, #6268, #1934, #1798, #4306, #4004, #3530, #6033, #394, #2327, #2258, #644, #70, #4383, #4477, #579, #4166, #5008, #6566, #3347, #5949, #6699, #6411, #4945, #1148, #5023, #3487, #4093, #893, #1119, #5277, #3697, #6122, #685, #1502, #65, #6828, #4263, #828, #175, #5099, #1899, #4023, #3570, #4304, #3979, #2028, #5140, #2584, #4646, #4002, #6829, #5612 ) ) ;
#2490 = CARTESIAN_POINT ( 'NONE',  ( -19.19056600552747938, 8.566080860089963167, -34.80943399447290432 ) ) ;
#2491 = LINE ( 'NONE', #3607, #5870 ) ;
#2492 = ORIENTED_EDGE ( 'NONE', *, *, #6652, .T. ) ;
#2493 = ORIENTED_EDGE ( 'NONE', *, *, #4289, .T. ) ;
#2494 = AXIS2_PLACEMENT_3D ( 'NONE', #6697, #4647, #5754 ) ;
#2495 = ORIENTED_EDGE ( 'NONE', *, *, #3062, .F. ) ;
#2496 = DIRECTION ( 'NONE',  ( 0.000000000000000000, 1.850371707708594366E-15, 1.000000000000000000 ) ) ;
#2497 = CARTESIAN_POINT ( 'NONE',  ( -54.49999999999997868, 7.500000000000000000, 36.96378475451749068 ) ) ;
#2498 = CARTESIAN_POINT ( 'NONE',  ( -51.97389213354959736, 5.652200105873709468, -6.973892133549985495 ) ) ;
#2499 = VERTEX_POINT ( 'NONE', #2874 ) ;
#2500 = VECTOR ( 'NONE', #2207, 1000.000000000000000 ) ;
#2501 = DIRECTION ( 'NONE',  ( -0.000000000000000000, -0.2756373558170042704, -0.9612616959383174509 ) ) ;
#2502 = ORIENTED_EDGE ( 'NONE', *, *, #3916, .T. ) ;
#2503 = VERTEX_POINT ( 'NONE', #5069 ) ;
#2504 = VECTOR ( 'NONE', #4183, 1000.000000000000000 ) ;
#2505 = CARTESIAN_POINT ( 'NONE',  ( 57.89895923599141980, 7.500000000000000000, -36.89895923599146954 ) ) ;
#2506 = CARTESIAN_POINT ( 'NONE',  ( 51.62500000000000000, 10.80000000000000071, 0.000000000000000000 ) ) ;
#2507 = DIRECTION ( 'NONE',  ( 1.000000000000000000, 0.000000000000000000, 0.000000000000000000 ) ) ;
#2508 = EDGE_CURVE ( 'NONE', #6512, #2852, #6399, .T. ) ;
#2509 = EDGE_CURVE ( 'NONE', #5971, #1792, #6610, .T. ) ;
#2510 = FACE_OUTER_BOUND ( 'NONE', #6452, .T. ) ;
#2511 = CARTESIAN_POINT ( 'NONE',  ( -17.44999999999999929, 10.80000000000000071, 35.44999999999961204 ) ) ;
#2512 = CARTESIAN_POINT ( 'NONE',  ( 50.26689422857479883, 7.425863025112247939, -35.49454598862386945 ) ) ;
#2513 = VECTOR ( 'NONE', #4827, 1000.000000000000000 ) ;
#2514 = ORIENTED_EDGE ( 'NONE', *, *, #5322, .T. ) ;
#2515 = VERTEX_POINT ( 'NONE', #3325 ) ;
#2516 = ORIENTED_EDGE ( 'NONE', *, *, #414, .T. ) ;
#2517 = B_SPLINE_CURVE_WITH_KNOTS ( 'NONE', 3,
 ( #6042, #1259, #4525, #4557, #2398, #1879, #5041, #6515, #2844, #288, #3367, #2360, #742, #2982 ),
 .UNSPECIFIED., .F., .F.,
 ( 4, 2, 2, 2, 2, 2, 4 ),
 ( 0.000000000000000000, 0.0002963748339485773684, 0.0005927496678971547368, 0.001185499335794287573, 0.001778249003691420192, 0.002074623837639996693, 0.002370998671588572977 ),
 .UNSPECIFIED. ) ;
#2518 = VECTOR ( 'NONE', #4212, 1000.000000000000114 ) ;
#2519 = DIRECTION ( 'NONE',  ( -1.000000000000000000, -0.000000000000000000, -0.000000000000000000 ) ) ;
#2520 = DIRECTION ( 'NONE',  ( 0.000000000000000000, 0.000000000000000000, 1.000000000000000000 ) ) ;
#2521 = DIRECTION ( 'NONE',  ( 0.000000000000000000, 0.000000000000000000, -1.000000000000000000 ) ) ;
#2522 = CARTESIAN_POINT ( 'NONE',  ( -54.96378475451787438, 7.500000000000000000, 36.96378475451749068 ) ) ;
#2523 = AXIS2_PLACEMENT_3D ( 'NONE', #3066, #476, #5751 ) ;
#2524 = VERTEX_POINT ( 'NONE', #6000 ) ;
#2525 = PLANE ( 'NONE',  #851 ) ;
#2526 = DIRECTION ( 'NONE',  ( -1.000000000000000000, 0.000000000000000000, -0.000000000000000000 ) ) ;
#2527 = VECTOR ( 'NONE', #4771, 1000.000000000000000 ) ;
#2528 = DIRECTION ( 'NONE',  ( 1.000000000000000000, 0.000000000000000000, 0.000000000000000000 ) ) ;
#2529 = EDGE_CURVE ( 'NONE', #6299, #2279, #4515, .T. ) ;
#2530 = CARTESIAN_POINT ( 'NONE',  ( 58.32322330470334037, 9.699999999999974420, -37.32322330470339011 ) ) ;
#2531 = ORIENTED_EDGE ( 'NONE', *, *, #1599, .F. ) ;
#2532 = VERTEX_POINT ( 'NONE', #282 ) ;
#2533 = EDGE_LOOP ( 'NONE', ( #1483, #162, #6013, #4672 ) ) ;
#2534 = CARTESIAN_POINT ( 'NONE',  ( -37.49625977300406987, 7.500000000000000000, 33.62500000000000000 ) ) ;
#2535 = LINE ( 'NONE', #5738, #965 ) ;
#2536 = CARTESIAN_POINT ( 'NONE',  ( 61.85875721063606392, 9.699999999999974420, 33.78768939877064525 ) ) ;
#2537 = ORIENTED_EDGE ( 'NONE', *, *, #5238, .T. ) ;
#2538 = DIRECTION ( 'NONE',  ( 0.7071067811865497932, -2.453269466693400041E-14, -0.7071067811865452413 ) ) ;
#2539 = DIRECTION ( 'NONE',  ( -0.000000000000000000, -1.000000000000000000, -0.000000000000000000 ) ) ;
#2540 = EDGE_LOOP ( 'NONE', ( #5828, #2452, #4199, #711 ) ) ;
#2541 = AXIS2_PLACEMENT_3D ( 'NONE', #4617, #3005, #5136 ) ;
#2542 = ORIENTED_EDGE ( 'NONE', *, *, #181, .F. ) ;
#2543 = CARTESIAN_POINT ( 'NONE',  ( 53.44999999999999574, 10.80000000000000071, 17.44999999999961560 ) ) ;
#2544 = CARTESIAN_POINT ( 'NONE',  ( -53.44999999999999574, 7.500000000000007105, 30.89016950369977721 ) ) ;
#2545 = PLANE ( 'NONE',  #4755 ) ;
#2546 = VECTOR ( 'NONE', #836, 1000.000000000000227 ) ;
#2547 = CARTESIAN_POINT ( 'NONE',  ( -48.79638818434513325, -5.429073061943231693, -32.20361181565525044 ) ) ;
#2548 = CARTESIAN_POINT ( 'NONE',  ( 51.62500000000000000, 10.80000000000000426, 8.449999999999617373 ) ) ;
#2549 = DIRECTION ( 'NONE',  ( 1.000000000000000000, -3.018354541273066194E-16, 8.654992372942126676E-17 ) ) ;
#2550 = ORIENTED_EDGE ( 'NONE', *, *, #6655, .T. ) ;
#2551 = ORIENTED_EDGE ( 'NONE', *, *, #1208, .T. ) ;
#2552 = EDGE_CURVE ( 'NONE', #2789, #3331, #2799, .T. ) ;
#2553 = ORIENTED_EDGE ( 'NONE', *, *, #1201, .T. ) ;
#2554 = EDGE_CURVE ( 'NONE', #6011, #2618, #6031, .T. ) ;
#2555 = ADVANCED_FACE ( 'NONE', ( #6577 ), #215, .F. ) ;
#2556 = CARTESIAN_POINT ( 'NONE',  ( 16.50374022699593723, 7.500000000000000000, 0.000000000000000000 ) ) ;
#2557 = CARTESIAN_POINT ( 'NONE',  ( 52.50374022699593013, 7.500000000000000000, 0.000000000000000000 ) ) ;
#2558 = CARTESIAN_POINT ( 'NONE',  ( 0.000000000000000000, 7.500000000000000000, -10.49625977300445356 ) ) ;
#2559 = ORIENTED_EDGE ( 'NONE', *, *, #2429, .F. ) ;
#2560 = DIRECTION ( 'NONE',  ( -0.000000000000000000, 0.9612616959383180060, 0.2756373558170021054 ) ) ;
#2561 = CARTESIAN_POINT ( 'NONE',  ( 19.19056600552723069, 8.566080860090854898, 34.80943399447237852 ) ) ;
#2562 = PLANE ( 'NONE',  #6069 ) ;
#2563 = CARTESIAN_POINT ( 'NONE',  ( 8.374674870469094756, 10.53731005528970499, 33.62500000000000000 ) ) ;
#2564 = VERTEX_POINT ( 'NONE', #3633 ) ;
#2565 = VERTEX_POINT ( 'NONE', #6704 ) ;
#2566 = DIRECTION ( 'NONE',  ( 0.2756373558170039373, -0.9612616959383174509, 0.000000000000000000 ) ) ;
#2567 = LINE ( 'NONE', #3127, #6057 ) ;
#2568 = DIRECTION ( 'NONE',  ( 0.2386847610229713423, -0.8323926831162092865, -0.5001519828512179799 ) ) ;
#2569 = ORIENTED_EDGE ( 'NONE', *, *, #5515, .F. ) ;
#2570 = CARTESIAN_POINT ( 'NONE',  ( 61.85875721063606392, 9.699999999999974420, -33.78768939877064525 ) ) ;
#2571 = DIRECTION ( 'NONE',  ( 4.226362854693271644E-13, -1.000000000000000000, 1.850371707708245689E-15 ) ) ;
#2572 = EDGE_LOOP ( 'NONE', ( #2003, #3752, #6544, #6195 ) ) ;
#2573 = EDGE_CURVE ( 'NONE', #330, #5780, #5618, .T. ) ;
#2574 = EDGE_LOOP ( 'NONE', ( #5359, #1296, #5569, #774 ) ) ;
#2575 = EDGE_CURVE ( 'NONE', #1538, #2804, #5132, .T. ) ;
#2576 = CARTESIAN_POINT ( 'NONE',  ( 57.89895923599141980, 9.099999999999983658, 36.89895923599146954 ) ) ;
#2577 = CARTESIAN_POINT ( 'NONE',  ( -53.48654180386743207, 7.439184225575385057, 32.46258907139354477 ) ) ;
#2578 = DIRECTION ( 'NONE',  ( 0.000000000000000000, -0.2756373558170040483, 0.9612616959383175619 ) ) ;
#2579 = LINE ( 'NONE', #3626, #4384 ) ;
#2580 = DIRECTION ( 'NONE',  ( -0.7071067811865475727, 0.000000000000000000, -0.7071067811865475727 ) ) ;
#2581 = ORIENTED_EDGE ( 'NONE', *, *, #4465, .T. ) ;
#2582 = ORIENTED_EDGE ( 'NONE', *, *, #5046, .F. ) ;
#2583 = EDGE_LOOP ( 'NONE', ( #3524, #118, #5045, #6065 ) ) ;
#2584 = ADVANCED_FACE ( 'NONE', ( #5240 ), #1375, .T. ) ;
#2585 = CARTESIAN_POINT ( 'NONE',  ( -52.80943399447264852, 8.566080860090432125, 7.809433994472271934 ) ) ;
#2586 = DIRECTION ( 'NONE',  ( 0.000000000000000000, 0.000000000000000000, -1.000000000000000000 ) ) ;
#2587 = DIRECTION ( 'NONE',  ( 1.000000000000000000, 0.000000000000000000, 0.000000000000000000 ) ) ;
#2588 = DIRECTION ( 'NONE',  ( 0.2386847610229713423, 0.8323926831162092865, 0.5001519828512179799 ) ) ;
#2589 = DIRECTION ( 'NONE',  ( -0.7071067811865452413, -0.000000000000000000, -0.7071067811865497932 ) ) ;
#2590 = CARTESIAN_POINT ( 'NONE',  ( -0.6253251295308982494, 10.53731005528967657, -33.62500000000000000 ) ) ;
#2591 = FACE_OUTER_BOUND ( 'NONE', #3746, .T. ) ;
#2592 = PLANE ( 'NONE',  #2192 ) ;
#2593 = ORIENTED_EDGE ( 'NONE', *, *, #3098, .F. ) ;
#2594 = AXIS2_PLACEMENT_3D ( 'NONE', #3231, #4645, #960 ) ;
#2595 = ORIENTED_EDGE ( 'NONE', *, *, #1241, .T. ) ;
#2596 = ORIENTED_EDGE ( 'NONE', *, *, #1245, .T. ) ;
#2597 = VECTOR ( 'NONE', #2417, 1000.000000000000114 ) ;
#2598 = AXIS2_PLACEMENT_3D ( 'NONE', #5450, #695, #2280 ) ;
#2599 = FACE_OUTER_BOUND ( 'NONE', #4373, .T. ) ;
#2600 = PLANE ( 'NONE',  #4404 ) ;
#2601 = CARTESIAN_POINT ( 'NONE',  ( 51.62500000000000000, 10.80000000000000426, -26.45000000000038298 ) ) ;
#2602 = ORIENTED_EDGE ( 'NONE', *, *, #4682, .F. ) ;
#2603 = FACE_OUTER_BOUND ( 'NONE', #397, .T. ) ;
#2604 = CARTESIAN_POINT ( 'NONE',  ( 1.190566005527359916, 8.566080860090396598, 34.80943399447264142 ) ) ;
#2605 = VECTOR ( 'NONE', #5890, 1000.000000000000227 ) ;
#2606 = ORIENTED_EDGE ( 'NONE', *, *, #6242, .T. ) ;
#2607 = AXIS2_PLACEMENT_3D ( 'NONE', #4703, #1027, #1508 ) ;
#2608 = VERTEX_POINT ( 'NONE', #2454 ) ;
#2609 = PLANE ( 'NONE',  #958 ) ;
#2610 = AXIS2_PLACEMENT_3D ( 'NONE', #3501, #1015, #5246 ) ;
#2611 = DIRECTION ( 'NONE',  ( -1.000000000000000000, -0.000000000000000000, -0.000000000000000000 ) ) ;
#2613 = DIRECTION ( 'NONE',  ( -0.000000000000000000, 0.000000000000000000, 1.000000000000000000 ) ) ;
#2612 = VECTOR ( 'NONE', #4637, 1000.000000000000000 ) ;
#2614 = EDGE_CURVE ( 'NONE', #2279, #6788, #483, .T. ) ;
#2615 = DIRECTION ( 'NONE',  ( 0.2657276780299913099, -0.9267025424900799946, 0.2657276780299913099 ) ) ;
#2616 = LINE ( 'NONE', #132, #4555 ) ;
#2617 = VERTEX_POINT ( 'NONE', #454 ) ;
#2618 = VERTEX_POINT ( 'NONE', #3113 ) ;
#2619 = VECTOR ( 'NONE', #5357, 1000.000000000000000 ) ;
#2620 = VERTEX_POINT ( 'NONE', #2585 ) ;
#2621 = EDGE_CURVE ( 'NONE', #3365, #3998, #866, .T. ) ;
#2622 = VECTOR ( 'NONE', #225, 1000.000000000000000 ) ;
#2623 = CARTESIAN_POINT ( 'NONE',  ( 48.89016950369420300, 7.500000000000007105, 35.45000000000000995 ) ) ;
#2624 = FACE_OUTER_BOUND ( 'NONE', #713, .T. ) ;
#2625 = EDGE_CURVE ( 'NONE', #5162, #1069, #3075, .T. ) ;
#2626 = LINE ( 'NONE', #5243, #3437 ) ;
#2627 = ORIENTED_EDGE ( 'NONE', *, *, #5447, .T. ) ;
#2628 = AXIS2_PLACEMENT_3D ( 'NONE', #422, #4583, #2526 ) ;
#2629 = DIRECTION ( 'NONE',  ( 0.7071067811865497932, 0.000000000000000000, 0.7071067811865452413 ) ) ;
#2630 = ADVANCED_FACE ( 'NONE', ( #4158 ), #1527, .F. ) ;
#2631 = CARTESIAN_POINT ( 'NONE',  ( 0.000000000000000000, 10.80000000000000071, 33.62500000000000000 ) ) ;
#2632 = CARTESIAN_POINT ( 'NONE',  ( -3.482387728013434741E-16, 8.566080860089968496, -34.80943399447290432 ) ) ;
#2633 = VERTEX_POINT ( 'NONE', #3002 ) ;
#2634 = VECTOR ( 'NONE', #1165, 1000.000000000000227 ) ;
#2635 = ORIENTED_EDGE ( 'NONE', *, *, #3277, .T. ) ;
#2636 = EDGE_CURVE ( 'NONE', #700, #4472, #6670, .T. ) ;
#2637 = ORIENTED_EDGE ( 'NONE', *, *, #1909, .T. ) ;
#2638 = EDGE_CURVE ( 'NONE', #2930, #4016, #5681, .T. ) ;
#2639 = VECTOR ( 'NONE', #6215, 1000.000000000000000 ) ;
#2640 = EDGE_CURVE ( 'NONE', #4071, #5543, #4611, .T. ) ;
#2641 = CARTESIAN_POINT ( 'NONE',  ( -48.79638818434518299, -5.429073061943163303, 3.796388184344804628 ) ) ;
#2642 = LINE ( 'NONE', #916, #6064 ) ;
#2643 = DIRECTION ( 'NONE',  ( 0.2657276780299911434, 0.9267025424900801056, 0.2657276780299911434 ) ) ;
#2644 = EDGE_CURVE ( 'NONE', #3331, #2886, #6744, .T. ) ;
#2645 = ORIENTED_EDGE ( 'NONE', *, *, #2721, .F. ) ;
#2646 = DIRECTION ( 'NONE',  ( 0.000000000000000000, 0.000000000000000000, 1.000000000000000000 ) ) ;
#2647 = DIRECTION ( 'NONE',  ( 0.9612616959383174509, -0.2756373558170042704, 0.000000000000000000 ) ) ;
#2648 = VECTOR ( 'NONE', #6182, 1000.000000000000114 ) ;
#2649 = ORIENTED_EDGE ( 'NONE', *, *, #5999, .T. ) ;
#2650 = ORIENTED_EDGE ( 'NONE', *, *, #3963, .T. ) ;
#2651 = DIRECTION ( 'NONE',  ( -1.000000000000000000, 0.000000000000000000, -0.000000000000000000 ) ) ;
#2652 = PLANE ( 'NONE',  #3279 ) ;
#2653 = CARTESIAN_POINT ( 'NONE',  ( 0.000000000000000000, 7.500000000000000000, -16.50374022699632093 ) ) ;
#2654 = ADVANCED_FACE ( 'NONE', ( #1637 ), #2696, .F. ) ;
#2655 = VECTOR ( 'NONE', #4403, 1000.000000000000000 ) ;
#2656 = CARTESIAN_POINT ( 'NONE',  ( -48.79638818434513325, -5.429073061943231693, -23.20361181565524333 ) ) ;
#2657 = DIRECTION ( 'NONE',  ( 0.9612616959383174509, -0.2756373558170042704, 0.000000000000000000 ) ) ;
#2658 = ORIENTED_EDGE ( 'NONE', *, *, #2047, .T. ) ;
#2659 = VERTEX_POINT ( 'NONE', #3678 ) ;
#2660 = ORIENTED_EDGE ( 'NONE', *, *, #3147, .F. ) ;
#2661 = EDGE_CURVE ( 'NONE', #4681, #954, #594, .T. ) ;
#2662 = AXIS2_PLACEMENT_3D ( 'NONE', #2211, #3286, #6438 ) ;
#2663 = CARTESIAN_POINT ( 'NONE',  ( 51.62500000000000000, 7.500000000000000000, -7.503740226996319151 ) ) ;
#2664 = DIRECTION ( 'NONE',  ( -0.2756373558170042704, -0.9612616959383174509, 0.000000000000000000 ) ) ;
#2665 = CARTESIAN_POINT ( 'NONE',  ( 52.60939292339048734, 7.868454739437100720, 1.390607076609120973 ) ) ;
#2666 = ORIENTED_EDGE ( 'NONE', *, *, #5829, .T. ) ;
#2667 = DIRECTION ( 'NONE',  ( 0.7071067811865474617, 0.000000000000000000, -0.7071067811865474617 ) ) ;
#2668 = EDGE_CURVE ( 'NONE', #4853, #3679, #4311, .T. ) ;
#2669 = CARTESIAN_POINT ( 'NONE',  ( 45.54999999999999005, 10.80000000000000071, 35.44999999999961204 ) ) ;
#2670 = ORIENTED_EDGE ( 'NONE', *, *, #2769, .T. ) ;
#2671 = ORIENTED_EDGE ( 'NONE', *, *, #530, .T. ) ;
#2672 = ORIENTED_EDGE ( 'NONE', *, *, #6647, .F. ) ;
#2673 = EDGE_CURVE ( 'NONE', #3365, #5971, #49, .T. ) ;
#2674 = CARTESIAN_POINT ( 'NONE',  ( -8.449999999999999289, 10.80000000000000071, -35.45000000000039364 ) ) ;
#2675 = LINE ( 'NONE', #54, #2402 ) ;
#2676 = CARTESIAN_POINT ( 'NONE',  ( 125.9492894348812371, 10.80000000000000426, -33.62500000000000000 ) ) ;
#2677 = VERTEX_POINT ( 'NONE', #565 ) ;
#2678 = DIRECTION ( 'NONE',  ( 0.000000000000000000, 0.000000000000000000, 1.000000000000000000 ) ) ;
#2679 = CARTESIAN_POINT ( 'NONE',  ( 0.000000000000000000, 10.80000000000000071, -33.62500000000000000 ) ) ;
#2680 = DIRECTION ( 'NONE',  ( 0.000000000000000000, 0.000000000000000000, -1.000000000000000000 ) ) ;
#2681 = ORIENTED_EDGE ( 'NONE', *, *, #3270, .T. ) ;
#2682 = EDGE_CURVE ( 'NONE', #5664, #6788, #5872, .T. ) ;
#2683 = LINE ( 'NONE', #5919, #5604 ) ;
#2684 = CARTESIAN_POINT ( 'NONE',  ( 21.93261023597309745, -0.9965637948165171345, -32.06738976402728980 ) ) ;
#2685 = CARTESIAN_POINT ( 'NONE',  ( 30.13361562617344092, -27.76612549695436627, 9.133615626173485325 ) ) ;
#2686 = DIRECTION ( 'NONE',  ( 0.000000000000000000, -1.000000000000000000, 0.000000000000000000 ) ) ;
#2687 = DIRECTION ( 'NONE',  ( 0.2657276780299913099, -0.9267025424900799946, 0.2657276780299913099 ) ) ;
#2688 = VERTEX_POINT ( 'NONE', #3086 ) ;
#2689 = ORIENTED_EDGE ( 'NONE', *, *, #2447, .F. ) ;
#2690 = DIRECTION ( 'NONE',  ( -1.000000000000000000, -0.000000000000000000, -5.930678550348059559E-17 ) ) ;
#2691 = CARTESIAN_POINT ( 'NONE',  ( -53.44999999999999574, 10.80000000000000071, -27.55000000000038796 ) ) ;
#2692 = CARTESIAN_POINT ( 'NONE',  ( -15.33839134370871982, 3.435945472310392379, 33.33839134370833079 ) ) ;
#2693 = VERTEX_POINT ( 'NONE', #5903 ) ;
#2694 = PLANE ( 'NONE',  #4164 ) ;
#2695 = LINE ( 'NONE', #16, #4854 ) ;
#2696 = PLANE ( 'NONE',  #1531 ) ;
#2697 = ORIENTED_EDGE ( 'NONE', *, *, #5615, .T. ) ;
#2698 = PLANE ( 'NONE',  #3210 ) ;
#2699 = EDGE_LOOP ( 'NONE', ( #354, #6717, #4272, #6418 ) ) ;
#2700 = ORIENTED_EDGE ( 'NONE', *, *, #3744, .T. ) ;
#2701 = DIRECTION ( 'NONE',  ( 0.2657276780299913099, -0.9267025424900799946, 0.2657276780299913099 ) ) ;
#2702 = CARTESIAN_POINT ( 'NONE',  ( -27.54999999999999361, 10.80000000000000071, -27.55000000000038796 ) ) ;
#2703 = CARTESIAN_POINT ( 'NONE',  ( -17.44999999999999929, 10.80000000000000071, -27.55000000000038796 ) ) ;
#2704 = ORIENTED_EDGE ( 'NONE', *, *, #3531, .F. ) ;
#2705 = LINE ( 'NONE', #6385, #3709 ) ;
#2706 = VERTEX_POINT ( 'NONE', #5214 ) ;
#2707 = AXIS2_PLACEMENT_3D ( 'NONE', #3912, #6026, #3943 ) ;
#2708 = CARTESIAN_POINT ( 'NONE',  ( 27.54999999999999005, 10.80000000000000071, 35.44999999999961204 ) ) ;
#2709 = CARTESIAN_POINT ( 'NONE',  ( -52.80943399447263431, 8.566080860090419691, 25.80943399447225417 ) ) ;
#2710 = LINE ( 'NONE', #97, #6296 ) ;
#2711 = EDGE_CURVE ( 'NONE', #5001, #4819, #4242, .T. ) ;
#2712 = AXIS2_PLACEMENT_3D ( 'NONE', #3021, #5150, #395 ) ;
#2713 = VECTOR ( 'NONE', #4208, 1000.000000000000000 ) ;
#2714 = CARTESIAN_POINT ( 'NONE',  ( 51.62500000000000000, 10.80000000000000426, -33.62500000000000000 ) ) ;
#2715 = PLANE ( 'NONE',  #3881 ) ;
#2716 = VERTEX_POINT ( 'NONE', #2563 ) ;
#2717 = ORIENTED_EDGE ( 'NONE', *, *, #322, .F. ) ;
#2718 = AXIS2_PLACEMENT_3D ( 'NONE', #1369, #4040, #797 ) ;
#2719 = EDGE_CURVE ( 'NONE', #1521, #516, #4695, .T. ) ;
#2720 = VECTOR ( 'NONE', #2030, 1000.000000000000000 ) ;
#2721 = EDGE_CURVE ( 'NONE', #1993, #1411, #3121, .T. ) ;
#2722 = EDGE_CURVE ( 'NONE', #3582, #4139, #1115, .T. ) ;
#2723 = CARTESIAN_POINT ( 'NONE',  ( 27.62532512953090347, 10.53731005528967657, -33.62500000000000000 ) ) ;
#2724 = CARTESIAN_POINT ( 'NONE',  ( 53.45429975682079515, 7.492844002944034187, -31.08741126760855522 ) ) ;
#2725 = ADVANCED_FACE ( 'NONE', ( #1018 ), #2592, .F. ) ;
#2726 = ORIENTED_EDGE ( 'NONE', *, *, #4340, .T. ) ;
#2727 = CARTESIAN_POINT ( 'NONE',  ( 19.49625977300406632, 7.500000000000000000, -33.62500000000000000 ) ) ;
#2728 = CARTESIAN_POINT ( 'NONE',  ( -62.00000000000000000, 7.500000000000000000, -41.00000000000000000 ) ) ;
#2729 = VECTOR ( 'NONE', #4668, 1000.000000000000114 ) ;
#2730 = FACE_OUTER_BOUND ( 'NONE', #1475, .T. ) ;
#2731 = ORIENTED_EDGE ( 'NONE', *, *, #3147, .T. ) ;
#2732 = DIRECTION ( 'NONE',  ( 0.000000000000000000, 0.000000000000000000, -1.000000000000000000 ) ) ;
#2733 = VECTOR ( 'NONE', #4550, 1000.000000000000227 ) ;
#2734 = DIRECTION ( 'NONE',  ( 0.4999999999999902855, -0.7071067811865670016, 0.4999999999999821254 ) ) ;
#2735 = LINE ( 'NONE', #1800, #4529 ) ;
#2736 = ORIENTED_EDGE ( 'NONE', *, *, #5338, .F. ) ;
#2737 = LINE ( 'NONE', #6549, #1007 ) ;
#2738 = AXIS2_PLACEMENT_3D ( 'NONE', #589, #6304, #5791 ) ;
#2739 = ORIENTED_EDGE ( 'NONE', *, *, #5353, .F. ) ;
#2740 = ORIENTED_EDGE ( 'NONE', *, *, #3667, .T. ) ;
#2741 = EDGE_CURVE ( 'NONE', #1438, #5188, #5797, .T. ) ;
#2742 = FACE_OUTER_BOUND ( 'NONE', #3179, .T. ) ;
#2743 = VECTOR ( 'NONE', #5508, 1000.000000000000227 ) ;
#2744 = LINE ( 'NONE', #186, #84 ) ;
#2745 = PLANE ( 'NONE',  #5312 ) ;
#2746 = EDGE_LOOP ( 'NONE', ( #4712, #2780, #1085, #6397 ) ) ;
#2747 = CARTESIAN_POINT ( 'NONE',  ( 2.375000000000005773, 10.53731005528969078, -33.62500000000000000 ) ) ;
#2748 = ORIENTED_EDGE ( 'NONE', *, *, #3557, .T. ) ;
#2749 = VECTOR ( 'NONE', #2568, 1000.000000000000114 ) ;
#2750 = LINE ( 'NONE', #1233, #1621 ) ;
#2751 = CARTESIAN_POINT ( 'NONE',  ( 53.44999999998768914, 7.500000000020467184, 33.15092743802216546 ) ) ;
#2752 = CARTESIAN_POINT ( 'NONE',  ( -51.62500000000000000, 10.80000000000000071, 0.000000000000000000 ) ) ;
#2753 = VECTOR ( 'NONE', #4535, 1000.000000000000000 ) ;
#2754 = CARTESIAN_POINT ( 'NONE',  ( -51.62500000000000000, 10.80000000000000426, 26.44999999999961204 ) ) ;
#2755 = DIRECTION ( 'NONE',  ( -0.000000000000000000, -0.000000000000000000, 1.000000000000000000 ) ) ;
#2756 = ORIENTED_EDGE ( 'NONE', *, *, #164, .F. ) ;
#2757 = ORIENTED_EDGE ( 'NONE', *, *, #315, .T. ) ;
#2758 = B_SPLINE_CURVE_WITH_KNOTS ( 'NONE', 3,
 ( #1734, #174, #2319, #4448, #3807, #2283, #114, #627, #3886, #2354, #5377, #4480, #2215, #3844 ),
 .UNSPECIFIED., .F., .F.,
 ( 4, 2, 2, 2, 2, 2, 4 ),
 ( 0.000000000000000000, 0.0002963748339482868564, 0.0005927496678965737129, 0.001185499335793125959, 0.001778249003689677879, 0.002074623837637943214, 0.002370998671586208115 ),
 .UNSPECIFIED. ) ;
#2759 = DIRECTION ( 'NONE',  ( -0.000000000000000000, 0.9612616959383174509, 0.2756373558170042704 ) ) ;
#2760 = FACE_OUTER_BOUND ( 'NONE', #2358, .T. ) ;
#2761 = ORIENTED_EDGE ( 'NONE', *, *, #4309, .T. ) ;
#2762 = EDGE_CURVE ( 'NONE', #2236, #562, #532, .T. ) ;
#2763 = LINE ( 'NONE', #590, #5826 ) ;
#2764 = LINE ( 'NONE', #5964, #4662 ) ;
#2765 = ADVANCED_FACE ( 'NONE', ( #17 ), #6001, .F. ) ;
#2766 = CARTESIAN_POINT ( 'NONE',  ( 51.62500000000000000, 10.80000000000000071, 0.000000000000000000 ) ) ;
#2767 = EDGE_CURVE ( 'NONE', #1617, #6795, #6469, .T. ) ;
#2768 = AXIS2_PLACEMENT_3D ( 'NONE', #3809, #4414, #6510 ) ;
#2769 = EDGE_CURVE ( 'NONE', #6389, #6372, #5006, .T. ) ;
#2770 = EDGE_CURVE ( 'NONE', #2306, #813, #4970, .T. ) ;
#2771 = FACE_OUTER_BOUND ( 'NONE', #6414, .T. ) ;
#2772 = CARTESIAN_POINT ( 'NONE',  ( -24.62500000000000000, 10.53731005528970321, 33.62500000000000000 ) ) ;
#2773 = ORIENTED_EDGE ( 'NONE', *, *, #207, .F. ) ;
#2774 = CARTESIAN_POINT ( 'NONE',  ( -7.503740226995923912, 7.500000000000000000, 0.000000000000000000 ) ) ;
#2775 = ORIENTED_EDGE ( 'NONE', *, *, #268, .T. ) ;
#2776 = ORIENTED_EDGE ( 'NONE', *, *, #4905, .T. ) ;
#2777 = PLANE ( 'NONE',  #1284 ) ;
#2778 = DIRECTION ( 'NONE',  ( 0.000000000000000000, 0.000000000000000000, -1.000000000000000000 ) ) ;
#2779 = FACE_OUTER_BOUND ( 'NONE', #2540, .T. ) ;
#2780 = ORIENTED_EDGE ( 'NONE', *, *, #933, .T. ) ;
#2781 = DIRECTION ( 'NONE',  ( 0.000000000000000000, 0.000000000000000000, 1.000000000000000000 ) ) ;
#2782 = EDGE_LOOP ( 'NONE', ( #355, #202, #5391, #5183 ) ) ;
#2783 = ORIENTED_EDGE ( 'NONE', *, *, #1657, .F. ) ;
#2784 = LINE ( 'NONE', #1163, #1288 ) ;
#2785 = PLANE ( 'NONE',  #5727 ) ;
#2786 = LINE ( 'NONE', #6052, #4651 ) ;
#2787 = CARTESIAN_POINT ( 'NONE',  ( 0.000000000000000000, 7.500000000000000000, 7.503740226995556206 ) ) ;
#2788 = PLANE ( 'NONE',  #1885 ) ;
#2789 = VERTEX_POINT ( 'NONE', #250 ) ;
#2790 = VERTEX_POINT ( 'NONE', #3326 ) ;
#2791 = EDGE_CURVE ( 'NONE', #5983, #1700, #5452, .T. ) ;
#2792 = DIRECTION ( 'NONE',  ( 0.000000000000000000, 0.000000000000000000, 1.000000000000000000 ) ) ;
#2793 = CARTESIAN_POINT ( 'NONE',  ( 53.44999999999677698, 7.500000000022534863, -33.24983049630029086 ) ) ;
#2794 = ORIENTED_EDGE ( 'NONE', *, *, #3346, .F. ) ;
#2795 = CARTESIAN_POINT ( 'NONE',  ( 50.06999999999696627, 7.300000000021168667, 35.44999999999991758 ) ) ;
#2796 = CARTESIAN_POINT ( 'NONE',  ( 53.44999999999999574, 7.500000000000000000, -35.45000000000003126 ) ) ;
#2797 = ORIENTED_EDGE ( 'NONE', *, *, #1553, .F. ) ;
#2798 = DIRECTION ( 'NONE',  ( 0.5000000000000058842, -0.7071067811865415775, 0.5000000000000026645 ) ) ;
#2799 = LINE ( 'NONE', #1252, #92 ) ;
#2800 = CARTESIAN_POINT ( 'NONE',  ( -17.44999999999999929, 10.80000000000000071, -35.45000000000039364 ) ) ;
#2801 = ORIENTED_EDGE ( 'NONE', *, *, #5827, .T. ) ;
#2802 = CARTESIAN_POINT ( 'NONE',  ( 9.550000000000002487, 10.80000000000000426, 33.62500000000000000 ) ) ;
#2803 = DIRECTION ( 'NONE',  ( 0.5001519828512179799, 0.8323926831162092865, 0.2386847610229713423 ) ) ;
#2804 = VERTEX_POINT ( 'NONE', #4866 ) ;
#2805 = UNCERTAINTY_MEASURE_WITH_UNIT (LENGTH_MEASURE( 1.000000000000000082E-05 ), #3309, 'distance_accuracy_value', 'NONE');
#2806 = ORIENTED_EDGE ( 'NONE', *, *, #3891, .F. ) ;
#2807 = EDGE_CURVE ( 'NONE', #1071, #2075, #1772, .T. ) ;
#2808 = LINE ( 'NONE', #5976, #2170 ) ;
#2809 = CARTESIAN_POINT ( 'NONE',  ( -51.62500000000000000, 10.53731005528970144, -8.374674870469480226 ) ) ;
#2810 = CARTESIAN_POINT ( 'NONE',  ( -37.19056600552746517, 8.566080860089993365, -34.80943399447291142 ) ) ;
#2811 = ORIENTED_EDGE ( 'NONE', *, *, #1627, .F. ) ;
#2812 = DIRECTION ( 'NONE',  ( -1.000000000000000000, 0.000000000000000000, 0.000000000000000000 ) ) ;
#2813 = EDGE_CURVE ( 'NONE', #6121, #3539, #1253, .T. ) ;
#2814 = ORIENTED_EDGE ( 'NONE', *, *, #4907, .T. ) ;
#2815 = ORIENTED_EDGE ( 'NONE', *, *, #6619, .F. ) ;
#2816 = LINE ( 'NONE', #6014, #6409 ) ;
#2817 = DIRECTION ( 'NONE',  ( -0.9612616959383181170, -0.2756373558170021609, 0.000000000000000000 ) ) ;
#2818 = PLANE ( 'NONE',  #5752 ) ;
#2819 = PLANE ( 'NONE',  #4391 ) ;
#2820 = AXIS2_PLACEMENT_3D ( 'NONE', #827, #2416, #4543 ) ;
#2821 = ORIENTED_EDGE ( 'NONE', *, *, #3055, .T. ) ;
#2822 = ORIENTED_EDGE ( 'NONE', *, *, #6154, .F. ) ;
#2823 = VECTOR ( 'NONE', #1214, 1000.000000000000227 ) ;
#2824 = CARTESIAN_POINT ( 'NONE',  ( 46.19056600552723069, 8.566080860090846016, 34.80943399447237852 ) ) ;
#2825 = EDGE_CURVE ( 'NONE', #2618, #4371, #3951, .T. ) ;
#2826 = FACE_OUTER_BOUND ( 'NONE', #5567, .T. ) ;
#2827 = ORIENTED_EDGE ( 'NONE', *, *, #3144, .F. ) ;
#2828 = CARTESIAN_POINT ( 'NONE',  ( 51.62500000000000000, 10.53731005528969256, -33.62500000000000000 ) ) ;
#2829 = DIRECTION ( 'NONE',  ( -0.000000000000000000, -0.000000000000000000, 1.000000000000000000 ) ) ;
#2830 = DIRECTION ( 'NONE',  ( -0.7071067811865452413, -0.000000000000000000, -0.7071067811865497932 ) ) ;
#2831 = AXIS2_PLACEMENT_3D ( 'NONE', #6249, #919, #2025 ) ;
#2832 = VECTOR ( 'NONE', #3583, 1000.000000000000000 ) ;
#2833 = ORIENTED_EDGE ( 'NONE', *, *, #6241, .F. ) ;
#2834 = EDGE_CURVE ( 'NONE', #6027, #5368, #2758, .T. ) ;
#2835 = DIRECTION ( 'NONE',  ( -0.000000000000000000, 0.000000000000000000, 1.000000000000000000 ) ) ;
#2836 = VECTOR ( 'NONE', #136, 1000.000000000000000 ) ;
#2837 = DIRECTION ( 'NONE',  ( -0.5001519828512182020, -0.8323926831162096196, 0.2386847610229694550 ) ) ;
#2838 = CARTESIAN_POINT ( 'NONE',  ( -28.49625977300406987, 7.500000000000000000, 33.62500000000000000 ) ) ;
#2839 = EDGE_CURVE ( 'NONE', #4116, #4301, #2875, .T. ) ;
#2840 = PLANE ( 'NONE',  #2054 ) ;
#2841 = FACE_OUTER_BOUND ( 'NONE', #1453, .T. ) ;
#2842 = VERTEX_POINT ( 'NONE', #3358 ) ;
#2843 = CARTESIAN_POINT ( 'NONE',  ( 51.62500000000000000, 7.500000000000000000, 16.50374022699554644 ) ) ;
#2844 = CARTESIAN_POINT ( 'NONE',  ( 49.67668115863499878, 7.439244242950600494, 35.48650574179020367 ) ) ;
#2845 = CARTESIAN_POINT ( 'NONE',  ( 49.87584506161987008, 7.347227451814990928, -35.45000000000010232 ) ) ;
#2846 = EDGE_LOOP ( 'NONE', ( #4589, #4608, #4173, #3454, #2757, #1921 ) ) ;
#2847 = CARTESIAN_POINT ( 'NONE',  ( 45.54999999999999005, 10.80000000000000071, -33.62500000000000000 ) ) ;
#2848 = VECTOR ( 'NONE', #1114, 1000.000000000000000 ) ;
#2849 = EDGE_LOOP ( 'NONE', ( #3206, #2364, #1561, #3156 ) ) ;
#2850 = EDGE_CURVE ( 'NONE', #799, #1890, #1697, .T. ) ;
#2851 = EDGE_CURVE ( 'NONE', #3296, #872, #3254, .T. ) ;
#2852 = VERTEX_POINT ( 'NONE', #5933 ) ;
#2853 = EDGE_CURVE ( 'NONE', #1188, #6808, #2735, .T. ) ;
#2854 = VECTOR ( 'NONE', #1150, 1000.000000000000000 ) ;
#2855 = EDGE_CURVE ( 'NONE', #1681, #4413, #5417, .T. ) ;
#2856 = LINE ( 'NONE', #4985, #4209 ) ;
#2857 = DIRECTION ( 'NONE',  ( -0.4578768884082909940, -0.7620351108204156398, 0.4578768884082907165 ) ) ;
#2858 = DIRECTION ( 'NONE',  ( -0.2756373558170039373, -0.9612616959383174509, 0.000000000000000000 ) ) ;
#2859 = DIRECTION ( 'NONE',  ( 0.2386847610229713146, -0.8323926831162099527, 0.5001519828512170918 ) ) ;
#2860 = DIRECTION ( 'NONE',  ( 0.9902680687415695848, 0.1391731009600706559, -0.000000000000000000 ) ) ;
#2861 = VECTOR ( 'NONE', #2397, 1000.000000000000114 ) ;
#2862 = ORIENTED_EDGE ( 'NONE', *, *, #808, .F. ) ;
#2863 = EDGE_LOOP ( 'NONE', ( #6020, #2658, #2197, #6635 ) ) ;
#2864 = VECTOR ( 'NONE', #3334, 1000.000000000000000 ) ;
#2865 = CARTESIAN_POINT ( 'NONE',  ( 26.45000000000001350, 10.80000000000000426, -33.62500000000000000 ) ) ;
#2866 = CARTESIAN_POINT ( 'NONE',  ( 61.43449314192414334, 7.500000000000000000, -33.36342533005872468 ) ) ;
#2867 = ORIENTED_EDGE ( 'NONE', *, *, #4813, .T. ) ;
#2868 = CARTESIAN_POINT ( 'NONE',  ( 49.09063757198498479, 7.500000000000388134, 35.45000000000000995 ) ) ;
#2869 = DIRECTION ( 'NONE',  ( -0.000000000000000000, -0.2756373558170040483, -0.9612616959383175619 ) ) ;
#2870 = ORIENTED_EDGE ( 'NONE', *, *, #2722, .F. ) ;
#2871 = CIRCLE ( 'NONE', #4539, 3.380000000000001226 ) ;
#2872 = VERTEX_POINT ( 'NONE', #3003 ) ;
#2873 = DIRECTION ( 'NONE',  ( -4.226362854693271644E-13, 1.000000000000000000, -1.850371707708245689E-15 ) ) ;
#2874 = CARTESIAN_POINT ( 'NONE',  ( 34.80943399447276221, 8.566080860090849569, 34.80943399447237852 ) ) ;
#2875 = LINE ( 'NONE', #4900, #4857 ) ;
#2876 = ORIENTED_EDGE ( 'NONE', *, *, #5657, .T. ) ;
#2877 = EDGE_CURVE ( 'NONE', #954, #4125, #3432, .T. ) ;
#2878 = DIRECTION ( 'NONE',  ( -1.000000000000000000, 0.000000000000000000, 0.000000000000000000 ) ) ;
#2879 = AXIS2_PLACEMENT_3D ( 'NONE', #4579, #1975, #2485 ) ;
#2880 = VERTEX_POINT ( 'NONE', #4054 ) ;
#2881 = EDGE_CURVE ( 'NONE', #6094, #1195, #2940, .T. ) ;
#2882 = AXIS2_PLACEMENT_3D ( 'NONE', #3145, #2146, #2080 ) ;
#2883 = FACE_OUTER_BOUND ( 'NONE', #2746, .T. ) ;
#2884 = DIRECTION ( 'NONE',  ( 0.000000000000000000, 0.000000000000000000, 1.000000000000000000 ) ) ;
#2885 = LINE ( 'NONE', #5460, #3205 ) ;
#2886 = VERTEX_POINT ( 'NONE', #2422 ) ;
#2887 = DIRECTION ( 'NONE',  ( 0.2386847610229711480, 0.8323926831162093976, -0.5001519828512179799 ) ) ;
#2888 = ADVANCED_FACE ( 'NONE', ( #6133 ), #5653, .F. ) ;
#2889 = ORIENTED_EDGE ( 'NONE', *, *, #2554, .F. ) ;
#2890 = ADVANCED_FACE ( 'NONE', ( #416 ), #6168, .F. ) ;
#2891 = ORIENTED_EDGE ( 'NONE', *, *, #6766, .F. ) ;
#2892 = PLANE ( 'NONE',  #2975 ) ;
#2893 = CARTESIAN_POINT ( 'NONE',  ( -21.93261023597309745, -0.9965637948165171345, -32.06738976402728980 ) ) ;
#2894 = LINE ( 'NONE', #5499, #6621 ) ;
#2895 = FACE_OUTER_BOUND ( 'NONE', #3743, .T. ) ;
#2896 = VERTEX_POINT ( 'NONE', #4516 ) ;
#2897 = ORIENTED_EDGE ( 'NONE', *, *, #3963, .F. ) ;
#2898 = LINE ( 'NONE', #5122, #2281 ) ;
#2899 = CARTESIAN_POINT ( 'NONE',  ( -60.00000000000000000, 7.500000000000000000, 8.000000000000000000 ) ) ;
#2900 = ORIENTED_EDGE ( 'NONE', *, *, #6120, .T. ) ;
#2901 = FACE_OUTER_BOUND ( 'NONE', #6782, .T. ) ;
#2902 = CARTESIAN_POINT ( 'NONE',  ( 51.62500000000000000, 10.53731005528969256, -33.62500000000000000 ) ) ;
#2903 = ORIENTED_EDGE ( 'NONE', *, *, #4465, .F. ) ;
#2904 = EDGE_LOOP ( 'NONE', ( #203, #4078, #6319, #182 ) ) ;
#2905 = CARTESIAN_POINT ( 'NONE',  ( -0.5499999999999949374, 10.80000000000000426, -33.62500000000000000 ) ) ;
#2906 = CARTESIAN_POINT ( 'NONE',  ( -53.49456638521139240, 7.425829079490172902, -31.87394028762619769 ) ) ;
#2907 = CARTESIAN_POINT ( 'NONE',  ( 53.44999999999843965, 7.347213560358213158, -31.87590218697856770 ) ) ;
#2908 = LINE ( 'NONE', #251, #4273 ) ;
#2909 = LINE ( 'NONE', #5039, #3768 ) ;
#2910 = CARTESIAN_POINT ( 'NONE',  ( -60.00000000000000000, 8.099999999999999645, 8.000000000000000000 ) ) ;
#2911 = DIRECTION ( 'NONE',  ( -0.2386847610229699823, -0.8323926831162045126, -0.5001519828512264176 ) ) ;
#2912 = CARTESIAN_POINT ( 'NONE',  ( 58.32322330470334748, 9.899999999999975486, -37.32322330470339011 ) ) ;
#2913 = VERTEX_POINT ( 'NONE', #2483 ) ;
#2914 = DIRECTION ( 'NONE',  ( 0.2657276780299913099, -0.9267025424900799946, 0.2657276780299913099 ) ) ;
#2915 = VERTEX_POINT ( 'NONE', #1901 ) ;
#2916 = ORIENTED_EDGE ( 'NONE', *, *, #4476, .T. ) ;
#2917 = CARTESIAN_POINT ( 'NONE',  ( -36.54999999999999005, 10.80000000000000071, 35.44999999999961204 ) ) ;
#2918 = DIRECTION ( 'NONE',  ( 0.000000000000000000, 0.000000000000000000, 1.000000000000000000 ) ) ;
#2919 = DIRECTION ( 'NONE',  ( -0.000000000000000000, 0.9612616959383180060, 0.2756373558170021054 ) ) ;
#2920 = PLANE ( 'NONE',  #1620 ) ;
#2921 = ORIENTED_EDGE ( 'NONE', *, *, #3377, .F. ) ;
#2922 = VERTEX_POINT ( 'NONE', #4612 ) ;
#2923 = EDGE_CURVE ( 'NONE', #3514, #5982, #1419, .T. ) ;
#2924 = CARTESIAN_POINT ( 'NONE',  ( -25.50374022699593368, 7.500000000000000000, -33.62500000000000000 ) ) ;
#2925 = CARTESIAN_POINT ( 'NONE',  ( -49.67713266614889278, 7.439207285239136880, 35.48652794822359624 ) ) ;
#2926 = VECTOR ( 'NONE', #2812, 1000.000000000000000 ) ;
#2927 = DIRECTION ( 'NONE',  ( 0.000000000000000000, 0.000000000000000000, -1.000000000000000000 ) ) ;
#2928 = DIRECTION ( 'NONE',  ( -0.000000000000000000, -0.000000000000000000, 1.000000000000000000 ) ) ;
#2929 = DIRECTION ( 'NONE',  ( -0.2386847610229713423, -0.8323926831162092865, -0.5001519828512179799 ) ) ;
#2930 = VERTEX_POINT ( 'NONE', #3560 ) ;
#2931 = EDGE_CURVE ( 'NONE', #6109, #1674, #374, .T. ) ;
#2932 = EDGE_CURVE ( 'NONE', #5292, #4762, #347, .T. ) ;
#2933 = EDGE_LOOP ( 'NONE', ( #6353, #1847, #3549, #6763 ) ) ;
#2934 = EDGE_CURVE ( 'NONE', #68, #2922, #2455, .T. ) ;
#2935 = VECTOR ( 'NONE', #5480, 1000.000000000000114 ) ;
#2936 = VECTOR ( 'NONE', #804, 1000.000000000000000 ) ;
#2937 = EDGE_CURVE ( 'NONE', #2915, #2486, #806, .T. ) ;
#2938 = ADVANCED_FACE ( 'NONE', ( #4653 ), #6199, .F. ) ;
#2939 = DIRECTION ( 'NONE',  ( 0.2657276780299913099, -0.9267025424900799946, 0.2657276780299913099 ) ) ;
#2940 = LINE ( 'NONE', #4020, #4640 ) ;
#2941 = DIRECTION ( 'NONE',  ( -0.9612616959383180060, -0.2756373558170023830, 0.000000000000000000 ) ) ;
#2942 = AXIS2_PLACEMENT_3D ( 'NONE', #4806, #1604, #6793 ) ;
#2943 = VECTOR ( 'NONE', #6762, 1000.000000000000114 ) ;
#2944 = FACE_OUTER_BOUND ( 'NONE', #4937, .T. ) ;
#2945 = VECTOR ( 'NONE', #3105, 1000.000000000000000 ) ;
#2946 = AXIS2_PLACEMENT_3D ( 'NONE', #4603, #6192, #341 ) ;
#2947 = DIRECTION ( 'NONE',  ( -0.7071067811865452413, -0.000000000000000000, -0.7071067811865497932 ) ) ;
#2948 = CARTESIAN_POINT ( 'NONE',  ( 30.13361562617344092, -27.76612549695436627, -9.133615626173485325 ) ) ;
#2949 = ORIENTED_EDGE ( 'NONE', *, *, #2552, .T. ) ;
#2950 = AXIS2_PLACEMENT_3D ( 'NONE', #5081, #2407, #3447 ) ;
#2951 = ORIENTED_EDGE ( 'NONE', *, *, #4521, .T. ) ;
#2952 = EDGE_CURVE ( 'NONE', #5441, #1568, #6799, .T. ) ;
#2953 = ORIENTED_EDGE ( 'NONE', *, *, #3089, .T. ) ;
#2954 = CARTESIAN_POINT ( 'NONE',  ( 51.62500000000000000, 10.53731005528969256, 26.37467487046869863 ) ) ;
#2955 = VECTOR ( 'NONE', #5768, 1000.000000000000000 ) ;
#2956 = FACE_OUTER_BOUND ( 'NONE', #4984, .T. ) ;
#2957 = CARTESIAN_POINT ( 'NONE',  ( 35.44999999999999574, 10.80000000000000071, 35.44999999999961204 ) ) ;
#2958 = LINE ( 'NONE', #988, #5278 ) ;
#2959 = VERTEX_POINT ( 'NONE', #283 ) ;
#2960 = ORIENTED_EDGE ( 'NONE', *, *, #380, .F. ) ;
#2961 = VECTOR ( 'NONE', #5660, 1000.000000000000114 ) ;
#2962 = ADVANCED_FACE ( 'NONE', ( #6611 ), #6671, .F. ) ;
#2963 = LINE ( 'NONE', #475, #3173 ) ;
#2964 = CARTESIAN_POINT ( 'NONE',  ( 17.45000000000000639, 10.80000000000000071, 35.44999999999961204 ) ) ;
#2965 = VECTOR ( 'NONE', #2613, 1000.000000000000000 ) ;
#2966 = CARTESIAN_POINT ( 'NONE',  ( -29.73571359999210983, 22.25864506693673306, 26.58211138907234528 ) ) ;
#2967 = DIRECTION ( 'NONE',  ( 0.000000000000000000, 0.000000000000000000, -1.000000000000000000 ) ) ;
#2968 = ORIENTED_EDGE ( 'NONE', *, *, #4849, .T. ) ;
#2969 = ORIENTED_EDGE ( 'NONE', *, *, #5484, .F. ) ;
#2970 = EDGE_CURVE ( 'NONE', #1188, #1700, #900, .T. ) ;
#2971 = CARTESIAN_POINT ( 'NONE',  ( 44.45000000000000284, 10.80000000000000071, -27.55000000000038796 ) ) ;
#2972 = ADVANCED_FACE ( 'NONE', ( #834 ), #4551, .F. ) ;
#2973 = CARTESIAN_POINT ( 'NONE',  ( -60.00000000000000000, 7.500000000000000000, -8.000000000000000000 ) ) ;
#2974 = PLANE ( 'NONE',  #839 ) ;
#2975 = AXIS2_PLACEMENT_3D ( 'NONE', #261, #2367, #4491 ) ;
#2976 = DIRECTION ( 'NONE',  ( 0.000000000000000000, -0.000000000000000000, 1.000000000000000000 ) ) ;
#2977 = EDGE_CURVE ( 'NONE', #427, #371, #1485, .T. ) ;
#2978 = EDGE_CURVE ( 'NONE', #337, #2620, #1624, .T. ) ;
#2979 = ORIENTED_EDGE ( 'NONE', *, *, #6036, .T. ) ;
#2980 = CARTESIAN_POINT ( 'NONE',  ( 53.44999999999999574, 10.80000000000000071, -0.5500000000003835154 ) ) ;
#2981 = CARTESIAN_POINT ( 'NONE',  ( -10.49625977300406454, 7.500000000000000000, -33.62500000000000000 ) ) ;
#2982 = CARTESIAN_POINT ( 'NONE',  ( 48.89016950369420300, 7.500000000000007105, 35.45000000000000995 ) ) ;
#2983 = CARTESIAN_POINT ( 'NONE',  ( 50.07000000000491013, -11.49999999997883826, 32.06999999999991502 ) ) ;
#2984 = ORIENTED_EDGE ( 'NONE', *, *, #1947, .T. ) ;
#2985 = ORIENTED_EDGE ( 'NONE', *, *, #4077, .T. ) ;
#2986 = ORIENTED_EDGE ( 'NONE', *, *, #1629, .F. ) ;
#2987 = VECTOR ( 'NONE', #2687, 1000.000000000000114 ) ;
#2988 = DIRECTION ( 'NONE',  ( 0.000000000000000000, -0.2756373558170021609, 0.9612616959383181170 ) ) ;
#2989 = LINE ( 'NONE', #262, #2183 ) ;
#2990 = CYLINDRICAL_SURFACE ( 'NONE', #108, 3.380000000000001226 ) ;
#2991 = DIRECTION ( 'NONE',  ( 0.000000000000000000, 0.000000000000000000, -1.000000000000000000 ) ) ;
#2992 = VERTEX_POINT ( 'NONE', #521 ) ;
#2993 = ORIENTED_EDGE ( 'NONE', *, *, #2644, .T. ) ;
#2994 = LINE ( 'NONE', #2924, #6270 ) ;
#2995 = LINE ( 'NONE', #1924, #5632 ) ;
#2996 = FACE_OUTER_BOUND ( 'NONE', #3292, .T. ) ;
#2997 = CARTESIAN_POINT ( 'NONE',  ( -53.44999999999999574, 10.80000000000000071, -17.45000000000039009 ) ) ;
#2998 = CARTESIAN_POINT ( 'NONE',  ( -53.44999999999999574, 7.500000000000007105, 30.89016950369977721 ) ) ;
#2999 = ORIENTED_EDGE ( 'NONE', *, *, #5484, .T. ) ;
#3000 =( NAMED_UNIT ( * ) PLANE_ANGLE_UNIT ( ) SI_UNIT ( $, .RADIAN. ) );
#3001 = ORIENTED_EDGE ( 'NONE', *, *, #6766, .T. ) ;
#3002 = CARTESIAN_POINT ( 'NONE',  ( -53.44999999999999574, 7.500000000000007105, -35.45000000000003126 ) ) ;
#3003 = CARTESIAN_POINT ( 'NONE',  ( -50.06999999999999318, -11.50000000000006573, -35.44999999999998153 ) ) ;
#3004 = FACE_OUTER_BOUND ( 'NONE', #2186, .T. ) ;
#3005 = DIRECTION ( 'NONE',  ( 0.9612616959383175619, -0.2756373558170040483, 0.000000000000000000 ) ) ;
#3006 = ORIENTED_EDGE ( 'NONE', *, *, #4176, .T. ) ;
#3007 = CARTESIAN_POINT ( 'NONE',  ( 10.49999999999997868, 0.000000000000000000, -10.49999999999997868 ) ) ;
#3008 = CARTESIAN_POINT ( 'NONE',  ( -30.93261023597304415, -0.9965637948163210691, 32.06738976402656505 ) ) ;
#3009 = CARTESIAN_POINT ( 'NONE',  ( 53.44999999999999574, 10.80000000000000071, 27.54999999999960991 ) ) ;
#3010 = PLANE ( 'NONE',  #1549 ) ;
#3011 = ORIENTED_EDGE ( 'NONE', *, *, #3557, .F. ) ;
#3012 = VERTEX_POINT ( 'NONE', #5205 ) ;
#3013 = EDGE_LOOP ( 'NONE', ( #6624, #6598, #212, #4468 ) ) ;
#3014 = ADVANCED_FACE ( 'NONE', ( #4131 ), #558, .F. ) ;
#3015 = ADVANCED_FACE ( 'NONE', ( #5241 ), #4716, .F. ) ;
#3016 = DIRECTION ( 'NONE',  ( 1.000000000000000000, 0.000000000000000000, 0.000000000000000000 ) ) ;
#3017 = DIRECTION ( 'NONE',  ( 0.000000000000000000, 0.000000000000000000, -1.000000000000000000 ) ) ;
#3019 = EDGE_CURVE ( 'NONE', #5665, #305, #2077, .T. ) ;
#3018 = CARTESIAN_POINT ( 'NONE',  ( 51.62500000000000711, 7.500000000000000000, -16.50374022699632093 ) ) ;
#3020 = ORIENTED_EDGE ( 'NONE', *, *, #1499, .F. ) ;
#3021 = CARTESIAN_POINT ( 'NONE',  ( 125.9492894348812371, 10.80000000000000426, -33.62500000000000000 ) ) ;
#3022 = ORIENTED_EDGE ( 'NONE', *, *, #72, .F. ) ;
#3023 = VERTEX_POINT ( 'NONE', #1588 ) ;
#3024 = FACE_OUTER_BOUND ( 'NONE', #1539, .T. ) ;
#3025 = CARTESIAN_POINT ( 'NONE',  ( 43.50374022699593013, 7.500000000000000000, 0.000000000000000000 ) ) ;
#3026 = DIRECTION ( 'NONE',  ( -0.7071067811865474617, 0.7071067811865474617, -0.000000000000000000 ) ) ;
#3027 = CARTESIAN_POINT ( 'NONE',  ( 52.80943399447264142, 8.566080860090416138, 28.19056600552697134 ) ) ;
#3028 = DIRECTION ( 'NONE',  ( -0.2386847610229699823, 0.8323926831162045126, 0.5001519828512264176 ) ) ;
#3029 = LINE ( 'NONE', #5159, #1331 ) ;
#3030 = VERTEX_POINT ( 'NONE', #10 ) ;
#3031 = ORIENTED_EDGE ( 'NONE', *, *, #5642, .F. ) ;
#3032 = VERTEX_POINT ( 'NONE', #6339 ) ;
#3033 = EDGE_CURVE ( 'NONE', #2959, #6646, #455, .T. ) ;
#3034 = DIRECTION ( 'NONE',  ( -0.2386847610229699823, -0.8323926831162045126, -0.5001519828512264176 ) ) ;
#3035 = DIRECTION ( 'NONE',  ( 0.000000000000000000, 0.000000000000000000, 1.000000000000000000 ) ) ;
#3036 = CARTESIAN_POINT ( 'NONE',  ( 29.37500000000000000, 10.80000000000000426, -33.62500000000000000 ) ) ;
#3037 = LINE ( 'NONE', #4162, #5002 ) ;
#3038 = VECTOR ( 'NONE', #1895, 1000.000000000000000 ) ;
#3039 = ORIENTED_EDGE ( 'NONE', *, *, #4899, .F. ) ;
#3040 = CARTESIAN_POINT ( 'NONE',  ( -25.80943399447263431, 8.566080860090417914, 34.80943399447262721 ) ) ;
#3041 = FACE_OUTER_BOUND ( 'NONE', #1708, .T. ) ;
#3042 = AXIS2_PLACEMENT_3D ( 'NONE', #5083, #2501, #1991 ) ;
#3043 = FACE_OUTER_BOUND ( 'NONE', #2400, .T. ) ;
#3044 = LINE ( 'NONE', #353, #329 ) ;
#3045 = VECTOR ( 'NONE', #3332, 1000.000000000000227 ) ;
#3046 = VERTEX_POINT ( 'NONE', #43 ) ;
#3047 = ORIENTED_EDGE ( 'NONE', *, *, #6074, .T. ) ;
#3048 = VECTOR ( 'NONE', #163, 1000.000000000000114 ) ;
#3049 = ORIENTED_EDGE ( 'NONE', *, *, #2136, .F. ) ;
#3050 = CARTESIAN_POINT ( 'NONE',  ( 58.32322330470334037, 9.699999999999974420, 37.32322330470339011 ) ) ;
#3051 = LINE ( 'NONE', #5147, #5844 ) ;
#3052 = CARTESIAN_POINT ( 'NONE',  ( 0.5500000000000088152, 7.500000000000000000, -35.45000000000000284 ) ) ;
#3053 = EDGE_LOOP ( 'NONE', ( #2827, #2783, #5187, #169 ) ) ;
#3054 = VECTOR ( 'NONE', #4837, 1000.000000000000000 ) ;
#3055 = EDGE_CURVE ( 'NONE', #5162, #779, #1563, .T. ) ;
#3056 = EDGE_CURVE ( 'NONE', #1700, #6234, #3114, .T. ) ;
#3057 = CARTESIAN_POINT ( 'NONE',  ( 46.49625977300406277, 7.500000000000000000, 0.000000000000000000 ) ) ;
#3058 = LINE ( 'NONE', #4251, #845 ) ;
#3059 = VERTEX_POINT ( 'NONE', #1074 ) ;
#3060 = EDGE_CURVE ( 'NONE', #1575, #6234, #5863, .T. ) ;
#3061 = ORIENTED_EDGE ( 'NONE', *, *, #1459, .T. ) ;
#3062 = EDGE_CURVE ( 'NONE', #677, #2565, #4684, .T. ) ;
#3063 = AXIS2_PLACEMENT_3D ( 'NONE', #6821, #1463, #2084 ) ;
#3064 = DIRECTION ( 'NONE',  ( 0.7071067811865452413, 0.000000000000000000, -0.7071067811865497932 ) ) ;
#3065 = CARTESIAN_POINT ( 'NONE',  ( -53.46433284088065108, 7.476146146998547515, 31.28390051957066831 ) ) ;
#3066 = CARTESIAN_POINT ( 'NONE',  ( -62.00000000000000000, 7.500000000000000000, 41.00000000000000000 ) ) ;
#3067 = DIRECTION ( 'NONE',  ( 1.000000000000000000, 4.226362854693272149E-13, -5.756743636958382574E-15 ) ) ;
#3068 = DIRECTION ( 'NONE',  ( 1.000000000000000000, 0.000000000000000000, 0.000000000000000000 ) ) ;
#3069 = CARTESIAN_POINT ( 'NONE',  ( 58.32322330470334748, 9.899999999999975486, 37.32322330470339011 ) ) ;
#3070 = CIRCLE ( 'NONE', #5849, 3.380000000000001226 ) ;
#3071 = ORIENTED_EDGE ( 'NONE', *, *, #4901, .F. ) ;
#3072 = ORIENTED_EDGE ( 'NONE', *, *, #5310, .T. ) ;
#3073 = VERTEX_POINT ( 'NONE', #5345 ) ;
#3074 = VECTOR ( 'NONE', #4171, 1000.000000000000114 ) ;
#3075 = LINE ( 'NONE', #5097, #2295 ) ;
#3076 = CARTESIAN_POINT ( 'NONE',  ( 53.44999999999999574, 10.80000000000000071, -27.55000000000038796 ) ) ;
#3077 = DIRECTION ( 'NONE',  ( 0.9612616959383174509, -0.2756373558170042704, 0.000000000000000000 ) ) ;
#3078 = CARTESIAN_POINT ( 'NONE',  ( -51.62500000000000000, 10.80000000000000426, -17.45000000000039009 ) ) ;
#3079 = VECTOR ( 'NONE', #1323, 1000.000000000000114 ) ;
#3080 = ORIENTED_EDGE ( 'NONE', *, *, #697, .F. ) ;
#3081 = LINE ( 'NONE', #6750, #1295 ) ;
#3082 = DIRECTION ( 'NONE',  ( 1.000000000000000000, 0.000000000000000000, 0.000000000000000000 ) ) ;
#3083 =( GEOMETRIC_REPRESENTATION_CONTEXT ( 3 ) GLOBAL_UNCERTAINTY_ASSIGNED_CONTEXT ( ( #2805 ) ) GLOBAL_UNIT_ASSIGNED_CONTEXT ( ( #3309, #5434, #681 ) ) REPRESENTATION_CONTEXT ( 'NONE', 'WORKASPACE' ) );
#3084 = ADVANCED_FACE ( 'NONE', ( #4204 ), #4159, .F. ) ;
#3085 = DIRECTION ( 'NONE',  ( -0.000000000000000000, -0.2756373558170042704, -0.9612616959383174509 ) ) ;
#3086 = CARTESIAN_POINT ( 'NONE',  ( -51.62500000000000711, 10.53731005528969256, 8.374674870468716392 ) ) ;
#3087 = ORIENTED_EDGE ( 'NONE', *, *, #2112, .T. ) ;
#3088 = ORIENTED_EDGE ( 'NONE', *, *, #609, .F. ) ;
#3089 = EDGE_CURVE ( 'NONE', #4178, #2524, #4788, .T. ) ;
#3090 = VECTOR ( 'NONE', #2399, 1000.000000000000000 ) ;
#3091 = VERTEX_POINT ( 'NONE', #4822 ) ;
#3092 = FACE_OUTER_BOUND ( 'NONE', #3464, .T. ) ;
#3093 = DIRECTION ( 'NONE',  ( 1.000000000000000000, 0.000000000000000000, 0.000000000000000000 ) ) ;
#3094 = LINE ( 'NONE', #2498, #439 ) ;
#3095 = EDGE_CURVE ( 'NONE', #1411, #573, #1043, .T. ) ;
#3096 = ORIENTED_EDGE ( 'NONE', *, *, #2013, .T. ) ;
#3097 = DIRECTION ( 'NONE',  ( -1.000000000000000000, -0.000000000000000000, -0.000000000000000000 ) ) ;
#3098 = EDGE_CURVE ( 'NONE', #5862, #2659, #75, .T. ) ;
#3099 = PLANE ( 'NONE',  #4728 ) ;
#3100 = VERTEX_POINT ( 'NONE', #2040 ) ;
#3101 = VECTOR ( 'NONE', #6201, 1000.000000000000227 ) ;
#3102 = ORIENTED_EDGE ( 'NONE', *, *, #2376, .T. ) ;
#3103 = PRODUCT_DEFINITION ( 'UNKNOWN', '', #4494, #6005 ) ;
#3104 = CARTESIAN_POINT ( 'NONE',  ( 50.06999999999676731, 7.500000000021102231, -35.45000000000010232 ) ) ;
#3105 = DIRECTION ( 'NONE',  ( 0.2386847610229711480, -0.8323926831162093976, 0.5001519828512179799 ) ) ;
#3106 = PLANE ( 'NONE',  #3852 ) ;
#3107 = AXIS2_PLACEMENT_3D ( 'NONE', #376, #6707, #4097 ) ;
#3108 = DIRECTION ( 'NONE',  ( -1.000000000000000000, -0.000000000000000000, -0.000000000000000000 ) ) ;
#3109 = CARTESIAN_POINT ( 'NONE',  ( -50.06999999999999318, 7.299999999999999822, 35.45000000000000284 ) ) ;
#3110 = EDGE_LOOP ( 'NONE', ( #1249, #1374, #3468, #3246 ) ) ;
#3111 = ORIENTED_EDGE ( 'NONE', *, *, #2855, .F. ) ;
#3112 = ORIENTED_EDGE ( 'NONE', *, *, #1794, .F. ) ;
#3113 = CARTESIAN_POINT ( 'NONE',  ( -52.80943399447264142, 8.566080860090410809, 10.19056600552696956 ) ) ;
#3114 = LINE ( 'NONE', #2663, #4080 ) ;
#3115 = DIRECTION ( 'NONE',  ( -1.000000000000000000, 0.000000000000000000, 0.000000000000000000 ) ) ;
#3116 = CARTESIAN_POINT ( 'NONE',  ( 61.85875721063607102, 9.899999999999975486, -33.78768939877064525 ) ) ;
#3117 = VERTEX_POINT ( 'NONE', #2623 ) ;
#3118 = CARTESIAN_POINT ( 'NONE',  ( -53.44999999999999574, 10.80000000000000071, -26.45000000000038298 ) ) ;
#3119 = CARTESIAN_POINT ( 'NONE',  ( 45.54999999999999005, 10.80000000000000071, -17.45000000000039009 ) ) ;
#3120 = CARTESIAN_POINT ( 'NONE',  ( 45.54999999999999005, 10.80000000000000071, -18.55000000000037730 ) ) ;
#3121 = LINE ( 'NONE', #5833, #5077 ) ;
#3122 = ORIENTED_EDGE ( 'NONE', *, *, #5657, .F. ) ;
#3123 = ORIENTED_EDGE ( 'NONE', *, *, #1657, .T. ) ;
#3124 = ORIENTED_EDGE ( 'NONE', *, *, #1570, .T. ) ;
#3125 = EDGE_CURVE ( 'NONE', #2285, #5680, #6267, .T. ) ;
#3126 = DIRECTION ( 'NONE',  ( -4.226362854693271644E-13, 1.000000000000000000, -1.850371707708245689E-15 ) ) ;
#3127 = CARTESIAN_POINT ( 'NONE',  ( 0.000000000000000000, 10.80000000000000071, 33.62500000000000000 ) ) ;
#3128 = DIRECTION ( 'NONE',  ( 0.000000000000000000, 1.796311291691959479E-15, 1.000000000000000000 ) ) ;
#3129 = VERTEX_POINT ( 'NONE', #3634 ) ;
#3130 = CARTESIAN_POINT ( 'NONE',  ( 27.62532512953092123, 10.53731005528967302, 33.62500000000000000 ) ) ;
#3131 = CARTESIAN_POINT ( 'NONE',  ( -51.15089243130297803, 7.500000000000000888, 35.45000000000001705 ) ) ;
#3132 = ORIENTED_EDGE ( 'NONE', *, *, #697, .T. ) ;
#3133 = ORIENTED_EDGE ( 'NONE', *, *, #1922, .F. ) ;
#3134 = CARTESIAN_POINT ( 'NONE',  ( 56.48474567361831333, 7.500000000000000000, 35.48474567361836307 ) ) ;
#3135 = CARTESIAN_POINT ( 'NONE',  ( -52.80943399447264142, 8.566080860090416138, 28.19056600552697134 ) ) ;
#3136 = DIRECTION ( 'NONE',  ( 1.000000000000000000, 0.000000000000000000, 0.000000000000000000 ) ) ;
#3137 = CARTESIAN_POINT ( 'NONE',  ( 125.9492894348812371, 10.53731005528967657, 33.62500000000000000 ) ) ;
#3138 = CARTESIAN_POINT ( 'NONE',  ( 60.02027957955105109, 9.499999999999980460, -31.94921176768561466 ) ) ;
#3139 = EDGE_LOOP ( 'NONE', ( #4464, #3922, #1651, #3696 ) ) ;
#3140 = EDGE_CURVE ( 'NONE', #5013, #1674, #1009, .T. ) ;
#3141 = ORIENTED_EDGE ( 'NONE', *, *, #6652, .F. ) ;
#3142 = DIRECTION ( 'NONE',  ( -0.000000000000000000, -0.000000000000000000, 1.000000000000000000 ) ) ;
#3143 = DIRECTION ( 'NONE',  ( 0.000000000000000000, 0.000000000000000000, -1.000000000000000000 ) ) ;
#3144 = EDGE_CURVE ( 'NONE', #5564, #1273, #4859, .T. ) ;
#3145 = CARTESIAN_POINT ( 'NONE',  ( 0.000000000000000000, 7.500000000000000000, -34.50374022699632093 ) ) ;
#3146 = EDGE_CURVE ( 'NONE', #5982, #337, #2178, .T. ) ;
#3147 = EDGE_CURVE ( 'NONE', #2064, #2913, #1143, .T. ) ;
#3148 = EDGE_CURVE ( 'NONE', #5694, #4853, #5372, .T. ) ;
#3149 = ORIENTED_EDGE ( 'NONE', *, *, #2252, .T. ) ;
#3150 = EDGE_CURVE ( 'NONE', #6098, #1819, #3996, .T. ) ;
#3151 = PLANE ( 'NONE',  #4609 ) ;
#3152 = LINE ( 'NONE', #4622, #6708 ) ;
#3153 = CARTESIAN_POINT ( 'NONE',  ( 14.06738976402690788, -0.9965637948165171345, -32.06738976402728980 ) ) ;
#3154 = ORIENTED_EDGE ( 'NONE', *, *, #6647, .T. ) ;
#3155 = VECTOR ( 'NONE', #1605, 1000.000000000000114 ) ;
#3156 = ORIENTED_EDGE ( 'NONE', *, *, #1710, .T. ) ;
#3157 = VECTOR ( 'NONE', #6028, 1000.000000000000000 ) ;
#3158 = EDGE_LOOP ( 'NONE', ( #385, #5696, #2373, #1494 ) ) ;
#3159 = VECTOR ( 'NONE', #2928, 1000.000000000000000 ) ;
#3160 = VECTOR ( 'NONE', #599, 1000.000000000000000 ) ;
#3161 = DIRECTION ( 'NONE',  ( 0.000000000000000000, -0.9612616959383180060, 0.2756373558170021054 ) ) ;
#3162 = DIRECTION ( 'NONE',  ( -0.000000000000000000, -1.000000000000000000, -0.000000000000000000 ) ) ;
#3163 = CARTESIAN_POINT ( 'NONE',  ( 44.45000000000000284, 10.80000000000000071, 35.44999999999961204 ) ) ;
#3164 = EDGE_LOOP ( 'NONE', ( #6111, #978, #4060, #3674 ) ) ;
#3165 = PLANE ( 'NONE',  #1953 ) ;
#3166 = CARTESIAN_POINT ( 'NONE',  ( -50.06999999999999318, 7.425846034272650442, 35.49455619775029191 ) ) ;
#3167 = AXIS2_PLACEMENT_3D ( 'NONE', #3241, #1717, #4495 ) ;
#3168 = ORIENTED_EDGE ( 'NONE', *, *, #211, .F. ) ;
#3169 = ADVANCED_FACE ( 'NONE', ( #5624 ), #939, .F. ) ;
#3170 = VECTOR ( 'NONE', #4389, 1000.000000000000114 ) ;
#3171 = EDGE_LOOP ( 'NONE', ( #6775, #2736, #3580, #1808 ) ) ;
#3172 = CARTESIAN_POINT ( 'NONE',  ( 10.49625977300407165, 7.500000000000000000, -33.62500000000000000 ) ) ;
#3173 = VECTOR ( 'NONE', #4255, 1000.000000000000000 ) ;
#3174 = CARTESIAN_POINT ( 'NONE',  ( -54.96378475451787438, 7.500000000000000000, -36.96378475451828649 ) ) ;
#3176 = CARTESIAN_POINT ( 'NONE',  ( -48.89016950369980918, 7.500000000000007105, 35.45000000000000995 ) ) ;
#3175 = AXIS2_PLACEMENT_3D ( 'NONE', #1262, #4528, #3896 ) ;
#3177 = CARTESIAN_POINT ( 'NONE',  ( 53.44999999999999574, 10.80000000000000071, 0.5499999999996132427 ) ) ;
#3178 = LINE ( 'NONE', #1068, #1994 ) ;
#3179 = EDGE_LOOP ( 'NONE', ( #5705, #4259, #6324, #1676 ) ) ;
#3180 = ORIENTED_EDGE ( 'NONE', *, *, #2470, .F. ) ;
#3181 = VECTOR ( 'NONE', #2091, 1000.000000000000000 ) ;
#3182 = ORIENTED_EDGE ( 'NONE', *, *, #2341, .T. ) ;
#3183 = EDGE_CURVE ( 'NONE', #1347, #427, #5139, .T. ) ;
#3184 = VECTOR ( 'NONE', #4978, 1000.000000000000000 ) ;
#3185 = DIRECTION ( 'NONE',  ( 0.9612616959383174509, -0.2756373558170042704, 0.000000000000000000 ) ) ;
#3186 = DIRECTION ( 'NONE',  ( 1.000000000000000000, 0.000000000000000000, 0.000000000000000000 ) ) ;
#3187 = CARTESIAN_POINT ( 'NONE',  ( -61.00000000000000000, 9.899999999999998579, -8.000000000000000000 ) ) ;
#3188 = ADVANCED_FACE ( 'NONE', ( #3041 ), #5562, .F. ) ;
#3189 = ORIENTED_EDGE ( 'NONE', *, *, #3377, .T. ) ;
#3190 = VECTOR ( 'NONE', #664, 1000.000000000000114 ) ;
#3191 = DIRECTION ( 'NONE',  ( 0.9612616959383175619, -0.2756373558170040483, 0.000000000000000000 ) ) ;
#3192 = CARTESIAN_POINT ( 'NONE',  ( -52.80943399447264142, 8.566080860090410809, -7.809433994473029550 ) ) ;
#3193 = VERTEX_POINT ( 'NONE', #382 ) ;
#3194 = VECTOR ( 'NONE', #4748, 1000.000000000000000 ) ;
#3195 = EDGE_CURVE ( 'NONE', #6144, #3365, #6675, .T. ) ;
#3196 = VERTEX_POINT ( 'NONE', #351 ) ;
#3197 = EDGE_LOOP ( 'NONE', ( #6287, #3304, #3869 ) ) ;
#3198 = LINE ( 'NONE', #1053, #4099 ) ;
#3199 = DIRECTION ( 'NONE',  ( 0.2756373558170039373, -0.9612616959383174509, 0.000000000000000000 ) ) ;
#3200 = DIRECTION ( 'NONE',  ( 0.000000000000000000, 0.000000000000000000, -1.000000000000000000 ) ) ;
#3201 = ORIENTED_EDGE ( 'NONE', *, *, #5818, .T. ) ;
#3202 = PLANE ( 'NONE',  #170 ) ;
#3203 = DIRECTION ( 'NONE',  ( -1.000000000000000000, 0.000000000000000000, 0.000000000000000000 ) ) ;
#3204 = DIRECTION ( 'NONE',  ( -0.000000000000000000, 0.000000000000000000, 1.000000000000000000 ) ) ;
#3205 = VECTOR ( 'NONE', #3440, 1000.000000000000000 ) ;
#3206 = ORIENTED_EDGE ( 'NONE', *, *, #6120, .F. ) ;
#3207 = DIRECTION ( 'NONE',  ( 1.000000000000000000, 0.000000000000000000, 0.000000000000000000 ) ) ;
#3208 = LINE ( 'NONE', #2684, #4514 ) ;
#3209 = DIRECTION ( 'NONE',  ( -0.7071067811865497932, 0.000000000000000000, 0.7071067811865452413 ) ) ;
#3210 = AXIS2_PLACEMENT_3D ( 'NONE', #147, #5973, #3361 ) ;
#3211 = CARTESIAN_POINT ( 'NONE',  ( 24.62500000000000000, 10.53731005528970321, 33.62500000000000000 ) ) ;
#3212 = DIRECTION ( 'NONE',  ( 0.000000000000000000, 0.000000000000000000, -1.000000000000000000 ) ) ;
#3213 = ORIENTED_EDGE ( 'NONE', *, *, #2344, .T. ) ;
#3214 = ORIENTED_EDGE ( 'NONE', *, *, #3908, .T. ) ;
#3215 = VECTOR ( 'NONE', #1929, 1000.000000000000000 ) ;
#3216 = CARTESIAN_POINT ( 'NONE',  ( -0.5499999999999949374, 10.80000000000000071, 35.44999999999961204 ) ) ;
#3217 = CARTESIAN_POINT ( 'NONE',  ( -60.00000000000000000, 8.099999999999999645, 8.000000000000000000 ) ) ;
#3218 = DIRECTION ( 'NONE',  ( 0.2657276780299913099, 0.9267025424900799946, 0.2657276780299913099 ) ) ;
#3219 = VERTEX_POINT ( 'NONE', #2428 ) ;
#3220 = DIRECTION ( 'NONE',  ( -0.7071067811865475727, 0.000000000000000000, 0.7071067811865475727 ) ) ;
#3221 = LINE ( 'NONE', #5902, #4745 ) ;
#3222 = ORIENTED_EDGE ( 'NONE', *, *, #6160, .T. ) ;
#3223 = EDGE_CURVE ( 'NONE', #3684, #1244, #6107, .T. ) ;
#3224 = EDGE_LOOP ( 'NONE', ( #5143, #5056, #3804, #5804 ) ) ;
#3225 = EDGE_CURVE ( 'NONE', #46, #6134, #4556, .T. ) ;
#3226 = ORIENTED_EDGE ( 'NONE', *, *, #5405, .T. ) ;
#3227 = LINE ( 'NONE', #2191, #3160 ) ;
#3228 = LINE ( 'NONE', #2193, #632 ) ;
#3229 = DIRECTION ( 'NONE',  ( 0.000000000000000000, 1.000000000000000000, -1.850371707708594366E-15 ) ) ;
#3230 = ORIENTED_EDGE ( 'NONE', *, *, #5027, .T. ) ;
#3231 = CARTESIAN_POINT ( 'NONE',  ( -52.50374022699593013, 7.500000000000000000, 0.000000000000000000 ) ) ;
#3232 = CARTESIAN_POINT ( 'NONE',  ( -53.44999999999999574, 7.500000000000007105, 31.09063757199178468 ) ) ;
#3233 = ORIENTED_EDGE ( 'NONE', *, *, #4362, .F. ) ;
#3234 = ADVANCED_FACE ( 'NONE', ( #6649 ), #4659, .F. ) ;
#3235 = EDGE_CURVE ( 'NONE', #3443, #2053, #286, .T. ) ;
#3236 = EDGE_CURVE ( 'NONE', #1256, #6607, #1425, .T. ) ;
#3237 = EDGE_CURVE ( 'NONE', #1244, #1890, #3958, .T. ) ;
#3238 = CARTESIAN_POINT ( 'NONE',  ( 8.449999999999999289, 10.80000000000000071, -27.55000000000038796 ) ) ;
#3239 = CARTESIAN_POINT ( 'NONE',  ( -45.54999999999999005, 10.80000000000000071, -27.55000000000038796 ) ) ;
#3240 = DIRECTION ( 'NONE',  ( -0.000000000000000000, -0.000000000000000000, 1.000000000000000000 ) ) ;
#3241 = CARTESIAN_POINT ( 'NONE',  ( 19.49625977300407342, 7.500000000000000000, 0.000000000000000000 ) ) ;
#3242 = ORIENTED_EDGE ( 'NONE', *, *, #4387, .T. ) ;
#3243 = VERTEX_POINT ( 'NONE', #1904 ) ;
#3244 = LINE ( 'NONE', #1691, #6164 ) ;
#3245 = CARTESIAN_POINT ( 'NONE',  ( 53.47030171237213381, 7.466212276642481882, -31.38207125704781220 ) ) ;
#3246 = ORIENTED_EDGE ( 'NONE', *, *, #6739, .F. ) ;
#3247 = CARTESIAN_POINT ( 'NONE',  ( 43.50374022699593013, 7.500000000000000000, 33.62500000000000000 ) ) ;
#3248 = CARTESIAN_POINT ( 'NONE',  ( 52.80943399447264142, 8.566080860090416138, 19.19056600552697134 ) ) ;
#3249 = LINE ( 'NONE', #3802, #4889 ) ;
#3250 = EDGE_CURVE ( 'NONE', #1264, #3532, #6711, .T. ) ;
#3251 = ORIENTED_EDGE ( 'NONE', *, *, #1809, .F. ) ;
#3252 = CARTESIAN_POINT ( 'NONE',  ( 61.43449314192414334, 9.099999999999983658, 33.36342533005872468 ) ) ;
#3253 = LINE ( 'NONE', #4367, #3289 ) ;
#3254 = LINE ( 'NONE', #145, #1416 ) ;
#3255 = ORIENTED_EDGE ( 'NONE', *, *, #2047, .F. ) ;
#3256 = LINE ( 'NONE', #5937, #2323 ) ;
#3257 = EDGE_LOOP ( 'NONE', ( #1050, #2019, #4252, #930 ) ) ;
#3258 = ORIENTED_EDGE ( 'NONE', *, *, #519, .F. ) ;
#3259 = LINE ( 'NONE', #5909, #3821 ) ;
#3260 = CARTESIAN_POINT ( 'NONE',  ( -36.62532512953087860, 10.53731005528974229, -33.62500000000000000 ) ) ;
#3261 = DIRECTION ( 'NONE',  ( 0.2657276780299913099, 0.9267025424900799946, 0.2657276780299913099 ) ) ;
#3262 = ORIENTED_EDGE ( 'NONE', *, *, #2168, .F. ) ;
#3263 = DIRECTION ( 'NONE',  ( 1.000000000000000000, 3.018354541273066194E-16, -8.654992372942126676E-17 ) ) ;
#3264 = ORIENTED_EDGE ( 'NONE', *, *, #790, .T. ) ;
#3265 = AXIS2_PLACEMENT_3D ( 'NONE', #2110, #1175, #3283 ) ;
#3266 = VECTOR ( 'NONE', #4763, 1000.000000000000114 ) ;
#3267 = LINE ( 'NONE', #5432, #6595 ) ;
#3268 = CARTESIAN_POINT ( 'NONE',  ( 53.49454598862205046, 7.425863025115315708, 32.26689422857602807 ) ) ;
#3269 = LINE ( 'NONE', #5297, #5204 ) ;
#3270 = EDGE_CURVE ( 'NONE', #5149, #5665, #1979, .T. ) ;
#3271 = VECTOR ( 'NONE', #2803, 1000.000000000000114 ) ;
#3272 = AXIS2_PLACEMENT_3D ( 'NONE', #4036, #3453, #6150 ) ;
#3273 = EDGE_CURVE ( 'NONE', #5162, #1021, #4026, .T. ) ;
#3274 = CARTESIAN_POINT ( 'NONE',  ( -61.00000000000000000, 10.49999999999999822, 8.000000000000000000 ) ) ;
#3275 = LINE ( 'NONE', #1675, #4776 ) ;
#3276 = ORIENTED_EDGE ( 'NONE', *, *, #4633, .T. ) ;
#3277 = EDGE_CURVE ( 'NONE', #653, #3945, #1462, .T. ) ;
#3278 = ORIENTED_EDGE ( 'NONE', *, *, #2850, .T. ) ;
#3279 = AXIS2_PLACEMENT_3D ( 'NONE', #5154, #3623, #4150 ) ;
#3280 = VECTOR ( 'NONE', #3263, 1000.000000000000000 ) ;
#3281 = DIRECTION ( 'NONE',  ( 1.000000000000000000, 0.000000000000000000, 0.000000000000000000 ) ) ;
#3282 = CARTESIAN_POINT ( 'NONE',  ( -7.809433994472765761, 8.566080860090860227, 34.80943399447237852 ) ) ;
#3283 = DIRECTION ( 'NONE',  ( -1.000000000000000000, 0.000000000000000000, 0.000000000000000000 ) ) ;
#3284 = DIRECTION ( 'NONE',  ( -0.000000000000000000, -0.2756373558170021609, -0.9612616959383181170 ) ) ;
#3285 = VECTOR ( 'NONE', #1504, 1000.000000000000227 ) ;
#3286 = DIRECTION ( 'NONE',  ( 0.000000000000000000, -0.2756373558170021609, 0.9612616959383181170 ) ) ;
#3287 = ORIENTED_EDGE ( 'NONE', *, *, #192, .F. ) ;
#3288 = DIRECTION ( 'NONE',  ( 0.000000000000000000, 0.000000000000000000, -1.000000000000000000 ) ) ;
#3289 = VECTOR ( 'NONE', #3706, 1000.000000000000000 ) ;
#3290 = LINE ( 'NONE', #2631, #2848 ) ;
#3291 = DIRECTION ( 'NONE',  ( -0.000000000000000000, -0.2756373558170042704, -0.9612616959383174509 ) ) ;
#3292 = EDGE_LOOP ( 'NONE', ( #4380, #3408, #846, #3345 ) ) ;
#3293 = FACE_OUTER_BOUND ( 'NONE', #1441, .T. ) ;
#3294 = VECTOR ( 'NONE', #3772, 1000.000000000000114 ) ;
#3295 = ORIENTED_EDGE ( 'NONE', *, *, #2423, .F. ) ;
#3296 = VERTEX_POINT ( 'NONE', #3566 ) ;
#3297 = CARTESIAN_POINT ( 'NONE',  ( -41.06738976402689190, -0.9965637948165171345, -32.06738976402728980 ) ) ;
#3298 = VECTOR ( 'NONE', #6693, 1000.000000000000114 ) ;
#3299 = CARTESIAN_POINT ( 'NONE',  ( 1.496259773004063209, 7.500000000000000000, 0.000000000000000000 ) ) ;
#3300 = DIRECTION ( 'NONE',  ( -1.000000000000000000, 0.000000000000000000, 0.000000000000000000 ) ) ;
#3301 = ORIENTED_EDGE ( 'NONE', *, *, #4758, .F. ) ;
#3302 = CARTESIAN_POINT ( 'NONE',  ( 45.54999999999999005, 10.80000000000000071, -27.55000000000038796 ) ) ;
#3303 = ADVANCED_FACE ( 'NONE', ( #4524 ), #6618, .T. ) ;
#3304 = ORIENTED_EDGE ( 'NONE', *, *, #5492, .T. ) ;
#3305 = VECTOR ( 'NONE', #6526, 999.9999999999998863 ) ;
#3306 = ORIENTED_EDGE ( 'NONE', *, *, #2834, .F. ) ;
#3307 = CARTESIAN_POINT ( 'NONE',  ( 17.45000000000000639, 10.80000000000000071, -27.55000000000038796 ) ) ;
#3308 = DIRECTION ( 'NONE',  ( 0.000000000000000000, 0.000000000000000000, -1.000000000000000000 ) ) ;
#3309 =( LENGTH_UNIT ( ) NAMED_UNIT ( * ) SI_UNIT ( .MILLI., .METRE. ) );
#3310 = EDGE_CURVE ( 'NONE', #1264, #2052, #3502, .T. ) ;
#3311 = AXIS2_PLACEMENT_3D ( 'NONE', #1784, #750, #3414 ) ;
#3312 = CARTESIAN_POINT ( 'NONE',  ( -36.62532512953089991, 10.53731005528969256, 33.62500000000000000 ) ) ;
#3313 = DIRECTION ( 'NONE',  ( -1.000000000000000000, -0.000000000000000000, -0.000000000000000000 ) ) ;
#3314 = VERTEX_POINT ( 'NONE', #3282 ) ;
#3315 = ORIENTED_EDGE ( 'NONE', *, *, #2126, .F. ) ;
#3316 = LINE ( 'NONE', #3909, #3499 ) ;
#3317 = CARTESIAN_POINT ( 'NONE',  ( 0.000000000000000000, 10.80000000000000071, 33.62500000000000000 ) ) ;
#3318 = ORIENTED_EDGE ( 'NONE', *, *, #5616, .T. ) ;
#3319 = DIRECTION ( 'NONE',  ( 0.000000000000000000, 0.000000000000000000, -1.000000000000000000 ) ) ;
#3320 = LINE ( 'NONE', #245, #561 ) ;
#3321 = CARTESIAN_POINT ( 'NONE',  ( 54.49999999999999289, 10.80000000000000426, 36.49999999999959499 ) ) ;
#3322 = AXIS2_PLACEMENT_3D ( 'NONE', #1822, #3284, #6063 ) ;
#3323 = VERTEX_POINT ( 'NONE', #4820 ) ;
#3324 = CARTESIAN_POINT ( 'NONE',  ( 27.54999999999999005, 10.80000000000000071, -27.55000000000038796 ) ) ;
#3325 = CARTESIAN_POINT ( 'NONE',  ( -18.62532512953089636, 10.53731005528969611, -33.62500000000000000 ) ) ;
#3326 = CARTESIAN_POINT ( 'NONE',  ( -51.62500000000000000, 10.80000000000000426, 8.449999999999617373 ) ) ;
#3327 = ORIENTED_EDGE ( 'NONE', *, *, #5566, .T. ) ;
#3328 = DIRECTION ( 'NONE',  ( -0.9612616959383175619, -0.2756373558170040483, 0.000000000000000000 ) ) ;
#3329 = CARTESIAN_POINT ( 'NONE',  ( -51.62500000000000000, 10.53731005528969256, 17.37467487046870218 ) ) ;
#3330 = VERTEX_POINT ( 'NONE', #2561 ) ;
#3331 = VERTEX_POINT ( 'NONE', #975 ) ;
#3332 = DIRECTION ( 'NONE',  ( -0.5001519828512182020, 0.8323926831162096196, 0.2386847610229694550 ) ) ;
#3333 = DIRECTION ( 'NONE',  ( -1.650889255947406196E-15, -1.850371707708943042E-15, -1.000000000000000000 ) ) ;
#3334 = DIRECTION ( 'NONE',  ( -1.000000000000000000, -0.000000000000000000, -0.000000000000000000 ) ) ;
#3335 = ORIENTED_EDGE ( 'NONE', *, *, #1570, .F. ) ;
#3336 = LINE ( 'NONE', #712, #2926 ) ;
#3337 = EDGE_LOOP ( 'NONE', ( #2332, #3022, #5781, #5237 ) ) ;
#3338 = EDGE_CURVE ( 'NONE', #3219, #68, #4336, .T. ) ;
#3339 = EDGE_LOOP ( 'NONE', ( #4341, #4768, #4784, #1286 ) ) ;
#3340 = PLANE ( 'NONE',  #4057 ) ;
#3341 = DIRECTION ( 'NONE',  ( -1.000000000000000000, -0.000000000000000000, -0.000000000000000000 ) ) ;
#3342 = FILL_AREA_STYLE_COLOUR ( '', #4316 ) ;
#3343 = FACE_OUTER_BOUND ( 'NONE', #2574, .T. ) ;
#3344 = ORIENTED_EDGE ( 'NONE', *, *, #5651, .F. ) ;
#3345 = ORIENTED_EDGE ( 'NONE', *, *, #6764, .F. ) ;
#3346 = EDGE_CURVE ( 'NONE', #1597, #2464, #74, .T. ) ;
#3347 = ADVANCED_FACE ( 'NONE', ( #2760 ), #5344, .F. ) ;
#3348 = CARTESIAN_POINT ( 'NONE',  ( 28.49625977300405921, 7.500000000000000000, -33.62500000000000000 ) ) ;
#3349 = FACE_OUTER_BOUND ( 'NONE', #3350, .T. ) ;
#3350 = EDGE_LOOP ( 'NONE', ( #4650, #4772, #6679, #1297 ) ) ;
#3351 = CARTESIAN_POINT ( 'NONE',  ( 48.89016950369420300, 7.500000000000007105, 35.45000000000000995 ) ) ;
#3352 = ADVANCED_FACE ( 'NONE', ( #1108 ), #6784, .F. ) ;
#3353 = PLANE ( 'NONE',  #6202 ) ;
#3354 = ORIENTED_EDGE ( 'NONE', *, *, #1333, .F. ) ;
#3355 = DIRECTION ( 'NONE',  ( 0.000000000000000000, -0.2756373558170040483, 0.9612616959383175619 ) ) ;
#3356 = DIRECTION ( 'NONE',  ( -0.5001519828512182020, -0.8323926831162096196, 0.2386847610229694550 ) ) ;
#3357 = EDGE_CURVE ( 'NONE', #1069, #2503, #1173, .T. ) ;
#3358 = CARTESIAN_POINT ( 'NONE',  ( 35.44999999999999574, 10.80000000000000426, 33.62500000000000000 ) ) ;
#3359 = EDGE_CURVE ( 'NONE', #872, #652, #3770, .T. ) ;
#3360 = LINE ( 'NONE', #4971, #2935 ) ;
#3361 = DIRECTION ( 'NONE',  ( -1.000000000000000000, 0.000000000000000000, 0.000000000000000000 ) ) ;
#3362 = EDGE_CURVE ( 'NONE', #3023, #6531, #4136, .T. ) ;
#3363 = ORIENTED_EDGE ( 'NONE', *, *, #2347, .F. ) ;
#3364 = EDGE_CURVE ( 'NONE', #2617, #4423, #5926, .T. ) ;
#3365 = VERTEX_POINT ( 'NONE', #3834 ) ;
#3366 = LINE ( 'NONE', #2843, #4385 ) ;
#3367 = CARTESIAN_POINT ( 'NONE',  ( 49.28390051956687756, 7.476146147014393506, 35.46433284087113691 ) ) ;
#3368 = DIRECTION ( 'NONE',  ( 1.000000000000000000, 0.000000000000000000, 0.000000000000000000 ) ) ;
#3369 = ORIENTED_EDGE ( 'NONE', *, *, #3150, .T. ) ;
#3370 = DIRECTION ( 'NONE',  ( -0.7071067811865497932, 2.453269466693400041E-14, -0.7071067811865452413 ) ) ;
#3371 = ORIENTED_EDGE ( 'NONE', *, *, #1551, .F. ) ;
#3372 = VERTEX_POINT ( 'NONE', #3216 ) ;
#3373 = EDGE_CURVE ( 'NONE', #356, #2992, #5211, .T. ) ;
#3374 = PLANE ( 'NONE',  #3428 ) ;
#3375 = LINE ( 'NONE', #752, #6167 ) ;
#3376 = LINE ( 'NONE', #3448, #2753 ) ;
#3377 = EDGE_CURVE ( 'NONE', #5292, #5013, #4168, .T. ) ;
#3378 = CARTESIAN_POINT ( 'NONE',  ( -57.99999999999999289, 7.500000000000000000, 8.000000000000000000 ) ) ;
#3379 = DIRECTION ( 'NONE',  ( 0.000000000000000000, 0.000000000000000000, 1.000000000000000000 ) ) ;
#3380 = AXIS2_PLACEMENT_3D ( 'NONE', #2079, #4578, #4205 ) ;
#3381 = ORIENTED_EDGE ( 'NONE', *, *, #1207, .F. ) ;
#3382 = ORIENTED_EDGE ( 'NONE', *, *, #4688, .F. ) ;
#3383 = VECTOR ( 'NONE', #5346, 1000.000000000000000 ) ;
#3384 = DIRECTION ( 'NONE',  ( 1.000000000000000000, 0.000000000000000000, 0.000000000000000000 ) ) ;
#3385 = DIRECTION ( 'NONE',  ( 0.2657276780299894225, -0.9267025424900811048, 0.2657276780299894225 ) ) ;
#3386 = ORIENTED_EDGE ( 'NONE', *, *, #4118, .F. ) ;
#3387 = CARTESIAN_POINT ( 'NONE',  ( 50.06999999999696627, 7.300000000021168667, 35.44999999999991758 ) ) ;
#3388 = DIRECTION ( 'NONE',  ( -0.5150380749100545996, 0.8571673007021120005, 0.000000000000000000 ) ) ;
#3389 = ORIENTED_EDGE ( 'NONE', *, *, #6406, .F. ) ;
#3390 = EDGE_CURVE ( 'NONE', #6687, #161, #5440, .T. ) ;
#3391 = DIRECTION ( 'NONE',  ( 1.000000000000000000, 0.000000000000000000, 0.000000000000000000 ) ) ;
#3392 = VECTOR ( 'NONE', #3028, 1000.000000000000227 ) ;
#3393 = ORIENTED_EDGE ( 'NONE', *, *, #3846, .F. ) ;
#3394 = DIRECTION ( 'NONE',  ( -0.000000000000000000, -0.000000000000000000, 1.000000000000000000 ) ) ;
#3395 = EDGE_CURVE ( 'NONE', #3783, #5441, #679, .T. ) ;
#3396 = VECTOR ( 'NONE', #365, 1000.000000000000000 ) ;
#3397 = CARTESIAN_POINT ( 'NONE',  ( -53.46435837459260654, 7.476103651765616753, -31.28435203162347022 ) ) ;
#3398 = CARTESIAN_POINT ( 'NONE',  ( 54.49999999999999289, 10.80000000000000426, 36.49999999999959499 ) ) ;
#3399 = FACE_OUTER_BOUND ( 'NONE', #4190, .T. ) ;
#3400 = EDGE_CURVE ( 'NONE', #4275, #4775, #1342, .T. ) ;
#3401 = CARTESIAN_POINT ( 'NONE',  ( -53.45000000000000284, 7.394693030445741222, -31.68157383042356656 ) ) ;
#3402 = ORIENTED_EDGE ( 'NONE', *, *, #2722, .T. ) ;
#3403 = VECTOR ( 'NONE', #5466, 1000.000000000000114 ) ;
#3404 = CARTESIAN_POINT ( 'NONE',  ( -49.28908881655494412, 7.470323631736285996, -35.45000000000001705 ) ) ;
#3405 = CARTESIAN_POINT ( 'NONE',  ( 9.550000000000002487, 10.80000000000000071, 35.44999999999961204 ) ) ;
#3406 = CARTESIAN_POINT ( 'NONE',  ( 49.09063699417453108, 7.500000000000386358, -35.44999999999998863 ) ) ;
#3407 = ADVANCED_FACE ( 'NONE', ( #3349 ), #4439, .F. ) ;
#3408 = ORIENTED_EDGE ( 'NONE', *, *, #4594, .T. ) ;
#3409 = CARTESIAN_POINT ( 'NONE',  ( 55.00000000000000000, 0.000000000000000000, 41.00000000000000000 ) ) ;
#3410 = VECTOR ( 'NONE', #5005, 1000.000000000000114 ) ;
#3411 = ORIENTED_EDGE ( 'NONE', *, *, #1211, .F. ) ;
#3412 = ORIENTED_EDGE ( 'NONE', *, *, #3959, .T. ) ;
#3413 = VECTOR ( 'NONE', #3702, 1000.000000000000114 ) ;
#3414 = DIRECTION ( 'NONE',  ( 0.000000000000000000, -0.000000000000000000, -1.000000000000000000 ) ) ;
#3415 = LINE ( 'NONE', #332, #5176 ) ;
#3416 = PLANE ( 'NONE',  #3860 ) ;
#3417 = CARTESIAN_POINT ( 'NONE',  ( -43.80943399447275510, 8.566080860090831806, 34.80943399447237141 ) ) ;
#3418 = VECTOR ( 'NONE', #5960, 1000.000000000000000 ) ;
#3419 = ORIENTED_EDGE ( 'NONE', *, *, #2839, .F. ) ;
#3420 = ORIENTED_EDGE ( 'NONE', *, *, #519, .T. ) ;
#3421 = VECTOR ( 'NONE', #2919, 1000.000000000000114 ) ;
#3422 = CARTESIAN_POINT ( 'NONE',  ( 55.00000000000000000, 7.500000000000000000, 41.00000000000000000 ) ) ;
#3423 = CARTESIAN_POINT ( 'NONE',  ( 5.067389764026899002, -0.9965637948165171345, -32.06738976402728980 ) ) ;
#3424 = ORIENTED_EDGE ( 'NONE', *, *, #5030, .F. ) ;
#3425 = DIRECTION ( 'NONE',  ( 0.000000000000000000, 0.000000000000000000, 1.000000000000000000 ) ) ;
#3426 = CARTESIAN_POINT ( 'NONE',  ( 0.000000000000000000, 10.80000000000000071, -33.62500000000000000 ) ) ;
#3427 = ORIENTED_EDGE ( 'NONE', *, *, #2767, .T. ) ;
#3428 = AXIS2_PLACEMENT_3D ( 'NONE', #1298, #3930, #1911 ) ;
#3429 = ORIENTED_EDGE ( 'NONE', *, *, #423, .F. ) ;
#3430 = LINE ( 'NONE', #6576, #6589 ) ;
#3431 = PLANE ( 'NONE',  #1849 ) ;
#3432 = LINE ( 'NONE', #5165, #3738 ) ;
#3433 = ORIENTED_EDGE ( 'NONE', *, *, #2711, .T. ) ;
#3434 = CARTESIAN_POINT ( 'NONE',  ( 43.21310312740501303, 18.94972790725421774, 37.78689687259460328 ) ) ;
#3435 = VECTOR ( 'NONE', #1372, 1000.000000000000114 ) ;
#3436 = ORIENTED_EDGE ( 'NONE', *, *, #280, .F. ) ;
#3438 = CARTESIAN_POINT ( 'NONE',  ( -27.54999999999999361, 10.80000000000000071, 35.44999999999961204 ) ) ;
#3437 = VECTOR ( 'NONE', #2588, 1000.000000000000114 ) ;
#3439 = LINE ( 'NONE', #2291, #4630 ) ;
#3440 = DIRECTION ( 'NONE',  ( -1.000000000000000000, -0.000000000000000000, -0.000000000000000000 ) ) ;
#3441 = VERTEX_POINT ( 'NONE', #4960 ) ;
#3442 = CARTESIAN_POINT ( 'NONE',  ( -51.62500000000000000, 10.53731005528969256, 26.37467487046869863 ) ) ;
#3443 = VERTEX_POINT ( 'NONE', #4542 ) ;
#3444 = EDGE_CURVE ( 'NONE', #2620, #2688, #2414, .T. ) ;
#3445 = ORIENTED_EDGE ( 'NONE', *, *, #5445, .F. ) ;
#3446 = FACE_OUTER_BOUND ( 'NONE', #3139, .T. ) ;
#3447 = DIRECTION ( 'NONE',  ( -1.000000000000000000, 0.000000000000000000, 0.000000000000000000 ) ) ;
#3448 = CARTESIAN_POINT ( 'NONE',  ( 29.73571359999210983, 22.25864506693673306, 26.58211138907234528 ) ) ;
#3449 = EDGE_CURVE ( 'NONE', #2259, #2693, #206, .T. ) ;
#3450 = EDGE_CURVE ( 'NONE', #4871, #3811, #2311, .T. ) ;
#3451 = LINE ( 'NONE', #3378, #951 ) ;
#3452 = ADVANCED_FACE ( 'NONE', ( #5472 ), #1272, .T. ) ;
#3453 = DIRECTION ( 'NONE',  ( 0.000000000000000000, -0.000000000000000000, 1.000000000000000000 ) ) ;
#3454 = ORIENTED_EDGE ( 'NONE', *, *, #5601, .T. ) ;
#3455 = EDGE_CURVE ( 'NONE', #5658, #2618, #6638, .T. ) ;
#3456 = ORIENTED_EDGE ( 'NONE', *, *, #6495, .T. ) ;
#3457 = DIRECTION ( 'NONE',  ( 0.000000000000000000, -2.052927190505096322E-15, -1.000000000000000000 ) ) ;
#3458 = DIRECTION ( 'NONE',  ( 1.000000000000000000, 0.000000000000000000, 0.000000000000000000 ) ) ;
#3459 = FACE_OUTER_BOUND ( 'NONE', #6046, .T. ) ;
#3460 = LINE ( 'NONE', #2828, #3598 ) ;
#3461 = CARTESIAN_POINT ( 'NONE',  ( 51.15092743802753006, 7.500000000019524826, -35.44999999998827178 ) ) ;
#3462 = ORIENTED_EDGE ( 'NONE', *, *, #4176, .F. ) ;
#3463 = CARTESIAN_POINT ( 'NONE',  ( 26.45000000000000284, 10.80000000000000071, 35.44999999999961204 ) ) ;
#3464 = EDGE_LOOP ( 'NONE', ( #5096, #5817, #3611, #3262 ) ) ;
#3465 = PLANE ( 'NONE',  #4616 ) ;
#3466 = CARTESIAN_POINT ( 'NONE',  ( -53.46433284088066529, 7.476146146998504882, -32.85609948042932871 ) ) ;
#3467 = DIRECTION ( 'NONE',  ( 0.000000000000000000, 0.000000000000000000, -1.000000000000000000 ) ) ;
#3468 = ORIENTED_EDGE ( 'NONE', *, *, #2009, .T. ) ;
#3469 = EDGE_CURVE ( 'NONE', #427, #4922, #1791, .T. ) ;
#3470 = DIRECTION ( 'NONE',  ( 1.000000000000000000, 0.000000000000000000, -0.000000000000000000 ) ) ;
#3471 = CARTESIAN_POINT ( 'NONE',  ( 54.51589529291322833, 14.51721864012751162, -26.48410470708715536 ) ) ;
#3472 = CARTESIAN_POINT ( 'NONE',  ( -23.70289055386782096, 1.219690838746989137, 32.70289055386743371 ) ) ;
#3473 = ORIENTED_EDGE ( 'NONE', *, *, #372, .T. ) ;
#3474 = ORIENTED_EDGE ( 'NONE', *, *, #4073, .T. ) ;
#3475 = VERTEX_POINT ( 'NONE', #6024 ) ;
#3476 = CARTESIAN_POINT ( 'NONE',  ( 5.067389764026951404, -0.9965637948163210691, 32.06738976402656505 ) ) ;
#3477 = CARTESIAN_POINT ( 'NONE',  ( 60.02027957955104398, 7.500000000000000000, 31.94921176768562177 ) ) ;
#3478 = DIRECTION ( 'NONE',  ( -0.7071067811865452413, 0.000000000000000000, -0.7071067811865497932 ) ) ;
#3479 = EDGE_LOOP ( 'NONE', ( #3906, #4980, #400, #4332 ) ) ;
#3480 = ORIENTED_EDGE ( 'NONE', *, *, #4436, .F. ) ;
#3481 = EDGE_CURVE ( 'NONE', #783, #1204, #1370, .T. ) ;
#3482 = DIRECTION ( 'NONE',  ( -0.5001519828512179799, -0.8323926831162092865, 0.2386847610229711203 ) ) ;
#3483 = CARTESIAN_POINT ( 'NONE',  ( -43.50374022699593013, 7.500000000000000000, -33.62500000000000000 ) ) ;
#3484 = EDGE_CURVE ( 'NONE', #4395, #19, #4405, .T. ) ;
#3485 = AXIS2_PLACEMENT_3D ( 'NONE', #471, #2571, #1058 ) ;
#3486 = DIRECTION ( 'NONE',  ( 0.000000000000000000, -0.9612616959383174509, 0.2756373558170039373 ) ) ;
#3487 = ADVANCED_FACE ( 'NONE', ( #2826 ), #270, .T. ) ;
#3488 = PLANE ( 'NONE',  #6582 ) ;
#3489 = ORIENTED_EDGE ( 'NONE', *, *, #4594, .F. ) ;
#3490 = ORIENTED_EDGE ( 'NONE', *, *, #4778, .F. ) ;
#3491 = VECTOR ( 'NONE', #3108, 1000.000000000000000 ) ;
#3492 = AXIS2_PLACEMENT_3D ( 'NONE', #1251, #2873, #281 ) ;
#3493 = CARTESIAN_POINT ( 'NONE',  ( 50.06999999999688100, 7.500000000021168844, 32.06999999999991502 ) ) ;
#3494 = CARTESIAN_POINT ( 'NONE',  ( -7.503740226995931017, 7.500000000000000000, 0.000000000000000000 ) ) ;
#3495 = ORIENTED_EDGE ( 'NONE', *, *, #15, .F. ) ;
#3496 = VECTOR ( 'NONE', #3694, 1000.000000000000000 ) ;
#3497 = CIRCLE ( 'NONE', #3485, 3.580000000000000071 ) ;
#3498 = FACE_OUTER_BOUND ( 'NONE', #1305, .T. ) ;
#3499 = VECTOR ( 'NONE', #2792, 1000.000000000000000 ) ;
#3500 = VECTOR ( 'NONE', #1707, 1000.000000000000114 ) ;
#3501 = CARTESIAN_POINT ( 'NONE',  ( 46.49625977300406987, 7.500000000000000000, 0.000000000000000000 ) ) ;
#3502 = LINE ( 'NONE', #5729, #1757 ) ;
#3503 = DIRECTION ( 'NONE',  ( 0.2657276780299913099, -0.9267025424900799946, 0.2657276780299913099 ) ) ;
#3504 = ORIENTED_EDGE ( 'NONE', *, *, #3784, .T. ) ;
#3505 = VECTOR ( 'NONE', #3308, 1000.000000000000000 ) ;
#3506 = ORIENTED_EDGE ( 'NONE', *, *, #3902, .F. ) ;
#3507 = VERTEX_POINT ( 'NONE', #6126 ) ;
#3508 = AXIS2_PLACEMENT_3D ( 'NONE', #346, #4576, #4652 ) ;
#3509 = LINE ( 'NONE', #6592, #6703 ) ;
#3510 = DIRECTION ( 'NONE',  ( 0.000000000000000000, -0.9612616959383174509, 0.2756373558170042704 ) ) ;
#3511 = EDGE_CURVE ( 'NONE', #1146, #1131, #242, .T. ) ;
#3512 = LINE ( 'NONE', #1472, #3605 ) ;
#3513 = EDGE_LOOP ( 'NONE', ( #2815, #1647, #3420, #3132 ) ) ;
#3514 = VERTEX_POINT ( 'NONE', #1763 ) ;
#3515 = VECTOR ( 'NONE', #6174, 1000.000000000000114 ) ;
#3516 = CARTESIAN_POINT ( 'NONE',  ( -19.19056600552723069, 8.566080860090860227, 34.80943399447237852 ) ) ;
#3517 = FACE_OUTER_BOUND ( 'NONE', #1592, .T. ) ;
#3518 = AXIS2_PLACEMENT_3D ( 'NONE', #6496, #5993, #2343 ) ;
#3519 = CARTESIAN_POINT ( 'NONE',  ( -27.54999999999999361, 10.80000000000000071, -35.45000000000039364 ) ) ;
#3520 = CARTESIAN_POINT ( 'NONE',  ( -54.49999999999997868, 10.80000000000000426, -36.50000000000038369 ) ) ;
#3521 = CARTESIAN_POINT ( 'NONE',  ( -46.19056600552723069, 8.566080860090840687, 34.80943399447237141 ) ) ;
#3522 = ORIENTED_EDGE ( 'NONE', *, *, #3890, .T. ) ;
#3523 = ORIENTED_EDGE ( 'NONE', *, *, #4929, .T. ) ;
#3524 = ORIENTED_EDGE ( 'NONE', *, *, #2850, .F. ) ;
#3525 = AXIS2_PLACEMENT_3D ( 'NONE', #2058, #6286, #1543 ) ;
#3526 = CARTESIAN_POINT ( 'NONE',  ( 51.62500000000000000, 10.53731005528966946, 33.62500000000000000 ) ) ;
#3527 = CARTESIAN_POINT ( 'NONE',  ( -9.549999999999995381, 10.80000000000000071, 33.62500000000000000 ) ) ;
#3528 = AXIS2_PLACEMENT_3D ( 'NONE', #389, #2988, #3016 ) ;
#3529 = CARTESIAN_POINT ( 'NONE',  ( 56.48474567361831333, 9.499999999999980460, 35.48474567361837018 ) ) ;
#3530 = ADVANCED_FACE ( 'NONE', ( #825 ), #165, .F. ) ;
#3531 = EDGE_CURVE ( 'NONE', #6569, #6172, #1243, .T. ) ;
#3532 = VERTEX_POINT ( 'NONE', #6568 ) ;
#3533 = VECTOR ( 'NONE', #2122, 1000.000000000000114 ) ;
#3534 = DIRECTION ( 'NONE',  ( 1.000000000000000000, 0.000000000000000000, 0.000000000000000000 ) ) ;
#3535 = DIRECTION ( 'NONE',  ( 0.000000000000000000, 0.000000000000000000, -1.000000000000000000 ) ) ;
#3536 = LINE ( 'NONE', #3568, #5958 ) ;
#3537 = CARTESIAN_POINT ( 'NONE',  ( -61.00000000000000000, 10.49999999999999822, -8.000000000000000000 ) ) ;
#3538 = VECTOR ( 'NONE', #449, 1000.000000000000000 ) ;
#3539 = VERTEX_POINT ( 'NONE', #1818 ) ;
#3540 = ORIENTED_EDGE ( 'NONE', *, *, #5917, .T. ) ;
#3541 = VECTOR ( 'NONE', #5763, 1000.000000000000114 ) ;
#3542 = CARTESIAN_POINT ( 'NONE',  ( -0.5499999999999949374, 10.80000000000000426, 33.62500000000000000 ) ) ;
#3543 = LINE ( 'NONE', #2497, #2504 ) ;
#3544 = CARTESIAN_POINT ( 'NONE',  ( 51.62500000000000000, 10.80000000000000426, -0.5500000000003835154 ) ) ;
#3545 = ORIENTED_EDGE ( 'NONE', *, *, #1920, .T. ) ;
#3546 = CARTESIAN_POINT ( 'NONE',  ( -51.62500000000000000, 10.80000000000000426, 27.54999999999960991 ) ) ;
#3547 = ORIENTED_EDGE ( 'NONE', *, *, #1122, .T. ) ;
#3548 = EDGE_CURVE ( 'NONE', #146, #2693, #3940, .T. ) ;
#3549 = ORIENTED_EDGE ( 'NONE', *, *, #5442, .T. ) ;
#3550 = DIRECTION ( 'NONE',  ( 0.9612616959383175619, -0.2756373558170040483, 0.000000000000000000 ) ) ;
#3551 = DIRECTION ( 'NONE',  ( 0.000000000000000000, -1.000000000000000000, 1.850371707708594366E-15 ) ) ;
#3552 = ADVANCED_FACE ( 'NONE', ( #5230 ), #1478, .F. ) ;
#3553 = PLANE ( 'NONE',  #4042 ) ;
#3554 = CARTESIAN_POINT ( 'NONE',  ( -8.449999999999999289, 10.80000000000000426, 33.62500000000000000 ) ) ;
#3555 = EDGE_LOOP ( 'NONE', ( #6662, #1803, #2595, #3699 ) ) ;
#3556 = ORIENTED_EDGE ( 'NONE', *, *, #1711, .F. ) ;
#3557 = EDGE_CURVE ( 'NONE', #3670, #2789, #5193, .T. ) ;
#3558 = EDGE_LOOP ( 'NONE', ( #6464, #554, #5979, #1039 ) ) ;
#3559 = CARTESIAN_POINT ( 'NONE',  ( 38.58572673386328944, 32.23830501688261307, 20.58572673386329654 ) ) ;
#3560 = CARTESIAN_POINT ( 'NONE',  ( 61.43449314192414334, 7.500000000000000000, 33.36342533005872468 ) ) ;
#3561 = CARTESIAN_POINT ( 'NONE',  ( 0.000000000000000000, 7.500000000000000000, -34.50374022699632093 ) ) ;
#3562 = PLANE ( 'NONE',  #4666 ) ;
#3563 = EDGE_LOOP ( 'NONE', ( #5944, #6827, #5532, #4530 ) ) ;
#3564 = EDGE_CURVE ( 'NONE', #515, #6687, #446, .T. ) ;
#3565 = FACE_OUTER_BOUND ( 'NONE', #2379, .T. ) ;
#3566 = CARTESIAN_POINT ( 'NONE',  ( -34.80943399447252062, 8.566080860089979154, -34.80943399447291142 ) ) ;
#3567 = EDGE_CURVE ( 'NONE', #5266, #821, #6769, .T. ) ;
#3568 = CARTESIAN_POINT ( 'NONE',  ( -52.60939292339048734, 7.868454739437100720, 1.390607076609120973 ) ) ;
#3569 = PLANE ( 'NONE',  #5423 ) ;
#3570 = ADVANCED_FACE ( 'NONE', ( #890 ), #5124, .F. ) ;
#3571 = VERTEX_POINT ( 'NONE', #2448 ) ;
#3572 = ADVANCED_FACE ( 'NONE', ( #3517 ), #3585, .F. ) ;
#3573 = ORIENTED_EDGE ( 'NONE', *, *, #2575, .T. ) ;
#3574 = ORIENTED_EDGE ( 'NONE', *, *, #5698, .F. ) ;
#3575 = DIRECTION ( 'NONE',  ( 0.000000000000000000, 0.000000000000000000, 1.000000000000000000 ) ) ;
#3576 = DIRECTION ( 'NONE',  ( -1.000000000000000000, 0.000000000000000000, -2.679109615408197094E-16 ) ) ;
#3577 = LINE ( 'NONE', #4592, #4761 ) ;
#3578 = ORIENTED_EDGE ( 'NONE', *, *, #33, .F. ) ;
#3579 = LINE ( 'NONE', #5636, #4500 ) ;
#3580 = ORIENTED_EDGE ( 'NONE', *, *, #3277, .F. ) ;
#3581 = EDGE_CURVE ( 'NONE', #305, #3100, #2995, .T. ) ;
#3582 = VERTEX_POINT ( 'NONE', #4195 ) ;
#3583 = DIRECTION ( 'NONE',  ( -1.000000000000000000, -3.018354541273066194E-16, 8.654992372942126676E-17 ) ) ;
#3584 = CARTESIAN_POINT ( 'NONE',  ( -53.49456638521135687, 7.425829079490200435, 32.26605971237381709 ) ) ;
#3585 = PLANE ( 'NONE',  #1868 ) ;
#3586 = DIRECTION ( 'NONE',  ( 0.000000000000000000, 0.000000000000000000, -1.000000000000000000 ) ) ;
#3587 = CARTESIAN_POINT ( 'NONE',  ( -52.80943399447264142, 8.566080860090437454, -1.190566005527733839 ) ) ;
#3588 = CARTESIAN_POINT ( 'NONE',  ( -53.44999999999999574, 10.80000000000000071, 18.54999999999960991 ) ) ;
#3589 = ORIENTED_EDGE ( 'NONE', *, *, #609, .T. ) ;
#3590 = ORIENTED_EDGE ( 'NONE', *, *, #2625, .F. ) ;
#3591 = ORIENTED_EDGE ( 'NONE', *, *, #2151, .F. ) ;
#3592 = EDGE_CURVE ( 'NONE', #6788, #3296, #6732, .T. ) ;
#3593 = DIRECTION ( 'NONE',  ( 0.4578768884082909940, -0.7620351108204156398, 0.4578768884082907165 ) ) ;
#3594 = DIRECTION ( 'NONE',  ( -0.2756373558170039373, -0.9612616959383174509, 0.000000000000000000 ) ) ;
#3595 = ADVANCED_FACE ( 'NONE', ( #6664 ), #3106, .F. ) ;
#3596 = CARTESIAN_POINT ( 'NONE',  ( -37.19056600552723069, 8.566080860090846016, 34.80943399447237141 ) ) ;
#3597 = FACE_OUTER_BOUND ( 'NONE', #6244, .T. ) ;
#3598 = VECTOR ( 'NONE', #210, 1000.000000000000000 ) ;
#3599 = VECTOR ( 'NONE', #1088, 1000.000000000000114 ) ;
#3600 = ORIENTED_EDGE ( 'NONE', *, *, #3567, .F. ) ;
#3601 = ADVANCED_FACE ( 'NONE', ( #4643 ), #2545, .F. ) ;
#3602 = LINE ( 'NONE', #6674, #5167 ) ;
#3603 = DIRECTION ( 'NONE',  ( -1.000000000000000000, 0.000000000000000000, 0.000000000000000000 ) ) ;
#3604 = EDGE_CURVE ( 'NONE', #6825, #4191, #4151, .T. ) ;
#3605 = VECTOR ( 'NONE', #5703, 1000.000000000000000 ) ;
#3606 = DIRECTION ( 'NONE',  ( 1.000000000000000000, 0.000000000000000000, 0.000000000000000000 ) ) ;
#3607 = CARTESIAN_POINT ( 'NONE',  ( -52.80943399447264142, 8.566080860090407256, 0.000000000000000000 ) ) ;
#3608 = VERTEX_POINT ( 'NONE', #406 ) ;
#3609 = VECTOR ( 'NONE', #3384, 1000.000000000000000 ) ;
#3610 = AXIS2_PLACEMENT_3D ( 'NONE', #5673, #6767, #5190 ) ;
#3611 = ORIENTED_EDGE ( 'NONE', *, *, #3095, .T. ) ;
#3612 = CARTESIAN_POINT ( 'NONE',  ( -3.482387728013483552E-16, 8.566080860089984483, -34.80943399447291142 ) ) ;
#3613 = CARTESIAN_POINT ( 'NONE',  ( 45.54999999999999005, 10.80000000000000071, -27.55000000000038796 ) ) ;
#3614 = LINE ( 'NONE', #2957, #654 ) ;
#3615 = ORIENTED_EDGE ( 'NONE', *, *, #5236, .F. ) ;
#3616 = VECTOR ( 'NONE', #5018, 1000.000000000000000 ) ;
#3617 = FACE_OUTER_BOUND ( 'NONE', #3968, .T. ) ;
#3618 = CARTESIAN_POINT ( 'NONE',  ( -51.05251908966582874, 7.492839302137915602, 35.45430258135009183 ) ) ;
#3619 = ORIENTED_EDGE ( 'NONE', *, *, #4381, .F. ) ;
#3620 = VERTEX_POINT ( 'NONE', #4570 ) ;
#3621 = VECTOR ( 'NONE', #2837, 1000.000000000000227 ) ;
#3622 = FACE_OUTER_BOUND ( 'NONE', #6840, .T. ) ;
#3623 = DIRECTION ( 'NONE',  ( 0.5000000000000058842, -0.7071067811865415775, -0.5000000000000026645 ) ) ;
#3624 = DIRECTION ( 'NONE',  ( 0.000000000000000000, 0.000000000000000000, -1.000000000000000000 ) ) ;
#3625 = LINE ( 'NONE', #5330, #1182 ) ;
#3626 = CARTESIAN_POINT ( 'NONE',  ( 0.5500000000000088152, -11.50000000000000000, -35.45000000000000284 ) ) ;
#3627 = DIRECTION ( 'NONE',  ( -1.000000000000000000, 6.036709082546134360E-16, 1.730998474588423856E-16 ) ) ;
#3628 = AXIS2_PLACEMENT_3D ( 'NONE', #5760, #5270, #969 ) ;
#3629 = ORIENTED_EDGE ( 'NONE', *, *, #5057, .T. ) ;
#3630 = ORIENTED_EDGE ( 'NONE', *, *, #2923, .F. ) ;
#3631 = VERTEX_POINT ( 'NONE', #4081 ) ;
#3632 = VECTOR ( 'NONE', #105, 1000.000000000000000 ) ;
#3633 = CARTESIAN_POINT ( 'NONE',  ( 53.44999999999696172, 7.300000000022597746, 32.06999999999990791 ) ) ;
#3634 = CARTESIAN_POINT ( 'NONE',  ( -51.62500000000000000, 10.53731005528970854, -26.37467487046948733 ) ) ;
#3635 = CARTESIAN_POINT ( 'NONE',  ( 0.000000000000000000, 7.500000000000000000, -19.49625977300444646 ) ) ;
#3636 = CARTESIAN_POINT ( 'NONE',  ( 53.44999999999999574, 10.80000000000000071, -17.45000000000039009 ) ) ;
#3637 = VECTOR ( 'NONE', #4461, 1000.000000000000114 ) ;
#3638 = ADVANCED_FACE ( 'NONE', ( #6801 ), #1556, .F. ) ;
#3639 = ORIENTED_EDGE ( 'NONE', *, *, #2934, .F. ) ;
#3640 = CARTESIAN_POINT ( 'NONE',  ( -52.80943399447274800, 8.566080860090838911, 34.80943399447237141 ) ) ;
#3641 = LINE ( 'NONE', #5210, #1732 ) ;
#3642 = VECTOR ( 'NONE', #2257, 1000.000000000000114 ) ;
#3643 = CARTESIAN_POINT ( 'NONE',  ( 53.44999999999999574, 10.80000000000000071, -18.55000000000037730 ) ) ;
#3644 = ORIENTED_EDGE ( 'NONE', *, *, #4597, .T. ) ;
#3645 = ORIENTED_EDGE ( 'NONE', *, *, #792, .T. ) ;
#3646 = ORIENTED_EDGE ( 'NONE', *, *, #6413, .T. ) ;
#3647 = LINE ( 'NONE', #357, #6513 ) ;
#3648 = DIRECTION ( 'NONE',  ( -0.9902680687415695848, 0.1391731009600706559, 0.000000000000000000 ) ) ;
#3649 = DIRECTION ( 'NONE',  ( -0.2756373558170042704, 0.9612616959383174509, 0.000000000000000000 ) ) ;
#3650 = ORIENTED_EDGE ( 'NONE', *, *, #6533, .T. ) ;
#3651 = EDGE_CURVE ( 'NONE', #6836, #4116, #1447, .T. ) ;
#3652 = LINE ( 'NONE', #5777, #4061 ) ;
#3653 = DIRECTION ( 'NONE',  ( -0.000000000000000000, 0.9612616959383180060, 0.2756373558170023830 ) ) ;
#3654 = ORIENTED_EDGE ( 'NONE', *, *, #3604, .F. ) ;
#3655 = VECTOR ( 'NONE', #3627, 1000.000000000000000 ) ;
#3656 = ORIENTED_EDGE ( 'NONE', *, *, #6154, .T. ) ;
#3657 = CARTESIAN_POINT ( 'NONE',  ( 52.80943399447264852, 8.566080860090412585, -28.19056600552774228 ) ) ;
#3658 = CARTESIAN_POINT ( 'NONE',  ( 25.80943399447264142, 8.566080860090412585, -34.80943399447265563 ) ) ;
#3659 = EDGE_CURVE ( 'NONE', #6564, #2434, #959, .T. ) ;
#3660 = DIRECTION ( 'NONE',  ( 0.7071067811865474617, 0.000000000000000000, -0.7071067811865474617 ) ) ;
#3661 = EDGE_CURVE ( 'NONE', #5613, #5862, #5784, .T. ) ;
#3662 = EDGE_CURVE ( 'NONE', #2503, #779, #549, .T. ) ;
#3663 = EDGE_CURVE ( 'NONE', #5640, #1690, #510, .T. ) ;
#3664 = CARTESIAN_POINT ( 'NONE',  ( -29.37500000000000000, 10.80000000000000426, -33.62500000000000000 ) ) ;
#3665 = LINE ( 'NONE', #1035, #784 ) ;
#3666 = ORIENTED_EDGE ( 'NONE', *, *, #437, .F. ) ;
#3667 = EDGE_CURVE ( 'NONE', #3539, #5726, #2232, .T. ) ;
#3668 = VERTEX_POINT ( 'NONE', #6393 ) ;
#3669 = EDGE_LOOP ( 'NONE', ( #220, #3985, #3344, #2270 ) ) ;
#3670 = VERTEX_POINT ( 'NONE', #6360 ) ;
#3671 = DIRECTION ( 'NONE',  ( -0.000000000000000000, -0.000000000000000000, -1.000000000000000000 ) ) ;
#3672 = CARTESIAN_POINT ( 'NONE',  ( -62.00000000000000000, -11.50000000000000000, -41.00000000000000000 ) ) ;
#3673 = PLANE ( 'NONE',  #2882 ) ;
#3674 = ORIENTED_EDGE ( 'NONE', *, *, #5408, .T. ) ;
#3675 = CARTESIAN_POINT ( 'NONE',  ( 27.54999999999997584, 10.80000000000000426, -33.62500000000000000 ) ) ;
#3676 = CARTESIAN_POINT ( 'NONE',  ( 0.000000000000000000, 7.500000000000000000, 34.50374022699553933 ) ) ;
#3677 = EDGE_CURVE ( 'NONE', #4819, #2259, #6429, .T. ) ;
#3678 = CARTESIAN_POINT ( 'NONE',  ( 17.37467487046910364, 10.53731005528970499, 33.62500000000000000 ) ) ;
#3679 = VERTEX_POINT ( 'NONE', #4812 ) ;
#3680 = ORIENTED_EDGE ( 'NONE', *, *, #1870, .F. ) ;
#3681 = DIRECTION ( 'NONE',  ( -1.000000000000000000, 0.000000000000000000, 0.000000000000000000 ) ) ;
#3682 = CARTESIAN_POINT ( 'NONE',  ( -54.49999999999997868, 10.79999999999989235, 36.49999999999959499 ) ) ;
#3683 = CARTESIAN_POINT ( 'NONE',  ( 3.482387728013434741E-16, 8.566080860089968496, -34.80943399447290432 ) ) ;
#3684 = VERTEX_POINT ( 'NONE', #5852 ) ;
#3685 = FACE_OUTER_BOUND ( 'NONE', #5464, .T. ) ;
#3686 = CARTESIAN_POINT ( 'NONE',  ( -51.62500000000000000, 10.80000000000000071, 0.000000000000000000 ) ) ;
#3687 = EDGE_LOOP ( 'NONE', ( #3956, #5161, #5321, #6585, #4800, #5715 ) ) ;
#3688 = EDGE_CURVE ( 'NONE', #5113, #6433, #4356, .T. ) ;
#3689 = ORIENTED_EDGE ( 'NONE', *, *, #2302, .F. ) ;
#3690 = PLANE ( 'NONE',  #6692 ) ;
#3691 = CARTESIAN_POINT ( 'NONE',  ( -53.44999999999999574, 7.500000000000007105, 33.24983049630021270 ) ) ;
#3692 = CARTESIAN_POINT ( 'NONE',  ( -49.87584506165708120, 7.347227451932373476, 35.45000000000000995 ) ) ;
#3693 = EDGE_CURVE ( 'NONE', #2130, #872, #3761, .T. ) ;
#3694 = DIRECTION ( 'NONE',  ( -0.000000000000000000, 0.000000000000000000, 1.000000000000000000 ) ) ;
#3695 = CARTESIAN_POINT ( 'NONE',  ( 34.80943399447252062, 8.566080860089979154, -34.80943399447291142 ) ) ;
#3696 = ORIENTED_EDGE ( 'NONE', *, *, #940, .T. ) ;
#3697 = ADVANCED_FACE ( 'NONE', ( #4848 ), #1716, .T. ) ;
#3698 = ORIENTED_EDGE ( 'NONE', *, *, #1964, .T. ) ;
#3699 = ORIENTED_EDGE ( 'NONE', *, *, #610, .T. ) ;
#3700 = EDGE_CURVE ( 'NONE', #2992, #6626, #5337, .T. ) ;
#3701 = EDGE_CURVE ( 'NONE', #1256, #6485, #1655, .T. ) ;
#3702 = DIRECTION ( 'NONE',  ( -0.1378445374916336952, -0.9808148484639876985, 0.1378445374916336952 ) ) ;
#3703 = LINE ( 'NONE', #4303, #6802 ) ;
#3704 = LINE ( 'NONE', #2043, #4334 ) ;
#3705 = CARTESIAN_POINT ( 'NONE',  ( 60.02027957955104398, 7.500000000000000000, -31.94921176768562177 ) ) ;
#3706 = DIRECTION ( 'NONE',  ( 0.000000000000000000, 1.000000000000000000, 0.000000000000000000 ) ) ;
#3707 = DIRECTION ( 'NONE',  ( 1.000000000000000000, 0.000000000000000000, 0.000000000000000000 ) ) ;
#3708 = EDGE_LOOP ( 'NONE', ( #2205, #6177, #1484, #4956 ) ) ;
#3709 = VECTOR ( 'NONE', #603, 1000.000000000000114 ) ;
#3710 = ORIENTED_EDGE ( 'NONE', *, *, #1017, .F. ) ;
#3711 = VECTOR ( 'NONE', #3735, 1000.000000000000114 ) ;
#3712 = DIRECTION ( 'NONE',  ( -0.2386847610229711203, -0.8323926831162092865, 0.5001519828512179799 ) ) ;
#3713 = CARTESIAN_POINT ( 'NONE',  ( 61.43449314192414334, 7.500000000000000000, -33.36342533005872468 ) ) ;
#3714 = LINE ( 'NONE', #6422, #4207 ) ;
#3715 = VERTEX_POINT ( 'NONE', #5921 ) ;
#3716 = CARTESIAN_POINT ( 'NONE',  ( -26.45000000000000284, 10.80000000000000071, -35.45000000000039364 ) ) ;
#3717 = CARTESIAN_POINT ( 'NONE',  ( 50.70289055386784582, 1.219690838747083728, 23.70289055386746213 ) ) ;
#3718 = VECTOR ( 'NONE', #2479, 1000.000000000000114 ) ;
#3719 = ORIENTED_EDGE ( 'NONE', *, *, #5615, .F. ) ;
#3720 = VECTOR ( 'NONE', #474, 1000.000000000000114 ) ;
#3721 = LINE ( 'NONE', #645, #184 ) ;
#3722 = VECTOR ( 'NONE', #2759, 1000.000000000000114 ) ;
#3723 = CARTESIAN_POINT ( 'NONE',  ( -51.62500000000000000, 7.500000000000000000, 10.49625977300367907 ) ) ;
#3724 = CARTESIAN_POINT ( 'NONE',  ( 1.496259773004063209, 7.500000000000000000, -33.62500000000000000 ) ) ;
#3725 = DIRECTION ( 'NONE',  ( -1.000000000000000000, 0.000000000000000000, 0.000000000000000000 ) ) ;
#3726 = CARTESIAN_POINT ( 'NONE',  ( 61.85875721063606392, 9.699999999999974420, -33.78768939877064525 ) ) ;
#3727 = ORIENTED_EDGE ( 'NONE', *, *, #1107, .F. ) ;
#3728 = ORIENTED_EDGE ( 'NONE', *, *, #2682, .T. ) ;
#3729 = VECTOR ( 'NONE', #6392, 1000.000000000000000 ) ;
#3730 = EDGE_LOOP ( 'NONE', ( #904, #1160, #3474, #4950 ) ) ;
#3731 = CARTESIAN_POINT ( 'NONE',  ( 53.47033225576988968, 7.466161443892270988, -32.75741031669676318 ) ) ;
#3732 = VECTOR ( 'NONE', #1696, 1000.000000000000114 ) ;
#3733 = ORIENTED_EDGE ( 'NONE', *, *, #3762, .T. ) ;
#3734 = DIRECTION ( 'NONE',  ( 0.000000000000000000, 0.000000000000000000, -1.000000000000000000 ) ) ;
#3735 = DIRECTION ( 'NONE',  ( -0.5001519828512179799, -0.8323926831162092865, 0.2386847610229713423 ) ) ;
#3736 = CARTESIAN_POINT ( 'NONE',  ( 52.42887829972521274, 25.53679663750741469, -34.42887829972561775 ) ) ;
#3737 = EDGE_LOOP ( 'NONE', ( #6434, #1183, #4701, #1120 ) ) ;
#3738 = VECTOR ( 'NONE', #5619, 1000.000000000000000 ) ;
#3739 = CARTESIAN_POINT ( 'NONE',  ( 0.000000000000000000, 7.500000000000000000, -28.49625977300445356 ) ) ;
#3740 = CARTESIAN_POINT ( 'NONE',  ( -1.496259773004070315, 7.500000000000000000, 33.62500000000000000 ) ) ;
#3741 = DIRECTION ( 'NONE',  ( 1.000000000000000000, 0.000000000000000000, 0.000000000000000000 ) ) ;
#3742 = ADVANCED_FACE ( 'NONE', ( #583 ), #1686, .F. ) ;
#3743 = EDGE_LOOP ( 'NONE', ( #1522, #4147, #278, #5304 ) ) ;
#3744 = EDGE_CURVE ( 'NONE', #1423, #5589, #1582, .T. ) ;
#3745 = AXIS2_PLACEMENT_3D ( 'NONE', #4064, #1840, #2460 ) ;
#3746 = EDGE_LOOP ( 'NONE', ( #4798, #1019, #6749, #1883 ) ) ;
#3747 = EDGE_LOOP ( 'NONE', ( #2502, #3393, #5438, #5028 ) ) ;
#3748 = CIRCLE ( 'NONE', #550, 3.380000000000001226 ) ;
#3749 = DIRECTION ( 'NONE',  ( -0.2657276780299897001, 0.9267025424900808828, 0.2657276780299897001 ) ) ;
#3750 = CARTESIAN_POINT ( 'NONE',  ( -46.49625977300406277, 7.500000000000000000, 0.000000000000000000 ) ) ;
#3751 = DIRECTION ( 'NONE',  ( 4.226362854693272149E-13, -1.000000000000000000, -3.488628514275818460E-28 ) ) ;
#3752 = ORIENTED_EDGE ( 'NONE', *, *, #4901, .T. ) ;
#3753 = CARTESIAN_POINT ( 'NONE',  ( -51.62500000000000000, 10.80000000000000426, -33.62500000000000000 ) ) ;
#3754 = CARTESIAN_POINT ( 'NONE',  ( -51.62500000000000000, 10.80000000000000426, 17.44999999999961915 ) ) ;
#3755 = CARTESIAN_POINT ( 'NONE',  ( -53.44999999999999574, 7.347213556626216224, 31.87590218607336823 ) ) ;
#3756 = AXIS2_PLACEMENT_3D ( 'NONE', #2405, #4951, #5497 ) ;
#3757 = ORIENTED_EDGE ( 'NONE', *, *, #4991, .F. ) ;
#3758 = CARTESIAN_POINT ( 'NONE',  ( -51.62500000000000000, 7.500000000000000000, -1.496259773004451787 ) ) ;
#3759 = VECTOR ( 'NONE', #5325, 1000.000000000000000 ) ;
#3760 = CARTESIAN_POINT ( 'NONE',  ( -16.50374022699593013, 7.500000000000000000, -33.62500000000000000 ) ) ;
#3761 = LINE ( 'NONE', #6328, #6181 ) ;
#3762 = EDGE_CURVE ( 'NONE', #6243, #4395, #6542, .T. ) ;
#3763 = VECTOR ( 'NONE', #1876, 1000.000000000000000 ) ;
#3764 = PLANE ( 'NONE',  #4614 ) ;
#3765 = DIRECTION ( 'NONE',  ( -0.2657276780299911434, 0.9267025424900801056, 0.2657276780299911434 ) ) ;
#3766 = EDGE_LOOP ( 'NONE', ( #5131, #3001, #5114, #2953, #32, #2537 ) ) ;
#3767 = ORIENTED_EDGE ( 'NONE', *, *, #4575, .F. ) ;
#3768 = VECTOR ( 'NONE', #4519, 1000.000000000000000 ) ;
#3769 = DIRECTION ( 'NONE',  ( -0.2756373558170042704, 0.9612616959383174509, 0.000000000000000000 ) ) ;
#3770 = LINE ( 'NONE', #6461, #6841 ) ;
#3771 = ORIENTED_EDGE ( 'NONE', *, *, #2508, .F. ) ;
#3772 = DIRECTION ( 'NONE',  ( -0.2756373558170039373, -0.9612616959383174509, 0.000000000000000000 ) ) ;
#3773 = LINE ( 'NONE', #6340, #3711 ) ;
#3774 = PLANE ( 'NONE',  #4062 ) ;
#3775 = CARTESIAN_POINT ( 'NONE',  ( 62.00000000000000000, -11.50000000000000000, 34.00000000000000000 ) ) ;
#3776 = ORIENTED_EDGE ( 'NONE', *, *, #6058, .F. ) ;
#3777 = CARTESIAN_POINT ( 'NONE',  ( 33.26428640000788306, 22.25864506693675438, 26.58211138907232396 ) ) ;
#3778 = DIRECTION ( 'NONE',  ( -1.000000000000000000, -4.226463853452367178E-13, 0.000000000000000000 ) ) ;
#3779 = DIRECTION ( 'NONE',  ( 1.000000000000000000, 4.458787163891844428E-16, -0.000000000000000000 ) ) ;
#3780 = ORIENTED_EDGE ( 'NONE', *, *, #795, .T. ) ;
#3781 = CARTESIAN_POINT ( 'NONE',  ( 3.482387728013483552E-16, 8.566080860089984483, -34.80943399447291142 ) ) ;
#3782 = ORIENTED_EDGE ( 'NONE', *, *, #788, .T. ) ;
#3783 = VERTEX_POINT ( 'NONE', #608 ) ;
#3784 = EDGE_CURVE ( 'NONE', #4125, #6141, #5396, .T. ) ;
#3785 = EDGE_CURVE ( 'NONE', #5780, #2064, #3269, .T. ) ;
#3786 = DIRECTION ( 'NONE',  ( 1.000000000000000000, 0.000000000000000000, 0.000000000000000000 ) ) ;
#3787 = CARTESIAN_POINT ( 'NONE',  ( -46.19056600552747227, 8.566080860089995141, -34.80943399447291853 ) ) ;
#3788 = LINE ( 'NONE', #5387, #1100 ) ;
#3789 = EDGE_CURVE ( 'NONE', #5589, #6796, #2710, .T. ) ;
#3790 = EDGE_LOOP ( 'NONE', ( #6563, #6291, #3589, #766 ) ) ;
#3791 = DIRECTION ( 'NONE',  ( -0.7071067811865452413, 0.000000000000000000, 0.7071067811865497932 ) ) ;
#3792 = EDGE_LOOP ( 'NONE', ( #3556, #5244, #1603, #369 ) ) ;
#3793 = CARTESIAN_POINT ( 'NONE',  ( 61.43449314192414334, 10.49999999999999822, -33.36342533005872468 ) ) ;
#3794 = CARTESIAN_POINT ( 'NONE',  ( 53.44999999999986784, 7.500000000000212275, 30.98922113159987290 ) ) ;
#3795 = DIRECTION ( 'NONE',  ( -0.000000000000000000, 0.9612616959383174509, 0.2756373558170042704 ) ) ;
#3796 = DIRECTION ( 'NONE',  ( 0.5001519828512182020, -0.8323926831162096196, 0.2386847610229694550 ) ) ;
#3797 = ORIENTED_EDGE ( 'NONE', *, *, #1666, .F. ) ;
#3798 = ORIENTED_EDGE ( 'NONE', *, *, #490, .T. ) ;
#3799 = CARTESIAN_POINT ( 'NONE',  ( -61.00000000000000000, 9.899999999999998579, 8.000000000000000000 ) ) ;
#3800 = LINE ( 'NONE', #2348, #511 ) ;
#3801 = CARTESIAN_POINT ( 'NONE',  ( -51.24983049630021981, 7.499999999999940492, -35.45000000000000995 ) ) ;
#3802 = CARTESIAN_POINT ( 'NONE',  ( 61.43449314192414334, 10.49999999999999822, -33.36342533005872468 ) ) ;
#3803 = ADVANCED_FACE ( 'NONE', ( #4326 ), #647, .F. ) ;
#3804 = ORIENTED_EDGE ( 'NONE', *, *, #3338, .T. ) ;
#3805 = CARTESIAN_POINT ( 'NONE',  ( 48.02003275609391864, 16.53698307386826016, -30.02003275609395416 ) ) ;
#3806 = EDGE_CURVE ( 'NONE', #3715, #1597, #2134, .T. ) ;
#3807 = CARTESIAN_POINT ( 'NONE',  ( -50.75741031669542735, 7.466161443874447912, -35.47033225578061177 ) ) ;
#3808 = ORIENTED_EDGE ( 'NONE', *, *, #4994, .F. ) ;
#3809 = CARTESIAN_POINT ( 'NONE',  ( 61.43449314192414334, 7.500000000000000000, 33.36342533005872468 ) ) ;
#3810 = EDGE_LOOP ( 'NONE', ( #497, #3782, #2775, #6556 ) ) ;
#3811 = VERTEX_POINT ( 'NONE', #1267 ) ;
#3812 = EDGE_CURVE ( 'NONE', #2677, #1660, #3376, .T. ) ;
#3813 = CARTESIAN_POINT ( 'NONE',  ( -50.06999999999999318, 7.499999999999940492, -35.45000000000001705 ) ) ;
#3814 = VECTOR ( 'NONE', #2478, 1000.000000000000000 ) ;
#3815 = CARTESIAN_POINT ( 'NONE',  ( -7.503740226995923912, 7.500000000000000000, 33.62500000000000000 ) ) ;
#3816 = FACE_OUTER_BOUND ( 'NONE', #3876, .T. ) ;
#3817 = ORIENTED_EDGE ( 'NONE', *, *, #344, .F. ) ;
#3818 = CARTESIAN_POINT ( 'NONE',  ( 60.72738636073759722, 10.49999999999999822, 32.65631854887217145 ) ) ;
#3819 = ORIENTED_EDGE ( 'NONE', *, *, #5281, .F. ) ;
#3820 = VECTOR ( 'NONE', #2209, 1000.000000000000000 ) ;
#3821 = VECTOR ( 'NONE', #3161, 1000.000000000000114 ) ;
#3822 = CARTESIAN_POINT ( 'NONE',  ( 62.00000000000000000, -11.50000000000000000, 34.00000000000000000 ) ) ;
#3823 = CARTESIAN_POINT ( 'NONE',  ( -52.50374022699593013, 7.500000000000000000, 0.000000000000000000 ) ) ;
#3824 = DIRECTION ( 'NONE',  ( 0.000000000000000000, -0.2756373558170040483, 0.9612616959383175619 ) ) ;
#3825 = VECTOR ( 'NONE', #131, 1000.000000000000114 ) ;
#3826 = VECTOR ( 'NONE', #6729, 1000.000000000000114 ) ;
#3827 = LINE ( 'NONE', #159, #1072 ) ;
#3828 = LINE ( 'NONE', #1756, #891 ) ;
#3829 = ORIENTED_EDGE ( 'NONE', *, *, #399, .F. ) ;
#3830 = ORIENTED_EDGE ( 'NONE', *, *, #3659, .F. ) ;
#3831 = VECTOR ( 'NONE', #35, 1000.000000000000000 ) ;
#3832 = VECTOR ( 'NONE', #6482, 1000.000000000000000 ) ;
#3833 = DIRECTION ( 'NONE',  ( 0.000000000000000000, -0.000000000000000000, 1.000000000000000000 ) ) ;
#3834 = CARTESIAN_POINT ( 'NONE',  ( 44.45000000000000284, 10.80000000000000426, -33.62500000000000000 ) ) ;
#3835 = ORIENTED_EDGE ( 'NONE', *, *, #1498, .F. ) ;
#3836 = PLANE ( 'NONE',  #1940 ) ;
#3837 = CARTESIAN_POINT ( 'NONE',  ( 51.62500000000000000, 10.80000000000000071, 0.000000000000000000 ) ) ;
#3838 = AXIS2_PLACEMENT_3D ( 'NONE', #3299, #5326, #6352 ) ;
#3839 = DIRECTION ( 'NONE',  ( 1.000000000000000000, 0.000000000000000000, 0.000000000000000000 ) ) ;
#3840 = EDGE_LOOP ( 'NONE', ( #943, #3080, #4486, #1310 ) ) ;
#3841 = DIRECTION ( 'NONE',  ( -0.000000000000000000, -0.000000000000000000, 1.000000000000000000 ) ) ;
#3842 = VECTOR ( 'NONE', #6410, 1000.000000000000000 ) ;
#3843 = DIRECTION ( 'NONE',  ( 0.2386847610229711480, 0.8323926831162093976, -0.5001519828512178689 ) ) ;
#3844 = CARTESIAN_POINT ( 'NONE',  ( -48.89016950369979497, 7.500000000000007105, -35.45000000000001705 ) ) ;
#3845 = ORIENTED_EDGE ( 'NONE', *, *, #2254, .T. ) ;
#3846 = EDGE_CURVE ( 'NONE', #1367, #5233, #2786, .T. ) ;
#3847 = DIRECTION ( 'NONE',  ( -1.000000000000000000, 3.018354541273066194E-16, -8.654992372942126676E-17 ) ) ;
#3848 = VECTOR ( 'NONE', #484, 1000.000000000000000 ) ;
#3849 = ORIENTED_EDGE ( 'NONE', *, *, #279, .F. ) ;
#3850 = EDGE_LOOP ( 'NONE', ( #3011, #4049, #6661, #1898 ) ) ;
#3851 = CARTESIAN_POINT ( 'NONE',  ( -48.89016950369979497, 7.500000000000007105, -35.45000000000001705 ) ) ;
#3852 = AXIS2_PLACEMENT_3D ( 'NONE', #366, #2578, #5709 ) ;
#3853 = DIRECTION ( 'NONE',  ( -0.000000000000000000, 0.000000000000000000, -1.000000000000000000 ) ) ;
#3854 = CARTESIAN_POINT ( 'NONE',  ( 61.43449314192414334, 7.500000000000000000, -33.36342533005872468 ) ) ;
#3855 = ADVANCED_FACE ( 'NONE', ( #1301 ), #3416, .F. ) ;
#3856 = VERTEX_POINT ( 'NONE', #5986 ) ;
#3857 = LINE ( 'NONE', #1230, #1954 ) ;
#3858 = ORIENTED_EDGE ( 'NONE', *, *, #6830, .T. ) ;
#3859 = EDGE_CURVE ( 'NONE', #5352, #3129, #6560, .T. ) ;
#3860 = AXIS2_PLACEMENT_3D ( 'NONE', #3901, #4918, #5571 ) ;
#3861 = B_SPLINE_CURVE_WITH_KNOTS ( 'NONE', 3,
 ( #3691, #5229, #6843, #6223, #4747, #2577, #3584, #4708, #5708, #4194, #3065, #5191, #445, #2544 ),
 .UNSPECIFIED., .F., .F.,
 ( 4, 2, 2, 2, 2, 2, 4 ),
 ( 6.992893892674702526E-18, 0.0002963748339482866938, 0.0005927496678965663403, 0.001185499335793106443, 0.001778249003689646437, 0.002074623837637926300, 0.002370998671586205947 ),
 .UNSPECIFIED. ) ;
#3862 = ORIENTED_EDGE ( 'NONE', *, *, #3455, .T. ) ;
#3863 = FACE_OUTER_BOUND ( 'NONE', #1783, .T. ) ;
#3864 = FACE_OUTER_BOUND ( 'NONE', #2533, .T. ) ;
#3865 = ADVANCED_FACE ( 'NONE', ( #5541 ), #2818, .T. ) ;
#3866 = AXIS2_PLACEMENT_3D ( 'NONE', #5042, #5075, #4103 ) ;
#3867 = LINE ( 'NONE', #1268, #5163 ) ;
#3868 = LINE ( 'NONE', #4394, #6523 ) ;
#3869 = ORIENTED_EDGE ( 'NONE', *, *, #1392, .F. ) ;
#3870 = ORIENTED_EDGE ( 'NONE', *, *, #6312, .F. ) ;
#3871 = EDGE_CURVE ( 'NONE', #4090, #1677, #6593, .T. ) ;
#3872 = EDGE_CURVE ( 'NONE', #721, #5862, #1235, .T. ) ;
#3873 = DIRECTION ( 'NONE',  ( -0.000000000000000000, -0.000000000000000000, 1.000000000000000000 ) ) ;
#3874 = CARTESIAN_POINT ( 'NONE',  ( -40.07937528197222576, 29.75245638442229179, 13.88452941702785459 ) ) ;
#3875 = ADVANCED_FACE ( 'NONE', ( #1200 ), #819, .F. ) ;
#3876 = EDGE_LOOP ( 'NONE', ( #2029, #4596, #4923, #2984 ) ) ;
#3877 = EDGE_CURVE ( 'NONE', #966, #954, #787, .T. ) ;
#3878 = DIRECTION ( 'NONE',  ( 1.000000000000000000, -0.000000000000000000, -0.000000000000000000 ) ) ;
#3879 = DIRECTION ( 'NONE',  ( 1.000000000000000000, 0.000000000000000000, 0.000000000000000000 ) ) ;
#3880 = LINE ( 'NONE', #621, #1116 ) ;
#3881 = AXIS2_PLACEMENT_3D ( 'NONE', #4851, #2204, #1688 ) ;
#3882 = ORIENTED_EDGE ( 'NONE', *, *, #4895, .F. ) ;
#3883 = DIRECTION ( 'NONE',  ( 0.9612616959383175619, -0.2756373558170040483, 0.000000000000000000 ) ) ;
#3884 = MANIFOLD_SOLID_BREP ( 'Fillet2', #2489 ) ;
#3885 = CARTESIAN_POINT ( 'NONE',  ( -53.44999999999999574, 7.500000000000007105, -30.89016950369980918 ) ) ;
#3886 = CARTESIAN_POINT ( 'NONE',  ( -49.67668115863877176, 7.439244242937526508, -35.48650574179806938 ) ) ;
#3887 = ORIENTED_EDGE ( 'NONE', *, *, #1126, .F. ) ;
#3888 = B_SPLINE_CURVE_WITH_KNOTS ( 'NONE', 3,
 ( #4285, #3232, #6388, #1650, #3755, #6570 ),
 .UNSPECIFIED., .F., .F.,
 ( 4, 2, 4 ),
 ( 6.992893892674702526E-18, 0.0005992726689108931245, 0.001198545337821779310 ),
 .UNSPECIFIED. ) ;
#3889 = LINE ( 'NONE', #3921, #5656 ) ;
#3890 = EDGE_CURVE ( 'NONE', #1538, #1277, #200, .T. ) ;
#3891 = EDGE_CURVE ( 'NONE', #2842, #4561, #2894, .T. ) ;
#3892 = CARTESIAN_POINT ( 'NONE',  ( -49.87590218607327586, 7.347213556625792563, -35.45000000000002416 ) ) ;
#3893 = DIRECTION ( 'NONE',  ( 0.2386847610229711480, -0.8323926831162093976, 0.5001519828512179799 ) ) ;
#3894 = PLANE ( 'NONE',  #4983 ) ;
#3895 = ORIENTED_EDGE ( 'NONE', *, *, #6742, .T. ) ;
#3896 = DIRECTION ( 'NONE',  ( 0.000000000000000000, -0.000000000000000000, -1.000000000000000000 ) ) ;
#3897 = ORIENTED_EDGE ( 'NONE', *, *, #196, .F. ) ;
#3898 = ORIENTED_EDGE ( 'NONE', *, *, #4340, .F. ) ;
#3899 = CARTESIAN_POINT ( 'NONE',  ( 0.000000000000000000, 0.000000000000000000, 8.000000000000000000 ) ) ;
#3900 = LINE ( 'NONE', #4293, #6274 ) ;
#3901 = CARTESIAN_POINT ( 'NONE',  ( 0.000000000000000000, 7.500000000000000000, 34.50374022699553933 ) ) ;
#3902 = EDGE_CURVE ( 'NONE', #3935, #5001, #235, .T. ) ;
#3903 = EDGE_CURVE ( 'NONE', #156, #6055, #6684, .T. ) ;
#3904 = LINE ( 'NONE', #4920, #5500 ) ;
#3905 = CARTESIAN_POINT ( 'NONE',  ( 53.44999999999999574, 10.80000000000000071, -9.550000000000384404 ) ) ;
#3906 = ORIENTED_EDGE ( 'NONE', *, *, #4277, .T. ) ;
#3907 = VERTEX_POINT ( 'NONE', #4632 ) ;
#3908 = EDGE_CURVE ( 'NONE', #4974, #356, #468, .T. ) ;
#3909 = CARTESIAN_POINT ( 'NONE',  ( 51.62500000000000000, 10.53731005528969256, -33.62500000000000000 ) ) ;
#3910 = DIRECTION ( 'NONE',  ( 0.000000000000000000, 0.000000000000000000, -1.000000000000000000 ) ) ;
#3911 = ORIENTED_EDGE ( 'NONE', *, *, #3701, .T. ) ;
#3912 = CARTESIAN_POINT ( 'NONE',  ( 50.06999999999685258, 7.300000000021110047, -32.07000000000009976 ) ) ;
#3913 = LINE ( 'NONE', #3837, #1670 ) ;
#3914 = EDGE_CURVE ( 'NONE', #2913, #2532, #1437, .T. ) ;
#3915 = ORIENTED_EDGE ( 'NONE', *, *, #5630, .F. ) ;
#3916 = EDGE_CURVE ( 'NONE', #4552, #5233, #3577, .T. ) ;
#3917 = CARTESIAN_POINT ( 'NONE',  ( -51.62500000000000711, 10.53731005528969256, -9.625325129531285384 ) ) ;
#3918 = CARTESIAN_POINT ( 'NONE',  ( 0.000000000000000000, 7.500000000000000000, -7.503740226996319151 ) ) ;
#3919 = DIRECTION ( 'NONE',  ( -0.2657276780299894225, -0.9267025424900811048, 0.2657276780299894225 ) ) ;
#3920 = FACE_OUTER_BOUND ( 'NONE', #3558, .T. ) ;
#3921 = CARTESIAN_POINT ( 'NONE',  ( -62.00000000000000000, 7.500000000000000000, 41.00000000000000000 ) ) ;
#3922 = ORIENTED_EDGE ( 'NONE', *, *, #1710, .F. ) ;
#3923 = ORIENTED_EDGE ( 'NONE', *, *, #1631, .T. ) ;
#3924 = DIRECTION ( 'NONE',  ( -0.000000000000000000, 0.000000000000000000, 1.000000000000000000 ) ) ;
#3925 = PLANE ( 'NONE',  #2309 ) ;
#3926 = ORIENTED_EDGE ( 'NONE', *, *, #5809, .T. ) ;
#3927 = CARTESIAN_POINT ( 'NONE',  ( -17.37467487046909653, 10.53731005528968367, -33.62500000000000000 ) ) ;
#3928 = ORIENTED_EDGE ( 'NONE', *, *, #1354, .F. ) ;
#3929 = ORIENTED_EDGE ( 'NONE', *, *, #2252, .F. ) ;
#3930 = DIRECTION ( 'NONE',  ( -0.9612616959383175619, -0.2756373558170040483, 0.000000000000000000 ) ) ;
#3931 = DIRECTION ( 'NONE',  ( 1.000000000000000000, 0.000000000000000000, -0.000000000000000000 ) ) ;
#3932 = CARTESIAN_POINT ( 'NONE',  ( 0.000000000000000000, 10.80000000000000071, 33.62500000000000000 ) ) ;
#3933 = LINE ( 'NONE', #303, #2169 ) ;
#3934 = AXIS2_PLACEMENT_3D ( 'NONE', #970, #3077, #5206 ) ;
#3935 = VERTEX_POINT ( 'NONE', #391 ) ;
#3936 = ORIENTED_EDGE ( 'NONE', *, *, #6777, .F. ) ;
#3937 = VECTOR ( 'NONE', #4145, 1000.000000000000000 ) ;
#3938 = CARTESIAN_POINT ( 'NONE',  ( 57.89895923599141980, 7.500000000000000000, 36.89895923599146954 ) ) ;
#3940 = LINE ( 'NONE', #339, #3974 ) ;
#3939 = VECTOR ( 'NONE', #1113, 1000.000000000000000 ) ;
#3941 = ORIENTED_EDGE ( 'NONE', *, *, #6342, .T. ) ;
#3942 = CARTESIAN_POINT ( 'NONE',  ( -26.45000000000000284, 10.80000000000000071, 35.44999999999961204 ) ) ;
#3943 = DIRECTION ( 'NONE',  ( -1.000000000000000000, -4.226463853452367178E-13, 0.000000000000000000 ) ) ;
#3944 = FACE_OUTER_BOUND ( 'NONE', #4766, .T. ) ;
#3945 = VERTEX_POINT ( 'NONE', #2536 ) ;
#3946 = VECTOR ( 'NONE', #3873, 1000.000000000000000 ) ;
#3947 = ORIENTED_EDGE ( 'NONE', *, *, #2430, .F. ) ;
#3948 = DIRECTION ( 'NONE',  ( -1.000000000000000000, 0.000000000000000000, -0.000000000000000000 ) ) ;
#3949 = VECTOR ( 'NONE', #1324, 1000.000000000000114 ) ;
#3950 = CARTESIAN_POINT ( 'NONE',  ( -53.44999999999999574, 10.80000000000000071, 26.44999999999961204 ) ) ;
#3951 = LINE ( 'NONE', #216, #2854 ) ;
#3952 = EDGE_CURVE ( 'NONE', #4787, #694, #883, .T. ) ;
#3953 = CARTESIAN_POINT ( 'NONE',  ( 35.44999999999999574, 10.80000000000000071, -35.45000000000039364 ) ) ;
#3954 = DIRECTION ( 'NONE',  ( 1.000000000000000000, 0.000000000000000000, -0.000000000000000000 ) ) ;
#3955 = VECTOR ( 'NONE', #1941, 1000.000000000000000 ) ;
#3956 = ORIENTED_EDGE ( 'NONE', *, *, #5194, .F. ) ;
#3957 = EDGE_CURVE ( 'NONE', #4568, #2464, #5668, .T. ) ;
#3958 = LINE ( 'NONE', #3438, #321 ) ;
#3959 = EDGE_CURVE ( 'NONE', #4010, #2403, #3094, .T. ) ;
#3960 = EDGE_CURVE ( 'NONE', #4934, #6094, #6759, .T. ) ;
#3961 = DIRECTION ( 'NONE',  ( -0.000000000000000000, 1.000000000000000000, -0.000000000000000000 ) ) ;
#3962 = CARTESIAN_POINT ( 'NONE',  ( 50.06999999999685258, 7.300000000021103830, -35.45000000000010232 ) ) ;
#3963 = EDGE_CURVE ( 'NONE', #6484, #2842, #3614, .T. ) ;
#3964 = ORIENTED_EDGE ( 'NONE', *, *, #3019, .F. ) ;
#3965 = LINE ( 'NONE', #6081, #524 ) ;
#3966 = VECTOR ( 'NONE', #6578, 1000.000000000000000 ) ;
#3967 = ORIENTED_EDGE ( 'NONE', *, *, #3688, .F. ) ;
#3968 = EDGE_LOOP ( 'NONE', ( #5457, #1579, #4455, #3445 ) ) ;
#3969 = VECTOR ( 'NONE', #6279, 1000.000000000000000 ) ;
#3970 = LINE ( 'NONE', #4429, #2425 ) ;
#3971 = DIRECTION ( 'NONE',  ( 0.2756373558170040483, 0.9612616959383175619, 0.000000000000000000 ) ) ;
#3972 = DIRECTION ( 'NONE',  ( -1.000000000000000000, 0.000000000000000000, 0.000000000000000000 ) ) ;
#3973 = CARTESIAN_POINT ( 'NONE',  ( 18.54999999999999716, 10.80000000000000426, 33.62500000000000000 ) ) ;
#3974 = VECTOR ( 'NONE', #4041, 1000.000000000000114 ) ;
#3975 = ORIENTED_EDGE ( 'NONE', *, *, #3469, .T. ) ;
#3976 = EDGE_LOOP ( 'NONE', ( #1776, #1466, #2985, #2811 ) ) ;
#3977 = AXIS2_PLACEMENT_3D ( 'NONE', #4987, #6087, #300 ) ;
#3978 = CARTESIAN_POINT ( 'NONE',  ( -17.44999999999999929, 10.80000000000000426, 33.62500000000000000 ) ) ;
#3979 = ADVANCED_FACE ( 'NONE', ( #5082 ), #2990, .F. ) ;
#3980 = CARTESIAN_POINT ( 'NONE',  ( 33.26428640000786885, 22.25864506693676859, -26.58211138907234172 ) ) ;
#3981 = ORIENTED_EDGE ( 'NONE', *, *, #4073, .F. ) ;
#3982 = CARTESIAN_POINT ( 'NONE',  ( 53.44999999999999574, 10.80000000000000071, -27.55000000000038796 ) ) ;
#3983 = CARTESIAN_POINT ( 'NONE',  ( 44.45000000000000284, 10.80000000000000071, 35.44999999999961204 ) ) ;
#3984 = CARTESIAN_POINT ( 'NONE',  ( 50.46331884135639001, 7.439244242950439734, -35.48650574179027473 ) ) ;
#3985 = ORIENTED_EDGE ( 'NONE', *, *, #399, .T. ) ;
#3986 = B_SPLINE_CURVE_WITH_KNOTS ( 'NONE', 3,
 ( #3351, #2868, #1274, #5550, #5031, #3387 ),
 .UNSPECIFIED., .F., .F.,
 ( 4, 2, 4 ),
 ( 0.000000000000000000, 0.0005992726689098462189, 0.001198545337819692438 ),
 .UNSPECIFIED. ) ;
#3987 = VECTOR ( 'NONE', #3503, 1000.000000000000114 ) ;
#3988 = ORIENTED_EDGE ( 'NONE', *, *, #3872, .F. ) ;
#3989 = CARTESIAN_POINT ( 'NONE',  ( 51.62500000000000000, 10.80000000000000426, -33.62500000000000000 ) ) ;
#3990 = DIRECTION ( 'NONE',  ( -0.000000000000000000, -0.2756373558170021609, -0.9612616959383181170 ) ) ;
#3991 = CARTESIAN_POINT ( 'NONE',  ( 53.44999999999999574, 7.394692537080039152, -31.68157608074861287 ) ) ;
#3992 = ORIENTED_EDGE ( 'NONE', *, *, #3033, .T. ) ;
#3993 = CARTESIAN_POINT ( 'NONE',  ( -54.49999999999997868, 10.79999999999989235, 36.49999999999959499 ) ) ;
#3994 = VECTOR ( 'NONE', #6473, 1000.000000000000000 ) ;
#3996 = LINE ( 'NONE', #907, #4751 ) ;
#3995 = VECTOR ( 'NONE', #457, 1000.000000000000114 ) ;
#3997 = LINE ( 'NONE', #1942, #5975 ) ;
#3998 = VERTEX_POINT ( 'NONE', #359 ) ;
#3999 = CARTESIAN_POINT ( 'NONE',  ( -35.44999999999999574, 10.80000000000000071, -27.55000000000038796 ) ) ;
#4000 = ADVANCED_FACE ( 'NONE', ( #5739 ), #5222, .F. ) ;
#4001 = VERTEX_POINT ( 'NONE', #3544 ) ;
#4002 = ADVANCED_FACE ( 'NONE', ( #4700 ), #1540, .T. ) ;
#4003 = ORIENTED_EDGE ( 'NONE', *, *, #6521, .F. ) ;
#4004 = ADVANCED_FACE ( 'NONE', ( #917 ), #1470, .F. ) ;
#4005 = EDGE_CURVE ( 'NONE', #6121, #4775, #433, .T. ) ;
#4006 = DIRECTION ( 'NONE',  ( 0.000000000000000000, -0.2756373558170040483, 0.9612616959383175619 ) ) ;
#4007 = DIRECTION ( 'NONE',  ( -0.9612616959383174509, -0.2756373558170042704, 0.000000000000000000 ) ) ;
#4008 = DIRECTION ( 'NONE',  ( 2.296445157324517257E-16, 0.5150380749100545996, -0.8571673007021120005 ) ) ;
#4009 = DIRECTION ( 'NONE',  ( -1.000000000000000000, 0.000000000000000000, 0.000000000000000000 ) ) ;
#4010 = VERTEX_POINT ( 'NONE', #6116 ) ;
#4011 = VERTEX_POINT ( 'NONE', #1365 ) ;
#4012 = FACE_OUTER_BOUND ( 'NONE', #6668, .T. ) ;
#4013 = CARTESIAN_POINT ( 'NONE',  ( -53.24489371323137021, 10.08470937300049464, 9.755106286768237212 ) ) ;
#4014 = DIRECTION ( 'NONE',  ( 0.7071067811865474617, 0.000000000000000000, -0.7071067811865474617 ) ) ;
#4015 = DIRECTION ( 'NONE',  ( -0.5150380749100545996, -0.8571673007021120005, 0.000000000000000000 ) ) ;
#4016 = VERTEX_POINT ( 'NONE', #3477 ) ;
#4017 = APPLICATION_PROTOCOL_DEFINITION ( 'draft international standard', 'automotive_design', 1998, #1444 ) ;
#4018 = ORIENTED_EDGE ( 'NONE', *, *, #1396, .T. ) ;
#4019 = CARTESIAN_POINT ( 'NONE',  ( -53.48654180386741785, 7.439184225575352194, -31.67741092860646646 ) ) ;
#4020 = CARTESIAN_POINT ( 'NONE',  ( 62.00000000000000000, 0.000000000000000000, -34.00000000000000000 ) ) ;
#4021 = ORIENTED_EDGE ( 'NONE', *, *, #5864, .F. ) ;
#4022 = CARTESIAN_POINT ( 'NONE',  ( -45.54999999999999005, 10.80000000000000071, -35.45000000000039364 ) ) ;
#4023 = ADVANCED_FACE ( 'NONE', ( #5595 ), #4564, .T. ) ;
#4024 = VERTEX_POINT ( 'NONE', #1394 ) ;
#4025 = DIRECTION ( 'NONE',  ( 1.000000000000000000, 0.000000000000000000, 0.000000000000000000 ) ) ;
#4026 = LINE ( 'NONE', #4101, #5080 ) ;
#4027 = CARTESIAN_POINT ( 'NONE',  ( -20.73571359999211339, 22.25864506693675793, 26.58211138907232751 ) ) ;
#4028 = FACE_OUTER_BOUND ( 'NONE', #2250, .T. ) ;
#4029 = ORIENTED_EDGE ( 'NONE', *, *, #4627, .T. ) ;
#4030 = EDGE_LOOP ( 'NONE', ( #4029, #5991, #1823, #4607 ) ) ;
#4031 = ORIENTED_EDGE ( 'NONE', *, *, #5829, .F. ) ;
#4032 = LINE ( 'NONE', #2299, #1985 ) ;
#4033 = FACE_OUTER_BOUND ( 'NONE', #3053, .T. ) ;
#4034 = CARTESIAN_POINT ( 'NONE',  ( -53.44999999999999574, 10.80000000000000071, -18.55000000000037730 ) ) ;
#4035 = DIRECTION ( 'NONE',  ( 0.9612616959383175619, -0.2756373558170040483, 0.000000000000000000 ) ) ;
#4036 = CARTESIAN_POINT ( 'NONE',  ( 51.62500000000000000, 10.80000000000000426, 33.62500000000000000 ) ) ;
#4037 = ORIENTED_EDGE ( 'NONE', *, *, #3400, .F. ) ;
#4038 = ORIENTED_EDGE ( 'NONE', *, *, #5507, .F. ) ;
#4039 = ADVANCED_FACE ( 'NONE', ( #1091 ), #2745, .F. ) ;
#4040 = DIRECTION ( 'NONE',  ( -0.9612616959383175619, -0.2756373558170040483, 0.000000000000000000 ) ) ;
#4041 = DIRECTION ( 'NONE',  ( 0.2657276780299913099, -0.9267025424900799946, 0.2657276780299913099 ) ) ;
#4042 = AXIS2_PLACEMENT_3D ( 'NONE', #6061, #5157, #2927 ) ;
#4043 = CARTESIAN_POINT ( 'NONE',  ( -54.51589529291316438, 14.51721864012731800, 26.48410470708644127 ) ) ;
#4044 = LINE ( 'NONE', #4084, #740 ) ;
#4045 = CARTESIAN_POINT ( 'NONE',  ( 51.05258873239340289, 7.492844002942719683, -35.45429975682157675 ) ) ;
#4046 = ORIENTED_EDGE ( 'NONE', *, *, #1661, .T. ) ;
#4047 = EDGE_CURVE ( 'NONE', #411, #5013, #4281, .T. ) ;
#4048 = APPLICATION_PROTOCOL_DEFINITION ( 'draft international standard', 'automotive_design', 1998, #5693 ) ;
#4049 = ORIENTED_EDGE ( 'NONE', *, *, #4266, .F. ) ;
#4050 = ORIENTED_EDGE ( 'NONE', *, *, #5651, .T. ) ;
#4051 = VECTOR ( 'NONE', #1282, 1000.000000000000000 ) ;
#4052 = AXIS2_PLACEMENT_3D ( 'NONE', #492, #3220, #2213 ) ;
#4053 = CARTESIAN_POINT ( 'NONE',  ( 61.43449314192414334, 7.500000000000000000, 33.36342533005872468 ) ) ;
#4054 = CARTESIAN_POINT ( 'NONE',  ( -51.62500000000000000, 10.53731005528969256, -0.6253251295312920455 ) ) ;
#4055 = CARTESIAN_POINT ( 'NONE',  ( 36.54999999999999716, 10.80000000000000071, -35.45000000000039364 ) ) ;
#4056 = VECTOR ( 'NONE', #2171, 1000.000000000000000 ) ;
#4057 = AXIS2_PLACEMENT_3D ( 'NONE', #3793, #1653, #4916 ) ;
#4058 = CARTESIAN_POINT ( 'NONE',  ( 53.44999999999999574, 10.80000000000000071, 26.44999999999961204 ) ) ;
#4059 = B_SPLINE_CURVE_WITH_KNOTS ( 'NONE', 3,
 ( #3166, #5291, #30, #4742, #2061, #3618, #3131, #6250 ),
 .UNSPECIFIED., .F., .F.,
 ( 4, 2, 2, 4 ),
 ( 0.001185079728413666530, 0.001778039199999912820, 0.002074518935793035965, 0.002370998671586159109 ),
 .UNSPECIFIED. ) ;
#4060 = ORIENTED_EDGE ( 'NONE', *, *, #3183, .F. ) ;
#4061 = VECTOR ( 'NONE', #1026, 1000.000000000000114 ) ;
#4062 = AXIS2_PLACEMENT_3D ( 'NONE', #2042, #2869, #1247 ) ;
#4063 = DIRECTION ( 'NONE',  ( 0.7071067811865474617, 0.000000000000000000, 0.7071067811865474617 ) ) ;
#4064 = CARTESIAN_POINT ( 'NONE',  ( 7.503740226995931017, 7.500000000000000000, 0.000000000000000000 ) ) ;
#4065 = PLANE ( 'NONE',  #204 ) ;
#4066 = ADVANCED_FACE ( 'NONE', ( #6383 ), #5253, .T. ) ;
#4067 = CARTESIAN_POINT ( 'NONE',  ( -48.89016950369980918, 7.500000000000007105, 35.45000000000000995 ) ) ;
#4068 = ORIENTED_EDGE ( 'NONE', *, *, #4338, .T. ) ;
#4069 = VECTOR ( 'NONE', #3093, 1000.000000000000000 ) ;
#4070 = ORIENTED_EDGE ( 'NONE', *, *, #4938, .T. ) ;
#4071 = VERTEX_POINT ( 'NONE', #5842 ) ;
#4072 = DIRECTION ( 'NONE',  ( 0.2756373558170039373, 0.9612616959383174509, 0.000000000000000000 ) ) ;
#4073 = EDGE_CURVE ( 'NONE', #4351, #6313, #3714, .T. ) ;
#4074 = VECTOR ( 'NONE', #6676, 1000.000000000000000 ) ;
#4075 = DIRECTION ( 'NONE',  ( -0.2657276780299913099, -0.9267025424900799946, 0.2657276780299913099 ) ) ;
#4076 = DIRECTION ( 'NONE',  ( 0.2386847610229713146, 0.8323926831162099527, -0.5001519828512170918 ) ) ;
#4077 = EDGE_CURVE ( 'NONE', #2075, #6113, #572, .T. ) ;
#4078 = ORIENTED_EDGE ( 'NONE', *, *, #164, .T. ) ;
#4079 = ORIENTED_EDGE ( 'NONE', *, *, #3902, .T. ) ;
#4080 = VECTOR ( 'NONE', #6368, 1000.000000000000114 ) ;
#4081 = CARTESIAN_POINT ( 'NONE',  ( 60.02027957955104398, 9.499999999999980460, -31.94921176768562177 ) ) ;
#4082 = VECTOR ( 'NONE', #5546, 1000.000000000000114 ) ;
#4083 = DIRECTION ( 'NONE',  ( 0.000000000000000000, -1.000000000000000000, 1.850371707708594366E-15 ) ) ;
#4084 = CARTESIAN_POINT ( 'NONE',  ( 10.49625977300407875, 7.500000000000000000, 33.62500000000000000 ) ) ;
#4085 = CARTESIAN_POINT ( 'NONE',  ( 48.98922113158938885, 7.500000000000193623, -35.44999999999986784 ) ) ;
#4086 = ORIENTED_EDGE ( 'NONE', *, *, #1956, .F. ) ;
#4087 = ORIENTED_EDGE ( 'NONE', *, *, #1156, .F. ) ;
#4088 = EDGE_CURVE ( 'NONE', #1792, #5333, #3788, .T. ) ;
#4089 = EDGE_CURVE ( 'NONE', #5130, #5613, #5911, .T. ) ;
#4090 = VERTEX_POINT ( 'NONE', #5803 ) ;
#4091 = VECTOR ( 'NONE', #3972, 1000.000000000000000 ) ;
#4092 = EDGE_CURVE ( 'NONE', #4922, #2915, #2194, .T. ) ;
#4093 = ADVANCED_FACE ( 'NONE', ( #4875 ), #5880, .T. ) ;
#4094 = CARTESIAN_POINT ( 'NONE',  ( 0.000000000000000000, 10.80000000000000071, 33.62500000000000000 ) ) ;
#4095 = CARTESIAN_POINT ( 'NONE',  ( 125.9492894348812371, 10.80000000000000426, -33.62500000000000000 ) ) ;
#4096 = AXIS2_PLACEMENT_3D ( 'NONE', #331, #6591, #5593 ) ;
#4097 = DIRECTION ( 'NONE',  ( -1.000000000000000000, 0.000000000000000000, 0.000000000000000000 ) ) ;
#4098 = EDGE_LOOP ( 'NONE', ( #888, #936, #4213, #6689 ) ) ;
#4099 = VECTOR ( 'NONE', #53, 1000.000000000000000 ) ;
#4100 = DIRECTION ( 'NONE',  ( -0.8164965809277101583, 0.5773502691896481576, 0.000000000000000000 ) ) ;
#4101 = CARTESIAN_POINT ( 'NONE',  ( 125.9492894348812371, 10.80000000000000426, 33.62500000000000000 ) ) ;
#4102 = CARTESIAN_POINT ( 'NONE',  ( -10.19056600552722891, 8.566080860090860227, 34.80943399447237852 ) ) ;
#4103 = DIRECTION ( 'NONE',  ( 1.000000000000000000, 0.000000000000000000, -0.000000000000000000 ) ) ;
#4104 = VECTOR ( 'NONE', #4507, 1000.000000000000000 ) ;
#4105 = ORIENTED_EDGE ( 'NONE', *, *, #2741, .F. ) ;
#4106 = ORIENTED_EDGE ( 'NONE', *, *, #5867, .T. ) ;
#4107 = EDGE_CURVE ( 'NONE', #3679, #451, #4319, .T. ) ;
#4108 = ORIENTED_EDGE ( 'NONE', *, *, #1607, .T. ) ;
#4109 = VECTOR ( 'NONE', #1215, 1000.000000000000227 ) ;
#4110 = CARTESIAN_POINT ( 'NONE',  ( 18.11960549692769717, 12.30096400656400668, 35.88039450307191203 ) ) ;
#4111 = CARTESIAN_POINT ( 'NONE',  ( 51.24983049629710763, 7.500000000021667113, 35.44999999999991047 ) ) ;
#4112 = DIRECTION ( 'NONE',  ( -1.000000000000000000, -4.226362854693271644E-13, 1.062853136466327991E-44 ) ) ;
#4113 = EDGE_LOOP ( 'NONE', ( #3429, #5437, #3798, #2670 ) ) ;
#4114 = CARTESIAN_POINT ( 'NONE',  ( -35.37467487046910009, 10.53731005528972808, -33.62500000000000000 ) ) ;
#4115 = LINE ( 'NONE', #6218, #2396 ) ;
#4116 = VERTEX_POINT ( 'NONE', #500 ) ;
#4117 = ORIENTED_EDGE ( 'NONE', *, *, #5907, .F. ) ;
#4118 = EDGE_CURVE ( 'NONE', #4786, #115, #3748, .T. ) ;
#4119 = LINE ( 'NONE', #6222, #2720 ) ;
#4120 = CARTESIAN_POINT ( 'NONE',  ( -53.44999999999999574, 10.80000000000000071, -26.45000000000038298 ) ) ;
#4121 = DIRECTION ( 'NONE',  ( -0.000000000000000000, 0.000000000000000000, 1.000000000000000000 ) ) ;
#4122 = DIRECTION ( 'NONE',  ( -0.9612616959383174509, -0.2756373558170042704, 0.000000000000000000 ) ) ;
#4123 = PLANE ( 'NONE',  #6810 ) ;
#4124 = CARTESIAN_POINT ( 'NONE',  ( 50.75792874295314761, 7.466212276640477263, -35.47030171237332041 ) ) ;
#4125 = VERTEX_POINT ( 'NONE', #1055 ) ;
#4126 = EDGE_CURVE ( 'NONE', #4998, #1240, #5327, .T. ) ;
#4127 = EDGE_LOOP ( 'NONE', ( #5770, #1257, #2020, #879 ) ) ;
#4128 = ORIENTED_EDGE ( 'NONE', *, *, #591, .T. ) ;
#4129 = EDGE_CURVE ( 'NONE', #2532, #1586, #5775, .T. ) ;
#4130 = DIRECTION ( 'NONE',  ( 0.7071067811865474617, -0.7071067811865474617, -0.000000000000000000 ) ) ;
#4131 = FACE_OUTER_BOUND ( 'NONE', #5881, .T. ) ;
#4132 = DIRECTION ( 'NONE',  ( 1.000000000000000000, 0.000000000000000000, -0.000000000000000000 ) ) ;
#4133 = CARTESIAN_POINT ( 'NONE',  ( 53.44999999999999574, 7.500000000000423661, 31.09063699418318194 ) ) ;
#4134 = EDGE_LOOP ( 'NONE', ( #110, #1162, #4892, #1269 ) ) ;
#4135 = CARTESIAN_POINT ( 'NONE',  ( 61.85875721063607102, 9.899999999999975486, -33.78768939877064525 ) ) ;
#4136 = LINE ( 'NONE', #1491, #4532 ) ;
#4137 = DIRECTION ( 'NONE',  ( 0.000000000000000000, 0.000000000000000000, 1.000000000000000000 ) ) ;
#4138 = FACE_OUTER_BOUND ( 'NONE', #1569, .T. ) ;
#4139 = VERTEX_POINT ( 'NONE', #2601 ) ;
#4140 = ORIENTED_EDGE ( 'NONE', *, *, #578, .T. ) ;
#4141 = DIRECTION ( 'NONE',  ( -1.000000000000000000, 0.000000000000000000, 0.000000000000000000 ) ) ;
#4142 = FACE_OUTER_BOUND ( 'NONE', #2253, .T. ) ;
#4143 = DIRECTION ( 'NONE',  ( 1.000000000000000000, -3.018354541273066194E-16, 8.654992372942126676E-17 ) ) ;
#4144 = ORIENTED_EDGE ( 'NONE', *, *, #4795, .T. ) ;
#4145 = DIRECTION ( 'NONE',  ( -1.000000000000000000, 0.000000000000000000, 0.000000000000000000 ) ) ;
#4146 = LINE ( 'NONE', #1992, #6811 ) ;
#4147 = ORIENTED_EDGE ( 'NONE', *, *, #744, .T. ) ;
#4148 = ORIENTED_EDGE ( 'NONE', *, *, #28, .F. ) ;
#4149 = CARTESIAN_POINT ( 'NONE',  ( -44.37467487046907877, 10.53731005528967657, 33.62500000000000000 ) ) ;
#4150 = DIRECTION ( 'NONE',  ( -0.7071067811865452413, 0.000000000000000000, -0.7071067811865497932 ) ) ;
#4151 = LINE ( 'NONE', #4709, #3298 ) ;
#4152 = FACE_OUTER_BOUND ( 'NONE', #4134, .T. ) ;
#4153 = DIRECTION ( 'NONE',  ( -0.2657276780299911434, 0.9267025424900801056, 0.2657276780299911434 ) ) ;
#4154 = DIRECTION ( 'NONE',  ( 0.000000000000000000, 0.000000000000000000, -1.000000000000000000 ) ) ;
#4155 = ORIENTED_EDGE ( 'NONE', *, *, #530, .F. ) ;
#4156 = ORIENTED_EDGE ( 'NONE', *, *, #6774, .F. ) ;
#4157 = VERTEX_POINT ( 'NONE', #4738 ) ;
#4158 = FACE_OUTER_BOUND ( 'NONE', #420, .T. ) ;
#4159 = PLANE ( 'NONE',  #2738 ) ;
#4160 = AXIS2_PLACEMENT_3D ( 'NONE', #831, #5033, #3391 ) ;
#4161 = PLANE ( 'NONE',  #3934 ) ;
#4162 = CARTESIAN_POINT ( 'NONE',  ( -54.96378475451787438, 7.500000000000000000, -36.50000000000039080 ) ) ;
#4163 = AXIS2_PLACEMENT_3D ( 'NONE', #6672, #5134, #1933 ) ;
#4164 = AXIS2_PLACEMENT_3D ( 'NONE', #3739, #4826, #80 ) ;
#4165 = EDGE_LOOP ( 'NONE', ( #6597, #4488, #6315, #4504, #3335, #2222 ) ) ;
#4166 = ADVANCED_FACE ( 'NONE', ( #4803 ), #1646, .F. ) ;
#4167 = FACE_OUTER_BOUND ( 'NONE', #5177, .T. ) ;
#4168 = LINE ( 'NONE', #3317, #4644 ) ;
#4169 = AXIS2_PLACEMENT_3D ( 'NONE', #2127, #4936, #2646 ) ;
#4170 = CARTESIAN_POINT ( 'NONE',  ( -57.99999999999999289, 7.500000000000000000, 8.000000000000000000 ) ) ;
#4171 = DIRECTION ( 'NONE',  ( 0.1378445374916336952, 0.9808148484639876985, 0.1378445374916336952 ) ) ;
#4172 = AXIS2_PLACEMENT_3D ( 'NONE', #4366, #3355, #1279 ) ;
#4173 = ORIENTED_EDGE ( 'NONE', *, *, #6320, .F. ) ;
#4174 = ORIENTED_EDGE ( 'NONE', *, *, #1201, .F. ) ;
#4175 = VECTOR ( 'NONE', #1210, 1000.000000000000000 ) ;
#4176 = EDGE_CURVE ( 'NONE', #312, #1146, #5358, .T. ) ;
#4177 = VECTOR ( 'NONE', #5531, 1000.000000000000000 ) ;
#4178 = VERTEX_POINT ( 'NONE', #4248 ) ;
#4179 = EDGE_CURVE ( 'NONE', #429, #90, #1602, .T. ) ;
#4180 = ADVANCED_FACE ( 'NONE', ( #2329 ), #3925, .F. ) ;
#4181 = ADVANCED_FACE ( 'NONE', ( #2779 ), #1260, .F. ) ;
#4182 = DIRECTION ( 'NONE',  ( 0.000000000000000000, 0.000000000000000000, 1.000000000000000000 ) ) ;
#4183 = DIRECTION ( 'NONE',  ( -1.000000000000000000, 0.000000000000000000, 0.000000000000000000 ) ) ;
#4184 = DIRECTION ( 'NONE',  ( 0.9612616959383175619, -0.2756373558170040483, 0.000000000000000000 ) ) ;
#4185 = ADVANCED_FACE ( 'NONE', ( #3816 ), #4350, .F. ) ;
#4186 = ORIENTED_EDGE ( 'NONE', *, *, #1121, .F. ) ;
#4187 = VECTOR ( 'NONE', #432, 1000.000000000000000 ) ;
#4188 = LINE ( 'NONE', #6288, #2175 ) ;
#4189 = FACE_OUTER_BOUND ( 'NONE', #4961, .T. ) ;
#4190 = EDGE_LOOP ( 'NONE', ( #6, #4624, #3072, #4785 ) ) ;
#4191 = VERTEX_POINT ( 'NONE', #2912 ) ;
#4192 = VECTOR ( 'NONE', #5451, 1000.000000000000000 ) ;
#4193 = DIRECTION ( 'NONE',  ( -0.9612616959383175619, -0.2756373558170040483, 0.000000000000000000 ) ) ;
#4194 = CARTESIAN_POINT ( 'NONE',  ( -53.47030171238240115, 7.466212276625365796, 31.38207125704204614 ) ) ;
#4195 = CARTESIAN_POINT ( 'NONE',  ( 51.62500000000000000, 10.80000000000000426, -27.55000000000038796 ) ) ;
#4196 = DIRECTION ( 'NONE',  ( 0.2657276780299894225, 0.9267025424900811048, 0.2657276780299894225 ) ) ;
#4197 = LINE ( 'NONE', #4232, #2987 ) ;
#4198 = VECTOR ( 'NONE', #5479, 1000.000000000000227 ) ;
#4199 = ORIENTED_EDGE ( 'NONE', *, *, #6312, .T. ) ;
#4200 = ORIENTED_EDGE ( 'NONE', *, *, #4219, .T. ) ;
#4201 = ORIENTED_EDGE ( 'NONE', *, *, #2853, .T. ) ;
#4202 = ADVANCED_FACE ( 'NONE', ( #122 ), #3894, .F. ) ;
#4203 = VECTOR ( 'NONE', #2101, 1000.000000000000114 ) ;
#4204 = FACE_OUTER_BOUND ( 'NONE', #5744, .T. ) ;
#4205 = DIRECTION ( 'NONE',  ( 0.7071067811865474617, 0.000000000000000000, 0.7071067811865474617 ) ) ;
#4206 = DIRECTION ( 'NONE',  ( 0.000000000000000000, -0.9612616959383174509, 0.2756373558170039373 ) ) ;
#4207 = VECTOR ( 'NONE', #3261, 1000.000000000000114 ) ;
#4208 = DIRECTION ( 'NONE',  ( 1.000000000000000000, 0.000000000000000000, 0.000000000000000000 ) ) ;
#4209 = VECTOR ( 'NONE', #4459, 1000.000000000000227 ) ;
#4210 = EDGE_CURVE ( 'NONE', #3243, #4867, #4656, .T. ) ;
#4211 = CARTESIAN_POINT ( 'NONE',  ( -0.5499999999999949374, 10.80000000000000071, 35.44999999999961204 ) ) ;
#4212 = DIRECTION ( 'NONE',  ( -0.2657276780299913099, -0.9267025424900799946, 0.2657276780299913099 ) ) ;
#4213 = ORIENTED_EDGE ( 'NONE', *, *, #3359, .T. ) ;
#4214 = ORIENTED_EDGE ( 'NONE', *, *, #6342, .F. ) ;
#4215 = ORIENTED_EDGE ( 'NONE', *, *, #6637, .F. ) ;
#4216 = DIRECTION ( 'NONE',  ( -0.9612616959383175619, -0.2756373558170040483, 0.000000000000000000 ) ) ;
#4217 = LINE ( 'NONE', #2022, #3285 ) ;
#4218 = DIRECTION ( 'NONE',  ( 0.000000000000000000, 0.000000000000000000, -1.000000000000000000 ) ) ;
#4219 = EDGE_CURVE ( 'NONE', #3331, #4396, #5427, .T. ) ;
#4220 = ORIENTED_EDGE ( 'NONE', *, *, #704, .F. ) ;
#4221 = CARTESIAN_POINT ( 'NONE',  ( 40.07937528197223997, 29.75245638442227047, -31.88452941702865573 ) ) ;
#4222 = CARTESIAN_POINT ( 'NONE',  ( 45.54999999999999005, 10.80000000000000071, 0.5499999999996132427 ) ) ;
#4223 = ORIENTED_EDGE ( 'NONE', *, *, #4682, .T. ) ;
#4224 = VECTOR ( 'NONE', #2929, 1000.000000000000114 ) ;
#4225 = ADVANCED_FACE ( 'NONE', ( #187 ), #672, .F. ) ;
#4226 = EDGE_LOOP ( 'NONE', ( #5732, #5087, #2681, #1399 ) ) ;
#4227 = EDGE_CURVE ( 'NONE', #20, #4139, #2885, .T. ) ;
#4228 = DIRECTION ( 'NONE',  ( 0.000000000000000000, 0.000000000000000000, 1.000000000000000000 ) ) ;
#4229 = CARTESIAN_POINT ( 'NONE',  ( -50.06999999999999318, 7.499999999999947597, -32.07000000000001450 ) ) ;
#4230 = CARTESIAN_POINT ( 'NONE',  ( -50.06999999999999318, 7.299999999999999822, 35.45000000000000284 ) ) ;
#4231 = FACE_OUTER_BOUND ( 'NONE', #5856, .T. ) ;
#4232 = CARTESIAN_POINT ( 'NONE',  ( -50.06738976402689190, -0.9965637948165171345, -32.06738976402728980 ) ) ;
#4233 = VERTEX_POINT ( 'NONE', #5563 ) ;
#4234 = EDGE_LOOP ( 'NONE', ( #1196, #2189, #3242, #6378 ) ) ;
#4235 = ORIENTED_EDGE ( 'NONE', *, *, #4593, .F. ) ;
#4236 = ORIENTED_EDGE ( 'NONE', *, *, #4689, .T. ) ;
#4237 = CARTESIAN_POINT ( 'NONE',  ( -52.80943399447264852, 8.566080860090401927, 0.000000000000000000 ) ) ;
#4238 = DIRECTION ( 'NONE',  ( 0.000000000000000000, 0.000000000000000000, -1.000000000000000000 ) ) ;
#4239 = ORIENTED_EDGE ( 'NONE', *, *, #5353, .T. ) ;
#4240 = FACE_OUTER_BOUND ( 'NONE', #5590, .T. ) ;
#4241 = DIRECTION ( 'NONE',  ( 0.9612616959383174509, -0.2756373558170042704, 0.000000000000000000 ) ) ;
#4242 = LINE ( 'NONE', #462, #4415 ) ;
#4243 = EDGE_LOOP ( 'NONE', ( #3371, #6048, #6765, #1104 ) ) ;
#4244 = ORIENTED_EDGE ( 'NONE', *, *, #6307, .F. ) ;
#4245 = VERTEX_POINT ( 'NONE', #2810 ) ;
#4246 = LINE ( 'NONE', #3297, #5876 ) ;
#4247 = FACE_OUTER_BOUND ( 'NONE', #1560, .T. ) ;
#4248 = CARTESIAN_POINT ( 'NONE',  ( 54.99999999999997868, -11.50000000000000000, 41.00000000000000711 ) ) ;
#4249 = ORIENTED_EDGE ( 'NONE', *, *, #3661, .T. ) ;
#4250 = DIRECTION ( 'NONE',  ( 0.000000000000000000, 0.000000000000000000, -1.000000000000000000 ) ) ;
#4251 = CARTESIAN_POINT ( 'NONE',  ( -51.62500000000000711, 7.500000000000000000, 7.503740226995556206 ) ) ;
#4252 = ORIENTED_EDGE ( 'NONE', *, *, #718, .T. ) ;
#4253 = ORIENTED_EDGE ( 'NONE', *, *, #6367, .T. ) ;
#4254 = CARTESIAN_POINT ( 'NONE',  ( -43.50374022699592302, 7.500000000000000000, 33.62500000000000000 ) ) ;
#4255 = DIRECTION ( 'NONE',  ( -0.000000000000000000, -1.000000000000000000, -0.000000000000000000 ) ) ;
#4256 = CARTESIAN_POINT ( 'NONE',  ( 37.49625977300406987, 7.500000000000000000, -33.62500000000000000 ) ) ;
#4257 = LINE ( 'NONE', #2203, #6155 ) ;
#4258 = DIRECTION ( 'NONE',  ( -0.2386847610229713423, -0.8323926831162092865, -0.5001519828512179799 ) ) ;
#4259 = ORIENTED_EDGE ( 'NONE', *, *, #634, .T. ) ;
#4260 = ORIENTED_EDGE ( 'NONE', *, *, #1208, .F. ) ;
#4261 = VERTEX_POINT ( 'NONE', #5943 ) ;
#4262 = EDGE_CURVE ( 'NONE', #5257, #6796, #5012, .T. ) ;
#4263 = ADVANCED_FACE ( 'NONE', ( #256 ), #152, .T. ) ;
#4264 = EDGE_LOOP ( 'NONE', ( #5994, #5859, #596, #5280 ) ) ;
#4265 = CARTESIAN_POINT ( 'NONE',  ( -62.00000000000000000, -11.50000000000000000, 41.00000000000000000 ) ) ;
#4266 = EDGE_CURVE ( 'NONE', #2886, #3670, #1744, .T. ) ;
#4267 = CARTESIAN_POINT ( 'NONE',  ( 61.43449314192414334, 10.49999999999999822, 33.36342533005872468 ) ) ;
#4268 = DIRECTION ( 'NONE',  ( -0.7071067811865452413, -0.000000000000000000, -0.7071067811865497932 ) ) ;
#4269 = ORIENTED_EDGE ( 'NONE', *, *, #5051, .F. ) ;
#4270 = CARTESIAN_POINT ( 'NONE',  ( 44.45000000000000284, 10.80000000000000426, 33.62500000000000000 ) ) ;
#4271 = PLANE ( 'NONE',  #2076 ) ;
#4272 = ORIENTED_EDGE ( 'NONE', *, *, #2509, .F. ) ;
#4273 = VECTOR ( 'NONE', #2355, 1000.000000000000000 ) ;
#4274 = VERTEX_POINT ( 'NONE', #812 ) ;
#4275 = VERTEX_POINT ( 'NONE', #2292 ) ;
#4276 = VECTOR ( 'NONE', #2408, 1000.000000000000227 ) ;
#4277 = EDGE_CURVE ( 'NONE', #2052, #2142, #1842, .T. ) ;
#4278 = VECTOR ( 'NONE', #3712, 1000.000000000000114 ) ;
#4279 = DIRECTION ( 'NONE',  ( 0.000000000000000000, -0.2756373558170042704, 0.9612616959383174509 ) ) ;
#4280 = DIRECTION ( 'NONE',  ( 1.000000000000000000, 6.036709082546134360E-16, 1.730998474588423856E-16 ) ) ;
#4281 = LINE ( 'NONE', #3163, #5535 ) ;
#4282 = ORIENTED_EDGE ( 'NONE', *, *, #1917, .F. ) ;
#4283 = LINE ( 'NONE', #3818, #1061 ) ;
#4284 = LINE ( 'NONE', #1129, #4733 ) ;
#4285 = CARTESIAN_POINT ( 'NONE',  ( -53.44999999999999574, 7.500000000000007105, 30.89016950369977721 ) ) ;
#4286 = VECTOR ( 'NONE', #4196, 1000.000000000000114 ) ;
#4287 = ORIENTED_EDGE ( 'NONE', *, *, #5123, .T. ) ;
#4288 = AXIS2_PLACEMENT_3D ( 'NONE', #2199, #6391, #5887 ) ;
#4289 = EDGE_CURVE ( 'NONE', #3668, #6196, #4979, .T. ) ;
#4290 = CARTESIAN_POINT ( 'NONE',  ( -48.89016950369979497, 7.500000000000007105, -35.45000000000001705 ) ) ;
#4291 = PRODUCT_DEFINITION_SHAPE ( 'NONE', 'NONE',  #3103 ) ;
#4292 = VECTOR ( 'NONE', #3281, 1000.000000000000000 ) ;
#4293 = CARTESIAN_POINT ( 'NONE',  ( 52.80943399447264142, 8.566080860090410809, 0.000000000000000000 ) ) ;
#4294 = DIRECTION ( 'NONE',  ( -1.000000000000000000, -0.000000000000000000, -0.000000000000000000 ) ) ;
#4295 = CARTESIAN_POINT ( 'NONE',  ( 9.625325129530908796, 10.53731005528970321, 33.62500000000000000 ) ) ;
#4296 = PLANE ( 'NONE',  #5215 ) ;
#4297 = EDGE_LOOP ( 'NONE', ( #3887, #3473, #1313, #3354 ) ) ;
#4298 = ORIENTED_EDGE ( 'NONE', *, *, #5442, .F. ) ;
#4299 = VECTOR ( 'NONE', #3341, 1000.000000000000000 ) ;
#4300 = VECTOR ( 'NONE', #2911, 1000.000000000000227 ) ;
#4301 = VERTEX_POINT ( 'NONE', #4377 ) ;
#4302 = CARTESIAN_POINT ( 'NONE',  ( 24.26428640000781556, 22.25864506693693556, -26.58211138907204329 ) ) ;
#4303 = CARTESIAN_POINT ( 'NONE',  ( 53.88039450307233125, 12.30096400656410260, -18.11960549692804534 ) ) ;
#4304 = ADVANCED_FACE ( 'NONE', ( #6480 ), #5978, .T. ) ;
#4305 = ADVANCED_FACE ( 'NONE', ( #4138 ), #6108, .F. ) ;
#4306 = ADVANCED_FACE ( 'NONE', ( #2432 ), #384, .T. ) ;
#4307 = VERTEX_POINT ( 'NONE', #5691 ) ;
#4308 = VECTOR ( 'NONE', #6812, 1000.000000000000000 ) ;
#4309 = EDGE_CURVE ( 'NONE', #271, #2306, #2491, .T. ) ;
#4310 = CARTESIAN_POINT ( 'NONE',  ( -60.00000000000000000, 7.500000000000000000, 8.000000000000000000 ) ) ;
#4311 = LINE ( 'NONE', #6347, #100 ) ;
#4312 = ORIENTED_EDGE ( 'NONE', *, *, #5767, .T. ) ;
#4313 = AXIS2_PLACEMENT_3D ( 'NONE', #5074, #6139, #1382 ) ;
#4314 = LINE ( 'NONE', #5380, #5652 ) ;
#4315 = ORIENTED_EDGE ( 'NONE', *, *, #744, .F. ) ;
#4316 = COLOUR_RGB ( '',0.7921568627450980005, 0.8196078431372548767, 0.9333333333333333481 ) ;
#4317 = DIRECTION ( 'NONE',  ( 1.000000000000000000, -0.000000000000000000, -0.000000000000000000 ) ) ;
#4318 = LINE ( 'NONE', #6421, #5289 ) ;
#4319 = LINE ( 'NONE', #5287, #2089 ) ;
#4320 = EDGE_LOOP ( 'NONE', ( #1810, #1006, #2627, #6349 ) ) ;
#4321 = CARTESIAN_POINT ( 'NONE',  ( 0.5499999999999671818, 10.80000000000000426, -33.62500000000000000 ) ) ;
#4322 = VECTOR ( 'NONE', #817, 1000.000000000000000 ) ;
#4323 = ORIENTED_EDGE ( 'NONE', *, *, #2136, .T. ) ;
#4324 = CARTESIAN_POINT ( 'NONE',  ( -52.80943399447264142, 8.566080860090416138, 0.000000000000000000 ) ) ;
#4325 = CARTESIAN_POINT ( 'NONE',  ( -47.73571359999212405, 22.25864506693676503, -26.58211138907234528 ) ) ;
#4326 = FACE_OUTER_BOUND ( 'NONE', #3513, .T. ) ;
#4327 = EDGE_CURVE ( 'NONE', #5664, #1740, #1385, .T. ) ;
#4328 = VECTOR ( 'NONE', #219, 1000.000000000000000 ) ;
#4329 = DIRECTION ( 'NONE',  ( 1.000000000000000000, 0.000000000000000000, 0.000000000000000000 ) ) ;
#4330 = DIRECTION ( 'NONE',  ( -0.000000000000000000, 0.9612616959383180060, 0.2756373558170023830 ) ) ;
#4331 = EDGE_LOOP ( 'NONE', ( #2516, #1390, #3278, #6572 ) ) ;
#4332 = ORIENTED_EDGE ( 'NONE', *, *, #5027, .F. ) ;
#4333 = EDGE_CURVE ( 'NONE', #3631, #2565, #877, .T. ) ;
#4334 = VECTOR ( 'NONE', #6747, 1000.000000000000114 ) ;
#4335 = CARTESIAN_POINT ( 'NONE',  ( 54.96378475451788859, 7.500000000000000000, 36.96378475451749068 ) ) ;
#4336 = LINE ( 'NONE', #137, #3632 ) ;
#4337 = ORIENTED_EDGE ( 'NONE', *, *, #3395, .T. ) ;
#4338 = EDGE_CURVE ( 'NONE', #4549, #90, #2871, .T. ) ;
#4339 = CARTESIAN_POINT ( 'NONE',  ( 53.44999999999999574, 10.80000000000000071, -35.45000000000039364 ) ) ;
#4340 = EDGE_CURVE ( 'NONE', #2130, #4245, #326, .T. ) ;
#4341 = ORIENTED_EDGE ( 'NONE', *, *, #5123, .F. ) ;
#4342 = LINE ( 'NONE', #3705, #5719 ) ;
#4343 = CARTESIAN_POINT ( 'NONE',  ( -2.735713599992180889, 22.25864506693693556, -26.58211138907204329 ) ) ;
#4344 = VERTEX_POINT ( 'NONE', #2530 ) ;
#4345 = PLANE ( 'NONE',  #2879 ) ;
#4346 = ORIENTED_EDGE ( 'NONE', *, *, #1828, .F. ) ;
#4347 = ORIENTED_EDGE ( 'NONE', *, *, #4047, .T. ) ;
#4348 = DIRECTION ( 'NONE',  ( 1.000000000000000000, 0.000000000000000000, 0.000000000000000000 ) ) ;
#4349 = DIRECTION ( 'NONE',  ( 0.9612616959383174509, -0.2756373558170042704, 0.000000000000000000 ) ) ;
#4350 = PLANE ( 'NONE',  #1320 ) ;
#4351 = VERTEX_POINT ( 'NONE', #5588 ) ;
#4352 = DIRECTION ( 'NONE',  ( 0.2657276780299911434, -0.9267025424900801056, 0.2657276780299911434 ) ) ;
#4353 = ORIENTED_EDGE ( 'NONE', *, *, #4089, .T. ) ;
#4354 = DIRECTION ( 'NONE',  ( -0.000000000000000000, -0.000000000000000000, 1.000000000000000000 ) ) ;
#4355 = DIRECTION ( 'NONE',  ( 0.000000000000000000, 0.000000000000000000, 1.000000000000000000 ) ) ;
#4356 = LINE ( 'NONE', #6457, #4420 ) ;
#4357 = FACE_OUTER_BOUND ( 'NONE', #1758, .T. ) ;
#4358 = CARTESIAN_POINT ( 'NONE',  ( -26.37467487046910009, 10.53731005528967657, -33.62500000000000000 ) ) ;
#4359 = ORIENTED_EDGE ( 'NONE', *, *, #486, .T. ) ;
#4360 = ORIENTED_EDGE ( 'NONE', *, *, #315, .F. ) ;
#4361 = FACE_OUTER_BOUND ( 'NONE', #5966, .T. ) ;
#4362 = EDGE_CURVE ( 'NONE', #161, #450, #4661, .T. ) ;
#4363 = CARTESIAN_POINT ( 'NONE',  ( 16.50374022699593013, 7.500000000000000000, 0.000000000000000000 ) ) ;
#4364 = FACE_OUTER_BOUND ( 'NONE', #964, .T. ) ;
#4365 = LINE ( 'NONE', #3736, #566 ) ;
#4366 = CARTESIAN_POINT ( 'NONE',  ( 0.000000000000000000, 7.500000000000000000, 25.50374022699553578 ) ) ;
#4367 = CARTESIAN_POINT ( 'NONE',  ( 60.02027957955104398, 10.49999999999999822, -31.94921176768562177 ) ) ;
#4368 = DIRECTION ( 'NONE',  ( -1.000000000000000000, 0.000000000000000000, 0.000000000000000000 ) ) ;
#4369 = ORIENTED_EDGE ( 'NONE', *, *, #2321, .F. ) ;
#4370 = DIRECTION ( 'NONE',  ( 1.000000000000000000, 0.000000000000000000, 0.000000000000000000 ) ) ;
#4371 = VERTEX_POINT ( 'NONE', #1880 ) ;
#4372 = EDGE_CURVE ( 'NONE', #2959, #516, #3044, .T. ) ;
#4373 = EDGE_LOOP ( 'NONE', ( #1559, #6616, #1178, #2087, #6338, #6348 ) ) ;
#4374 = DIRECTION ( 'NONE',  ( -0.000000000000000000, 1.000000000000000000, -0.000000000000000000 ) ) ;
#4375 = TOROIDAL_SURFACE ( 'NONE', #2284, 3.580000000000000959, 0.2000000000000000111 ) ;
#4376 = DIRECTION ( 'NONE',  ( -0.000000000000000000, -0.2756373558170040483, -0.9612616959383175619 ) ) ;
#4377 = CARTESIAN_POINT ( 'NONE',  ( 51.62500000000000000, 10.53731005528969256, 17.37467487046870218 ) ) ;
#4378 = ORIENTED_EDGE ( 'NONE', *, *, #26, .F. ) ;
#4379 = CARTESIAN_POINT ( 'NONE',  ( 54.96378475451788859, 7.500000000000000000, 36.49999999999959499 ) ) ;
#4380 = ORIENTED_EDGE ( 'NONE', *, *, #6329, .F. ) ;
#4381 = EDGE_CURVE ( 'NONE', #4735, #6121, #6753, .T. ) ;
#4382 = EDGE_CURVE ( 'NONE', #3091, #2716, #1357, .T. ) ;
#4383 = ADVANCED_FACE ( 'NONE', ( #977 ), #3010, .F. ) ;
#4384 = VECTOR ( 'NONE', #1965, 1000.000000000000000 ) ;
#4385 = VECTOR ( 'NONE', #6040, 1000.000000000000114 ) ;
#4386 = VERTEX_POINT ( 'NONE', #6622 ) ;
#4387 = EDGE_CURVE ( 'NONE', #3323, #4804, #3997, .T. ) ;
#4388 = EDGE_CURVE ( 'NONE', #1127, #6248, #6677, .T. ) ;
#4389 = DIRECTION ( 'NONE',  ( -0.000000000000000000, 0.9612616959383180060, 0.2756373558170021054 ) ) ;
#4390 = DIRECTION ( 'NONE',  ( -0.2756373558170042704, 0.9612616959383174509, 0.000000000000000000 ) ) ;
#4391 = AXIS2_PLACEMENT_3D ( 'NONE', #1202, #6596, #6088 ) ;
#4392 = VECTOR ( 'NONE', #3064, 1000.000000000000000 ) ;
#4393 = LINE ( 'NONE', #6490, #1389 ) ;
#4394 = CARTESIAN_POINT ( 'NONE',  ( 29.37500000000000000, 10.53731005528972631, -33.62500000000000000 ) ) ;
#4395 = VERTEX_POINT ( 'NONE', #4067 ) ;
#4396 = VERTEX_POINT ( 'NONE', #3537 ) ;
#4397 = VECTOR ( 'NONE', #4569, 1000.000000000000000 ) ;
#4398 = VECTOR ( 'NONE', #1294, 1000.000000000000000 ) ;
#4399 = DIRECTION ( 'NONE',  ( 1.000000000000000000, 4.458787163891844428E-16, -0.000000000000000000 ) ) ;
#4400 = CARTESIAN_POINT ( 'NONE',  ( -49.28421289938368233, 7.476116698262609717, 35.46435053546635174 ) ) ;
#4401 = ORIENTED_EDGE ( 'NONE', *, *, #5566, .F. ) ;
#4402 = CARTESIAN_POINT ( 'NONE',  ( 61.43449314192414334, 9.099999999999983658, -33.36342533005872468 ) ) ;
#4403 = DIRECTION ( 'NONE',  ( -0.000000000000000000, -0.000000000000000000, 1.000000000000000000 ) ) ;
#4404 = AXIS2_PLACEMENT_3D ( 'NONE', #6214, #1469, #3576 ) ;
#4405 = B_SPLINE_CURVE_WITH_KNOTS ( 'NONE', 3,
 ( #724, #2274, #4925, #4400, #5061, #2925, #6059, #6600 ),
 .UNSPECIFIED., .F., .F.,
 ( 4, 2, 2, 4 ),
 ( 0.000000000000000000, 0.0002962699321034166326, 0.0005925398642068332652, 0.001185079728413666530 ),
 .UNSPECIFIED. ) ;
#4406 = DIRECTION ( 'NONE',  ( 1.000000000000000000, 6.036709082546134360E-16, 1.730998474588423856E-16 ) ) ;
#4407 = EDGE_CURVE ( 'NONE', #2565, #918, #5662, .T. ) ;
#4408 = ORIENTED_EDGE ( 'NONE', *, *, #3362, .F. ) ;
#4409 = LINE ( 'NONE', #732, #841 ) ;
#4410 = CIRCLE ( 'NONE', #1306, 3.380000000000001226 ) ;
#4411 = LINE ( 'NONE', #4969, #1408 ) ;
#4412 = CARTESIAN_POINT ( 'NONE',  ( 0.000000000000000000, 7.500000000000000000, -34.50374022699632093 ) ) ;
#4413 = VERTEX_POINT ( 'NONE', #6714 ) ;
#4414 = DIRECTION ( 'NONE',  ( -0.7071067811865497932, 0.000000000000000000, -0.7071067811865452413 ) ) ;
#4415 = VECTOR ( 'NONE', #3707, 1000.000000000000000 ) ;
#4416 = ORIENTED_EDGE ( 'NONE', *, *, #3033, .F. ) ;
#4417 = ORIENTED_EDGE ( 'NONE', *, *, #4938, .F. ) ;
#4418 = ADVANCED_FACE ( 'NONE', ( #4028 ), #3569, .F. ) ;
#4419 = CARTESIAN_POINT ( 'NONE',  ( 0.000000000000000000, 7.500000000000000000, -25.50374022699631382 ) ) ;
#4420 = VECTOR ( 'NONE', #3795, 1000.000000000000114 ) ;
#4421 = LINE ( 'NONE', #1778, #1967 ) ;
#4422 = DIRECTION ( 'NONE',  ( -0.7071067811865474617, 0.000000000000000000, 0.7071067811865474617 ) ) ;
#4423 = VERTEX_POINT ( 'NONE', #1265 ) ;
#4424 = PLANE ( 'NONE',  #2068 ) ;
#4425 = ORIENTED_EDGE ( 'NONE', *, *, #1627, .T. ) ;
#4426 = ADVANCED_FACE ( 'NONE', ( #3446 ), #5048, .F. ) ;
#4427 = VECTOR ( 'NONE', #25, 1000.000000000000000 ) ;
#4428 = ORIENTED_EDGE ( 'NONE', *, *, #1412, .T. ) ;
#4429 = CARTESIAN_POINT ( 'NONE',  ( -57.99999999999999289, 7.500000000000000000, 8.000000000000000000 ) ) ;
#4430 = CARTESIAN_POINT ( 'NONE',  ( 53.46435837458175655, 7.476103651783660098, 31.28435203162669609 ) ) ;
#4431 = CARTESIAN_POINT ( 'NONE',  ( 1.496259773004070315, 7.500000000000000000, 33.62500000000000000 ) ) ;
#4432 = VECTOR ( 'NONE', #3575, 1000.000000000000000 ) ;
#4433 = DIRECTION ( 'NONE',  ( -0.000000000000000000, 1.000000000000000000, -0.000000000000000000 ) ) ;
#4434 = DIRECTION ( 'NONE',  ( 0.000000000000000000, 0.000000000000000000, 1.000000000000000000 ) ) ;
#4435 = VERTEX_POINT ( 'NONE', #6114 ) ;
#4436 = EDGE_CURVE ( 'NONE', #4867, #5368, #847, .T. ) ;
#4437 = ORIENTED_EDGE ( 'NONE', *, *, #3604, .T. ) ;
#4438 = DIRECTION ( 'NONE',  ( -1.000000000000000000, 0.000000000000000000, -0.000000000000000000 ) ) ;
#4439 = PLANE ( 'NONE',  #5414 ) ;
#4440 = VECTOR ( 'NONE', #3313, 1000.000000000000000 ) ;
#4441 = EDGE_LOOP ( 'NONE', ( #4050, #764, #897, #6613 ) ) ;
#4442 = CARTESIAN_POINT ( 'NONE',  ( 45.54999999999999005, 10.80000000000000071, 27.54999999999960991 ) ) ;
#4443 = LINE ( 'NONE', #2766, #458 ) ;
#4444 = TOROIDAL_SURFACE ( 'NONE', #5334, 3.580000000000000959, 0.2000000000000000111 ) ;
#4445 = ORIENTED_EDGE ( 'NONE', *, *, #3667, .F. ) ;
#4446 = CARTESIAN_POINT ( 'NONE',  ( 60.72738636073759011, 10.49999999999999822, 32.65631854887217145 ) ) ;
#4447 = CARTESIAN_POINT ( 'NONE',  ( 57.89895923599141980, 7.500000000000000000, 36.89895923599146954 ) ) ;
#4448 = CARTESIAN_POINT ( 'NONE',  ( -50.85564796837656587, 7.476103651765611424, -35.46435837459262785 ) ) ;
#4449 = DIRECTION ( 'NONE',  ( -1.000000000000000000, 0.000000000000000000, -0.000000000000000000 ) ) ;
#4450 = CARTESIAN_POINT ( 'NONE',  ( -61.00000000000000000, 10.49999999999999822, 8.000000000000000000 ) ) ;
#4451 = VERTEX_POINT ( 'NONE', #2954 ) ;
#4452 = LINE ( 'NONE', #6552, #6688 ) ;
#4453 = LINE ( 'NONE', #4027, #1639 ) ;
#4454 = CARTESIAN_POINT ( 'NONE',  ( 0.000000000000000000, 7.500000000000000000, 34.50374022699553933 ) ) ;
#4455 = ORIENTED_EDGE ( 'NONE', *, *, #4994, .T. ) ;
#4456 = CARTESIAN_POINT ( 'NONE',  ( -51.62500000000000000, 10.53731005528970854, 0.6253251295305098933 ) ) ;
#4457 = ORIENTED_EDGE ( 'NONE', *, *, #1666, .T. ) ;
#4458 = ORIENTED_EDGE ( 'NONE', *, *, #4540, .F. ) ;
#4459 = DIRECTION ( 'NONE',  ( -0.4999999999999978906, -0.7071067811865504593, 0.4999999999999978906 ) ) ;
#4460 = LINE ( 'NONE', #6559, #751 ) ;
#4461 = DIRECTION ( 'NONE',  ( 0.2756373558170042704, 0.9612616959383174509, 0.000000000000000000 ) ) ;
#4462 = CARTESIAN_POINT ( 'NONE',  ( 52.80943399447264142, 8.566080860090409033, 25.80943399447225062 ) ) ;
#4463 = ORIENTED_EDGE ( 'NONE', *, *, #489, .T. ) ;
#4464 = ORIENTED_EDGE ( 'NONE', *, *, #2762, .F. ) ;
#4465 = EDGE_CURVE ( 'NONE', #5798, #3582, #2816, .T. ) ;
#4466 = CARTESIAN_POINT ( 'NONE',  ( -50.06999999999999318, -11.50000000000005862, -32.06999999999997897 ) ) ;
#4467 = CARTESIAN_POINT ( 'NONE',  ( -53.44999999999999574, 10.80000000000000071, -35.45000000000039364 ) ) ;
#4468 = ORIENTED_EDGE ( 'NONE', *, *, #2214, .T. ) ;
#4469 = PLANE ( 'NONE',  #1077 ) ;
#4470 = DIRECTION ( 'NONE',  ( 0.000000000000000000, 0.000000000000000000, 1.000000000000000000 ) ) ;
#4471 = CARTESIAN_POINT ( 'NONE',  ( -53.44999999999999574, 10.80000000000000071, 17.44999999999961560 ) ) ;
#4472 = VERTEX_POINT ( 'NONE', #2917 ) ;
#4473 = EDGE_CURVE ( 'NONE', #1328, #3608, #1334, .T. ) ;
#4474 = ADVANCED_FACE ( 'NONE', ( #6657 ), #3374, .F. ) ;
#4475 = ORIENTED_EDGE ( 'NONE', *, *, #6118, .T. ) ;
#4476 = EDGE_CURVE ( 'NONE', #3073, #1907, #444, .T. ) ;
#4477 = ADVANCED_FACE ( 'NONE', ( #6629 ), #4533, .F. ) ;
#4478 = DIRECTION ( 'NONE',  ( -0.7071067811865452413, -0.000000000000000000, -0.7071067811865497932 ) ) ;
#4479 = LINE ( 'NONE', #805, #862 ) ;
#4480 = CARTESIAN_POINT ( 'NONE',  ( -49.08741126760185125, 7.492844002924452518, -35.45429975683259016 ) ) ;
#4481 = LINE ( 'NONE', #5038, #5273 ) ;
#4482 = FACE_OUTER_BOUND ( 'NONE', #4098, .T. ) ;
#4483 = ORIENTED_EDGE ( 'NONE', *, *, #3952, .F. ) ;
#4484 = ORIENTED_EDGE ( 'NONE', *, *, #634, .F. ) ;
#4485 = CARTESIAN_POINT ( 'NONE',  ( 125.9492894348812371, 10.53731005528967657, 33.62500000000000000 ) ) ;
#4486 = ORIENTED_EDGE ( 'NONE', *, *, #5411, .T. ) ;
#4487 = LINE ( 'NONE', #2260, #5066 ) ;
#4488 = ORIENTED_EDGE ( 'NONE', *, *, #1612, .T. ) ;
#4489 = EDGE_CURVE ( 'NONE', #6011, #2688, #4032, .T. ) ;
#4490 = EDGE_LOOP ( 'NONE', ( #1025, #2949, #4200, #4538 ) ) ;
#4491 = DIRECTION ( 'NONE',  ( 0.000000000000000000, 0.000000000000000000, -1.000000000000000000 ) ) ;
#4492 = PLANE ( 'NONE',  #1523 ) ;
#4493 = DIRECTION ( 'NONE',  ( 0.000000000000000000, 0.000000000000000000, -1.000000000000000000 ) ) ;
#4494 = PRODUCT_DEFINITION_FORMATION_WITH_SPECIFIED_SOURCE ( 'ANY', '', #5899, .NOT_KNOWN. ) ;
#4495 = DIRECTION ( 'NONE',  ( 0.000000000000000000, 0.000000000000000000, 1.000000000000000000 ) ) ;
#4496 = VECTOR ( 'NONE', #4238, 1000.000000000000000 ) ;
#4497 = ORIENTED_EDGE ( 'NONE', *, *, #2932, .F. ) ;
#4498 = AXIS2_PLACEMENT_3D ( 'NONE', #2155, #4279, #4348 ) ;
#4499 = ORIENTED_EDGE ( 'NONE', *, *, #1947, .F. ) ;
#4500 = VECTOR ( 'NONE', #2991, 1000.000000000000000 ) ;
#4501 = CARTESIAN_POINT ( 'NONE',  ( 17.45000000000000639, 10.80000000000000071, -35.45000000000039364 ) ) ;
#4503 = CARTESIAN_POINT ( 'NONE',  ( 51.62500000000000000, 10.80000000000000426, -33.62500000000000000 ) ) ;
#4502 = VECTOR ( 'NONE', #5850, 1000.000000000000114 ) ;
#4504 = ORIENTED_EDGE ( 'NONE', *, *, #5601, .F. ) ;
#4505 = LINE ( 'NONE', #2966, #3814 ) ;
#4506 = DIRECTION ( 'NONE',  ( 0.2756373558170040483, -0.9612616959383175619, 0.000000000000000000 ) ) ;
#4507 = DIRECTION ( 'NONE',  ( -0.2756373558170042704, -0.9612616959383174509, 0.000000000000000000 ) ) ;
#4508 = ORIENTED_EDGE ( 'NONE', *, *, #4089, .F. ) ;
#4509 = CARTESIAN_POINT ( 'NONE',  ( 52.80943399447264142, 8.566080860090410809, 10.19056600552696956 ) ) ;
#4510 = CIRCLE ( 'NONE', #4957, 3.380000000000001226 ) ;
#4511 = AXIS2_PLACEMENT_3D ( 'NONE', #5363, #5465, #2651 ) ;
#4512 = ORIENTED_EDGE ( 'NONE', *, *, #1361, .T. ) ;
#4513 = DIRECTION ( 'NONE',  ( 0.000000000000000000, 0.000000000000000000, -1.000000000000000000 ) ) ;
#4514 = VECTOR ( 'NONE', #6488, 1000.000000000000114 ) ;
#4515 = LINE ( 'NONE', #769, #4192 ) ;
#4516 = CARTESIAN_POINT ( 'NONE',  ( -51.62500000000000000, 10.80000000000000426, 9.549999999999613465 ) ) ;
#4517 = EDGE_CURVE ( 'NONE', #5740, #2486, #3970, .T. ) ;
#4518 = ORIENTED_EDGE ( 'NONE', *, *, #6637, .T. ) ;
#4519 = DIRECTION ( 'NONE',  ( -0.2386847610229711480, -0.8323926831162093976, 0.5001519828512179799 ) ) ;
#4520 = ADVANCED_FACE ( 'NONE', ( #715, #6050 ), #6524, .F. ) ;
#4521 = EDGE_CURVE ( 'NONE', #4344, #3532, #2856, .T. ) ;
#4522 = VECTOR ( 'NONE', #1931, 1000.000000000000000 ) ;
#4523 = ORIENTED_EDGE ( 'NONE', *, *, #1915, .T. ) ;
#4524 = FACE_OUTER_BOUND ( 'NONE', #4030, .T. ) ;
#4525 = CARTESIAN_POINT ( 'NONE',  ( 51.05233482180037896, 7.492826535868966076, 35.45431025209835241 ) ) ;
#4526 = DIRECTION ( 'NONE',  ( -0.4856429311786325531, 0.8741572761215374854, 0.000000000000000000 ) ) ;
#4527 = ORIENTED_EDGE ( 'NONE', *, *, #5698, .T. ) ;
#4528 = DIRECTION ( 'NONE',  ( 0.000000000000000000, -1.000000000000000000, 0.000000000000000000 ) ) ;
#4529 = VECTOR ( 'NONE', #3919, 1000.000000000000114 ) ;
#4530 = ORIENTED_EDGE ( 'NONE', *, *, #6403, .F. ) ;
#4531 = ORIENTED_EDGE ( 'NONE', *, *, #4338, .F. ) ;
#4532 = VECTOR ( 'NONE', #3082, 1000.000000000000000 ) ;
#4533 = PLANE ( 'NONE',  #775 ) ;
#4534 = DIRECTION ( 'NONE',  ( 0.000000000000000000, 0.000000000000000000, 1.000000000000000000 ) ) ;
#4535 = DIRECTION ( 'NONE',  ( 0.2386847610229713146, 0.8323926831162099527, -0.5001519828512170918 ) ) ;
#4536 = AXIS2_PLACEMENT_3D ( 'NONE', #2473, #5701, #4669 ) ;
#4537 = ORIENTED_EDGE ( 'NONE', *, *, #2357, .F. ) ;
#4538 = ORIENTED_EDGE ( 'NONE', *, *, #1224, .F. ) ;
#4539 = AXIS2_PLACEMENT_3D ( 'NONE', #2983, #942, #6240 ) ;
#4540 = EDGE_CURVE ( 'NONE', #4435, #60, #2335, .T. ) ;
#4541 = DIRECTION ( 'NONE',  ( -0.2657276780299913099, 0.9267025424900799946, 0.2657276780299913099 ) ) ;
#4542 = CARTESIAN_POINT ( 'NONE',  ( 51.62500000000000000, 10.80000000000000426, 0.5499999999996132427 ) ) ;
#4543 = DIRECTION ( 'NONE',  ( 0.000000000000000000, 0.000000000000000000, -1.000000000000000000 ) ) ;
#4544 = CARTESIAN_POINT ( 'NONE',  ( 53.44999999999999574, 10.80000000000000071, -18.55000000000037730 ) ) ;
#4545 = LINE ( 'NONE', #310, #3435 ) ;
#4546 = VERTEX_POINT ( 'NONE', #5539 ) ;
#4547 = ADVANCED_FACE ( 'NONE', ( #785 ), #2892, .F. ) ;
#4548 = LINE ( 'NONE', #6574, #3157 ) ;
#4549 = VERTEX_POINT ( 'NONE', #6085 ) ;
#4550 = DIRECTION ( 'NONE',  ( -0.2657276780299911434, 0.9267025424900801056, 0.2657276780299911434 ) ) ;
#4551 = PLANE ( 'NONE',  #972 ) ;
#4552 = VERTEX_POINT ( 'NONE', #3050 ) ;
#4553 = EDGE_CURVE ( 'NONE', #6004, #5422, #4629, .T. ) ;
#4554 = LINE ( 'NONE', #3434, #2546 ) ;
#4555 = VECTOR ( 'NONE', #5468, 1000.000000000000000 ) ;
#4556 = LINE ( 'NONE', #6077, #5747 ) ;
#4557 = CARTESIAN_POINT ( 'NONE',  ( 50.85564796837302737, 7.476103651781888182, 35.46435837458285079 ) ) ;
#4558 = DIRECTION ( 'NONE',  ( 0.000000000000000000, 0.000000000000000000, -1.000000000000000000 ) ) ;
#4559 = ORIENTED_EDGE ( 'NONE', *, *, #3677, .F. ) ;
#4560 = ORIENTED_EDGE ( 'NONE', *, *, #295, .T. ) ;
#4561 = VERTEX_POINT ( 'NONE', #1987 ) ;
#4562 = CARTESIAN_POINT ( 'NONE',  ( -53.44999999999999574, 10.80000000000000071, 8.449999999999617373 ) ) ;
#4563 = LINE ( 'NONE', #2368, #2180 ) ;
#4564 = PLANE ( 'NONE',  #1656 ) ;
#4565 = CARTESIAN_POINT ( 'NONE',  ( 0.000000000000000000, 8.566080860090860227, 34.80943399447237852 ) ) ;
#4566 = FACE_OUTER_BOUND ( 'NONE', #5686, .T. ) ;
#4567 = ORIENTED_EDGE ( 'NONE', *, *, #4387, .F. ) ;
#4568 = VERTEX_POINT ( 'NONE', #431 ) ;
#4569 = DIRECTION ( 'NONE',  ( 4.226362854693272149E-13, -1.000000000000000000, 1.850371707708245689E-15 ) ) ;
#4570 = CARTESIAN_POINT ( 'NONE',  ( 9.625325129530907020, 10.53731005528968723, -33.62500000000000000 ) ) ;
#4571 = CARTESIAN_POINT ( 'NONE',  ( 37.19056600552723779, 8.566080860090854898, 34.80943399447237141 ) ) ;
#4572 = PLANE ( 'NONE',  #1283 ) ;
#4573 = ORIENTED_EDGE ( 'NONE', *, *, #1589, .F. ) ;
#4574 = ORIENTED_EDGE ( 'NONE', *, *, #5213, .T. ) ;
#4575 = EDGE_CURVE ( 'NONE', #714, #1993, #2471, .T. ) ;
#4576 = DIRECTION ( 'NONE',  ( 0.000000000000000000, -0.2756373558170021609, 0.9612616959383181170 ) ) ;
#4577 = DIRECTION ( 'NONE',  ( 1.000000000000000000, 0.000000000000000000, 0.000000000000000000 ) ) ;
#4578 = DIRECTION ( 'NONE',  ( -0.7071067811865475727, 0.000000000000000000, 0.7071067811865475727 ) ) ;
#4579 = CARTESIAN_POINT ( 'NONE',  ( 37.49625977300407698, 7.500000000000000000, 0.000000000000000000 ) ) ;
#4580 = EDGE_CURVE ( 'NONE', #3030, #721, #4667, .T. ) ;
#4581 = EDGE_CURVE ( 'NONE', #1277, #6109, #3647, .T. ) ;
#4582 = PLANE ( 'NONE',  #301 ) ;
#4583 = DIRECTION ( 'NONE',  ( 0.000000000000000000, 0.000000000000000000, -1.000000000000000000 ) ) ;
#4584 = DIRECTION ( 'NONE',  ( -1.000000000000000000, 3.018354541273066194E-16, -8.654992372942126676E-17 ) ) ;
#4585 = DIRECTION ( 'NONE',  ( -0.000000000000000000, -0.000000000000000000, 1.000000000000000000 ) ) ;
#4586 = ORIENTED_EDGE ( 'NONE', *, *, #1551, .T. ) ;
#4587 = ORIENTED_EDGE ( 'NONE', *, *, #2825, .T. ) ;
#4588 = ADVANCED_FACE ( 'NONE', ( #4590 ), #6213, .F. ) ;
#4589 = ORIENTED_EDGE ( 'NONE', *, *, #295, .F. ) ;
#4590 = FACE_OUTER_BOUND ( 'NONE', #973, .T. ) ;
#4591 = DIRECTION ( 'NONE',  ( 0.000000000000000000, 0.000000000000000000, 1.000000000000000000 ) ) ;
#4592 = CARTESIAN_POINT ( 'NONE',  ( 57.89895923599141980, 9.099999999999983658, 36.89895923599146954 ) ) ;
#4593 = EDGE_CURVE ( 'NONE', #5144, #6485, #1022, .T. ) ;
#4594 = EDGE_CURVE ( 'NONE', #4307, #5543, #6757, .T. ) ;
#4595 = PLANE ( 'NONE',  #4953 ) ;
#4596 = ORIENTED_EDGE ( 'NONE', *, *, #6835, .T. ) ;
#4597 = EDGE_CURVE ( 'NONE', #4233, #1890, #2056, .T. ) ;
#4598 = ORIENTED_EDGE ( 'NONE', *, *, #2469, .F. ) ;
#4599 = EDGE_CURVE ( 'NONE', #3330, #188, #5115, .T. ) ;
#4600 = FACE_OUTER_BOUND ( 'NONE', #392, .T. ) ;
#4601 = DIRECTION ( 'NONE',  ( 0.000000000000000000, -1.796311291691959479E-15, -1.000000000000000000 ) ) ;
#4602 = VECTOR ( 'NONE', #2380, 1000.000000000000000 ) ;
#4603 = CARTESIAN_POINT ( 'NONE',  ( 51.62500000000000000, 10.80000000000000426, -33.62500000000000000 ) ) ;
#4604 = DIRECTION ( 'NONE',  ( -1.000000000000000000, 0.000000000000000000, -0.000000000000000000 ) ) ;
#4605 = LINE ( 'NONE', #861, #340 ) ;
#4606 = ORIENTED_EDGE ( 'NONE', *, *, #1413, .F. ) ;
#4607 = ORIENTED_EDGE ( 'NONE', *, *, #2370, .T. ) ;
#4608 = ORIENTED_EDGE ( 'NONE', *, *, #6446, .T. ) ;
#4609 = AXIS2_PLACEMENT_3D ( 'NONE', #528, #2629, #47 ) ;
#4610 = ADVANCED_FACE ( 'NONE', ( #4698 ), #1503, .T. ) ;
#4611 = LINE ( 'NONE', #931, #2406 ) ;
#4612 = CARTESIAN_POINT ( 'NONE',  ( -44.44999999999999574, 10.80000000000000426, 33.62500000000000000 ) ) ;
#4613 = FACE_OUTER_BOUND ( 'NONE', #6162, .T. ) ;
#4614 = AXIS2_PLACEMENT_3D ( 'NONE', #3664, #5785, #5263 ) ;
#4615 = EDGE_CURVE ( 'NONE', #2693, #3012, #6316, .T. ) ;
#4616 = AXIS2_PLACEMENT_3D ( 'NONE', #3989, #547, #4513 ) ;
#4617 = CARTESIAN_POINT ( 'NONE',  ( -1.496259773004070315, 7.500000000000000000, 0.000000000000000000 ) ) ;
#4618 = ORIENTED_EDGE ( 'NONE', *, *, #2410, .F. ) ;
#4619 = AXIS2_PLACEMENT_3D ( 'NONE', #6254, #2132, #1032 ) ;
#4620 = LINE ( 'NONE', #1381, #625 ) ;
#4621 = CARTESIAN_POINT ( 'NONE',  ( 61.43449314192414334, 9.099999999999983658, -33.36342533005872468 ) ) ;
#4622 = CARTESIAN_POINT ( 'NONE',  ( 51.33839134370875712, 3.435945472310507842, 15.33839134370837876 ) ) ;
#4623 = DIRECTION ( 'NONE',  ( 0.000000000000000000, 0.000000000000000000, -1.000000000000000000 ) ) ;
#4624 = ORIENTED_EDGE ( 'NONE', *, *, #171, .T. ) ;
#4625 = VECTOR ( 'NONE', #4390, 1000.000000000000114 ) ;
#4626 = VERTEX_POINT ( 'NONE', #3542 ) ;
#4627 = EDGE_CURVE ( 'NONE', #1443, #1632, #5736, .T. ) ;
#4628 = ORIENTED_EDGE ( 'NONE', *, *, #2233, .T. ) ;
#4629 = LINE ( 'NONE', #915, #5641 ) ;
#4630 = VECTOR ( 'NONE', #5528, 1000.000000000000000 ) ;
#4631 = CARTESIAN_POINT ( 'NONE',  ( 61.85875721063607102, 9.899999999999975486, -33.78768939877064525 ) ) ;
#4632 = CARTESIAN_POINT ( 'NONE',  ( -43.80943399447252062, 8.566080860089993365, -34.80943399447291853 ) ) ;
#4633 = EDGE_CURVE ( 'NONE', #2633, #2852, #6790, .T. ) ;
#4634 = ORIENTED_EDGE ( 'NONE', *, *, #423, .T. ) ;
#4635 = LINE ( 'NONE', #4565, #3937 ) ;
#4636 = ADVANCED_FACE ( 'NONE', ( #3092 ), #1468, .F. ) ;
#4637 = DIRECTION ( 'NONE',  ( 0.000000000000000000, 0.000000000000000000, 1.000000000000000000 ) ) ;
#4638 = ORIENTED_EDGE ( 'NONE', *, *, #2375, .F. ) ;
#4639 = ORIENTED_EDGE ( 'NONE', *, *, #6617, .T. ) ;
#4640 = VECTOR ( 'NONE', #5582, 1000.000000000000000 ) ;
#4641 = LINE ( 'NONE', #3172, #3720 ) ;
#4642 = DIRECTION ( 'NONE',  ( 0.000000000000000000, 1.938238520644477258E-15, 1.000000000000000000 ) ) ;
#4643 = FACE_OUTER_BOUND ( 'NONE', #1430, .T. ) ;
#4644 = VECTOR ( 'NONE', #3603, 1000.000000000000000 ) ;
#4645 = DIRECTION ( 'NONE',  ( -0.9612616959383174509, -0.2756373558170042704, 0.000000000000000000 ) ) ;
#4646 = ADVANCED_FACE ( 'NONE', ( #2599 ), #334, .T. ) ;
#4647 = DIRECTION ( 'NONE',  ( 0.000000000000000000, 0.000000000000000000, 1.000000000000000000 ) ) ;
#4648 = ORIENTED_EDGE ( 'NONE', *, *, #5956, .T. ) ;
#4649 = ORIENTED_EDGE ( 'NONE', *, *, #1599, .T. ) ;
#4650 = ORIENTED_EDGE ( 'NONE', *, *, #5827, .F. ) ;
#4651 = VECTOR ( 'NONE', #1813, 1000.000000000000000 ) ;
#4652 = DIRECTION ( 'NONE',  ( 1.000000000000000000, 0.000000000000000000, 0.000000000000000000 ) ) ;
#4653 = FACE_OUTER_BOUND ( 'NONE', #1373, .T. ) ;
#4654 = PLANE ( 'NONE',  #4163 ) ;
#4655 = CARTESIAN_POINT ( 'NONE',  ( -6.264286400007872402, 22.25864506693675438, -26.58211138907232396 ) ) ;
#4656 = B_SPLINE_CURVE_WITH_KNOTS ( 'NONE', 3,
 ( #3962, #2845, #6008, #1805, #3406, #5529 ),
 .UNSPECIFIED., .F., .F.,
 ( 4, 2, 4 ),
 ( -1.162755363908272158E-05, 0.0005878214856394519197, 0.001187270524917986717 ),
 .UNSPECIFIED. ) ;
#4657 = EDGE_LOOP ( 'NONE', ( #5362, #6776, #1984, #297 ) ) ;
#4658 = CARTESIAN_POINT ( 'NONE',  ( -24.62500000000000000, 10.80000000000000426, 33.62500000000000000 ) ) ;
#4659 = PLANE ( 'NONE',  #3745 ) ;
#4660 = CARTESIAN_POINT ( 'NONE',  ( -52.80943399447264852, 8.566080860090394822, -28.19056600552774583 ) ) ;
#4661 = LINE ( 'NONE', #6176, #1662 ) ;
#4662 = VECTOR ( 'NONE', #2829, 1000.000000000000000 ) ;
#4663 = VERTEX_POINT ( 'NONE', #1572 ) ;
#4664 = ORIENTED_EDGE ( 'NONE', *, *, #996, .T. ) ;
#4665 = ORIENTED_EDGE ( 'NONE', *, *, #1631, .F. ) ;
#4666 = AXIS2_PLACEMENT_3D ( 'NONE', #3993, #6673, #2878 ) ;
#4667 = LINE ( 'NONE', #4736, #2648 ) ;
#4668 = DIRECTION ( 'NONE',  ( -0.2657276780299894225, 0.9267025424900811048, 0.2657276780299894225 ) ) ;
#4669 = DIRECTION ( 'NONE',  ( -1.000000000000000000, 0.000000000000000000, 0.000000000000000000 ) ) ;
#4670 = VERTEX_POINT ( 'NONE', #6283 ) ;
#4671 = PLANE ( 'NONE',  #507 ) ;
#4672 = ORIENTED_EDGE ( 'NONE', *, *, #1250, .F. ) ;
#4673 = ORIENTED_EDGE ( 'NONE', *, *, #3871, .F. ) ;
#4674 = CARTESIAN_POINT ( 'NONE',  ( -18.54999999999999716, 10.80000000000000071, 35.44999999999961204 ) ) ;
#4675 = LINE ( 'NONE', #2506, #6594 ) ;
#4676 = DIRECTION ( 'NONE',  ( -1.000000000000000000, 3.018354541273066194E-16, -8.654992372942126676E-17 ) ) ;
#4677 = DIRECTION ( 'NONE',  ( -1.000000000000000000, 0.000000000000000000, 0.000000000000000000 ) ) ;
#4678 = CARTESIAN_POINT ( 'NONE',  ( 51.97389213354966131, 5.652200105873895986, 6.973892133549275840 ) ) ;
#4679 = DIRECTION ( 'NONE',  ( -0.5001519828512179799, 0.8323926831162092865, 0.2386847610229711203 ) ) ;
#4680 = ORIENTED_EDGE ( 'NONE', *, *, #3098, .T. ) ;
#4681 = VERTEX_POINT ( 'NONE', #1541 ) ;
#4682 = EDGE_CURVE ( 'NONE', #4011, #1195, #5773, .T. ) ;
#4683 = ORIENTED_EDGE ( 'NONE', *, *, #1960, .F. ) ;
#4684 = LINE ( 'NONE', #5307, #1309 ) ;
#4685 = CARTESIAN_POINT ( 'NONE',  ( 53.44999999999999574, 10.80000000000000071, 18.54999999999960991 ) ) ;
#4686 = EDGE_CURVE ( 'NONE', #1819, #2992, #881, .T. ) ;
#4687 = LINE ( 'NONE', #45, #3995 ) ;
#4688 = EDGE_CURVE ( 'NONE', #1069, #1660, #3198, .T. ) ;
#4689 = EDGE_CURVE ( 'NONE', #1131, #3907, #4246, .T. ) ;
#4690 = EDGE_CURVE ( 'NONE', #4191, #4344, #6381, .T. ) ;
#4691 = ORIENTED_EDGE ( 'NONE', *, *, #5107, .F. ) ;
#4692 = CARTESIAN_POINT ( 'NONE',  ( 12.93261023597310277, -0.9965637948165171345, -32.06738976402728980 ) ) ;
#4693 = DIRECTION ( 'NONE',  ( 0.000000000000000000, 0.000000000000000000, -1.000000000000000000 ) ) ;
#4694 = CARTESIAN_POINT ( 'NONE',  ( -27.62532512953089636, 10.53731005528967835, -33.62500000000000000 ) ) ;
#4695 = LINE ( 'NONE', #6786, #3074 ) ;
#4696 = ORIENTED_EDGE ( 'NONE', *, *, #6743, .F. ) ;
#4697 = ORIENTED_EDGE ( 'NONE', *, *, #3592, .F. ) ;
#4698 = FACE_OUTER_BOUND ( 'NONE', #5351, .T. ) ;
#4699 = CYLINDRICAL_SURFACE ( 'NONE', #1739, 3.380000000000001226 ) ;
#4700 = FACE_OUTER_BOUND ( 'NONE', #2206, .T. ) ;
#4701 = ORIENTED_EDGE ( 'NONE', *, *, #505, .F. ) ;
#4702 = DIRECTION ( 'NONE',  ( -0.000000000000000000, -1.000000000000000000, -0.000000000000000000 ) ) ;
#4703 = CARTESIAN_POINT ( 'NONE',  ( -50.06999999999999318, -11.50000000000000000, 32.07000000000000028 ) ) ;
#4704 = ORIENTED_EDGE ( 'NONE', *, *, #4824, .F. ) ;
#4705 = ADVANCED_FACE ( 'NONE', ( #2742 ), #1703, .F. ) ;
#4706 = ORIENTED_EDGE ( 'NONE', *, *, #491, .F. ) ;
#4707 = CARTESIAN_POINT ( 'NONE',  ( 60.02027957955104398, 9.499999999999980460, 31.94921176768562177 ) ) ;
#4708 = CARTESIAN_POINT ( 'NONE',  ( -53.49454598863109567, 7.425863025100234438, 31.87310577142028833 ) ) ;
#4709 = CARTESIAN_POINT ( 'NONE',  ( 58.32322330470334748, 9.899999999999975486, -37.32322330470339011 ) ) ;
#4710 = LINE ( 'NONE', #1002, #5383 ) ;
#4711 = CARTESIAN_POINT ( 'NONE',  ( 3.482387728013434741E-16, 8.566080860089968496, -34.80943399447290432 ) ) ;
#4712 = ORIENTED_EDGE ( 'NONE', *, *, #279, .T. ) ;
#4713 = ORIENTED_EDGE ( 'NONE', *, *, #3225, .T. ) ;
#4714 = ORIENTED_EDGE ( 'NONE', *, *, #1445, .F. ) ;
#4715 = AXIS2_PLACEMENT_3D ( 'NONE', #5743, #2128, #6289 ) ;
#4716 = PLANE ( 'NONE',  #5737 ) ;
#4717 = FACE_OUTER_BOUND ( 'NONE', #3708, .T. ) ;
#4718 = PLANE ( 'NONE',  #5219 ) ;
#4719 = VECTOR ( 'NONE', #2664, 1000.000000000000114 ) ;
#4720 = CIRCLE ( 'NONE', #3492, 3.380000000000001226 ) ;
#4721 = EDGE_CURVE ( 'NONE', #4915, #2024, #3259, .T. ) ;
#4722 = CARTESIAN_POINT ( 'NONE',  ( -54.49999999999997868, 10.80000000000000426, -36.50000000000039080 ) ) ;
#4723 = ADVANCED_FACE ( 'NONE', ( #4801 ), #635, .F. ) ;
#4724 = CARTESIAN_POINT ( 'NONE',  ( -53.44999999999999574, -11.50000000000000000, -35.45000000000003126 ) ) ;
#4725 = AXIS2_PLACEMENT_3D ( 'NONE', #3274, #2686, #5922 ) ;
#4726 = CARTESIAN_POINT ( 'NONE',  ( 45.54999999999999005, 10.80000000000000071, 9.549999999999611688 ) ) ;
#4727 = DIRECTION ( 'NONE',  ( 0.000000000000000000, -0.2756373558170040483, 0.9612616959383175619 ) ) ;
#4728 = AXIS2_PLACEMENT_3D ( 'NONE', #1548, #2647, #1577 ) ;
#4729 = ADVANCED_FACE ( 'NONE', ( #6351 ), #538, .F. ) ;
#4730 = ORIENTED_EDGE ( 'NONE', *, *, #2636, .F. ) ;
#4731 = EDGE_CURVE ( 'NONE', #2620, #3608, #4769, .T. ) ;
#4732 = ORIENTED_EDGE ( 'NONE', *, *, #3150, .F. ) ;
#4733 = VECTOR ( 'NONE', #543, 1000.000000000000114 ) ;
#4734 = VECTOR ( 'NONE', #4947, 1000.000000000000114 ) ;
#4735 = VERTEX_POINT ( 'NONE', #23 ) ;
#4736 = CARTESIAN_POINT ( 'NONE',  ( 19.49625977300407342, 7.500000000000000000, 33.62500000000000000 ) ) ;
#4737 = FACE_OUTER_BOUND ( 'NONE', #3687, .T. ) ;
#4738 = CARTESIAN_POINT ( 'NONE',  ( 53.44999999999999574, 10.80000000000000071, 9.549999999999611688 ) ) ;
#4739 = VERTEX_POINT ( 'NONE', #2674 ) ;
#4740 = VECTOR ( 'NONE', #882, 1000.000000000000227 ) ;
#4741 = PLANE ( 'NONE',  #1287 ) ;
#4742 = CARTESIAN_POINT ( 'NONE',  ( -50.75775495239676616, 7.466195172100262845, 35.47031198981796507 ) ) ;
#4743 = EDGE_LOOP ( 'NONE', ( #6642, #3926, #4458 ) ) ;
#4744 = ORIENTED_EDGE ( 'NONE', *, *, #6265, .F. ) ;
#4745 = VECTOR ( 'NONE', #2246, 1000.000000000000000 ) ;
#4746 = DIRECTION ( 'NONE',  ( 1.000000000000000000, 4.226463853452367178E-13, 0.000000000000000000 ) ) ;
#4747 = CARTESIAN_POINT ( 'NONE',  ( -53.47033225578057625, 7.466161443874488768, 32.75741031669541314 ) ) ;
#4748 = DIRECTION ( 'NONE',  ( 0.2386847610229711480, 0.8323926831162093976, -0.5001519828512179799 ) ) ;
#4749 = LINE ( 'NONE', #2, #2605 ) ;
#4750 = CARTESIAN_POINT ( 'NONE',  ( 14.03553390593270578, 0.000000000000000000, 14.03553390593272709 ) ) ;
#4751 = VECTOR ( 'NONE', #5586, 1000.000000000000000 ) ;
#4752 = EDGE_LOOP ( 'NONE', ( #4912, #3808, #5170, #2671 ) ) ;
#4753 = EDGE_LOOP ( 'NONE', ( #2468, #1896, #1073, #1322 ) ) ;
#4754 = ORIENTED_EDGE ( 'NONE', *, *, #3511, .T. ) ;
#4755 = AXIS2_PLACEMENT_3D ( 'NONE', #1517, #2032, #2477 ) ;
#4756 = EDGE_LOOP ( 'NONE', ( #3523, #4223, #6221, #5469, #816, #4253 ) ) ;
#4757 = CARTESIAN_POINT ( 'NONE',  ( 54.51589529291316438, 14.51721864012731800, 26.48410470708644127 ) ) ;
#4758 = EDGE_CURVE ( 'NONE', #1674, #6728, #1600, .T. ) ;
#4759 = DIRECTION ( 'NONE',  ( -0.000000000000000000, -0.2756373558170040483, -0.9612616959383175619 ) ) ;
#4760 = CARTESIAN_POINT ( 'NONE',  ( -9.549999999999995381, 10.80000000000000071, 35.44999999999961204 ) ) ;
#4761 = VECTOR ( 'NONE', #947, 1000.000000000000227 ) ;
#4762 = VERTEX_POINT ( 'NONE', #5840 ) ;
#4763 = DIRECTION ( 'NONE',  ( 0.2386847610229713423, 0.8323926831162092865, 0.5001519828512179799 ) ) ;
#4764 = DIRECTION ( 'NONE',  ( 0.000000000000000000, 0.000000000000000000, -1.000000000000000000 ) ) ;
#4765 = DIRECTION ( 'NONE',  ( -1.000000000000000000, -3.018354541273066194E-16, 8.654992372942126676E-17 ) ) ;
#4766 = EDGE_LOOP ( 'NONE', ( #2889, #3020, #5034, #3862 ) ) ;
#4767 = EDGE_LOOP ( 'NONE', ( #4201, #4457, #1764, #1618 ) ) ;
#4768 = ORIENTED_EDGE ( 'NONE', *, *, #4791, .F. ) ;
#4769 = LINE ( 'NONE', #2641, #512 ) ;
#4770 = LINE ( 'NONE', #1054, #6487 ) ;
#4771 = DIRECTION ( 'NONE',  ( 1.000000000000000000, -3.018354541273066194E-16, 8.654992372942126676E-17 ) ) ;
#4772 = ORIENTED_EDGE ( 'NONE', *, *, #3060, .T. ) ;
#4773 = LINE ( 'NONE', #5331, #294 ) ;
#4774 = LINE ( 'NONE', #3686, #6477 ) ;
#4775 = VERTEX_POINT ( 'NONE', #5879 ) ;
#4776 = VECTOR ( 'NONE', #4370, 1000.000000000000000 ) ;
#4777 = VERTEX_POINT ( 'NONE', #87 ) ;
#4778 = EDGE_CURVE ( 'NONE', #6027, #2633, #120, .T. ) ;
#4779 = DIRECTION ( 'NONE',  ( 0.000000000000000000, 0.000000000000000000, -1.000000000000000000 ) ) ;
#4780 = LINE ( 'NONE', #3723, #5505 ) ;
#4781 = DIRECTION ( 'NONE',  ( -0.000000000000000000, -0.2756373558170042704, -0.9612616959383174509 ) ) ;
#4782 = LINE ( 'NONE', #3137, #4056 ) ;
#4783 = FACE_OUTER_BOUND ( 'NONE', #1881, .T. ) ;
#4784 = ORIENTED_EDGE ( 'NONE', *, *, #2807, .T. ) ;
#4785 = ORIENTED_EDGE ( 'NONE', *, *, #5486, .T. ) ;
#4786 = VERTEX_POINT ( 'NONE', #1123 ) ;
#4787 = VERTEX_POINT ( 'NONE', #2224 ) ;
#4788 = LINE ( 'NONE', #4265, #6609 ) ;
#4789 = LINE ( 'NONE', #44, #1383 ) ;
#4790 = CARTESIAN_POINT ( 'NONE',  ( -51.62500000000000000, 7.500000000000000000, 28.49625977300368618 ) ) ;
#4791 = EDGE_CURVE ( 'NONE', #1071, #4024, #570, .T. ) ;
#4792 = CARTESIAN_POINT ( 'NONE',  ( 55.00000000000000000, -11.50000000000000000, -41.00000000000000000 ) ) ;
#4793 = CARTESIAN_POINT ( 'NONE',  ( 61.43449314192414334, 10.49999999999999822, -33.36342533005872468 ) ) ;
#4794 = CARTESIAN_POINT ( 'NONE',  ( -53.44999999999999574, 10.80000000000000071, 17.44999999999961560 ) ) ;
#4795 = EDGE_CURVE ( 'NONE', #2804, #3073, #3227, .T. ) ;
#4796 = ORIENTED_EDGE ( 'NONE', *, *, #1207, .T. ) ;
#4797 = EDGE_CURVE ( 'NONE', #1127, #1423, #5941, .T. ) ;
#4798 = ORIENTED_EDGE ( 'NONE', *, *, #26, .T. ) ;
#4799 = EDGE_CURVE ( 'NONE', #4016, #2706, #6420, .T. ) ;
#4800 = ORIENTED_EDGE ( 'NONE', *, *, #5685, .T. ) ;
#4801 = FACE_OUTER_BOUND ( 'NONE', #1745, .T. ) ;
#4802 = LINE ( 'NONE', #3815, #415 ) ;
#4803 = FACE_OUTER_BOUND ( 'NONE', #3850, .T. ) ;
#4804 = VERTEX_POINT ( 'NONE', #5385 ) ;
#4805 = LINE ( 'NONE', #1000, #6271 ) ;
#4806 = CARTESIAN_POINT ( 'NONE',  ( 0.000000000000000000, 7.500000000000000000, -34.50374022699632093 ) ) ;
#4807 = DIRECTION ( 'NONE',  ( 0.9612616959383175619, -0.2756373558170040483, 0.000000000000000000 ) ) ;
#4808 = ORIENTED_EDGE ( 'NONE', *, *, #1445, .T. ) ;
#4809 = DIRECTION ( 'NONE',  ( -0.2657276780299913099, -0.9267025424900799946, 0.2657276780299913099 ) ) ;
#4810 = CARTESIAN_POINT ( 'NONE',  ( 53.48654180385788237, 7.439184225591244370, 31.67741092860697805 ) ) ;
#4811 = ADVANCED_FACE ( 'NONE', ( #5425 ), #2777, .F. ) ;
#4812 = CARTESIAN_POINT ( 'NONE',  ( -8.374674870469096533, 10.53731005528968723, -33.62500000000000000 ) ) ;
#4813 = EDGE_CURVE ( 'NONE', #4261, #6587, #5801, .T. ) ;
#4814 = EDGE_CURVE ( 'NONE', #5368, #4786, #597, .T. ) ;
#4815 = CARTESIAN_POINT ( 'NONE',  ( -35.44999999999999574, 10.80000000000000071, 35.44999999999961204 ) ) ;
#4816 = CARTESIAN_POINT ( 'NONE',  ( 6.964775456032752413E-16, 8.566080860090870885, 34.80943399447237852 ) ) ;
#4817 = ORIENTED_EDGE ( 'NONE', *, *, #2881, .T. ) ;
#4818 = EDGE_CURVE ( 'NONE', #4301, #3571, #3366, .T. ) ;
#4819 = VERTEX_POINT ( 'NONE', #5526 ) ;
#4820 = CARTESIAN_POINT ( 'NONE',  ( -53.44999999999999574, 10.80000000000000071, 27.54999999999960991 ) ) ;
#4821 = ORIENTED_EDGE ( 'NONE', *, *, #706, .T. ) ;
#4822 = CARTESIAN_POINT ( 'NONE',  ( 8.449999999999999289, 10.80000000000000426, 33.62500000000000000 ) ) ;
#4823 = LINE ( 'NONE', #106, #3820 ) ;
#4824 = EDGE_CURVE ( 'NONE', #4451, #3023, #5485, .T. ) ;
#4825 = ORIENTED_EDGE ( 'NONE', *, *, #5537, .F. ) ;
#4826 = DIRECTION ( 'NONE',  ( 0.000000000000000000, -0.2756373558170042704, 0.9612616959383174509 ) ) ;
#4827 = DIRECTION ( 'NONE',  ( 1.000000000000000000, 0.000000000000000000, 0.000000000000000000 ) ) ;
#4828 = ORIENTED_EDGE ( 'NONE', *, *, #3903, .T. ) ;
#4829 = VECTOR ( 'NONE', #801, 1000.000000000000114 ) ;
#4830 = DIRECTION ( 'NONE',  ( 0.4999999999999902855, -0.7071067811865670016, -0.4999999999999821254 ) ) ;
#4831 = EDGE_LOOP ( 'NONE', ( #6142, #5620, #327, #1293 ) ) ;
#4832 = ORIENTED_EDGE ( 'NONE', *, *, #6124, .F. ) ;
#4833 = VECTOR ( 'NONE', #66, 1000.000000000000000 ) ;
#4834 = EDGE_CURVE ( 'NONE', #4386, #4351, #2808, .T. ) ;
#4835 = VECTOR ( 'NONE', #6408, 1000.000000000000000 ) ;
#4836 = CARTESIAN_POINT ( 'NONE',  ( 58.32322330470334037, 9.699999999999974420, -37.32322330470339011 ) ) ;
#4837 = DIRECTION ( 'NONE',  ( 4.226362854693272149E-13, -1.000000000000000000, -3.488628514275818460E-28 ) ) ;
#4838 = CARTESIAN_POINT ( 'NONE',  ( 25.50374022699592658, 7.500000000000000000, 0.000000000000000000 ) ) ;
#4839 = ORIENTED_EDGE ( 'NONE', *, *, #937, .F. ) ;
#4840 = CARTESIAN_POINT ( 'NONE',  ( -62.00000000000000000, 7.500000000000000000, -41.00000000000000000 ) ) ;
#4841 = ADVANCED_FACE ( 'NONE', ( #2883 ), #185, .F. ) ;
#4842 = VECTOR ( 'NONE', #5674, 1000.000000000000114 ) ;
#4843 = ORIENTED_EDGE ( 'NONE', *, *, #3481, .T. ) ;
#4844 = ADVANCED_FACE ( 'NONE', ( #1742 ), #224, .F. ) ;
#4845 = CARTESIAN_POINT ( 'NONE',  ( -51.62500000000000000, 10.80000000000000426, -26.45000000000038298 ) ) ;
#4846 = AXIS2_PLACEMENT_3D ( 'NONE', #5252, #6317, #5667 ) ;
#4847 = CARTESIAN_POINT ( 'NONE',  ( 53.48650574178870443, 7.439244242953072295, 32.46331884135614843 ) ) ;
#4848 = FACE_OUTER_BOUND ( 'NONE', #5318, .T. ) ;
#4849 = EDGE_CURVE ( 'NONE', #5001, #46, #4452, .T. ) ;
#4850 = DIRECTION ( 'NONE',  ( 0.7071067811865474617, 0.000000000000000000, -0.7071067811865474617 ) ) ;
#4851 = CARTESIAN_POINT ( 'NONE',  ( 0.000000000000000000, 7.500000000000000000, -28.49625977300445356 ) ) ;
#4852 = ORIENTED_EDGE ( 'NONE', *, *, #5507, .T. ) ;
#4853 = VERTEX_POINT ( 'NONE', #1804 ) ;
#4854 = VECTOR ( 'NONE', #1594, 1000.000000000000000 ) ;
#4855 = LINE ( 'NONE', #104, #2500 ) ;
#4856 = CARTESIAN_POINT ( 'NONE',  ( 53.44999999998766782, 7.500000000020509816, -30.98907256197676574 ) ) ;
#4857 = VECTOR ( 'NONE', #698, 1000.000000000000227 ) ;
#4858 = ORIENTED_EDGE ( 'NONE', *, *, #3055, .F. ) ;
#4859 = LINE ( 'NONE', #4302, #5628 ) ;
#4860 = CARTESIAN_POINT ( 'NONE',  ( 0.000000000000000000, 7.500000000000000000, 28.49625977300368618 ) ) ;
#4861 = PLANE ( 'NONE',  #2662 ) ;
#4862 = ORIENTED_EDGE ( 'NONE', *, *, #6143, .F. ) ;
#4863 = AXIS2_PLACEMENT_3D ( 'NONE', #6191, #6255, #3624 ) ;
#4864 = CARTESIAN_POINT ( 'NONE',  ( -60.00000000000000000, 7.500000000000000000, 8.000000000000000000 ) ) ;
#4865 = CARTESIAN_POINT ( 'NONE',  ( -10.49625977300407165, 7.500000000000000000, 33.62500000000000000 ) ) ;
#4866 = CARTESIAN_POINT ( 'NONE',  ( 53.44999999999999574, 7.500000000000000000, 35.44999999999998863 ) ) ;
#4867 = VERTEX_POINT ( 'NONE', #1226 ) ;
#4868 = VECTOR ( 'NONE', #2507, 1000.000000000000000 ) ;
#4869 = CARTESIAN_POINT ( 'NONE',  ( -61.00000000000000000, 9.899999999999998579, -8.000000000000000000 ) ) ;
#4870 = ORIENTED_EDGE ( 'NONE', *, *, #6539, .F. ) ;
#4871 = VERTEX_POINT ( 'NONE', #5458 ) ;
#4872 = STYLED_ITEM ( 'NONE', ( #2265 ), #3884 ) ;
#4873 = CARTESIAN_POINT ( 'NONE',  ( -43.50374022699592302, 7.500000000000000000, 0.000000000000000000 ) ) ;
#4874 = CARTESIAN_POINT ( 'NONE',  ( 51.62500000000000000, 10.53731005528970854, 0.6253251295305098933 ) ) ;
#4875 = FACE_OUTER_BOUND ( 'NONE', #2424, .T. ) ;
#4876 = ORIENTED_EDGE ( 'NONE', *, *, #6521, .T. ) ;
#4877 = CARTESIAN_POINT ( 'NONE',  ( -3.482387728013483552E-16, 8.566080860089984483, -34.80943399447291142 ) ) ;
#4878 = VECTOR ( 'NONE', #1493, 1000.000000000000114 ) ;
#4879 = ORIENTED_EDGE ( 'NONE', *, *, #3148, .T. ) ;
#4880 = ADVANCED_FACE ( 'NONE', ( #4240 ), #5347, .F. ) ;
#4881 = LINE ( 'NONE', #5335, #5501 ) ;
#4882 = LINE ( 'NONE', #3760, #4625 ) ;
#4883 = DIRECTION ( 'NONE',  ( -0.2657276780299911434, 0.9267025424900801056, 0.2657276780299911434 ) ) ;
#4884 = VECTOR ( 'NONE', #612, 1000.000000000000000 ) ;
#4885 = LINE ( 'NONE', #2656, #3825 ) ;
#4886 = CARTESIAN_POINT ( 'NONE',  ( 0.000000000000000000, 7.500000000000000000, 34.50374022699553933 ) ) ;
#4887 = ORIENTED_EDGE ( 'NONE', *, *, #5405, .F. ) ;
#4888 = ORIENTED_EDGE ( 'NONE', *, *, #377, .T. ) ;
#4889 = VECTOR ( 'NONE', #2830, 1000.000000000000000 ) ;
#4890 = CARTESIAN_POINT ( 'NONE',  ( -27.54999999999999361, 10.80000000000000071, 35.44999999999961204 ) ) ;
#4891 = DIRECTION ( 'NONE',  ( 0.2386847610229711203, -0.8323926831162092865, 0.5001519828512179799 ) ) ;
#4892 = ORIENTED_EDGE ( 'NONE', *, *, #534, .T. ) ;
#4893 = FACE_OUTER_BOUND ( 'NONE', #6350, .T. ) ;
#4894 = CARTESIAN_POINT ( 'NONE',  ( -53.44999999999999574, 7.299999999999999822, 32.07000000000000028 ) ) ;
#4895 = EDGE_CURVE ( 'NONE', #5694, #1071, #563, .T. ) ;
#4896 = DIRECTION ( 'NONE',  ( -0.000000000000000000, 0.000000000000000000, 1.000000000000000000 ) ) ;
#4897 = DIRECTION ( 'NONE',  ( -0.7071067811865452413, 0.000000000000000000, 0.7071067811865497932 ) ) ;
#4898 = LINE ( 'NONE', #144, #5518 ) ;
#4899 = EDGE_CURVE ( 'NONE', #82, #1720, #5869, .T. ) ;
#4900 = CARTESIAN_POINT ( 'NONE',  ( 40.07937528197221866, 29.75245638442229534, 22.88452941702783860 ) ) ;
#4901 = EDGE_CURVE ( 'NONE', #4775, #1681, #1079, .T. ) ;
#4902 = ORIENTED_EDGE ( 'NONE', *, *, #2770, .F. ) ;
#4903 = ADVANCED_FACE ( 'NONE', ( #5245 ), #2694, .F. ) ;
#4904 = CARTESIAN_POINT ( 'NONE',  ( -53.44999999999999574, 7.500000000000007105, -30.89016950369980918 ) ) ;
#4905 = EDGE_CURVE ( 'NONE', #5640, #5476, #2082, .T. ) ;
#4906 = ORIENTED_EDGE ( 'NONE', *, *, #1417, .T. ) ;
#4907 = EDGE_CURVE ( 'NONE', #6152, #4344, #5901, .T. ) ;
#4908 = EDGE_LOOP ( 'NONE', ( #1174, #807, #4155, #480 ) ) ;
#4909 = DIRECTION ( 'NONE',  ( -0.000000000000000000, -0.2756373558170042704, -0.9612616959383174509 ) ) ;
#4910 = CARTESIAN_POINT ( 'NONE',  ( 50.06999999999676731, 7.500000000021109337, -32.07000000000009976 ) ) ;
#4911 = DIRECTION ( 'NONE',  ( -0.9612616959383175619, -0.2756373558170040483, 0.000000000000000000 ) ) ;
#4912 = ORIENTED_EDGE ( 'NONE', *, *, #2164, .F. ) ;
#4913 = LINE ( 'NONE', #3409, #4398 ) ;
#4914 = ORIENTED_EDGE ( 'NONE', *, *, #3700, .T. ) ;
#4915 = VERTEX_POINT ( 'NONE', #14 ) ;
#4916 = DIRECTION ( 'NONE',  ( 0.000000000000000000, -0.000000000000000000, 1.000000000000000000 ) ) ;
#4917 = CARTESIAN_POINT ( 'NONE',  ( -52.50374022699593013, 7.500000000000000000, 0.000000000000000000 ) ) ;
#4918 = DIRECTION ( 'NONE',  ( 0.000000000000000000, -0.2756373558170040483, 0.9612616959383175619 ) ) ;
#4919 = EDGE_CURVE ( 'NONE', #3945, #1367, #2114, .T. ) ;
#4920 = CARTESIAN_POINT ( 'NONE',  ( 52.80943399447264142, 8.566080860090407256, 0.000000000000000000 ) ) ;
#4921 = CARTESIAN_POINT ( 'NONE',  ( -48.79638818434512615, -5.429073061943221035, 30.79638818434474956 ) ) ;
#4922 = VERTEX_POINT ( 'NONE', #4310 ) ;
#4923 = ORIENTED_EDGE ( 'NONE', *, *, #3663, .T. ) ;
#4924 = LINE ( 'NONE', #1271, #3048 ) ;
#4925 = CARTESIAN_POINT ( 'NONE',  ( -49.08759545844685590, 7.492831245259303330, 35.45430742241116917 ) ) ;
#4926 = ORIENTED_EDGE ( 'NONE', *, *, #6656, .F. ) ;
#4927 = DIRECTION ( 'NONE',  ( 0.000000000000000000, -1.000000000000000000, 0.000000000000000000 ) ) ;
#4928 = DIRECTION ( 'NONE',  ( -0.1378445374916336952, 0.9808148484639876985, 0.1378445374916336952 ) ) ;
#4929 = EDGE_CURVE ( 'NONE', #1414, #4011, #6344, .T. ) ;
#4930 = EDGE_LOOP ( 'NONE', ( #5094, #4523, #842, #5735 ) ) ;
#4931 = DIRECTION ( 'NONE',  ( -0.7071067811865452413, -0.000000000000000000, 0.7071067811865497932 ) ) ;
#4932 = DIRECTION ( 'NONE',  ( 0.000000000000000000, 0.000000000000000000, -1.000000000000000000 ) ) ;
#4933 = DIRECTION ( 'NONE',  ( 0.000000000000000000, 0.000000000000000000, 1.000000000000000000 ) ) ;
#4934 = VERTEX_POINT ( 'NONE', #4792 ) ;
#4935 = CARTESIAN_POINT ( 'NONE',  ( 60.72738636073759722, 10.49999999999999822, 32.65631854887216434 ) ) ;
#4936 = DIRECTION ( 'NONE',  ( -0.9612616959383175619, -0.2756373558170040483, 0.000000000000000000 ) ) ;
#4937 = EDGE_LOOP ( 'NONE', ( #5022, #1036, #5794, #3436 ) ) ;
#4938 = EDGE_CURVE ( 'NONE', #516, #1617, #5375, .T. ) ;
#4939 = ORIENTED_EDGE ( 'NONE', *, *, #4599, .T. ) ;
#4940 = EDGE_CURVE ( 'NONE', #4922, #5740, #624, .T. ) ;
#4941 = DIRECTION ( 'NONE',  ( -1.000000000000000000, 0.000000000000000000, 0.000000000000000000 ) ) ;
#4942 = CIRCLE ( 'NONE', #2268, 3.580000000000000071 ) ;
#4943 = PLANE ( 'NONE',  #5617 ) ;
#4944 = DIRECTION ( 'NONE',  ( 0.000000000000000000, 0.000000000000000000, 1.000000000000000000 ) ) ;
#4945 = ADVANCED_FACE ( 'NONE', ( #1014 ), #5276, .F. ) ;
#4946 = EDGE_LOOP ( 'NONE', ( #4531, #2453, #1223, #1087, #3928, #4087, #2999, #6740 ) ) ;
#4947 = DIRECTION ( 'NONE',  ( 0.2386847610229713423, -0.8323926831162092865, -0.5001519828512179799 ) ) ;
#4948 = ORIENTED_EDGE ( 'NONE', *, *, #5915, .F. ) ;
#4949 = VECTOR ( 'NONE', #6466, 1000.000000000000000 ) ;
#4950 = ORIENTED_EDGE ( 'NONE', *, *, #207, .T. ) ;
#4951 = DIRECTION ( 'NONE',  ( 4.226362854693271644E-13, -1.000000000000000000, -3.488628514275818012E-28 ) ) ;
#4952 = CARTESIAN_POINT ( 'NONE',  ( 30.93261023597309034, -0.9965637948165171345, -32.06738976402728980 ) ) ;
#4953 = AXIS2_PLACEMENT_3D ( 'NONE', #5224, #5185, #4009 ) ;
#4954 = CARTESIAN_POINT ( 'NONE',  ( -2.735713599992111611, 22.25864506693673306, 26.58211138907234528 ) ) ;
#4955 = ORIENTED_EDGE ( 'NONE', *, *, #2469, .T. ) ;
#4956 = ORIENTED_EDGE ( 'NONE', *, *, #1040, .T. ) ;
#4957 = AXIS2_PLACEMENT_3D ( 'NONE', #4466, #1403, #3457 ) ;
#4958 = VECTOR ( 'NONE', #5125, 1000.000000000000000 ) ;
#4959 = CARTESIAN_POINT ( 'NONE',  ( -61.00000000000000000, 10.49999999999999822, 8.000000000000000000 ) ) ;
#4960 = CARTESIAN_POINT ( 'NONE',  ( -51.24983049630018428, 7.500000000000007105, 35.45000000000000995 ) ) ;
#4961 = EDGE_LOOP ( 'NONE', ( #2195, #3630, #2218, #1497 ) ) ;
#4962 = DIRECTION ( 'NONE',  ( -0.2657276780299911434, 0.9267025424900801056, 0.2657276780299911434 ) ) ;
#4963 = CARTESIAN_POINT ( 'NONE',  ( 9.550000000000002487, 10.80000000000000071, -35.45000000000039364 ) ) ;
#4964 = CIRCLE ( 'NONE', #856, 0.1999999999999987899 ) ;
#4965 = FACE_OUTER_BOUND ( 'NONE', #441, .T. ) ;
#4966 = ORIENTED_EDGE ( 'NONE', *, *, #5184, .F. ) ;
#4967 = DIRECTION ( 'NONE',  ( 0.4578768884082908830, -0.7620351108204154178, -0.4578768884082909940 ) ) ;
#4968 = AXIS2_PLACEMENT_3D ( 'NONE', #2184, #4241, #4764 ) ;
#4969 = CARTESIAN_POINT ( 'NONE',  ( -40.07937528197221866, 29.75245638442229534, -13.88452941702861310 ) ) ;
#4970 = LINE ( 'NONE', #734, #3190 ) ;
#4971 = CARTESIAN_POINT ( 'NONE',  ( 51.62500000000000711, 7.500000000000000000, -19.49625977300444646 ) ) ;
#4972 = CARTESIAN_POINT ( 'NONE',  ( 45.54999999999999005, 10.80000000000000071, -9.550000000000384404 ) ) ;
#4973 = VECTOR ( 'NONE', #1281, 1000.000000000000000 ) ;
#4974 = VERTEX_POINT ( 'NONE', #3118 ) ;
#4975 = ORIENTED_EDGE ( 'NONE', *, *, #2009, .F. ) ;
#4976 = CARTESIAN_POINT ( 'NONE',  ( 51.62500000000000000, 7.500000000000000000, 25.50374022699553578 ) ) ;
#4977 = VECTOR ( 'NONE', #1878, 1000.000000000000000 ) ;
#4978 = DIRECTION ( 'NONE',  ( 1.000000000000000000, 0.000000000000000000, 0.000000000000000000 ) ) ;
#4979 = LINE ( 'NONE', #1705, #3642 ) ;
#4980 = ORIENTED_EDGE ( 'NONE', *, *, #4989, .T. ) ;
#4981 = LINE ( 'NONE', #258, #1735 ) ;
#4982 = ORIENTED_EDGE ( 'NONE', *, *, #378, .F. ) ;
#4983 = AXIS2_PLACEMENT_3D ( 'NONE', #4454, #1292, #6553 ) ;
#4984 = EDGE_LOOP ( 'NONE', ( #5790, #464, #577, #2143, #6281, #3733 ) ) ;
#4985 = CARTESIAN_POINT ( 'NONE',  ( 57.89895923599141980, 9.099999999999983658, -36.89895923599146954 ) ) ;
#4986 = CARTESIAN_POINT ( 'NONE',  ( -51.62500000000000711, 10.53731005528969256, -18.62532512953128006 ) ) ;
#4987 = CARTESIAN_POINT ( 'NONE',  ( 51.62500000000000000, 10.80000000000000426, -33.62500000000000000 ) ) ;
#4988 = AXIS2_PLACEMENT_3D ( 'NONE', #5251, #4216, #4182 ) ;
#4989 = EDGE_CURVE ( 'NONE', #2142, #677, #4342, .T. ) ;
#4990 = CARTESIAN_POINT ( 'NONE',  ( 40.07937528197222576, 29.75245638442229179, -4.884529417028623755 ) ) ;
#4991 = EDGE_CURVE ( 'NONE', #5671, #3372, #1533, .T. ) ;
#4992 = ORIENTED_EDGE ( 'NONE', *, *, #5537, .T. ) ;
#4993 = VERTEX_POINT ( 'NONE', #3640 ) ;
#4994 = EDGE_CURVE ( 'NONE', #1240, #863, #6308, .T. ) ;
#4995 = LINE ( 'NONE', #759, #4292 ) ;
#4996 = DIRECTION ( 'NONE',  ( -0.7071067811865452413, 0.000000000000000000, -0.7071067811865497932 ) ) ;
#4997 = VECTOR ( 'NONE', #38, 1000.000000000000000 ) ;
#4998 = VERTEX_POINT ( 'NONE', #3675 ) ;
#4999 = LINE ( 'NONE', #762, #1500 ) ;
#5000 = LINE ( 'NONE', #1766, #6797 ) ;
#5001 = VERTEX_POINT ( 'NONE', #5795 ) ;
#5002 = VECTOR ( 'NONE', #6306, 1000.000000000000000 ) ;
#5003 = EDGE_LOOP ( 'NONE', ( #2493, #880, #4843, #5054 ) ) ;
#5004 = CARTESIAN_POINT ( 'NONE',  ( -26.37467487046906456, 10.53731005528967124, 33.62500000000000000 ) ) ;
#5005 = DIRECTION ( 'NONE',  ( 0.2756373558170042704, -0.9612616959383174509, 0.000000000000000000 ) ) ;
#5006 = LINE ( 'NONE', #6506, #979 ) ;
#5007 = ORIENTED_EDGE ( 'NONE', *, *, #6495, .F. ) ;
#5008 = ADVANCED_FACE ( 'NONE', ( #1047 ), #3151, .F. ) ;
#5009 = CARTESIAN_POINT ( 'NONE',  ( -40.43188897418603034, -3.212818428379818680, 31.43188897418563954 ) ) ;
#5010 = ORIENTED_EDGE ( 'NONE', *, *, #6277, .T. ) ;
#5011 = DIRECTION ( 'NONE',  ( -0.2657276780299911434, 0.9267025424900801056, 0.2657276780299911434 ) ) ;
#5012 = LINE ( 'NONE', #1228, #994 ) ;
#5013 = VERTEX_POINT ( 'NONE', #4270 ) ;
#5014 = LINE ( 'NONE', #814, #4177 ) ;
#5015 = EDGE_LOOP ( 'NONE', ( #3929, #6137, #526, #6303 ) ) ;
#5016 = ORIENTED_EDGE ( 'NONE', *, *, #5095, .F. ) ;
#5017 = DIRECTION ( 'NONE',  ( -0.000000000000000000, 0.9612616959383174509, 0.2756373558170042704 ) ) ;
#5018 = DIRECTION ( 'NONE',  ( 0.000000000000000000, 0.000000000000000000, -1.000000000000000000 ) ) ;
#5019 = FILL_AREA_STYLE ('',( #3342 ) ) ;
#5020 = DIRECTION ( 'NONE',  ( -0.2657276780299913099, -0.9267025424900799946, 0.2657276780299913099 ) ) ;
#5021 = ORIENTED_EDGE ( 'NONE', *, *, #5954, .T. ) ;
#5022 = ORIENTED_EDGE ( 'NONE', *, *, #5195, .F. ) ;
#5023 = ADVANCED_FACE ( 'NONE', ( #2352 ), #5968, .F. ) ;
#5024 = EDGE_CURVE ( 'NONE', #3475, #1690, #6545, .T. ) ;
#5025 = DIRECTION ( 'NONE',  ( -0.000000000000000000, -0.000000000000000000, 1.000000000000000000 ) ) ;
#5026 = DIRECTION ( 'NONE',  ( -0.000000000000000000, -1.000000000000000000, -0.000000000000000000 ) ) ;
#5027 = EDGE_CURVE ( 'NONE', #2052, #3059, #4409, .T. ) ;
#5028 = ORIENTED_EDGE ( 'NONE', *, *, #5338, .T. ) ;
#5029 = FACE_OUTER_BOUND ( 'NONE', #473, .T. ) ;
#5030 = EDGE_CURVE ( 'NONE', #6433, #4915, #3430, .T. ) ;
#5031 = CARTESIAN_POINT ( 'NONE',  ( 49.87590218609657455, 7.347213556753834141, 35.44999999999997442 ) ) ;
#5032 = ORIENTED_EDGE ( 'NONE', *, *, #3812, .F. ) ;
#5033 = DIRECTION ( 'NONE',  ( 0.000000000000000000, 0.000000000000000000, 1.000000000000000000 ) ) ;
#5034 = ORIENTED_EDGE ( 'NONE', *, *, #887, .T. ) ;
#5035 = CARTESIAN_POINT ( 'NONE',  ( 36.54999999999999716, 10.80000000000000071, 35.44999999999961204 ) ) ;
#5036 = CARTESIAN_POINT ( 'NONE',  ( -53.48650574179804096, 7.439244242937528284, -32.46331884136124302 ) ) ;
#5037 = CARTESIAN_POINT ( 'NONE',  ( 53.44999999999685514, 7.300000000022538238, -32.07000000000010687 ) ) ;
#5038 = CARTESIAN_POINT ( 'NONE',  ( 53.24489371323137021, 10.08470937300049464, 9.755106286768237212 ) ) ;
#5039 = CARTESIAN_POINT ( 'NONE',  ( 11.73571359999211339, 22.25864506693675793, 26.58211138907232751 ) ) ;
#5040 = CARTESIAN_POINT ( 'NONE',  ( 43.50374022699593723, 7.500000000000000000, -33.62500000000000000 ) ) ;
#5041 = CARTESIAN_POINT ( 'NONE',  ( 50.26605971237017911, 7.425829079502440422, 35.49456638520402407 ) ) ;
#5042 = CARTESIAN_POINT ( 'NONE',  ( 51.62500000000000000, 10.80000000000000426, 33.62500000000000000 ) ) ;
#5043 = ORIENTED_EDGE ( 'NONE', *, *, #2813, .T. ) ;
#5044 = DIRECTION ( 'NONE',  ( -0.9612616959383175619, -0.2756373558170040483, 0.000000000000000000 ) ) ;
#5045 = ORIENTED_EDGE ( 'NONE', *, *, #3223, .T. ) ;
#5046 = EDGE_CURVE ( 'NONE', #815, #4090, #248, .T. ) ;
#5047 = VERTEX_POINT ( 'NONE', #5004 ) ;
#5048 = PLANE ( 'NONE',  #4096 ) ;
#5049 = PLANE ( 'NONE',  #2074 ) ;
#5050 = DIRECTION ( 'NONE',  ( 0.000000000000000000, -0.9612616959383174509, 0.2756373558170042704 ) ) ;
#5051 = EDGE_CURVE ( 'NONE', #3100, #745, #6439, .T. ) ;
#5052 = PLANE ( 'NONE',  #3272 ) ;
#5053 = VECTOR ( 'NONE', #485, 1000.000000000000227 ) ;
#5054 = ORIENTED_EDGE ( 'NONE', *, *, #2210, .T. ) ;
#5055 = VECTOR ( 'NONE', #1179, 1000.000000000000114 ) ;
#5056 = ORIENTED_EDGE ( 'NONE', *, *, #6403, .T. ) ;
#5057 = EDGE_CURVE ( 'NONE', #46, #4670, #1218, .T. ) ;
#5058 = VECTOR ( 'NONE', #3203, 1000.000000000000000 ) ;
#5059 = DIRECTION ( 'NONE',  ( -0.2756373558170042704, 0.9612616959383174509, 0.000000000000000000 ) ) ;
#5061 = CARTESIAN_POINT ( 'NONE',  ( -49.38241575866897648, 7.466178561710448136, 35.47032197034707224 ) ) ;
#5060 = VECTOR ( 'NONE', #4354, 1000.000000000000000 ) ;
#5062 = DIRECTION ( 'NONE',  ( 1.000000000000000000, 0.000000000000000000, -0.000000000000000000 ) ) ;
#5063 = LINE ( 'NONE', #309, #2597 ) ;
#5064 = VERTEX_POINT ( 'NONE', #1826 ) ;
#5065 = VECTOR ( 'NONE', #824, 1000.000000000000000 ) ;
#5066 = VECTOR ( 'NONE', #2363, 1000.000000000000000 ) ;
#5067 = ORIENTED_EDGE ( 'NONE', *, *, #4989, .F. ) ;
#5068 = VECTOR ( 'NONE', #158, 1000.000000000000000 ) ;
#5069 = CARTESIAN_POINT ( 'NONE',  ( 28.19056600552735503, 8.566080860090396598, 34.80943399447264142 ) ) ;
#5070 = CARTESIAN_POINT ( 'NONE',  ( 45.54999999999999005, 10.80000000000000071, -8.450000000000388312 ) ) ;
#5071 = VERTEX_POINT ( 'NONE', #1731 ) ;
#5072 = PLANE ( 'NONE',  #1999 ) ;
#5073 = VECTOR ( 'NONE', #564, 1000.000000000000000 ) ;
#5074 = CARTESIAN_POINT ( 'NONE',  ( -24.62500000000000000, 10.80000000000000426, 33.62500000000000000 ) ) ;
#5075 = DIRECTION ( 'NONE',  ( 0.000000000000000000, -0.000000000000000000, 1.000000000000000000 ) ) ;
#5076 = ORIENTED_EDGE ( 'NONE', *, *, #1751, .T. ) ;
#5077 = VECTOR ( 'NONE', #1049, 1000.000000000000000 ) ;
#5078 = ORIENTED_EDGE ( 'NONE', *, *, #3564, .T. ) ;
#5079 = ORIENTED_EDGE ( 'NONE', *, *, #4476, .F. ) ;
#5080 = VECTOR ( 'NONE', #6208, 1000.000000000000000 ) ;
#5081 = CARTESIAN_POINT ( 'NONE',  ( 0.000000000000000000, 7.500000000000000000, -25.50374022699631382 ) ) ;
#5082 = FACE_OUTER_BOUND ( 'NONE', #5957, .T. ) ;
#5083 = CARTESIAN_POINT ( 'NONE',  ( 0.000000000000000000, 7.500000000000000000, -34.50374022699632093 ) ) ;
#5084 = VECTOR ( 'NONE', #2643, 1000.000000000000227 ) ;
#5085 = ORIENTED_EDGE ( 'NONE', *, *, #2375, .T. ) ;
#5086 = EDGE_CURVE ( 'NONE', #3811, #4274, #768, .T. ) ;
#5087 = ORIENTED_EDGE ( 'NONE', *, *, #1796, .T. ) ;
#5088 = VECTOR ( 'NONE', #1811, 1000.000000000000000 ) ;
#5089 = PLANE ( 'NONE',  #747 ) ;
#5090 = DIRECTION ( 'NONE',  ( 0.000000000000000000, 0.000000000000000000, -1.000000000000000000 ) ) ;
#5091 = CARTESIAN_POINT ( 'NONE',  ( 57.89895923599141980, 10.49999999999999822, -36.89895923599146954 ) ) ;
#5092 = ADVANCED_FACE ( 'NONE', ( #5932 ), #1770, .F. ) ;
#5093 = CARTESIAN_POINT ( 'NONE',  ( -53.44999999999999574, 10.80000000000000071, -0.5500000000003835154 ) ) ;
#5094 = ORIENTED_EDGE ( 'NONE', *, *, #5403, .T. ) ;
#5095 = EDGE_CURVE ( 'NONE', #4670, #4998, #662, .T. ) ;
#5096 = ORIENTED_EDGE ( 'NONE', *, *, #3364, .F. ) ;
#5097 = CARTESIAN_POINT ( 'NONE',  ( 28.49625977300406632, 7.500000000000000000, 33.62500000000000000 ) ) ;
#5098 = DIRECTION ( 'NONE',  ( 0.000000000000000000, 0.000000000000000000, 1.000000000000000000 ) ) ;
#5099 = ADVANCED_FACE ( 'NONE', ( #172 ), #214, .T. ) ;
#5100 = CARTESIAN_POINT ( 'NONE',  ( -51.62500000000000000, 10.80000000000000426, -33.62500000000000000 ) ) ;
#5101 = PLANE ( 'NONE',  #5886 ) ;
#5102 = VECTOR ( 'NONE', #6541, 1000.000000000000000 ) ;
#5103 = ORIENTED_EDGE ( 'NONE', *, *, #3449, .F. ) ;
#5104 = EDGE_CURVE ( 'NONE', #653, #6123, #1797, .T. ) ;
#5105 = FACE_OUTER_BOUND ( 'NONE', #5868, .T. ) ;
#5106 = DIRECTION ( 'NONE',  ( 0.4856429311786325531, -0.8741572761215374854, -0.000000000000000000 ) ) ;
#5107 = EDGE_CURVE ( 'NONE', #6144, #1792, #5477, .T. ) ;
#5108 = CARTESIAN_POINT ( 'NONE',  ( 29.73571359999217734, 22.25864506693693556, -26.58211138907204329 ) ) ;
#5109 = DIRECTION ( 'NONE',  ( -0.2386847610229713423, -0.8323926831162092865, -0.5001519828512179799 ) ) ;
#5110 = ADVANCED_FACE ( 'NONE', ( #1316 ), #5415, .F. ) ;
#5111 = VERTEX_POINT ( 'NONE', #2905 ) ;
#5112 = EDGE_CURVE ( 'NONE', #5908, #275, #4720, .T. ) ;
#5113 = VERTEX_POINT ( 'NONE', #3917 ) ;
#5114 = ORIENTED_EDGE ( 'NONE', *, *, #6517, .T. ) ;
#5115 = LINE ( 'NONE', #4110, #5315 ) ;
#5116 = CARTESIAN_POINT ( 'NONE',  ( 10.49625977300407165, 7.500000000000000000, 0.000000000000000000 ) ) ;
#5117 = CARTESIAN_POINT ( 'NONE',  ( 50.06999999999676731, 7.500000000021109337, -32.07000000000009976 ) ) ;
#5118 = DIRECTION ( 'NONE',  ( 0.000000000000000000, 0.000000000000000000, 1.000000000000000000 ) ) ;
#5119 = ORIENTED_EDGE ( 'NONE', *, *, #998, .T. ) ;
#5120 = ADVANCED_FACE ( 'NONE', ( #2771 ), #2245, .F. ) ;
#5121 = EDGE_LOOP ( 'NONE', ( #4825, #6723, #1380, #5585 ) ) ;
#5122 = CARTESIAN_POINT ( 'NONE',  ( -53.44999999999999574, 10.80000000000000071, -0.5500000000003835154 ) ) ;
#5123 = EDGE_CURVE ( 'NONE', #4024, #3507, #5517, .T. ) ;
#5124 = CYLINDRICAL_SURFACE ( 'NONE', #2198, 3.380000000000001226 ) ;
#5125 = DIRECTION ( 'NONE',  ( -0.2386847610229711480, 0.8323926831162093976, -0.5001519828512179799 ) ) ;
#5126 = DIRECTION ( 'NONE',  ( -0.2657276780299913099, -0.9267025424900799946, 0.2657276780299913099 ) ) ;
#5127 = CARTESIAN_POINT ( 'NONE',  ( -46.49625977300406987, 7.500000000000000000, 33.62500000000000000 ) ) ;
#5128 = ORIENTED_EDGE ( 'NONE', *, *, #5213, .F. ) ;
#5129 = DIRECTION ( 'NONE',  ( 0.000000000000000000, 1.000000000000000000, -1.850371707708594366E-15 ) ) ;
#5130 = VERTEX_POINT ( 'NONE', #5228 ) ;
#5131 = ORIENTED_EDGE ( 'NONE', *, *, #3960, .T. ) ;
#5132 = LINE ( 'NONE', #3559, #5622 ) ;
#5133 = CARTESIAN_POINT ( 'NONE',  ( -51.62500000000000711, 7.500000000000000000, 1.496259773003674631 ) ) ;
#5134 = DIRECTION ( 'NONE',  ( 0.9612616959383174509, -0.2756373558170042704, 0.000000000000000000 ) ) ;
#5135 = ADVANCED_FACE ( 'NONE', ( #508 ), #2609, .F. ) ;
#5136 = DIRECTION ( 'NONE',  ( 0.000000000000000000, 0.000000000000000000, -1.000000000000000000 ) ) ;
#5137 = ORIENTED_EDGE ( 'NONE', *, *, #2217, .T. ) ;
#5138 = PLANE ( 'NONE',  #2610 ) ;
#5139 = LINE ( 'NONE', #2910, #1750 ) ;
#5140 = ADVANCED_FACE ( 'NONE', ( #3622 ), #993, .F. ) ;
#5141 = DIRECTION ( 'NONE',  ( 0.2657276780299897001, -0.9267025424900808828, 0.2657276780299897001 ) ) ;
#5142 = DIRECTION ( 'NONE',  ( 1.000000000000000000, 0.000000000000000000, 0.000000000000000000 ) ) ;
#5143 = ORIENTED_EDGE ( 'NONE', *, *, #2333, .F. ) ;
#5144 = VERTEX_POINT ( 'NONE', #3134 ) ;
#5145 = ADVANCED_FACE ( 'NONE', ( #1554 ), #6102, .F. ) ;
#5146 = CARTESIAN_POINT ( 'NONE',  ( -16.50374022699592658, 7.500000000000000000, 33.62500000000000000 ) ) ;
#5147 = CARTESIAN_POINT ( 'NONE',  ( -51.62500000000000000, 10.53731005528966946, 33.62500000000000000 ) ) ;
#5148 = CARTESIAN_POINT ( 'NONE',  ( 2.735713599992111611, 22.25864506693673306, 26.58211138907234528 ) ) ;
#5149 = VERTEX_POINT ( 'NONE', #3657 ) ;
#5150 = DIRECTION ( 'NONE',  ( 0.000000000000000000, 0.000000000000000000, 1.000000000000000000 ) ) ;
#5151 = ORIENTED_EDGE ( 'NONE', *, *, #3444, .T. ) ;
#5152 = ORIENTED_EDGE ( 'NONE', *, *, #6160, .F. ) ;
#5153 = CARTESIAN_POINT ( 'NONE',  ( 50.06999999999688100, 7.500000000021168844, 32.06999999999991502 ) ) ;
#5154 = CARTESIAN_POINT ( 'NONE',  ( 60.02027957955104398, 9.499999999999980460, -31.94921176768562177 ) ) ;
#5155 = CARTESIAN_POINT ( 'NONE',  ( 3.482387728013483552E-16, 8.566080860089984483, -34.80943399447291142 ) ) ;
#5156 = AXIS2_PLACEMENT_3D ( 'NONE', #3036, #5271, #522 ) ;
#5157 = DIRECTION ( 'NONE',  ( 1.000000000000000000, 0.000000000000000000, 0.000000000000000000 ) ) ;
#5158 = LINE ( 'NONE', #5231, #4286 ) ;
#5159 = CARTESIAN_POINT ( 'NONE',  ( 40.07937528197223997, 29.75245638442227047, -13.11547058297210455 ) ) ;
#5160 = ORIENTED_EDGE ( 'NONE', *, *, #1029, .T. ) ;
#5161 = ORIENTED_EDGE ( 'NONE', *, *, #4210, .T. ) ;
#5162 = VERTEX_POINT ( 'NONE', #6325 ) ;
#5163 = VECTOR ( 'NONE', #2266, 1000.000000000000000 ) ;
#5164 = DIRECTION ( 'NONE',  ( 0.000000000000000000, -0.9612616959383180060, 0.2756373558170021054 ) ) ;
#5165 = CARTESIAN_POINT ( 'NONE',  ( -51.62500000000000000, 10.80000000000000071, 0.000000000000000000 ) ) ;
#5166 = CARTESIAN_POINT ( 'NONE',  ( 51.62500000000000000, 10.53731005528969433, 18.62532512953051622 ) ) ;
#5167 = VECTOR ( 'NONE', #2560, 1000.000000000000114 ) ;
#5168 = VECTOR ( 'NONE', #4779, 1000.000000000000000 ) ;
#5169 = CARTESIAN_POINT ( 'NONE',  ( 57.89895923599141980, 10.49999999999999822, 36.89895923599146954 ) ) ;
#5170 = ORIENTED_EDGE ( 'NONE', *, *, #1728, .T. ) ;
#5171 = VECTOR ( 'NONE', #938, 1000.000000000000000 ) ;
#5172 = PLANE ( 'NONE',  #1395 ) ;
#5173 = DIRECTION ( 'NONE',  ( 0.000000000000000000, -0.9612616959383180060, 0.2756373558170023830 ) ) ;
#5174 = PLANE ( 'NONE',  #3063 ) ;
#5175 = CARTESIAN_POINT ( 'NONE',  ( 7.503740226995923912, 7.500000000000000000, 33.62500000000000000 ) ) ;
#5176 = VECTOR ( 'NONE', #3971, 999.9999999999998863 ) ;
#5177 = EDGE_LOOP ( 'NONE', ( #51, #3911, #4235, #6206, #5319, #6384, #822, #1689 ) ) ;
#5178 = ORIENTED_EDGE ( 'NONE', *, *, #5767, .F. ) ;
#5179 = DIRECTION ( 'NONE',  ( -1.000000000000000000, -4.226362854693271644E-13, -5.637382613592819426E-32 ) ) ;
#5180 = VECTOR ( 'NONE', #3606, 1000.000000000000000 ) ;
#5181 = LINE ( 'NONE', #3613, #4187 ) ;
#5182 = DIRECTION ( 'NONE',  ( 0.000000000000000000, 0.8571673007021120005, 0.5150380749100545996 ) ) ;
#5183 = ORIENTED_EDGE ( 'NONE', *, *, #4791, .T. ) ;
#5184 = EDGE_CURVE ( 'NONE', #6485, #2706, #2099, .T. ) ;
#5185 = DIRECTION ( 'NONE',  ( -0.000000000000000000, -0.2756373558170023830, -0.9612616959383180060 ) ) ;
#5186 = DIRECTION ( 'NONE',  ( -1.000000000000000000, -0.000000000000000000, -0.000000000000000000 ) ) ;
#5187 = ORIENTED_EDGE ( 'NONE', *, *, #5095, .T. ) ;
#5188 = VERTEX_POINT ( 'NONE', #2065 ) ;
#5189 = AXIS2_PLACEMENT_3D ( 'NONE', #4412, #3291, #4368 ) ;
#5190 = DIRECTION ( 'NONE',  ( 0.000000000000000000, 0.000000000000000000, 1.000000000000000000 ) ) ;
#5191 = CARTESIAN_POINT ( 'NONE',  ( -53.45429975683254042, 7.492844002924503144, 31.08741126760183704 ) ) ;
#5192 = EDGE_CURVE ( 'NONE', #102, #247, #5782, .T. ) ;
#5193 = LINE ( 'NONE', #5644, #1422 ) ;
#5194 = EDGE_CURVE ( 'NONE', #3243, #275, #1580, .T. ) ;
#5195 = EDGE_CURVE ( 'NONE', #781, #2350, #6293, .T. ) ;
#5196 = VECTOR ( 'NONE', #2046, 1000.000000000000000 ) ;
#5197 = DIRECTION ( 'NONE',  ( 1.000000000000000000, 0.000000000000000000, 0.000000000000000000 ) ) ;
#5198 = ADVANCED_FACE ( 'NONE', ( #6842 ), #3690, .F. ) ;
#5199 = CARTESIAN_POINT ( 'NONE',  ( 51.33839134370869317, 3.435945472310292459, -15.33839134370908219 ) ) ;
#5200 = LINE ( 'NONE', #1584, #3538 ) ;
#5201 = EDGE_LOOP ( 'NONE', ( #3600, #266, #3087, #4870 ) ) ;
#5202 = ORIENTED_EDGE ( 'NONE', *, *, #3144, .T. ) ;
#5203 = ORIENTED_EDGE ( 'NONE', *, *, #5616, .F. ) ;
#5204 = VECTOR ( 'NONE', #3240, 1000.000000000000000 ) ;
#5205 = CARTESIAN_POINT ( 'NONE',  ( 43.80943399447252773, 8.566080860089996918, -34.80943399447291853 ) ) ;
#5206 = DIRECTION ( 'NONE',  ( 0.000000000000000000, 0.000000000000000000, -1.000000000000000000 ) ) ;
#5207 = AXIS2_PLACEMENT_3D ( 'NONE', #4485, #6584, #5489 ) ;
#5208 = PLANE ( 'NONE',  #1448 ) ;
#5209 = ORIENTED_EDGE ( 'NONE', *, *, #610, .F. ) ;
#5210 = CARTESIAN_POINT ( 'NONE',  ( 45.54999999999999005, 10.80000000000000071, 17.44999999999961560 ) ) ;
#5211 = LINE ( 'NONE', #1723, #3418 ) ;
#5212 = LINE ( 'NONE', #5247, #2188 ) ;
#5213 = EDGE_CURVE ( 'NONE', #1495, #3620, #4641, .T. ) ;
#5214 = CARTESIAN_POINT ( 'NONE',  ( 60.02027957955104398, 9.499999999999980460, 31.94921176768562177 ) ) ;
#5215 = AXIS2_PLACEMENT_3D ( 'NONE', #4750, #2580, #5854 ) ;
#5216 = ORIENTED_EDGE ( 'NONE', *, *, #2112, .F. ) ;
#5217 = ORIENTED_EDGE ( 'NONE', *, *, #4372, .F. ) ;
#5218 = ORIENTED_EDGE ( 'NONE', *, *, #2333, .T. ) ;
#5219 = AXIS2_PLACEMENT_3D ( 'NONE', #5824, #5684, #6233 ) ;
#5220 = DIRECTION ( 'NONE',  ( -0.000000000000000000, 1.000000000000000000, -0.000000000000000000 ) ) ;
#5221 = DIRECTION ( 'NONE',  ( 1.000000000000000000, 0.000000000000000000, 0.000000000000000000 ) ) ;
#5222 = PLANE ( 'NONE',  #4536 ) ;
#5223 = ORIENTED_EDGE ( 'NONE', *, *, #2978, .T. ) ;
#5224 = CARTESIAN_POINT ( 'NONE',  ( 0.000000000000000000, 7.500000000000000000, 1.496259773003674631 ) ) ;
#5225 = CARTESIAN_POINT ( 'NONE',  ( 46.49625977300406987, 7.500000000000000000, 33.62500000000000000 ) ) ;
#5226 = ORIENTED_EDGE ( 'NONE', *, *, #3346, .T. ) ;
#5227 = ORIENTED_EDGE ( 'NONE', *, *, #3359, .F. ) ;
#5228 = CARTESIAN_POINT ( 'NONE',  ( 16.80943399447277287, 8.566080860090860227, 34.80943399447237852 ) ) ;
#5229 = CARTESIAN_POINT ( 'NONE',  ( -53.45000000000000284, 7.500000000000000000, 33.15077886840396815 ) ) ;
#5230 = FACE_OUTER_BOUND ( 'NONE', #3337, .T. ) ;
#5231 = CARTESIAN_POINT ( 'NONE',  ( 52.60939292339053708, 7.868454739437291678, -1.390607076609843507 ) ) ;
#5232 = CARTESIAN_POINT ( 'NONE',  ( -26.45000000000000284, 10.80000000000000071, 35.44999999999961204 ) ) ;
#5233 = VERTEX_POINT ( 'NONE', #2576 ) ;
#5234 = ADVANCED_FACE ( 'NONE', ( #3024 ), #3465, .F. ) ;
#5235 = ORIENTED_EDGE ( 'NONE', *, *, #3567, .T. ) ;
#5236 = EDGE_CURVE ( 'NONE', #1538, #5064, #402, .T. ) ;
#5237 = ORIENTED_EDGE ( 'NONE', *, *, #6066, .F. ) ;
#5238 = EDGE_CURVE ( 'NONE', #5071, #4934, #1869, .T. ) ;
#5239 = EDGE_CURVE ( 'NONE', #3059, #677, #443, .T. ) ;
#5240 = FACE_OUTER_BOUND ( 'NONE', #2139, .T. ) ;
#5241 = FACE_OUTER_BOUND ( 'NONE', #4127, .T. ) ;
#5242 = CARTESIAN_POINT ( 'NONE',  ( -53.44999999999999574, 7.299999999999948308, -32.07000000000001450 ) ) ;
#5243 = CARTESIAN_POINT ( 'NONE',  ( 38.73571359999212405, 22.25864506693676148, -26.58211138907234172 ) ) ;
#5244 = ORIENTED_EDGE ( 'NONE', *, *, #1759, .F. ) ;
#5245 = FACE_OUTER_BOUND ( 'NONE', #638, .T. ) ;
#5246 = DIRECTION ( 'NONE',  ( 0.000000000000000000, 0.000000000000000000, 1.000000000000000000 ) ) ;
#5247 = CARTESIAN_POINT ( 'NONE',  ( 3.482387728013483552E-16, 8.566080860089984483, -34.80943399447291142 ) ) ;
#5248 = VERTEX_POINT ( 'NONE', #2543 ) ;
#5249 = EDGE_LOOP ( 'NONE', ( #587, #1358, #4337, #4744, #4046, #2125, #1949, #1434, #6230, #5746, #5152, #3363, #6084, #3829, #3419, #1239, #2569, #3489, #125, #5007, #4315, #6680, #1319, #3797, #6493, #2261, #1789, #802, #6651, #2822, #5679, #5524, #1864, #6792, #1270, #5608 ) ) ;
#5250 = EDGE_LOOP ( 'NONE', ( #1550, #6522, #1640, #6056 ) ) ;
#5251 = CARTESIAN_POINT ( 'NONE',  ( -34.50374022699592302, 7.500000000000000000, 0.000000000000000000 ) ) ;
#5252 = CARTESIAN_POINT ( 'NONE',  ( 0.000000000000000000, -11.50000000000000000, 0.000000000000000000 ) ) ;
#5253 = PLANE ( 'NONE',  #2420 ) ;
#5254 = ORIENTED_EDGE ( 'NONE', *, *, #5858, .F. ) ;
#5255 = DIRECTION ( 'NONE',  ( -0.000000000000000000, 1.000000000000000000, -0.000000000000000000 ) ) ;
#5256 = CARTESIAN_POINT ( 'NONE',  ( 51.62500000000000000, 10.53731005528970144, 9.625325129530517998 ) ) ;
#5257 = VERTEX_POINT ( 'NONE', #4674 ) ;
#5258 = EDGE_LOOP ( 'NONE', ( #3276, #1454, #5503 ) ) ;
#5259 = EDGE_CURVE ( 'NONE', #3023, #6004, #4119, .T. ) ;
#5260 = DIRECTION ( 'NONE',  ( 0.7071067811865474617, -0.000000000000000000, 0.7071067811865474617 ) ) ;
#5261 = CARTESIAN_POINT ( 'NONE',  ( 52.80943399447263431, 8.566080860090416138, 34.80943399447262721 ) ) ;
#5262 = DIRECTION ( 'NONE',  ( 0.7071067811865452413, 0.000000000000000000, 0.7071067811865497932 ) ) ;
#5263 = DIRECTION ( 'NONE',  ( 1.000000000000000000, 0.000000000000000000, -0.000000000000000000 ) ) ;
#5264 = CARTESIAN_POINT ( 'NONE',  ( 52.50374022699592302, 7.500000000000000000, 0.000000000000000000 ) ) ;
#5265 = ORIENTED_EDGE ( 'NONE', *, *, #2877, .T. ) ;
#5266 = VERTEX_POINT ( 'NONE', #4149 ) ;
#5267 = ORIENTED_EDGE ( 'NONE', *, *, #6205, .F. ) ;
#5268 = AXIS2_PLACEMENT_3D ( 'NONE', #3753, #5197, #3586 ) ;
#5269 = ORIENTED_EDGE ( 'NONE', *, *, #2430, .T. ) ;
#5270 = DIRECTION ( 'NONE',  ( 0.000000000000000000, -0.2756373558170042704, 0.9612616959383174509 ) ) ;
#5271 = DIRECTION ( 'NONE',  ( 0.000000000000000000, 0.000000000000000000, -1.000000000000000000 ) ) ;
#5272 = CARTESIAN_POINT ( 'NONE',  ( 53.44999999999848939, 7.347227455527649553, 31.87584506252476402 ) ) ;
#5273 = VECTOR ( 'NONE', #771, 1000.000000000000114 ) ;
#5274 = VECTOR ( 'NONE', #2667, 1000.000000000000114 ) ;
#5275 = ORIENTED_EDGE ( 'NONE', *, *, #1828, .T. ) ;
#5276 = PLANE ( 'NONE',  #4052 ) ;
#5277 = ADVANCED_FACE ( 'NONE', ( #6253 ), #3340, .T. ) ;
#5278 = VECTOR ( 'NONE', #3097, 1000.000000000000000 ) ;
#5279 = LINE ( 'NONE', #663, #758 ) ;
#5280 = ORIENTED_EDGE ( 'NONE', *, *, #221, .F. ) ;
#5281 = EDGE_CURVE ( 'NONE', #2293, #5873, #5984, .T. ) ;
#5282 = VECTOR ( 'NONE', #1490, 1000.000000000000114 ) ;
#5283 = VECTOR ( 'NONE', #5576, 1000.000000000000000 ) ;
#5284 = ORIENTED_EDGE ( 'NONE', *, *, #3890, .F. ) ;
#5285 = DIRECTION ( 'NONE',  ( -0.9612616959383175619, -0.2756373558170040483, 0.000000000000000000 ) ) ;
#5286 = FACE_BOUND ( 'NONE', #4946, .T. ) ;
#5287 = CARTESIAN_POINT ( 'NONE',  ( -7.503740226995931017, 7.500000000000000000, -33.62500000000000000 ) ) ;
#5288 = VERTEX_POINT ( 'NONE', #3822 ) ;
#5289 = VECTOR ( 'NONE', #1679, 1000.000000000000114 ) ;
#5290 = DIRECTION ( 'NONE',  ( 0.5001519828512179799, -0.8323926831162092865, 0.2386847610229713423 ) ) ;
#5291 = CARTESIAN_POINT ( 'NONE',  ( -50.26654658000079223, 7.425846034272648666, 35.49455619775029191 ) ) ;
#5292 = VERTEX_POINT ( 'NONE', #6455 ) ;
#5293 = ORIENTED_EDGE ( 'NONE', *, *, #6235, .T. ) ;
#5294 = VECTOR ( 'NONE', #3034, 1000.000000000000227 ) ;
#5295 = DIRECTION ( 'NONE',  ( 4.226362854693272149E-13, -1.000000000000000000, 1.850371707708245689E-15 ) ) ;
#5296 = LINE ( 'NONE', #6326, #5390 ) ;
#5297 = CARTESIAN_POINT ( 'NONE',  ( 18.54999999999999716, 10.80000000000000071, -27.55000000000038796 ) ) ;
#5298 = ADVANCED_FACE ( 'NONE', ( #1097 ), #1609, .F. ) ;
#5299 = LINE ( 'NONE', #1166, #4833 ) ;
#5300 = PLANE ( 'NONE',  #119 ) ;
#5301 = VECTOR ( 'NONE', #3741, 1000.000000000000000 ) ;
#5302 = ORIENTED_EDGE ( 'NONE', *, *, #1835, .F. ) ;
#5303 = ORIENTED_EDGE ( 'NONE', *, *, #5981, .F. ) ;
#5304 = ORIENTED_EDGE ( 'NONE', *, *, #5534, .T. ) ;
#5305 = VECTOR ( 'NONE', #6295, 1000.000000000000114 ) ;
#5306 = ORIENTED_EDGE ( 'NONE', *, *, #792, .F. ) ;
#5307 = CARTESIAN_POINT ( 'NONE',  ( 56.48474567361831333, 10.49999999999999822, -35.48474567361837018 ) ) ;
#5308 = LINE ( 'NONE', #559, #4719 ) ;
#5309 = FACE_OUTER_BOUND ( 'NONE', #725, .T. ) ;
#5310 = EDGE_CURVE ( 'NONE', #2880, #929, #1714, .T. ) ;
#5311 = CARTESIAN_POINT ( 'NONE',  ( -50.06999999999999318, 7.299999999999999822, 32.07000000000000028 ) ) ;
#5312 = AXIS2_PLACEMENT_3D ( 'NONE', #4838, #4184, #4218 ) ;
#5313 = ORIENTED_EDGE ( 'NONE', *, *, #2769, .F. ) ;
#5314 = CARTESIAN_POINT ( 'NONE',  ( 16.50374022699593723, 7.500000000000000000, -33.62500000000000000 ) ) ;
#5315 = VECTOR ( 'NONE', #6245, 1000.000000000000227 ) ;
#5316 = DIRECTION ( 'NONE',  ( -1.000000000000000000, -0.000000000000000000, -0.000000000000000000 ) ) ;
#5317 = DIRECTION ( 'NONE',  ( 0.000000000000000000, 0.000000000000000000, 1.000000000000000000 ) ) ;
#5318 = EDGE_LOOP ( 'NONE', ( #3182, #546, #2495, #5067 ) ) ;
#5319 = ORIENTED_EDGE ( 'NONE', *, *, #1455, .F. ) ;
#5320 = EDGE_CURVE ( 'NONE', #5130, #4546, #2750, .T. ) ;
#5321 = ORIENTED_EDGE ( 'NONE', *, *, #4436, .T. ) ;
#5322 = EDGE_CURVE ( 'NONE', #4371, #966, #3267, .T. ) ;
#5323 = VECTOR ( 'NONE', #763, 1000.000000000000000 ) ;
#5324 = EDGE_CURVE ( 'NONE', #3129, #813, #3721, .T. ) ;
#5325 = DIRECTION ( 'NONE',  ( -3.469446951953605354E-14, -1.000000000000000000, 0.000000000000000000 ) ) ;
#5326 = DIRECTION ( 'NONE',  ( -0.9612616959383174509, -0.2756373558170042704, 0.000000000000000000 ) ) ;
#5327 = LINE ( 'NONE', #2676, #4427 ) ;
#5328 = EDGE_CURVE ( 'NONE', #4413, #4275, #2131, .T. ) ;
#5329 = ORIENTED_EDGE ( 'NONE', *, *, #4005, .T. ) ;
#5330 = CARTESIAN_POINT ( 'NONE',  ( -51.62500000000000000, 10.80000000000000071, 0.000000000000000000 ) ) ;
#5331 = CARTESIAN_POINT ( 'NONE',  ( -23.06738976402690255, -0.9965637948165171345, -32.06738976402728980 ) ) ;
#5332 = LINE ( 'NONE', #576, #2612 ) ;
#5333 = VERTEX_POINT ( 'NONE', #157 ) ;
#5334 = AXIS2_PLACEMENT_3D ( 'NONE', #1410, #5129, #2383 ) ;
#5335 = CARTESIAN_POINT ( 'NONE',  ( -51.62500000000000000, 10.53731005528969256, -33.62500000000000000 ) ) ;
#5336 = CARTESIAN_POINT ( 'NONE',  ( -53.44999999999999574, 10.80000000000000071, 27.54999999999960991 ) ) ;
#5337 = LINE ( 'NONE', #2752, #2965 ) ;
#5338 = EDGE_CURVE ( 'NONE', #3945, #4552, #2683, .T. ) ;
#5339 = CARTESIAN_POINT ( 'NONE',  ( 0.5500000000000088152, 7.500000000000007105, 35.45000000000000995 ) ) ;
#5340 = FACE_OUTER_BOUND ( 'NONE', #1824, .T. ) ;
#5341 = ORIENTED_EDGE ( 'NONE', *, *, #648, .T. ) ;
#5342 = ORIENTED_EDGE ( 'NONE', *, *, #2140, .T. ) ;
#5343 = EDGE_CURVE ( 'NONE', #779, #6484, #1132, .T. ) ;
#5344 = PLANE ( 'NONE',  #982 ) ;
#5345 = CARTESIAN_POINT ( 'NONE',  ( 53.44999999999999574, 7.500000000000007105, 33.24983049629118881 ) ) ;
#5346 = DIRECTION ( 'NONE',  ( -0.7071067811865452413, -0.000000000000000000, 0.7071067811865497932 ) ) ;
#5347 = PLANE ( 'NONE',  #737 ) ;
#5348 = ADVANCED_FACE ( 'NONE', ( #3863 ), #95, .F. ) ;
#5349 = LINE ( 'NONE', #2772, #5073 ) ;
#5350 = CARTESIAN_POINT ( 'NONE',  ( -25.50374022699593368, 7.500000000000000000, 0.000000000000000000 ) ) ;
#5351 = EDGE_LOOP ( 'NONE', ( #40, #3369, #6282, #4914 ) ) ;
#5352 = VERTEX_POINT ( 'NONE', #4845 ) ;
#5353 = EDGE_CURVE ( 'NONE', #815, #966, #4881, .T. ) ;
#5354 = VERTEX_POINT ( 'NONE', #1198 ) ;
#5355 = EDGE_CURVE ( 'NONE', #1720, #1438, #127, .T. ) ;
#5356 = CARTESIAN_POINT ( 'NONE',  ( 53.44999999999999574, 82.98258077199005811, -35.45000000000003126 ) ) ;
#5357 = DIRECTION ( 'NONE',  ( -1.000000000000000000, -0.000000000000000000, -0.000000000000000000 ) ) ;
#5358 = LINE ( 'NONE', #541, #1 ) ;
#5359 = ORIENTED_EDGE ( 'NONE', *, *, #2467, .F. ) ;
#5360 = PLANE ( 'NONE',  #731 ) ;
#5361 = CARTESIAN_POINT ( 'NONE',  ( 52.80943399447264142, 8.566080860090409033, -25.80943399447302866 ) ) ;
#5362 = ORIENTED_EDGE ( 'NONE', *, *, #3677, .T. ) ;
#5363 = CARTESIAN_POINT ( 'NONE',  ( -62.00000000000000000, 7.500000000000000000, 41.00000000000000000 ) ) ;
#5364 = CARTESIAN_POINT ( 'NONE',  ( 41.06738976402695585, -0.9965637948163210691, 32.06738976402656505 ) ) ;
#5365 = CARTESIAN_POINT ( 'NONE',  ( 26.48410470708679654, 14.51721864012741214, 36.51589529291280911 ) ) ;
#5366 = FACE_OUTER_BOUND ( 'NONE', #4490, .T. ) ;
#5367 = EDGE_LOOP ( 'NONE', ( #1330, #3547, #227, #2650 ) ) ;
#5368 = VERTEX_POINT ( 'NONE', #4290 ) ;
#5369 = DIRECTION ( 'NONE',  ( 1.000000000000000000, 0.000000000000000000, -0.000000000000000000 ) ) ;
#5370 = DIRECTION ( 'NONE',  ( 0.9612616959383175619, -0.2756373558170040483, 0.000000000000000000 ) ) ;
#5371 = ORIENTED_EDGE ( 'NONE', *, *, #6742, .F. ) ;
#5372 = LINE ( 'NONE', #2981, #2961 ) ;
#5373 = DIRECTION ( 'NONE',  ( 0.000000000000000000, -0.9612616959383174509, 0.2756373558170042704 ) ) ;
#5374 = FACE_OUTER_BOUND ( 'NONE', #4767, .T. ) ;
#5375 = LINE ( 'NONE', #4722, #3939 ) ;
#5376 = CARTESIAN_POINT ( 'NONE',  ( 61.85875721063607102, 9.899999999999975486, 33.78768939877064525 ) ) ;
#5377 = CARTESIAN_POINT ( 'NONE',  ( -49.28390051957067897, 7.476146146998500441, -35.46433284088069371 ) ) ;
#5378 = EDGE_LOOP ( 'NONE', ( #3654, #3936, #328, #963 ) ) ;
#5379 = VECTOR ( 'NONE', #4506, 999.9999999999998863 ) ;
#5380 = CARTESIAN_POINT ( 'NONE',  ( 61.85875721063607102, 9.899999999999975486, -33.78768939877064525 ) ) ;
#5381 = ORIENTED_EDGE ( 'NONE', *, *, #729, .T. ) ;
#5382 = ORIENTED_EDGE ( 'NONE', *, *, #4388, .T. ) ;
#5383 = VECTOR ( 'NONE', #4153, 1000.000000000000227 ) ;
#5384 = VECTOR ( 'NONE', #1918, 1000.000000000000000 ) ;
#5385 = CARTESIAN_POINT ( 'NONE',  ( -53.44999999999999574, 10.80000000000000071, 35.44999999999961204 ) ) ;
#5386 = FACE_OUTER_BOUND ( 'NONE', #3197, .T. ) ;
#5387 = CARTESIAN_POINT ( 'NONE',  ( 42.26428640000786174, 22.25864506693676859, -26.58211138907234172 ) ) ;
#5388 = EDGE_LOOP ( 'NONE', ( #1231, #1192, #4648, #5227 ) ) ;
#5389 = DIRECTION ( 'NONE',  ( 1.000000000000000000, -4.458787163891844428E-16, 0.000000000000000000 ) ) ;
#5390 = VECTOR ( 'NONE', #2031, 1000.000000000000000 ) ;
#5391 = ORIENTED_EDGE ( 'NONE', *, *, #4895, .T. ) ;
#5392 = VECTOR ( 'NONE', #3486, 1000.000000000000114 ) ;
#5393 = DIRECTION ( 'NONE',  ( -0.000000000000000000, 0.000000000000000000, -1.000000000000000000 ) ) ;
#5394 = VECTOR ( 'NONE', #5459, 1000.000000000000114 ) ;
#5395 = DIRECTION ( 'NONE',  ( 0.2657276780299911434, 0.9267025424900801056, 0.2657276780299911434 ) ) ;
#5396 = LINE ( 'NONE', #1134, #213 ) ;
#5397 = EDGE_CURVE ( 'NONE', #1524, #4993, #2230, .T. ) ;
#5398 = CARTESIAN_POINT ( 'NONE',  ( 52.80943399447264852, 8.566080860090405480, -19.19056600552773872 ) ) ;
#5399 = DIRECTION ( 'NONE',  ( 0.000000000000000000, 0.000000000000000000, -1.000000000000000000 ) ) ;
#5400 = ORIENTED_EDGE ( 'NONE', *, *, #4107, .T. ) ;
#5401 = ORIENTED_EDGE ( 'NONE', *, *, #6826, .T. ) ;
#5402 = AXIS2_PLACEMENT_3D ( 'NONE', #5690, #2528, #6752 ) ;
#5403 = EDGE_CURVE ( 'NONE', #2922, #5266, #34, .T. ) ;
#5404 = EDGE_CURVE ( 'NONE', #1146, #4245, #6427, .T. ) ;
#5405 = EDGE_CURVE ( 'NONE', #506, #929, #62, .T. ) ;
#5406 = CARTESIAN_POINT ( 'NONE',  ( -52.80943399447264852, 8.566080860090394822, -10.19056600552774228 ) ) ;
#5407 = CARTESIAN_POINT ( 'NONE',  ( 125.9492894348812371, 10.53731005528967657, 33.62500000000000000 ) ) ;
#5408 = EDGE_CURVE ( 'NONE', #1347, #6727, #2784, .T. ) ;
#5409 = VECTOR ( 'NONE', #6412, 1000.000000000000114 ) ;
#5410 = ORIENTED_EDGE ( 'NONE', *, *, #3195, .T. ) ;
#5411 = EDGE_CURVE ( 'NONE', #5354, #2608, #2443, .T. ) ;
#5412 = DIRECTION ( 'NONE',  ( 1.000000000000000000, -4.458787163891844428E-16, 0.000000000000000000 ) ) ;
#5413 = LINE ( 'NONE', #1248, #6426 ) ;
#5414 = AXIS2_PLACEMENT_3D ( 'NONE', #4503, #3458, #1858 ) ;
#5415 = PLANE ( 'NONE',  #6804 ) ;
#5416 = LINE ( 'NONE', #6440, #1084 ) ;
#5417 = LINE ( 'NONE', #2247, #2298 ) ;
#5418 = ORIENTED_EDGE ( 'NONE', *, *, #4553, .F. ) ;
#5419 = VECTOR ( 'NONE', #4143, 1000.000000000000000 ) ;
#5420 = PLANE ( 'NONE',  #2768 ) ;
#5421 = VERTEX_POINT ( 'NONE', #1815 ) ;
#5422 = VERTEX_POINT ( 'NONE', #1303 ) ;
#5423 = AXIS2_PLACEMENT_3D ( 'NONE', #6140, #4006, #1363 ) ;
#5424 = ADVANCED_FACE ( 'NONE', ( #793 ), #6633, .T. ) ;
#5425 = FACE_OUTER_BOUND ( 'NONE', #613, .T. ) ;
#5426 = DIRECTION ( 'NONE',  ( -0.000000000000000000, -0.000000000000000000, 1.000000000000000000 ) ) ;
#5427 = LINE ( 'NONE', #778, #2864 ) ;
#5428 = ORIENTED_EDGE ( 'NONE', *, *, #1121, .T. ) ;
#5429 = DIRECTION ( 'NONE',  ( 0.2657276780299911434, 0.9267025424900801056, 0.2657276780299911434 ) ) ;
#5430 = ORIENTED_EDGE ( 'NONE', *, *, #1956, .T. ) ;
#5431 = EDGE_LOOP ( 'NONE', ( #2876, #6474, #1968, #4518 ) ) ;
#5432 = CARTESIAN_POINT ( 'NONE',  ( -40.07937528197221866, 29.75245638442229534, 22.88452941702783860 ) ) ;
#5433 = PLANE ( 'NONE',  #1959 ) ;
#5434 =( NAMED_UNIT ( * ) PLANE_ANGLE_UNIT ( ) SI_UNIT ( $, .RADIAN. ) );
#5435 = ADVANCED_FACE ( 'NONE', ( #4566 ), #5052, .F. ) ;
#5436 = VECTOR ( 'NONE', #1185, 1000.000000000000000 ) ;
#5437 = ORIENTED_EDGE ( 'NONE', *, *, #1865, .T. ) ;
#5438 = ORIENTED_EDGE ( 'NONE', *, *, #4919, .F. ) ;
#5439 = CARTESIAN_POINT ( 'NONE',  ( -26.45000000000000284, 10.80000000000000071, 35.44999999999961204 ) ) ;
#5440 = LINE ( 'NONE', #689, #2086 ) ;
#5441 = VERTEX_POINT ( 'NONE', #1398 ) ;
#5442 = EDGE_CURVE ( 'NONE', #6109, #5292, #885, .T. ) ;
#5443 = CARTESIAN_POINT ( 'NONE',  ( -0.5499999999999949374, 10.80000000000000071, -27.55000000000038796 ) ) ;
#5444 = CARTESIAN_POINT ( 'NONE',  ( 51.62500000000000000, 10.53731005528970854, -17.37467487046949444 ) ) ;
#5445 = EDGE_CURVE ( 'NONE', #1273, #863, #4146, .T. ) ;
#5446 = DIRECTION ( 'NONE',  ( 0.000000000000000000, 0.000000000000000000, -1.000000000000000000 ) ) ;
#5447 = EDGE_CURVE ( 'NONE', #2688, #2790, #3058, .T. ) ;
#5448 = VERTEX_POINT ( 'NONE', #2604 ) ;
#5449 = ADVANCED_FACE ( 'NONE', ( #6322 ), #3099, .F. ) ;
#5450 = CARTESIAN_POINT ( 'NONE',  ( 125.9492894348812371, 10.80000000000000426, -33.62500000000000000 ) ) ;
#5451 = DIRECTION ( 'NONE',  ( -1.000000000000000000, 0.000000000000000000, 0.000000000000000000 ) ) ;
#5452 = LINE ( 'NONE', #5520, #3966 ) ;
#5453 = EDGE_LOOP ( 'NONE', ( #6301, #4106, #4808, #3767 ) ) ;
#5454 = CARTESIAN_POINT ( 'NONE',  ( -50.06999999999999318, -11.50000000000000000, 35.45000000000000284 ) ) ;
#5455 = CARTESIAN_POINT ( 'NONE',  ( -37.49625977300406987, 7.500000000000000000, 0.000000000000000000 ) ) ;
#5456 = ORIENTED_EDGE ( 'NONE', *, *, #5907, .T. ) ;
#5457 = ORIENTED_EDGE ( 'NONE', *, *, #1291, .T. ) ;
#5458 = CARTESIAN_POINT ( 'NONE',  ( -0.5499999999999949374, 10.80000000000000071, -35.45000000000039364 ) ) ;
#5459 = DIRECTION ( 'NONE',  ( 0.2657276780299913099, -0.9267025424900799946, 0.2657276780299913099 ) ) ;
#5460 = CARTESIAN_POINT ( 'NONE',  ( 45.54999999999999005, 10.80000000000000071, -26.45000000000038298 ) ) ;
#5461 = EDGE_LOOP ( 'NONE', ( #948, #4018, #2581, #5430 ) ) ;
#5462 = FACE_BOUND ( 'NONE', #2904, .T. ) ;
#5463 = ORIENTED_EDGE ( 'NONE', *, *, #2813, .F. ) ;
#5464 = EDGE_LOOP ( 'NONE', ( #4673, #4282, #1986, #537 ) ) ;
#5465 = DIRECTION ( 'NONE',  ( 0.000000000000000000, 0.000000000000000000, -1.000000000000000000 ) ) ;
#5466 = DIRECTION ( 'NONE',  ( -0.2386847610229713423, 0.8323926831162092865, 0.5001519828512179799 ) ) ;
#5467 = DIRECTION ( 'NONE',  ( 0.000000000000000000, 0.000000000000000000, -1.000000000000000000 ) ) ;
#5468 = DIRECTION ( 'NONE',  ( 0.000000000000000000, 0.000000000000000000, -1.000000000000000000 ) ) ;
#5469 = ORIENTED_EDGE ( 'NONE', *, *, #181, .T. ) ;
#5470 = ORIENTED_EDGE ( 'NONE', *, *, #5560, .T. ) ;
#5471 = PLANE ( 'NONE',  #81 ) ;
#5472 = FACE_OUTER_BOUND ( 'NONE', #2863, .T. ) ;
#5473 = EDGE_LOOP ( 'NONE', ( #3213, #3495, #6606, #5226 ) ) ;
#5474 = LINE ( 'NONE', #4402, #2272 ) ;
#5475 = DIRECTION ( 'NONE',  ( 0.000000000000000000, 0.000000000000000000, -1.000000000000000000 ) ) ;
#5476 = VERTEX_POINT ( 'NONE', #6794 ) ;
#5477 = LINE ( 'NONE', #2317, #2936 ) ;
#5478 = LINE ( 'NONE', #6644, #6390 ) ;
#5479 = DIRECTION ( 'NONE',  ( -0.2386847610229699823, 0.8323926831162045126, 0.5001519828512264176 ) ) ;
#5480 = DIRECTION ( 'NONE',  ( -0.000000000000000000, 0.9612616959383174509, 0.2756373558170042704 ) ) ;
#5481 = CARTESIAN_POINT ( 'NONE',  ( 58.32322330470334037, 9.699999999999974420, 37.32322330470339011 ) ) ;
#5482 = ORIENTED_EDGE ( 'NONE', *, *, #171, .F. ) ;
#5483 = ORIENTED_EDGE ( 'NONE', *, *, #5184, .T. ) ;
#5484 = EDGE_CURVE ( 'NONE', #4663, #6343, #1729, .T. ) ;
#5485 = LINE ( 'NONE', #4976, #1386 ) ;
#5486 = EDGE_CURVE ( 'NONE', #929, #3514, #4774, .T. ) ;
#5487 = VECTOR ( 'NONE', #4014, 1000.000000000000114 ) ;
#5488 = CARTESIAN_POINT ( 'NONE',  ( 10.19056600552748648, 8.566080860089961391, -34.80943399447290432 ) ) ;
#5489 = DIRECTION ( 'NONE',  ( -1.000000000000000000, 0.000000000000000000, -0.000000000000000000 ) ) ;
#5490 = ORIENTED_EDGE ( 'NONE', *, *, #1964, .F. ) ;
#5491 = LINE ( 'NONE', #3999, #3832 ) ;
#5492 = EDGE_CURVE ( 'NONE', #1873, #3783, #3497, .T. ) ;
#5493 = ORIENTED_EDGE ( 'NONE', *, *, #2711, .F. ) ;
#5494 = AXIS2_PLACEMENT_3D ( 'NONE', #5521, #2587, #2521 ) ;
#5495 = AXIS2_PLACEMENT_3D ( 'NONE', #2387, #3288, #3948 ) ;
#5496 = ORIENTED_EDGE ( 'NONE', *, *, #2640, .T. ) ;
#5497 = DIRECTION ( 'NONE',  ( -1.000000000000000000, -4.225359975004960122E-13, -1.938238520644477258E-15 ) ) ;
#5498 = PLANE ( 'NONE',  #2950 ) ;
#5499 = CARTESIAN_POINT ( 'NONE',  ( 34.50374022699592302, 7.500000000000000000, 33.62500000000000000 ) ) ;
#5500 = VECTOR ( 'NONE', #1755, 1000.000000000000000 ) ;
#5501 = VECTOR ( 'NONE', #581, 1000.000000000000000 ) ;
#5502 = CARTESIAN_POINT ( 'NONE',  ( -16.50374022699593013, 7.500000000000000000, 0.000000000000000000 ) ) ;
#5503 = ORIENTED_EDGE ( 'NONE', *, *, #4778, .T. ) ;
#5504 = ORIENTED_EDGE ( 'NONE', *, *, #6049, .F. ) ;
#5505 = VECTOR ( 'NONE', #1063, 1000.000000000000114 ) ;
#5506 = CARTESIAN_POINT ( 'NONE',  ( -3.482387728013483552E-16, 8.566080860089984483, -34.80943399447291142 ) ) ;
#5507 = EDGE_CURVE ( 'NONE', #721, #188, #950, .T. ) ;
#5508 = DIRECTION ( 'NONE',  ( 0.5001519828512182020, 0.8323926831162096196, 0.2386847610229696770 ) ) ;
#5509 = EDGE_LOOP ( 'NONE', ( #5692, #6807, #6462, #4955 ) ) ;
#5510 = CARTESIAN_POINT ( 'NONE',  ( -53.44999999999999574, 7.500000000000000000, -35.45000000000003126 ) ) ;
#5511 = DIRECTION ( 'NONE',  ( 0.8571673007021120005, 0.5150380749100545996, 0.000000000000000000 ) ) ;
#5512 = VECTOR ( 'NONE', #5540, 1000.000000000000000 ) ;
#5513 = ORIENTED_EDGE ( 'NONE', *, *, #1830, .T. ) ;
#5514 = SHAPE_DEFINITION_REPRESENTATION ( #4291, #364 ) ;
#5515 = EDGE_CURVE ( 'NONE', #5543, #6836, #438, .T. ) ;
#5516 = ORIENTED_EDGE ( 'NONE', *, *, #6101, .T. ) ;
#5517 = LINE ( 'NONE', #955, #2832 ) ;
#5518 = VECTOR ( 'NONE', #593, 1000.000000000000000 ) ;
#5519 = CARTESIAN_POINT ( 'NONE',  ( -53.45000000000002416, 7.499999999999951150, -33.15092743803126041 ) ) ;
#5520 = CARTESIAN_POINT ( 'NONE',  ( 51.62500000000000000, 10.80000000000000071, 0.000000000000000000 ) ) ;
#5521 = CARTESIAN_POINT ( 'NONE',  ( -61.00000000000000000, 9.899999999999998579, 8.000000000000000000 ) ) ;
#5522 = FACE_OUTER_BOUND ( 'NONE', #4441, .T. ) ;
#5523 = VECTOR ( 'NONE', #317, 1000.000000000000000 ) ;
#5524 = ORIENTED_EDGE ( 'NONE', *, *, #788, .F. ) ;
#5525 = ORIENTED_EDGE ( 'NONE', *, *, #4126, .F. ) ;
#5526 = CARTESIAN_POINT ( 'NONE',  ( 36.54999999999999716, 10.80000000000000426, -33.62500000000000000 ) ) ;
#5527 = VECTOR ( 'NONE', #5026, 1000.000000000000000 ) ;
#5528 = DIRECTION ( 'NONE',  ( 1.000000000000000000, -4.458787163891844428E-16, -0.000000000000000000 ) ) ;
#5529 = CARTESIAN_POINT ( 'NONE',  ( 48.89016950369352799, 7.500000000000007105, -35.44999999999998863 ) ) ;
#5530 = ORIENTED_EDGE ( 'NONE', *, *, #3062, .T. ) ;
#5531 = DIRECTION ( 'NONE',  ( -1.000000000000000000, -0.000000000000000000, -0.000000000000000000 ) ) ;
#5532 = ORIENTED_EDGE ( 'NONE', *, *, #320, .T. ) ;
#5533 = EDGE_CURVE ( 'NONE', #19, #3441, #4059, .T. ) ;
#5534 = EDGE_CURVE ( 'NONE', #694, #3443, #5806, .T. ) ;
#5535 = VECTOR ( 'NONE', #2157, 1000.000000000000000 ) ;
#5536 = ORIENTED_EDGE ( 'NONE', *, *, #5818, .F. ) ;
#5537 = EDGE_CURVE ( 'NONE', #4274, #3679, #544, .T. ) ;
#5538 = ADVANCED_FACE ( 'NONE', ( #4189 ), #6838, .F. ) ;
#5539 = CARTESIAN_POINT ( 'NONE',  ( 10.19056600552723602, 8.566080860090860227, 34.80943399447237852 ) ) ;
#5540 = DIRECTION ( 'NONE',  ( -0.2756373558170042704, -0.9612616959383174509, 0.000000000000000000 ) ) ;
#5541 = FACE_OUTER_BOUND ( 'NONE', #3555, .T. ) ;
#5542 = FACE_OUTER_BOUND ( 'NONE', #117, .T. ) ;
#5543 = VERTEX_POINT ( 'NONE', #5256 ) ;
#5544 = ORIENTED_EDGE ( 'NONE', *, *, #1250, .T. ) ;
#5545 = CARTESIAN_POINT ( 'NONE',  ( 61.43449314192414334, 9.099999999999983658, 33.36342533005872468 ) ) ;
#5546 = DIRECTION ( 'NONE',  ( -0.2657276780299913099, -0.9267025424900799946, 0.2657276780299913099 ) ) ;
#5547 = VECTOR ( 'NONE', #5655, 1000.000000000000000 ) ;
#5548 = EDGE_LOOP ( 'NONE', ( #69, #5329, #4037, #5269 ) ) ;
#5549 = CARTESIAN_POINT ( 'NONE',  ( 51.62500000000000000, 7.500000000000000000, 19.49625977300368262 ) ) ;
#5550 = CARTESIAN_POINT ( 'NONE',  ( 49.68157608074284326, 7.394692537073851213, 35.45000000000000284 ) ) ;
#5551 = EDGE_LOOP ( 'NONE', ( #1957, #1060, #6581, #1030 ) ) ;
#5552 = AXIS2_PLACEMENT_3D ( 'NONE', #1321, #2976, #3954 ) ;
#5553 = ORIENTED_EDGE ( 'NONE', *, *, #401, .F. ) ;
#5554 = CARTESIAN_POINT ( 'NONE',  ( -40.07937528197223287, 29.75245638442227047, 13.11547058297134960 ) ) ;
#5555 = LINE ( 'NONE', #5581, #2733 ) ;
#5556 = CARTESIAN_POINT ( 'NONE',  ( 53.45000000000000284, 7.470323631760511063, -31.28908881655585716 ) ) ;
#5557 = DIRECTION ( 'NONE',  ( 0.000000000000000000, 0.000000000000000000, 1.000000000000000000 ) ) ;
#5558 = EDGE_CURVE ( 'NONE', #749, #6531, #503, .T. ) ;
#5559 = CARTESIAN_POINT ( 'NONE',  ( 60.72738636073759011, 10.49999999999999822, -32.65631854887216434 ) ) ;
#5560 = EDGE_CURVE ( 'NONE', #5798, #722, #5332, .T. ) ;
#5561 = ORIENTED_EDGE ( 'NONE', *, *, #2977, .T. ) ;
#5562 = PLANE ( 'NONE',  #2628 ) ;
#5563 = CARTESIAN_POINT ( 'NONE',  ( -26.45000000000000284, 10.80000000000000426, 33.62500000000000000 ) ) ;
#5564 = VERTEX_POINT ( 'NONE', #6725 ) ;
#5565 = LINE ( 'NONE', #6586, #6815 ) ;
#5566 = EDGE_CURVE ( 'NONE', #1367, #2930, #4115, .T. ) ;
#5567 = EDGE_LOOP ( 'NONE', ( #4606, #5938, #673, #3230 ) ) ;
#5568 = ADVANCED_FACE ( 'NONE', ( #1473 ), #4671, .F. ) ;
#5569 = ORIENTED_EDGE ( 'NONE', *, *, #3662, .T. ) ;
#5570 = DIRECTION ( 'NONE',  ( 0.5001519828512182020, 0.8323926831162096196, 0.2386847610229694550 ) ) ;
#5571 = DIRECTION ( 'NONE',  ( 1.000000000000000000, 0.000000000000000000, 0.000000000000000000 ) ) ;
#5572 = ORIENTED_EDGE ( 'NONE', *, *, #1837, .F. ) ;
#5573 = ORIENTED_EDGE ( 'NONE', *, *, #2834, .T. ) ;
#5574 = PLANE ( 'NONE',  #523 ) ;
#5575 = DIRECTION ( 'NONE',  ( -1.000000000000000000, -0.000000000000000000, -0.000000000000000000 ) ) ;
#5576 = DIRECTION ( 'NONE',  ( -1.000000000000000000, -0.000000000000000000, -0.000000000000000000 ) ) ;
#5577 = CARTESIAN_POINT ( 'NONE',  ( 9.755106286768597812, 10.08470937300060477, 35.24489371323101494 ) ) ;
#5578 = CARTESIAN_POINT ( 'NONE',  ( 51.24983049629729948, 7.500000000000007105, -35.44999999999998863 ) ) ;
#5579 = ORIENTED_EDGE ( 'NONE', *, *, #1669, .T. ) ;
#5580 = EDGE_LOOP ( 'NONE', ( #2731, #2044, #1970, #6550 ) ) ;
#5581 = CARTESIAN_POINT ( 'NONE',  ( -6.973892133549611572, 5.652200105873797398, 33.97389213354922788 ) ) ;
#5582 = DIRECTION ( 'NONE',  ( -0.000000000000000000, 1.000000000000000000, -0.000000000000000000 ) ) ;
#5583 = FACE_OUTER_BOUND ( 'NONE', #463, .T. ) ;
#5584 = FACE_OUTER_BOUND ( 'NONE', #3013, .T. ) ;
#5585 = ORIENTED_EDGE ( 'NONE', *, *, #4107, .F. ) ;
#5586 = DIRECTION ( 'NONE',  ( -0.000000000000000000, 0.000000000000000000, -1.000000000000000000 ) ) ;
#5587 = EDGE_CURVE ( 'NONE', #6569, #2129, #5884, .T. ) ;
#5588 = CARTESIAN_POINT ( 'NONE',  ( 52.80943399447264852, 8.566080860090414362, -10.19056600552773872 ) ) ;
#5589 = VERTEX_POINT ( 'NONE', #1130 ) ;
#5590 = EDGE_LOOP ( 'NONE', ( #5119, #386, #6520, #5990 ) ) ;
#5591 = ORIENTED_EDGE ( 'NONE', *, *, #2433, .F. ) ;
#5592 = VECTOR ( 'NONE', #4352, 1000.000000000000227 ) ;
#5593 = DIRECTION ( 'NONE',  ( -1.000000000000000000, 0.000000000000000000, 0.000000000000000000 ) ) ;
#5594 = DIRECTION ( 'NONE',  ( -0.000000000000000000, 0.000000000000000000, 1.000000000000000000 ) ) ;
#5595 = FACE_OUTER_BOUND ( 'NONE', #4743, .T. ) ;
#5596 = CARTESIAN_POINT ( 'NONE',  ( -52.80943399447264142, 8.566080860090407256, 0.000000000000000000 ) ) ;
#5597 = VECTOR ( 'NONE', #1246, 1000.000000000000000 ) ;
#5598 = ORIENTED_EDGE ( 'NONE', *, *, #1101, .T. ) ;
#5599 = VECTOR ( 'NONE', #1566, 1000.000000000000000 ) ;
#5600 = VERTEX_POINT ( 'NONE', #5361 ) ;
#5601 = EDGE_CURVE ( 'NONE', #6067, #6060, #3888, .T. ) ;
#5602 = VECTOR ( 'NONE', #5853, 1000.000000000000000 ) ;
#5603 = CARTESIAN_POINT ( 'NONE',  ( -36.54999999999999005, 10.80000000000000071, 35.44999999999961204 ) ) ;
#5605 = CARTESIAN_POINT ( 'NONE',  ( -44.44999999999999574, 10.80000000000000071, -35.45000000000039364 ) ) ;
#5604 = VECTOR ( 'NONE', #605, 1000.000000000000000 ) ;
#5606 = DIRECTION ( 'NONE',  ( -0.000000000000000000, -0.000000000000000000, 1.000000000000000000 ) ) ;
#5607 = LINE ( 'NONE', #6193, #403 ) ;
#5608 = ORIENTED_EDGE ( 'NONE', *, *, #1796, .F. ) ;
#5609 = VECTOR ( 'NONE', #6138, 1000.000000000000114 ) ;
#5610 = EDGE_CURVE ( 'NONE', #4915, #4010, #6696, .T. ) ;
#5611 = VECTOR ( 'NONE', #2033, 1000.000000000000000 ) ;
#5612 = ADVANCED_FACE ( 'NONE', ( #1311 ), #4375, .T. ) ;
#5613 = VERTEX_POINT ( 'NONE', #308 ) ;
#5614 = ADVANCED_FACE ( 'NONE', ( #2996 ), #1963, .F. ) ;
#5615 = EDGE_CURVE ( 'NONE', #4233, #6248, #367, .T. ) ;
#5616 = EDGE_CURVE ( 'NONE', #3330, #3030, #1449, .T. ) ;
#5617 = AXIS2_PLACEMENT_3D ( 'NONE', #4910, #1601, #3333 ) ;
#5618 = LINE ( 'NONE', #1972, #1747 ) ;
#5619 = DIRECTION ( 'NONE',  ( -0.000000000000000000, 0.000000000000000000, 1.000000000000000000 ) ) ;
#5620 = ORIENTED_EDGE ( 'NONE', *, *, #4092, .T. ) ;
#5621 = PLANE ( 'NONE',  #2541 ) ;
#5622 = VECTOR ( 'NONE', #3593, 1000.000000000000114 ) ;
#5623 = CARTESIAN_POINT ( 'NONE',  ( 51.62500000000000000, 10.80000000000000426, -18.55000000000037730 ) ) ;
#5624 = FACE_OUTER_BOUND ( 'NONE', #2351, .T. ) ;
#5625 = CARTESIAN_POINT ( 'NONE',  ( 60.02027957955104398, 7.500000000000000000, -31.94921176768562177 ) ) ;
#5626 = CARTESIAN_POINT ( 'NONE',  ( 60.02027957955104398, 9.499999999999980460, -31.94921176768562177 ) ) ;
#5627 = ORIENTED_EDGE ( 'NONE', *, *, #999, .F. ) ;
#5628 = VECTOR ( 'NONE', #5897, 1000.000000000000227 ) ;
#5629 = ORIENTED_EDGE ( 'NONE', *, *, #5104, .F. ) ;
#5630 = EDGE_CURVE ( 'NONE', #5047, #1127, #4505, .T. ) ;
#5631 = ORIENTED_EDGE ( 'NONE', *, *, #6417, .T. ) ;
#5632 = VECTOR ( 'NONE', #925, 1000.000000000000114 ) ;
#5633 = DIRECTION ( 'NONE',  ( 0.000000000000000000, 0.000000000000000000, -1.000000000000000000 ) ) ;
#5634 = FACE_OUTER_BOUND ( 'NONE', #6219, .T. ) ;
#5635 = DIRECTION ( 'NONE',  ( 0.7071067811865472397, 0.000000000000000000, 0.7071067811865479058 ) ) ;
#5636 = CARTESIAN_POINT ( 'NONE',  ( 53.44999999999999574, 10.80000000000000071, 35.44999999999961204 ) ) ;
#5637 = DIRECTION ( 'NONE',  ( 0.000000000000000000, 0.000000000000000000, -1.000000000000000000 ) ) ;
#5638 = VECTOR ( 'NONE', #6016, 1000.000000000000000 ) ;
#5639 = ORIENTED_EDGE ( 'NONE', *, *, #3364, .T. ) ;
#5640 = VERTEX_POINT ( 'NONE', #4571 ) ;
#5641 = VECTOR ( 'NONE', #6831, 1000.000000000000114 ) ;
#5642 = EDGE_CURVE ( 'NONE', #918, #6825, #1405, .T. ) ;
#5643 = LINE ( 'NONE', #1892, #4842 ) ;
#5644 = CARTESIAN_POINT ( 'NONE',  ( -59.00000000000000000, 10.49999999999999822, 8.000000000000000000 ) ) ;
#5645 = LINE ( 'NONE', #5549, #5392 ) ;
#5646 = LINE ( 'NONE', #5677, #3392 ) ;
#5647 = CARTESIAN_POINT ( 'NONE',  ( -17.44999999999999929, 10.80000000000000426, -33.62500000000000000 ) ) ;
#5648 = ORIENTED_EDGE ( 'NONE', *, *, #6539, .T. ) ;
#5649 = ORIENTED_EDGE ( 'NONE', *, *, #3357, .F. ) ;
#5650 = ORIENTED_EDGE ( 'NONE', *, *, #2011, .T. ) ;
#5651 = EDGE_CURVE ( 'NONE', #6262, #102, #5645, .T. ) ;
#5652 = VECTOR ( 'NONE', #4830, 1000.000000000000114 ) ;
#5653 = PLANE ( 'NONE',  #208 ) ;
#5654 = LINE ( 'NONE', #902, #945 ) ;
#5655 = DIRECTION ( 'NONE',  ( -0.000000000000000000, 0.000000000000000000, 1.000000000000000000 ) ) ;
#5656 = VECTOR ( 'NONE', #6035, 1000.000000000000000 ) ;
#5657 = EDGE_CURVE ( 'NONE', #1521, #3193, #5676, .T. ) ;
#5658 = VERTEX_POINT ( 'NONE', #1820 ) ;
#5659 = CARTESIAN_POINT ( 'NONE',  ( 53.44999999999999574, 10.80000000000000071, -8.450000000000388312 ) ) ;
#5660 = DIRECTION ( 'NONE',  ( -0.2756373558170042704, -0.9612616959383174509, 0.000000000000000000 ) ) ;
#5661 = CARTESIAN_POINT ( 'NONE',  ( 0.000000000000000000, 10.80000000000000071, -33.62500000000000000 ) ) ;
#5662 = LINE ( 'NONE', #2948, #5762 ) ;
#5663 = ORIENTED_EDGE ( 'NONE', *, *, #1122, .F. ) ;
#5664 = VERTEX_POINT ( 'NONE', #3519 ) ;
#5665 = VERTEX_POINT ( 'NONE', #3982 ) ;
#5666 = DIRECTION ( 'NONE',  ( -0.2386847610229711480, 0.8323926831162093976, -0.5001519828512178689 ) ) ;
#5667 = DIRECTION ( 'NONE',  ( 0.000000000000000000, -0.000000000000000000, 1.000000000000000000 ) ) ;
#5668 = LINE ( 'NONE', #5148, #875 ) ;
#5669 = EDGE_LOOP ( 'NONE', ( #2269, #5516, #2593, #3988 ) ) ;
#5670 = FACE_OUTER_BOUND ( 'NONE', #6653, .T. ) ;
#5671 = VERTEX_POINT ( 'NONE', #6095 ) ;
#5672 = ORIENTED_EDGE ( 'NONE', *, *, #4407, .T. ) ;
#5673 = CARTESIAN_POINT ( 'NONE',  ( 62.00000000000000000, 7.500000000000000000, 41.00000000000000000 ) ) ;
#5674 = DIRECTION ( 'NONE',  ( -0.5001519828512179799, 0.8323926831162092865, 0.2386847610229713423 ) ) ;
#5675 = CARTESIAN_POINT ( 'NONE',  ( -17.44999999999999929, 10.80000000000000071, 35.44999999999961204 ) ) ;
#5676 = LINE ( 'NONE', #800, #193 ) ;
#5677 = CARTESIAN_POINT ( 'NONE',  ( -29.73571359999217734, 22.25864506693693556, -26.58211138907204329 ) ) ;
#5678 = VERTEX_POINT ( 'NONE', #1861 ) ;
#5679 = ORIENTED_EDGE ( 'NONE', *, *, #6118, .F. ) ;
#5680 = VERTEX_POINT ( 'NONE', #3027 ) ;
#5681 = LINE ( 'NONE', #4053, #1526 ) ;
#5682 = CARTESIAN_POINT ( 'NONE',  ( -52.50374022699593013, 7.500000000000000000, 0.000000000000000000 ) ) ;
#5683 = LINE ( 'NONE', #1486, #5053 ) ;
#5684 = DIRECTION ( 'NONE',  ( -0.5000000000000036637, 0.7071067811865446862, -0.5000000000000006661 ) ) ;
#5685 = EDGE_CURVE ( 'NONE', #4786, #2872, #859, .T. ) ;
#5686 = EDGE_LOOP ( 'NONE', ( #3817, #5341, #2806, #896 ) ) ;
#5687 = ADVANCED_FACE ( 'NONE', ( #2901 ), #3553, .F. ) ;
#5688 = DIRECTION ( 'NONE',  ( 0.4999999999999902855, -0.7071067811865670016, 0.4999999999999821254 ) ) ;
#5689 = CARTESIAN_POINT ( 'NONE',  ( 51.62500000000000711, 7.500000000000000000, 1.496259773003674631 ) ) ;
#5690 = CARTESIAN_POINT ( 'NONE',  ( -60.00000000000000000, 7.500000000000000000, 8.000000000000000000 ) ) ;
#5691 = CARTESIAN_POINT ( 'NONE',  ( 51.62500000000000711, 10.53731005528969256, 8.374674870468716392 ) ) ;
#5692 = ORIENTED_EDGE ( 'NONE', *, *, #239, .F. ) ;
#5693 = APPLICATION_CONTEXT ( 'automotive_design' ) ;
#5694 = VERTEX_POINT ( 'NONE', #2346 ) ;
#5695 = ADVANCED_FACE ( 'NONE', ( #5029 ), #4469, .F. ) ;
#5696 = ORIENTED_EDGE ( 'NONE', *, *, #107, .T. ) ;
#5697 = ADVANCED_FACE ( 'NONE', ( #3459 ), #6640, .F. ) ;
#5698 = EDGE_CURVE ( 'NONE', #2403, #472, #1894, .T. ) ;
#5699 = DIRECTION ( 'NONE',  ( 1.000000000000000000, 0.000000000000000000, 0.000000000000000000 ) ) ;
#5700 = LINE ( 'NONE', #946, #4069 ) ;
#5701 = DIRECTION ( 'NONE',  ( -0.000000000000000000, -0.2756373558170021609, -0.9612616959383181170 ) ) ;
#5702 = ORIENTED_EDGE ( 'NONE', *, *, #4266, .T. ) ;
#5703 = DIRECTION ( 'NONE',  ( 1.000000000000000000, 6.036709082546134360E-16, 1.730998474588423856E-16 ) ) ;
#5704 = DIRECTION ( 'NONE',  ( 0.5001519828512182020, -0.8323926831162096196, 0.2386847610229694550 ) ) ;
#5705 = ORIENTED_EDGE ( 'NONE', *, *, #6070, .F. ) ;
#5706 = ORIENTED_EDGE ( 'NONE', *, *, #2931, .T. ) ;
#5707 = CARTESIAN_POINT ( 'NONE',  ( 1.496259773004070315, 7.500000000000000000, 0.000000000000000000 ) ) ;
#5708 = CARTESIAN_POINT ( 'NONE',  ( -53.48650574179801964, 7.439244242937562923, 31.67668115863875400 ) ) ;
#5709 = DIRECTION ( 'NONE',  ( 1.000000000000000000, 0.000000000000000000, 0.000000000000000000 ) ) ;
#5710 = VECTOR ( 'NONE', #4470, 1000.000000000000000 ) ;
#5711 = DIRECTION ( 'NONE',  ( -0.000000000000000000, 0.000000000000000000, 1.000000000000000000 ) ) ;
#5712 = CARTESIAN_POINT ( 'NONE',  ( -25.80943399447264142, 8.566080860090407256, -34.80943399447265563 ) ) ;
#5713 = CARTESIAN_POINT ( 'NONE',  ( -53.44999999999999574, 10.80000000000000071, -35.45000000000039364 ) ) ;
#5714 = ORIENTED_EDGE ( 'NONE', *, *, #5486, .F. ) ;
#5715 = ORIENTED_EDGE ( 'NONE', *, *, #481, .T. ) ;
#5716 = ORIENTED_EDGE ( 'NONE', *, *, #1329, .F. ) ;
#5717 = VECTOR ( 'NONE', #6297, 1000.000000000000000 ) ;
#5718 = EDGE_CURVE ( 'NONE', #3323, #1524, #6665, .T. ) ;
#5719 = VECTOR ( 'NONE', #2589, 1000.000000000000000 ) ;
#5720 = DIRECTION ( 'NONE',  ( 1.650889255948188155E-15, 3.488628514275818012E-28, 1.000000000000000000 ) ) ;
#5721 = DIRECTION ( 'NONE',  ( 0.000000000000000000, 1.000000000000000000, 0.000000000000000000 ) ) ;
#5722 = PLANE ( 'NONE',  #6471 ) ;
#5723 = VECTOR ( 'NONE', #3482, 1000.000000000000114 ) ;
#5724 = VECTOR ( 'NONE', #1476, 1000.000000000000227 ) ;
#5725 = LINE ( 'NONE', #4790, #1673 ) ;
#5726 = VERTEX_POINT ( 'NONE', #4321 ) ;
#5727 = AXIS2_PLACEMENT_3D ( 'NONE', #4917, #6115, #4534 ) ;
#5728 = DIRECTION ( 'NONE',  ( 0.000000000000000000, -0.2756373558170040483, 0.9612616959383175619 ) ) ;
#5729 = CARTESIAN_POINT ( 'NONE',  ( 61.43449314192414334, 7.500000000000000000, -33.36342533005872468 ) ) ;
#5730 = FACE_OUTER_BOUND ( 'NONE', #6290, .T. ) ;
#5731 = DIRECTION ( 'NONE',  ( 0.000000000000000000, -1.850371707708594366E-15, -1.000000000000000000 ) ) ;
#5732 = ORIENTED_EDGE ( 'NONE', *, *, #3581, .T. ) ;
#5733 = VECTOR ( 'NONE', #494, 1000.000000000000000 ) ;
#5734 = ORIENTED_EDGE ( 'NONE', *, *, #2164, .T. ) ;
#5735 = ORIENTED_EDGE ( 'NONE', *, *, #2934, .T. ) ;
#5736 = LINE ( 'NONE', #5146, #223 ) ;
#5737 = AXIS2_PLACEMENT_3D ( 'NONE', #2556, #3185, #3734 ) ;
#5738 = CARTESIAN_POINT ( 'NONE',  ( 0.5499999999999949374, 10.80000000000000071, 35.44999999999961204 ) ) ;
#5739 = FACE_OUTER_BOUND ( 'NONE', #1958, .T. ) ;
#5740 = VERTEX_POINT ( 'NONE', #5753 ) ;
#5741 = EDGE_CURVE ( 'NONE', #1907, #2804, #6424, .T. ) ;
#5742 = CARTESIAN_POINT ( 'NONE',  ( -14.06738976402690078, -0.9965637948165171345, -32.06738976402728980 ) ) ;
#5743 = CARTESIAN_POINT ( 'NONE',  ( 0.000000000000000000, 7.500000000000000000, 1.496259773003674631 ) ) ;
#5744 = EDGE_LOOP ( 'NONE', ( #4713, #1092, #4079, #2968 ) ) ;
#5745 = ADVANCED_FACE ( 'NONE', ( #574 ), #91, .F. ) ;
#5746 = ORIENTED_EDGE ( 'NONE', *, *, #1236, .F. ) ;
#5747 = VECTOR ( 'NONE', #323, 1000.000000000000114 ) ;
#5748 = ADVANCED_FACE ( 'NONE', ( #4152 ), #1682, .T. ) ;
#5749 = CARTESIAN_POINT ( 'NONE',  ( -25.50374022699592658, 7.500000000000000000, 0.000000000000000000 ) ) ;
#5750 = LINE ( 'NONE', #5783, #412 ) ;
#5751 = DIRECTION ( 'NONE',  ( 0.000000000000000000, 0.000000000000000000, -1.000000000000000000 ) ) ;
#5752 = AXIS2_PLACEMENT_3D ( 'NONE', #6631, #1888, #4493 ) ;
#5753 = CARTESIAN_POINT ( 'NONE',  ( -57.99999999999999289, 7.500000000000000000, 8.000000000000000000 ) ) ;
#5754 = DIRECTION ( 'NONE',  ( 1.000000000000000000, 0.000000000000000000, -0.000000000000000000 ) ) ;
#5755 = LINE ( 'NONE', #3138, #18 ) ;
#5756 = ORIENTED_EDGE ( 'NONE', *, *, #4814, .F. ) ;
#5757 = ORIENTED_EDGE ( 'NONE', *, *, #5404, .T. ) ;
#5758 = ORIENTED_EDGE ( 'NONE', *, *, #3762, .F. ) ;
#5759 = VECTOR ( 'NONE', #5635, 1000.000000000000000 ) ;
#5760 = CARTESIAN_POINT ( 'NONE',  ( 0.000000000000000000, 7.500000000000000000, -10.49625977300445356 ) ) ;
#5761 = PLANE ( 'NONE',  #5156 ) ;
#5762 = VECTOR ( 'NONE', #1906, 1000.000000000000227 ) ;
#5763 = DIRECTION ( 'NONE',  ( -0.2386847610229713423, -0.8323926831162092865, -0.5001519828512179799 ) ) ;
#5764 = ORIENTED_EDGE ( 'NONE', *, *, #5587, .T. ) ;
#5765 = DIRECTION ( 'NONE',  ( -0.4999999999999978906, -0.7071067811865504593, -0.4999999999999978906 ) ) ;
#5766 = LINE ( 'NONE', #6783, #5609 ) ;
#5767 = EDGE_CURVE ( 'NONE', #1681, #3620, #447, .T. ) ;
#5768 = DIRECTION ( 'NONE',  ( -1.000000000000000000, 0.000000000000000000, 0.000000000000000000 ) ) ;
#5769 = VECTOR ( 'NONE', #630, 1000.000000000000227 ) ;
#5770 = ORIENTED_EDGE ( 'NONE', *, *, #2741, .T. ) ;
#5771 = EDGE_CURVE ( 'NONE', #781, #1256, #4283, .T. ) ;
#5772 = ORIENTED_EDGE ( 'NONE', *, *, #4689, .F. ) ;
#5773 = LINE ( 'NONE', #498, #1668 ) ;
#5774 = LINE ( 'NONE', #984, #1845 ) ;
#5775 = LINE ( 'NONE', #3683, #2527 ) ;
#5776 = ORIENTED_EDGE ( 'NONE', *, *, #2233, .F. ) ;
#5777 = CARTESIAN_POINT ( 'NONE',  ( 40.07937528197223997, 29.75245638442227047, -22.88452941702866283 ) ) ;
#5778 = EDGE_CURVE ( 'NONE', #2306, #293, #6257, .T. ) ;
#5779 = DIRECTION ( 'NONE',  ( -0.000000000000000000, -0.000000000000000000, 1.000000000000000000 ) ) ;
#5780 = VERTEX_POINT ( 'NONE', #5945 ) ;
#5781 = ORIENTED_EDGE ( 'NONE', *, *, #6417, .F. ) ;
#5782 = LINE ( 'NONE', #1031, #6266 ) ;
#5783 = CARTESIAN_POINT ( 'NONE',  ( -57.99999999999999289, 7.500000000000000000, -8.000000000000000000 ) ) ;
#5784 = LINE ( 'NONE', #2964, #6615 ) ;
#5785 = DIRECTION ( 'NONE',  ( 0.000000000000000000, -0.000000000000000000, 1.000000000000000000 ) ) ;
#5786 = CARTESIAN_POINT ( 'NONE',  ( 0.5500000000000088152, 7.500000000000007105, 35.45000000000000995 ) ) ;
#5787 = VERTEX_POINT ( 'NONE', #1518 ) ;
#5788 = ORIENTED_EDGE ( 'NONE', *, *, #3959, .F. ) ;
#5789 = EDGE_LOOP ( 'NONE', ( #4573, #5772, #2152, #6029 ) ) ;
#5790 = ORIENTED_EDGE ( 'NONE', *, *, #6205, .T. ) ;
#5791 = DIRECTION ( 'NONE',  ( 0.000000000000000000, 0.000000000000000000, -1.000000000000000000 ) ) ;
#5792 = DIRECTION ( 'NONE',  ( 0.9612616959383174509, -0.2756373558170042704, 0.000000000000000000 ) ) ;
#5793 = CARTESIAN_POINT ( 'NONE',  ( -52.80943399447264142, 8.566080860090407256, -16.80943399447302866 ) ) ;
#5794 = ORIENTED_EDGE ( 'NONE', *, *, #3236, .T. ) ;
#5795 = CARTESIAN_POINT ( 'NONE',  ( 35.44999999999999574, 10.80000000000000426, -33.62500000000000000 ) ) ;
#5796 = CARTESIAN_POINT ( 'NONE',  ( 0.000000000000000000, 7.500000000000000000, -34.50374022699632093 ) ) ;
#5797 = LINE ( 'NONE', #3153, #2518 ) ;
#5798 = VERTEX_POINT ( 'NONE', #1648 ) ;
#5799 = ORIENTED_EDGE ( 'NONE', *, *, #5355, .F. ) ;
#5800 = EDGE_CURVE ( 'NONE', #667, #878, #3625, .T. ) ;
#5801 = LINE ( 'NONE', #1290, #3045 ) ;
#5802 = DIRECTION ( 'NONE',  ( 0.000000000000000000, -1.000000000000000000, 0.000000000000000000 ) ) ;
#5803 = CARTESIAN_POINT ( 'NONE',  ( -52.80943399447264142, 8.566080860090416138, 19.19056600552697134 ) ) ;
#5804 = ORIENTED_EDGE ( 'NONE', *, *, #6117, .F. ) ;
#5805 = LINE ( 'NONE', #703, #5940 ) ;
#5806 = LINE ( 'NONE', #4222, #5820 ) ;
#5807 = ORIENTED_EDGE ( 'NONE', *, *, #4690, .T. ) ;
#5808 = ORIENTED_EDGE ( 'NONE', *, *, #1914, .T. ) ;
#5809 = EDGE_CURVE ( 'NONE', #3441, #60, #4942, .T. ) ;
#5810 = DIRECTION ( 'NONE',  ( -0.9612616959383175619, -0.2756373558170040483, 0.000000000000000000 ) ) ;
#5811 = DIRECTION ( 'NONE',  ( 0.9612616959383174509, -0.2756373558170042704, 0.000000000000000000 ) ) ;
#5812 = CARTESIAN_POINT ( 'NONE',  ( -49.68157383042355946, 7.394693030445803394, 35.45000000000000995 ) ) ;
#5813 = EDGE_CURVE ( 'NONE', #90, #6343, #4805, .T. ) ;
#5814 = CARTESIAN_POINT ( 'NONE',  ( 61.85875721063607102, 9.899999999999975486, 33.78768939877064525 ) ) ;
#5815 = LINE ( 'NONE', #4711, #2107 ) ;
#5816 = EDGE_LOOP ( 'NONE', ( #5525, #5016, #5927, #246, #3433, #5716, #2444, #362, #2237, #5536, #6678, #3964, #4086, #3402, #6323, #2717, #5776, #3061, #4186, #2773, #6021, #2229, #1945, #5627, #1698, #1326, #2223, #4483, #4696, #1606, #992, #6166, #3727, #2307, #4021, #3680, #4408, #980, #3666, #5906, #5591, #4497, #3189, #757, #4499, #5931, #3545, #2897, #1109, #4858, #1142, #1482, #1587, #4038, #1095, #56, #1983, #5313, #1052, #2862, #4683, #3776, #1817, #6037, #3757, #3295, #3233, #1816, #6263, #4975, #5, #345, #3381, #3719, #3644, #2394, #3088, #379, #2645, #4714, #4730, #5216, #3639, #6756, #6009, #4567, #4665, #2036, #3180, #6773, #6228, #1431, #6425, #618, #6518, #5303, #2531, #2073, #2559, #5714, #4887, #6336, #629, #3424, #6366, #176, #3258, #2119, #1736, #2088, #2797, #5209, #6443, #2173, #2704, #2986, #2262, #5504, #5857, #3462, #4982, #2382, #153, #5490, #41, #3133, #1782, #4148, #633, #1212, #991, #3882, #4638, #4244, #3870, #3897, #4117, #4926, #3947, #5955, #3941, #440, #830, #5799, #1139, #50, #6423, #914 ) ) ;
#5817 = ORIENTED_EDGE ( 'NONE', *, *, #2133, .F. ) ;
#5818 = EDGE_CURVE ( 'NONE', #1351, #5971, #2196, .T. ) ;
#5819 = ORIENTED_EDGE ( 'NONE', *, *, #692, .F. ) ;
#5820 = VECTOR ( 'NONE', #5186, 1000.000000000000000 ) ;
#5821 = DIRECTION ( 'NONE',  ( -0.000000000000000000, -0.000000000000000000, 1.000000000000000000 ) ) ;
#5822 = CARTESIAN_POINT ( 'NONE',  ( 50.07000000000479645, -11.50000000000000000, -35.44999999999998863 ) ) ;
#5823 = EDGE_CURVE ( 'NONE', #5421, #259, #6770, .T. ) ;
#5824 = CARTESIAN_POINT ( 'NONE',  ( 61.43449314192414334, 9.099999999999983658, 33.36342533005872468 ) ) ;
#5825 = ADVANCED_FACE ( 'NONE', ( #2510 ), #3202, .T. ) ;
#5826 = VECTOR ( 'NONE', #6463, 1000.000000000000114 ) ;
#5827 = EDGE_CURVE ( 'NONE', #1575, #5983, #2705, .T. ) ;
#5828 = ORIENTED_EDGE ( 'NONE', *, *, #5086, .F. ) ;
#5829 = EDGE_CURVE ( 'NONE', #5564, #6134, #5882, .T. ) ;
#5830 = CARTESIAN_POINT ( 'NONE',  ( 25.50374022699593368, 7.500000000000000000, -33.62500000000000000 ) ) ;
#5831 = VECTOR ( 'NONE', #1439, 1000.000000000000000 ) ;
#5832 = DIRECTION ( 'NONE',  ( -0.000000000000000000, -0.000000000000000000, 1.000000000000000000 ) ) ;
#5833 = CARTESIAN_POINT ( 'NONE',  ( 0.000000000000000000, 10.80000000000000071, 33.62500000000000000 ) ) ;
#5834 = VECTOR ( 'NONE', #1684, 1000.000000000000000 ) ;
#5835 = ORIENTED_EDGE ( 'NONE', *, *, #1241, .F. ) ;
#5836 = CIRCLE ( 'NONE', #1626, 3.580000000000000071 ) ;
#5837 = AXIS2_PLACEMENT_3D ( 'NONE', #6045, #3370, #6625 ) ;
#5838 = VERTEX_POINT ( 'NONE', #1128 ) ;
#5839 = ADVANCED_FACE ( 'NONE', ( #2000 ), #5360, .F. ) ;
#5840 = CARTESIAN_POINT ( 'NONE',  ( 45.54999999999999005, 10.80000000000000071, 35.44999999999961204 ) ) ;
#5841 = CARTESIAN_POINT ( 'NONE',  ( -53.44999999999999574, 10.80000000000000071, 26.44999999999961204 ) ) ;
#5842 = CARTESIAN_POINT ( 'NONE',  ( 51.62500000000000000, 10.80000000000000426, 9.549999999999613465 ) ) ;
#5843 = VERTEX_POINT ( 'NONE', #4840 ) ;
#5844 = VECTOR ( 'NONE', #6791, 1000.000000000000000 ) ;
#5845 = LINE ( 'NONE', #6321, #2062 ) ;
#5846 = DIRECTION ( 'NONE',  ( 0.2657276780299911434, 0.9267025424900801056, 0.2657276780299911434 ) ) ;
#5847 = ORIENTED_EDGE ( 'NONE', *, *, #6346, .F. ) ;
#5848 = EDGE_CURVE ( 'NONE', #6626, #6098, #2228, .T. ) ;
#5849 = AXIS2_PLACEMENT_3D ( 'NONE', #1149, #1219, #3778 ) ;
#5850 = DIRECTION ( 'NONE',  ( 0.2756373558170039373, -0.9612616959383174509, 0.000000000000000000 ) ) ;
#5851 = DIRECTION ( 'NONE',  ( 0.000000000000000000, 0.000000000000000000, -1.000000000000000000 ) ) ;
#5852 = CARTESIAN_POINT ( 'NONE',  ( -28.19056600552735858, 8.566080860090401927, 34.80943399447262721 ) ) ;
#5853 = DIRECTION ( 'NONE',  ( 1.000000000000000000, 0.000000000000000000, -0.000000000000000000 ) ) ;
#5854 = DIRECTION ( 'NONE',  ( 0.7071067811865474617, 0.000000000000000000, -0.7071067811865474617 ) ) ;
#5855 = VECTOR ( 'NONE', #4765, 1000.000000000000000 ) ;
#5856 = EDGE_LOOP ( 'NONE', ( #6180, #3318, #5997, #4852 ) ) ;
#5857 = ORIENTED_EDGE ( 'NONE', *, *, #3511, .F. ) ;
#5858 = EDGE_CURVE ( 'NONE', #2240, #5838, #5565, .T. ) ;
#5859 = ORIENTED_EDGE ( 'NONE', *, *, #2461, .T. ) ;
#5860 = AXIS2_PLACEMENT_3D ( 'NONE', #2866, #2378, #4996 ) ;
#5861 = CARTESIAN_POINT ( 'NONE',  ( 61.85875721063607102, 9.899999999999975486, 33.78768939877064525 ) ) ;
#5862 = VERTEX_POINT ( 'NONE', #1844 ) ;
#5863 = LINE ( 'NONE', #1110, #4308 ) ;
#5864 = EDGE_CURVE ( 'NONE', #133, #6262, #5014, .T. ) ;
#5865 = DIRECTION ( 'NONE',  ( -1.000000000000000000, -0.000000000000000000, -0.000000000000000000 ) ) ;
#5866 = LINE ( 'NONE', #2692, #4109 ) ;
#5867 = EDGE_CURVE ( 'NONE', #93, #4472, #6110, .T. ) ;
#5868 = EDGE_LOOP ( 'NONE', ( #2097, #5544, #1937, #123 ) ) ;
#5869 = LINE ( 'NONE', #5314, #6258 ) ;
#5870 = VECTOR ( 'NONE', #1982, 1000.000000000000000 ) ;
#5871 = LINE ( 'NONE', #1636, #3842 ) ;
#5872 = LINE ( 'NONE', #1595, #5409 ) ;
#5873 = VERTEX_POINT ( 'NONE', #3442 ) ;
#5874 = EDGE_CURVE ( 'NONE', #4739, #4274, #3857, .T. ) ;
#5875 = ORIENTED_EDGE ( 'NONE', *, *, #5310, .F. ) ;
#5876 = VECTOR ( 'NONE', #2701, 1000.000000000000114 ) ;
#5877 = ORIENTED_EDGE ( 'NONE', *, *, #2638, .T. ) ;
#5878 = AXIS2_PLACEMENT_3D ( 'NONE', #720, #2860, #3379 ) ;
#5879 = CARTESIAN_POINT ( 'NONE',  ( 7.809433994472520624, 8.566080860089980931, -34.80943399447290432 ) ) ;
#5880 = PLANE ( 'NONE',  #3525 ) ;
#5881 = EDGE_LOOP ( 'NONE', ( #3981, #6100, #2801, #3646 ) ) ;
#5882 = LINE ( 'NONE', #4877, #3280 ) ;
#5883 = PLANE ( 'NONE',  #4169 ) ;
#5884 = LINE ( 'NONE', #59, #6165 ) ;
#5885 = ORIENTED_EDGE ( 'NONE', *, *, #3125, .T. ) ;
#5886 = AXIS2_PLACEMENT_3D ( 'NONE', #1378, #349, #6816 ) ;
#5887 = DIRECTION ( 'NONE',  ( 0.000000000000000000, 0.000000000000000000, -1.000000000000000000 ) ) ;
#5888 = DIRECTION ( 'NONE',  ( -0.000000000000000000, 0.000000000000000000, 1.000000000000000000 ) ) ;
#5889 = CARTESIAN_POINT ( 'NONE',  ( 0.000000000000000000, 7.500000000000000000, 34.50374022699553933 ) ) ;
#5890 = DIRECTION ( 'NONE',  ( -0.5001519828512182020, 0.8323926831162096196, 0.2386847610229696770 ) ) ;
#5891 = CARTESIAN_POINT ( 'NONE',  ( -8.449999999999999289, 10.80000000000000071, -35.45000000000039364 ) ) ;
#5892 = ORIENTED_EDGE ( 'NONE', *, *, #5823, .T. ) ;
#5893 = EDGE_LOOP ( 'NONE', ( #4220, #2891, #4817, #2602 ) ) ;
#5894 = LINE ( 'NONE', #3348, #6701 ) ;
#5895 = DIRECTION ( 'NONE',  ( -0.2756373558170042704, 0.9612616959383174509, 0.000000000000000000 ) ) ;
#5896 = ORIENTED_EDGE ( 'NONE', *, *, #2151, .T. ) ;
#5897 = DIRECTION ( 'NONE',  ( -0.2386847610229699823, 0.8323926831162045126, 0.5001519828512264176 ) ) ;
#5898 = CARTESIAN_POINT ( 'NONE',  ( -3.932610235973042823, -0.9965637948163210691, 32.06738976402656505 ) ) ;
#5899 = PRODUCT ( 'No Segment Subtap', 'No Segment Subtap', '', ( #1897 ) ) ;
#5900 = CARTESIAN_POINT ( 'NONE',  ( -6.964775456032752413E-16, 8.566080860090870885, 34.80943399447237852 ) ) ;
#5901 = LINE ( 'NONE', #2182, #79 ) ;
#5902 = CARTESIAN_POINT ( 'NONE',  ( 0.000000000000000000, 10.80000000000000071, -33.62500000000000000 ) ) ;
#5903 = CARTESIAN_POINT ( 'NONE',  ( 37.19056600552747227, 8.566080860090005800, -34.80943399447291142 ) ) ;
#5904 = ORIENTED_EDGE ( 'NONE', *, *, #3089, .F. ) ;
#5905 = CARTESIAN_POINT ( 'NONE',  ( -53.44999999999999574, 7.299999999999948308, -32.07000000000001450 ) ) ;
#5906 = ORIENTED_EDGE ( 'NONE', *, *, #912, .F. ) ;
#5907 = EDGE_CURVE ( 'NONE', #5726, #5111, #4487, .T. ) ;
#5908 = VERTEX_POINT ( 'NONE', #6555 ) ;
#5909 = CARTESIAN_POINT ( 'NONE',  ( -51.62500000000000000, 7.500000000000000000, -7.503740226996319151 ) ) ;
#5910 = CARTESIAN_POINT ( 'NONE',  ( -36.54999999999999005, 10.80000000000000071, 33.62500000000000000 ) ) ;
#5911 = LINE ( 'NONE', #1024, #5084 ) ;
#5912 = ORIENTED_EDGE ( 'NONE', *, *, #107, .F. ) ;
#5913 = CARTESIAN_POINT ( 'NONE',  ( -50.06999999999999318, 7.500000000000000000, 32.07000000000000028 ) ) ;
#5914 = ORIENTED_EDGE ( 'NONE', *, *, #6430, .F. ) ;
#5915 = EDGE_CURVE ( 'NONE', #2240, #6687, #3965, .T. ) ;
#5916 = ADVANCED_FACE ( 'NONE', ( #1327 ), #4424, .F. ) ;
#5917 = EDGE_CURVE ( 'NONE', #4178, #1414, #4913, .T. ) ;
#5918 = ADVANCED_FACE ( 'NONE', ( #5462, #6519, #292, #6010, #674 ), #746, .F. ) ;
#5919 = CARTESIAN_POINT ( 'NONE',  ( 61.85875721063606392, 9.699999999999974420, 33.78768939877064525 ) ) ;
#5920 = CARTESIAN_POINT ( 'NONE',  ( 53.49456638520220508, 7.425829079505459340, 31.87394028762531661 ) ) ;
#5921 = CARTESIAN_POINT ( 'NONE',  ( 0.5500000000000201394, 10.79999999999999716, 33.62500000000000000 ) ) ;
#5922 = DIRECTION ( 'NONE',  ( 0.000000000000000000, -0.000000000000000000, -1.000000000000000000 ) ) ;
#5923 = ORIENTED_EDGE ( 'NONE', *, *, #4521, .F. ) ;
#5924 = EDGE_LOOP ( 'NONE', ( #6211, #5892, #3047, #6460 ) ) ;
#5925 = DIRECTION ( 'NONE',  ( -0.000000000000000000, -0.000000000000000000, -1.000000000000000000 ) ) ;
#5926 = LINE ( 'NONE', #2208, #6719 ) ;
#5927 = ORIENTED_EDGE ( 'NONE', *, *, #5057, .F. ) ;
#5928 = LINE ( 'NONE', #1075, #6151 ) ;
#5929 = FACE_OUTER_BOUND ( 'NONE', #5249, .T. ) ;
#5930 = EDGE_CURVE ( 'NONE', #3193, #1340, #154, .T. ) ;
#5931 = ORIENTED_EDGE ( 'NONE', *, *, #5024, .F. ) ;
#5932 = FACE_OUTER_BOUND ( 'NONE', #39, .T. ) ;
#5933 = CARTESIAN_POINT ( 'NONE',  ( -53.44999999999999574, 7.499999999999944933, -33.24983049630022691 ) ) ;
#5934 = ORIENTED_EDGE ( 'NONE', *, *, #6565, .F. ) ;
#5935 = AXIS2_PLACEMENT_3D ( 'NONE', #4095, #6200, #4132 ) ;
#5936 = VECTOR ( 'NONE', #4967, 1000.000000000000114 ) ;
#5937 = CARTESIAN_POINT ( 'NONE',  ( -53.44999999999999574, 10.80000000000000071, 26.44999999999961204 ) ) ;
#5938 = ORIENTED_EDGE ( 'NONE', *, *, #3250, .F. ) ;
#5939 = ORIENTED_EDGE ( 'NONE', *, *, #3663, .F. ) ;
#5940 = VECTOR ( 'NONE', #4250, 1000.000000000000000 ) ;
#5941 = LINE ( 'NONE', #1189, #2386 ) ;
#5942 = PLANE ( 'NONE',  #1080 ) ;
#5943 = CARTESIAN_POINT ( 'NONE',  ( 52.80943399447264142, 8.566080860090419691, -1.190566005527738502 ) ) ;
#5944 = ORIENTED_EDGE ( 'NONE', *, *, #911, .F. ) ;
#5945 = CARTESIAN_POINT ( 'NONE',  ( 18.54999999999999716, 10.80000000000000071, -35.45000000000039364 ) ) ;
#5946 = AXIS2_PLACEMENT_3D ( 'NONE', #404, #5811, #5851 ) ;
#5947 = VERTEX_POINT ( 'NONE', #3927 ) ;
#5948 = VECTOR ( 'NONE', #3067, 1000.000000000000000 ) ;
#5949 = ADVANCED_FACE ( 'NONE', ( #1781 ), #1359, .F. ) ;
#5950 = DIRECTION ( 'NONE',  ( -1.000000000000000000, 0.000000000000000000, 0.000000000000000000 ) ) ;
#5951 = VECTOR ( 'NONE', #5395, 1000.000000000000227 ) ;
#5952 = CARTESIAN_POINT ( 'NONE',  ( 51.62500000000000000, 10.80000000000000426, -8.450000000000388312 ) ) ;
#5953 = DIRECTION ( 'NONE',  ( -0.000000000000000000, -0.000000000000000000, 1.000000000000000000 ) ) ;
#5954 = EDGE_CURVE ( 'NONE', #3620, #2153, #1882, .T. ) ;
#5955 = ORIENTED_EDGE ( 'NONE', *, *, #5328, .F. ) ;
#5956 = EDGE_CURVE ( 'NONE', #1740, #652, #5491, .T. ) ;
#5957 = EDGE_LOOP ( 'NONE', ( #231, #4888, #6475, #2466 ) ) ;
#5958 = VECTOR ( 'NONE', #5141, 1000.000000000000114 ) ;
#5959 = DIRECTION ( 'NONE',  ( 1.000000000000000000, 3.018354541273066194E-16, -8.654992372942126676E-17 ) ) ;
#5960 = DIRECTION ( 'NONE',  ( 1.000000000000000000, 0.000000000000000000, 0.000000000000000000 ) ) ;
#5961 = AXIS2_PLACEMENT_3D ( 'NONE', #6745, #932, #6072 ) ;
#5962 = ORIENTED_EDGE ( 'NONE', *, *, #4721, .F. ) ;
#5963 = LINE ( 'NONE', #5898, #2823 ) ;
#5964 = CARTESIAN_POINT ( 'NONE',  ( 0.5499999999999949374, 10.80000000000000071, 35.44999999999961204 ) ) ;
#5965 = LINE ( 'NONE', #5900, #1012 ) ;
#5966 = EDGE_LOOP ( 'NONE', ( #4879, #1692, #5400, #5085 ) ) ;
#5967 = VECTOR ( 'NONE', #1033, 1000.000000000000000 ) ;
#5968 = PLANE ( 'NONE',  #1172 ) ;
#5969 = LINE ( 'NONE', #3740, #1194 ) ;
#5970 = DIRECTION ( 'NONE',  ( 0.2756373558170042704, 0.9612616959383174509, 0.000000000000000000 ) ) ;
#5971 = VERTEX_POINT ( 'NONE', #2847 ) ;
#5972 = PRESENTATION_LAYER_ASSIGNMENT (  '', '', ( #4872 ) ) ;
#5973 = DIRECTION ( 'NONE',  ( -0.000000000000000000, -0.2756373558170040483, -0.9612616959383175619 ) ) ;
#5974 = ORIENTED_EDGE ( 'NONE', *, *, #1459, .F. ) ;
#5975 = VECTOR ( 'NONE', #4585, 1000.000000000000000 ) ;
#5976 = CARTESIAN_POINT ( 'NONE',  ( 52.80943399447264142, 8.566080860090407256, 0.000000000000000000 ) ) ;
#5977 = CARTESIAN_POINT ( 'NONE',  ( 52.80943399447264852, 8.566080860090401927, 1.190566005526966675 ) ) ;
#5978 = PLANE ( 'NONE',  #6730 ) ;
#5979 = ORIENTED_EDGE ( 'NONE', *, *, #1909, .F. ) ;
#5980 = CARTESIAN_POINT ( 'NONE',  ( 51.62500000000000000, 10.80000000000000426, -9.550000000000384404 ) ) ;
#5981 = EDGE_CURVE ( 'NONE', #2790, #2896, #4981, .T. ) ;
#5982 = VERTEX_POINT ( 'NONE', #4456 ) ;
#5983 = VERTEX_POINT ( 'NONE', #5980 ) ;
#5984 = LINE ( 'NONE', #2165, #1948 ) ;
#5985 = LINE ( 'NONE', #4325, #3403 ) ;
#5986 = CARTESIAN_POINT ( 'NONE',  ( 55.00000000000000000, 7.500000000000000000, -41.00000000000000000 ) ) ;
#5987 = VECTOR ( 'NONE', #5399, 1000.000000000000000 ) ;
#5988 = DIRECTION ( 'NONE',  ( 0.000000000000000000, 1.000000000000000000, 0.000000000000000000 ) ) ;
#5989 = PLANE ( 'NONE',  #1562 ) ;
#5990 = ORIENTED_EDGE ( 'NONE', *, *, #1870, .T. ) ;
#5991 = ORIENTED_EDGE ( 'NONE', *, *, #2427, .T. ) ;
#5992 = DIRECTION ( 'NONE',  ( 0.2386847610229711480, 0.8323926831162093976, -0.5001519828512178689 ) ) ;
#5993 = DIRECTION ( 'NONE',  ( 0.000000000000000000, 0.5150380749100545996, 0.8571673007021120005 ) ) ;
#5994 = ORIENTED_EDGE ( 'NONE', *, *, #360, .F. ) ;
#5995 = LINE ( 'NONE', #6096, #4829 ) ;
#5996 = PLANE ( 'NONE',  #2326 ) ;
#5997 = ORIENTED_EDGE ( 'NONE', *, *, #4580, .T. ) ;
#5998 = DIRECTION ( 'NONE',  ( 0.000000000000000000, 0.000000000000000000, -1.000000000000000000 ) ) ;
#5999 = EDGE_CURVE ( 'NONE', #6795, #2959, #3336, .T. ) ;
#6000 = CARTESIAN_POINT ( 'NONE',  ( -62.00000000000000000, -11.50000000000000000, 41.00000000000000000 ) ) ;
#6001 = PLANE ( 'NONE',  #5189 ) ;
#6002 = ORIENTED_EDGE ( 'NONE', *, *, #4333, .F. ) ;
#6003 = LINE ( 'NONE', #3781, #1775 ) ;
#6004 = VERTEX_POINT ( 'NONE', #228 ) ;
#6005 = PRODUCT_DEFINITION_CONTEXT ( 'detailed design', #1444, 'design' ) ;
#6006 = ORIENTED_EDGE ( 'NONE', *, *, #1307, .F. ) ;
#6007 = DIRECTION ( 'NONE',  ( 0.000000000000000000, 0.000000000000000000, -1.000000000000000000 ) ) ;
#6008 = CARTESIAN_POINT ( 'NONE',  ( 49.68157383041950936, 7.394693030466752859, -35.45000000000000284 ) ) ;
#6009 = ORIENTED_EDGE ( 'NONE', *, *, #320, .F. ) ;
#6010 = FACE_BOUND ( 'NONE', #4831, .T. ) ;
#6011 = VERTEX_POINT ( 'NONE', #2331 ) ;
#6012 = ADVANCED_FACE ( 'NONE', ( #5309 ), #3774, .F. ) ;
#6013 = ORIENTED_EDGE ( 'NONE', *, *, #6022, .T. ) ;
#6014 = CARTESIAN_POINT ( 'NONE',  ( 51.62500000000000711, 7.500000000000000000, -28.49625977300445356 ) ) ;
#6015 = DIRECTION ( 'NONE',  ( -1.000000000000000000, 0.000000000000000000, 0.000000000000000000 ) ) ;
#6016 = DIRECTION ( 'NONE',  ( -1.000000000000000000, 6.036709082546134360E-16, 1.730998474588423856E-16 ) ) ;
#6017 = EDGE_CURVE ( 'NONE', #1720, #2064, #5000, .T. ) ;
#6018 = DIRECTION ( 'NONE',  ( -0.000000000000000000, -0.000000000000000000, 1.000000000000000000 ) ) ;
#6019 = DIRECTION ( 'NONE',  ( 0.000000000000000000, -0.2756373558170040483, 0.9612616959383175619 ) ) ;
#6020 = ORIENTED_EDGE ( 'NONE', *, *, #4721, .T. ) ;
#6021 = ORIENTED_EDGE ( 'NONE', *, *, #6413, .F. ) ;
#6022 = EDGE_CURVE ( 'NONE', #5658, #4681, #1275, .T. ) ;
#6023 = LINE ( 'NONE', #5439, #3609 ) ;
#6024 = CARTESIAN_POINT ( 'NONE',  ( 36.54999999999999716, 10.80000000000000426, 33.62500000000000000 ) ) ;
#6025 = ORIENTED_EDGE ( 'NONE', *, *, #6777, .T. ) ;
#6026 = DIRECTION ( 'NONE',  ( -4.226362854693271644E-13, 1.000000000000000000, -1.850371707708245689E-15 ) ) ;
#6027 = VERTEX_POINT ( 'NONE', #3801 ) ;
#6028 = DIRECTION ( 'NONE',  ( -1.000000000000000000, 6.036709082546134360E-16, 1.730998474588423856E-16 ) ) ;
#6029 = ORIENTED_EDGE ( 'NONE', *, *, #3481, .F. ) ;
#6030 = CARTESIAN_POINT ( 'NONE',  ( -3.482387728013434741E-16, 8.566080860089968496, -34.80943399447290432 ) ) ;
#6031 = LINE ( 'NONE', #733, #3621 ) ;
#6032 = EDGE_CURVE ( 'NONE', #3571, #6262, #3913, .T. ) ;
#6033 = ADVANCED_FACE ( 'NONE', ( #5929 ), #139, .F. ) ;
#6034 = PLANE ( 'NONE',  #5494 ) ;
#6035 = DIRECTION ( 'NONE',  ( -0.000000000000000000, -1.000000000000000000, -0.000000000000000000 ) ) ;
#6036 = EDGE_CURVE ( 'NONE', #1438, #3046, #1176, .T. ) ;
#6037 = ORIENTED_EDGE ( 'NONE', *, *, #2214, .F. ) ;
#6038 = ADVANCED_FACE ( 'NONE', ( #3944 ), #727, .F. ) ;
#6039 = ORIENTED_EDGE ( 'NONE', *, *, #2931, .F. ) ;
#6040 = DIRECTION ( 'NONE',  ( -0.000000000000000000, 0.9612616959383180060, 0.2756373558170021054 ) ) ;
#6041 = VECTOR ( 'NONE', #2484, 1000.000000000000000 ) ;
#6042 = CARTESIAN_POINT ( 'NONE',  ( 51.24983049629710763, 7.500000000021667113, 35.44999999999991047 ) ) ;
#6043 = DIRECTION ( 'NONE',  ( 0.000000000000000000, -0.2756373558170040483, 0.9612616959383175619 ) ) ;
#6044 = ORIENTED_EDGE ( 'NONE', *, *, #4118, .T. ) ;
#6045 = CARTESIAN_POINT ( 'NONE',  ( 61.85875721063606392, 9.699999999999974420, 33.78768939877064525 ) ) ;
#6046 = EDGE_LOOP ( 'NONE', ( #4821, #3895, #5410, #6511 ) ) ;
#6047 = AXIS2_PLACEMENT_3D ( 'NONE', #1889, #6761, #6685 ) ;
#6048 = ORIENTED_EDGE ( 'NONE', *, *, #2013, .F. ) ;
#6049 = EDGE_CURVE ( 'NONE', #1131, #1204, #659, .T. ) ;
#6050 = FACE_BOUND ( 'NONE', #5816, .T. ) ;
#6051 = LINE ( 'NONE', #786, #2729 ) ;
#6052 = CARTESIAN_POINT ( 'NONE',  ( 61.43449314192414334, 9.099999999999983658, 33.36342533005872468 ) ) ;
#6053 = VECTOR ( 'NONE', #5959, 1000.000000000000000 ) ;
#6054 = CARTESIAN_POINT ( 'NONE',  ( -51.62500000000000000, 10.53731005528969433, 18.62532512953051622 ) ) ;
#6055 = VERTEX_POINT ( 'NONE', #5444 ) ;
#6056 = ORIENTED_EDGE ( 'NONE', *, *, #2970, .T. ) ;
#6057 = VECTOR ( 'NONE', #2057, 1000.000000000000000 ) ;
#6058 = EDGE_CURVE ( 'NONE', #3715, #3032, #2764, .T. ) ;
#6059 = CARTESIAN_POINT ( 'NONE',  ( -49.87359250605705796, 7.425846034272650442, 35.49455619775029191 ) ) ;
#6060 = VERTEX_POINT ( 'NONE', #4894 ) ;
#6061 = CARTESIAN_POINT ( 'NONE',  ( 51.62500000000000000, 10.80000000000000426, -33.62500000000000000 ) ) ;
#6062 = CARTESIAN_POINT ( 'NONE',  ( 26.45000000000000284, 10.80000000000000071, -35.45000000000039364 ) ) ;
#6063 = DIRECTION ( 'NONE',  ( -1.000000000000000000, 0.000000000000000000, 0.000000000000000000 ) ) ;
#6064 = VECTOR ( 'NONE', #390, 1000.000000000000000 ) ;
#6065 = ORIENTED_EDGE ( 'NONE', *, *, #3237, .T. ) ;
#6066 = EDGE_CURVE ( 'NONE', #5843, #6445, #3320, .T. ) ;
#6067 = VERTEX_POINT ( 'NONE', #2998 ) ;
#6068 = CARTESIAN_POINT ( 'NONE',  ( 61.85875721063607102, 9.899999999999975486, 33.78768939877064525 ) ) ;
#6069 = AXIS2_PLACEMENT_3D ( 'NONE', #4170, #1535, #4137 ) ;
#6070 = EDGE_CURVE ( 'NONE', #4777, #1819, #4545, .T. ) ;
#6071 = CARTESIAN_POINT ( 'NONE',  ( -53.44999999999997442, 7.500000000000005329, -30.98922113159605018 ) ) ;
#6072 = DIRECTION ( 'NONE',  ( 1.000000000000000000, 0.000000000000000000, 0.000000000000000000 ) ) ;
#6073 = CARTESIAN_POINT ( 'NONE',  ( 53.44999999999999574, 10.80000000000000071, -26.45000000000038298 ) ) ;
#6074 = EDGE_CURVE ( 'NONE', #259, #2279, #6129, .T. ) ;
#6075 = CARTESIAN_POINT ( 'NONE',  ( -48.79638818434512615, -5.429073061943221035, 21.79638818434474601 ) ) ;
#6076 = VECTOR ( 'NONE', #4577, 1000.000000000000000 ) ;
#6077 = CARTESIAN_POINT ( 'NONE',  ( 32.06738976402689190, -0.9965637948165171345, -32.06738976402728980 ) ) ;
#6078 = AXIS2_PLACEMENT_3D ( 'NONE', #4363, #5370, #4693 ) ;
#6079 = CARTESIAN_POINT ( 'NONE',  ( 0.000000000000000000, 7.500000000000000000, -34.50374022699632093 ) ) ;
#6080 = ORIENTED_EDGE ( 'NONE', *, *, #5558, .F. ) ;
#6081 = CARTESIAN_POINT ( 'NONE',  ( -12.93261023597304415, -0.9965637948163210691, 32.06738976402656505 ) ) ;
#6082 = VERTEX_POINT ( 'NONE', #3521 ) ;
#6083 = AXIS2_PLACEMENT_3D ( 'NONE', #2653, #4781, #36 ) ;
#6084 = ORIENTED_EDGE ( 'NONE', *, *, #5192, .F. ) ;
#6085 = CARTESIAN_POINT ( 'NONE',  ( 53.44999999999999574, -11.50000000000000000, 32.06999999999990791 ) ) ;
#6086 = LINE ( 'NONE', #1266, #5512 ) ;
#6087 = DIRECTION ( 'NONE',  ( 1.000000000000000000, 0.000000000000000000, 0.000000000000000000 ) ) ;
#6088 = DIRECTION ( 'NONE',  ( -1.000000000000000000, 0.000000000000000000, 0.000000000000000000 ) ) ;
#6089 = ORIENTED_EDGE ( 'NONE', *, *, #4092, .F. ) ;
#6090 = EDGE_LOOP ( 'NONE', ( #5254, #2105, #363, #4618 ) ) ;
#6091 = LINE ( 'NONE', #6567, #3396 ) ;
#6092 = DIRECTION ( 'NONE',  ( -0.2756373558170042704, 0.9612616959383174509, 0.000000000000000000 ) ) ;
#6093 = VECTOR ( 'NONE', #3765, 1000.000000000000227 ) ;
#6094 = VERTEX_POINT ( 'NONE', #6194 ) ;
#6095 = CARTESIAN_POINT ( 'NONE',  ( -8.449999999999999289, 10.80000000000000071, 35.44999999999961204 ) ) ;
#6096 = CARTESIAN_POINT ( 'NONE',  ( 37.49625977300407698, 7.500000000000000000, 33.62500000000000000 ) ) ;
#6097 = CARTESIAN_POINT ( 'NONE',  ( 50.85609948042453965, 7.476146147014540055, -35.46433284087103743 ) ) ;
#6098 = VERTEX_POINT ( 'NONE', #2451 ) ;
#6099 = VECTOR ( 'NONE', #1726, 1000.000000000000000 ) ;
#6100 = ORIENTED_EDGE ( 'NONE', *, *, #434, .T. ) ;
#6101 = EDGE_CURVE ( 'NONE', #3030, #2659, #4605, .T. ) ;
#6102 = PLANE ( 'NONE',  #3610 ) ;
#6103 = LINE ( 'NONE', #4447, #94 ) ;
#6104 = CARTESIAN_POINT ( 'NONE',  ( 45.54999999999999005, 10.80000000000000071, 35.44999999999961204 ) ) ;
#6105 = ORIENTED_EDGE ( 'NONE', *, *, #61, .F. ) ;
#6106 = DIRECTION ( 'NONE',  ( 0.000000000000000000, -0.000000000000000000, 1.000000000000000000 ) ) ;
#6107 = LINE ( 'NONE', #3008, #539 ) ;
#6108 = PLANE ( 'NONE',  #3866 ) ;
#6109 = VERTEX_POINT ( 'NONE', #6735 ) ;
#6110 = LINE ( 'NONE', #2401, #1608 ) ;
#6111 = ORIENTED_EDGE ( 'NONE', *, *, #1145, .T. ) ;
#6112 = EDGE_CURVE ( 'NONE', #4867, #1873, #777, .T. ) ;
#6113 = VERTEX_POINT ( 'NONE', #5647 ) ;
#6114 = CARTESIAN_POINT ( 'NONE',  ( -53.44999999999999574, 7.500000000000000000, 35.44999999999998863 ) ) ;
#6115 = DIRECTION ( 'NONE',  ( -0.9612616959383181170, -0.2756373558170021609, 0.000000000000000000 ) ) ;
#6116 = CARTESIAN_POINT ( 'NONE',  ( -53.44999999999999574, 10.80000000000000071, -8.450000000000388312 ) ) ;
#6117 = EDGE_CURVE ( 'NONE', #1536, #68, #895, .T. ) ;
#6118 = EDGE_CURVE ( 'NONE', #665, #260, #3029, .T. ) ;
#6119 = FACE_OUTER_BOUND ( 'NONE', #5669, .T. ) ;
#6120 = EDGE_CURVE ( 'NONE', #2515, #2236, #6227, .T. ) ;
#6121 = VERTEX_POINT ( 'NONE', #6395 ) ;
#6122 = ADVANCED_FACE ( 'NONE', ( #4783 ), #4296, .F. ) ;
#6123 = VERTEX_POINT ( 'NONE', #3069 ) ;
#6124 = EDGE_CURVE ( 'NONE', #918, #6564, #5200, .T. ) ;
#6125 = FACE_OUTER_BOUND ( 'NONE', #3110, .T. ) ;
#6126 = CARTESIAN_POINT ( 'NONE',  ( -16.80943399447252418, 8.566080860089980931, -34.80943399447290432 ) ) ;
#6127 = CARTESIAN_POINT ( 'NONE',  ( -50.06999999999999318, 7.499999999999940492, -35.45000000000001705 ) ) ;
#6128 = CARTESIAN_POINT ( 'NONE',  ( -52.80943399447264142, 8.566080860090407256, 0.000000000000000000 ) ) ;
#6129 = LINE ( 'NONE', #274, #4104 ) ;
#6130 = ORIENTED_EDGE ( 'NONE', *, *, #393, .F. ) ;
#6131 = EDGE_LOOP ( 'NONE', ( #886, #1769, #3698, #3728 ) ) ;
#6132 = CARTESIAN_POINT ( 'NONE',  ( 46.49625977300406277, 7.500000000000000000, -33.62500000000000000 ) ) ;
#6133 = FACE_OUTER_BOUND ( 'NONE', #3257, .T. ) ;
#6134 = VERTEX_POINT ( 'NONE', #3695 ) ;
#6135 = EDGE_CURVE ( 'NONE', #6172, #271, #4197, .T. ) ;
#6136 = FACE_OUTER_BOUND ( 'NONE', #4908, .T. ) ;
#6137 = ORIENTED_EDGE ( 'NONE', *, *, #5587, .F. ) ;
#6138 = DIRECTION ( 'NONE',  ( 0.1378445374916336952, -0.9808148484639876985, 0.1378445374916336952 ) ) ;
#6139 = DIRECTION ( 'NONE',  ( 0.000000000000000000, 0.000000000000000000, -1.000000000000000000 ) ) ;
#6140 = CARTESIAN_POINT ( 'NONE',  ( 0.000000000000000000, 7.500000000000000000, 34.50374022699553933 ) ) ;
#6141 = VERTEX_POINT ( 'NONE', #3588 ) ;
#6142 = ORIENTED_EDGE ( 'NONE', *, *, #4940, .F. ) ;
#6143 = EDGE_CURVE ( 'NONE', #2153, #5188, #5815, .T. ) ;
#6144 = VERTEX_POINT ( 'NONE', #478 ) ;
#6145 = VECTOR ( 'NONE', #1161, 1000.000000000000000 ) ;
#6146 = DIRECTION ( 'NONE',  ( -0.000000000000000000, 0.000000000000000000, -1.000000000000000000 ) ) ;
#6147 = DIRECTION ( 'NONE',  ( -0.2386847610229699823, -0.8323926831162045126, -0.5001519828512264176 ) ) ;
#6148 = CARTESIAN_POINT ( 'NONE',  ( 50.06999999999696627, 7.300000000021168667, 32.06999999999991502 ) ) ;
#6149 = FACE_OUTER_BOUND ( 'NONE', #6212, .T. ) ;
#6150 = DIRECTION ( 'NONE',  ( 1.000000000000000000, 0.000000000000000000, -0.000000000000000000 ) ) ;
#6151 = VECTOR ( 'NONE', #3186, 1000.000000000000000 ) ;
#6152 = VERTEX_POINT ( 'NONE', #962 ) ;
#6153 = ORIENTED_EDGE ( 'NONE', *, *, #2133, .T. ) ;
#6154 = EDGE_CURVE ( 'NONE', #260, #6055, #552, .T. ) ;
#6155 = VECTOR ( 'NONE', #98, 1000.000000000000000 ) ;
#6156 = DIRECTION ( 'NONE',  ( 0.000000000000000000, 0.000000000000000000, -1.000000000000000000 ) ) ;
#6157 = CARTESIAN_POINT ( 'NONE',  ( 24.62500000000000000, 10.80000000000000426, 33.62500000000000000 ) ) ;
#6158 = EDGE_CURVE ( 'NONE', #6196, #2129, #3665, .T. ) ;
#6159 = DIRECTION ( 'NONE',  ( -0.000000000000000000, 1.000000000000000000, -0.000000000000000000 ) ) ;
#6160 = EDGE_CURVE ( 'NONE', #749, #4451, #3178, .T. ) ;
#6161 = CARTESIAN_POINT ( 'NONE',  ( -51.62500000000000000, 10.80000000000000426, 33.62500000000000000 ) ) ;
#6162 = EDGE_LOOP ( 'NONE', ( #1314, #370, #2740, #5456 ) ) ;
#6163 = ORIENTED_EDGE ( 'NONE', *, *, #1402, .F. ) ;
#6164 = VECTOR ( 'NONE', #5992, 1000.000000000000000 ) ;
#6165 = VECTOR ( 'NONE', #2162, 1000.000000000000114 ) ;
#6166 = ORIENTED_EDGE ( 'NONE', *, *, #6331, .F. ) ;
#6167 = VECTOR ( 'NONE', #2857, 1000.000000000000114 ) ;
#6168 = PLANE ( 'NONE',  #1855 ) ;
#6169 = CARTESIAN_POINT ( 'NONE',  ( 52.80943399447264852, 8.566080860090409033, 7.809433994472265717 ) ) ;
#6170 = PLANE ( 'NONE',  #3107 ) ;
#6171 = AXIS2_PLACEMENT_3D ( 'NONE', #3676, #6712, #461 ) ;
#6172 = VERTEX_POINT ( 'NONE', #5713 ) ;
#6173 = CARTESIAN_POINT ( 'NONE',  ( 0.000000000000000000, 7.500000000000000000, 16.50374022699554644 ) ) ;
#6174 = DIRECTION ( 'NONE',  ( 0.2756373558170042704, 0.9612616959383174509, 0.000000000000000000 ) ) ;
#6175 = FACE_OUTER_BOUND ( 'NONE', #1409, .T. ) ;
#6176 = CARTESIAN_POINT ( 'NONE',  ( 0.000000000000000000, 10.80000000000000071, 33.62500000000000000 ) ) ;
#6177 = ORIENTED_EDGE ( 'NONE', *, *, #2881, .F. ) ;
#6178 = VECTOR ( 'NONE', #6376, 1000.000000000000000 ) ;
#6179 = ORIENTED_EDGE ( 'NONE', *, *, #937, .T. ) ;
#6180 = ORIENTED_EDGE ( 'NONE', *, *, #4599, .F. ) ;
#6181 = VECTOR ( 'NONE', #1099, 1000.000000000000000 ) ;
#6182 = DIRECTION ( 'NONE',  ( -0.2756373558170039373, 0.9612616959383174509, 0.000000000000000000 ) ) ;
#6183 = CARTESIAN_POINT ( 'NONE',  ( -26.45000000000000284, 10.80000000000000071, -27.55000000000038796 ) ) ;
#6184 = DIRECTION ( 'NONE',  ( 0.000000000000000000, 0.000000000000000000, -1.000000000000000000 ) ) ;
#6185 = DIRECTION ( 'NONE',  ( 0.2657276780299913099, -0.9267025424900799946, 0.2657276780299913099 ) ) ;
#6186 = AXIS2_PLACEMENT_3D ( 'NONE', #6079, #743, #3300 ) ;
#6187 = ORIENTED_EDGE ( 'NONE', *, *, #3250, .T. ) ;
#6188 = EDGE_LOOP ( 'NONE', ( #2475, #5382, #4796, #5912 ) ) ;
#6189 = VECTOR ( 'NONE', #6720, 1000.000000000000000 ) ;
#6190 = DIRECTION ( 'NONE',  ( -0.000000000000000000, 0.1391731009600706559, -0.9902680687415695848 ) ) ;
#6191 = CARTESIAN_POINT ( 'NONE',  ( 7.503740226995923912, 7.500000000000000000, 0.000000000000000000 ) ) ;
#6192 = DIRECTION ( 'NONE',  ( 1.000000000000000000, 0.000000000000000000, 0.000000000000000000 ) ) ;
#6193 = CARTESIAN_POINT ( 'NONE',  ( -51.62500000000000000, 7.500000000000000000, 25.50374022699553578 ) ) ;
#6194 = CARTESIAN_POINT ( 'NONE',  ( 62.00000000000000711, -11.50000000000000000, -33.99999999999998579 ) ) ;
#6195 = ORIENTED_EDGE ( 'NONE', *, *, #5328, .T. ) ;
#6196 = VERTEX_POINT ( 'NONE', #6772 ) ;
#6197 = ORIENTED_EDGE ( 'NONE', *, *, #4758, .T. ) ;
#6198 = AXIS2_PLACEMENT_3D ( 'NONE', #2774, #3328, #116 ) ;
#6199 = PLANE ( 'NONE',  #5961 ) ;
#6200 = DIRECTION ( 'NONE',  ( 0.000000000000000000, 0.000000000000000000, 1.000000000000000000 ) ) ;
#6201 = DIRECTION ( 'NONE',  ( -0.2657276780299911434, 0.9267025424900801056, 0.2657276780299911434 ) ) ;
#6202 = AXIS2_PLACEMENT_3D ( 'NONE', #6501, #5475, #728 ) ;
#6203 = EDGE_CURVE ( 'NONE', #20, #5600, #1103, .T. ) ;
#6204 = EDGE_CURVE ( 'NONE', #1930, #6152, #2071, .T. ) ;
#6205 = EDGE_CURVE ( 'NONE', #4395, #3117, #2172, .T. ) ;
#6206 = ORIENTED_EDGE ( 'NONE', *, *, #2465, .F. ) ;
#6207 = DIRECTION ( 'NONE',  ( -1.000000000000000000, -8.917574327783688856E-16, -0.000000000000000000 ) ) ;
#6208 = DIRECTION ( 'NONE',  ( -1.000000000000000000, 0.000000000000000000, 0.000000000000000000 ) ) ;
#6209 = LINE ( 'NONE', #1567, #419 ) ;
#6210 = CARTESIAN_POINT ( 'NONE',  ( -35.44999999999999574, 10.80000000000000071, -35.45000000000039364 ) ) ;
#6211 = ORIENTED_EDGE ( 'NONE', *, *, #1402, .T. ) ;
#6212 = EDGE_LOOP ( 'NONE', ( #5598, #2411, #4105, #2979 ) ) ;
#6213 = PLANE ( 'NONE',  #3528 ) ;
#6214 = CARTESIAN_POINT ( 'NONE',  ( 0.5500000000000088152, 82.98258077199005811, -35.45000000000000284 ) ) ;
#6215 = DIRECTION ( 'NONE',  ( 0.000000000000000000, 0.000000000000000000, -1.000000000000000000 ) ) ;
#6216 = ORIENTED_EDGE ( 'NONE', *, *, #3693, .F. ) ;
#6217 = PLANE ( 'NONE',  #2712 ) ;
#6218 = CARTESIAN_POINT ( 'NONE',  ( 61.43449314192414334, 7.500000000000000000, 33.36342533005872468 ) ) ;
#6219 = EDGE_LOOP ( 'NONE', ( #4574, #5021, #142, #5076 ) ) ;
#6220 = ADVANCED_FACE ( 'NONE', ( #1558 ), #6333, .F. ) ;
#6221 = ORIENTED_EDGE ( 'NONE', *, *, #6415, .F. ) ;
#6222 = CARTESIAN_POINT ( 'NONE',  ( 51.62500000000000000, 10.80000000000000071, 0.000000000000000000 ) ) ;
#6223 = CARTESIAN_POINT ( 'NONE',  ( -53.46435837459258522, 7.476103651765652280, 32.85564796837653034 ) ) ;
#6224 = CARTESIAN_POINT ( 'NONE',  ( 61.43449314192414334, 10.49999999999999822, -33.36342533005872468 ) ) ;
#6225 = DIRECTION ( 'NONE',  ( 0.000000000000000000, 0.000000000000000000, 1.000000000000000000 ) ) ;
#6226 = FACE_OUTER_BOUND ( 'NONE', #2340, .T. ) ;
#6227 = LINE ( 'NONE', #1481, #4224 ) ;
#6228 = ORIENTED_EDGE ( 'NONE', *, *, #3784, .F. ) ;
#6229 = ORIENTED_EDGE ( 'NONE', *, *, #2376, .F. ) ;
#6230 = ORIENTED_EDGE ( 'NONE', *, *, #1830, .F. ) ;
#6231 = CARTESIAN_POINT ( 'NONE',  ( 16.50374022699593013, 7.500000000000000000, 33.62500000000000000 ) ) ;
#6232 = DIRECTION ( 'NONE',  ( -0.000000000000000000, -0.000000000000000000, -1.000000000000000000 ) ) ;
#6233 = DIRECTION ( 'NONE',  ( -0.8164965809277230369, -0.5773502691896301720, 0.000000000000000000 ) ) ;
#6234 = VERTEX_POINT ( 'NONE', #6260 ) ;
#6235 = EDGE_CURVE ( 'NONE', #3684, #799, #6363, .T. ) ;
#6236 = LINE ( 'NONE', #460, #5282 ) ;
#6237 = CARTESIAN_POINT ( 'NONE',  ( 53.45431025209737186, 7.492826535870596771, -33.05233482180428695 ) ) ;
#6238 = ADVANCED_FACE ( 'NONE', ( #5340 ), #5300, .F. ) ;
#6239 = CARTESIAN_POINT ( 'NONE',  ( 36.62532512953089281, 10.53731005528972986, -33.62500000000000000 ) ) ;
#6240 = DIRECTION ( 'NONE',  ( 2.052927190505096322E-15, 0.000000000000000000, 1.000000000000000000 ) ) ;
#6241 = EDGE_CURVE ( 'NONE', #2499, #2503, #585, .T. ) ;
#6242 = EDGE_CURVE ( 'NONE', #6564, #3631, #5755, .T. ) ;
#6243 = VERTEX_POINT ( 'NONE', #3109 ) ;
#6244 = EDGE_LOOP ( 'NONE', ( #4839, #4906, #2596, #3967 ) ) ;
#6245 = DIRECTION ( 'NONE',  ( -0.2657276780299911434, 0.9267025424900801056, 0.2657276780299911434 ) ) ;
#6246 = CARTESIAN_POINT ( 'NONE',  ( 8.449999999999999289, 10.80000000000000071, 35.44999999999961204 ) ) ;
#6247 = DIRECTION ( 'NONE',  ( -0.000000000000000000, -0.000000000000000000, 1.000000000000000000 ) ) ;
#6248 = VERTEX_POINT ( 'NONE', #5232 ) ;
#6249 = CARTESIAN_POINT ( 'NONE',  ( -51.62500000000000000, 10.80000000000000426, -33.62500000000000000 ) ) ;
#6250 = CARTESIAN_POINT ( 'NONE',  ( -51.24983049630018428, 7.500000000000007105, 35.45000000000000995 ) ) ;
#6251 = ORIENTED_EDGE ( 'NONE', *, *, #4615, .F. ) ;
#6252 = ORIENTED_EDGE ( 'NONE', *, *, #6656, .T. ) ;
#6253 = FACE_OUTER_BOUND ( 'NONE', #684, .T. ) ;
#6254 = CARTESIAN_POINT ( 'NONE',  ( 37.49625977300406987, 7.500000000000000000, 0.000000000000000000 ) ) ;
#6255 = DIRECTION ( 'NONE',  ( 0.9612616959383175619, -0.2756373558170040483, 0.000000000000000000 ) ) ;
#6256 = AXIS2_PLACEMENT_3D ( 'NONE', #1377, #2941, #5557 ) ;
#6257 = LINE ( 'NONE', #2547, #3500 ) ;
#6258 = VECTOR ( 'NONE', #6373, 1000.000000000000114 ) ;
#6259 = LINE ( 'NONE', #408, #1509 ) ;
#6260 = CARTESIAN_POINT ( 'NONE',  ( 51.62500000000000000, 10.53731005528970144, -8.374674870469480226 ) ) ;
#6261 = ORIENTED_EDGE ( 'NONE', *, *, #2118, .T. ) ;
#6262 = VERTEX_POINT ( 'NONE', #514 ) ;
#6263 = ORIENTED_EDGE ( 'NONE', *, *, #3564, .F. ) ;
#6264 = VECTOR ( 'NONE', #5290, 1000.000000000000114 ) ;
#6265 = EDGE_CURVE ( 'NONE', #2409, #5441, #2616, .T. ) ;
#6266 = VECTOR ( 'NONE', #1513, 1000.000000000000114 ) ;
#6267 = LINE ( 'NONE', #4757, #865 ) ;
#6268 = ADVANCED_FACE ( 'NONE', ( #2267 ), #650, .T. ) ;
#6269 = FACE_OUTER_BOUND ( 'NONE', #3339, .T. ) ;
#6270 = VECTOR ( 'NONE', #5059, 1000.000000000000000 ) ;
#6271 = VECTOR ( 'NONE', #4677, 1000.000000000000000 ) ;
#6272 = LINE ( 'NONE', #4655, #3541 ) ;
#6273 = ORIENTED_EDGE ( 'NONE', *, *, #4593, .T. ) ;
#6274 = VECTOR ( 'NONE', #5888, 1000.000000000000000 ) ;
#6275 = DIRECTION ( 'NONE',  ( -0.7071067811865475727, 0.000000000000000000, 0.7071067811865475727 ) ) ;
#6276 = CARTESIAN_POINT ( 'NONE',  ( 53.46435837458149365, 7.476103651784076654, -32.85564796837759616 ) ) ;
#6277 = EDGE_CURVE ( 'NONE', #3935, #2259, #3868, .T. ) ;
#6278 = DIRECTION ( 'NONE',  ( 0.000000000000000000, 0.000000000000000000, 1.000000000000000000 ) ) ;
#6279 = DIRECTION ( 'NONE',  ( -0.000000000000000000, 0.000000000000000000, 1.000000000000000000 ) ) ;
#6280 = VECTOR ( 'NONE', #4130, 1000.000000000000114 ) ;
#6281 = ORIENTED_EDGE ( 'NONE', *, *, #1546, .F. ) ;
#6282 = ORIENTED_EDGE ( 'NONE', *, *, #4686, .T. ) ;
#6283 = CARTESIAN_POINT ( 'NONE',  ( 27.54999999999999005, 10.80000000000000071, -35.45000000000039364 ) ) ;
#6284 = VECTOR ( 'NONE', #1376, 1000.000000000000000 ) ;
#6285 = LINE ( 'NONE', #1573, #3181 ) ;
#6286 = DIRECTION ( 'NONE',  ( 0.5000000000000036637, -0.7071067811865446862, -0.5000000000000006661 ) ) ;
#6287 = ORIENTED_EDGE ( 'NONE', *, *, #1211, .T. ) ;
#6288 = CARTESIAN_POINT ( 'NONE',  ( 55.00000000000000000, 0.000000000000000000, -41.00000000000000000 ) ) ;
#6289 = DIRECTION ( 'NONE',  ( -1.000000000000000000, 0.000000000000000000, 0.000000000000000000 ) ) ;
#6290 = EDGE_LOOP ( 'NONE', ( #3123, #2666, #1387, #3629 ) ) ;
#6291 = ORIENTED_EDGE ( 'NONE', *, *, #2168, .T. ) ;
#6292 = VECTOR ( 'NONE', #2947, 1000.000000000000000 ) ;
#6293 = LINE ( 'NONE', #6798, #405 ) ;
#6294 = CARTESIAN_POINT ( 'NONE',  ( -16.80943399447276576, 8.566080860090860227, 34.80943399447237852 ) ) ;
#6295 = DIRECTION ( 'NONE',  ( 0.2386847610229711203, -0.8323926831162092865, 0.5001519828512179799 ) ) ;
#6296 = VECTOR ( 'NONE', #2201, 1000.000000000000114 ) ;
#6297 = DIRECTION ( 'NONE',  ( -1.000000000000000000, -0.000000000000000000, -0.000000000000000000 ) ) ;
#6298 = DIRECTION ( 'NONE',  ( 1.000000000000000000, 0.000000000000000000, -0.000000000000000000 ) ) ;
#6299 = VERTEX_POINT ( 'NONE', #4358 ) ;
#6300 = ORIENTED_EDGE ( 'NONE', *, *, #648, .F. ) ;
#6301 = ORIENTED_EDGE ( 'NONE', *, *, #1332, .F. ) ;
#6302 = VECTOR ( 'NONE', #6650, 1000.000000000000000 ) ;
#6303 = ORIENTED_EDGE ( 'NONE', *, *, #6135, .T. ) ;
#6304 = DIRECTION ( 'NONE',  ( 0.9612616959383174509, -0.2756373558170042704, 0.000000000000000000 ) ) ;
#6305 = FACE_OUTER_BOUND ( 'NONE', #3730, .T. ) ;
#6306 = DIRECTION ( 'NONE',  ( 0.000000000000000000, 0.000000000000000000, -1.000000000000000000 ) ) ;
#6307 = EDGE_CURVE ( 'NONE', #4739, #451, #3828, .T. ) ;
#6308 = LINE ( 'NONE', #5830, #5599 ) ;
#6309 = FACE_OUTER_BOUND ( 'NONE', #3840, .T. ) ;
#6310 = AXIS2_PLACEMENT_3D ( 'NONE', #2796, #5511, #3388 ) ;
#6311 = ORIENTED_EDGE ( 'NONE', *, *, #4575, .T. ) ;
#6312 = EDGE_CURVE ( 'NONE', #4871, #4739, #2235, .T. ) ;
#6313 = VERTEX_POINT ( 'NONE', #3905 ) ;
#6314 = ADVANCED_FACE ( 'NONE', ( #682 ), #5989, .F. ) ;
#6315 = ORIENTED_EDGE ( 'NONE', *, *, #2135, .F. ) ;
#6316 = LINE ( 'NONE', #3612, #6189 ) ;
#6317 = DIRECTION ( 'NONE',  ( -0.000000000000000000, 1.000000000000000000, 0.000000000000000000 ) ) ;
#6318 = DIRECTION ( 'NONE',  ( 0.000000000000000000, 0.000000000000000000, -1.000000000000000000 ) ) ;
#6319 = ORIENTED_EDGE ( 'NONE', *, *, #2465, .T. ) ;
#6320 = EDGE_CURVE ( 'NONE', #6067, #6512, #1167, .T. ) ;
#6321 = CARTESIAN_POINT ( 'NONE',  ( 53.88039450307226730, 12.30096400656391253, 18.11960549692733480 ) ) ;
#6322 = FACE_OUTER_BOUND ( 'NONE', #3810, .T. ) ;
#6323 = ORIENTED_EDGE ( 'NONE', *, *, #4227, .F. ) ;
#6324 = ORIENTED_EDGE ( 'NONE', *, *, #3373, .T. ) ;
#6325 = CARTESIAN_POINT ( 'NONE',  ( 27.55000000000000782, 10.79999999999999716, 33.62500000000000000 ) ) ;
#6326 = CARTESIAN_POINT ( 'NONE',  ( -50.06999999999999318, 7.500000000000000000, 35.45000000000000284 ) ) ;
#6327 = ADVANCED_FACE ( 'NONE', ( #3343 ), #2788, .F. ) ;
#6328 = CARTESIAN_POINT ( 'NONE',  ( -29.37500000000000000, 10.53731005528972631, -33.62500000000000000 ) ) ;
#6329 = EDGE_CURVE ( 'NONE', #4307, #459, #6432, .T. ) ;
#6330 = EDGE_CURVE ( 'NONE', #4993, #4804, #1787, .T. ) ;
#6331 = EDGE_CURVE ( 'NONE', #5248, #4157, #160, .T. ) ;
#6332 = PLANE ( 'NONE',  #396 ) ;
#6333 = PLANE ( 'NONE',  #1112 ) ;
#6334 = ORIENTED_EDGE ( 'NONE', *, *, #3469, .F. ) ;
#6335 = ADVANCED_FACE ( 'NONE', ( #1238 ), #2715, .F. ) ;
#6336 = ORIENTED_EDGE ( 'NONE', *, *, #1361, .F. ) ;
#6337 = ORIENTED_EDGE ( 'NONE', *, *, #6694, .F. ) ;
#6338 = ORIENTED_EDGE ( 'NONE', *, *, #377, .F. ) ;
#6339 = CARTESIAN_POINT ( 'NONE',  ( 0.5499999999999949374, 10.80000000000000071, 35.44999999999961204 ) ) ;
#6340 = CARTESIAN_POINT ( 'NONE',  ( -40.07937528197223997, 29.75245638442227047, -31.88452941702865573 ) ) ;
#6341 = LINE ( 'NONE', #2665, #6528 ) ;
#6342 = EDGE_CURVE ( 'NONE', #4413, #1495, #3275, .T. ) ;
#6343 = VERTEX_POINT ( 'NONE', #5454 ) ;
#6344 = LINE ( 'NONE', #1593, #5274 ) ;
#6345 = LINE ( 'NONE', #48, #535 ) ;
#6346 = EDGE_CURVE ( 'NONE', #4245, #3907, #6003, .T. ) ;
#6347 = CARTESIAN_POINT ( 'NONE',  ( -2.375000000000005773, 10.53731005528969078, -33.62500000000000000 ) ) ;
#6348 = ORIENTED_EDGE ( 'NONE', *, *, #2952, .F. ) ;
#6349 = ORIENTED_EDGE ( 'NONE', *, *, #5981, .T. ) ;
#6350 = EDGE_LOOP ( 'NONE', ( #5496, #855, #4378, #3845 ) ) ;
#6351 = FACE_OUTER_BOUND ( 'NONE', #5201, .T. ) ;
#6352 = DIRECTION ( 'NONE',  ( 0.000000000000000000, 0.000000000000000000, 1.000000000000000000 ) ) ;
#6353 = ORIENTED_EDGE ( 'NONE', *, *, #6561, .F. ) ;
#6354 = FACE_OUTER_BOUND ( 'NONE', #1005, .T. ) ;
#6355 = CARTESIAN_POINT ( 'NONE',  ( -11.73571359999212405, 22.25864506693675438, -26.58211138907232041 ) ) ;
#6356 = ORIENTED_EDGE ( 'NONE', *, *, #2529, .T. ) ;
#6357 = EDGE_CURVE ( 'NONE', #4396, #6727, #1152, .T. ) ;
#6358 = CARTESIAN_POINT ( 'NONE',  ( -39.93261023597309389, -0.9965637948165171345, -32.06738976402728980 ) ) ;
#6359 = DIRECTION ( 'NONE',  ( -0.000000000000000000, -1.000000000000000000, 1.850371707708594366E-15 ) ) ;
#6360 = CARTESIAN_POINT ( 'NONE',  ( -57.99999999999999289, 9.499999999999998224, 8.000000000000000000 ) ) ;
#6361 = EDGE_CURVE ( 'NONE', #6141, #2059, #3256, .T. ) ;
#6362 = FACE_OUTER_BOUND ( 'NONE', #4297, .T. ) ;
#6363 = LINE ( 'NONE', #1520, #4997 ) ;
#6364 = VERTEX_POINT ( 'NONE', #4450 ) ;
#6365 = ORIENTED_EDGE ( 'NONE', *, *, #1107, .T. ) ;
#6366 = ORIENTED_EDGE ( 'NONE', *, *, #1245, .F. ) ;
#6367 = EDGE_CURVE ( 'NONE', #6445, #1414, #738, .T. ) ;
#6368 = DIRECTION ( 'NONE',  ( 0.000000000000000000, -0.9612616959383180060, 0.2756373558170021054 ) ) ;
#6369 = LINE ( 'NONE', #5443, #1065 ) ;
#6370 = CARTESIAN_POINT ( 'NONE',  ( 53.44999999999696172, 7.300000000022597746, 32.06999999999990791 ) ) ;
#6371 = VECTOR ( 'NONE', #6232, 1000.000000000000000 ) ;
#6372 = VERTEX_POINT ( 'NONE', #2187 ) ;
#6373 = DIRECTION ( 'NONE',  ( 0.2756373558170042704, 0.9612616959383174509, 0.000000000000000000 ) ) ;
#6374 = AXIS2_PLACEMENT_3D ( 'NONE', #961, #860, #342 ) ;
#6375 = CARTESIAN_POINT ( 'NONE',  ( 7.809433994472765761, 8.566080860090860227, 34.80943399447237852 ) ) ;
#6376 = DIRECTION ( 'NONE',  ( 1.000000000000000000, 0.000000000000000000, 0.000000000000000000 ) ) ;
#6377 = EDGE_LOOP ( 'NONE', ( #2761, #569, #1641, #257, #6755, #1506, #4732, #1884, #2163, #6179, #3255, #1836, #4527, #707, #5482, #1263, #5223, #5151, #1944, #2154, #4587, #2514, #2739, #1229, #1400, #6702, #3819, #944, #1749, #5275, #854, #3124, #913, #2117, #6634, #3168 ) ) ;
#6378 = ORIENTED_EDGE ( 'NONE', *, *, #6330, .F. ) ;
#6379 = VECTOR ( 'NONE', #6710, 1000.000000000000114 ) ;
#6380 = ORIENTED_EDGE ( 'NONE', *, *, #534, .F. ) ;
#6381 = LINE ( 'NONE', #4836, #3759 ) ;
#6382 = LINE ( 'NONE', #1190, #3054 ) ;
#6383 = FACE_OUTER_BOUND ( 'NONE', #6498, .T. ) ;
#6384 = ORIENTED_EDGE ( 'NONE', *, *, #3916, .F. ) ;
#6385 = CARTESIAN_POINT ( 'NONE',  ( 51.62500000000000711, 7.500000000000000000, -10.49625977300445356 ) ) ;
#6386 = VECTOR ( 'NONE', #5426, 1000.000000000000000 ) ;
#6387 = FACE_OUTER_BOUND ( 'NONE', #5453, .T. ) ;
#6388 = CARTESIAN_POINT ( 'NONE',  ( -53.45000000000000284, 7.470323631736343728, 31.28908881655493346 ) ) ;
#6389 = VERTEX_POINT ( 'NONE', #2802 ) ;
#6390 = VECTOR ( 'NONE', #2388, 1000.000000000000227 ) ;
#6391 = DIRECTION ( 'NONE',  ( 1.000000000000000000, 0.000000000000000000, 0.000000000000000000 ) ) ;
#6392 = DIRECTION ( 'NONE',  ( 1.000000000000000000, 0.000000000000000000, 0.000000000000000000 ) ) ;
#6393 = CARTESIAN_POINT ( 'NONE',  ( -45.54999999999999005, 10.80000000000000426, -33.62500000000000000 ) ) ;
#6394 = CARTESIAN_POINT ( 'NONE',  ( -51.33839134370869317, 3.435945472310292459, -15.33839134370908219 ) ) ;
#6395 = CARTESIAN_POINT ( 'NONE',  ( 1.190566005527358584, 8.566080860090394822, -34.80943399447265563 ) ) ;
#6396 = VECTOR ( 'NONE', #3671, 1000.000000000000000 ) ;
#6397 = ORIENTED_EDGE ( 'NONE', *, *, #4227, .T. ) ;
#6398 = ORIENTED_EDGE ( 'NONE', *, *, #1307, .T. ) ;
#6399 = B_SPLINE_CURVE_WITH_KNOTS ( 'NONE', 3,
 ( #3885, #6071, #6505, #3397, #1771, #4019, #2906, #1827, #5036, #316, #3466, #6546, #5519, #1871 ),
 .UNSPECIFIED., .F., .F.,
 ( 4, 2, 2, 2, 2, 2, 4 ),
 ( 0.000000000000000000, 0.0002963748339482654977, 0.0005927496678965309953, 0.001185499335793081506, 0.001778249003689631909, 0.002074623837637918061, 0.002370998671586204646 ),
 .UNSPECIFIED. ) ;
#6400 = VECTOR ( 'NONE', #3385, 1000.000000000000114 ) ;
#6401 = LINE ( 'NONE', #1663, #1076 ) ;
#6402 = CARTESIAN_POINT ( 'NONE',  ( 53.49456638520214824, 7.425829079505555264, -32.26605971237673032 ) ) ;
#6403 = EDGE_CURVE ( 'NONE', #6082, #3219, #2737, .T. ) ;
#6404 = CARTESIAN_POINT ( 'NONE',  ( -40.07937528197222576, 29.75245638442229179, -4.884529417028623755 ) ) ;
#6405 = PLANE ( 'NONE',  #3265 ) ;
#6406 = EDGE_CURVE ( 'NONE', #2706, #781, #6442, .T. ) ;
#6407 = ORIENTED_EDGE ( 'NONE', *, *, #2719, .T. ) ;
#6408 = DIRECTION ( 'NONE',  ( -0.2386847610229711480, 0.8323926831162093976, -0.5001519828512178689 ) ) ;
#6409 = VECTOR ( 'NONE', #5017, 1000.000000000000114 ) ;
#6410 = DIRECTION ( 'NONE',  ( -0.000000000000000000, 0.000000000000000000, 1.000000000000000000 ) ) ;
#6411 = ADVANCED_FACE ( 'NONE', ( #3293 ), #5420, .F. ) ;
#6412 = DIRECTION ( 'NONE',  ( -0.2657276780299913099, -0.9267025424900799946, 0.2657276780299913099 ) ) ;
#6413 = EDGE_CURVE ( 'NONE', #5983, #6313, #1802, .T. ) ;
#6414 = EDGE_LOOP ( 'NONE', ( #3315, #3650, #1928, #6380 ) ) ;
#6415 = EDGE_CURVE ( 'NONE', #3856, #1195, #1774, .T. ) ;
#6416 = DIRECTION ( 'NONE',  ( -0.000000000000000000, -0.000000000000000000, 1.000000000000000000 ) ) ;
#6417 = EDGE_CURVE ( 'NONE', #6445, #2524, #3889, .T. ) ;
#6418 = ORIENTED_EDGE ( 'NONE', *, *, #2673, .F. ) ;
#6419 = VECTOR ( 'NONE', #809, 999.9999999999998863 ) ;
#6420 = LINE ( 'NONE', #670, #1833 ) ;
#6421 = CARTESIAN_POINT ( 'NONE',  ( -40.07937528197223287, 29.75245638442227047, 31.88452941702787058 ) ) ;
#6422 = CARTESIAN_POINT ( 'NONE',  ( 53.24489371323143416, 10.08470937300070069, -9.755106286768945978 ) ) ;
#6423 = ORIENTED_EDGE ( 'NONE', *, *, #2573, .F. ) ;
#6424 = LINE ( 'NONE', #639, #5948 ) ;
#6425 = ORIENTED_EDGE ( 'NONE', *, *, #2661, .F. ) ;
#6426 = VECTOR ( 'NONE', #77, 1000.000000000000114 ) ;
#6427 = LINE ( 'NONE', #6358, #1511 ) ;
#6428 = DIRECTION ( 'NONE',  ( 0.2657276780299913099, -0.9267025424900799946, 0.2657276780299913099 ) ) ;
#6429 = LINE ( 'NONE', #4256, #4203 ) ;
#6430 = EDGE_CURVE ( 'NONE', #2434, #1930, #4314, .T. ) ;
#6431 = DIRECTION ( 'NONE',  ( 0.000000000000000000, 0.000000000000000000, -1.000000000000000000 ) ) ;
#6432 = LINE ( 'NONE', #755, #1442 ) ;
#6433 = VERTEX_POINT ( 'NONE', #178 ) ;
#6434 = ORIENTED_EDGE ( 'NONE', *, *, #3806, .F. ) ;
#6435 = CARTESIAN_POINT ( 'NONE',  ( 45.54999999999999005, 10.80000000000000071, -35.45000000000039364 ) ) ;
#6436 = CARTESIAN_POINT ( 'NONE',  ( 24.26428640000788306, 22.25864506693673306, 26.58211138907234528 ) ) ;
#6437 = CARTESIAN_POINT ( 'NONE',  ( -36.54999999999999005, 10.80000000000000426, -33.62500000000000000 ) ) ;
#6438 = DIRECTION ( 'NONE',  ( 1.000000000000000000, 0.000000000000000000, 0.000000000000000000 ) ) ;
#6439 = LINE ( 'NONE', #3805, #5936 ) ;
#6440 = CARTESIAN_POINT ( 'NONE',  ( -42.26428640000787595, 22.25864506693675082, 26.58211138907232041 ) ) ;
#6441 = ORIENTED_EDGE ( 'NONE', *, *, #393, .T. ) ;
#6442 = LINE ( 'NONE', #4935, #5769 ) ;
#6443 = ORIENTED_EDGE ( 'NONE', *, *, #276, .F. ) ;
#6444 = ADVANCED_FACE ( 'NONE', ( #2322 ), #666, .F. ) ;
#6445 = VERTEX_POINT ( 'NONE', #2286 ) ;
#6446 = EDGE_CURVE ( 'NONE', #115, #6512, #687, .T. ) ;
#6447 = ADVANCED_FACE ( 'NONE', ( #5522 ), #2698, .F. ) ;
#6448 = CARTESIAN_POINT ( 'NONE',  ( -51.62500000000000711, 7.500000000000000000, -19.49625977300444646 ) ) ;
#6449 = PLANE ( 'NONE',  #1401 ) ;
#6450 = CARTESIAN_POINT ( 'NONE',  ( 0.000000000000000000, 7.500000000000000000, 34.50374022699553933 ) ) ;
#6451 = EDGE_CURVE ( 'NONE', #6123, #4552, #2249, .T. ) ;
#6452 = EDGE_LOOP ( 'NONE', ( #2093, #1910, #1467, #553 ) ) ;
#6453 = CARTESIAN_POINT ( 'NONE',  ( -51.62500000000000711, 7.500000000000000000, -16.50374022699632093 ) ) ;
#6454 = ORIENTED_EDGE ( 'NONE', *, *, #6101, .F. ) ;
#6455 = CARTESIAN_POINT ( 'NONE',  ( 45.54999999999999005, 10.80000000000000426, 33.62500000000000000 ) ) ;
#6456 = LINE ( 'NONE', #4952, #1299 ) ;
#6457 = CARTESIAN_POINT ( 'NONE',  ( -51.62500000000000711, 7.500000000000000000, -10.49625977300445356 ) ) ;
#6458 = FACE_OUTER_BOUND ( 'NONE', #5003, .T. ) ;
#6459 = ORIENTED_EDGE ( 'NONE', *, *, #4362, .T. ) ;
#6460 = ORIENTED_EDGE ( 'NONE', *, *, #2529, .F. ) ;
#6461 = CARTESIAN_POINT ( 'NONE',  ( -34.50374022699593013, 7.500000000000000000, -33.62500000000000000 ) ) ;
#6462 = ORIENTED_EDGE ( 'NONE', *, *, #1553, .T. ) ;
#6463 = DIRECTION ( 'NONE',  ( -0.4578768884082908830, -0.7620351108204154178, -0.4578768884082909940 ) ) ;
#6464 = ORIENTED_EDGE ( 'NONE', *, *, #6357, .T. ) ;
#6465 = VECTOR ( 'NONE', #5779, 1000.000000000000000 ) ;
#6466 = DIRECTION ( 'NONE',  ( -1.000000000000000000, -0.000000000000000000, -0.000000000000000000 ) ) ;
#6467 = ADVANCED_FACE ( 'NONE', ( #2841 ), #4345, .F. ) ;
#6468 = FACE_OUTER_BOUND ( 'NONE', #3792, .T. ) ;
#6469 = LINE ( 'NONE', #3398, #6832 ) ;
#6470 = ORIENTED_EDGE ( 'NONE', *, *, #6739, .T. ) ;
#6471 = AXIS2_PLACEMENT_3D ( 'NONE', #3561, #6813, #3115 ) ;
#6472 = VECTOR ( 'NONE', #4931, 1000.000000000000000 ) ;
#6473 = DIRECTION ( 'NONE',  ( 1.000000000000000000, 0.000000000000000000, 0.000000000000000000 ) ) ;
#6474 = ORIENTED_EDGE ( 'NONE', *, *, #5930, .T. ) ;
#6475 = ORIENTED_EDGE ( 'NONE', *, *, #5194, .T. ) ;
#6476 = VECTOR ( 'NONE', #368, 1000.000000000000000 ) ;
#6477 = VECTOR ( 'NONE', #3204, 1000.000000000000000 ) ;
#6478 = CARTESIAN_POINT ( 'NONE',  ( 0.000000000000000000, 7.500000000000000000, -34.50374022699632093 ) ) ;
#6479 = FACE_OUTER_BOUND ( 'NONE', #6715, .T. ) ;
#6480 = FACE_OUTER_BOUND ( 'NONE', #5258, .T. ) ;
#6481 = ORIENTED_EDGE ( 'NONE', *, *, #6158, .T. ) ;
#6482 = DIRECTION ( 'NONE',  ( -0.000000000000000000, -0.000000000000000000, 1.000000000000000000 ) ) ;
#6483 = AXIS2_PLACEMENT_3D ( 'NONE', #6173, #1424, #3534 ) ;
#6484 = VERTEX_POINT ( 'NONE', #1935 ) ;
#6485 = VERTEX_POINT ( 'NONE', #3529 ) ;
#6486 = DIRECTION ( 'NONE',  ( 0.000000000000000000, 0.000000000000000000, -1.000000000000000000 ) ) ;
#6487 = VECTOR ( 'NONE', #3162, 1000.000000000000000 ) ;
#6488 = DIRECTION ( 'NONE',  ( 0.2657276780299913099, -0.9267025424900799946, 0.2657276780299913099 ) ) ;
#6489 = CARTESIAN_POINT ( 'NONE',  ( -51.62500000000000000, 7.500000000000000000, 16.50374022699554644 ) ) ;
#6490 = CARTESIAN_POINT ( 'NONE',  ( 18.54999999999999716, 10.80000000000000071, 35.44999999999961204 ) ) ;
#6491 = DIRECTION ( 'NONE',  ( 1.000000000000000000, 4.458787163891844428E-16, 0.000000000000000000 ) ) ;
#6492 = ORIENTED_EDGE ( 'NONE', *, *, #6158, .F. ) ;
#6493 = ORIENTED_EDGE ( 'NONE', *, *, #614, .F. ) ;
#6494 = AXIS2_PLACEMENT_3D ( 'NONE', #3493, #6778, #5720 ) ;
#6495 = EDGE_CURVE ( 'NONE', #2098, #155, #285, .T. ) ;
#6496 = CARTESIAN_POINT ( 'NONE',  ( 26.45000000000000284, 7.500000000000000000, 35.45000000000000995 ) ) ;
#6497 = AXIS2_PLACEMENT_3D ( 'NONE', #1355, #1939, #874 ) ;
#6498 = EDGE_LOOP ( 'NONE', ( #6153, #2553, #6311, #557 ) ) ;
#6499 = LINE ( 'NONE', #2381, #5379 ) ;
#6500 = DIRECTION ( 'NONE',  ( -0.000000000000000000, -0.000000000000000000, 1.000000000000000000 ) ) ;
#6501 = CARTESIAN_POINT ( 'NONE',  ( 125.9492894348812371, 10.53731005528967657, 33.62500000000000000 ) ) ;
#6502 = ORIENTED_EDGE ( 'NONE', *, *, #3310, .F. ) ;
#6503 = AXIS2_PLACEMENT_3D ( 'NONE', #5889, #3824, #3136 ) ;
#6504 = CARTESIAN_POINT ( 'NONE',  ( -10.49625977300407165, 7.500000000000000000, 0.000000000000000000 ) ) ;
#6505 = CARTESIAN_POINT ( 'NONE',  ( -53.45431025210944398, 7.492826535850517722, -31.08766517819615061 ) ) ;
#6506 = CARTESIAN_POINT ( 'NONE',  ( 9.550000000000002487, 10.80000000000000071, 35.44999999999961204 ) ) ;
#6507 = LINE ( 'NONE', #1831, #1613 ) ;
#6508 = VECTOR ( 'NONE', #637, 1000.000000000000000 ) ;
#6509 = ADVANCED_FACE ( 'NONE', ( #3498 ), #1353, .T. ) ;
#6510 = DIRECTION ( 'NONE',  ( -0.7071067811865452413, 0.000000000000000000, 0.7071067811865497932 ) ) ;
#6511 = ORIENTED_EDGE ( 'NONE', *, *, #2621, .T. ) ;
#6512 = VERTEX_POINT ( 'NONE', #6614 ) ;
#6513 = VECTOR ( 'NONE', #5666, 1000.000000000000000 ) ;
#6514 = DIRECTION ( 'NONE',  ( 0.000000000000000000, 0.000000000000000000, -1.000000000000000000 ) ) ;
#6515 = CARTESIAN_POINT ( 'NONE',  ( 49.87310577141657575, 7.425863025112428240, 35.49454598862379129 ) ) ;
#6516 = CARTESIAN_POINT ( 'NONE',  ( -50.06999999999999318, 7.499999999999947597, -32.07000000000001450 ) ) ;
#6517 = EDGE_CURVE ( 'NONE', #5288, #4178, #2393, .T. ) ;
#6518 = ORIENTED_EDGE ( 'NONE', *, *, #887, .F. ) ;
#6519 = FACE_OUTER_BOUND ( 'NONE', #4756, .T. ) ;
#6520 = ORIENTED_EDGE ( 'NONE', *, *, #5558, .T. ) ;
#6521 = EDGE_CURVE ( 'NONE', #2418, #5448, #1458, .T. ) ;
#6522 = ORIENTED_EDGE ( 'NONE', *, *, #614, .T. ) ;
#6523 = VECTOR ( 'NONE', #6491, 1000.000000000000000 ) ;
#6524 = PLANE ( 'NONE',  #3311 ) ;
#6525 = CARTESIAN_POINT ( 'NONE',  ( 53.47033225577012416, 7.466161443891881078, 31.38258968330717735 ) ) ;
#6526 = DIRECTION ( 'NONE',  ( 0.2756373558170040483, -0.9612616959383175619, 0.000000000000000000 ) ) ;
#6527 = ADVANCED_FACE ( 'NONE', ( #5584 ), #5621, .F. ) ;
#6528 = VECTOR ( 'NONE', #418, 1000.000000000000114 ) ;
#6529 = CARTESIAN_POINT ( 'NONE',  ( -18.54999999999999716, 10.80000000000000426, -33.62500000000000000 ) ) ;
#6530 = CARTESIAN_POINT ( 'NONE',  ( -53.44999999999999574, 7.500000000000007105, -35.45000000000003126 ) ) ;
#6531 = VERTEX_POINT ( 'NONE', #4058 ) ;
#6532 = ORIENTED_EDGE ( 'NONE', *, *, #4824, .T. ) ;
#6533 = EDGE_CURVE ( 'NONE', #1677, #2059, #6580, .T. ) ;
#6534 = ADVANCED_FACE ( 'NONE', ( #2458 ), #6170, .F. ) ;
#6535 = LINE ( 'NONE', #5506, #6053 ) ;
#6536 = DIRECTION ( 'NONE',  ( 1.000000000000000000, 0.000000000000000000, 0.000000000000000000 ) ) ;
#6537 = ADVANCED_FACE ( 'NONE', ( #252 ), #3562, .T. ) ;
#6538 = ORIENTED_EDGE ( 'NONE', *, *, #1741, .F. ) ;
#6539 = EDGE_CURVE ( 'NONE', #821, #700, #869, .T. ) ;
#6540 = LINE ( 'NONE', #2902, #5710 ) ;
#6541 = DIRECTION ( 'NONE',  ( -0.000000000000000000, -0.000000000000000000, 1.000000000000000000 ) ) ;
#6542 = B_SPLINE_CURVE_WITH_KNOTS ( 'NONE', 3,
 ( #4230, #3692, #5812, #1064, #2167, #3176 ),
 .UNSPECIFIED., .F., .F.,
 ( 4, 2, 4 ),
 ( -1.162755363908752765E-05, 0.0005878214856383738975, 0.001187270524915835443 ),
 .UNSPECIFIED. ) ;
#6543 = LINE ( 'NONE', #3463, #3215 ) ;
#6544 = ORIENTED_EDGE ( 'NONE', *, *, #2855, .T. ) ;
#6545 = LINE ( 'NONE', #5035, #1614 ) ;
#6546 = CARTESIAN_POINT ( 'NONE',  ( -53.45429975683256885, 7.492844002924456071, -33.05258873239817774 ) ) ;
#6547 = DIRECTION ( 'NONE',  ( 0.2756373558170040483, 0.9612616959383175619, 0.000000000000000000 ) ) ;
#6548 = ORIENTED_EDGE ( 'NONE', *, *, #5999, .F. ) ;
#6549 = CARTESIAN_POINT ( 'NONE',  ( -48.93261023597304415, -0.9965637948163210691, 32.06738976402656505 ) ) ;
#6550 = ORIENTED_EDGE ( 'NONE', *, *, #3785, .T. ) ;
#6551 = ADVANCED_FACE ( 'NONE', ( #4482 ), #1834, .T. ) ;
#6552 = CARTESIAN_POINT ( 'NONE',  ( 35.44999999999999574, 10.80000000000000071, -27.55000000000038796 ) ) ;
#6553 = DIRECTION ( 'NONE',  ( 1.000000000000000000, 0.000000000000000000, 0.000000000000000000 ) ) ;
#6554 = ORIENTED_EDGE ( 'NONE', *, *, #1135, .T. ) ;
#6555 = CARTESIAN_POINT ( 'NONE',  ( 53.44999999999999574, -11.50000000000000000, -32.07000000000007134 ) ) ;
#6556 = ORIENTED_EDGE ( 'NONE', *, *, #322, .T. ) ;
#6557 = EDGE_LOOP ( 'NONE', ( #6273, #5483, #2227, #4140 ) ) ;
#6558 = CARTESIAN_POINT ( 'NONE',  ( -53.44999999999999574, 7.500000000000007105, -35.45000000000003126 ) ) ;
#6559 = CARTESIAN_POINT ( 'NONE',  ( 40.07937528197223287, 29.75245638442227047, 22.11547058297135138 ) ) ;
#6560 = LINE ( 'NONE', #1851, #990 ) ;
#6561 = EDGE_CURVE ( 'NONE', #1277, #4762, #4554, .T. ) ;
#6562 = CARTESIAN_POINT ( 'NONE',  ( 27.54999999999999005, 10.80000000000000071, 35.44999999999961204 ) ) ;
#6563 = ORIENTED_EDGE ( 'NONE', *, *, #2118, .F. ) ;
#6564 = VERTEX_POINT ( 'NONE', #5559 ) ;
#6565 = EDGE_CURVE ( 'NONE', #2716, #2418, #2909, .T. ) ;
#6566 = ADVANCED_FACE ( 'NONE', ( #2944 ), #5072, .F. ) ;
#6567 = CARTESIAN_POINT ( 'NONE',  ( 57.89895923599141980, 7.500000000000000000, -36.89895923599146954 ) ) ;
#6568 = CARTESIAN_POINT ( 'NONE',  ( 57.89895923599141980, 9.099999999999983658, -36.89895923599146954 ) ) ;
#6569 = VERTEX_POINT ( 'NONE', #4022 ) ;
#6570 = CARTESIAN_POINT ( 'NONE',  ( -53.44999999999999574, 7.299999999999999822, 32.07000000000000028 ) ) ;
#6571 = LINE ( 'NONE', #1312, #3038 ) ;
#6572 = ORIENTED_EDGE ( 'NONE', *, *, #4597, .F. ) ;
#6573 = ADVANCED_FACE ( 'NONE', ( #6136 ), #5101, .F. ) ;
#6574 = CARTESIAN_POINT ( 'NONE',  ( 6.964775456032752413E-16, 8.566080860090870885, 34.80943399447237852 ) ) ;
#6575 = VERTEX_POINT ( 'NONE', #5793 ) ;
#6576 = CARTESIAN_POINT ( 'NONE',  ( -51.62500000000000000, 10.80000000000000071, 0.000000000000000000 ) ) ;
#6577 = FACE_OUTER_BOUND ( 'NONE', #2325, .T. ) ;
#6578 = DIRECTION ( 'NONE',  ( -0.000000000000000000, 0.000000000000000000, 1.000000000000000000 ) ) ;
#6579 = LINE ( 'NONE', #2456, #4051 ) ;
#6580 = LINE ( 'NONE', #6075, #3101 ) ;
#6581 = ORIENTED_EDGE ( 'NONE', *, *, #1713, .T. ) ;
#6582 = AXIS2_PLACEMENT_3D ( 'NONE', #5510, #1793, #4015 ) ;
#6583 = LINE ( 'NONE', #5661, #2955 ) ;
#6584 = DIRECTION ( 'NONE',  ( 0.000000000000000000, 0.000000000000000000, -1.000000000000000000 ) ) ;
#6585 = ORIENTED_EDGE ( 'NONE', *, *, #4814, .T. ) ;
#6586 = CARTESIAN_POINT ( 'NONE',  ( -6.264286400007882172, 22.25864506693675793, 26.58211138907232751 ) ) ;
#6587 = VERTEX_POINT ( 'NONE', #1530 ) ;
#6588 = AXIS2_PLACEMENT_3D ( 'NONE', #1916, #4035, #1397 ) ;
#6589 = VECTOR ( 'NONE', #2835, 1000.000000000000000 ) ;
#6590 = VERTEX_POINT ( 'NONE', #3636 ) ;
#6591 = DIRECTION ( 'NONE',  ( -0.000000000000000000, -0.2756373558170042704, -0.9612616959383174509 ) ) ;
#6592 = CARTESIAN_POINT ( 'NONE',  ( 9.550000000000002487, 10.80000000000000071, -27.55000000000038796 ) ) ;
#6593 = LINE ( 'NONE', #717, #2202 ) ;
#6594 = VECTOR ( 'NONE', #1515, 1000.000000000000000 ) ;
#6595 = VECTOR ( 'NONE', #1752, 1000.000000000000227 ) ;
#6596 = DIRECTION ( 'NONE',  ( -0.000000000000000000, -0.2756373558170042704, -0.9612616959383174509 ) ) ;
#6597 = ORIENTED_EDGE ( 'NONE', *, *, #5533, .F. ) ;
#6598 = ORIENTED_EDGE ( 'NONE', *, *, #3957, .F. ) ;
#6599 = VECTOR ( 'NONE', #2225, 1000.000000000000000 ) ;
#6600 = CARTESIAN_POINT ( 'NONE',  ( -50.06999999999999318, 7.425846034272650442, 35.49455619775029191 ) ) ;
#6601 = ORIENTED_EDGE ( 'NONE', *, *, #3952, .T. ) ;
#6602 = DIRECTION ( 'NONE',  ( 0.000000000000000000, -0.2756373558170023830, 0.9612616959383180060 ) ) ;
#6603 = CARTESIAN_POINT ( 'NONE',  ( -52.80943399447264852, 8.566080860090401927, 1.190566005526966675 ) ) ;
#6604 = CARTESIAN_POINT ( 'NONE',  ( 49.38258968329945020, 7.466161443889519411, -35.47033225577154525 ) ) ;
#6605 = VECTOR ( 'NONE', #1900, 1000.000000000000000 ) ;
#6606 = ORIENTED_EDGE ( 'NONE', *, *, #3806, .T. ) ;
#6607 = VERTEX_POINT ( 'NONE', #5169 ) ;
#6608 = CARTESIAN_POINT ( 'NONE',  ( 50.06738976402694874, -0.9965637948163210691, 32.06738976402656505 ) ) ;
#6609 = VECTOR ( 'NONE', #2690, 1000.000000000000000 ) ;
#6610 = LINE ( 'NONE', #6132, #3410 ) ;
#6611 = FACE_OUTER_BOUND ( 'NONE', #5367, .T. ) ;
#6612 = EDGE_CURVE ( 'NONE', #2677, #2190, #1045, .T. ) ;
#6613 = ORIENTED_EDGE ( 'NONE', *, *, #5864, .T. ) ;
#6614 = CARTESIAN_POINT ( 'NONE',  ( -53.44999999999999574, 7.500000000000007105, -30.89016950369980918 ) ) ;
#6615 = VECTOR ( 'NONE', #5090, 1000.000000000000000 ) ;
#6616 = ORIENTED_EDGE ( 'NONE', *, *, #5492, .F. ) ;
#6617 = EDGE_CURVE ( 'NONE', #694, #2098, #6341, .T. ) ;
#6618 = PLANE ( 'NONE',  #4313 ) ;
#6619 = EDGE_CURVE ( 'NONE', #6098, #6575, #4687, .T. ) ;
#6620 = EDGE_CURVE ( 'NONE', #878, #2293, #5725, .T. ) ;
#6621 = VECTOR ( 'NONE', #2858, 1000.000000000000114 ) ;
#6622 = CARTESIAN_POINT ( 'NONE',  ( 52.80943399447264142, 8.566080860090407256, -16.80943399447302866 ) ) ;
#6623 = ADVANCED_FACE ( 'NONE', ( #1591 ), #3673, .F. ) ;
#6624 = ORIENTED_EDGE ( 'NONE', *, *, #2344, .F. ) ;
#6625 = DIRECTION ( 'NONE',  ( -0.7071067811865452413, 0.000000000000000000, 0.7071067811865497932 ) ) ;
#6626 = VERTEX_POINT ( 'NONE', #3078 ) ;
#6627 = VECTOR ( 'NONE', #4422, 1000.000000000000114 ) ;
#6628 = ORIENTED_EDGE ( 'NONE', *, *, #5236, .T. ) ;
#6629 = FACE_OUTER_BOUND ( 'NONE', #501, .T. ) ;
#6630 = CARTESIAN_POINT ( 'NONE',  ( 17.45000000000000639, 10.80000000000000426, -33.62500000000000000 ) ) ;
#6631 = CARTESIAN_POINT ( 'NONE',  ( -51.62500000000000000, 10.80000000000000426, -33.62500000000000000 ) ) ;
#6632 = PLANE ( 'NONE',  #6047 ) ;
#6633 = PLANE ( 'NONE',  #2392 ) ;
#6634 = ORIENTED_EDGE ( 'NONE', *, *, #4633, .F. ) ;
#6635 = ORIENTED_EDGE ( 'NONE', *, *, #5030, .T. ) ;
#6636 = DIRECTION ( 'NONE',  ( -0.2386847610229713423, 0.8323926831162092865, 0.5001519828512179799 ) ) ;
#6637 = EDGE_CURVE ( 'NONE', #6646, #1521, #3037, .T. ) ;
#6638 = LINE ( 'NONE', #4013, #6400 ) ;
#6639 = VECTOR ( 'NONE', #2103, 1000.000000000000114 ) ;
#6640 = PLANE ( 'NONE',  #2820 ) ;
#6641 = LINE ( 'NONE', #1821, #1825 ) ;
#6642 = ORIENTED_EDGE ( 'NONE', *, *, #692, .T. ) ;
#6643 = ORIENTED_EDGE ( 'NONE', *, *, #1546, .T. ) ;
#6644 = CARTESIAN_POINT ( 'NONE',  ( 32.06738976402694874, -0.9965637948163210691, 32.06738976402656505 ) ) ;
#6645 = CARTESIAN_POINT ( 'NONE',  ( 19.49625977300406632, 7.500000000000000000, 0.000000000000000000 ) ) ;
#6646 = VERTEX_POINT ( 'NONE', #2522 ) ;
#6647 = EDGE_CURVE ( 'NONE', #2564, #2409, #2439, .T. ) ;
#6648 = DIRECTION ( 'NONE',  ( 0.000000000000000000, -1.000000000000000000, 0.000000000000000000 ) ) ;
#6649 = FACE_OUTER_BOUND ( 'NONE', #2572, .T. ) ;
#6650 = DIRECTION ( 'NONE',  ( -1.000000000000000000, -0.000000000000000000, -0.000000000000000000 ) ) ;
#6651 = ORIENTED_EDGE ( 'NONE', *, *, #1041, .F. ) ;
#6652 = EDGE_CURVE ( 'NONE', #1351, #5333, #3704, .T. ) ;
#6653 = EDGE_LOOP ( 'NONE', ( #5160, #4239, #864, #5265 ) ) ;
#6654 = ORIENTED_EDGE ( 'NONE', *, *, #1145, .F. ) ;
#6655 = EDGE_CURVE ( 'NONE', #4853, #4024, #6272, .T. ) ;
#6656 = EDGE_CURVE ( 'NONE', #4735, #5726, #971, .T. ) ;
#6657 = FACE_OUTER_BOUND ( 'NONE', #4234, .T. ) ;
#6658 = LINE ( 'NONE', #2893, #1635 ) ;
#6659 = DIRECTION ( 'NONE',  ( -0.000000000000000000, 1.000000000000000000, 0.000000000000000000 ) ) ;
#6660 = PLANE ( 'NONE',  #6588 ) ;
#6661 = ORIENTED_EDGE ( 'NONE', *, *, #2644, .F. ) ;
#6662 = ORIENTED_EDGE ( 'NONE', *, *, #3859, .T. ) ;
#6663 = LINE ( 'NONE', #1923, #956 ) ;
#6664 = FACE_OUTER_BOUND ( 'NONE', #3790, .T. ) ;
#6665 = LINE ( 'NONE', #4043, #5592 ) ;
#6666 = CARTESIAN_POINT ( 'NONE',  ( 0.000000000000000000, 7.500000000000000000, 34.50374022699553933 ) ) ;
#6667 = DIRECTION ( 'NONE',  ( -1.000000000000000000, 0.000000000000000000, 0.000000000000000000 ) ) ;
#6668 = EDGE_LOOP ( 'NONE', ( #6407, #4070, #6809, #3122 ) ) ;
#6669 = EDGE_LOOP ( 'NONE', ( #6554, #1853, #5401, #3427 ) ) ;
#6670 = LINE ( 'NONE', #1418, #4522 ) ;
#6671 = PLANE ( 'NONE',  #1644 ) ;
#6672 = CARTESIAN_POINT ( 'NONE',  ( -19.49625977300406632, 7.500000000000000000, 0.000000000000000000 ) ) ;
#6673 = DIRECTION ( 'NONE',  ( 0.000000000000000000, 0.1391731009600706559, 0.9902680687415695848 ) ) ;
#6674 = CARTESIAN_POINT ( 'NONE',  ( 51.62500000000000000, 7.500000000000000000, -1.496259773004451787 ) ) ;
#6675 = LINE ( 'NONE', #5040, #3515 ) ;
#6676 = DIRECTION ( 'NONE',  ( -1.000000000000000000, -0.000000000000000000, -0.000000000000000000 ) ) ;
#6677 = LINE ( 'NONE', #3472, #661 ) ;
#6678 = ORIENTED_EDGE ( 'NONE', *, *, #2120, .F. ) ;
#6679 = ORIENTED_EDGE ( 'NONE', *, *, #3056, .F. ) ;
#6680 = ORIENTED_EDGE ( 'NONE', *, *, #372, .F. ) ;
#6681 = VECTOR ( 'NONE', #5389, 1000.000000000000000 ) ;
#6682 = CARTESIAN_POINT ( 'NONE',  ( 125.9492894348812371, 10.80000000000000426, 33.62500000000000000 ) ) ;
#6683 = DIRECTION ( 'NONE',  ( -0.000000000000000000, -1.000000000000000000, -0.000000000000000000 ) ) ;
#6684 = LINE ( 'NONE', #3018, #1426 ) ;
#6685 = DIRECTION ( 'NONE',  ( 1.000000000000000000, 0.000000000000000000, -0.000000000000000000 ) ) ;
#6686 = AXIS2_PLACEMENT_3D ( 'NONE', #4860, #4759, #11 ) ;
#6687 = VERTEX_POINT ( 'NONE', #4760 ) ;
#6688 = VECTOR ( 'NONE', #6007, 1000.000000000000000 ) ;
#6689 = ORIENTED_EDGE ( 'NONE', *, *, #378, .T. ) ;
#6690 = AXIS2_PLACEMENT_3D ( 'NONE', #2102, #584, #4850 ) ;
#6691 = LINE ( 'NONE', #338, #5065 ) ;
#6693 = DIRECTION ( 'NONE',  ( 0.4999999999999902855, -0.7071067811865670016, -0.4999999999999821254 ) ) ;
#6692 = AXIS2_PLACEMENT_3D ( 'NONE', #5707, #5810, #1062 ) ;
#6694 = EDGE_CURVE ( 'NONE', #1930, #4191, #2010, .T. ) ;
#6695 = EDGE_CURVE ( 'NONE', #6134, #3935, #2626, .T. ) ;
#6696 = LINE ( 'NONE', #2449, #5283 ) ;
#6697 = CARTESIAN_POINT ( 'NONE',  ( -62.00000000000000000, 7.500000000000000000, -41.00000000000000000 ) ) ;
#6698 = ORIENTED_EDGE ( 'NONE', *, *, #268, .F. ) ;
#6699 = ADVANCED_FACE ( 'NONE', ( #1628 ), #4718, .F. ) ;
#6700 = EDGE_LOOP ( 'NONE', ( #2324, #3287, #3578, #4862, #1020, #5178, #3071, #2445, #5043, #4128, #1545, #542, #4992, #642, #2550, #4287, #1070, #6006, #2900, #545, #4463, #6356, #6823, #243, #1854, #6216, #2726, #6760, #1232, #1571, #6481, #3149, #2038, #3490, #5573, #3480, #1585, #3411, #4269, #4260, #1748, #4691, #5371, #6251, #5103, #2072, #1452, #4031, #5202, #2113, #5734, #2085 ) ) ;
#6701 = VECTOR ( 'NONE', #3769, 1000.000000000000000 ) ;
#6702 = ORIENTED_EDGE ( 'NONE', *, *, #2126, .T. ) ;
#6703 = VECTOR ( 'NONE', #818, 1000.000000000000000 ) ;
#6704 = CARTESIAN_POINT ( 'NONE',  ( 56.48474567361831333, 9.499999999999980460, -35.48474567361837018 ) ) ;
#6705 = DIRECTION ( 'NONE',  ( -0.9612616959383174509, -0.2756373558170042704, 0.000000000000000000 ) ) ;
#6706 = CARTESIAN_POINT ( 'NONE',  ( 17.37467487046910719, 10.53731005528969433, -33.62500000000000000 ) ) ;
#6707 = DIRECTION ( 'NONE',  ( -0.000000000000000000, -0.2756373558170042704, -0.9612616959383174509 ) ) ;
#6708 = VECTOR ( 'NONE', #976, 1000.000000000000114 ) ;
#6709 = ORIENTED_EDGE ( 'NONE', *, *, #5741, .F. ) ;
#6710 = DIRECTION ( 'NONE',  ( 0.2657276780299913099, -0.9267025424900799946, 0.2657276780299913099 ) ) ;
#6711 = LINE ( 'NONE', #4621, #6292 ) ;
#6712 = DIRECTION ( 'NONE',  ( 0.000000000000000000, -0.2756373558170040483, 0.9612616959383175619 ) ) ;
#6713 = ADVANCED_FACE ( 'NONE', ( #13 ), #6748, .T. ) ;
#6714 = CARTESIAN_POINT ( 'NONE',  ( 8.449999999999999289, 10.80000000000000426, -33.62500000000000000 ) ) ;
#6715 = EDGE_LOOP ( 'NONE', ( #5463, #3619, #6252, #4445 ) ) ;
#6716 = VECTOR ( 'NONE', #6547, 999.9999999999998863 ) ;
#6717 = ORIENTED_EDGE ( 'NONE', *, *, #5107, .T. ) ;
#6718 = ORIENTED_EDGE ( 'NONE', *, *, #5778, .T. ) ;
#6719 = VECTOR ( 'NONE', #4891, 1000.000000000000114 ) ;
#6720 = DIRECTION ( 'NONE',  ( 1.000000000000000000, 3.018354541273066194E-16, -8.654992372942126676E-17 ) ) ;
#6721 = CARTESIAN_POINT ( 'NONE',  ( -50.06999999999999318, 7.500000000000000000, 32.07000000000000028 ) ) ;
#6722 = DIRECTION ( 'NONE',  ( 1.000000000000000000, 4.226463853452367178E-13, 0.000000000000000000 ) ) ;
#6723 = ORIENTED_EDGE ( 'NONE', *, *, #5874, .F. ) ;
#6724 = CARTESIAN_POINT ( 'NONE',  ( 26.37467487046910009, 10.53731005528967657, -33.62500000000000000 ) ) ;
#6725 = CARTESIAN_POINT ( 'NONE',  ( 28.19056600552734793, 8.566080860090384164, -34.80943399447265563 ) ) ;
#6726 = AXIS2_PLACEMENT_3D ( 'NONE', #1325, #4911, #710 ) ;
#6727 = VERTEX_POINT ( 'NONE', #3187 ) ;
#6728 = VERTEX_POINT ( 'NONE', #560 ) ;
#6729 = DIRECTION ( 'NONE',  ( -0.7071067811865474617, 0.000000000000000000, 0.7071067811865474617 ) ) ;
#6730 = AXIS2_PLACEMENT_3D ( 'NONE', #6516, #910, #5731 ) ;
#6731 = LINE ( 'NONE', #2067, #2945 ) ;
#6732 = LINE ( 'NONE', #5155, #2415 ) ;
#6733 = DIRECTION ( 'NONE',  ( 0.7071067811865474617, 0.000000000000000000, -0.7071067811865474617 ) ) ;
#6734 = FACE_OUTER_BOUND ( 'NONE', #986, .T. ) ;
#6735 = CARTESIAN_POINT ( 'NONE',  ( 45.62532512953090702, 10.53731005528967479, 33.62500000000000000 ) ) ;
#6736 = ORIENTED_EDGE ( 'NONE', *, *, #1915, .F. ) ;
#6737 = ORIENTED_EDGE ( 'NONE', *, *, #3659, .T. ) ;
#6738 = ADVANCED_FACE ( 'NONE', ( #3597 ), #5208, .F. ) ;
#6739 = EDGE_CURVE ( 'NONE', #1578, #515, #5866, .T. ) ;
#6740 = ORIENTED_EDGE ( 'NONE', *, *, #5813, .F. ) ;
#6741 = AXIS2_PLACEMENT_3D ( 'NONE', #903, #6106, #3470 ) ;
#6742 = EDGE_CURVE ( 'NONE', #3012, #6144, #5413, .T. ) ;
#6743 = EDGE_CURVE ( 'NONE', #459, #4787, #3880, .T. ) ;
#6744 = LINE ( 'NONE', #2006, #6280 ) ;
#6745 = CARTESIAN_POINT ( 'NONE',  ( 0.000000000000000000, 7.500000000000000000, 25.50374022699553578 ) ) ;
#6746 = LINE ( 'NONE', #2008, #6041 ) ;
#6747 = DIRECTION ( 'NONE',  ( 0.2657276780299913099, -0.9267025424900799946, 0.2657276780299913099 ) ) ;
#6748 = TOROIDAL_SURFACE ( 'NONE', #789, 3.580000000000000959, 0.2000000000000000111 ) ;
#6749 = ORIENTED_EDGE ( 'NONE', *, *, #2244, .T. ) ;
#6750 = CARTESIAN_POINT ( 'NONE',  ( 58.32322330470334748, 9.899999999999975486, 37.32322330470339011 ) ) ;
#6751 = DIRECTION ( 'NONE',  ( 0.000000000000000000, 0.000000000000000000, -1.000000000000000000 ) ) ;
#6752 = DIRECTION ( 'NONE',  ( 0.000000000000000000, 0.000000000000000000, -1.000000000000000000 ) ) ;
#6753 = LINE ( 'NONE', #2018, #3987 ) ;
#6754 = ORIENTED_EDGE ( 'NONE', *, *, #2365, .T. ) ;
#6755 = ORIENTED_EDGE ( 'NONE', *, *, #898, .T. ) ;
#6756 = ORIENTED_EDGE ( 'NONE', *, *, #3338, .F. ) ;
#6757 = LINE ( 'NONE', #2021, #4432 ) ;
#6758 = DIRECTION ( 'NONE',  ( 0.000000000000000000, 0.000000000000000000, -1.000000000000000000 ) ) ;
#6759 = LINE ( 'NONE', #2441, #5759 ) ;
#6760 = ORIENTED_EDGE ( 'NONE', *, *, #6346, .T. ) ;
#6761 = DIRECTION ( 'NONE',  ( 0.000000000000000000, -0.000000000000000000, 1.000000000000000000 ) ) ;
#6762 = DIRECTION ( 'NONE',  ( -0.2756373558170039373, 0.9612616959383174509, 0.000000000000000000 ) ) ;
#6763 = ORIENTED_EDGE ( 'NONE', *, *, #2932, .T. ) ;
#6764 = EDGE_CURVE ( 'NONE', #459, #4071, #4443, .T. ) ;
#6765 = ORIENTED_EDGE ( 'NONE', *, *, #2423, .T. ) ;
#6766 = EDGE_CURVE ( 'NONE', #6094, #5288, #2181, .T. ) ;
#6767 = DIRECTION ( 'NONE',  ( -1.000000000000000000, 0.000000000000000000, 0.000000000000000000 ) ) ;
#6768 = PLANE ( 'NONE',  #4619 ) ;
#6769 = LINE ( 'NONE', #997, #5305 ) ;
#6770 = LINE ( 'NONE', #407, #5611 ) ;
#6771 = FACE_OUTER_BOUND ( 'NONE', #4930, .T. ) ;
#6772 = CARTESIAN_POINT ( 'NONE',  ( -45.62532512953087860, 10.53731005528974229, -33.62500000000000000 ) ) ;
#6773 = ORIENTED_EDGE ( 'NONE', *, *, #6361, .F. ) ;
#6774 = EDGE_CURVE ( 'NONE', #821, #93, #5965, .T. ) ;
#6775 = ORIENTED_EDGE ( 'NONE', *, *, #6451, .T. ) ;
#6776 = ORIENTED_EDGE ( 'NONE', *, *, #3449, .T. ) ;
#6777 = EDGE_CURVE ( 'NONE', #2434, #6825, #3249, .T. ) ;
#6778 = DIRECTION ( 'NONE',  ( -4.226362854693271644E-13, 1.000000000000000000, 3.488628514275818012E-28 ) ) ;
#6779 = CARTESIAN_POINT ( 'NONE',  ( -54.49999999999997868, 10.79999999999989235, 36.49999999999959499 ) ) ;
#6780 = DIRECTION ( 'NONE',  ( 0.000000000000000000, -0.2756373558170042704, 0.9612616959383174509 ) ) ;
#6781 = CARTESIAN_POINT ( 'NONE',  ( 53.45000000000000284, 7.394693030473227680, 31.68157383042517239 ) ) ;
#6782 = EDGE_LOOP ( 'NONE', ( #6105, #3656, #2482, #5974 ) ) ;
#6783 = CARTESIAN_POINT ( 'NONE',  ( 52.42887829972521274, 25.53679663750741469, 34.42887829972480773 ) ) ;
#6784 = PLANE ( 'NONE',  #6078 ) ;
#6785 = LINE ( 'NONE', #2048, #5733 ) ;
#6786 = CARTESIAN_POINT ( 'NONE',  ( -54.49999999999997868, 10.79999999999989235, -36.50000000000039080 ) ) ;
#6787 = ORIENTED_EDGE ( 'NONE', *, *, #4581, .F. ) ;
#6788 = VERTEX_POINT ( 'NONE', #140 ) ;
#6789 = ORIENTED_EDGE ( 'NONE', *, *, #486, .F. ) ;
#6790 = LINE ( 'NONE', #983, #1106 ) ;
#6791 = DIRECTION ( 'NONE',  ( -1.000000000000000000, -8.917574327783688856E-16, -0.000000000000000000 ) ) ;
#6792 = ORIENTED_EDGE ( 'NONE', *, *, #5560, .F. ) ;
#6793 = DIRECTION ( 'NONE',  ( -1.000000000000000000, 0.000000000000000000, 0.000000000000000000 ) ) ;
#6794 = CARTESIAN_POINT ( 'NONE',  ( 36.62532512953091413, 10.53731005528968367, 33.62500000000000000 ) ) ;
#6795 = VERTEX_POINT ( 'NONE', #3321 ) ;
#6796 = VERTEX_POINT ( 'NONE', #1694 ) ;
#6797 = VECTOR ( 'NONE', #3879, 1000.000000000000000 ) ;
#6798 = CARTESIAN_POINT ( 'NONE',  ( 61.43449314192414334, 10.49999999999999822, 33.36342533005872468 ) ) ;
#6799 = B_SPLINE_CURVE_WITH_KNOTS ( 'NONE', 3,
 ( #1318, #1872, #5556, #3991, #2907, #5037 ),
 .UNSPECIFIED., .F., .F.,
 ( 4, 2, 4 ),
 ( 0.000000000000000000, 0.0005992726689026622953, 0.001198545337805324591 ),
 .UNSPECIFIED. ) ;
#6800 = CARTESIAN_POINT ( 'NONE',  ( 51.62500000000000711, 10.53731005528969256, -9.625325129531285384 ) ) ;
#6801 = FACE_OUTER_BOUND ( 'NONE', #4753, .T. ) ;
#6802 = VECTOR ( 'NONE', #3218, 1000.000000000000114 ) ;
#6803 = ADVANCED_FACE ( 'NONE', ( #5374 ), #5996, .F. ) ;
#6804 = AXIS2_PLACEMENT_3D ( 'NONE', #6504, #3883, #5998 ) ;
#6805 = CARTESIAN_POINT ( 'NONE',  ( -51.62500000000000000, 10.80000000000000426, -27.55000000000038796 ) ) ;
#6806 = DIRECTION ( 'NONE',  ( -3.469446951953605354E-14, -1.000000000000000000, 0.000000000000000000 ) ) ;
#6807 = ORIENTED_EDGE ( 'NONE', *, *, #3859, .F. ) ;
#6808 = VERTEX_POINT ( 'NONE', #693 ) ;
#6809 = ORIENTED_EDGE ( 'NONE', *, *, #6826, .F. ) ;
#6810 = AXIS2_PLACEMENT_3D ( 'NONE', #6161, #2967, #4604 ) ;
#6811 = VECTOR ( 'NONE', #989, 1000.000000000000000 ) ;
#6812 = DIRECTION ( 'NONE',  ( 0.000000000000000000, 0.000000000000000000, 1.000000000000000000 ) ) ;
#6813 = DIRECTION ( 'NONE',  ( -0.000000000000000000, -0.2756373558170042704, -0.9612616959383174509 ) ) ;
#6814 = VECTOR ( 'NONE', #6207, 1000.000000000000000 ) ;
#6815 = VECTOR ( 'NONE', #2887, 1000.000000000000000 ) ;
#6816 = DIRECTION ( 'NONE',  ( -1.000000000000000000, 0.000000000000000000, 0.000000000000000000 ) ) ;
#6817 = CARTESIAN_POINT ( 'NONE',  ( -8.449999999999999289, 10.80000000000000071, 35.44999999999961204 ) ) ;
#6818 = VECTOR ( 'NONE', #6683, 1000.000000000000000 ) ;
#6819 = ADVANCED_FACE ( 'NONE', ( #2730 ), #4861, .F. ) ;
#6820 = DIRECTION ( 'NONE',  ( -0.000000000000000000, -0.000000000000000000, -1.000000000000000000 ) ) ;
#6821 = CARTESIAN_POINT ( 'NONE',  ( 52.50374022699593013, 7.500000000000000000, 0.000000000000000000 ) ) ;
#6822 = DIRECTION ( 'NONE',  ( 1.000000000000000000, 0.000000000000000000, 0.000000000000000000 ) ) ;
#6823 = ORIENTED_EDGE ( 'NONE', *, *, #2614, .T. ) ;
#6824 = AXIS2_PLACEMENT_3D ( 'NONE', #2318, #1799, #249 ) ;
#6825 = VERTEX_POINT ( 'NONE', #660 ) ;
#6826 = EDGE_CURVE ( 'NONE', #3193, #1617, #4365, .T. ) ;
#6827 = ORIENTED_EDGE ( 'NONE', *, *, #6330, .T. ) ;
#6828 = ADVANCED_FACE ( 'NONE', ( #2277 ), #3353, .T. ) ;
#6829 = ADVANCED_FACE ( 'NONE', ( #4965 ), #4444, .T. ) ;
#6830 = EDGE_CURVE ( 'NONE', #2190, #1021, #6543, .T. ) ;
#6831 = DIRECTION ( 'NONE',  ( 0.000000000000000000, -0.9612616959383174509, 0.2756373558170039373 ) ) ;
#6832 = VECTOR ( 'NONE', #4933, 1000.000000000000000 ) ;
#6833 = PLANE ( 'NONE',  #198 ) ;
#6834 = CARTESIAN_POINT ( 'NONE',  ( -59.00000000000000000, 10.49999999999999822, 8.000000000000000000 ) ) ;
#6835 = EDGE_CURVE ( 'NONE', #6728, #5640, #4548, .T. ) ;
#6836 = VERTEX_POINT ( 'NONE', #4509 ) ;
#6837 = CARTESIAN_POINT ( 'NONE',  ( 0.000000000000000000, 7.500000000000000000, 34.50374022699553933 ) ) ;
#6838 = PLANE ( 'NONE',  #4715 ) ;
#6839 = ORIENTED_EDGE ( 'NONE', *, *, #5259, .F. ) ;
#6840 = EDGE_LOOP ( 'NONE', ( #1902, #2480, #2287, #4068 ) ) ;
#6841 = VECTOR ( 'NONE', #5895, 1000.000000000000114 ) ;
#6842 = FACE_OUTER_BOUND ( 'NONE', #3737, .T. ) ;
#6843 = CARTESIAN_POINT ( 'NONE',  ( -53.45431025210940845, 7.492826535850560354, 33.05233482180384641 ) ) ;
#6844 = CARTESIAN_POINT ( 'NONE',  ( 60.02027957955104398, 10.49999999999999822, -31.94921176768562177 ) ) ;
ENDSEC;
END-ISO-10303-21;
